episode,env_id,align_success,success,final_distance,min_distance,touchdown_distance,touchdown_rel_vel,landing_time,max_descent_speed,mean_descent_speed,final_vertical_speed,terminal_vertical_relative_speed,terminal_relative_speed,terminal_horizontal_error,terminal_surface_clearance,terminal_pad_vertical_speed,max_horizontal_speed,mean_horizontal_speed,final_horizontal_speed,pad_speed,pad_speed_bucket,crash,terminated,time_out,contact_success,settled_landing,hard_contact,ground_crash,deck_miss,first_contact_seen,first_contact_xy_error_deck_frame,first_contact_normal_rel_speed,first_contact_tangential_rel_speed,first_contact_force,max_contact_force,settle_time,terminal_xy_error,minimum_surface_clearance,maximum_penetration,first_contact_deck_roll,first_contact_deck_pitch,first_contact_deck_tilt,first_contact_deck_angular_speed,first_contact_body_deck_normal_angle,terminal_body_deck_normal_angle,terminal_normal_relative_speed,terminal_tangential_relative_speed,max_contact_impulse,terminal_deck_roll,terminal_deck_pitch,terminal_deck_tilt,terminal_deck_angular_speed,deck_tilt_bucket,deck_angular_speed_bucket,max_deck_position_consistency_error,max_deck_orientation_consistency_error,max_deck_linear_velocity_consistency_error,max_deck_angular_velocity_consistency_error
0,47,True,True,0.09495709091424942,0.08729662746191025,0.08832559734582901,0.17059679329395294,1.0799999237060547,1.8474586009979248,0.9106900691986084,0.007293298374861479,-0.05337054654955864,0.17059679329395294,0.08832559734582901,-0.019802473485469818,0.05911855772137642,0.4673305153846741,0.2646274268627167,0.16203348338603973,0.08881665766239166,0.05-0.10,False,True,False,True,True,False,False,False,True,0.08060449361801147,-0.2845965027809143,0.3096381723880768,0.1349666714668274,0.1349666714668274,0.09999999403953552,0.08832559734582901,-0.019831443205475807,0.019831443205475807,0.03738255053758621,-0.006773864384740591,0.03799106553196907,0.01648045890033245,0.06543316692113876,0.003981816116720438,-0.04821372032165527,0.1636420041322708,0.0013496667379513383,0.03603193163871765,-0.006739974021911621,0.03665731102228165,0.01729157380759716,2-4deg,0.00-0.04,0.0,0.0,0.0,0.0
1,45,True,False,0.12784315645694733,0.12184976041316986,0.0,0.0,1.5999999046325684,1.5502079725265503,0.5417670011520386,-0.09200278669595718,-0.24026340246200562,0.36610764265060425,0.12475147843360901,-0.009067396633327007,0.13869543373584747,0.609999418258667,0.35640430450439453,0.2762396037578583,0.21737076342105865,>=0.15,True,True,False,True,False,False,False,True,True,0.12475147843360901,-0.23756304383277893,0.27856528759002686,0.026255913078784943,0.026255913078784943,0.0,0.12475147843360901,-0.009067396633327007,0.009067396633327007,0.06662637740373611,-0.010090876370668411,0.06738494336605072,0.05021251365542412,0.1618814915418625,0.1618814915418625,-0.23756304383277893,0.27856528759002686,0.0002625591296236962,0.06662637740373611,-0.010090876370668411,0.06738494336605072,0.05021251365542412,2-4deg,0.04-0.08,0.0,0.0,0.0,0.0
2,51,True,False,0.13514643907546997,0.13514643907546997,0.0,0.0,1.5999999046325684,1.619524359703064,0.5057869553565979,-0.25383689999580383,-0.2846483886241913,0.5172348618507385,0.1317860335111618,-0.01616058684885502,0.019800981506705284,0.6449763178825378,0.41677337884902954,0.43186482787132263,0.2101786732673645,>=0.15,True,True,False,True,False,False,False,True,True,0.1317860335111618,-0.28517863154411316,0.4315148890018463,0.17776496708393097,0.17776496708393097,0.0,0.1317860335111618,-0.01616058684885502,0.01616058684885502,0.0036676290910691023,-0.014434553682804108,0.014894716441631317,0.004430960863828659,0.06791926920413971,0.06791926920413971,-0.28517863154411316,0.4315148890018463,0.001777649624273181,0.0036676290910691023,-0.014434553682804108,0.014894716441631317,0.004430960863828659,0-2deg,0.00-0.04,0.0,0.0,0.0,0.0
3,0,True,True,0.11219975352287292,0.11219975352287292,0.10713452845811844,0.06308382749557495,1.6799999475479126,1.6857032775878906,0.60420823097229,-0.06047019362449646,-0.008182071149349213,0.06308382749557495,0.10713452845811844,-0.018330043181777,-0.052690181881189346,0.43317997455596924,0.18001562356948853,0.06255096197128296,0.21368494629859924,>=0.15,False,True,False,True,True,False,False,False,True,0.11300510168075562,-0.2069893628358841,0.36420339345932007,0.35035839676856995,0.35035839676856995,0.7199999690055847,0.10713452845811844,-0.019272521138191223,0.019272521138191223,-0.005608258303254843,0.01309822779148817,0.014248398132622242,0.020845606923103333,0.012774964794516563,0.031159574165940285,-0.00664564361795783,0.06273280084133148,0.003503583837300539,-0.00039095900137908757,0.025483176112174988,0.025485040619969368,0.01705864816904068,0-2deg,0.00-0.04,0.0,0.0,0.0,0.0
4,26,True,True,0.12301090359687805,0.11678023636341095,0.11787451058626175,0.17140080034732819,1.8199999332427979,1.407065510749817,0.3986210227012634,0.0045013828203082085,-0.039560869336128235,0.17140080034732819,0.11787451058626175,-0.0198130551725626,0.041365161538124084,0.4482911229133606,0.27468302845954895,0.16677282750606537,0.16790468990802765,>=0.15,False,True,False,True,True,False,False,False,True,0.10973402857780457,-0.26774731278419495,0.3194217085838318,0.11315605789422989,0.21610237658023834,0.09999999403953552,0.11787451058626175,-0.02000424452126026,0.02000424452126026,-0.04606359452009201,0.044486623257398605,0.06402701139450073,0.03228050842881203,0.09229400753974915,0.002652046736329794,-0.048180896788835526,0.16448961198329926,0.002161023672670126,-0.047060638666152954,0.04676926136016846,0.0663357824087143,0.02998514473438263,2-4deg,0.00-0.04,0.0,0.0,0.0,0.0
5,16,True,True,0.07420935481786728,0.07420935481786728,0.0652225911617279,0.12265236675739288,1.9199999570846558,1.2325403690338135,0.4151870012283325,0.002867740346118808,-0.05425848439335823,0.12265236675739288,0.0652225911617279,-0.019814953207969666,0.05819759517908096,0.6882278323173523,0.3591158390045166,0.10999827086925507,0.1230078935623169,0.10-0.15,False,True,False,True,True,False,False,False,True,0.07455113530158997,-0.13071852922439575,0.32166188955307007,0.1652078777551651,0.1652078777551651,0.11999999731779099,0.0652225911617279,-0.020032810047268867,0.020032810047268867,-0.049584075808525085,-0.0017930506728589535,0.049616724252700806,0.0239405520260334,0.002210787730291486,0.003734635654836893,-0.05428862199187279,0.1099834069609642,0.001652078703045845,-0.0471295602619648,-0.0016980941873043776,0.047159548848867416,0.0251760371029377,2-4deg,0.00-0.04,0.0,0.0,0.0,0.0
6,11,True,True,0.038712162524461746,0.03723619505763054,0.01624862104654312,0.24001313745975494,1.9799998998641968,1.3067511320114136,0.3981105089187622,-0.012797643430531025,-0.14629904925823212,0.24001313745975494,0.01624862104654312,-0.01988653838634491,0.13432824611663818,0.6102668046951294,0.3220500349998474,0.1902705878019333,0.21225780248641968,>=0.15,False,True,False,True,True,False,False,False,True,0.010544495657086372,-0.05918044224381447,0.26217830181121826,0.02638421766459942,0.09809395670890808,0.07999999821186066,0.01624862104654312,-0.01988653838634491,0.01988653838634491,0.013221795670688152,-0.035822246223688126,0.038183603435754776,0.05860058590769768,0.01889241300523281,0.002264067530632019,-0.15290647745132446,0.18500247597694397,0.000980939599685371,0.009775002487003803,-0.03504330664873123,0.03637978062033653,0.05917758867144585,2-4deg,0.04-0.08,0.0,0.0,0.0,0.0
7,21,True,True,0.06857696175575256,0.06857696175575256,0.05897761508822441,0.1200580820441246,2.0399999618530273,1.452120304107666,0.3359837532043457,-0.0059760636650025845,-0.07652042806148529,0.1200580820441246,0.05897761508822441,-0.019933251664042473,0.07060704380273819,0.9771064519882202,0.47183430194854736,0.09251251816749573,0.0899919867515564,0.05-0.10,False,True,False,True,True,False,False,False,True,0.07011246681213379,-0.3743612468242645,0.32223400473594666,0.12227827310562134,0.21775397658348083,0.09999999403953552,0.05897761508822441,-0.019985776394605637,0.019985776394605637,0.000742950476706028,-0.0014065027935430408,0.0015822122804820538,0.0011166855692863464,0.08785782009363174,0.0013810680247843266,-0.07662491500377655,0.09242600947618484,0.002177539747208357,0.000827363517601043,-0.0014294853899627924,0.0016558425268158317,0.0010700373677536845,0-2deg,0.00-0.04,0.0,0.0,0.0,0.0
8,32,True,True,0.0577683262526989,0.0577683262526989,0.045952778309583664,0.09407252073287964,2.180000066757202,1.3768833875656128,0.3539663255214691,0.0045088292099535465,0.0017714546993374825,0.09407252073287964,0.045952778309583664,-0.019994612783193588,0.0014691005926579237,0.8283543586730957,0.4200339615345001,0.09405584633350372,0.09593498706817627,0.05-0.10,False,True,False,True,True,False,False,False,True,0.05087510123848915,-0.19204799830913544,0.3034597635269165,0.04874815791845322,0.6658121943473816,0.09999999403953552,0.045952778309583664,-0.020068597048521042,0.020068597048521042,-0.06106269732117653,-0.027935294434428215,0.06714196503162384,0.05440862849354744,0.03810858353972435,0.0003452669770922512,0.0067324950359761715,0.09383130073547363,0.006658121943473816,-0.060277581214904785,-0.032176338136196136,0.06831857562065125,0.05340411141514778,2-4deg,0.04-0.08,0.0,0.0,0.0,0.0
9,42,True,True,0.03962394595146179,0.03962394595146179,0.01855655014514923,0.1569671779870987,2.180000066757202,1.426583170890808,0.3481752276420593,0.004780604038387537,-0.03809807449579239,0.1569671779870987,0.01855655014514923,-0.019990434870123863,0.04260927811264992,0.9432803988456726,0.47844427824020386,0.1522735357284546,0.15029306709766388,>=0.15,False,True,False,True,True,False,False,False,True,0.02735390141606331,-0.03631265461444855,0.19809496402740479,0.5140714645385742,0.5140714645385742,0.07999999821186066,0.01855655014514923,-0.020145222544670105,0.020145222544670105,0.0012953158002346754,-0.060919225215911865,0.060933150351047516,0.036368418484926224,0.00048828125,0.0,-0.03491508215665817,0.1530347466468811,0.005140714347362518,0.0011343362275511026,-0.05869591236114502,0.0587068647146225,0.0379263311624527,2-4deg,0.00-0.04,0.0,0.0,0.0,0.0
10,50,True,True,0.11955064535140991,0.11955064535140991,0.1144370511174202,0.23644182085990906,2.180000066757202,1.3035447597503662,0.37464362382888794,0.017736921086907387,-0.011118108406662941,0.23644182085990906,0.1144370511174202,-0.0196708794683218,0.02703745663166046,0.9858469367027283,0.4472871422767639,0.23618027567863464,0.09017470479011536,0.05-0.10,False,True,False,True,True,False,False,False,True,0.11572656035423279,-0.006616941187530756,0.26684996485710144,0.021791279315948486,0.030213840305805206,0.05999999865889549,0.1144370511174202,-0.0196708794683218,0.0196708794683218,-0.035195186734199524,-0.038892749696969986,0.05244682729244232,0.05660592392086983,0.010540591552853584,0.006587286479771137,-0.019938839599490166,0.23559962213039398,0.00030213838908821344,-0.0359710231423378,-0.04099767282605171,0.054534897208213806,0.05555327609181404,2-4deg,0.04-0.08,0.0,0.0,0.0,0.0
11,29,True,True,0.10840234905481339,0.10599654167890549,0.1025969386100769,0.1044793352484703,2.2200000286102295,1.6469850540161133,0.46875694394111633,-0.0138583704829216,-0.08204609900712967,0.1044793352484703,0.1025969386100769,-0.020003605633974075,0.06681333482265472,1.149232268333435,0.5168753862380981,0.06468670815229416,0.06671013683080673,0.05-0.10,False,True,False,True,True,False,False,False,True,0.10253304988145828,-0.48449403047561646,0.30680301785469055,0.3571305572986603,0.7346950769424438,0.07999999821186066,0.1025969386100769,-0.020025867968797684,0.020025867968797684,0.024927260354161263,0.04285299405455589,0.049572236835956573,0.02107403241097927,0.08473194390535355,0.0003452669770922512,-0.08201853930950165,0.06472165137529373,0.007346950471401215,0.024908896535634995,0.04408589377999306,0.05063266307115555,0.02002515271306038,2-4deg,0.00-0.04,0.0,0.0,0.0,0.0
12,55,True,True,0.06363654881715775,0.06284009665250778,0.05315006896853447,0.22778867185115814,2.2200000286102295,1.5510106086730957,0.38827934861183167,-0.051470790058374405,-0.0070677101612091064,0.22778867185115814,0.05315006896853447,-0.019927488639950752,-0.042751193046569824,1.2122063636779785,0.5141491293907166,0.22767899930477142,0.10663114488124847,0.10-0.15,False,True,False,True,True,False,False,False,True,0.054767824709415436,-0.2073376476764679,0.24616549909114838,0.09887348115444183,0.20780308544635773,0.11999999731779099,0.05315006896853447,-0.020050734281539917,0.020050734281539917,-0.02978621982038021,0.03916255384683609,0.049197934567928314,0.05645519122481346,0.0812503919005394,0.0015049839857965708,0.004833994898945093,0.22773736715316772,0.002078030724078417,-0.027709605172276497,0.04431471973657608,0.05226002633571625,0.05461562052369118,2-4deg,0.04-0.08,0.0,0.0,0.0,0.0
13,19,True,True,0.12062115222215652,0.11531376093626022,0.11544627696275711,0.20680975914001465,2.259999990463257,1.6645094156265259,0.4144326150417328,-0.028797587379813194,-0.1846911758184433,0.20680975914001465,0.11544627696275711,-0.020005887374281883,0.1523214727640152,1.1624654531478882,0.5099778175354004,0.09305614233016968,0.09287972003221512,0.05-0.10,False,True,False,True,True,False,False,False,True,0.1103561669588089,-0.5863416790962219,0.42063453793525696,0.3774086833000183,0.3774086833000183,0.09999999403953552,0.11544627696275711,-0.020005887374281883,0.020005887374281883,-0.00525289960205555,0.0010224254801869392,0.00534885935485363,0.044210225343704224,0.07567407935857773,0.00048828125,-0.18516303598880768,0.0921136885881424,0.0037740867119282484,-0.008766835555434227,0.0012801700504496694,0.008856648579239845,0.04384376481175423,0-2deg,0.04-0.08,0.0,0.0,0.0,0.0
14,31,True,True,0.07246142625808716,0.0711326077580452,0.06344699114561081,0.1747261881828308,2.2799999713897705,1.3913179636001587,0.3439392149448395,-0.0067084478214383125,-0.04196736961603165,0.1747261881828308,0.06344699114561081,-0.01999911479651928,0.035328034311532974,1.21453058719635,0.5035697817802429,0.16961126029491425,0.11617974191904068,0.10-0.15,False,True,False,True,True,False,False,False,True,0.06242167204618454,-0.18680575489997864,0.38250264525413513,0.031083928421139717,0.059014733880758286,0.1599999964237213,0.06344699114561081,-0.020016249269247055,0.020016249269247055,-0.0012165011139586568,0.007849904708564281,0.007941161282360554,0.019784405827522278,0.11151646077632904,0.0,-0.04015364870429039,0.1700497716665268,0.00059014733415097,-0.0014282999327406287,0.010584333911538124,0.01068102940917015,0.019376106560230255,0-2deg,0.00-0.04,0.0,0.0,0.0,0.0
15,33,True,True,0.03722190484404564,0.03722190484404564,0.011935606598854065,0.2204447090625763,2.299999952316284,1.1315028667449951,0.31200799345970154,-0.00948720145970583,-0.14399927854537964,0.2204447090625763,0.011935606598854065,-0.019782474264502525,0.13463756442070007,0.7822155356407166,0.42557212710380554,0.16691337525844574,0.1862902194261551,>=0.15,False,True,False,True,True,False,False,False,True,0.014545467682182789,-0.12123478204011917,0.2016313672065735,0.07587771117687225,0.07587771117687225,0.05999999865889549,0.011935606598854065,-0.019782474264502525,0.019782474264502525,-0.003180050989612937,-0.007833466865122318,0.00845730397850275,0.01806000992655754,0.006029837764799595,0.004421578254550695,-0.14274555444717407,0.16798684000968933,0.0007587770815007389,-0.0025152182206511497,-0.007544216234236956,0.007956159301102161,0.018189363181591034,0-2deg,0.00-0.04,0.0,0.0,0.0,0.0
16,53,True,True,0.07278077304363251,0.07278077304363251,0.06395047903060913,0.10451088845729828,2.319999933242798,1.5771422386169434,0.4543238580226898,-0.0632723718881607,-0.008089683949947357,0.10451088845729828,0.06395047903060913,-0.01819640025496483,-0.05575712397694588,0.8720250725746155,0.4707157015800476,0.10419732332229614,0.16042177379131317,>=0.15,False,True,False,True,True,False,False,False,True,0.08470980077981949,-0.161458820104599,0.16775180399417877,0.08999580144882202,0.13170433044433594,0.23999999463558197,0.06395047903060913,-0.01819640025496483,0.01819640025496483,0.005294972099363804,0.03036448545753956,0.03082294575870037,0.0038488213904201984,0.13044023513793945,0.03538960963487625,-0.009320191107690334,0.10409446805715561,0.0013170433230698109,0.004880060441792011,0.029301384463906288,0.029704086482524872,0.006522664800286293,0-2deg,0.00-0.04,0.0,0.0,0.0,0.0
17,62,True,True,0.0629342645406723,0.05815441906452179,0.05230830982327461,0.2348649650812149,2.319999933242798,1.125929355621338,0.31808969378471375,-0.0004309506621211767,-0.11861765384674072,0.2348649650812149,0.05230830982327461,-0.020027371123433113,0.11738001555204391,0.9382674694061279,0.378355473279953,0.2027101367712021,0.1960259974002838,>=0.15,False,True,False,True,True,False,False,False,True,0.04934744909405708,-0.30739903450012207,0.3136671185493469,0.03628001734614372,0.27333253622055054,0.11999999731779099,0.05230830982327461,-0.020094212144613266,0.020094212144613266,-0.056912682950496674,0.0008877376676537097,0.0569191612303257,0.024700941517949104,0.08038582652807236,0.0008457279182039201,-0.11939270794391632,0.20225462317466736,0.0027333253528922796,-0.05921078845858574,0.0008199248695746064,0.05921665206551552,0.021258613094687462,2-4deg,0.00-0.04,0.0,0.0,0.0,0.0
18,44,True,True,0.11191557347774506,0.10791341215372086,0.10633908957242966,0.1204383447766304,2.379999876022339,1.6059938669204712,0.4661042392253876,0.00020362062787171453,-0.015817169100046158,0.1204383447766304,0.10633908957242966,-0.019886985421180725,0.01551657635718584,1.2587720155715942,0.6026999950408936,0.1193951889872551,0.12455079704523087,0.10-0.15,False,True,False,True,True,False,False,False,True,0.10467112809419632,-0.4293304979801178,0.3514091968536377,0.2871275842189789,0.6259435415267944,0.09999999403953552,0.10633908957242966,-0.020023806020617485,0.020023806020617485,0.08493509888648987,0.01667620614171028,0.08655273914337158,0.004638417158275843,0.1390243023633957,0.002264067530632019,-0.018016058951616287,0.1190832331776619,0.006259435322135687,0.08501583337783813,0.016323743388056755,0.08656514436006546,0.004732311703264713,4-6deg,0.00-0.04,0.0,0.0,0.0,0.0
19,20,True,False,0.13643328845500946,0.13643328845500946,0.0,0.0,2.3999998569488525,1.5381498336791992,0.48873451352119446,-0.1616431623697281,-0.07665984332561493,0.33796823024749756,0.13340215384960175,-0.016044599935412407,-0.08604208379983902,0.897192656993866,0.4513748586177826,0.3291592299938202,0.2019418179988861,>=0.15,True,True,False,True,False,False,False,True,True,0.13340215384960175,-0.06933832168579102,0.33077895641326904,0.07429110258817673,0.07429110258817673,0.0,0.13340215384960175,-0.016044599935412407,0.016044599935412407,-0.02250600792467594,-0.0049001723527908325,0.023032689467072487,0.018663903698325157,0.07771536707878113,0.07771536707878113,-0.06933832168579102,0.33077895641326904,0.0007429110119119287,-0.02250600792467594,-0.0049001723527908325,0.023032689467072487,0.018663903698325157,0-2deg,0.00-0.04,0.0,0.0,0.0,0.0
20,61,True,True,0.04573400318622589,0.04573400318622589,0.02943764626979828,0.17379030585289001,2.3999998569488525,1.5741026401519775,0.44860363006591797,0.006232388783246279,0.01586219295859337,0.17379030585289001,0.02943764626979828,-0.019997375085949898,-0.010229329578578472,1.0505093336105347,0.5162103772163391,0.17306490242481232,0.2210884541273117,>=0.15,False,True,False,True,True,False,False,False,True,0.045873358845710754,-0.2701340913772583,0.26494720578193665,0.06513741612434387,0.19031590223312378,0.11999999731779099,0.02943764626979828,-0.020055154338479042,0.020055154338479042,-0.009627416729927063,0.003215835662558675,0.01014877948909998,0.027481095865368843,0.1042841449379921,0.0003452669770922512,0.018036162480711937,0.17285186052322388,0.0019031589617952704,-0.01213170401751995,0.0042468709871172905,0.01285404060035944,0.02665068581700325,0-2deg,0.00-0.04,0.0,0.0,0.0,0.0
21,14,True,True,0.04344380274415016,0.04344380274415016,0.025752117857336998,0.13576994836330414,2.440000057220459,1.4234060049057007,0.4134945571422577,-0.009901548735797405,-0.08819488435983658,0.13576994836330414,0.025752117857336998,-0.020010583102703094,0.07842139899730682,1.0316232442855835,0.4510756731033325,0.10322374105453491,0.09758682548999786,0.05-0.10,False,True,False,True,True,False,False,False,True,0.02923148311674595,-0.28451645374298096,0.31195130944252014,0.22633914649486542,0.22633914649486542,0.07999999821186066,0.025752117857336998,-0.02001321315765381,0.02001321315765381,0.01355002075433731,0.03663546219468117,0.039060406386852264,0.018502410501241684,0.04084516316652298,0.0003452669770922512,-0.09167904406785965,0.10014204680919647,0.002263391390442848,0.012432058341801167,0.03650990128517151,0.03856733813881874,0.01900072954595089,2-4deg,0.00-0.04,0.0,0.0,0.0,0.0
22,2,True,True,0.11042563617229462,0.07189060002565384,0.1047312319278717,0.18099206686019897,2.5799999237060547,1.3776582479476929,0.315923273563385,0.00816970132291317,-0.03629302233457565,0.18099206686019897,0.1047312319278717,-0.019990071654319763,0.042570266872644424,0.43590161204338074,0.26444971561431885,0.17731593549251556,0.17336706817150116,>=0.15,False,True,False,True,True,False,False,False,True,0.10152468830347061,-0.09453481435775757,0.11510170996189117,0.02764037251472473,0.21696582436561584,0.07999999821186066,0.1047312319278717,-0.020066915079951286,0.020066915079951286,0.0003166746173519641,0.025346318259835243,0.02534901164472103,0.01819436624646187,0.03544683754444122,0.0,-0.0338175892829895,0.17780466377735138,0.0021696581970900297,0.0003171752905473113,0.0242370143532753,0.024238238111138344,0.01877831295132637,0-2deg,0.00-0.04,0.0,0.0,0.0,0.0
23,22,True,True,0.07274696230888367,0.07181653380393982,0.06378303468227386,0.13478973507881165,2.5799999237060547,1.2321970462799072,0.3320539891719818,-0.005586997140198946,-0.09247799217700958,0.13478973507881165,0.06378303468227386,-0.020001256838440895,0.08762851357460022,1.5509207248687744,0.3606984317302704,0.09806168079376221,0.0995832234621048,0.05-0.10,False,True,False,True,True,False,False,False,True,0.06282437592744827,-0.07195751368999481,0.08568418025970459,0.24933986365795135,0.24933986365795135,0.05999999865889549,0.06378303468227386,-0.020047087222337723,0.020047087222337723,0.01879880577325821,-0.015431893058121204,0.02432171255350113,0.03246935084462166,0.0025135823525488377,0.0005980199784971774,-0.09089389443397522,0.09953176230192184,0.0024933984968811274,0.019994031637907028,-0.014942266047000885,0.024960370734333992,0.03210831806063652,0-2deg,0.00-0.04,0.0,0.0,0.0,0.0
24,54,True,True,0.09501555562019348,0.09180469065904617,0.08834671229124069,0.18365806341171265,2.5799999237060547,1.471109390258789,0.34341394901275635,0.012427277863025665,-0.06361383944749832,0.18365806341171265,0.08834671229124069,-0.020000280812382698,0.08131836354732513,0.6243714690208435,0.2877926826477051,0.1722891926765442,0.16079112887382507,>=0.15,False,True,False,True,True,False,False,False,True,0.08486694097518921,-0.05101226270198822,0.09955240786075592,0.27158334851264954,0.27158334851264954,0.05999999865889549,0.08834671229124069,-0.02000952884554863,0.02000952884554863,0.04352044686675072,-0.009689638391137123,0.0445859357714653,0.060370445251464844,0.0003452669770922512,0.00048828125,-0.05863358825445175,0.1740470826625824,0.0027158334851264954,0.04581364989280701,-0.01036274153739214,0.046970780938863754,0.05911717563867569,2-4deg,0.04-0.08,0.0,0.0,0.0,0.0
25,4,True,False,0.15397842228412628,0.15397842228412628,0.0,0.0,2.740000009536743,1.558532953262329,0.37174007296562195,-0.1172032356262207,-0.26603037118911743,0.6611381769180298,0.15093806385993958,-0.008106913417577744,0.13615253567695618,0.860916793346405,0.5039126873016357,0.6052533388137817,0.19528426229953766,>=0.15,True,True,False,True,False,False,False,True,True,0.15093806385993958,-0.27613699436187744,0.6007096767425537,0.0642569288611412,0.0642569288611412,0.0,0.15093806385993958,-0.008106913417577744,0.008106913417577744,-0.015715986490249634,-0.01862175390124321,0.02436578832566738,0.020198680460453033,0.1674094796180725,0.1674094796180725,-0.27613699436187744,0.6007096767425537,0.0006425692699849606,-0.015715986490249634,-0.01862175390124321,0.02436578832566738,0.020198680460453033,0-2deg,0.00-0.04,0.0,0.0,0.0,0.0
26,34,True,True,0.0415780134499073,0.03946327418088913,0.022431209683418274,0.13431726396083832,2.740000009536743,1.3684024810791016,0.36932915449142456,0.0062684789299964905,0.02450692094862461,0.13431726396083832,0.022431209683418274,-0.019987985491752625,-0.018190689384937286,1.1235231161117554,0.4354003369808197,0.132062628865242,0.12607836723327637,0.10-0.15,False,True,False,True,True,False,False,False,True,0.021970540285110474,-0.16525331139564514,0.1454285830259323,0.08181383460760117,0.8941910862922668,0.09999999403953552,0.022431209683418274,-0.020252572372555733,0.020252572372555733,-0.011494895443320274,-0.07322148978710175,0.07411675900220871,0.02392062358558178,0.1230158731341362,0.0003452669770922512,0.023337049409747124,0.13227437436580658,0.008941910229623318,-0.011638441123068333,-0.07495072484016418,0.075847327709198,0.019441483542323112,4-6deg,0.00-0.04,0.0,0.0,0.0,0.0
27,35,True,False,0.1485229879617691,0.1485229879617691,0.0,0.0,2.740000009536743,1.4373126029968262,0.29625847935676575,-0.17793239653110504,-0.350946307182312,0.5940285325050354,0.1421264410018921,-0.011808392591774464,0.16247272491455078,0.9970846772193909,0.519147515296936,0.479277104139328,0.20117971301078796,>=0.15,True,True,False,True,False,False,False,True,True,0.1421264410018921,-0.3354291021823883,0.49026235938072205,0.07144767791032791,0.07144767791032791,0.0,0.1421264410018921,-0.011808392591774464,0.011808392591774464,0.0035453152377158403,-0.036266691982746124,0.036438725888729095,0.008979246020317078,0.13157543540000916,0.13157543540000916,-0.3354291021823883,0.49026235938072205,0.0007144767441786826,0.0035453152377158403,-0.036266691982746124,0.036438725888729095,0.008979246020317078,2-4deg,0.00-0.04,0.0,0.0,0.0,0.0
28,57,True,True,0.07924216985702515,0.06491047143936157,0.07109051942825317,0.01098714116960764,2.799999952316284,1.427321434020996,0.3435142934322357,0.00385417602956295,-0.008579174987971783,0.01098714116960764,0.07109051942825317,-0.019995851442217827,0.009998408146202564,0.8699679374694824,0.3619987368583679,0.006864038296043873,0.008722599595785141,0.00-0.05,False,True,False,True,True,False,False,False,True,0.07188963890075684,-0.053221073001623154,0.04920659214258194,0.035766009241342545,0.08887745440006256,0.14000000059604645,0.07109051942825317,-0.01999708078801632,0.01999708078801632,-0.024264594539999962,0.05351618677377701,0.05875560641288757,0.03782467916607857,0.053910210728645325,0.0003452669770922512,-0.008310381323099136,0.007187128998339176,0.0008887745207175612,-0.01969764195382595,0.053756337612867355,0.057248249650001526,0.03841520473361015,2-4deg,0.00-0.04,0.0,0.0,0.0,0.0
29,30,True,True,0.038683511316776276,0.038683511316776276,0.0165138840675354,0.19592194259166718,2.859999895095825,1.1619341373443604,0.2671017050743103,-0.013198957778513432,-0.10724592208862305,0.19592194259166718,0.0165138840675354,-0.020008478313684464,0.09458108991384506,0.4626705050468445,0.18812571465969086,0.16396254301071167,0.17094139754772186,>=0.15,False,True,False,True,True,False,False,False,True,0.02342488244175911,-0.06426851451396942,0.16910961270332336,0.2773982286453247,0.2773982286453247,0.05999999865889549,0.0165138840675354,-0.020016483962535858,0.020016483962535858,0.005101116374135017,-0.063834547996521,0.06403819471597672,0.01830439642071724,0.00048828125,0.0006905339541845024,-0.10045908391475677,0.1682063639163971,0.0027739822398871183,0.00581887224689126,-0.06395436078310013,0.06421862542629242,0.018085453659296036,2-4deg,0.00-0.04,0.0,0.0,0.0,0.0
30,36,True,True,0.05524593964219093,0.047674644738435745,0.042769815772771835,0.21724334359169006,2.879999876022339,1.751861572265625,0.41862544417381287,0.001658320426940918,-0.08635172247886658,0.21724334359169006,0.042769815772771835,-0.020001955330371857,0.08677608519792557,2.2305757999420166,0.7527304291725159,0.19934403896331787,0.19729365408420563,>=0.15,False,True,False,True,True,False,False,False,True,0.03229670599102974,-0.22956128418445587,0.18706676363945007,0.10256996005773544,0.22252340614795685,0.07999999821186066,0.042769815772771835,-0.02000374160706997,0.02000374160706997,-0.00011315889423713088,0.009541629813611507,0.0095434058457613,0.0417611226439476,0.0032936385832726955,0.0006905339541845024,-0.08855977654457092,0.1983729600906372,0.0022252339404076338,-0.00010447683598613366,0.012031731195747852,0.012030038051307201,0.04122155159711838,0-2deg,0.04-0.08,0.0,0.0,0.0,0.0
31,25,True,True,0.08888451755046844,0.0744161531329155,0.08176475018262863,0.12812575697898865,2.8999998569488525,1.2263492345809937,0.2564433515071869,-0.003774064825847745,0.017573853954672813,0.12812575697898865,0.08176475018262863,-0.020052865147590637,-0.02128755673766136,0.5082589387893677,0.235441192984581,0.12691479921340942,0.11506246775388718,0.10-0.15,False,True,False,True,True,False,False,False,True,0.07823409885168076,-0.06327743828296661,0.07917076349258423,0.03897051513195038,0.20912998914718628,0.05999999865889549,0.08176475018262863,-0.020052865147590637,0.020052865147590637,-0.008971222676336765,-0.004321688320487738,0.009959063492715359,0.0034330564085394144,0.027676137164235115,0.0011451211757957935,0.018586480990052223,0.12677046656608582,0.002091299742460251,-0.009043500758707523,-0.004432773217558861,0.010072138160467148,0.003196300007402897,0-2deg,0.00-0.04,0.0,0.0,0.0,0.0
32,46,True,True,0.05542522668838501,0.054958947002887726,0.04252663254737854,0.1467154175043106,2.8999998569488525,1.4994210004806519,0.3357849419116974,-0.003281187731772661,-0.09773962944746017,0.1467154175043106,0.04252663254737854,-0.019716467708349228,0.09391523152589798,0.9376514554023743,0.3229523003101349,0.1094183623790741,0.16339696943759918,>=0.15,False,True,False,True,True,False,False,False,True,0.04466667398810387,-0.19143234193325043,0.18068866431713104,0.03492429107427597,0.08030097931623459,0.07999999821186066,0.04252663254737854,-0.019998759031295776,0.019998759031295776,-0.016265181824564934,0.0047158896923065186,0.016935892403125763,0.009631980210542679,0.03225938603281975,0.006214815657585859,-0.09750720113515854,0.10962554812431335,0.0008030097815208137,-0.016647761687636375,0.0051237135194242,0.01741824671626091,0.009006500244140625,0-2deg,0.00-0.04,0.0,0.0,0.0,0.0
33,60,True,True,0.037480518221855164,0.037480518221855164,0.013398000039160252,0.11545665562152863,3.0,1.4263969659805298,0.3057102859020233,0.010348622687160969,-0.04706500098109245,0.11545665562152863,0.013398000039160252,-0.019991405308246613,0.0565762035548687,0.42555001378059387,0.21946385502815247,0.1054282933473587,0.10118064284324646,0.10-0.15,False,True,False,True,True,False,False,False,True,0.02105512097477913,-0.1672033965587616,0.06934810429811478,0.05618300288915634,0.23694226145744324,0.09999999403953552,0.013398000039160252,-0.019991997629404068,0.019991997629404068,0.022666439414024353,0.0018219408812001348,0.02273835986852646,0.0702018290758133,0.006118156015872955,0.0003452669770922512,-0.04449600726366043,0.10653799772262573,0.0023694224655628204,0.023334428668022156,0.007380874827504158,0.024473197758197784,0.06971761584281921,0-2deg,0.04-0.08,0.0,0.0,0.0,0.0
34,41,True,True,0.04538342356681824,0.040978509932756424,0.028713367879390717,0.0771096870303154,3.0199999809265137,1.2169337272644043,0.26647093892097473,-0.06409306824207306,-0.018330033868551254,0.0771096870303154,0.028713367879390717,-0.019691575318574905,-0.04440712183713913,0.6878674030303955,0.3031452000141144,0.07489936053752899,0.11410076171159744,0.10-0.15,False,True,False,True,True,False,False,False,True,0.01952984184026718,-0.07151467353105545,0.013198217377066612,0.0702461302280426,0.0702461302280426,0.09999999403953552,0.028713367879390717,-0.019691575318574905,0.019691575318574905,-0.02989598736166954,-0.015378683805465698,0.03361860290169716,0.024246681481599808,0.01837092824280262,0.006205217447131872,-0.015689626336097717,0.0754966214299202,0.000702461285982281,-0.03176835551857948,-0.014950265176594257,0.03510884940624237,0.023772554472088814,0-2deg,0.00-0.04,0.0,0.0,0.0,0.0
35,37,True,True,0.05876479670405388,0.05442243069410324,0.04719999060034752,0.14502184092998505,3.059999942779541,1.5085426568984985,0.3022986650466919,0.010346869938075542,-0.020152565091848373,0.14502184092998505,0.04719999060034752,-0.01998918503522873,0.030631979927420616,1.8421121835708618,0.6398412585258484,0.14361479878425598,0.14568471908569336,0.10-0.15,False,True,False,True,True,False,False,False,True,0.04206952452659607,-0.13808569312095642,0.16860753297805786,0.03198297694325447,0.29016223549842834,0.07999999821186066,0.04719999060034752,-0.019998813048005104,0.019998813048005104,-0.011988801881670952,0.013692768290638924,0.018198147416114807,0.0010045532835647464,0.02560172788798809,0.0003452669770922512,-0.019647730514407158,0.1436847299337387,0.002901622327044606,-0.012027625925838947,0.01370980218052864,0.018237410113215446,0.0004176191578153521,0-2deg,0.00-0.04,0.0,0.0,0.0,0.0
36,1,True,True,0.0752406120300293,0.0752406120300293,0.06602387130260468,0.16469137370586395,3.0999999046325684,1.2371786832809448,0.22830982506275177,0.013567828573286533,-0.14000773429870605,0.16469137370586395,0.06602387130260468,-0.019521236419677734,0.15662164986133575,0.8612534999847412,0.4343307912349701,0.0867241844534874,0.10859107971191406,0.10-0.15,False,True,False,True,True,False,False,False,True,0.07447812706232071,-0.30331510305404663,0.3719145655632019,0.050670076161623,0.05565246194601059,0.09999999403953552,0.06602387130260468,-0.019704759120941162,0.019704759120941162,0.06165413185954094,-0.03942582756280899,0.07316894084215164,0.06150570884346962,0.0558391772210598,0.00955588836222887,-0.1346445530653,0.09483719617128372,0.0005565246101468801,0.058250792324543,-0.03571910411119461,0.06831945478916168,0.06427089869976044,4-6deg,0.04-0.08,0.0,0.0,0.0,0.0
37,6,True,True,0.05184167996048927,0.0502510741353035,0.03823752701282501,0.21288563311100006,3.0999999046325684,1.4262586832046509,0.31199201941490173,-0.011688617058098316,-0.13105253875255585,0.21288563311100006,0.03823752701282501,-0.020022304728627205,0.12221569567918777,1.006127953529358,0.3719615042209625,0.1677662879228592,0.1646626740694046,>=0.15,False,True,False,True,True,False,False,False,True,0.03480635583400726,-0.3488192558288574,0.22349490225315094,0.04257529601454735,0.2514260709285736,0.07999999821186066,0.03823752701282501,-0.020024655386805534,0.020024655386805534,0.017275912687182426,-0.026084886863827705,0.03128558769822121,0.06170462444424629,0.014109671115875244,0.0007720404537394643,-0.1260405033826828,0.17156364023685455,0.0025142605882138014,0.020439423620700836,-0.027952484786510468,0.034626688808202744,0.06073328107595444,0-2deg,0.04-0.08,0.0,0.0,0.0,0.0
38,10,True,True,0.0496368445456028,0.0496368445456028,0.03520970419049263,0.20179839432239532,3.0999999046325684,1.3239336013793945,0.2988143861293793,-0.0710792988538742,0.012961134314537048,0.20179839432239532,0.03520970419049263,-0.02002982795238495,-0.08625022321939468,0.8035109639167786,0.4521760940551758,0.20138172805309296,0.2187911719083786,>=0.15,False,True,False,True,True,False,False,False,True,0.06933381408452988,-0.06533831357955933,0.29663464426994324,0.06288715451955795,0.7680858373641968,0.25999999046325684,0.03520970419049263,-0.020102644339203835,0.020102644339203835,0.006407671608030796,-0.05652451142668724,0.05688667297363281,0.004045834764838219,0.09844143688678741,0.0005980199784971774,0.006446415558457375,0.20169541239738464,0.007680858019739389,0.006644228473305702,-0.054545845836400986,0.05494886264204979,0.012688148766756058,2-4deg,0.00-0.04,0.0,0.0,0.0,0.0
39,42,True,True,0.06011302396655083,0.06011302396655083,0.04886925220489502,0.12620028853416443,0.9199999570846558,1.2562748193740845,0.5645724534988403,0.0031602373346686363,0.015061098150908947,0.12620028853416443,0.04886925220489502,-0.01999714970588684,-0.010533949360251427,0.5492725968360901,0.26399150490760803,0.12529835104942322,0.07196652889251709,0.05-0.10,False,True,False,True,True,False,False,False,True,0.06584341078996658,-0.255831778049469,0.4969767928123474,0.07577867060899734,0.5812128782272339,0.11999999731779099,0.04886925220489502,-0.02009156346321106,0.02009156346321106,0.007989708334207535,-0.020700013265013695,0.0221890639513731,0.038004301488399506,0.09583752602338791,0.0,0.01650497131049633,0.12511633336544037,0.0058121285401284695,0.004233531653881073,-0.02001587674021721,0.020458701997995377,0.038338467478752136,0-2deg,0.00-0.04,0.0,0.0,0.0,0.0
40,48,True,True,0.035327453166246414,0.035327453166246414,0.004736974369734526,0.19098807871341705,3.1999998092651367,1.3895325660705566,0.3074125349521637,0.006417079828679562,-0.0391998291015625,0.19098807871341705,0.004736974369734526,-0.01999087445437908,0.045400358736515045,0.38960736989974976,0.20345929265022278,0.18692196905612946,0.1853196769952774,>=0.15,False,True,False,True,True,False,False,False,True,0.011461442336440086,0.006153533235192299,0.160681813955307,0.021587904542684555,0.21352939307689667,0.05999999865889549,0.004736974369734526,-0.01999087445437908,0.01999087445437908,-0.024099480360746384,-0.013828286901116371,0.027783624827861786,0.07321745157241821,0.0062530613504350185,0.0003452669770922512,-0.043624699115753174,0.18593905866146088,0.0021352937910705805,-0.022180883213877678,-0.01604669727385044,0.027375105768442154,0.07342083007097244,0-2deg,0.04-0.08,0.0,0.0,0.0,0.0
41,52,True,True,0.07707901298999786,0.07355093210935593,0.06812199205160141,0.22044436633586884,3.1999998092651367,1.2242045402526855,0.26087823510169983,0.016366073861718178,-0.1326931118965149,0.22044436633586884,0.06812199205160141,-0.019457291811704636,0.14768555760383606,1.5153436660766602,0.6013911962509155,0.1760348230600357,0.2377633899450302,>=0.15,False,True,False,True,True,False,False,False,True,0.06401476263999939,-0.35178932547569275,0.27219629287719727,0.136470228433609,0.136470228433609,0.07999999821186066,0.06812199205160141,-0.019724855199456215,0.019724855199456215,0.021141286939382553,0.008004136383533478,0.022604264318943024,0.024556856602430344,0.025367818772792816,0.010891024954617023,-0.12880226969718933,0.17890135943889618,0.0013647022424265742,0.021099476143717766,0.006523060612380505,0.02208404429256916,0.02482462301850319,0-2deg,0.00-0.04,0.0,0.0,0.0,0.0
42,28,True,True,0.05295594036579132,0.044955410063266754,0.03973004221916199,0.19114360213279724,3.2200000286102295,1.2594823837280273,0.2719499170780182,0.005747053772211075,-0.012433135882019997,0.19114360213279724,0.03973004221916199,-0.019988389685750008,0.017695777118206024,0.868765652179718,0.39812299609184265,0.19073879718780518,0.18671874701976776,>=0.15,False,True,False,True,True,False,False,False,True,0.03237321600317955,-0.017521126195788383,0.15226536989212036,0.1485539823770523,0.17185409367084503,0.05999999865889549,0.03973004221916199,-0.020046843215823174,0.020046843215823174,-0.0023476004134863615,0.043057069182395935,0.043121643364429474,0.012960954569280148,0.00048828125,0.0,-0.01267270091921091,0.19072303175926208,0.001718540908768773,-0.0026890295557677746,0.043434418737888336,0.043518032878637314,0.012483770027756691,2-4deg,0.00-0.04,0.0,0.0,0.0,0.0
43,24,True,True,0.04396066814661026,0.04396066814661026,0.026591027155518532,0.17263208329677582,3.240000009536743,1.0071961879730225,0.17192472517490387,0.003122413530945778,0.01684354618191719,0.17263208329677582,0.026591027155518532,-0.019993480294942856,-0.01337549090385437,1.4599553346633911,0.5110361576080322,0.1718084216117859,0.1715082824230194,>=0.15,False,True,False,True,True,False,False,False,True,0.03985016047954559,-0.10402298718690872,0.16267476975917816,0.0262597668915987,0.2835544943809509,0.09999999403953552,0.026591027155518532,-0.02011156640946865,0.02011156640946865,-0.001837168587371707,0.017159463837742805,0.017256656661629677,0.058819230645895004,0.041053369641304016,0.0,0.01393368560820818,0.17206884920597076,0.002835544990375638,0.0004564118280541152,0.021217262372374535,0.02122238464653492,0.057661984115839005,0-2deg,0.04-0.08,0.0,0.0,0.0,0.0
44,49,True,True,0.09284213185310364,0.0825519785284996,0.08598262071609497,0.24380068480968475,3.259999990463257,1.2296298742294312,0.3315303325653076,0.008918607607483864,-0.08679839223623276,0.24380068480968475,0.08598262071609497,-0.020016377791762352,0.09584787487983704,1.6660892963409424,0.6732320785522461,0.2278262823820114,0.2323950231075287,>=0.15,False,True,False,True,True,False,False,False,True,0.07387209683656693,-0.2630363404750824,0.15283264219760895,0.055299535393714905,0.5972151756286621,0.07999999821186066,0.08598262071609497,-0.020056908950209618,0.020056908950209618,-0.03109118901193142,-0.003692842088639736,0.03131034970283508,0.03902744874358177,0.054696496576070786,0.0012918708380311728,-0.08892633765935898,0.22700417041778564,0.005972151644527912,-0.02873249165713787,-0.0036078013945370913,0.028958190232515335,0.03963878005743027,0-2deg,0.00-0.04,0.0,0.0,0.0,0.0
45,58,True,True,0.06261233985424042,0.05901193246245384,0.05193273723125458,0.18664522469043732,3.379999876022339,1.3582626581192017,0.23018476366996765,-0.018200727179646492,-0.09865019470453262,0.18664522469043732,0.05193273723125458,-0.020008893683552742,0.0817776545882225,0.4079955518245697,0.2012307047843933,0.15844425559043884,0.15517698228359222,>=0.15,False,True,False,True,True,False,False,False,True,0.10498026758432388,-0.19926656782627106,0.029709942638874054,0.669520378112793,0.669520378112793,2.5,0.05193273723125458,-0.020147591829299927,0.020147591829299927,0.04718393087387085,-0.020189568400382996,0.05131932348012924,0.05800887569785118,0.008863376453518867,0.0003452669770922512,-0.10598628222942352,0.15363383293151855,0.006695203483104706,0.024544281885027885,0.04145166650414467,0.0481690913438797,0.059375736862421036,2-4deg,0.04-0.08,0.0,0.0,0.0,0.0
46,17,True,True,0.06085186079144478,0.057267919182777405,0.049776699393987656,0.1985078603029251,3.43999981880188,1.2223751544952393,0.2585401237010956,-0.001344322576187551,-0.03007926046848297,0.1985078603029251,0.049776699393987656,-0.019946955144405365,0.02962738461792469,1.1377031803131104,0.3801068067550659,0.19621571898460388,0.2293134331703186,>=0.15,False,True,False,True,True,False,False,False,True,0.045381784439086914,0.008150176145136356,0.16229665279388428,0.4752883315086365,0.4752883315086365,0.05999999865889549,0.049776699393987656,-0.020069729536771774,0.020069729536771774,-0.003640576032921672,-0.009158586151897907,0.009856793098151684,0.019308404996991158,0.0003452669770922512,0.0009765625,-0.031211206689476967,0.1960388422012329,0.004752883221954107,-0.0029895163606852293,-0.008738179691135883,0.0092322938144207,0.019440125674009323,0-2deg,0.00-0.04,0.0,0.0,0.0,0.0
47,56,True,True,0.10256598889827728,0.0744791105389595,0.09642530232667923,0.08890211582183838,3.4800000190734863,1.3114415407180786,0.2767665982246399,-0.01937711238861084,-0.013285532593727112,0.08890211582183838,0.09642530232667923,-0.01976207084953785,-0.006904081907123327,0.5137145519256592,0.2611415684223175,0.08790381252765656,0.10919088125228882,0.10-0.15,False,True,False,True,True,False,False,False,True,0.0925244688987732,-0.052651889622211456,0.04937262833118439,0.045530419796705246,0.05808967724442482,0.07999999821186066,0.09642530232667923,-0.01976207084953785,0.01976207084953785,-0.022502347826957703,-0.0009296074858866632,0.022522367537021637,0.013520828448235989,0.032329536974430084,0.004721459001302719,-0.011484279297292233,0.08815722912549973,0.0005808967398479581,-0.021673060953617096,-0.0007836693548597395,0.021686380729079247,0.014540706761181355,0-2deg,0.00-0.04,0.0,0.0,0.0,0.0
48,11,True,True,0.06332280486822128,0.06332280486822128,0.052767347544431686,0.08263382315635681,1.5999999046325684,1.4206935167312622,0.39353540539741516,0.0039000255055725574,0.03318065404891968,0.08263382315635681,0.052767347544431686,-0.020025061443448067,-0.027276702225208282,0.7664257287979126,0.33837664127349854,0.07567954063415527,0.1847766935825348,>=0.15,False,True,False,True,True,False,False,False,True,0.059666406363248825,-0.24325008690357208,0.299452006816864,0.10227882117033005,0.3320249021053314,0.07999999821186066,0.052767347544431686,-0.02018170803785324,0.02018170803785324,-0.008983555249869823,-0.005106443539261818,0.010335011407732964,0.03941355273127556,0.045144107192754745,0.0006905339541845024,0.03233786299824715,0.07604348659515381,0.00332024903036654,-0.010586889460682869,-0.003374858293682337,0.011113149113953114,0.03924010694026947,0-2deg,0.00-0.04,0.0,0.0,0.0,0.0
49,8,True,True,0.03863540291786194,0.03863540291786194,0.016338400542736053,0.17316067218780518,3.6399998664855957,1.113301157951355,0.21173174679279327,0.01067911833524704,0.05216158181428909,0.17316067218780518,0.016338400542736053,-0.019990039989352226,-0.041713569313287735,0.599274754524231,0.23795783519744873,0.16511750221252441,0.15477462112903595,>=0.15,False,True,False,True,True,False,False,False,True,0.017973922193050385,-0.094440758228302,0.07035066187381744,0.0366755835711956,0.31928375363349915,0.09999999403953552,0.016338400542736053,-0.020013146102428436,0.020013146102428436,0.014342691749334335,-0.011457382701337337,0.01835794374346733,0.038025885820388794,0.029633762314915657,0.0003452669770922512,0.04916269704699516,0.16603510081768036,0.0031928373500704765,0.01736263744533062,-0.011434715241193771,0.020788198336958885,0.03745828568935394,0-2deg,0.00-0.04,0.0,0.0,0.0,0.0
50,59,True,True,0.0566369853913784,0.04906122013926506,0.044523533433675766,0.10481814295053482,3.6399998664855957,1.366695523262024,0.26044532656669617,0.008419441990554333,0.043811146169900894,0.10481814295053482,0.044523533433675766,-0.019984183833003044,-0.03410746902227402,0.9374362230300903,0.39383357763290405,0.09522303193807602,0.09198208153247833,0.05-0.10,False,True,False,True,True,False,False,False,True,0.04334124177694321,-0.03099231608211994,0.011531406082212925,0.029955847188830376,0.28641220927238464,0.14000000059604645,0.044523533433675766,-0.020018748939037323,0.020018748939037323,-0.04576089605689049,0.021770963445305824,0.05067268759012222,0.042367223650217056,0.06634566932916641,0.0003452669770922512,0.03943532332777977,0.09711693972349167,0.002864121925085783,-0.04186052456498146,0.018247172236442566,0.045662835240364075,0.04519553855061531,2-4deg,0.04-0.08,0.0,0.0006905339541845024,0.0,0.0
51,40,True,True,0.039649203419685364,0.039649203419685364,0.018051879480481148,0.1299872100353241,3.819999933242798,1.2742840051651,0.25607988238334656,-0.04283773526549339,0.006212655454874039,0.1299872100353241,0.018051879480481148,-0.019734591245651245,-0.048732221126556396,1.2172571420669556,0.3676270842552185,0.12983867526054382,0.15576820075511932,>=0.15,False,True,False,True,True,False,False,False,True,0.0217466838657856,0.0526859275996685,0.09930754452943802,0.3861291706562042,0.39938247203826904,0.07999999821186066,0.018051879480481148,-0.020097242668271065,0.020097242668271065,-0.010735471732914448,0.02936999313533306,0.0312703400850296,0.016656553372740746,0.0012918708380311728,0.005673322826623917,0.009487862698733807,0.12964048981666565,0.00399382458999753,-0.009773415513336658,0.02964349091053009,0.031213097274303436,0.016685381531715393,0-2deg,0.00-0.04,0.0,0.0,0.0,0.0
52,38,True,True,0.04009724408388138,0.04009724408388138,0.019615625962615013,0.22126129269599915,3.8399999141693115,1.3713880777359009,0.24434854090213776,0.0017798428889364004,-0.09267482161521912,0.22126129269599915,0.019615625962615013,-0.020023372024297714,0.09362770617008209,0.6073503494262695,0.3106299936771393,0.20091773569583893,0.20078834891319275,>=0.15,False,True,False,True,True,False,False,False,True,0.024888617917895317,-0.08662491291761398,0.18447421491146088,0.22855313122272491,0.22855313122272491,0.05999999865889549,0.019615625962615013,-0.020023372024297714,0.020023372024297714,0.047712501138448715,-0.005043609533458948,0.047978077083826065,0.012848063372075558,0.0,0.0008457279182039201,-0.0947885811328888,0.19992919266223907,0.0022855312563478947,0.048087168484926224,-0.0047007049433887005,0.04831617698073387,0.012549587525427341,2-4deg,0.00-0.04,0.0,0.0,0.0,0.0
53,26,True,True,0.0721878856420517,0.0721878856420517,0.06307297199964523,0.15215349197387695,2.0399999618530273,1.5415209531784058,0.5084763169288635,-0.027425674721598625,-0.15097376704216003,0.15215349197387695,0.06307297199964523,-0.01994839496910572,0.1272890269756317,0.43021562695503235,0.2610457241535187,0.018910540267825127,0.029598871245980263,0.00-0.05,False,True,False,True,True,False,False,False,True,0.06516715884208679,-0.09235131740570068,0.12599040567874908,0.3083926737308502,0.3083926737308502,0.07999999821186066,0.06307297199964523,-0.02001589722931385,0.02001589722931385,-0.021076777949929237,0.004714762791991234,0.021598242223262787,0.08289526402950287,0.0013810680247843266,0.001091830083169043,-0.1505439132452011,0.022073011845350266,0.0030839266255497932,-0.0196665171533823,0.009477435611188412,0.02183157578110695,0.08263449370861053,0-2deg,0.08-0.12,0.0,0.0,0.0,0.0
54,5,True,True,0.05674108862876892,0.04638108238577843,0.044646378606557846,0.23261937499046326,4.079999923706055,1.1544311046600342,0.20993494987487793,0.022163400426506996,0.1058151125907898,0.23261937499046326,0.044646378606557846,-0.02004292607307434,-0.08237442374229431,0.4354875087738037,0.18644660711288452,0.20715920627117157,0.17904740571975708,>=0.15,False,True,False,True,True,False,False,False,True,0.031490493565797806,-0.0533432736992836,0.08043841272592545,0.03461214900016785,0.7445491552352905,0.1599999964237213,0.044646378606557846,-0.02004292607307434,0.02004292607307434,0.0027549604419618845,0.034293532371520996,0.03440387174487114,0.007366281934082508,0.030654218047857285,0.0013372133253142238,0.09892423450946808,0.21053685247898102,0.007445491384714842,0.001972113735973835,0.03348280489444733,0.03354048728942871,0.008745545521378517,0-2deg,0.00-0.04,0.0,0.0,0.0,0.0
55,6,True,False,0.14876368641853333,0.14876368641853333,0.0,0.0,1.0,1.4703173637390137,0.8620041012763977,-0.050847310572862625,-0.09457650780677795,0.11068751662969589,0.14462238550186157,-0.02039651945233345,0.04139592498540878,0.5296607613563538,0.3412152826786041,0.05750662088394165,0.184773251414299,>=0.15,True,True,False,True,False,False,False,True,True,0.14462238550186157,-0.09399852901697159,0.05844659358263016,1.4993895292282104,1.4993895292282104,0.0,0.14462238550186157,-0.02039651945233345,0.02039651945233345,0.0034809999633580446,0.011043011210858822,0.011580671183764935,0.006998460739850998,0.005609931889921427,0.005609931889921427,-0.09399852901697159,0.05844659358263016,0.014993894845247269,0.0034809999633580446,0.011043011210858822,0.011580671183764935,0.006998460739850998,0-2deg,0.00-0.04,0.0,0.0,0.0,0.0
56,7,True,True,0.041714854538440704,0.041714854538440704,0.022683368995785713,0.0455254502594471,4.099999904632568,1.2031618356704712,0.25093114376068115,0.0030712091829627752,0.0031214680057018995,0.0455254502594471,0.022683368995785713,-0.019994141533970833,0.00021566484065260738,1.3543826341629028,0.4608834385871887,0.04541831091046333,0.14366751909255981,0.10-0.15,False,True,False,True,True,False,False,False,True,0.03312027454376221,-0.18084688484668732,0.31914329528808594,0.06956622004508972,0.17133615911006927,0.09999999403953552,0.022683368995785713,-0.020130662247538567,0.020130662247538567,-0.01369289681315422,0.06090175732970238,0.062420424073934555,0.040355101227760315,0.09248847514390945,0.0,0.002145059173926711,0.045474886894226074,0.0017133615911006927,-0.010534709319472313,0.060031089931726456,0.06094685569405556,0.041528455913066864,2-4deg,0.04-0.08,0.0,0.0,0.0,0.0
57,13,True,False,0.23128923773765564,0.06334463506937027,0.0,0.0,4.099999904632568,1.2145437002182007,0.17333100736141205,0.06701108813285828,-0.030548758804798126,0.15961988270282745,0.2294299453496933,-0.017664533108472824,0.10168611258268356,0.5290158987045288,0.22887983918190002,0.15666933357715607,0.22796058654785156,>=0.15,True,True,False,True,False,False,False,True,True,0.08111176639795303,-0.015297218225896358,0.06739819794893265,0.05079862102866173,0.08143924921751022,0.0,0.2294299453496933,-0.019082283601164818,0.019082283601164818,-0.004673718474805355,-0.007603368256241083,0.008923695422708988,0.019703354686498642,0.02287166751921177,0.04282612353563309,-0.027217542752623558,0.1572822779417038,0.000814392464235425,-0.021143289282917976,-0.017460791394114494,0.02742079645395279,0.011971352621912956,0-2deg,0.00-0.04,0.0,0.0,0.0,0.0
58,21,True,True,0.049486108124256134,0.049486108124256134,0.0350082591176033,0.23055370151996613,2.059999942779541,1.2691247463226318,0.37295812368392944,-0.022915486246347427,-0.204816997051239,0.23055370151996613,0.0350082591176033,-0.020011093467473984,0.18172673881053925,0.7701992988586426,0.39900532364845276,0.10585372149944305,0.10209546238183975,0.10-0.15,False,True,False,True,True,False,False,False,True,0.0399593859910965,-0.13788139820098877,0.18192359805107117,0.020422641187906265,0.06840336322784424,0.05999999865889549,0.0350082591176033,-0.020011093467473984,0.020011093467473984,0.0008997871773317456,0.014844436198472977,0.014870686456561089,0.017311803996562958,0.00733236875385046,0.001035800902172923,-0.20514535903930664,0.10521598160266876,0.0006840336136519909,0.00039669961552135646,0.015313957817852497,0.015320825390517712,0.017094504088163376,0-2deg,0.00-0.04,0.0,0.0,0.0,0.0
59,12,True,True,0.05082622915506363,0.05001935735344887,0.03685563802719116,0.11225731670856476,4.119999885559082,1.2037683725357056,0.21073508262634277,-0.039006609469652176,0.008506003767251968,0.11225731670856476,0.03685563802719116,-0.01999804563820362,-0.050399161875247955,1.055645227432251,0.34488794207572937,0.111934594810009,0.15411216020584106,>=0.15,False,True,False,True,True,False,False,False,True,0.036602091044187546,-0.06249153986573219,0.07134395837783813,0.04629787802696228,0.2011817842721939,0.11999999731779099,0.03685563802719116,-0.020063035190105438,0.020063035190105438,-0.04035671427845955,0.04546415060758591,0.06078223139047623,0.04973183572292328,0.027311882004141808,0.0,0.00334513233974576,0.11220747232437134,0.002011817879974842,-0.041041869670152664,0.050241727381944656,0.06486368179321289,0.04675665125250816,2-4deg,0.04-0.08,0.0,0.0,0.0,0.0
60,43,True,True,0.10613000392913818,0.09043468534946442,0.10015592724084854,0.2651336193084717,4.119999885559082,1.117703914642334,0.22953958809375763,-0.005905597936362028,-0.11623629182577133,0.2651336193084717,0.10015592724084854,-0.01974939927458763,0.11088141053915024,1.4524517059326172,0.5102182626724243,0.23829597234725952,0.23998670279979706,>=0.15,False,True,False,True,True,False,False,False,True,0.08329389244318008,-0.2848089933395386,0.18539348244667053,0.14111560583114624,0.19253386557102203,0.17999999225139618,0.10015592724084854,-0.019817937165498734,0.019817937165498734,0.0608198381960392,-0.004000261891633272,0.06095076724886894,0.01009901612997055,0.002970099914819002,0.004955518525093794,-0.1082993745803833,0.24200639128684998,0.0019253386417403817,0.058877695351839066,-0.003281832905486226,0.05896938964724541,0.01582346297800541,2-4deg,0.00-0.04,0.0,0.0,0.0,0.0
61,63,True,True,0.0633399710059166,0.0633399710059166,0.052786026149988174,0.03926398605108261,4.119999885559082,1.11062753200531,0.18520186841487885,0.004136261064559221,-0.009197818115353584,0.03926398605108261,0.052786026149988174,-0.01999257691204548,0.01583981327712536,0.4721415042877197,0.21350044012069702,0.03817146643996239,0.0352652370929718,0.00-0.05,False,True,False,True,True,False,False,False,True,0.05648700147867203,-0.11527698487043381,0.16528207063674927,0.04756909981369972,0.14576272666454315,0.09999999403953552,0.052786026149988174,-0.01999375969171524,0.01999375969171524,-0.04078470170497894,0.016946008428931236,0.044162679463624954,0.0500824972987175,0.03721257299184799,0.0,-0.009439408779144287,0.038112442940473557,0.0014576272806152701,-0.040176257491111755,0.020881444215774536,0.04527599364519119,0.049454692751169205,2-4deg,0.04-0.08,0.0,0.0,0.0,0.0
62,51,True,True,0.07179219275712967,0.07179219275712967,0.06218235194683075,0.15344679355621338,2.559999942779541,1.0781199932098389,0.25901222229003906,0.014301317743957043,-0.10895565897226334,0.15344679355621338,0.06218235194683075,-0.019549744203686714,0.12135329842567444,1.0016522407531738,0.48826923966407776,0.10804898291826248,0.14733737707138062,0.10-0.15,False,True,False,True,True,False,False,False,True,0.066701240837574,-0.10468993335962296,0.1916738748550415,0.08240334689617157,0.08240334689617157,0.05999999865889549,0.06218235194683075,-0.01964026875793934,0.01964026875793934,0.005605590529739857,-0.05920237675309181,0.059466902166604996,0.027533676475286484,0.007299779914319515,0.009069452062249184,-0.10233118385076523,0.11434268206357956,0.0008240334573201835,0.0054686893709003925,-0.06028297170996666,0.060530513525009155,0.026926448568701744,2-4deg,0.00-0.04,0.0,0.0,0.0,0.0
63,33,True,True,0.09657818078994751,0.08952799439430237,0.09001372009515762,0.23611588776111603,1.8799999952316284,1.4280160665512085,0.4073600471019745,-0.03173203766345978,-0.17356020212173462,0.23611588776111603,0.09001372009515762,-0.02000248432159424,0.13991910219192505,0.4326018691062927,0.2690739333629608,0.16008611023426056,0.159957617521286,>=0.15,False,True,False,True,True,False,False,False,True,0.08437719941139221,-0.19136254489421844,0.14645154774188995,0.0425216406583786,0.12869061529636383,0.11999999731779099,0.09001372009515762,-0.02000749111175537,0.02000749111175537,0.05679922550916672,0.02062845043838024,0.06042499840259552,0.015146932564675808,0.12874242663383484,0.0003452669770922512,-0.16448207199573517,0.16940000653266907,0.0012869060738012195,0.05550307035446167,0.019560299813747406,0.058845873922109604,0.01849558763206005,2-4deg,0.00-0.04,0.0,0.0,0.0,0.0
64,19,True,True,0.04591295123100281,0.04152188077569008,0.029764169827103615,0.23013947904109955,2.0199999809265137,1.4478484392166138,0.44699087738990784,-0.0032933256588876247,-0.12362512946128845,0.23013947904109955,0.029764169827103615,-0.020032068714499474,0.12025511264801025,0.42440131306648254,0.28034234046936035,0.19411596655845642,0.1860208809375763,>=0.15,False,True,False,True,True,False,False,False,True,0.021182667464017868,-0.2661024332046509,0.18467378616333008,0.09825513511896133,0.23375850915908813,0.07999999821186066,0.029764169827103615,-0.02003517374396324,0.02003517374396324,-0.006348057184368372,-0.0006118991877883673,0.0063757747411727905,0.025172943249344826,0.01570126973092556,0.0008457279182039201,-0.12414003908634186,0.19378706812858582,0.0023375849705189466,-0.00753746135160327,0.0003137720632366836,0.007540762424468994,0.025059375911951065,0-2deg,0.00-0.04,0.0,0.0,0.0,0.0
65,18,True,True,0.05360548943281174,0.05360548943281174,0.0400303415954113,0.11884362995624542,4.319999694824219,1.718583583831787,0.29976794123649597,0.0009582741186022758,-0.10738473385572433,0.11884362995624542,0.0400303415954113,-0.019627757370471954,0.10891508311033249,2.2724294662475586,0.5331884026527405,0.05091489851474762,0.19910801947116852,>=0.15,False,True,False,True,True,False,False,False,True,0.0408959724009037,-0.10634948313236237,0.06804043799638748,0.038390204310417175,0.05988570675253868,0.05999999865889549,0.0400303415954113,-0.019866744056344032,0.019866744056344032,0.01003406010568142,0.051583290100097656,0.052549056708812714,0.0464262031018734,0.006039714906364679,0.007453307043761015,-0.10790233314037323,0.04980859160423279,0.0005988570628687739,0.009851439855992794,0.04970740154385567,0.05067386478185654,0.04780160263180733,2-4deg,0.04-0.08,0.0,0.0,0.0,0.0
66,23,True,True,0.06959448009729385,0.05732959136366844,0.06012650951743126,0.18358121812343597,4.460000038146973,1.1972427368164062,0.19436557590961456,-0.015309457667171955,0.05101833492517471,0.18358121812343597,0.06012650951743126,-0.020044943317770958,-0.06516146659851074,0.8417413234710693,0.2783403992652893,0.17634962499141693,0.18055696785449982,>=0.15,False,True,False,True,True,False,False,False,True,0.05476509779691696,-0.0528482161462307,0.0688762292265892,0.04121071845293045,0.598847508430481,0.11999999731779099,0.06012650951743126,-0.02014603279531002,0.02014603279531002,-0.03538862243294716,-0.05750897154211998,0.06751494109630585,0.030193954706192017,0.08644096553325653,0.00172633514739573,0.048334017395973206,0.1771041750907898,0.005988474935293198,-0.03444167226552963,-0.06023792549967766,0.06937906891107559,0.02759453095495701,2-4deg,0.00-0.04,0.0,0.0,0.0,0.0
67,47,True,True,0.03665905445814133,0.03628096729516983,0.010887262411415577,0.24668483436107635,3.419999837875366,1.2390997409820557,0.2441255897283554,0.007304738275706768,-0.02411060407757759,0.24668483436107635,0.010887262411415577,-0.019996102899312973,0.031065531075000763,0.8636142611503601,0.33469828963279724,0.2455037385225296,0.24303247034549713,>=0.15,False,True,False,True,True,False,False,False,True,0.014342005364596844,-0.16945841908454895,0.15874440968036652,0.028525594621896744,0.14208710193634033,0.09999999403953552,0.010887262411415577,-0.02000930905342102,0.02000930905342102,-0.04626120254397392,0.019642313942313194,0.05025557428598404,0.02748502418398857,0.048593055456876755,0.0,-0.026866402477025986,0.2452174574136734,0.0014208710053935647,-0.04588984325528145,0.017434852197766304,0.0490875169634819,0.028470493853092194,2-4deg,0.00-0.04,0.0,0.0006905339541845024,0.0,0.0
68,54,True,True,0.04442959651350975,0.04442959651350975,0.027367211878299713,0.11491786688566208,1.9399999380111694,1.287718415260315,0.35976558923721313,0.0062300171703100204,0.018959563225507736,0.11491786688566208,0.027367211878299713,-0.020000260323286057,-0.013986320234835148,0.5839593410491943,0.3311392664909363,0.11334306746721268,0.11668606102466583,0.10-0.15,False,True,False,True,True,False,False,False,True,0.02941613271832466,-0.1673547625541687,0.20280124247074127,0.07078813761472702,0.3282725214958191,0.07999999821186066,0.027367211878299713,-0.020000457763671875,0.020000457763671875,0.02066883258521557,-0.04363705590367317,0.04828161001205444,0.04561174660921097,0.02446345053613186,0.0,0.013377695344388485,0.11413654685020447,0.0032827251125127077,0.0233783982694149,-0.04388314485549927,0.04971877112984657,0.04507303610444069,2-4deg,0.04-0.08,0.0,0.0,0.0,0.0
69,22,True,True,0.05857207626104355,0.05857207626104355,0.04672896862030029,0.18818552792072296,1.959999918937683,1.473382592201233,0.38312309980392456,-0.06675326079130173,0.019693627953529358,0.18818552792072296,0.04672896862030029,-0.01910175196826458,-0.08636430650949478,1.2626867294311523,0.5197870135307312,0.1871522068977356,0.19404301047325134,>=0.15,False,True,False,True,True,False,False,False,True,0.06967490911483765,-0.20193243026733398,0.22647739946842194,0.09652756154537201,0.13174943625926971,0.17999999225139618,0.04672896862030029,-0.01963537372648716,0.01963537372648716,-0.00389550207182765,-0.006078176666051149,0.0072176652029156685,0.008100194856524467,0.0784360021352768,0.013061045669019222,0.01875331811606884,0.18724876642227173,0.0013174943160265684,-0.0035089782904833555,-0.007293662987649441,0.008097250945866108,0.007837008684873581,0-2deg,0.00-0.04,0.0,0.0,0.0,0.0
70,0,True,False,0.13129863142967224,0.10368114709854126,0.0,0.0,2.8999998569488525,1.5128110647201538,0.37399908900260925,-0.006427277810871601,-0.09197937697172165,0.09733674675226212,0.1274612843990326,-0.0172814279794693,0.08329347521066666,1.1112048625946045,0.4526227116584778,0.03184708207845688,0.17683477699756622,>=0.15,True,True,False,True,False,False,False,True,True,0.1274612843990326,-0.0919661670923233,0.03188522160053253,0.03273192048072815,0.03273192048072815,0.0,0.1274612843990326,-0.0172814279794693,0.0172814279794693,-0.055638935416936874,0.05585290119051933,0.07881619781255722,0.018063899129629135,0.05381278321146965,0.05381278321146965,-0.0919661670923233,0.03188522160053253,0.0003273191978223622,-0.055638935416936874,0.05585290119051933,0.07881619781255722,0.018063899129629135,4-6deg,0.00-0.04,0.0,0.0,0.0,0.0
71,53,True,True,0.08350292593240738,0.08350292593240738,0.07583709061145782,0.056281689554452896,2.259999990463257,1.3233121633529663,0.32413721084594727,-0.02102363109588623,-0.02458154410123825,0.056281689554452896,0.07583709061145782,-0.019890474155545235,0.005035179667174816,0.9995983242988586,0.42640525102615356,0.05062979459762573,0.013323291204869747,0.00-0.05,False,True,False,True,True,False,False,False,True,0.07897129654884338,-0.26264965534210205,0.4429909884929657,0.09330098330974579,0.09330098330974579,0.14000000059604645,0.07583709061145782,-0.019890474155545235,0.019890474155545235,-0.045611072331666946,0.0006781590054742992,0.04561580345034599,0.018495047464966774,0.006694987881928682,0.0021836606319993734,-0.02651318348944187,0.04964553937315941,0.0009330098400823772,-0.044777512550354004,-0.0014312112471088767,0.04480072483420372,0.01933569274842739,2-4deg,0.00-0.04,0.0,0.0,0.0,0.0
72,37,False,False,0.2765778601169586,0.2765778601169586,0.0,0.0,1.5799999237060547,1.9503445625305176,0.5307760834693909,0.062368400394916534,-0.4786473512649536,0.49081066250801086,0.25101736187934875,0.014362048357725143,0.08426845818758011,1.8888708353042603,1.0055654048919678,0.10859009623527527,0.10057494789361954,0.10-0.15,True,True,False,True,False,True,False,True,True,0.25101736187934875,-0.4764908254146576,0.11769279092550278,4.74954080581665,4.74954080581665,0.0,0.25101736187934875,0.014362048357725143,0.0,8.553341467631981e-05,0.049414489418268204,0.049414411187171936,0.048917461186647415,0.6394185423851013,0.6394185423851013,-0.4764908254146576,0.11769279092550278,0.04749540612101555,8.553341467631981e-05,0.049414489418268204,0.049414411187171936,0.048917461186647415,2-4deg,0.04-0.08,0.0,0.0,0.0,0.0
73,44,True,True,0.10449058562517166,0.10448723286390305,0.09845179319381714,0.07905104011297226,2.259999990463257,1.4870043992996216,0.36304357647895813,0.0029895270708948374,0.004511247389018536,0.07905104011297226,0.09845179319381714,-0.01999770663678646,-0.0001318720169365406,0.6129764914512634,0.37238791584968567,0.07892221212387085,0.06681537628173828,0.05-0.10,False,True,False,True,True,False,False,False,True,0.10445018857717514,-0.3321131467819214,0.3430517613887787,0.13884837925434113,0.4846983253955841,0.09999999403953552,0.09845179319381714,-0.020273709669709206,0.020273709669709206,-0.077123261988163,0.009749682620167732,0.07773609459400177,0.013875823467969894,0.06442726403474808,0.0,0.0054586827754974365,0.07886234670877457,0.004846983123570681,-0.07597807049751282,0.009165751747786999,0.07652784138917923,0.018294868990778923,4-6deg,0.00-0.04,0.0,0.0,0.0,0.0
74,61,True,True,0.06920713186264038,0.06888258457183838,0.05971786379814148,0.06647570431232452,2.2799999713897705,1.4458740949630737,0.37735798954963684,0.004298119340091944,-0.030310994014143944,0.06647570431232452,0.05971786379814148,-0.020001014694571495,0.03383341059088707,0.6362442374229431,0.3460067808628082,0.05916302278637886,0.05963866785168648,0.05-0.10,False,True,False,True,True,False,False,False,True,0.0637228935956955,-0.27181828022003174,0.3398986756801605,0.08645040541887283,0.14200711250305176,0.17999999225139618,0.05971786379814148,-0.020004265010356903,0.020004265010356903,0.010802684351801872,0.009265457279980183,0.014231654815375805,0.05443102866411209,0.0608685165643692,0.00048828125,-0.031009411439299583,0.05879996344447136,0.0014200711157172918,0.0173001941293478,0.0035387545358389616,0.017659546807408333,0.053701113909482956,0-2deg,0.04-0.08,0.0,0.0,0.0,0.0
75,3,True,True,0.03545520454645157,0.03545520454645157,0.005716198589652777,0.18322455883026123,4.799999713897705,1.4903535842895508,0.20164793729782104,0.003989032004028559,-0.02481088414788246,0.18322455883026123,0.005716198589652777,-0.02000756748020649,0.02898366004228592,0.8337778449058533,0.32873228192329407,0.1815369427204132,0.20012100040912628,>=0.15,False,True,False,True,True,False,False,False,True,0.025512592867016792,-0.12868349254131317,0.3721647560596466,0.055125653743743896,0.17805562913417816,0.09999999403953552,0.005716198589652777,-0.020008133724331856,0.020008133724331856,0.02578110061585903,0.0010488119442015886,0.02580350451171398,0.01521104946732521,0.07295172661542892,0.0,-0.029335344210267067,0.18086092174053192,0.0017805562820285559,0.026651544496417046,0.00025509390980005264,0.02665352262556553,0.014242314733564854,0-2deg,0.00-0.04,0.0,0.0,0.0,0.0
76,45,True,True,0.06147989630699158,0.05708711966872215,0.05055181309580803,0.17858757078647614,3.1999998092651367,1.3758504390716553,0.279965341091156,-0.006489354185760021,-0.04654723405838013,0.17858757078647614,0.05055181309580803,-0.01999851129949093,0.03872283175587654,1.5831220149993896,0.5906354784965515,0.17241482436656952,0.1959153413772583,>=0.15,False,True,False,True,True,False,False,False,True,0.04486783593893051,-0.01108565740287304,0.14960117638111115,0.02912508137524128,0.11235859245061874,0.05999999865889549,0.05055181309580803,-0.020012279972434044,0.020012279972434044,-0.03762311860918999,0.020420199260115623,0.04280523583292961,0.0332116037607193,0.002826133044436574,0.0,-0.053932614624500275,0.17024920880794525,0.0011235858546569943,-0.03887784853577614,0.02079812064766884,0.04408836364746094,0.03230559453368187,2-4deg,0.00-0.04,0.0,0.0,0.0,0.0
77,15,True,True,0.05108397454023361,0.05108397454023361,0.03721516206860542,0.13498933613300323,4.819999694824219,1.146744728088379,0.2064378410577774,0.004788342863321304,-0.021740470081567764,0.13498933613300323,0.03721516206860542,-0.019998498260974884,0.025153107941150665,1.0696008205413818,0.3263321816921234,0.1332271546125412,0.13184112310409546,0.10-0.15,False,True,False,True,True,False,False,False,True,0.043165188282728195,-0.158333420753479,0.13894037902355194,0.0508195236325264,0.22261059284210205,0.07999999821186066,0.03721516206860542,-0.020073512569069862,0.020073512569069862,-0.007379728835076094,0.03366035968065262,0.03445928171277046,0.039774924516677856,0.033934541046619415,0.0,-0.026032771915197372,0.13245533406734467,0.0022261058911681175,-0.008018136955797672,0.03132937476038933,0.03233875334262848,0.04077417403459549,0-2deg,0.00-0.04,0.0,0.0,0.0,0.0
78,14,True,True,0.06594229489564896,0.05598226934671402,0.05584682896733284,0.13671214878559113,2.4600000381469727,1.5501006841659546,0.44099780917167664,-0.0534113384783268,0.011339474469423294,0.13671214878559113,0.05584682896733284,-0.019981976598501205,-0.06505753099918365,1.3220990896224976,0.5980608463287354,0.13624107837677002,0.10904479771852493,0.10-0.15,False,True,False,True,True,False,False,False,True,0.04230901226401329,-0.09800027310848236,0.24505126476287842,0.03556910529732704,0.13385240733623505,0.14000000059604645,0.05584682896733284,-0.020034991204738617,0.020034991204738617,-0.012925047427415848,0.01660883240401745,0.021044686436653137,0.04716472327709198,0.0517958365380764,0.0008457279182039201,0.013229770585894585,0.13607051968574524,0.0013385240454226732,-0.015584133565425873,0.011607647873461246,0.01943058706820011,0.047200992703437805,0-2deg,0.04-0.08,0.0,0.0,0.0,0.0
79,40,True,True,0.09403394907712936,0.09181977808475494,0.08729685097932816,0.18430206179618835,1.0799999237060547,1.1825602054595947,0.6426653861999512,0.001274332171306014,0.015140153467655182,0.18430206179618835,0.08729685097932816,-0.020008567720651627,-0.015116726979613304,0.46590569615364075,0.15782950818538666,0.18367913365364075,0.16486705839633942,>=0.15,False,True,False,True,True,False,False,False,True,0.08511610329151154,0.02238037995994091,0.2574562132358551,0.5986405611038208,0.5986405611038208,0.05999999865889549,0.08729685097932816,-0.020104914903640747,0.020104914903640747,0.036561448127031326,0.06969304382801056,0.0786873921751976,0.013277239166200161,0.005980208516120911,0.0005980199784971774,0.021913038566708565,0.18299472332000732,0.005986405536532402,0.036101359874010086,0.06996438652276993,0.0787162035703659,0.01348045188933611,4-6deg,0.00-0.04,0.0,0.0,0.0,0.0
80,31,True,True,0.10405708849430084,0.10405708849430084,0.09748941659927368,0.1401434987783432,2.7200000286102295,1.2570456266403198,0.31572964787483215,0.011317749507725239,-0.09693921357393265,0.1401434987783432,0.09748941659927368,-0.019518699496984482,0.10441485047340393,0.6016698479652405,0.35015061497688293,0.10120765119791031,0.1351526975631714,0.10-0.15,False,True,False,True,True,False,False,False,True,0.10044505447149277,-0.24313761293888092,0.35076186060905457,0.02236134745180607,0.11608432978391647,0.07999999821186066,0.09748941659927368,-0.019650360569357872,0.019650360569357872,0.05945040285587311,-0.030678454786539078,0.06689096242189407,0.05180224031209946,0.008983608335256577,0.009636635892093182,-0.09731539338827133,0.10084599256515503,0.0011608432978391647,0.05872756615281105,-0.033674195408821106,0.0676870122551918,0.050917431712150574,2-4deg,0.04-0.08,0.0,0.0006905339541845024,0.0,0.0
81,11,True,False,0.12838773429393768,0.12838773429393768,0.0,0.0,1.4399999380111694,1.6707227230072021,0.5840800404548645,-0.10788366198539734,-0.10484904795885086,0.37523144483566284,0.12360845506191254,-0.019983498379588127,-0.002127468353137374,0.5860634446144104,0.3832232654094696,0.36028504371643066,0.23565733432769775,>=0.15,True,True,False,True,False,False,False,True,True,0.12360845506191254,-0.10524860769510269,0.36016854643821716,0.2293049395084381,0.2293049395084381,0.0,0.12360845506191254,-0.019983498379588127,0.019983498379588127,-0.0011000981321558356,0.0007787006325088441,0.0013372133253142238,0.02743612602353096,0.004501734394580126,0.004501734394580126,-0.10524860769510269,0.36016854643821716,0.002293049357831478,-0.0011000981321558356,0.0007787006325088441,0.0013372133253142238,0.02743612602353096,0-2deg,0.00-0.04,0.0,0.0,0.0,0.0
82,24,True,True,0.04349973052740097,0.04349973052740097,0.02585919387638569,0.1403101682662964,1.8600000143051147,1.6181684732437134,0.435153067111969,-0.004136127885431051,-0.04680846631526947,0.1403101682662964,0.02585919387638569,-0.02001207321882248,0.04283750429749489,0.3809611201286316,0.19968833029270172,0.13227210938930511,0.15658390522003174,>=0.15,False,True,False,True,True,False,False,False,True,0.03308749571442604,-0.1417950987815857,0.17096774280071259,0.03782572224736214,0.10096535086631775,0.09999999403953552,0.02585919387638569,-0.02001207321882248,0.02001207321882248,-0.03021583892405033,-0.027487387880682945,0.04084516316652298,0.017728202044963837,0.042097367346286774,0.0,-0.04591299965977669,0.13258560001850128,0.0010096534388139844,-0.028776293620467186,-0.027693884447216988,0.03993438556790352,0.018631529062986374,2-4deg,0.00-0.04,0.0,0.0,0.0,0.0
83,7,True,True,0.05940822884440422,0.05470191314816475,0.047918662428855896,0.22074905037879944,1.0199999809265137,1.5919513702392578,0.7268134951591492,-0.020482944324612617,0.00642940029501915,0.22074905037879944,0.047918662428855896,-0.019445080310106277,-0.025059230625629425,0.5257558226585388,0.2779698669910431,0.2206554114818573,0.03869450464844704,0.00-0.05,False,True,False,True,True,False,False,False,True,0.04151983559131622,-0.16614088416099548,0.3817186951637268,0.10096956044435501,0.10096956044435501,0.09999999403953552,0.047918662428855896,-0.019445080310106277,0.019445080310106277,-0.050630711019039154,0.0013354654656723142,0.05064797028899193,0.046184733510017395,0.016529787331819534,0.01109167467802763,-0.004440807271748781,0.22070439159870148,0.0010096955811604857,-0.05307002365589142,-0.0013670087791979313,0.053087592124938965,0.0448189303278923,2-4deg,0.04-0.08,0.0,0.0,0.0,0.0
84,35,True,True,0.040161434561014175,0.040161434561014175,0.01948380097746849,0.09577196091413498,2.440000057220459,1.083911418914795,0.3073805272579193,-0.004973018076270819,-0.04015544801950455,0.09577196091413498,0.01948380097746849,-0.019911929965019226,0.03552132844924927,0.7389212846755981,0.3262616991996765,0.08694715797901154,0.11518369615077972,0.10-0.15,False,True,False,True,True,False,False,False,True,0.02128875069320202,-0.04427506774663925,0.08688204735517502,0.404031902551651,0.404031902551651,0.05999999865889549,0.01948380097746849,-0.020073851570487022,0.020073851570487022,-0.010866651311516762,0.03496554493904114,0.036614999175071716,0.019408095628023148,0.005074373446404934,0.0017940601101145148,-0.04296433553099632,0.08559401333332062,0.0040403190068900585,-0.010387140326201916,0.03556300327181816,0.03704880177974701,0.018898922950029373,2-4deg,0.00-0.04,0.0,0.0,0.0,0.0
85,41,True,True,0.07046713680028915,0.07033547013998032,0.061118703335523605,0.17067936062812805,2.240000009536743,1.537719488143921,0.39197608828544617,-0.0063607944175601006,-0.14144152402877808,0.17067936062812805,0.061118703335523605,-0.01980939507484436,0.13560836017131805,0.825233519077301,0.4232814311981201,0.0955287292599678,0.18008390069007874,>=0.15,False,True,False,True,True,False,False,False,True,0.06605664640665054,-0.3806215822696686,0.4058939516544342,0.1589505523443222,0.1589505523443222,0.09999999403953552,0.061118703335523605,-0.01980939507484436,0.01980939507484436,0.006665842607617378,-0.008437449112534523,0.010753330774605274,0.03423871099948883,0.018162081018090248,0.0038909639697521925,-0.14222396910190582,0.0943598598241806,0.0015895054675638676,0.004194526933133602,-0.007230709306895733,0.008358052931725979,0.03450194373726845,0-2deg,0.00-0.04,0.0,0.0,0.0,0.0
86,27,True,True,0.09699354320764542,0.08509553223848343,0.09045717120170593,0.2633683681488037,5.319999694824219,1.206213355064392,0.1933767944574356,0.012392745353281498,-0.044995151460170746,0.2633683681488037,0.09045717120170593,-0.01998317986726761,0.0615503303706646,1.1987794637680054,0.3181747496128082,0.2594963014125824,0.25157564878463745,>=0.15,False,True,False,True,True,False,False,False,True,0.07972955703735352,-0.12485246360301971,0.04888520389795303,0.06519617885351181,0.28732913732528687,0.09999999403953552,0.09045717120170593,-0.020009802654385567,0.020009802654385567,0.006888303905725479,-0.03631512075662613,0.03696180135011673,0.05416543781757355,0.04800789803266525,0.0,-0.035851553082466125,0.2609167993068695,0.0028732912614941597,0.009115242399275303,-0.03995777294039726,0.04098360240459442,0.05253831297159195,2-4deg,0.04-0.08,0.0,0.0,0.0,0.0
87,9,True,True,0.08480216562747955,0.08480216562747955,0.07721856981515884,0.19898754358291626,5.400000095367432,1.3626296520233154,0.21024154126644135,-0.010211455635726452,-0.1223267912864685,0.19898754358291626,0.07721856981515884,-0.01981266587972641,0.11290619522333145,1.0099632740020752,0.33811450004577637,0.15694648027420044,0.1531817466020584,>=0.15,False,True,False,True,True,False,False,False,True,0.1188078224658966,-0.3200528919696808,0.45858636498451233,0.08659880608320236,0.11407707631587982,3.419999837875366,0.07721856981515884,-0.020016631111502647,0.020016631111502647,0.0018501715967431664,-0.026011941954493523,0.026076970621943474,0.02149701677262783,0.0542641319334507,0.002762136748060584,-0.11589009314775467,0.16175761818885803,0.001140770735219121,-0.001380725298076868,0.04054215922951698,0.040565408766269684,0.003168680239468813,0-2deg,0.00-0.04,0.0,0.0,0.0,0.0
88,49,True,True,0.07820852100849152,0.07820852100849152,0.06996683776378632,0.22526906430721283,2.1399998664855957,1.566867709159851,0.4540233314037323,0.01107406709343195,-0.03908226639032364,0.22526906430721283,0.06996683776378632,-0.019717080518603325,0.04522331804037094,0.5347645878791809,0.3139892518520355,0.22185294330120087,0.0351848341524601,0.00-0.05,False,True,False,True,True,False,False,False,True,0.08237070590257645,-0.32527557015419006,0.3591950237751007,0.21264219284057617,0.21264219284057617,0.11999999731779099,0.06996683776378632,-0.01985749416053295,0.01985749416053295,0.054220788180828094,0.0405699759721756,0.067706398665905,0.06080958619713783,0.10973425954580307,0.005620546638965607,-0.03454683721065521,0.22260428965091705,0.0021264217793941498,0.049139976501464844,0.036893635988235474,0.06143905222415924,0.06455745548009872,2-4deg,0.04-0.08,0.0,0.0,0.0,0.0
89,30,True,True,0.10496415197849274,0.10094404220581055,0.09899503737688065,0.08820848166942596,2.619999885559082,1.0054566860198975,0.21982111036777496,0.023324498906731606,-0.07491905987262726,0.08820848166942596,0.09899503737688065,-0.019534926861524582,0.09927966445684433,0.6004126667976379,0.29861119389533997,0.04656040295958519,0.12234616279602051,0.10-0.15,False,True,False,True,True,False,False,False,True,0.09627892076969147,-0.20200203359127045,0.46555784344673157,0.07419337332248688,0.09397722035646439,0.4599999785423279,0.09899503737688065,-0.020035134628415108,0.020035134628415108,0.04101195186376572,-0.01587909460067749,0.04397732764482498,0.045578472316265106,0.0006905339541845024,0.006739355158060789,-0.07193959504365921,0.05104341730475426,0.0009397721732966602,0.05845903232693672,-0.018966130912303925,0.06145555526018143,0.03431445732712746,2-4deg,0.04-0.08,0.0,0.0,0.0,0.0
90,4,True,True,0.06447318941354752,0.061873991042375565,0.05413933843374252,0.14037510752677917,2.8399999141693115,1.1457794904708862,0.2764919400215149,0.0031868868973106146,0.002781823044642806,0.14037510752677917,0.05413933843374252,-0.019991718232631683,-0.0006609376869164407,0.8395196795463562,0.3817044794559479,0.14034755527973175,0.13946956396102905,0.10-0.15,False,True,False,True,True,False,False,False,True,0.05101212486624718,-0.10428383946418762,0.09682875126600266,0.06507423520088196,0.2420474886894226,0.09999999403953552,0.05413933843374252,-0.019997613504529,0.019997613504529,-0.0005022262339480221,-0.0350637286901474,0.035068072378635406,0.07515478134155273,0.05149100348353386,0.0,0.006141707766801119,0.14024069905281067,0.002420474775135517,0.000963820144534111,-0.029142528772354126,0.02915923483669758,0.07727934420108795,2-4deg,0.04-0.08,0.0,0.0,0.0,0.0
91,39,True,True,0.05889725312590599,0.05486251041293144,0.047362688928842545,0.20598119497299194,5.599999904632568,1.1912181377410889,0.17921093106269836,0.007915600202977657,-0.020474672317504883,0.20598119497299194,0.047362688928842545,-0.019991742447018623,0.026031414046883583,1.0382179021835327,0.32317501306533813,0.20496107637882233,0.19883941113948822,>=0.15,False,True,False,True,True,False,False,False,True,0.043161340057849884,-0.1479637622833252,0.10503999888896942,0.029213085770606995,0.3302411139011383,0.09999999403953552,0.047362688928842545,-0.019991742447018623,0.019991742447018623,0.030621884390711784,-0.04912436008453369,0.0578802227973938,0.04457083344459534,0.06792980432510376,0.0,-0.024421606212854385,0.2045283317565918,0.003302411176264286,0.02700822614133358,-0.04860563576221466,0.05560050532221794,0.046661410480737686,2-4deg,0.04-0.08,0.0,0.0,0.0,0.0
92,25,True,True,0.07393236458301544,0.05874144658446312,0.06512568891048431,0.1649007797241211,2.740000009536743,1.5473012924194336,0.3360404670238495,-0.07908745110034943,-0.02605723962187767,0.1649007797241211,0.06512568891048431,-0.017779570072889328,-0.05145840346813202,1.148364543914795,0.4915713667869568,0.16282902657985687,0.16186180710792542,>=0.15,False,True,False,True,True,False,False,False,True,0.06676487624645233,-0.16908179223537445,0.3229025900363922,0.0810958668589592,0.11692116409540176,0.3999999761581421,0.06512568891048431,-0.017779570072889328,0.017779570072889328,0.015542126260697842,0.026356913149356842,0.03059777058660984,0.02239403873682022,0.12566733360290527,0.04391627758741379,-0.02199460193514824,0.16342736780643463,0.0011692115804180503,0.01926763355731964,0.032726019620895386,0.03797537460923195,0.016221215948462486,0-2deg,0.00-0.04,0.0,0.0,0.0,0.0
93,56,True,True,0.06914850324392319,0.06914850324392319,0.05964939668774605,0.08984291553497314,2.2799999713897705,1.1830928325653076,0.3460497558116913,-0.005834102164953947,-0.018389318138360977,0.08984291553497314,0.05964939668774605,-0.020008299499750137,0.009177160449326038,0.8398333191871643,0.43290281295776367,0.08794078975915909,0.22256888449192047,>=0.15,False,True,False,True,True,False,False,False,True,0.07497773319482803,-0.18297752737998962,0.4148239195346832,0.06335046887397766,0.49737265706062317,0.11999999731779099,0.05964939668774605,-0.020008299499750137,0.020008299499750137,-0.011712807230651379,-0.06101953610777855,0.06213214993476868,0.0542801171541214,0.13562814891338348,0.0,-0.016392065212130547,0.08833487331867218,0.004973726347088814,-0.007074379827827215,-0.05790523812174797,0.05833489075303078,0.057478271424770355,2-4deg,0.04-0.08,0.0,0.0,0.0,0.0
94,16,True,True,0.06406174600124359,0.06406174600124359,0.05367488041520119,0.096952423453331,3.859999895095825,1.2244983911514282,0.28219661116600037,0.0048192404210567474,-0.06792327761650085,0.096952423453331,0.05367488041520119,-0.02000461146235466,0.07064960151910782,1.3359524011611938,0.42916494607925415,0.0691823735833168,0.0678580179810524,0.05-0.10,False,True,False,True,True,False,False,False,True,0.057809725403785706,-0.14998382329940796,0.1275091916322708,0.03957873210310936,0.3751315772533417,0.09999999403953552,0.05367488041520119,-0.02000461146235466,0.02000461146235466,-0.06961424648761749,0.02612091600894928,0.07434581220149994,0.03746947646141052,0.07583238929510117,0.0005980199784971774,-0.06337197124958038,0.07337415218353271,0.0037513156421482563,-0.06944045424461365,0.023091305047273636,0.07317300885915756,0.03850315511226654,4-6deg,0.00-0.04,0.0,0.0,0.0,0.0
95,59,True,True,0.0800977349281311,0.0800977349281311,0.07207484543323517,0.19391170144081116,2.200000047683716,1.5143312215805054,0.415269672870636,-0.0008515953086316586,-0.1689750850200653,0.19391170144081116,0.07207484543323517,-0.01978837512433529,0.16692012548446655,0.5749984383583069,0.3563564717769623,0.09512710571289062,0.010682507418096066,0.00-0.05,False,True,False,True,True,False,False,False,True,0.07850326597690582,-0.41730496287345886,0.33960044384002686,0.10855989158153534,0.26655179262161255,0.07999999821186066,0.07207484543323517,-0.020046692341566086,0.020046692341566086,0.03414014354348183,0.024260057136416435,0.04187869280576706,0.02331278659403324,0.08090007305145264,0.004256740678101778,-0.17173229157924652,0.0900542214512825,0.0026655178517103195,0.03277614712715149,0.02387700043618679,0.04054923728108406,0.0239094365388155,2-4deg,0.00-0.04,0.0,0.0,0.0,0.0
96,50,True,True,0.10832017660140991,0.07658663392066956,0.10180079191923141,0.019719893112778664,3.679999828338623,1.1115306615829468,0.2231319397687912,-0.06342833489179611,0.004129000008106232,0.019719893112778664,0.10180079191923141,-0.018916435539722443,-0.0652032345533371,0.5179420709609985,0.214849591255188,0.019282778725028038,0.13013868033885956,0.10-0.15,False,True,False,True,True,False,False,False,True,0.09556248784065247,-0.017185550183057785,0.10856493562459946,0.04059496894478798,0.05751658231019974,0.19999998807907104,0.10180079191923141,-0.018916435539722443,0.018916435539722443,0.029319845139980316,0.051285021007061005,0.05906841903924942,0.01954052224755287,0.038191407918930054,0.017397701740264893,0.0030876819510012865,0.019476663321256638,0.0005751657881774008,0.025786280632019043,0.04911203682422638,0.055465199053287506,0.026629064232110977,2-4deg,0.00-0.04,0.0,0.0,0.0,0.0
97,62,True,True,0.040105290710926056,0.040105290710926056,0.01956396922469139,0.08809442073106766,3.5399999618530273,1.1295233964920044,0.2630458474159241,0.004050842951983213,0.013691991567611694,0.08809442073106766,0.01956396922469139,-0.01999310404062271,-0.009749386459589005,1.104012370109558,0.3702479600906372,0.08702388405799866,0.08735938370227814,0.05-0.10,False,True,False,True,True,False,False,False,True,0.02131417579948902,-0.04230057820677757,0.0742051899433136,0.18888580799102783,0.18888580799102783,0.05999999865889549,0.01956396922469139,-0.02005969174206257,0.02005969174206257,-0.0027748376596719027,-0.014301327057182789,0.014566958881914616,0.0010842573828995228,0.0016194459749385715,0.0003452669770922512,0.013284110464155674,0.08708707988262177,0.0018888580380007625,-0.002742051612585783,-0.014325781725347042,0.01458740420639515,0.0009710098966024816,0-2deg,0.00-0.04,0.0,0.0,0.0,0.0
98,20,True,True,0.059108756482601166,0.059108756482601166,0.047643404453992844,0.19369089603424072,3.4800000190734863,0.9763040542602539,0.19504095613956451,0.0251279529184103,0.08396990597248077,0.19369089603424072,0.047643404453992844,-0.019989309832453728,-0.05789198726415634,1.0486804246902466,0.42571017146110535,0.1745428889989853,0.1834893375635147,>=0.15,False,True,False,True,True,False,False,False,True,0.0505862832069397,-0.07231597602367401,0.04111005738377571,0.023755645379424095,0.47400885820388794,0.07999999821186066,0.047643404453992844,-0.02005438134074211,0.02005438134074211,-0.03688591346144676,-0.00249351654201746,0.0369698666036129,0.04024890810251236,0.02354714460670948,0.0007720404537394643,0.0774579793214798,0.17752866446971893,0.0047400882467627525,-0.03923577815294266,-0.002672417787835002,0.039326608180999756,0.03828665614128113,2-4deg,0.04-0.08,0.0,0.0,0.0,0.0
99,6,True,True,0.043180014938116074,0.043180014938116074,0.02523895353078842,0.25022464990615845,1.8799999952316284,1.4030711650848389,0.4883887469768524,-0.01110667921602726,-0.17241697013378143,0.25022464990615845,0.02523895353078842,-0.019929243251681328,0.1615825742483139,0.5067300796508789,0.31271252036094666,0.18134154379367828,0.174752876162529,>=0.15,False,True,False,True,True,False,False,False,True,0.036894284188747406,-0.38813281059265137,0.3578813970088959,0.06726546585559845,0.41540083289146423,0.07999999821186066,0.02523895353078842,-0.020121827721595764,0.020121827721595764,0.002278332831338048,-0.05383361130952835,0.0538814477622509,0.020184841006994247,0.07620047777891159,0.0014648438664153218,-0.17532439529895782,0.17853212356567383,0.004154008347541094,0.0018078311113640666,-0.052674029022455215,0.052705422043800354,0.0215260311961174,2-4deg,0.00-0.04,0.0,0.0,0.0,0.0
100,12,True,True,0.03787112981081009,0.03787112981081009,0.013729661703109741,0.21256069839000702,1.899999976158142,1.359436273574829,0.4321359694004059,0.004420405253767967,-0.14165429770946503,0.21256069839000702,0.013729661703109741,-0.0196183193475008,0.14440041780471802,0.4457222521305084,0.26909419894218445,0.15848062932491302,0.1799604445695877,>=0.15,False,True,False,True,True,False,False,False,True,0.018880100920796394,-0.16945676505565643,0.27015945315361023,0.24730858206748962,0.24730858206748962,0.05999999865889549,0.013729661703109741,-0.020086565986275673,0.020086565986275673,0.04539785534143448,-0.04308542236685753,0.06257788091897964,0.05005501210689545,0.0006905339541845024,0.00639444449916482,-0.15073378384113312,0.14987121522426605,0.002473085653036833,0.043662525713443756,-0.04201926290988922,0.06058763340115547,0.051768962293863297,2-4deg,0.04-0.08,0.0,0.0,0.0,0.0
101,32,True,True,0.07818084955215454,0.06767764687538147,0.06981953233480453,0.02691274881362915,3.8399999141693115,1.2351500988006592,0.22116531431674957,-0.05363105237483978,-0.010737359523773193,0.02691274881362915,0.06981953233480453,-0.018985720351338387,-0.04216282442212105,1.1321574449539185,0.3253762125968933,0.024678029119968414,0.09485884755849838,0.05-0.10,False,True,False,True,True,False,False,False,True,0.06946878880262375,-0.046864259988069534,0.04211759567260742,0.05183148384094238,0.054314058274030685,0.07999999821186066,0.06981953233480453,-0.018985720351338387,0.018985720351338387,-0.035499636083841324,-0.0035456279292702675,0.035676509141922,0.02229325845837593,0.04727951064705849,0.019999012351036072,-0.009824027307331562,0.025055628269910812,0.0005431405734270811,-0.03669171407818794,-0.0030240709893405437,0.036816347390413284,0.021076267585158348,2-4deg,0.00-0.04,0.0,0.0,0.0,0.0
102,58,True,True,0.08490316569805145,0.08490316569805145,0.07735131680965424,0.14894233644008636,2.6399998664855957,1.4624978303909302,0.3305724859237671,-0.007921435870230198,-0.000806179828941822,0.14894233644008636,0.07735131680965424,-0.019995419308543205,-0.006370958406478167,0.8984976410865784,0.4829908609390259,0.14894014596939087,0.17289669811725616,>=0.15,False,True,False,True,True,False,False,False,True,0.09008973836898804,-0.15630769729614258,0.3753668963909149,0.10909616947174072,0.18083085119724274,0.11999999731779099,0.07735131680965424,-0.02005746215581894,0.02005746215581894,-0.010864419862627983,-0.07726020365953445,0.07801879942417145,0.0027528645005077124,0.06207837164402008,0.0003452669770922512,-0.0005732886493206024,0.14894121885299683,0.001808308414183557,-0.010769716463983059,-0.07738147675991058,0.07812579721212387,0.001126915100030601,4-6deg,0.00-0.04,0.0,0.0,0.0,0.0
103,24,True,True,0.05731049180030823,0.05161772668361664,0.04533163830637932,0.22408805787563324,1.059999942779541,1.104629635810852,0.4984814524650574,-0.023490622639656067,-0.152230367064476,0.22408805787563324,0.04533163830637932,-0.019889412447810173,0.1279674917459488,0.32354870438575745,0.16254837810993195,0.16444261372089386,0.1699545979499817,>=0.15,False,True,False,True,True,False,False,False,True,0.038021840155124664,-0.22286467254161835,0.0913151353597641,0.19637849926948547,0.21315895020961761,0.07999999821186066,0.04533163830637932,-0.020033691078424454,0.020033691078424454,-0.04838066175580025,0.0016921303467825055,0.048409875482320786,0.016609610989689827,0.002990100998431444,0.002210787730291486,-0.15722186863422394,0.15967696905136108,0.0021315894555300474,-0.04926475137472153,0.0013100975193083286,0.049282703548669815,0.015493870712816715,2-4deg,0.00-0.04,0.0,0.0,0.0,0.0
104,13,True,True,0.08381219953298569,0.07870469987392426,0.07614772766828537,0.23753491044044495,2.0799999237060547,1.3430274724960327,0.44752928614616394,-0.03693808987736702,-0.15555889904499054,0.23753491044044495,0.07614772766828537,-0.019989170134067535,0.11732026189565659,0.9222898483276367,0.4271470904350281,0.1795111745595932,0.17219161987304688,>=0.15,False,True,False,True,True,False,False,False,True,0.0703824907541275,-0.2503957748413086,0.055519621819257736,0.050608452409505844,0.14331261813640594,0.07999999821186066,0.07614772766828537,-0.020020803436636925,0.020020803436636925,-0.005870372988283634,-0.036786697804927826,0.037252604961395264,0.06467170268297195,0.003951764199882746,0.0,-0.15920133888721466,0.1762888878583908,0.001433126162737608,-0.009095207788050175,-0.03890422731637955,0.03995230048894882,0.06391178071498871,2-4deg,0.04-0.08,0.0,0.0006905339541845024,0.0,0.0
105,1,True,True,0.10812536627054214,0.10812536627054214,0.10279390960931778,0.02611156925559044,3.0999999046325684,1.6689796447753906,0.2953663766384125,-0.04369967058300972,-0.00015974417328834534,0.02611156925559044,0.10279390960931778,-0.018455756828188896,-0.04477468878030777,1.2179794311523438,0.3890189826488495,0.02611107937991619,0.20503684878349304,>=0.15,False,True,False,True,True,False,False,False,True,0.11944592744112015,-0.20377899706363678,0.3119252324104309,0.16033302247524261,0.16033302247524261,0.7999999523162842,0.10279390960931778,-0.019151026383042336,0.019151026383042336,0.018256206065416336,0.015599425882101059,0.024013392627239227,0.0030329725705087185,0.015927420929074287,0.02945822849869728,-7.39563547540456e-05,0.026111464947462082,0.0016033301362767816,0.012356027029454708,0.012792346999049187,0.01778399758040905,0.013846495188772678,0-2deg,0.00-0.04,0.0,0.0,0.0,0.0
106,57,True,True,0.05845491588115692,0.05845491588115692,0.04683704301714897,0.11086452752351761,3.3999998569488525,1.1598609685897827,0.2853865921497345,0.0033868998289108276,-0.06082814186811447,0.11086452752351761,0.04683704301714897,-0.020003490149974823,0.06529317051172256,0.6806907653808594,0.27064454555511475,0.09268699586391449,0.08951640129089355,0.05-0.10,False,True,False,True,True,False,False,False,True,0.05182766541838646,-0.14549027383327484,0.052798714488744736,0.02249692752957344,0.16750942170619965,0.09999999403953552,0.04683704301714897,-0.020003490149974823,0.020003490149974823,-0.03905421867966652,0.0057438332587480545,0.039473388344049454,0.049241725355386734,0.005818550940603018,0.00048828125,-0.05749190226197243,0.09479252249002457,0.0016750941285863519,-0.03507941588759422,0.00605660118162632,0.03559788689017296,0.05041474476456642,2-4deg,0.04-0.08,0.0,0.0,0.0,0.0
107,63,True,True,0.044926341623067856,0.04355626925826073,0.027667829766869545,0.20419389009475708,2.0799999237060547,1.4453424215316772,0.40701383352279663,-0.009850994683802128,-0.15275371074676514,0.20419389009475708,0.027667829766869545,-0.019741613417863846,0.14314182102680206,0.6177700757980347,0.33810174465179443,0.13550442457199097,0.13572032749652863,0.10-0.15,False,True,False,True,True,False,False,False,True,0.026073886081576347,-0.1607256978750229,0.18618732690811157,0.3323691785335541,0.3323691785335541,0.05999999865889549,0.027667829766869545,-0.020114976912736893,0.020114976912736893,0.006335575133562088,0.0017233635298907757,0.006569163873791695,0.013061410747468472,0.0003452669770922512,0.005236239172518253,-0.15205170214176178,0.13629168272018433,0.003323691664263606,0.006839662790298462,0.0018421433633193374,0.007084301207214594,0.012830446474254131,0-2deg,0.00-0.04,0.0,0.0,0.0,0.0
108,5,True,False,0.12772883474826813,0.12772883474826813,0.0,0.0,2.200000047683716,1.4809411764144897,0.40485864877700806,-0.00047940833610482514,-0.1275254786014557,0.3284379243850708,0.12281031161546707,-0.0199874360114336,0.1278630942106247,1.1905872821807861,0.5937579870223999,0.30266931653022766,0.1704186499118805,>=0.15,True,True,False,True,False,False,False,True,True,0.12281031161546707,-0.1406494528055191,0.2967982590198517,0.03592892736196518,0.03592892736196518,0.0,0.12281031161546707,-0.0199874360114336,0.0199874360114336,0.011953724548220634,-0.0613858737051487,0.06253784149885178,0.0036774890031665564,0.001091830083169043,0.001091830083169043,-0.1406494528055191,0.2967982590198517,0.0003592892608139664,0.011953724548220634,-0.0613858737051487,0.06253784149885178,0.0036774890031665564,2-4deg,0.00-0.04,0.0,0.0,0.0,0.0
109,60,True,True,0.04586661607027054,0.044919852167367935,0.029631253331899643,0.12902654707431793,3.299999952316284,1.415083885192871,0.3079397976398468,0.005857792682945728,-0.03075834922492504,0.12902654707431793,0.029631253331899643,-0.019991464912891388,0.0364871583878994,0.5957881212234497,0.33369702100753784,0.12530672550201416,0.12178142368793488,0.10-0.15,False,True,False,True,True,False,False,False,True,0.03003835864365101,-0.27645936608314514,0.23659133911132812,0.08665984123945236,0.23326201736927032,0.07999999821186066,0.029631253331899643,-0.019991464912891388,0.019991464912891388,0.025853369385004044,-0.00032021894003264606,0.02585427835583687,0.017772691324353218,0.031688861548900604,0.0003452669770922512,-0.02742561511695385,0.12607808411121368,0.0023326200898736715,0.026811787858605385,-0.0007353959954343736,0.026822960004210472,0.017039421945810318,0-2deg,0.00-0.04,0.0,0.0,0.0,0.0
110,36,True,True,0.04401512071490288,0.04401512071490288,0.026690376922488213,0.22247768938541412,3.43999981880188,1.411851406097412,0.25797557830810547,0.0043086400255560875,-0.019745083525776863,0.22247768938541412,0.026690376922488213,-0.019999457523226738,0.024412309750914574,0.9249234795570374,0.3389832377433777,0.2215997576713562,0.21735402941703796,>=0.15,False,True,False,True,True,False,False,False,True,0.033389147371053696,-0.15631096065044403,0.20142200589179993,0.07476887851953506,0.1422959864139557,0.09999999403953552,0.026690376922488213,-0.020020360127091408,0.020020360127091408,-0.03542163223028183,-0.002441758057102561,0.03550565615296364,0.015724247321486473,0.04197823256254196,0.0,-0.025952689349651337,0.22095876932144165,0.0014229598455131054,-0.03658809885382652,-0.002784295007586479,0.03669307380914688,0.014663361012935638,2-4deg,0.00-0.04,0.0,0.0,0.0,0.0
111,34,True,True,0.05140895023941994,0.05140895023941994,0.03767615556716919,0.08462684601545334,3.759999990463257,1.397480845451355,0.2629237174987793,-0.07099009305238724,-0.0027270615100860596,0.08462684601545334,0.03767615556716919,-0.020001845434308052,-0.06613963097333908,1.443091630935669,0.5140113234519958,0.08458290249109268,0.0860668420791626,0.05-0.10,False,True,False,True,True,False,False,False,True,0.04209030792117119,-0.010105134919285774,0.07518871873617172,0.026240481063723564,0.28516024351119995,0.09999999403953552,0.03767615556716919,-0.02006388269364834,0.02006388269364834,-0.000697787560056895,0.03502081707119942,0.03502725064754486,0.026416730135679245,0.008890234865248203,0.00048828125,-0.0039463890716433525,0.08453477919101715,0.0028516023885458708,-0.0006022549932822585,0.03284570202231407,0.03285086899995804,0.027996979653835297,2-4deg,0.00-0.04,0.0,0.0,0.0,0.0
112,19,True,True,0.07103299349546432,0.06972158700227737,0.06180442124605179,0.16719619929790497,2.319999933242798,1.5749369859695435,0.4016249179840088,0.008116020821034908,0.01917889155447483,0.16719619929790497,0.06180442124605179,-0.019972993060946465,-0.008403233252465725,0.8904111385345459,0.4503805935382843,0.16609257459640503,0.15625594556331635,>=0.15,False,True,False,True,True,False,False,False,True,0.06080715358257294,0.011091601103544235,0.11782415956258774,0.957045316696167,0.957045316696167,0.07999999821186066,0.06180442124605179,-0.020272525027394295,0.020272525027394295,-0.08230442553758621,0.008418124169111252,0.08273287862539291,0.06677181273698807,0.0003452669770922512,0.00048828125,0.03216918185353279,0.16407229006290436,0.009570453315973282,-0.08138708025217056,0.004499068483710289,0.08151142299175262,0.06737501919269562,4-6deg,0.04-0.08,0.0,0.0,0.0,0.0
113,8,True,False,0.1722879856824875,0.12304617464542389,0.0,0.0,3.0399999618530273,1.5066266059875488,0.29145699739456177,0.02729204297065735,-0.13582806289196014,0.17381039261817932,0.1683025360107422,-0.01916235312819481,0.16117437183856964,1.3331451416015625,0.4448578953742981,0.10844717174768448,0.1541435718536377,>=0.15,True,True,False,True,False,False,False,True,True,0.1683025360107422,-0.13794207572937012,0.10574514418840408,0.06341814249753952,0.06341814249753952,0.0,0.1683025360107422,-0.01920580491423607,0.01920580491423607,0.01085237879306078,-0.017176968976855278,0.020318366587162018,0.01898466795682907,0.01669127121567726,0.01669127121567726,-0.13794207572937012,0.10574514418840408,0.0006341814296320081,0.01085237879306078,-0.017176968976855278,0.020318366587162018,0.01898466795682907,0-2deg,0.00-0.04,0.0,0.0,0.0,0.0
114,62,True,False,0.12886683642864227,0.12886683642864227,0.0,0.0,0.8199999928474426,1.4032281637191772,0.655009925365448,-0.24052928388118744,-0.38248956203460693,0.6372588872909546,0.12376390397548676,-0.01906842738389969,0.14448685944080353,0.428170770406723,0.23046629130840302,0.5097063779830933,0.17439201474189758,>=0.15,True,True,False,True,False,False,False,True,True,0.12376390397548676,-0.37457773089408875,0.515548586845398,0.025817012414336205,0.025817012414336205,0.0,0.12376390397548676,-0.01906842738389969,0.01906842738389969,0.03606530651450157,0.06502734869718552,0.0743466168642044,0.0017454975750297308,0.014938673004508018,0.014938673004508018,-0.37457773089408875,0.515548586845398,0.0002581701264716685,0.03606530651450157,0.06502734869718552,0.0743466168642044,0.0017454975750297308,4-6deg,0.00-0.04,0.0,0.0,0.0,0.0
115,21,True,True,0.08306960761547089,0.08156292885541916,0.07547739893198013,0.2321394979953766,2.5999999046325684,1.4532331228256226,0.33404624462127686,0.01536037027835846,0.07739324122667313,0.2321394979953766,0.07547739893198013,-0.020020708441734314,-0.06053170561790466,0.7657856941223145,0.26345303654670715,0.2188584804534912,0.18226934969425201,>=0.15,False,True,False,True,True,False,False,False,True,0.07881226390600204,-0.03036448173224926,0.15220992267131805,0.03893106058239937,0.4220813810825348,0.09999999403953552,0.07547739893198013,-0.02003275230526924,0.02003275230526924,0.012215649709105492,0.016195619478821754,0.020286068320274353,0.06986942142248154,0.022656943649053574,0.004228642676025629,0.08031509816646576,0.2178031951189041,0.004220813512802124,0.011685115285217762,0.010592692531645298,0.015773234888911247,0.07077086716890335,0-2deg,0.04-0.08,0.0,0.0,0.0,0.0
116,51,True,True,0.04731674864888191,0.04731674864888191,0.0318332314491272,0.12209328263998032,2.559999942779541,1.1895990371704102,0.31309008598327637,0.00975552387535572,-0.025584599003195763,0.12209328263998032,0.0318332314491272,-0.019989443942904472,0.03543466329574585,0.8898817300796509,0.4540984034538269,0.1193825751543045,0.11556337028741837,0.10-0.15,False,True,False,True,True,False,False,False,True,0.0358990877866745,-0.12819837033748627,0.1512572020292282,0.03971226513385773,0.1857905238866806,0.09999999403953552,0.0318332314491272,-0.01999543607234955,0.01999543607234955,0.0020155750680714846,-0.021102862432599068,0.021199902519583702,0.008869975805282593,0.06375627964735031,0.0,-0.023165883496403694,0.11987540870904922,0.0018579051829874516,0.0018579319585114717,-0.020379094406962395,0.02046452835202217,0.009644231759011745,0-2deg,0.00-0.04,0.0,0.0,0.0,0.0
117,2,True,True,0.03956390172243118,0.03753393143415451,0.018591536208987236,0.216338649392128,4.21999979019165,1.234074592590332,0.21646015346050262,0.004738981369882822,0.09537485241889954,0.216338649392128,0.018591536208987236,-0.020078618079423904,-0.0901808962225914,1.14803147315979,0.29665786027908325,0.1941804438829422,0.16536907851696014,>=0.15,False,True,False,True,True,False,False,False,True,0.01423418615013361,-0.0500592365860939,0.08034935593605042,0.030094701796770096,0.5218132734298706,0.17999999225139618,0.018591536208987236,-0.020078618079423904,0.020078618079423904,-0.001083575887605548,-0.05846991389989853,0.05847988650202751,0.024633487686514854,0.04608137533068657,0.00172633514739573,0.09314562380313873,0.19525957107543945,0.005218132399022579,-0.000992165761999786,-0.06185126677155495,0.061858925968408585,0.01758408546447754,2-4deg,0.00-0.04,0.0,0.0,0.0,0.0
118,48,True,True,0.05763435736298561,0.05763435736298561,0.04581204801797867,0.10744869709014893,3.5999999046325684,1.2874250411987305,0.263175904750824,-0.006806922145187855,-0.08644278347492218,0.10744869709014893,0.04581204801797867,-0.020012004300951958,0.08014470338821411,1.2675130367279053,0.39025169610977173,0.0638190284371376,0.06840984523296356,0.05-0.10,False,True,False,True,True,False,False,False,True,0.048037897795438766,-0.012590531259775162,0.08119691163301468,0.024753397330641747,0.12277132272720337,0.05999999865889549,0.04581204801797867,-0.020012004300951958,0.020012004300951958,-0.03261350095272064,0.02410450205206871,0.04055217653512955,0.012143410742282867,0.01144085731357336,0.00048828125,-0.08533795922994614,0.06528902798891068,0.0012277131900191307,-0.03258924558758736,0.023606937378644943,0.040239281952381134,0.012770811095833778,2-4deg,0.00-0.04,0.0,0.0,0.0,0.0
119,7,True,True,0.05452597513794899,0.05452597513794899,0.04185223579406738,0.14855782687664032,1.6999999284744263,1.4345941543579102,0.4100041687488556,-0.006713620852679014,-0.10422740876674652,0.14855782687664032,0.04185223579406738,-0.02002846822142601,0.09687682241201401,0.5129241347312927,0.33288583159446716,0.10585875809192657,0.12585103511810303,0.10-0.15,False,True,False,True,True,False,False,False,True,0.04304765909910202,-0.0854615867137909,0.11414452642202377,0.5765085220336914,0.5765085220336914,0.05999999865889549,0.04185223579406738,-0.020067820325493813,0.020067820325493813,0.027514491230249405,0.012703326530754566,0.030304117128252983,0.025763679295778275,0.0011451211757957935,0.0005980199784971774,-0.1035652682185173,0.10650663822889328,0.005765085108578205,0.028377097100019455,0.012150764465332031,0.03086932934820652,0.025456031784415245,0-2deg,0.00-0.04,0.0,0.0,0.0,0.0
120,43,True,True,0.04572707414627075,0.04572707414627075,0.029510529711842537,0.14039908349514008,2.700000047683716,1.1842933893203735,0.27527564764022827,-0.0024229621049016714,0.03478216007351875,0.14039908349514008,0.029510529711842537,-0.02004191465675831,-0.037056975066661835,0.4886416792869568,0.2640548050403595,0.1360224485397339,0.1502130925655365,>=0.15,False,True,False,True,True,False,False,False,True,0.03793009743094444,-0.12685295939445496,0.3365713059902191,0.022373929619789124,0.3584943115711212,0.09999999403953552,0.029510529711842537,-0.02008947916328907,0.02008947916328907,-0.042439937591552734,0.05748925358057022,0.07144374400377274,0.03356630727648735,0.03879544883966446,0.0014648438664153218,0.034085460007190704,0.13619869947433472,0.003584943013265729,-0.0412445031106472,0.05495097488164902,0.06869474053382874,0.03656287491321564,4-6deg,0.00-0.04,0.0,0.0006905339541845024,0.0,0.0
121,31,True,True,0.051650889217853546,0.051650889217853546,0.03799518570303917,0.18838538229465485,1.8399999141693115,1.3946123123168945,0.47608840465545654,-0.0252484492957592,-0.13679321110248566,0.18838538229465485,0.03799518570303917,-0.020010951906442642,0.11332764476537704,0.7326956987380981,0.36680305004119873,0.12952479720115662,0.13277065753936768,0.10-0.15,False,True,False,True,True,False,False,False,True,0.04891861602663994,-0.36118462681770325,0.37670305371284485,0.07744915783405304,0.14754833281040192,0.09999999403953552,0.03799518570303917,-0.02002548612654209,0.02002548612654209,-0.08131790161132812,-0.027834057807922363,0.0859396681189537,0.010716605000197887,0.02739904820919037,0.0006905339541845024,-0.12787911295890808,0.13833288848400116,0.001475483295507729,-0.0803103819489479,-0.027554668486118317,0.08489658683538437,0.015413746237754822,4-6deg,0.00-0.04,0.0,0.0,0.0,0.0
122,38,True,True,0.05225173011422157,0.04133857041597366,0.038821741938591,0.2201387882232666,3.0199999809265137,1.2861697673797607,0.3013020157814026,-0.0038592396304011345,0.10724502801895142,0.2201387882232666,0.038821741938591,-0.020069552585482597,-0.11034553498029709,0.6554824113845825,0.3657148778438568,0.19224876165390015,0.18442374467849731,>=0.15,False,True,False,True,True,False,False,False,True,0.020963186398148537,-0.09428029507398605,0.2080220729112625,0.14303304255008698,0.7706003785133362,0.17999999225139618,0.038821741938591,-0.020087463781237602,0.020087463781237602,-0.050596486777067184,0.001148230629041791,0.050609104335308075,0.027554113417863846,0.09831582754850388,0.001691456069238484,0.1090729832649231,0.1912176012992859,0.007706003729254007,-0.05471302941441536,0.001434275764040649,0.054731376469135284,0.023980489000678062,2-4deg,0.00-0.04,0.0,0.0,0.0,0.0
123,33,True,True,0.07017677277326584,0.05170384421944618,0.06066470965743065,0.17084653675556183,2.7200000286102295,1.0951250791549683,0.2548142075538635,-0.059047382324934006,0.008098874241113663,0.17084653675556183,0.06066470965743065,-0.01969022862613201,-0.06256308406591415,0.8545873165130615,0.3544728457927704,0.17065446078777313,0.18844833970069885,>=0.15,False,True,False,True,True,False,False,False,True,0.048464640974998474,-0.03801603615283966,0.16095468401908875,0.05776657909154892,0.4306640326976776,0.09999999403953552,0.06066470965743065,-0.02008127048611641,0.02008127048611641,-0.011573895812034607,-0.06234603747725487,0.06341014057397842,0.06414180994033813,0.0342927947640419,0.006514496169984341,0.012837851420044899,0.17036351561546326,0.004306640010327101,-0.016002370044589043,-0.06471063196659088,0.0666569173336029,0.061346691101789474,2-4deg,0.04-0.08,0.0,0.0,0.0,0.0
124,28,True,True,0.054862625896930695,0.054862625896930695,0.042108628898859024,0.07090257853269577,3.759999990463257,1.0877882242202759,0.23270028829574585,0.001972629688680172,-0.03544043377041817,0.07090257853269577,0.042108628898859024,-0.019893968477845192,0.0378466434776783,1.3019527196884155,0.5050498247146606,0.06140970438718796,0.16866256296634674,>=0.15,False,True,False,True,True,False,False,False,True,0.04470080882310867,-0.021532654762268066,0.12887151539325714,0.4054238200187683,0.4054238200187683,0.05999999865889549,0.042108628898859024,-0.020109375938773155,0.020109375938773155,0.048360735177993774,0.003368531819432974,0.048477575182914734,0.010415244847536087,0.0038909639697521925,0.0015049839857965708,-0.03312151879072189,0.06269083172082901,0.004054238088428974,0.048423804342746735,0.0037764012813568115,0.048570968210697174,0.010227334685623646,2-4deg,0.00-0.04,0.0,0.0,0.0,0.0
125,45,True,True,0.05237169191241264,0.052203044295310974,0.03892211988568306,0.13765543699264526,2.200000047683716,1.7512993812561035,0.43535545468330383,0.011346597224473953,-0.016785209998488426,0.13765543699264526,0.03892211988568306,-0.01980598457157612,0.026071326807141304,0.6694440245628357,0.251814603805542,0.13662824034690857,0.15693850815296173,>=0.15,False,True,False,True,True,False,False,False,True,0.03963165357708931,-0.18357320129871368,0.12405165284872055,0.0657661110162735,0.0657661110162735,0.09999999403953552,0.03892211988568306,-0.019864380359649658,0.019864380359649658,-0.0011218267027288675,-0.07195623219013214,0.0719645619392395,0.02539202943444252,0.10875513404607773,0.003951764199882746,-0.016748912632465363,0.13663268089294434,0.0006576611194759607,-0.0014683195622637868,-0.0697610154747963,0.0697760283946991,0.030149005353450775,4-6deg,0.00-0.04,0.0,0.0,0.0,0.0
126,16,True,True,0.04193061217665672,0.04193061217665672,0.023115163668990135,0.17797213792800903,1.2400000095367432,1.0511531829833984,0.4162136912345886,-0.0422435961663723,0.009763967245817184,0.17797213792800903,0.023115163668990135,-0.020009595900774002,-0.05185343325138092,0.2709876596927643,0.17090459167957306,0.1777041107416153,0.20397691428661346,>=0.15,False,True,False,True,True,False,False,False,True,0.029174773022532463,-0.1338345855474472,0.04260177165269852,0.044025544077157974,0.22556635737419128,0.11999999731779099,0.023115163668990135,-0.020049942657351494,0.020049942657351494,0.0013007450615987182,0.002139515709131956,0.0025135823525488377,0.007928483188152313,0.06809819489717484,0.0005980199784971774,0.009693684987723827,0.1777079552412033,0.0022556635085493326,0.0012937515275552869,0.0013406701618805528,0.0018593198619782925,0.00804062094539404,0-2deg,0.00-0.04,0.0,0.0,0.0,0.0
127,55,True,True,0.04017198085784912,0.03953169658780098,0.01969207264482975,0.16242088377475739,4.839999675750732,1.1814833879470825,0.2233196645975113,0.006595999002456665,0.020655842497944832,0.16242088377475739,0.01969207264482975,-0.019983813166618347,-0.014554554596543312,1.8566343784332275,0.4903964102268219,0.1611020714044571,0.15759879350662231,>=0.15,False,True,False,True,True,False,False,False,True,0.01920170895755291,-0.10399342328310013,0.1315535455942154,0.07737952470779419,0.5068222284317017,0.07999999821186066,0.01969207264482975,-0.02001025155186653,0.02001025155186653,0.00925072655081749,0.011292310431599617,0.014595573768019676,0.020861966535449028,0.020141571760177612,0.0,0.022907152771949768,0.16079740226268768,0.005068222060799599,0.008129052817821503,0.011855566874146461,0.014373352751135826,0.02097216807305813,0-2deg,0.00-0.04,0.0,0.0,0.0,0.0
128,49,True,True,0.08834535628557205,0.08328384906053543,0.08113443106412888,0.14796268939971924,1.7400000095367432,1.406304121017456,0.373778760433197,-0.009722600691020489,-0.07970605045557022,0.14796268939971924,0.08113443106412888,-0.02000471204519272,0.06905942410230637,0.4037099778652191,0.25539281964302063,0.12465915083885193,0.12046707421541214,0.10-0.15,False,True,False,True,True,False,False,False,True,0.07884690910577774,-0.056060366332530975,0.11941871792078018,0.28818807005882263,0.28818807005882263,0.05999999865889549,0.08113443106412888,-0.020030315965414047,0.020030315965414047,-0.03715885430574417,0.06116476282477379,0.07155554741621017,0.01954425498843193,0.0,0.00048828125,-0.08631140738725662,0.12018027901649475,0.0028818806167691946,-0.037663623690605164,0.0617259256541729,0.07229703664779663,0.018192337825894356,4-6deg,0.00-0.04,0.0,0.0006905339541845024,0.0,0.0
129,39,True,False,0.1427217572927475,0.1427217572927475,0.0,0.0,1.5999999046325684,1.5949937105178833,0.45954734086990356,-0.2590484023094177,-0.3652184009552002,0.6453232169151306,0.13922244310379028,-0.01701384223997593,0.11204574257135391,0.6341065168380737,0.42022061347961426,0.5320315361022949,0.232797309756279,>=0.15,True,True,False,True,False,False,False,True,True,0.13922244310379028,-0.4025002419948578,0.5044160485267639,0.11219031363725662,0.11219031363725662,0.0,0.13922244310379028,-0.01701384223997593,0.01701384223997593,-0.06478463113307953,-0.03535256162285805,0.07379084825515747,0.05159575864672661,0.05372627452015877,0.05372627452015877,-0.4025002419948578,0.5044160485267639,0.001121903071179986,-0.06478463113307953,-0.03535256162285805,0.07379084825515747,0.05159575864672661,4-6deg,0.04-0.08,0.0,0.0,0.0,0.0
130,29,True,True,0.053079500794410706,0.04945303499698639,0.03989740461111069,0.20337346196174622,5.0,1.190370798110962,0.19285167753696442,0.005527349188923836,0.029671858996152878,0.20337346196174622,0.03989740461111069,-0.019970454275608063,-0.0247801523655653,0.6309641003608704,0.2206980288028717,0.2011972814798355,0.19224508106708527,>=0.15,False,True,False,True,True,False,False,False,True,0.035954948514699936,-0.09533658623695374,0.09151171892881393,0.029101824387907982,0.47920066118240356,0.07999999821186066,0.03989740461111069,-0.020121512934565544,0.020121512934565544,-0.03420650213956833,-0.0032340800389647484,0.03435879200696945,0.04296368733048439,0.025195695459842682,0.0005980199784971774,0.027850737795233727,0.2014574408531189,0.004792006686329842,-0.0315888486802578,-0.0032127690501511097,0.0317508801817894,0.04427700489759445,0-2deg,0.04-0.08,0.0,0.0,0.0,0.0
131,0,True,True,0.05736376345157623,0.05072842538356781,0.04543956741690636,0.1539604365825653,2.700000047683716,1.3950834274291992,0.41607531905174255,0.005986225791275501,-0.013354653492569923,0.1539604365825653,0.04543956741690636,-0.01998930610716343,0.021290574222803116,1.4148128032684326,0.585644543170929,0.1533801406621933,0.15380719304084778,>=0.15,False,True,False,True,True,False,False,False,True,0.032128673046827316,-0.1322186440229416,0.23230814933776855,0.027118228375911713,0.16427890956401825,0.11999999731779099,0.04543956741690636,-0.019990649074316025,0.019990649074316025,-0.030358104035258293,-0.04924420267343521,0.05784311890602112,0.0418500117957592,0.10035211592912674,0.0,-0.011937006376683712,0.15349698066711426,0.0016427891096100211,-0.03020261600613594,-0.05334135517477989,0.061291322112083435,0.040140166878700256,2-4deg,0.04-0.08,0.0,0.0,0.0,0.0
132,22,True,True,0.03961735963821411,0.03893940523266792,0.01860232837498188,0.18065471947193146,2.759999990463257,1.2105003595352173,0.2854521572589874,-0.008957129903137684,-0.04430258274078369,0.18065471947193146,0.01860232837498188,-0.020022397860884666,0.03535597026348114,1.1622406244277954,0.4612649977207184,0.17513826489448547,0.2230066955089569,>=0.15,False,True,False,True,True,False,False,False,True,0.026379205286502838,-0.1906149536371231,0.3445301651954651,0.046727996319532394,0.521111249923706,0.09999999403953552,0.01860232837498188,-0.020022397860884666,0.020022397860884666,0.004219881724566221,0.02538813091814518,0.02573642134666443,0.014985854737460613,0.10500428825616837,0.0,-0.04575386643409729,0.1747647374868393,0.005211112555116415,0.004743294324725866,0.024255579337477684,0.024715572595596313,0.01620420068502426,0-2deg,0.00-0.04,0.0,0.0,0.0,0.0
133,54,True,True,0.11358843743801117,0.11358843743801117,0.1083330512046814,0.20461751520633698,2.8399999141693115,1.5473582744598389,0.34613242745399475,0.046511534601449966,-0.11568655073642731,0.20461751520633698,0.1083330512046814,-0.019138751551508904,0.16190382838249207,1.032203197479248,0.5318766832351685,0.16877485811710358,0.18030959367752075,>=0.15,False,True,False,True,True,False,False,False,True,0.11243020743131638,-0.27708882093429565,0.5110033750534058,0.04161253571510315,0.07429739832878113,0.09999999403953552,0.1083330512046814,-0.01934724487364292,0.01934724487364292,0.008331566117703915,-0.0015044925967231393,0.008464349433779716,0.007523787207901478,0.034873731434345245,0.015799665823578835,-0.11637317389249802,0.16830214858055115,0.000742973992601037,0.007951241917908192,-0.0019756390247493982,0.008192387409508228,0.00761104142293334,0-2deg,0.00-0.04,0.0,0.0,0.0,0.0
134,23,True,True,0.06184542924165726,0.05628662556409836,0.05098053067922592,0.18809333443641663,2.9600000381469727,1.3962173461914062,0.26877468824386597,0.0014790979912504554,-0.006984495557844639,0.18809333443641663,0.05098053067922592,-0.019993362948298454,0.008527866564691067,0.6006969809532166,0.2960071265697479,0.187963604927063,0.18961139023303986,>=0.15,False,True,False,True,True,False,False,False,True,0.0831509381532669,-0.05168627202510834,0.36573582887649536,0.031161407008767128,0.43086686730384827,1.159999966621399,0.05098053067922592,-0.019993362948298454,0.019993362948298454,-0.013709431514143944,0.011780766770243645,0.018076546490192413,0.03234202787280083,0.08370593190193176,0.0,-0.002157478593289852,0.18808095157146454,0.004308668430894613,-0.03868381306529045,0.014290857128798962,0.041237398982048035,0.008414076641201973,0-2deg,0.00-0.04,0.0,0.0,0.0,0.0
135,10,True,True,0.06478329002857208,0.04554292932152748,0.05437538027763367,0.10326682031154633,4.400000095367432,1.1843713521957397,0.2668118178844452,-0.048220373690128326,0.014418289065361023,0.10326682031154633,0.05437538027763367,-0.01989082433283329,-0.061606984585523605,1.3995920419692993,0.4178096354007721,0.10225530713796616,0.10446708649396896,0.10-0.15,False,True,False,True,True,False,False,False,True,0.05224457383155823,-0.021155990660190582,0.11715016514062881,0.035186104476451874,0.3626129925251007,0.14000000059604645,0.05437538027763367,-0.020075149834156036,0.020075149834156036,-0.06545782089233398,0.026432879269123077,0.07058607786893845,0.03322078287601471,0.07767312973737717,0.002367031527683139,0.007783074863255024,0.1029730960726738,0.003626129822805524,-0.061781372874975204,0.02417636662721634,0.06633758544921875,0.03865451365709305,4-6deg,0.00-0.04,0.0,0.0,0.0,0.0
136,30,True,True,0.03970346599817276,0.03763721138238907,0.017442412674427032,0.21129488945007324,2.0199999809265137,1.406906008720398,0.33881875872612,0.029984349384903908,-0.15309074521064758,0.21129488945007324,0.017442412674427032,-0.01921052858233452,0.1849697083234787,0.6435030698776245,0.31842198967933655,0.14563225209712982,0.14612217247486115,0.10-0.15,False,True,False,True,True,False,False,False,True,0.012503971345722675,-0.19284750521183014,0.15673859417438507,0.026643306016921997,0.12831060588359833,0.05999999865889549,0.017442412674427032,-0.019940519705414772,0.019940519705414772,-0.005265446379780769,-0.07312265038490295,0.07331147789955139,0.039108335971832275,0.007348609156906605,0.01575811207294464,-0.16236719489097595,0.1352125108242035,0.0012831060448661447,-0.003835815005004406,-0.07244492322206497,0.07254663109779358,0.04000600054860115,4-6deg,0.00-0.04,0.0,0.0,0.0,0.0
137,52,True,True,0.08404888212680817,0.06505273282527924,0.0763980820775032,0.24473664164543152,4.319999694824219,1.1729464530944824,0.19084569811820984,0.016900107264518738,0.059394676238298416,0.24473664164543152,0.0763980820775032,-0.020010512322187424,-0.04218712076544762,1.0048974752426147,0.308959424495697,0.23742008209228516,0.22151803970336914,>=0.15,False,True,False,True,True,False,False,False,True,0.0685085654258728,-0.05578785762190819,0.01297043263912201,0.07476788759231567,0.3916139602661133,0.09999999403953552,0.0763980820775032,-0.020109107717871666,0.020109107717871666,-0.011514841578900814,-0.04151608422398567,0.043082911521196365,0.03789561241865158,0.0625416561961174,0.0007720404537394643,0.06373122334480286,0.23629294335842133,0.003916139714419842,-0.014437893405556679,-0.04218059033155441,0.04458192363381386,0.03703980892896652,2-4deg,0.00-0.04,0.0,0.0,0.0,0.0
138,44,True,True,0.06828831881284714,0.05820533260703087,0.058633167296648026,0.15850785374641418,2.93999981880188,1.4113305807113647,0.33248674869537354,0.0022306255996227264,-0.0008843396790325642,0.15850785374641418,0.058633167296648026,-0.019990814849734306,0.003191150026395917,0.9314132332801819,0.33420228958129883,0.158505380153656,0.15894846618175507,>=0.15,False,True,False,True,True,False,False,False,True,0.05494736507534981,-0.08124445378780365,0.045776739716529846,0.10837925970554352,0.3775164783000946,0.07999999821186066,0.058633167296648026,-0.020006462931632996,0.020006462931632996,0.012244013138115406,-0.024973472580313683,0.02781364694237709,0.010461204685270786,0.020435377955436707,0.0,0.00046977458987385035,0.15850716829299927,0.003775164717808366,0.012078593485057354,-0.025544624775648117,0.02825593389570713,0.009372816421091557,0-2deg,0.00-0.04,0.0,0.0,0.0,0.0
139,56,True,True,0.06421678513288498,0.062351543456315994,0.05382665991783142,0.1663776934146881,1.8399999141693115,1.530001163482666,0.4251168370246887,-0.07634250819683075,0.00040118396282196045,0.1663776934146881,0.05382665991783142,-0.01997416652739048,-0.07390312105417252,0.536572277545929,0.31348901987075806,0.1663772016763687,0.08242185413837433,0.05-0.10,False,True,False,True,True,False,False,False,True,0.06074205040931702,-0.15974968671798706,0.231964573264122,0.11958067119121552,0.29765447974205017,0.19999998807907104,0.05382665991783142,-0.020029250532388687,0.020029250532388687,0.07789643108844757,0.001138949184678495,0.07790476828813553,0.014554356224834919,0.08224602788686752,0.00048828125,0.012569835409522057,0.16590218245983124,0.0029765446670353413,0.07568756490945816,-0.0007155085331760347,0.07569063454866409,0.01754223369061947,4-6deg,0.00-0.04,0.0,0.0,0.0,0.0
140,4,True,True,0.11857203394174576,0.10560216754674911,0.11336001008749008,0.1962975114583969,2.059999942779541,1.4689569473266602,0.45154908299446106,-0.010179699398577213,-0.15510588884353638,0.1962975114583969,0.11336001008749008,-0.019805043935775757,0.14457033574581146,1.0141756534576416,0.468349426984787,0.12031158804893494,0.10902681201696396,0.10-0.15,False,True,False,True,True,False,False,False,True,0.10058607161045074,-0.3523508608341217,0.43334466218948364,0.11802416294813156,0.11802416294813156,0.2199999988079071,0.11336001008749008,-0.019805043935775757,0.019805043935775757,-0.006973055191338062,0.02389741688966751,0.02489341050386429,0.0043428936041891575,0.05208400636911392,0.00393665162846446,-0.15210840106010437,0.12407960742712021,0.0011802415829151869,-0.007639752700924873,0.02423829212784767,0.02541242726147175,0.003211219795048237,0-2deg,0.00-0.04,0.0,0.0,0.0,0.0
141,41,True,False,0.13598862290382385,0.13499847054481506,0.0,0.0,2.440000057220459,1.5263054370880127,0.3349955379962921,-0.07815733551979065,-0.11525136232376099,0.36388587951660156,0.13231702148914337,-0.015333815477788448,0.0413806289434433,1.3475152254104614,0.5619462728500366,0.34515222907066345,0.12251317501068115,0.10-0.15,True,True,False,True,False,False,False,True,True,0.13231702148914337,-0.1422894448041916,0.3349129259586334,0.021403592079877853,0.021403592079877853,0.0,0.13231702148914337,-0.015333815477788448,0.015333815477788448,0.009032785892486572,-0.07913215458393097,0.0796445831656456,0.018850479274988174,0.07997802644968033,0.07997802644968033,-0.1422894448041916,0.3349129259586334,0.00021403591381385922,0.009032785892486572,-0.07913215458393097,0.0796445831656456,0.018850479274988174,4-6deg,0.00-0.04,0.0,0.0,0.0,0.0
142,58,True,True,0.08880433440208435,0.08736919611692429,0.08161195367574692,0.09077900648117065,1.6799999475479126,1.600515365600586,0.45354393124580383,0.008969195187091827,0.021085631102323532,0.09077900648117065,0.08161195367574692,-0.020004112273454666,-0.012594252824783325,0.8560866117477417,0.3942195475101471,0.08829622715711594,0.13518570363521576,0.10-0.15,False,True,False,True,True,False,False,False,True,0.08087042719125748,-0.19230368733406067,0.27089500427246094,0.2936813235282898,0.2936813235282898,0.07999999821186066,0.08161195367574692,-0.020004112273454666,0.020004112273454666,0.006644346751272678,-0.022595923393964767,0.02355220727622509,0.011359648779034615,0.01048389170318842,0.0,0.020877273753285408,0.0883457213640213,0.0029368132818490267,0.007014764007180929,-0.023134266957640648,0.02417420968413353,0.010421831160783768,0-2deg,0.00-0.04,0.0,0.0,0.0,0.0
143,9,True,True,0.09020675718784332,0.08551841229200363,0.08316586166620255,0.21084079146385193,2.359999895095825,1.23988938331604,0.32021889090538025,-0.001068094396032393,-0.1093551367521286,0.21084079146385193,0.08316586166620255,-0.02001841738820076,0.11014516651630402,1.0920367240905762,0.48192328214645386,0.18026451766490936,0.1849513053894043,>=0.15,False,True,False,True,True,False,False,False,True,0.07941547781229019,-0.21063776314258575,0.12698324024677277,0.03251032903790474,0.18009357154369354,0.09999999403953552,0.08316586166620255,-0.02001841738820076,0.02001841738820076,0.0066399946808815,0.011578867211937904,0.013345460407435894,0.026276083663105965,0.059302203357219696,0.001091830083169043,-0.10809735208749771,0.1810215711593628,0.0018009357154369354,0.006424034014344215,0.013657459057867527,0.0150934848934412,0.025959691032767296,0-2deg,0.00-0.04,0.0,0.0,0.0,0.0
144,61,True,True,0.07116542756557465,0.06601481884717941,0.0619586780667305,0.25108322501182556,3.1599998474121094,1.5989521741867065,0.35724732279777527,0.006342469714581966,-0.08258106559515,0.25108322501182556,0.0619586780667305,-0.020009879022836685,0.09032917767763138,1.1620595455169678,0.4138307273387909,0.23711423575878143,0.23087674379348755,>=0.15,False,True,False,True,True,False,False,False,True,0.05693071708083153,-0.07230310142040253,0.19936302304267883,0.056902285665273666,0.28743261098861694,0.05999999865889549,0.0619586780667305,-0.020012792199850082,0.020012792199850082,-0.028985805809497833,0.03171428292989731,0.04296095669269562,0.022957442328333855,0.0003452669770922512,0.0005980199784971774,-0.07231459021568298,0.240444153547287,0.0028743259608745575,-0.02852918952703476,0.03250861540436745,0.04324866458773613,0.022859567776322365,2-4deg,0.00-0.04,0.0,0.0,0.0,0.0
145,59,True,False,0.14895495772361755,0.1488233506679535,0.0,0.0,2.0199999809265137,1.4352154731750488,0.49218034744262695,-0.08221250772476196,-0.1854473352432251,0.3508182764053345,0.14478197693824768,-0.019871724769473076,0.1009327620267868,0.47678959369659424,0.31791922450065613,0.29779648780822754,0.196158304810524,>=0.15,True,True,False,True,False,False,False,True,True,0.14478197693824768,-0.18343065679073334,0.2990429103374481,0.022474851459264755,0.022474851459264755,0.0,0.14478197693824768,-0.019871724769473076,0.019871724769473076,-0.0005615278496406972,0.006734532304108143,0.006757020950317383,0.041594840586185455,0.0017605233006179333,0.0017605233006179333,-0.18343065679073334,0.2990429103374481,0.00022474850993603468,-0.0005615278496406972,0.006734532304108143,0.006757020950317383,0.041594840586185455,0-2deg,0.04-0.08,0.0,0.0,0.0,0.0
146,28,True,True,0.05466562882065773,0.05466562882065773,0.04204189404845238,0.12016672641038895,0.9599999785423279,1.6898775100708008,0.8405425548553467,0.008697783574461937,-0.11126360297203064,0.12016672641038895,0.04204189404845238,-0.020020030438899994,0.11832835525274277,0.646821141242981,0.2444838136434555,0.04539221152663231,0.04678424075245857,0.00-0.05,False,True,False,True,True,False,False,False,True,0.05074218660593033,-0.49612218141555786,0.44743338227272034,0.16607436537742615,0.19684936106204987,0.09999999403953552,0.04204189404845238,-0.020020030438899994,0.020020030438899994,0.005823593121021986,-0.0040680537931621075,0.007101108320057392,0.04067881032824516,0.04970317706465721,0.0009765625,-0.11100491136312485,0.0460212342441082,0.001968493452295661,0.005820620339363813,-0.0008104427251964808,0.005879693198949099,0.040747638791799545,0-2deg,0.04-0.08,0.0,0.0,0.0,0.0
147,27,True,True,0.05573248118162155,0.05320536345243454,0.04338882118463516,0.17795270681381226,2.6599998474121094,1.341925859451294,0.3381233215332031,-0.006035124883055687,-0.07918015122413635,0.17795270681381226,0.04338882118463516,-0.019999239593744278,0.07332800328731537,1.112038254737854,0.43680256605148315,0.1593664586544037,0.1768995225429535,>=0.15,False,True,False,True,True,False,False,False,True,0.0402095690369606,-0.104145348072052,0.1623057872056961,0.31724533438682556,0.31724533438682556,0.05999999865889549,0.04338882118463516,-0.020100168883800507,0.020100168883800507,-0.023585475981235504,0.0350499264895916,0.042244408279657364,0.01487386878579855,0.0016558425268158317,0.00048828125,-0.08565591275691986,0.15598151087760925,0.003172453260049224,-0.0235699862241745,0.03562510758638382,0.04271320626139641,0.0138950040563941,2-4deg,0.00-0.04,0.0,0.0,0.0,0.0
148,35,True,True,0.04508456587791443,0.04491380602121353,0.028166770935058594,0.1779952496290207,2.799999952316284,1.060430884361267,0.27324214577674866,-0.01821468584239483,-0.13898612558841705,0.1779952496290207,0.028166770935058594,-0.019869666546583176,0.1208072379231453,1.0059000253677368,0.4721624553203583,0.11119876056909561,0.15872439742088318,>=0.15,False,True,False,True,True,False,False,False,True,0.032233044505119324,-0.23577342927455902,0.3046822249889374,0.038115616887807846,0.06688813120126724,0.09999999403953552,0.028166770935058594,-0.019875207915902138,0.019875207915902138,-0.0032441900111734867,0.018171770498156548,0.018458327278494835,0.07276497036218643,0.042218998074531555,0.0026067092549055815,-0.14108668267726898,0.10852120816707611,0.0006688812864013016,-0.005816617049276829,0.023342782631516457,0.02405555546283722,0.0715702548623085,0-2deg,0.04-0.08,0.0,0.0,0.0,0.0
149,1,True,True,0.08229745179414749,0.07854991406202316,0.0745018720626831,0.1809801310300827,1.7999999523162842,1.3250083923339844,0.3595920205116272,-0.007353846915066242,0.020092695951461792,0.1809801310300827,0.0745018720626831,-0.020022466778755188,-0.02835005708038807,0.398086816072464,0.28611552715301514,0.17986132204532623,0.04587786644697189,0.00-0.05,False,True,False,True,True,False,False,False,True,0.07035059481859207,-0.1150537058711052,0.34000593423843384,0.0613226480782032,0.25125664472579956,0.09999999403953552,0.0745018720626831,-0.020079270005226135,0.020079270005226135,0.0006350033800117671,-0.02712428942322731,0.027132315561175346,0.01097560953348875,0.05841049551963806,0.0008457279182039201,0.022122235968708992,0.17962297797203064,0.002512566279619932,0.0008158145938068628,-0.026233378797769547,0.026245584711432457,0.011747404932975769,0-2deg,0.00-0.04,0.0,0.0,0.0,0.0
150,26,True,True,0.08469503372907639,0.07200644910335541,0.07709456980228424,0.2520405352115631,4.21999979019165,1.1504428386688232,0.23782333731651306,0.01977137103676796,0.05767809599637985,0.2520405352115631,0.07709456980228424,-0.02000478282570839,-0.03745115175843239,0.7523882389068604,0.2939951419830322,0.2453521192073822,0.23577921092510223,>=0.15,False,True,False,True,True,False,False,False,True,0.06297458708286285,-0.080933578312397,0.03578255698084831,0.08956249803304672,0.6650057435035706,0.14000000059604645,0.07709456980228424,-0.02012661099433899,0.02012661099433899,0.02901962399482727,-0.07685919106006622,0.08214512467384338,0.03185904771089554,0.09865226596593857,0.0012918708380311728,0.07603524625301361,0.24029786884784698,0.006650057155638933,0.02841719426214695,-0.08023490011692047,0.08510860055685043,0.025281058624386787,4-6deg,0.00-0.04,0.0,0.0,0.0,0.0
151,53,True,False,0.24008357524871826,0.1181970164179802,0.0,0.0,3.5399999618530273,1.5539463758468628,0.32584697008132935,0.13764266669750214,0.038069598376750946,0.1991075575351715,0.23932842910289764,-0.011650779284536839,0.09730856865644455,1.3774272203445435,0.4873645603656769,0.19543419778347015,0.2017904669046402,>=0.15,True,True,False,True,False,False,False,True,True,0.11440962553024292,-0.09359636902809143,0.3518568277359009,0.09287738800048828,0.09287738800048828,0.0,0.23932842910289764,-0.01927834004163742,0.01927834004163742,-0.023256618529558182,0.007944333367049694,0.024575285613536835,0.011259605176746845,0.05345699563622475,0.0908193588256836,0.040462858974933624,0.19495274126529694,0.0009287738357670605,-0.01564987190067768,0.009523173794150352,0.018318939954042435,0.013443700969219208,0-2deg,0.00-0.04,0.0,0.0,0.0,0.0
152,40,True,True,0.04243408888578415,0.03650842607021332,0.023979047313332558,0.24782665073871613,3.259999990463257,1.1492189168930054,0.2471972107887268,0.002932450734078884,0.002954001072794199,0.24782665073871613,0.023979047313332558,-0.019989360123872757,0.0001114934275392443,0.5749468207359314,0.2333763688802719,0.2478090524673462,0.24752077460289001,>=0.15,False,True,False,True,True,False,False,False,True,0.009839657694101334,-0.14341533184051514,0.181010901927948,0.09913496673107147,0.2743178904056549,0.07999999821186066,0.023979047313332558,-0.019998468458652496,0.019998468458652496,0.015222692862153053,-0.021486695855855942,0.02633175440132618,0.00781824067234993,0.0020716022700071335,0.0,0.0014624148607254028,0.2478223443031311,0.0027431787457317114,0.015167368575930595,-0.021004507318139076,0.025907255709171295,0.008365719579160213,0-2deg,0.00-0.04,0.0,0.0,0.0,0.0
153,17,True,True,0.06048600748181343,0.05824439972639084,0.049320947378873825,0.12049474567174911,4.799999713897705,1.0962719917297363,0.2030353993177414,0.003731902688741684,-0.004108076449483633,0.12049474567174911,0.049320947378873825,-0.01999044045805931,0.007750615477561951,0.8849939107894897,0.2688344717025757,0.12042469531297684,0.11901524662971497,0.10-0.15,False,True,False,True,True,False,False,False,True,0.05028099939227104,-0.0991828441619873,0.07964872568845749,0.04635603725910187,0.1100238636136055,0.09999999403953552,0.049320947378873825,-0.01999095268547535,0.01999095268547535,0.018773313611745834,-2.625217348395381e-05,0.01877213455736637,0.0039968970231711864,0.03513261675834656,0.0,-0.004474833607673645,0.12041162699460983,0.0011002386454492807,0.018519168719649315,0.00020465301349759102,0.018519582226872444,0.004602912347763777,0-2deg,0.00-0.04,0.0,0.0,0.0,0.0
154,60,True,True,0.04805752635002136,0.04805752635002136,0.03288162127137184,0.18732579052448273,2.119999885559082,1.4093602895736694,0.43816739320755005,-0.029712412506341934,-0.15425291657447815,0.18732579052448273,0.03288162127137184,-0.019941207021474838,0.12446986883878708,0.5943273305892944,0.35521572828292847,0.10628729313611984,0.11355894058942795,0.10-0.15,False,True,False,True,True,False,False,False,True,0.03611600399017334,-0.2283603399991989,0.19630473852157593,0.37492334842681885,0.37492334842681885,0.07999999821186066,0.03288162127137184,-0.020100031048059464,0.020100031048059464,-0.021783344447612762,0.02077081985771656,0.030096853151917458,0.0645221620798111,0.0024657000321894884,0.0012448779307305813,-0.15188804268836975,0.1096401959657669,0.0037492334377020597,-0.0188471507281065,0.018190160393714905,0.026193294674158096,0.06575210392475128,0-2deg,0.04-0.08,0.0,0.0,0.0,0.0
155,37,True,True,0.05699056014418602,0.047593533992767334,0.04498624801635742,0.18232204020023346,3.8399999141693115,1.2533804178237915,0.2644050419330597,0.02632727660238743,0.08453767001628876,0.18232204020023346,0.04498624801635742,-0.019990216940641403,-0.0565502904355526,0.5054584741592407,0.258880078792572,0.16153857111930847,0.13711534440517426,0.10-0.15,False,True,False,True,True,False,False,False,True,0.04213183745741844,-0.02904040366411209,0.08642368763685226,0.0263627041131258,0.4639107584953308,0.11999999731779099,0.04498624801635742,-0.020054856315255165,0.020054856315255165,-0.03172462806105614,0.015297411940991879,0.03521905466914177,0.034160979092121124,0.03800675645470619,0.0005980199784971774,0.08087439090013504,0.16340337693691254,0.004639107268303633,-0.028865093365311623,0.017313050106167793,0.03365759178996086,0.035800687968730927,2-4deg,0.00-0.04,0.0,0.0,0.0,0.0
156,51,True,True,0.05415792763233185,0.05352165549993515,0.040824394673109055,0.18743368983268738,1.7599999904632568,1.4023425579071045,0.39698532223701477,-0.014915755949914455,0.02871178463101387,0.18743368983268738,0.040824394673109055,-0.01853753998875618,-0.04371112212538719,0.4798986315727234,0.3337295949459076,0.18522153794765472,0.1085641011595726,0.10-0.15,False,True,False,True,True,False,False,False,True,0.04510747641324997,-0.1795196533203125,0.35630345344543457,0.06706883758306503,0.08254196494817734,0.11999999731779099,0.040824394673109055,-0.018742302432656288,0.018742302432656288,-0.053182899951934814,-0.04761262983083725,0.07136689126491547,0.040546368807554245,0.057167984545230865,0.02301974594593048,0.016900906339287758,0.18667015433311462,0.0008254196145571768,-0.05704788491129875,-0.047086622565984726,0.07395398616790771,0.03746554255485535,4-6deg,0.04-0.08,0.0,0.0006905339541845024,0.0,0.0
157,6,True,True,0.07526881247758865,0.06952568143606186,0.06663184612989426,0.14984135329723358,2.6599998474121094,1.576256275177002,0.38411471247673035,0.003230295144021511,-0.001977180130779743,0.14984135329723358,0.06663184612989426,-0.020000029355287552,0.004802162759006023,1.9475767612457275,0.7169498205184937,0.14982829988002777,0.15029790997505188,>=0.15,False,True,False,True,True,False,False,False,True,0.059689026325941086,-0.20100925862789154,0.3298868238925934,0.08851154148578644,0.31963858008384705,0.09999999403953552,0.06663184612989426,-0.020062394440174103,0.020062394440174103,-0.03854718804359436,-0.021430373191833496,0.044101886451244354,0.03695736080408096,0.061756640672683716,0.0,0.0029839961789548397,0.14981162548065186,0.0031963856890797615,-0.03931477665901184,-0.018542185425758362,0.04346593841910362,0.03773702681064606,2-4deg,0.00-0.04,0.0,0.0,0.0,0.0
158,15,True,True,0.04166831448674202,0.037647735327482224,0.022604618221521378,0.22855687141418457,3.8999998569488525,1.4434860944747925,0.2201363444328308,0.008772533386945724,0.02711794152855873,0.22855687141418457,0.022604618221521378,-0.02001418173313141,-0.01832028664648533,0.4263238310813904,0.1458129733800888,0.22694242000579834,0.21616052091121674,>=0.15,False,True,False,True,True,False,False,False,True,0.013229349628090858,-0.15481045842170715,0.07549974322319031,0.025828449055552483,0.34143197536468506,0.09999999403953552,0.022604618221521378,-0.02010030299425125,0.02010030299425125,0.037414904683828354,0.05976560339331627,0.07049897313117981,0.049764007329940796,0.06356985121965408,0.0008457279182039201,0.043026529252529144,0.22447039186954498,0.003414319595322013,0.03404352441430092,0.06180159002542496,0.0705471858382225,0.04875342920422554,4-6deg,0.04-0.08,0.0,0.0,0.0,0.0
159,25,True,True,0.06393022835254669,0.05716840922832489,0.053422167897224426,0.07616379857063293,3.1399998664855957,1.5327258110046387,0.31852710247039795,-0.03525756299495697,0.0018645226955413818,0.07616379857063293,0.053422167897224426,-0.01995227299630642,-0.036787934601306915,0.5052313208580017,0.17774845659732819,0.07614096999168396,0.08193062990903854,0.05-0.10,False,True,False,True,True,False,False,False,True,0.060895826667547226,-0.013985518366098404,0.2197720855474472,0.031134018674492836,0.2371663600206375,2.0,0.053422167897224426,-0.020098641514778137,0.020098641514778137,0.02926883101463318,-0.0007195362122729421,0.029277566820383072,0.004132305271923542,0.10354748368263245,0.0013810680247843266,0.0014917673543095589,0.07614918798208237,0.002371663460507989,-0.006232974119484425,0.0036407699808478355,0.0072176652029156685,0.02409532107412815,0-2deg,0.00-0.04,0.0,0.0,0.0,0.0
160,14,True,True,0.05886077135801315,0.04824178293347359,0.04733831062912941,0.1310860514640808,4.019999980926514,1.3523178100585938,0.20243878662586212,-0.03196224197745323,0.01078285276889801,0.1310860514640808,0.04733831062912941,-0.02002212032675743,-0.040381986647844315,0.704391360282898,0.21462242305278778,0.13064181804656982,0.14706988632678986,0.10-0.15,False,True,False,True,True,False,False,False,True,0.0439489372074604,-0.07370458543300629,0.03165841102600098,0.0898195281624794,0.20545007288455963,0.11999999731779099,0.04733831062912941,-0.020055484026670456,0.020055484026670456,0.046706363558769226,0.02813253179192543,0.05451958626508713,0.040440063923597336,0.04094284772872925,0.00048828125,0.016914241015911102,0.12999023497104645,0.002054500626400113,0.046941522508859634,0.032072123140096664,0.05684472247958183,0.03848131000995636,2-4deg,0.04-0.08,0.0,0.0,0.0,0.0
161,42,True,True,0.047056738287210464,0.04628917574882507,0.03146921098232269,0.17638590931892395,5.819999694824219,1.604011058807373,0.20602643489837646,-0.017060985788702965,0.07079733163118362,0.17638590931892395,0.03146921098232269,-0.020067919045686722,-0.08627568185329437,0.846931517124176,0.31716617941856384,0.16155411303043365,0.14461582899093628,0.10-0.15,False,True,False,True,True,False,False,False,True,0.11887361854314804,-0.38268381357192993,0.2863823175430298,0.2549499571323395,0.5964083075523376,3.6399998664855957,0.03146921098232269,-0.020067919045686722,0.020067919045686722,0.028976891189813614,0.03883761912584305,0.0484517365694046,0.057086072862148285,0.032395850867033005,0.0017605233006179333,0.06921131163835526,0.1622398942708969,0.005964083131402731,-0.022390756756067276,-0.027552738785743713,0.035502295941114426,0.06235624477267265,2-4deg,0.04-0.08,0.0,0.0,0.0,0.0
162,33,True,True,0.049388587474823,0.049388587474823,0.034442607313394547,0.15650087594985962,2.059999942779541,1.2942333221435547,0.33120211958885193,-0.015430052764713764,-0.10858024656772614,0.15650087594985962,0.034442607313394547,-0.01976820081472397,0.09175005555152893,0.37108296155929565,0.18508583307266235,0.11270693689584732,0.19251616299152374,>=0.15,False,True,False,True,True,False,False,False,True,0.045436419546604156,-0.16909094154834747,0.15818068385124207,0.026833226904273033,0.04897058382630348,0.1599999964237213,0.034442607313394547,-0.019832337275147438,0.019832337275147438,-0.058079734444618225,-0.012266539968550205,0.05935949459671974,0.02620452083647251,0.07902410626411438,0.004991471767425537,-0.102967768907547,0.11785653978586197,0.0004897058242931962,-0.06132683530449867,-0.01222266349941492,0.06253115832805634,0.02014671266078949,2-4deg,0.00-0.04,0.0,0.0,0.0,0.0
163,26,True,True,0.08743447065353394,0.08576046675443649,0.07991214841604233,0.1822613775730133,0.8999999761581421,1.5258978605270386,0.6904045343399048,-0.008506777696311474,-0.11595354974269867,0.1822613775730133,0.07991214841604233,-0.019787589088082314,0.10759430378675461,0.4953901469707489,0.2839800715446472,0.14061999320983887,0.08818787336349487,0.05-0.10,False,True,False,True,True,False,False,False,True,0.0783388614654541,-0.3303970694541931,0.43543148040771484,0.1637870967388153,0.1637870967388153,0.09999999403953552,0.07991214841604233,-0.019787589088082314,0.019787589088082314,0.00804109312593937,0.01829454116523266,0.019984103739261627,0.02108144946396351,0.004931403789669275,0.003504079068079591,-0.11719236522912979,0.13958925008773804,0.0016378709115087986,0.006531165447086096,0.019037261605262756,0.020126769319176674,0.020983446389436722,0-2deg,0.00-0.04,0.0,0.0,0.0,0.0
164,62,True,True,0.039921898394823074,0.039921898394823074,0.01915588602423668,0.1419856995344162,2.3399999141693115,1.5699896812438965,0.4927472174167633,-0.011133169755339622,-0.021982882171869278,0.1419856995344162,0.01915588602423668,-0.019958993420004845,0.010653491131961346,1.215805172920227,0.5691751837730408,0.14027363061904907,0.15189388394355774,>=0.15,False,True,False,True,True,False,False,False,True,0.020589912310242653,-0.012380028143525124,0.19857174158096313,0.05809642747044563,0.05809642747044563,0.05999999865889549,0.01915588602423668,-0.02000109851360321,0.02000109851360321,0.06931200623512268,-0.011545989662408829,0.07026588916778564,0.023970672860741615,0.0003452669770922512,0.0007720404537394643,-0.0228506401181221,0.14013488590717316,0.0005809642607346177,0.06883160769939423,-0.012379036284983158,0.06993401050567627,0.024115649983286858,4-6deg,0.00-0.04,0.0,0.0,0.0,0.0
165,36,True,True,0.039779335260391235,0.039705704897642136,0.01888594962656498,0.13593712449073792,2.7200000286102295,1.351416826248169,0.3548928499221802,0.006514997221529484,0.03615022450685501,0.13593712449073792,0.01888594962656498,-0.019985288381576538,-0.029721034690737724,0.6541743278503418,0.33266228437423706,0.1310422271490097,0.12354535609483719,0.10-0.15,False,True,False,True,True,False,False,False,True,0.019263265654444695,0.07624421268701553,0.10466346889734268,0.636979877948761,0.636979877948761,0.05999999865889549,0.01888594962656498,-0.020093634724617004,0.020093634724617004,0.04534350335597992,0.007884517312049866,0.046023111790418625,0.0595933236181736,0.0,0.0005980199784971774,0.04203972592949867,0.1292732208967209,0.006369798444211483,0.0476134717464447,0.00853606779128313,0.048371680080890656,0.058480437844991684,2-4deg,0.04-0.08,0.0,0.0,0.0,0.0
166,12,True,True,0.04289565980434418,0.04147276282310486,0.02492828667163849,0.2572228014469147,3.0399999618530273,1.3636425733566284,0.25328245759010315,-5.902322300244123e-05,0.057362426072359085,0.2572228014469147,0.02492828667163849,-0.02007700316607952,-0.05744121968746185,0.5194123983383179,0.2252395749092102,0.25074514746665955,0.25316813588142395,>=0.15,False,True,False,True,True,False,False,False,True,0.02196686528623104,-0.09420408308506012,0.1943412721157074,0.05786559358239174,0.2837107479572296,0.07999999821186066,0.02492828667163849,-0.02007700316607952,0.02007700316607952,-0.004765453282743692,0.003433885285630822,0.00586954690515995,0.0006206995458342135,0.00528157502412796,0.0005980199784971774,0.057267483323812485,0.2507668435573578,0.002837107516825199,-0.0047630611807107925,0.0033938095439225435,0.005849202163517475,0.0007273487863130867,0-2deg,0.00-0.04,0.0,0.0,0.0,0.0
167,5,True,False,0.15323036909103394,0.15323036909103394,0.0,0.0,2.819999933242798,1.4717200994491577,0.3830130398273468,-0.002374249044805765,-0.15352065861225128,0.2375912070274353,0.14913231134414673,-0.019788602367043495,0.1463986486196518,0.7582644820213318,0.3485226035118103,0.18133117258548737,0.18858617544174194,>=0.15,True,True,False,True,False,False,False,True,True,0.14913231134414673,-0.15389995276927948,0.18100936710834503,0.036748915910720825,0.036748915910720825,0.0,0.14913231134414673,-0.019788602367043495,0.019788602367043495,-0.014717714861035347,-0.006749757099896669,0.01619095355272293,0.04285513982176781,0.0037822125013917685,0.0037822125013917685,-0.15389995276927948,0.18100936710834503,0.0003674891486298293,-0.014717714861035347,-0.006749757099896669,0.01619095355272293,0.04285513982176781,0-2deg,0.04-0.08,0.0,0.0,0.0,0.0
168,11,True,True,0.06539363414049149,0.06118891015648842,0.05522821098566055,0.22244417667388916,4.079999923706055,1.1960630416870117,0.27190330624580383,0.024174220860004425,0.07745196670293808,0.22244417667388916,0.05522821098566055,-0.019992323592305183,-0.053711969405412674,1.5904638767242432,0.4546615779399872,0.20852482318878174,0.19537769258022308,>=0.15,False,True,False,True,True,False,False,False,True,0.050151534378528595,-0.05367831513285637,0.12840817868709564,0.10972759127616882,0.5977727174758911,0.07999999821186066,0.05522821098566055,-0.020048091188073158,0.020048091188073158,0.0016990008298307657,-0.01139329094439745,0.011518741026520729,0.0068407440558075905,0.010523613542318344,0.0008457279182039201,0.07791822403669357,0.20835106074810028,0.005977727007120848,0.0014296690933406353,-0.011067665182054043,0.011161317117512226,0.007245055865496397,0-2deg,0.00-0.04,0.0,0.0,0.0,0.0
169,3,True,True,0.0645182877779007,0.06020303815603256,0.054192762821912766,0.18524187803268433,4.319999694824219,1.2216250896453857,0.256658673286438,0.005981686525046825,-0.02663547173142433,0.18524187803268433,0.054192762821912766,-0.01999642886221409,0.031051449477672577,0.9883148074150085,0.2756630480289459,0.18331696093082428,0.18019802868366241,>=0.15,False,True,False,True,True,False,False,False,True,0.04873556271195412,-0.11902573704719543,0.1054302230477333,0.07451716810464859,0.1920326203107834,0.07999999821186066,0.054192762821912766,-0.01999642886221409,0.01999642886221409,-0.014248044230043888,0.017863711342215538,0.02284819819033146,0.03444721922278404,0.005777429323643446,0.0003452669770922512,-0.030421070754528046,0.1827268749475479,0.0019203261472284794,-0.013959902338683605,0.019893765449523926,0.024302097037434578,0.033892977982759476,0-2deg,0.00-0.04,0.0,0.0,0.0,0.0
170,49,True,True,0.05360391363501549,0.05360391363501549,0.0405813492834568,0.2072126418352127,1.9799998998641968,1.4606882333755493,0.4928758442401886,-0.006605386268347502,-0.14438720047473907,0.2072126418352127,0.0405813492834568,-0.019890842959284782,0.13762180507183075,0.5291234850883484,0.32270461320877075,0.14862507581710815,0.14244858920574188,0.10-0.15,False,True,False,True,True,False,False,False,True,0.045614518225193024,-0.14997075498104095,0.21676695346832275,0.38805580139160156,0.38805580139160156,0.05999999865889549,0.0405813492834568,-0.0200862605124712,0.0200862605124712,0.021190645173192024,-0.03297774866223335,0.039197538048028946,0.03577795624732971,0.0013810680247843266,0.002210787730291486,-0.14828117191791534,0.14474037289619446,0.0038805578369647264,0.020932722836732864,-0.03155860677361488,0.03786846250295639,0.03633729740977287,2-4deg,0.00-0.04,0.0,0.0,0.0,0.0
171,55,True,False,0.13775083422660828,0.13775083422660828,0.0,0.0,2.200000047683716,1.6604260206222534,0.41017216444015503,-0.1674121618270874,-0.2689637541770935,0.5119643807411194,0.13334879279136658,-0.019534917548298836,0.09203871339559555,1.3938435316085815,0.626840353012085,0.435621440410614,0.18204481899738312,>=0.15,True,True,False,True,False,False,False,True,True,0.13334879279136658,-0.25939348340034485,0.4413870871067047,0.07998205721378326,0.07998205721378326,0.0,0.13334879279136658,-0.019534917548298836,0.019534917548298836,-0.021665750071406364,0.0026531314942985773,0.021828845143318176,0.07170265167951584,0.007421249523758888,0.007421249523758888,-0.25939348340034485,0.4413870871067047,0.0007998205255717039,-0.021665750071406364,0.0026531314942985773,0.021828845143318176,0.07170265167951584,0-2deg,0.04-0.08,0.0,0.0,0.0,0.0
172,50,True,True,0.041042815893888474,0.041042815893888474,0.021487947553396225,0.11939340084791183,3.419999837875366,1.2456563711166382,0.28944072127342224,-0.07996673136949539,-0.018076136708259583,0.11939340084791183,0.021487947553396225,-0.020012589171528816,-0.0636308565735817,0.5341185331344604,0.21989673376083374,0.11801710724830627,0.1402231752872467,0.10-0.15,False,True,False,True,True,False,False,False,True,0.023829350247979164,-0.06303016096353531,0.11068905889987946,0.050469961017370224,0.6451490521430969,0.07999999821186066,0.021487947553396225,-0.020025260746479034,0.020025260746479034,0.010388525202870369,-0.02484005130827427,0.026924997568130493,0.048550255596637726,0.009328633546829224,0.0009134905994869769,-0.02005063183605671,0.11769773066043854,0.006451490335166454,0.012556036002933979,-0.026747290045022964,0.029547134414315224,0.047668956220149994,0-2deg,0.04-0.08,0.0,0.0,0.0,0.0
173,2,True,True,0.036979950964450836,0.036979950964450836,0.011982867494225502,0.17143085598945618,2.559999942779541,1.1585960388183594,0.33898454904556274,-0.024688558652997017,-0.1577991396188736,0.17143085598945618,0.011982867494225502,-0.020009322091937065,0.13393479585647583,1.4614429473876953,0.6161080002784729,0.06699231266975403,0.07339810580015182,0.05-0.10,False,True,False,True,True,False,False,False,True,0.01712784543633461,-0.22145481407642365,0.09567893296480179,0.29298582673072815,0.29298582673072815,0.07999999821186066,0.011982867494225502,-0.02012752741575241,0.02012752741575241,0.0019785373006016016,-0.042909927666187286,0.04295540228486061,0.023658275604248047,0.005224843509495258,0.0005980199784971774,-0.1548866331577301,0.07347563654184341,0.0029298581648617983,0.0019906836096197367,-0.041453469544649124,0.04150113835930824,0.02488539181649685,2-4deg,0.00-0.04,0.0,0.0,0.0,0.0
174,63,True,True,0.08989448100328445,0.08885205537080765,0.08252331614494324,0.13398365676403046,3.1599998474121094,1.429073452949524,0.3335881531238556,0.0009088617516681552,-0.12478100508451462,0.13398365676403046,0.08252331614494324,-0.019655996933579445,0.1226998120546341,1.6240381002426147,0.6481488347053528,0.04879879951477051,0.1506512612104416,>=0.15,False,True,False,True,True,False,False,False,True,0.08168401569128036,-0.10963217169046402,0.16498300433158875,0.2429521083831787,0.2429521083831787,0.05999999865889549,0.08252331614494324,-0.020011315122246742,0.020011315122246742,-0.036618053913116455,0.00032058387296274304,0.036619883030653,0.040651027113199234,0.00048828125,0.007429277058690786,-0.12437891960144043,0.04981473460793495,0.002429520944133401,-0.034976616501808167,0.00016715485253371298,0.034977857023477554,0.04177083820104599,2-4deg,0.04-0.08,0.0,0.0,0.0,0.0
175,46,True,True,0.05129102244973183,0.05129102244973183,0.0373101569712162,0.18473556637763977,6.5,1.6323864459991455,0.18408051133155823,-0.016029614955186844,-0.16665881872177124,0.18473556637763977,0.0373101569712162,-0.01985269971191883,0.1492505520582199,1.0385257005691528,0.2679368853569031,0.07969985902309418,0.12650159001350403,0.10-0.15,False,True,False,True,True,False,False,False,True,0.10709909349679947,-0.3902650475502014,0.4047824740409851,0.022740792483091354,0.1748632788658142,4.299999713897705,0.0373101569712162,-0.01999727450311184,0.01999727450311184,0.009175259619951248,0.04580015689134598,0.0467098243534565,0.021920233964920044,0.13003772497177124,0.002868003910407424,-0.1681867241859436,0.07642286270856857,0.001748632756061852,-0.0032140447292476892,-0.04012540727853775,0.04025409743189812,0.029402434825897217,2-4deg,0.00-0.04,0.0,0.0,0.0,0.0
176,0,True,True,0.09068448096513748,0.09068448096513748,0.08371379226446152,0.20657162368297577,2.240000009536743,1.2909226417541504,0.30542346835136414,0.024020327255129814,-0.029306793585419655,0.20657162368297577,0.08371379226446152,-0.019775357097387314,0.05000680312514305,1.4888052940368652,0.6258795857429504,0.20448215305805206,0.1539258360862732,>=0.15,False,True,False,True,True,False,False,False,True,0.08723167330026627,-0.17599624395370483,0.46987470984458923,0.02215159684419632,0.051799774169921875,0.09999999403953552,0.08371379226446152,-0.019935540854930878,0.019935540854930878,-0.02174052782356739,-0.03384134918451309,0.04022001847624779,0.03947204723954201,0.0012448779307305813,0.004475175403058529,-0.0371580608189106,0.20320214331150055,0.000517997716087848,-0.024039359763264656,-0.03160277381539345,0.03970380872488022,0.040746305137872696,2-4deg,0.00-0.04,0.0,0.0,0.0,0.0
177,47,True,True,0.06514743715524673,0.058080196380615234,0.054941993206739426,0.28552937507629395,5.059999942779541,1.3424596786499023,0.25386855006217957,0.013374482281506062,-0.056971609592437744,0.28552937507629395,0.054941993206739426,-0.019997697323560715,0.07010266929864883,2.010575532913208,0.4892352223396301,0.27978789806365967,0.26901450753211975,>=0.15,False,True,False,True,True,False,False,False,True,0.04637128859758377,-0.03623436763882637,0.13974224030971527,0.4725934565067291,0.4725934565067291,0.05999999865889549,0.054941993206739426,-0.020044676959514618,0.020044676959514618,-0.0037059795577079058,-0.02610059455037117,0.026363428682088852,0.012318722903728485,0.0007720404537394643,0.0,-0.06265851855278015,0.27856945991516113,0.004725934471935034,-0.0038027185946702957,-0.026575498282909393,0.02684517577290535,0.011912769638001919,0-2deg,0.00-0.04,0.0,0.0,0.0,0.0
178,58,True,True,0.08421380072832108,0.08421380072832108,0.07631659507751465,0.19028814136981964,1.8799999952316284,1.3472179174423218,0.46815547347068787,0.011719378642737865,-0.14116321504116058,0.19028814136981964,0.07631659507751465,-0.019464870914816856,0.15309691429138184,1.073194980621338,0.46867087483406067,0.12760299444198608,0.040241241455078125,0.00-0.05,False,True,False,True,True,False,False,False,True,0.08177602291107178,-0.2741914689540863,0.42283204197883606,0.03479977324604988,0.09103528410196304,0.11999999731779099,0.07631659507751465,-0.01964082568883896,0.01964082568883896,0.012061692774295807,0.048231352120637894,0.04971517249941826,0.025452863425016403,0.006888068281114101,0.007728139869868755,-0.13525159657001495,0.13385282456874847,0.0009103527991101146,0.013475799933075905,0.05023670941591263,0.05201182886958122,0.023604601621627808,2-4deg,0.00-0.04,0.0,0.0,0.0,0.0
179,54,True,True,0.0767236202955246,0.0767236202955246,0.06829453259706497,0.11955441534519196,2.2799999713897705,1.4003596305847168,0.363826185464859,-0.004398515447974205,-0.10330945998430252,0.11955441534519196,0.06829453259706497,-0.020020581781864166,0.09758234024047852,0.9367961883544922,0.44388872385025024,0.060169875621795654,0.05011909082531929,0.05-0.10,False,True,False,True,True,False,False,False,True,0.0714552104473114,-0.3396407663822174,0.33279862999916077,0.1798524558544159,0.1798524558544159,0.07999999821186066,0.06829453259706497,-0.020020581781864166,0.020020581781864166,0.003795771626755595,0.013141990639269352,0.013680698350071907,0.07015059143304825,0.05412658676505089,0.0,-0.1028464064002037,0.06095798313617706,0.001798524521291256,-9.332071203971282e-05,0.01473954040557146,0.014737817458808422,0.06996184587478638,0-2deg,0.04-0.08,0.0,0.0,0.0,0.0
180,30,True,True,0.11019128561019897,0.11019128561019897,0.1042364314198494,0.18763120472431183,2.1599998474121094,1.5153727531433105,0.363052099943161,-0.014481896534562111,-0.17424088716506958,0.18763120472431183,0.1042364314198494,-0.019636396318674088,0.15897595882415771,1.348589539527893,0.5242263674736023,0.06961020827293396,0.15560214221477509,>=0.15,False,True,False,True,True,False,False,False,True,0.10594804584980011,-0.15698912739753723,0.19960635900497437,0.7106327414512634,0.7106327414512634,0.05999999865889549,0.1042364314198494,-0.02010100707411766,0.02010100707411766,0.06113826483488083,0.049873027950525284,0.07888051867485046,0.05533747002482414,0.0019531252328306437,0.007291610352694988,-0.16943471133708954,0.08060609549283981,0.007106327451765537,0.060088567435741425,0.051809053868055344,0.0793195366859436,0.05477673560380936,4-6deg,0.04-0.08,0.0,0.0,0.0,0.0
181,32,True,True,0.06416218727827072,0.06416218727827072,0.053796738386154175,0.09549827128648758,3.7200000286102295,1.3633744716644287,0.273709774017334,0.002086071530357003,-0.07294998317956924,0.09549827128648758,0.053796738386154175,-0.020000427961349487,0.07579832524061203,0.6413569450378418,0.2770366370677948,0.06162969395518303,0.06140327453613281,0.05-0.10,False,True,False,True,True,False,False,False,True,0.0564606748521328,-0.015866320580244064,0.07911805808544159,0.08312344551086426,0.17570656538009644,0.05999999865889549,0.053796738386154175,-0.020012088119983673,0.020012088119983673,-0.03311730548739433,-0.009595448151230812,0.03447830677032471,0.014874028041958809,0.013390050269663334,0.0005980199784971774,-0.07135369628667831,0.06347101181745529,0.0017570656491443515,-0.03252160921692848,-0.009486875496804714,0.03387651592493057,0.015400910750031471,0-2deg,0.00-0.04,0.0,0.0,0.0,0.0
182,44,True,True,0.08288895338773727,0.08250223100185394,0.07513391226530075,0.11893443763256073,2.1599998474121094,1.3932167291641235,0.4519594609737396,-0.012886439450085163,-0.07782237976789474,0.11893443763256073,0.07513391226530075,-0.01999412290751934,0.06350637227296829,1.2649343013763428,0.5802943110466003,0.08993930369615555,0.11807680875062943,0.10-0.15,False,True,False,True,True,False,False,False,True,0.07996358722448349,-0.368554949760437,0.2754329741001129,0.10720674693584442,0.26868879795074463,0.09999999403953552,0.07513391226530075,-0.02008301392197609,0.02008301392197609,0.02130495198071003,-0.011952610686421394,0.024429313838481903,0.05587933212518692,0.0807516798377037,0.0,-0.07936850190162659,0.08857788890600204,0.0026868879795074463,0.017436742782592773,-0.009666998870670795,0.019936321303248405,0.05642743036150932,0-2deg,0.04-0.08,0.0,0.0,0.0,0.0
183,34,True,True,0.04270713031291962,0.041045304387807846,0.024455847218632698,0.14966793358325958,3.259999990463257,1.4047281742095947,0.26735660433769226,0.0029762040358036757,0.006043284200131893,0.14966793358325958,0.024455847218632698,-0.019990498200058937,-0.003719167085364461,1.4564199447631836,0.3533848822116852,0.14954587817192078,0.1489858478307724,0.10-0.15,False,True,False,True,True,False,False,False,True,0.07323546707630157,-0.15500988066196442,0.3507954478263855,0.030952244997024536,0.3874293267726898,1.5399999618530273,0.024455847218632698,-0.01999220997095108,0.01999220997095108,-0.0023535038344562054,-0.054013874381780624,0.05406485125422478,0.02673899382352829,0.14177203178405762,0.0003452669770922512,0.0015579008031636477,0.14965982735157013,0.0038742932956665754,0.02249159663915634,-0.025211038067936897,0.033784881234169006,0.04786211624741554,2-4deg,0.00-0.04,0.0,0.0,0.0,0.0
184,16,True,True,0.052618443965911865,0.04783373326063156,0.039306726306676865,0.2020874321460724,2.759999990463257,1.5063300132751465,0.3390447497367859,0.0023324403446167707,-0.11246659606695175,0.2020874321460724,0.039306726306676865,-0.02000560238957405,0.11345924437046051,1.6036765575408936,0.6366197466850281,0.16790056228637695,0.1690787374973297,>=0.15,False,True,False,True,True,False,False,False,True,0.03291851282119751,-0.09157126396894455,0.16766513884067535,0.24543650448322296,0.2814839482307434,0.05999999865889549,0.039306726306676865,-0.02001429721713066,0.02001429721713066,-0.026104522868990898,-0.048469919711351395,0.05504753440618515,0.05548084154725075,0.0007720404537394643,0.0009134905994869769,-0.10332697629928589,0.17367461323738098,0.0028148393612354994,-0.023886030539870262,-0.048714909702539444,0.05425203964114189,0.056110531091690063,2-4deg,0.04-0.08,0.0,0.0,0.0,0.0
185,20,True,True,0.043675437569618225,0.04225119948387146,0.0259694941341877,0.13846217095851898,3.919999837875366,1.4047249555587769,0.24027997255325317,0.011096624657511711,0.01726515032351017,0.13846217095851898,0.0259694941341877,-0.019860323518514633,-0.005741987377405167,0.5630223155021667,0.2118605524301529,0.13738153874874115,0.24235357344150543,>=0.15,False,True,False,True,True,False,False,False,True,0.021867869421839714,-0.16105422377586365,0.11022842675447464,0.11460655927658081,0.11460655927658081,0.07999999821186066,0.0259694941341877,-0.01996503211557865,0.01996503211557865,-0.0029328472446650267,-0.037003129720687866,0.037119537591934204,0.041602976620197296,0.05145625025033951,0.0028049631509929895,0.015414142981171608,0.13760150969028473,0.0011460655368864536,-0.004931135568767786,-0.0384635254740715,0.03877853974699974,0.04088965803384781,2-4deg,0.04-0.08,0.0,0.0006905339541845024,0.0,0.0
186,45,True,True,0.039807457476854324,0.039807457476854324,0.01901789754629135,0.21608656644821167,2.799999952316284,1.4265717267990112,0.3455843925476074,-0.012843883596360683,-0.14629310369491577,0.21608656644821167,0.01901789754629135,-0.020020995289087296,0.133064404129982,2.0453460216522217,0.744432806968689,0.15903374552726746,0.15098832547664642,>=0.15,False,True,False,True,True,False,False,False,True,0.026868345215916634,-0.3207521140575409,0.34365567564964294,0.0230381041765213,0.2357228845357895,0.09999999403953552,0.01901789754629135,-0.02002142183482647,0.02002142183482647,-0.0022798816207796335,-0.03266005963087082,0.03273998573422432,0.027329755946993828,0.10352613776922226,0.0006905339541845024,-0.14528410136699677,0.15995602309703827,0.0023572288919240236,-0.003424556227400899,-0.03446292504668236,0.03463185578584671,0.026046598330140114,0-2deg,0.00-0.04,0.0,0.0,0.0,0.0
187,35,True,True,0.08346275985240936,0.08332626521587372,0.07584134489297867,0.19055835902690887,1.899999976158142,1.4545661211013794,0.5338659286499023,-0.004067090805619955,-0.15861184895038605,0.19055835902690887,0.07584134489297867,-0.01968120038509369,0.15275873243808746,1.1328082084655762,0.49033230543136597,0.10561615228652954,0.041900042444467545,0.00-0.05,False,True,False,True,True,False,False,False,True,0.07546095550060272,-0.11742705851793289,0.1437232345342636,0.046067483723163605,0.09487225115299225,0.05999999865889549,0.07584134489297867,-0.01968120038509369,0.01968120038509369,0.08153059333562851,-0.006347654387354851,0.08177672326564789,0.011238622479140759,0.007348609156906605,0.006357050035148859,-0.15967729687690735,0.1039983481168747,0.0009487224742770195,0.08106794953346252,-0.0061793578788638115,0.08130252361297607,0.013383341021835804,4-6deg,0.00-0.04,0.0,0.0,0.0,0.0
188,42,True,False,0.1353021264076233,0.1353021264076233,0.0,0.0,0.9799999594688416,1.2171517610549927,0.631049394607544,-0.23462942242622375,-0.28608646988868713,0.6905369758605957,0.13149051368236542,-0.009666433557868004,0.03853017836809158,0.8122992515563965,0.29513707756996155,0.6284869909286499,0.2679586410522461,>=0.15,True,True,False,True,False,False,False,True,True,0.13149051368236542,-0.30958235263824463,0.6172520518302917,0.15987667441368103,0.15987667441368103,0.0,0.13149051368236542,-0.009666433557868004,0.009666433557868004,0.01024404913187027,-0.05583299323916435,0.05676388368010521,0.03332488611340523,0.14357580244541168,0.14357580244541168,-0.30958235263824463,0.6172520518302917,0.0015987666556611657,0.01024404913187027,-0.05583299323916435,0.05676388368010521,0.03332488611340523,2-4deg,0.00-0.04,0.0,0.0,0.0,0.0
189,15,True,True,0.055060625076293945,0.055060625076293945,0.04261380806565285,0.09709387272596359,1.2400000095367432,1.6292121410369873,0.6965159177780151,-0.04126787558197975,0.02120789885520935,0.09709387272596359,0.04261380806565285,-0.02007901668548584,-0.06296437978744507,0.5971797704696655,0.3577711880207062,0.09474937617778778,0.11636635661125183,0.10-0.15,False,True,False,True,True,False,False,False,True,0.04697418585419655,-0.10031913220882416,0.1747245341539383,0.037946343421936035,0.1753368377685547,0.09999999403953552,0.04261380806565285,-0.02007901668548584,0.02007901668548584,0.039104361087083817,0.04228873923420906,0.05758996307849884,0.044177766889333725,0.04865192249417305,0.0017940601101145148,0.023109911009669304,0.09430351108312607,0.001753368298523128,0.04192964360117912,0.04430310055613518,0.06098989397287369,0.042554762214422226,2-4deg,0.04-0.08,0.0,0.0,0.0,0.0
190,41,True,True,0.04688681662082672,0.04688681662082672,0.031195547431707382,0.06481178849935532,2.2799999713897705,1.457402229309082,0.4267292320728302,0.010021133348345757,0.012928313575685024,0.06481178849935532,0.031195547431707382,-0.019996223971247673,-0.0027520994190126657,0.6050461530685425,0.34471094608306885,0.0635092556476593,0.07483557611703873,0.05-0.10,False,True,False,True,True,False,False,False,True,0.038541074842214584,-0.1952980011701584,0.25289949774742126,0.07400491088628769,0.21720053255558014,0.07999999821186066,0.031195547431707382,-0.019996223971247673,0.019996223971247673,0.02451217547059059,0.010075999423861504,0.026500999927520752,0.008455057628452778,0.0328744500875473,0.0003452669770922512,0.011982687748968601,0.06369444727897644,0.0021720053628087044,0.024775031954050064,0.010486193932592869,0.026902848854660988,0.007781708147376776,0-2deg,0.00-0.04,0.0,0.0,0.0,0.0
191,53,True,True,0.040432292968034744,0.03989540785551071,0.020239336416125298,0.12960867583751678,1.8799999952316284,1.3853751420974731,0.42619097232818604,0.005398966837674379,-0.02072165720164776,0.12960867583751678,0.020239336416125298,-0.020000159740447998,0.025680238381028175,1.4404120445251465,0.4907856285572052,0.12794148921966553,0.12190796434879303,0.10-0.15,False,True,False,True,True,False,False,False,True,0.02891792729496956,-0.2534993290901184,0.2347259670495987,0.09299957007169724,0.18832945823669434,0.11999999731779099,0.020239336416125298,-0.020018573850393295,0.020018573850393295,0.023565109819173813,-0.0018696195911616087,0.023638103157281876,0.02263890765607357,0.05038592591881752,0.0,-0.022116580978035927,0.12770773470401764,0.0018832945497706532,0.025730857625603676,-0.001483976491726935,0.02577345445752144,0.02133880741894245,0-2deg,0.00-0.04,0.0,0.0,0.0,0.0
192,4,True,True,0.09826941788196564,0.05729801952838898,0.09180080890655518,0.166617751121521,2.379999876022339,1.4360071420669556,0.3807004988193512,-0.0017329830443486571,-0.0729953795671463,0.166617751121521,0.09180080890655518,-0.020009716972708702,0.07309174537658691,0.8124904036521912,0.39770957827568054,0.14977701008319855,0.1502908170223236,>=0.15,False,True,False,True,True,False,False,False,True,0.045168716460466385,-0.06492535769939423,0.27371746301651,0.039869826287031174,0.08136685937643051,0.3199999928474426,0.09180080890655518,-0.020009716972708702,0.020009716972708702,-0.00745666166767478,0.06156902760267258,0.06201877444982529,0.024803679436445236,0.12798766791820526,0.0008457279182039201,-0.0693952739238739,0.1514786183834076,0.0008136685937643051,-0.01301945373415947,0.06406369060277939,0.06537114083766937,0.017781337723135948,2-4deg,0.00-0.04,0.0,0.0,0.0,0.0
193,33,True,True,0.08430282771587372,0.07971397042274475,0.07669554650783539,0.15946227312088013,1.059999942779541,1.7589634656906128,0.8627484440803528,-0.017608480527997017,-0.13447733223438263,0.15946227312088013,0.07669554650783539,-0.02000395581126213,0.11803404986858368,0.47299131751060486,0.26362720131874084,0.08569752424955368,0.08218800276517868,0.05-0.10,False,True,False,True,True,False,False,False,True,0.07316574454307556,0.049477290362119675,0.12895305454730988,0.03429218754172325,0.0771155133843422,0.07999999821186066,0.07669554650783539,-0.02000395581126213,0.02000395581126213,0.027296558022499084,-0.024739759042859077,0.036837391555309296,0.017389092594385147,0.02288990281522274,0.0003452669770922512,-0.13121077418327332,0.09061980247497559,0.0007711551152169704,0.027508657425642014,-0.02574615553021431,0.037675902247428894,0.016894616186618805,2-4deg,0.00-0.04,0.0,0.0,0.0,0.0
194,57,True,True,0.05462227389216423,0.051160577684640884,0.04200175032019615,0.2273833453655243,4.119999885559082,1.128941297531128,0.19236056506633759,-0.024587441235780716,0.04680786281824112,0.2273833453655243,0.04200175032019615,-0.020039217546582222,-0.07105331122875214,1.1311355829238892,0.3893972933292389,0.22251339256763458,0.19427870213985443,>=0.15,False,True,False,True,True,False,False,False,True,0.03462303802371025,-0.07584235817193985,0.10383954644203186,0.033499252051115036,0.21489223837852478,0.14000000059604645,0.04200175032019615,-0.02009144052863121,0.02009144052863121,-0.020725738257169724,0.06198975443840027,0.06535837054252625,0.02569129690527916,0.030323782935738564,0.001091830083169043,0.039501383900642395,0.22392593324184418,0.002148922299966216,-0.02261408045887947,0.05952514708042145,0.06367109715938568,0.026124918833374977,2-4deg,0.00-0.04,0.0,0.0,0.0,0.0
195,7,True,True,0.04152560234069824,0.04004514962434769,0.022359482944011688,0.22413137555122375,3.5799999237060547,1.594569444656372,0.2884349524974823,-0.018272118642926216,-0.10015471279621124,0.22413137555122375,0.022359482944011688,-0.02000504359602928,0.08074943721294403,0.621472954750061,0.2923145294189453,0.20050911605358124,0.19753606617450714,>=0.15,False,True,False,True,True,False,False,False,True,0.11821989715099335,0.125504270195961,0.16279055178165436,1.0287429094314575,1.0287429094314575,1.6999999284744263,0.022359482944011688,-0.02026144042611122,0.02026144042611122,0.06306323409080505,0.04557323455810547,0.07778903841972351,0.03122103400528431,0.004143206402659416,0.00048828125,-0.1050000712275505,0.19801479578018188,0.010287429206073284,0.04478359594941139,0.015786845237016678,0.047483377158641815,0.058402061462402344,4-6deg,0.00-0.04,0.0,0.0,0.0,0.0
196,52,True,True,0.05192473158240318,0.05167955905199051,0.03812959045171738,0.09353990852832794,2.879999876022339,1.0855165719985962,0.24766553938388824,-0.0002347668050788343,-0.0518941767513752,0.09353990852832794,0.03812959045171738,-0.019792282953858376,0.0527818500995636,1.3845024108886719,0.568208634853363,0.07782486826181412,0.10798134654760361,0.10-0.15,False,True,False,True,True,False,False,False,True,0.03852270171046257,-0.0459454171359539,0.1583148092031479,0.48052600026130676,0.48052600026130676,0.05999999865889549,0.03812959045171738,-0.020064178854227066,0.020064178854227066,0.028590576723217964,-0.06545628607273102,0.07141952961683273,0.06041725352406502,0.0026966221630573273,0.004070640541613102,-0.047447267919778824,0.08061309903860092,0.004805259872227907,0.030909935012459755,-0.06481198966503143,0.07179608941078186,0.05993940681219101,4-6deg,0.04-0.08,0.0,0.0,0.0,0.0
197,18,True,True,0.05342494696378708,0.05342494696378708,0.04035663604736328,0.15676695108413696,6.139999866485596,1.604590654373169,0.15379197895526886,0.010055082850158215,0.02412232756614685,0.15676695108413696,0.04035663604736328,-0.019987251609563828,-0.014532497152686119,0.9104464054107666,0.25010401010513306,0.1548999398946762,0.14761625230312347,0.10-0.15,False,True,False,True,True,False,False,False,True,0.11777742952108383,-0.52950119972229,0.5700640678405762,0.253623902797699,0.253623902797699,3.919999837875366,0.04035663604736328,-0.02002985216677189,0.02002985216677189,-0.009483575820922852,0.021545052528381348,0.023539548739790916,0.0028312569484114647,0.055406030267477036,0.0,0.02677144482731819,0.15446411073207855,0.002536238869652152,0.00956619530916214,-0.014241190627217293,0.017156193032860756,0.008866919204592705,0-2deg,0.00-0.04,0.0,0.0,0.0,0.0
198,50,True,True,0.054563943296670914,0.04116276651620865,0.03999549150466919,0.15182431042194366,1.1799999475479126,1.7472957372665405,0.7479149699211121,-0.02171655185520649,0.013106927275657654,0.15182431042194366,0.03999549150466919,-0.016735602170228958,-0.03431924059987068,0.5033062100410461,0.2910734713077545,0.1512575000524521,0.1106172576546669,0.10-0.15,False,True,False,True,True,False,False,False,True,0.013405620120465755,-0.1589411199092865,0.3072173297405243,0.15351812541484833,0.15351812541484833,0.19999998807907104,0.03999549150466919,-0.016810309141874313,0.016810309141874313,-0.010518897324800491,-0.0787055715918541,0.07940374314785004,0.004292914643883705,0.12421713024377823,0.06293049454689026,0.007662723772227764,0.15163081884384155,0.001535181188955903,-0.009909245185554028,-0.07780540734529495,0.07843296229839325,0.007919936440885067,4-6deg,0.00-0.04,0.0,0.0,0.0,0.0
199,24,True,True,0.08637624979019165,0.04732273891568184,0.07959696650505066,0.1468067765235901,4.319999694824219,1.1554187536239624,0.18536856770515442,-0.06911769509315491,0.00628267228603363,0.1468067765235901,0.07959696650505066,-0.0170633252710104,-0.07577384263277054,0.9210055470466614,0.4060205817222595,0.14667227864265442,0.16681025922298431,>=0.15,False,True,False,True,True,False,False,False,True,0.021921193227171898,-0.06457753479480743,0.11351756751537323,0.088595911860466,0.12094554305076599,0.4399999976158142,0.07959696650505066,-0.01760081574320793,0.01760081574320793,0.0716237723827362,-0.06795874983072281,0.09869401156902313,0.031195424497127533,0.11363507807254791,0.05667135864496231,0.01113895233720541,0.14638356864452362,0.001209455425851047,0.05487744137644768,-0.06298770755529404,0.08351679146289825,0.05126774311065674,4-6deg,0.00-0.04,0.0,0.0,0.0,0.0
200,21,True,True,0.07725080847740173,0.07464216649532318,0.0688658207654953,0.07584866136312485,3.819999933242798,1.1625601053237915,0.24234440922737122,0.00426063034683466,0.013875044882297516,0.07584866136312485,0.0688658207654953,-0.01999380998313427,-0.012464523315429688,0.816186249256134,0.26685547828674316,0.07456878572702408,0.07421418279409409,0.05-0.10,False,True,False,True,True,False,False,False,True,0.06866646558046341,-0.03448235243558884,0.0809461772441864,0.1695103943347931,0.1695103943347931,0.05999999865889549,0.0688658207654953,-0.020062630996108055,0.020062630996108055,0.01797756366431713,-0.0019929995760321617,0.01808643527328968,0.056265391409397125,0.00172633514739573,0.0,0.012828105129301548,0.07475600391626358,0.001695103943347931,0.01795967109501362,0.0002584451576694846,0.017960764467716217,0.05629895254969597,0-2deg,0.04-0.08,0.0,0.0,0.0,0.0
201,22,True,True,0.03588195517659187,0.035416699945926666,0.00818515382707119,0.18762530386447906,3.319999933242798,1.2657208442687988,0.23902527987957,-0.021199053153395653,0.03961518406867981,0.18762530386447906,0.00818515382707119,-0.020069582387804985,-0.06051891669631004,0.6240494847297668,0.17467264831066132,0.18339546024799347,0.18972663581371307,>=0.15,False,True,False,True,True,False,False,False,True,0.004250137601047754,-0.0679725706577301,0.04396037012338638,0.07640257477760315,0.2567698359489441,0.11999999731779099,0.00818515382707119,-0.020069582387804985,0.020069582387804985,0.04580635949969292,0.0001281157019548118,0.045806244015693665,0.01950734294950962,0.032610442489385605,0.0009134905994869769,0.04525188356637955,0.18208657205104828,0.002567698247730732,0.04378947988152504,0.00021896851831115782,0.043789833784103394,0.020861029624938965,2-4deg,0.00-0.04,0.0,0.0,0.0,0.0
202,9,True,True,0.03906090185046196,0.03772805258631706,0.017330367118120193,0.12170757353305817,2.9600000381469727,1.4406301975250244,0.33849412202835083,0.007431913632899523,0.024619877338409424,0.12170757353305817,0.017330367118120193,-0.019994229078292847,-0.0178078506141901,0.47979387640953064,0.23934704065322876,0.11919142305850983,0.12900280952453613,0.10-0.15,False,True,False,True,True,False,False,False,True,0.007779761683195829,-0.14661750197410583,0.1053277924656868,0.04820474237203598,0.1950177252292633,0.11999999731779099,0.017330367118120193,-0.020001577213406563,0.020001577213406563,0.0216616690158844,-0.06904761493206024,0.07236054539680481,0.027586018666625023,0.07085683941841125,0.0,0.019168386235833168,0.1201886236667633,0.0019501772476360202,0.020955191925168037,-0.06611552834510803,0.0693524107336998,0.032697644084692,4-6deg,0.00-0.04,0.0,0.0,0.0,0.0
203,23,True,True,0.08902529627084732,0.08154932409524918,0.08187558501958847,0.1463591307401657,3.319999933242798,1.4407967329025269,0.3144190311431885,0.006961648352444172,-0.10493747144937515,0.1463591307401657,0.08187558501958847,-0.020011039450764656,0.11171663552522659,0.9692172408103943,0.371654748916626,0.1020250990986824,0.09593220800161362,0.05-0.10,False,True,False,True,True,False,False,False,True,0.07803578674793243,-0.1876373142004013,0.17990973591804504,0.06576953828334808,0.28203850984573364,0.07999999821186066,0.08187558501958847,-0.020011039450764656,0.020011039450764656,-0.07018006592988968,-0.017037425190210342,0.07221530377864838,0.02366591803729534,0.0038909639697521925,0.0011451211757957935,-0.10239358991384506,0.1045779436826706,0.0028203849215060472,-0.06871788203716278,-0.017337510362267494,0.07086778432130814,0.026087496429681778,4-6deg,0.00-0.04,0.0,0.0,0.0,0.0
204,5,True,False,0.13831594586372375,0.13831594586372375,0.0,0.0,1.7400000095367432,1.6114381551742554,0.4540412724018097,-0.4553554654121399,-0.3578053116798401,0.6750004291534424,0.13477984070777893,-0.015461763367056847,-0.10905172675848007,0.550831139087677,0.38754507899284363,0.572364330291748,0.2033763825893402,>=0.15,True,True,False,True,False,False,False,True,True,0.13477984070777893,-0.3646443784236908,0.5680317282676697,0.23687054216861725,0.23687054216861725,0.0,0.13477984070777893,-0.015461763367056847,0.015461763367056847,-0.005805318243801594,-0.011421365663409233,0.01281223725527525,0.034404926002025604,0.08467628061771393,0.08467628061771393,-0.3646443784236908,0.5680317282676697,0.0023687053471803665,-0.005805318243801594,-0.011421365663409233,0.01281223725527525,0.034404926002025604,0-2deg,0.00-0.04,0.0,0.0,0.0,0.0
205,17,True,False,0.17178860306739807,0.17178860306739807,0.0,0.0,2.6399998664855957,1.704710602760315,0.3499705493450165,-0.09798987209796906,-0.2535969316959381,0.6091968417167664,0.16872669756412506,-0.01678762398660183,0.15358640253543854,2.107386350631714,0.8086910247802734,0.5539037585258484,0.19435542821884155,>=0.15,True,True,False,True,False,False,False,True,True,0.16872669756412506,-0.2396552562713623,0.560076892375946,0.028528861701488495,0.028528861701488495,0.0,0.16872669756412506,-0.01678762398660183,0.01678762398660183,-0.020415904000401497,-0.028065815567970276,0.03470407798886299,0.008608894422650337,0.05087234824895859,0.05087234824895859,-0.2396552562713623,0.560076892375946,0.00028528861002996564,-0.020415904000401497,-0.028065815567970276,0.03470407798886299,0.008608894422650337,0-2deg,0.00-0.04,0.0,0.0,0.0,0.0
206,41,True,True,0.03663548827171326,0.0352194681763649,0.00972478836774826,0.26319319009780884,0.9599999785423279,1.7316186428070068,0.7624546885490417,-0.0034680627286434174,-0.17723771929740906,0.26319319009780884,0.00972478836774826,-0.019726280122995377,0.1735101044178009,0.7170924544334412,0.36731135845184326,0.1945698857307434,0.19307167828083038,>=0.15,False,True,False,True,True,False,False,False,True,0.006179292220622301,-0.09392542392015457,0.35556021332740784,0.031019916757941246,0.08339522033929825,0.09999999403953552,0.00972478836774826,-0.01981446146965027,0.01981446146965027,0.007991580292582512,-0.002198767149820924,0.00828643050044775,0.027033478021621704,0.021730314940214157,0.0055134785361588,-0.17792867124080658,0.193938210606575,0.0008339521591551602,0.00813958141952753,-0.004346718546003103,0.009225835092365742,0.026770927011966705,0-2deg,0.00-0.04,0.0,0.0,0.0,0.0
207,59,True,True,0.0507710799574852,0.04827551916241646,0.0366654098033905,0.20509247481822968,3.1599998474121094,1.2133679389953613,0.2472834289073944,-0.011500304564833641,-0.0944916307926178,0.20509247481822968,0.0366654098033905,-0.01990606263279915,0.08224719017744064,0.8189331293106079,0.3818379044532776,0.1820281744003296,0.20840905606746674,>=0.15,False,True,False,True,True,False,False,False,True,0.03462189808487892,-0.24031460285186768,0.2457321733236313,0.029642997309565544,0.6164597868919373,0.07999999821186066,0.0366654098033905,-0.020036080852150917,0.020036080852150917,0.0027073759119957685,0.0032219011336565018,0.004214523825794458,0.03448793664574623,0.06283469498157501,0.0019223655108362436,-0.09449551999568939,0.18202616274356842,0.006164597813040018,0.001531283720396459,0.0015156506560742855,0.002156191971153021,0.03457954153418541,0-2deg,0.00-0.04,0.0,0.0,0.0,0.0
208,28,True,True,0.05842205509543419,0.0432409942150116,0.046778604388237,0.2127159982919693,3.119999885559082,1.546308994293213,0.31843847036361694,0.014426829293370247,-0.034036509692668915,0.2127159982919693,0.046778604388237,-0.019991593435406685,0.04862530156970024,1.2116992473602295,0.4194563925266266,0.2099752575159073,0.2016465961933136,>=0.15,False,True,False,True,True,False,False,False,True,0.0015150840627029538,-0.025554485619068146,0.258099228143692,0.04259282350540161,0.2581292390823364,0.7599999904632568,0.046778604388237,-0.020090686157345772,0.020090686157345772,0.04668159410357475,0.0009521415922790766,0.046690668910741806,0.003949419595301151,0.11593427509069443,0.0003452669770922512,-0.040424831211566925,0.20883947610855103,0.002581292297691107,0.036811668425798416,0.0025238050147891045,0.03689884394407272,0.02282390557229519,2-4deg,0.00-0.04,0.0,0.0,0.0,0.0
209,1,True,True,0.07147336006164551,0.05621883645653725,0.06231449544429779,0.19358396530151367,3.0799999237060547,1.809338092803955,0.4144102931022644,0.005252407398074865,-0.017776617780327797,0.19358396530151367,0.06231449544429779,-0.01999370940029621,0.02399062179028988,2.275048017501831,0.7445297837257385,0.19276604056358337,0.18968652188777924,>=0.15,False,True,False,True,True,False,False,False,True,0.05641750618815422,-0.0836176723241806,0.1719479113817215,0.18076303601264954,0.18076303601264954,0.05999999865889549,0.06231449544429779,-0.02006121352314949,0.02006121352314949,0.0009470257791690528,-0.043798238039016724,0.043808888643980026,0.019138654693961143,0.0011451211757957935,0.0,-0.013619264587759972,0.19310429692268372,0.0018076302949339151,0.000854441721457988,-0.04453651234507561,0.044544462114572525,0.018061518669128418,2-4deg,0.00-0.04,0.0,0.0,0.0,0.0
210,0,True,True,0.10272030532360077,0.09968818724155426,0.09648018330335617,0.09730490297079086,1.7400000095367432,1.4132957458496094,0.39971423149108887,-0.005384642165154219,-0.07570499181747437,0.09730490297079086,0.09648018330335617,-0.019871236756443977,0.07295756787061691,1.0990190505981445,0.47027161717414856,0.06113098934292793,0.18095020949840546,>=0.15,False,True,False,True,True,False,False,False,True,0.09363581240177155,-0.34096693992614746,0.38527315855026245,0.3110572397708893,0.3110572397708893,0.09999999403953552,0.09648018330335617,-0.019871236756443977,0.019871236756443977,-0.0060331616550683975,-0.007797853089869022,0.009856793098151684,0.0322173647582531,0.025440560653805733,0.0030297066550701857,-0.0751379206776619,0.061826664954423904,0.0031105722300708294,-0.008522555232048035,-0.007179704960435629,0.01114528439939022,0.03188346326351166,0-2deg,0.00-0.04,0.0,0.0,0.0,0.0
211,37,True,False,0.14386603236198425,0.12154334783554077,0.0,0.0,2.7799999713897705,1.4116910696029663,0.3232118487358093,-0.02842748910188675,-0.12778659164905548,0.13434353470802307,0.1396622210741043,-0.018744150176644325,0.10664363205432892,0.8342885971069336,0.3924238979816437,0.04145807772874832,0.16158898174762726,>=0.15,True,True,False,True,False,False,False,True,True,0.1396622210741043,-0.1252707540988922,0.04853273555636406,0.029953038319945335,0.029953038319945335,0.0,0.1396622210741043,-0.018744150176644325,0.018744150176644325,-0.007114643231034279,-0.0607672743499279,0.06118223816156387,0.05103704333305359,0.024989012628793716,0.024989012628793716,-0.1252707540988922,0.04853273555636406,0.0002995303657371551,-0.007114643231034279,-0.0607672743499279,0.06118223816156387,0.05103704333305359,2-4deg,0.04-0.08,0.0,0.0,0.0,0.0
212,19,True,True,0.043164271861314774,0.043164271861314774,0.025268089026212692,0.1280701756477356,4.679999828338623,1.3546109199523926,0.2367970049381256,-0.0005247048102319241,-0.025989219546318054,0.1280701756477356,0.025268089026212692,-0.02000090479850769,0.02504676766693592,2.2045462131500244,0.5118464231491089,0.1254054605960846,0.1334640085697174,0.10-0.15,False,True,False,True,True,False,False,False,True,0.029965003952383995,-0.01833675056695938,0.1269240826368332,0.06018954887986183,0.11217145621776581,0.05999999865889549,0.025268089026212692,-0.02000104822218418,0.02000104822218418,-0.004210523329675198,-0.030616803094744682,0.030904071405529976,0.009879841469228268,0.0,0.0003452669770922512,-0.024775303900241852,0.12565091252326965,0.0011217145947739482,-0.004574708640575409,-0.030758054926991463,0.03109637461602688,0.0096553610637784,0-2deg,0.00-0.04,0.0,0.0,0.0,0.0
213,12,True,True,0.05864623934030533,0.05864623934030533,0.047073397785425186,0.14050433039665222,2.240000009536743,1.5684548616409302,0.4778512120246887,0.0015004697488620877,-0.04677501693367958,0.14050433039665222,0.047073397785425186,-0.020014388486742973,0.0466187559068203,0.9827665686607361,0.484715074300766,0.132489874958992,0.13137377798557281,0.10-0.15,False,True,False,True,True,False,False,False,True,0.05264640972018242,-0.0932692214846611,0.2429480105638504,0.3015919327735901,0.3015919327735901,0.07999999821186066,0.047073397785425186,-0.020014388486742973,0.020014388486742973,-0.02653881162405014,0.016604820266366005,0.03130463883280754,0.06059598550200462,0.005132768303155899,0.0,-0.0445721298456192,0.13324710726737976,0.003015919355675578,-0.03003273345530033,0.015706395730376244,0.03389059007167816,0.05963609740138054,0-2deg,0.04-0.08,0.0,0.0,0.0,0.0
214,3,True,True,0.11163170635700226,0.1107451468706131,0.1059361919760704,0.18363265693187714,2.240000009536743,1.430006742477417,0.4302699863910675,-0.014976432546973228,-0.15554694831371307,0.18363265693187714,0.1059361919760704,-0.019770711660385132,0.1412525326013565,0.9576942324638367,0.4609670341014862,0.0976017415523529,0.1028028205037117,0.10-0.15,False,True,False,True,True,False,False,False,True,0.11211768537759781,-0.13910509645938873,0.3582710027694702,0.2377195656299591,0.2377195656299591,0.2800000011920929,0.1059361919760704,-0.01999887451529503,0.01999887451529503,-0.005728229880332947,-0.054046880453825,0.054349783807992935,0.013856114819645882,0.0,0.004593482706695795,-0.15343648195266724,0.10088706761598587,0.002377195516601205,-0.00823165662586689,-0.050265200436115265,0.050934433937072754,0.02140652947127819,2-4deg,0.00-0.04,0.0,0.0,0.0,0.0
215,8,True,True,0.037962235510349274,0.03739028051495552,0.01396157220005989,0.15094882249832153,4.71999979019165,1.1353209018707275,0.19050143659114838,-0.051550887525081635,0.016136541962623596,0.15094882249832153,0.01396157220005989,-0.019694965332746506,-0.06703230738639832,0.7342155575752258,0.2031162530183792,0.15008383989334106,0.1643989235162735,>=0.15,False,True,False,True,True,False,False,False,True,0.014100139029324055,-0.0406344011425972,0.13745082914829254,0.08365882188081741,0.5539951324462891,0.11999999731779099,0.01396157220005989,-0.02009187825024128,0.02009187825024128,-0.03585284203290939,0.03766711428761482,0.05199692025780678,0.04149952530860901,0.041600149124860764,0.0066503239795565605,0.014365563169121742,0.1502636820077896,0.005539951380342245,-0.031765323132276535,0.03654470667243004,0.04841603338718414,0.04330024868249893,2-4deg,0.04-0.08,0.0,0.0,0.0,0.0
216,26,True,True,0.07136642932891846,0.06027655303478241,0.062206584960222244,0.21017032861709595,2.5,1.4888505935668945,0.4172629117965698,0.0008754765731282532,-0.04782358556985855,0.21017032861709595,0.062206584960222244,-0.020000360906124115,0.04703037813305855,0.5485498905181885,0.32157203555107117,0.20465697348117828,0.2048576921224594,>=0.15,False,True,False,True,True,False,False,False,True,0.05314206704497337,-0.11008981615304947,0.13643202185630798,0.0556621327996254,0.18782517313957214,0.07999999821186066,0.062206584960222244,-0.020003484562039375,0.020003484562039375,0.038138486444950104,-0.008098295889794827,0.03898860141634941,0.03345941752195358,0.002042627427726984,0.0005980199784971774,-0.05297945812344551,0.20338325202465057,0.001878251670859754,0.03986218944191933,-0.009013870730996132,0.04086850956082344,0.03158997744321823,2-4deg,0.00-0.04,0.0,0.0,0.0,0.0
217,38,True,False,0.22569556534290314,0.12240850925445557,0.0,0.0,4.659999847412109,1.458152174949646,0.19277611374855042,0.13974529504776,-0.016276448965072632,0.23040719330310822,0.22562405467033386,-0.013875607401132584,0.15485964715480804,0.5737406015396118,0.33058345317840576,0.22983157634735107,0.20970185101032257,>=0.15,True,True,False,True,False,False,False,True,True,0.11772959679365158,-0.24742406606674194,0.4122515022754669,0.17804774641990662,0.20540142059326172,0.0,0.22562405467033386,-0.01971532590687275,0.01971532590687275,0.004827231168746948,-0.01871137134730816,0.019322916865348816,0.032174065709114075,0.025370167568325996,0.1058826595544815,-0.011828768067061901,0.23010335862636566,0.00205401424318552,-0.017312053591012955,-0.009157538414001465,0.01958337426185608,0.032401759177446365,0-2deg,0.00-0.04,0.0,0.0,0.0,0.0
218,13,True,True,0.0561574324965477,0.04670526087284088,0.04390870779752731,0.2556982636451721,5.359999656677246,1.3188108205795288,0.2207377701997757,0.003093457082286477,-0.020642239600419998,0.2556982636451721,0.04390870779752731,-0.01999184489250183,0.02399277873337269,0.5710007548332214,0.192337766289711,0.2548637092113495,0.25304117798805237,>=0.15,False,True,False,True,True,False,False,False,True,0.029382625594735146,-0.2027437537908554,0.011344101279973984,0.09525168687105179,0.16955214738845825,0.11999999731779099,0.04390870779752731,-0.020022887736558914,0.020022887736558914,-0.06125252693891525,-0.003852016758173704,0.06137300655245781,0.039915625005960464,0.06971274316310883,0.0003452669770922512,-0.01047268696129322,0.2554837167263031,0.0016955214086920023,-0.06434733420610428,-0.006044418551027775,0.06463062018156052,0.03594005107879639,2-4deg,0.00-0.04,0.0,0.0,0.0,0.0
219,56,True,True,0.04541638121008873,0.03943008556962013,0.028936717659235,0.20725353062152863,3.9599997997283936,1.103147029876709,0.2512016296386719,0.004900661297142506,0.02376963570713997,0.20725353062152863,0.028936717659235,-0.01998995989561081,-0.01875961571931839,1.162355899810791,0.4391295611858368,0.20588596165180206,0.1988283395767212,>=0.15,False,True,False,True,True,False,False,False,True,0.01870693825185299,-0.10257398337125778,0.06831923872232437,0.05374407768249512,0.35882148146629333,0.11999999731779099,0.028936717659235,-0.02005503512918949,0.02005503512918949,-0.0732366293668747,0.028075814247131348,0.0784245952963829,0.04477373883128166,0.08634287118911743,0.0,0.012083929032087326,0.2069009393453598,0.003588214749470353,-0.07694251835346222,0.030005866661667824,0.0825754925608635,0.03874671831727028,4-6deg,0.04-0.08,0.0,0.0,0.0,0.0
220,47,True,True,0.08983481675386429,0.08983481675386429,0.08276054263114929,0.12352209538221359,2.119999885559082,1.3692837953567505,0.338005393743515,-0.006595296785235405,-0.12341560423374176,0.12352209538221359,0.08276054263114929,-0.020015563815832138,0.11520559340715408,0.9405534863471985,0.4091835618019104,0.005128137767314911,0.011138263158500195,0.00-0.05,False,True,False,True,True,False,False,False,True,0.08326856791973114,-0.08427540957927704,0.06339557468891144,0.4557473063468933,0.4557473063468933,0.05999999865889549,0.08276054263114929,-0.020015563815832138,0.020015563815832138,0.0041594114154577255,0.0248721856623888,0.025216979905962944,0.02286604605615139,0.00172633514739573,0.0008457279182039201,-0.12332779169082642,0.006925635971128941,0.004557473119348288,0.004010619595646858,0.025760792195796967,0.026070110499858856,0.022179096937179565,0-2deg,0.00-0.04,0.0,0.0,0.0,0.0
221,16,True,True,0.060241758823394775,0.060241758823394775,0.04904403164982796,0.1783519983291626,1.9199999570846558,1.3925609588623047,0.4726409912109375,-0.027295229956507683,-0.15174473822116852,0.1783519983291626,0.04904403164982796,-0.02000005543231964,0.12566065788269043,0.8265618085861206,0.3780163824558258,0.09371749311685562,0.09373531490564346,0.05-0.10,False,True,False,True,True,False,False,False,True,0.056121692061424255,-0.22594699263572693,0.27062928676605225,0.09304732084274292,0.11556582897901535,0.11999999731779099,0.04904403164982796,-0.020009050145745277,0.020009050145745277,-0.014289231970906258,-0.013069012202322483,0.019362976774573326,0.05169693008065224,0.0035210479982197285,0.0003452669770922512,-0.1521192342042923,0.09310838580131531,0.0011556582758203149,-0.013127961196005344,-0.018066102638840675,0.02233099192380905,0.05085839703679085,0-2deg,0.04-0.08,0.0,0.0,0.0,0.0
222,40,True,True,0.041347187012434006,0.041347187012434006,0.021808180958032608,0.16431856155395508,3.679999828338623,1.404082179069519,0.2175956815481186,-0.012963860295712948,-0.07616037875413895,0.16431856155395508,0.021808180958032608,-0.01989315263926983,0.06290510296821594,0.4563077390193939,0.28203049302101135,0.14560282230377197,0.16132628917694092,>=0.15,False,True,False,True,True,False,False,False,True,0.1010996624827385,-0.14895614981651306,0.3293462097644806,0.037982165813446045,0.06675731390714645,1.8199999332427979,0.021808180958032608,-0.01998780108988285,0.01998780108988285,0.04329079017043114,0.03898368030786514,0.058247923851013184,0.0504743829369545,0.12114319950342178,0.00248975632712245,-0.07029561698436737,0.14852310717105865,0.0006675731274299324,-0.057440776377916336,0.0008756120805628598,0.05744791403412819,0.05304882675409317,2-4deg,0.04-0.08,0.0,0.0,0.0,0.0
223,43,True,True,0.07486604154109955,0.07486604154109955,0.06588324159383774,0.1857743263244629,5.019999980926514,1.3851096630096436,0.24472962319850922,-0.018609724938869476,-0.16142916679382324,0.1857743263244629,0.06588324159383774,-0.019754789769649506,0.14286433160305023,1.1711030006408691,0.3403007984161377,0.09193870425224304,0.07505080848932266,0.05-0.10,False,True,False,True,True,False,False,False,True,0.11123302578926086,-0.12311945855617523,0.1113768219947815,0.027982696890830994,0.07230649143457413,2.8399999141693115,0.06588324159383774,-0.01981167122721672,0.01981167122721672,-0.004032924771308899,-0.01492712926119566,0.01546410657465458,0.017761338502168655,0.013188209384679794,0.004895009100437164,-0.15994736552238464,0.09449305385351181,0.0007230648770928383,-0.0030892877839505672,0.025668784976005554,0.02585427835583687,0.004140801727771759,0-2deg,0.00-0.04,0.0,0.0,0.0,0.0
224,61,True,True,0.05694515258073807,0.05694515258073807,0.04492785409092903,0.11996227502822876,4.0,1.392041802406311,0.2266426831483841,7.45866127545014e-05,-0.0407114215195179,0.11996227502822876,0.04492785409092903,-0.020009199157357216,0.04068998992443085,1.7511882781982422,0.39987632632255554,0.11284293979406357,0.1096460223197937,0.10-0.15,False,True,False,True,True,False,False,False,True,0.046556707471609116,-0.11481009423732758,0.024622363969683647,0.03300270065665245,0.11180585622787476,0.05999999865889549,0.04492785409092903,-0.020009199157357216,0.020009199157357216,-0.05650986731052399,-0.0591297410428524,0.0817679688334465,0.02069885842502117,0.0012448779307305813,0.0,-0.04849827662110329,0.10972176492214203,0.0011180585715919733,-0.05709801986813545,-0.058558858931064606,0.08176577836275101,0.020306285470724106,4-6deg,0.00-0.04,0.0,0.0,0.0,0.0
225,54,True,True,0.09668722748756409,0.09392867982387543,0.09012280404567719,0.13421228528022766,2.2200000286102295,1.4440362453460693,0.307146817445755,-0.0032965943682938814,-0.05966382846236229,0.13421228528022766,0.09012280404567719,-0.019897853955626488,0.057414256036281586,1.5878537893295288,0.49018099904060364,0.1202213242650032,0.09980449825525284,0.05-0.10,False,True,False,True,True,False,False,False,True,0.0872592031955719,-0.10634851455688477,0.21151013672351837,0.30702468752861023,0.30702468752861023,0.05999999865889549,0.09012280404567719,-0.02010180987417698,0.02010180987417698,-0.07930059731006622,-0.0010705807944759727,0.07930748909711838,0.009588883258402348,0.0021283691748976707,0.0015440810238942504,-0.06792829185724258,0.1157526969909668,0.003070246893912554,-0.07891029119491577,-0.0011690811952576041,0.07891908288002014,0.010539175011217594,4-6deg,0.00-0.04,0.0,0.0,0.0,0.0
226,25,True,True,0.09875211864709854,0.055337678641080856,0.09234755486249924,0.10914252698421478,3.0999999046325684,1.4747611284255981,0.2844609320163727,-0.01987825520336628,-0.10434949398040771,0.10914252698421478,0.09234755486249924,-0.02000606246292591,0.08205247670412064,1.2173080444335938,0.3959755301475525,0.031988658010959625,0.02548120729625225,0.00-0.05,False,True,False,True,True,False,False,False,True,0.04438244178891182,-0.12694242596626282,0.24682769179344177,0.05322599038481712,0.15746480226516724,0.8999999761581421,0.09234755486249924,-0.02000606246292591,0.02000606246292591,0.024637090042233467,-0.004891510121524334,0.025117497891187668,0.020983150228857994,0.05057963728904724,0.0,-0.10442271828651428,0.03174881637096405,0.001574647962115705,0.0026289441157132387,-0.0025811686646193266,0.003686444601044059,0.027603259310126305,0-2deg,0.00-0.04,0.0,0.0,0.0,0.0
227,58,True,True,0.09745969623327255,0.09659412503242493,0.09101084619760513,0.12393274903297424,2.299999952316284,1.3420119285583496,0.4157311022281647,-0.046756502240896225,-0.00037777796387672424,0.12393274903297424,0.09101084619760513,-0.020070264115929604,-0.04556672275066376,1.2404841184616089,0.5244334936141968,0.12393217533826828,0.03413929417729378,0.00-0.05,False,True,False,True,True,False,False,False,True,0.08941305428743362,-0.04736888036131859,0.2010859102010727,0.031196914613246918,0.1903894543647766,0.05999999865889549,0.09101084619760513,-0.020070264115929604,0.020070264115929604,-0.005045915953814983,0.04647022485733032,0.0467429980635643,0.019162999466061592,0.027667520567774773,0.0021836606319993734,0.001957447500899434,0.12391729652881622,0.001903894473798573,-0.005038468632847071,0.04721326380968094,0.04748086631298065,0.017988286912441254,2-4deg,0.00-0.04,0.0,0.0,0.0,0.0
228,44,True,True,0.03533722460269928,0.03513441979885101,0.004888527560979128,0.225124329328537,2.1599998474121094,1.31523597240448,0.38407132029533386,-0.017850495874881744,-0.13466313481330872,0.225124329328537,0.004888527560979128,-0.020002197474241257,0.1166895404458046,0.5297766327857971,0.35938677191734314,0.18040731549263,0.18257179856300354,>=0.15,False,True,False,True,True,False,False,False,True,0.016801437363028526,-0.31934013962745667,0.3432976305484772,0.07966169714927673,0.13544169068336487,0.11999999731779099,0.004888527560979128,-0.020002197474241257,0.020002197474241257,0.006531506776809692,0.01827719621360302,0.019409101456403732,0.009563647210597992,0.09909245371818542,0.0003452669770922512,-0.13721907138824463,0.17847095429897308,0.0013544168323278427,0.007258335594087839,0.017618732526898384,0.019055772572755814,0.010086745955049992,0-2deg,0.00-0.04,0.0,0.0,0.0,0.0
229,28,True,False,0.13178281486034393,0.13178281486034393,0.0,0.0,0.8799999952316284,1.842862844467163,0.9864339232444763,0.051715899258852005,0.1332961469888687,0.22331824898719788,0.12716007232666016,-0.02014407515525818,-0.07998458296060562,0.5377237200737,0.3493537902832031,0.17917358875274658,0.18512167036533356,>=0.15,True,True,False,True,False,False,False,True,True,0.12716007232666016,0.11677345633506775,0.19035492837429047,1.3226193189620972,1.3226193189620972,0.0,0.12716007232666016,-0.02014407515525818,0.02014407515525818,-0.06405141949653625,0.06288253515958786,0.08972977101802826,0.0462743416428566,0.002441406948491931,0.002441406948491931,0.11677345633506775,0.19035492837429047,0.013226192444562912,-0.06405141949653625,0.06288253515958786,0.08972977101802826,0.0462743416428566,4-6deg,0.04-0.08,0.0,0.0,0.0,0.0
230,33,True,True,0.05306978151202202,0.05171673372387886,0.03991817310452461,0.1573145091533661,1.959999918937683,1.2695850133895874,0.33578863739967346,0.003296169452369213,-0.08331171423196793,0.1573145091533661,0.03991817310452461,-0.020020736381411552,0.08842794597148895,0.389265239238739,0.17809386551380157,0.1334429234266281,0.12196822464466095,0.10-0.15,False,True,False,True,True,False,False,False,True,0.04019244760274887,-0.07183515280485153,0.07896469533443451,0.04034293442964554,0.1945168823003769,0.05999999865889549,0.03991817310452461,-0.020020736381411552,0.020020736381411552,-0.0008545751334168017,-0.0038186663296073675,0.0039062523283064365,0.049619659781455994,0.0013372133253142238,0.0003452669770922512,-0.08369136601686478,0.13320514559745789,0.0019451688276603818,0.0010425919899716973,-0.0032335580326616764,0.0034004871267825365,0.04964419826865196,0-2deg,0.04-0.08,0.0,0.0,0.0,0.0
231,6,True,True,0.07759417593479156,0.05568363144993782,0.06912970542907715,0.20507827401161194,3.359999895095825,1.1437209844589233,0.2386104315519333,-0.15818236768245697,0.017717361450195312,0.20507827401161194,0.06912970542907715,-0.01973048597574234,-0.17669393122196198,0.5019506812095642,0.26399827003479004,0.20431150496006012,0.20218198001384735,>=0.15,False,True,False,True,True,False,False,False,True,0.04858032613992691,-0.059352803975343704,0.19903221726417542,0.07847248762845993,0.7237425446510315,0.2800000011920929,0.06912970542907715,-0.020105237141251564,0.020105237141251564,0.0001199279649881646,0.030465930700302124,0.0304669551551342,0.003811063477769494,0.07759243249893188,0.005167488474398851,0.01290435716509819,0.20467187464237213,0.007237425073981285,0.00015496299602091312,0.028695572167634964,0.02869555912911892,0.009751559235155582,0-2deg,0.00-0.04,0.0,0.0,0.0,0.0
232,30,True,True,0.08666453510522842,0.08666453510522842,0.07875103503465652,0.13195593655109406,2.3399999141693115,1.2287284135818481,0.3259572386741638,0.013035938143730164,-0.12491901218891144,0.13195593655109406,0.07875103503465652,-0.01952546462416649,0.13811767101287842,1.076013445854187,0.5288785696029663,0.04251601919531822,0.1025344505906105,0.10-0.15,False,True,False,True,True,False,False,False,True,0.08561928570270538,-0.24059243500232697,0.33536866307258606,0.023494569584727287,0.05612572282552719,0.11999999731779099,0.07875103503465652,-0.019829008728265762,0.019829008728265762,0.007240017876029015,-0.02262834459543228,0.023758841678500175,0.04343704879283905,0.10712797194719315,0.00953090563416481,-0.12414698302745819,0.044720232486724854,0.0005612572422251105,0.002908530877903104,-0.02297716774046421,0.02316173166036606,0.04346482455730438,0-2deg,0.04-0.08,0.0,0.0,0.0,0.0
233,35,True,True,0.05540953204035759,0.05540953204035759,0.04294539615511894,0.08617842942476273,2.119999885559082,1.609297752380371,0.4708532989025116,-0.015153427608311176,-0.06926780939102173,0.08617842942476273,0.04294539615511894,-0.019992347806692123,0.05630282685160637,0.6120379567146301,0.3311716914176941,0.051270779222249985,0.04716920852661133,0.00-0.05,False,True,False,True,True,False,False,False,True,0.04484184458851814,-0.36195456981658936,0.368350088596344,0.1549355834722519,0.4528236389160156,0.07999999821186066,0.04294539615511894,-0.020108100026845932,0.020108100026845932,-0.05428425967693329,-0.027700267732143402,0.0609370693564415,0.07164699584245682,0.06028665602207184,0.0,-0.07036395370960236,0.0497557669878006,0.004528236109763384,-0.05496884882450104,-0.03189407289028168,0.06354357302188873,0.06996222585439682,2-4deg,0.04-0.08,0.0,0.0,0.0,0.0
234,51,True,True,0.03900790587067604,0.03731212019920349,0.017291372641921043,0.16827839612960815,3.5199999809265137,1.3296014070510864,0.3015303611755371,0.004447034560143948,0.043163418769836426,0.16827839612960815,0.017291372641921043,-0.02003878727555275,-0.03876732289791107,0.4276876151561737,0.20869594812393188,0.1626484990119934,0.20119905471801758,>=0.15,False,True,False,True,True,False,False,False,True,0.00604006415233016,-0.055382970720529556,0.05214908719062805,0.029037022963166237,0.22458955645561218,0.17999999225139618,0.017291372641921043,-0.02003878727555275,0.02003878727555275,0.01978938654065132,-0.035189855843782425,0.04037093371152878,0.05757099762558937,0.05738871544599533,0.00048828125,0.043743692338466644,0.16249340772628784,0.002245895564556122,0.010415703989565372,-0.035051338374614716,0.036566123366355896,0.05943181738257408,2-4deg,0.04-0.08,0.0,0.0,0.0,0.0
235,31,True,True,0.0659668818116188,0.06317771226167679,0.055900562554597855,0.19855397939682007,5.239999771118164,1.218263864517212,0.19662101566791534,0.009889218956232071,-0.05280762165784836,0.19855397939682007,0.055900562554597855,-0.019985366612672806,0.061523742973804474,1.1276915073394775,0.3537907898426056,0.19140282273292542,0.18386414647102356,>=0.15,False,True,False,True,True,False,False,False,True,0.05221119895577431,-0.1488729566335678,0.048043638467788696,0.03222811594605446,0.4225841760635376,0.07999999821186066,0.055900562554597855,-0.019985366612672806,0.019985366612672806,0.0865202471613884,0.02411915920674801,0.08981088548898697,0.0026903182733803988,0.02427755482494831,0.0,-0.03546019643545151,0.19536186754703522,0.004225841723382473,0.08642421662807465,0.024263890460133553,0.08975770324468613,0.0036016737576574087,4-6deg,0.00-0.04,0.0,0.0,0.0,0.0
236,29,True,True,0.06121058017015457,0.055860236287117004,0.05011553689837456,0.2011057585477829,4.880000114440918,1.107004165649414,0.18866033852100372,-0.07910773903131485,0.06654725968837738,0.2011057585477829,0.05011553689837456,-0.018513575196266174,-0.14590035378932953,0.8862462639808655,0.3421516716480255,0.18977615237236023,0.20078407227993011,>=0.15,False,True,False,True,True,False,False,False,True,0.0453127957880497,-0.053625158965587616,0.1289423406124115,0.08269236236810684,0.7995346188545227,0.11999999731779099,0.05011553689837456,-0.020117532461881638,0.020117532461881638,-0.04468926787376404,0.009410996921360493,0.04566935822367668,0.009153571911156178,0.07543560862541199,0.028516341000795364,0.059575486928224564,0.1920788586139679,0.007995345629751682,-0.04401272162795067,0.010092880576848984,0.045154672116041183,0.01016485970467329,2-4deg,0.00-0.04,0.0,0.0,0.0,0.0
237,39,True,False,0.24118268489837646,0.06756219267845154,0.0,0.0,5.059999942779541,1.1374949216842651,0.1825118511915207,-0.006498787086457014,-0.13745927810668945,0.20935164391994476,0.23863846063613892,-0.019983062520623207,0.13293540477752686,0.5905476212501526,0.22032098472118378,0.1579020470380783,0.16141124069690704,>=0.15,True,True,False,True,False,False,False,True,True,0.11316242069005966,-0.08882639557123184,0.17398564517498016,0.04143141210079193,0.2358858734369278,0.0,0.23863846063613892,-0.02002844400703907,0.02002844400703907,-0.028094634413719177,-0.004568574484437704,0.028464030474424362,0.02126161754131317,0.007971128448843956,0.0003452669770922512,-0.131036177277565,0.16327165067195892,0.0023588587064296007,-0.04090337082743645,-0.0036800967063754797,0.04106789082288742,0.00955974031239748,0-2deg,0.00-0.04,0.0,0.0,0.0,0.0
238,48,True,True,0.05306775122880936,0.04726043716073036,0.039887428283691406,0.20050419867038727,5.460000038146973,1.1217143535614014,0.18969444930553436,0.0027083687018603086,0.013469226658344269,0.20050419867038727,0.039887428283691406,-0.019975071772933006,-0.01158405002206564,1.201013445854187,0.3243356943130493,0.20005127787590027,0.19875450432300568,>=0.15,False,True,False,True,True,False,False,False,True,0.033359330147504807,-0.12342102825641632,0.10941894352436066,0.04955174773931503,0.10655723512172699,0.09999999403953552,0.039887428283691406,-0.019990624859929085,0.019990624859929085,0.04221242666244507,-5.74523198793031e-07,0.04221193492412567,0.01983553357422352,0.03821949660778046,0.0005980199784971774,0.021233951672911644,0.1993766725063324,0.0010655723745003343,0.040564604103565216,-4.973769682692364e-05,0.04056393727660179,0.021368255838751793,2-4deg,0.00-0.04,0.0,0.0,0.0,0.0
239,60,True,True,0.10089147835969925,0.07847656309604645,0.09463594108819962,0.12111569941043854,3.859999895095825,1.3051871061325073,0.2917959690093994,-0.003717671846970916,0.0051953792572021484,0.12111569941043854,0.09463594108819962,-0.02000526711344719,-0.012993483804166317,0.8196781277656555,0.33300453424453735,0.12100422382354736,0.16961590945720673,>=0.15,False,True,False,True,True,False,False,False,True,0.08073010295629501,-0.12460677325725555,0.44934338331222534,0.023507684469223022,0.09247064590454102,1.6399999856948853,0.09463594108819962,-0.02000884898006916,0.02000884898006916,-0.05736628174781799,-0.00885946024209261,0.058045875281095505,0.009875757619738579,0.09592469781637192,0.0,0.005896397866308689,0.12097208946943283,0.0009247064590454102,-0.00777092482894659,0.008401346392929554,0.011446066200733185,0.05212734267115593,2-4deg,0.00-0.04,0.0,0.0,0.0,0.0
240,2,True,True,0.09245267510414124,0.09165327250957489,0.08559134602546692,0.13303717970848083,3.059999942779541,1.5630816221237183,0.314454585313797,-0.01331387460231781,-0.1284133493900299,0.13303717970848083,0.08559134602546692,-0.020014513283967972,0.1163693442940712,1.8408247232437134,0.6889138221740723,0.03476928174495697,0.05958382785320282,0.05-0.10,False,True,False,True,True,False,False,False,True,0.08871246129274368,-0.3822866380214691,0.3143479824066162,0.061037249863147736,0.14480102062225342,0.11999999731779099,0.08559134602546692,-0.020014513283967972,0.020014513283967972,0.00222241273149848,-0.0009318109368905425,0.0024168696254491806,0.015042797662317753,0.10098139196634293,0.00048828125,-0.12842272222042084,0.034734636545181274,0.001448010210879147,0.0024034702219069004,0.0005614705150946975,0.0024657000321894884,0.015034873969852924,0-2deg,0.00-0.04,0.0,0.0,0.0,0.0
241,63,True,True,0.04752898961305618,0.04752898961305618,0.03202730417251587,0.04937279596924782,3.059999942779541,1.0833160877227783,0.3018069565296173,-0.07946724444627762,0.018720850348472595,0.04937279596924782,0.03202730417251587,-0.019858185201883316,-0.09481928497552872,1.4127475023269653,0.5591450929641724,0.045685913413763046,0.09154736995697021,0.05-0.10,False,True,False,True,True,False,False,False,True,0.03296421468257904,-0.020739328116178513,0.07955560833215714,0.10237550735473633,0.14352889358997345,0.11999999731779099,0.03202730417251587,-0.019917067140340805,0.019917067140340805,0.07840331643819809,0.013237250968813896,0.07951036840677261,0.025273192673921585,0.0408334881067276,0.002674427116289735,0.022169234231114388,0.04411573335528374,0.0014352889265865088,0.07562944293022156,0.013691470958292484,0.07685614377260208,0.03093942068517208,4-6deg,0.00-0.04,0.0,0.0,0.0,0.0
242,52,True,False,0.15355539321899414,0.15355539321899414,0.0,0.0,2.119999885559082,1.6333363056182861,0.4949042499065399,-0.0649535208940506,-0.2745216488838196,0.3719730079174042,0.14962515234947205,-0.020183555781841278,0.20379437506198883,1.0757611989974976,0.5822574496269226,0.2510015666484833,0.200100839138031,>=0.15,True,True,False,True,False,False,False,True,True,0.14962515234947205,-0.26592323184013367,0.2600937485694885,0.332332968711853,0.332332968711853,0.0,0.14962515234947205,-0.020183555781841278,0.020183555781841278,0.02033829130232334,0.06159430742263794,0.06486092507839203,0.057679519057273865,0.0027186358347535133,0.0027186358347535133,-0.26592323184013367,0.2600937485694885,0.0033233296126127243,0.02033829130232334,0.06159430742263794,0.06486092507839203,0.057679519057273865,2-4deg,0.04-0.08,0.0,0.0006905339541845024,0.0,0.0
243,49,True,True,0.04522494599223137,0.040319256484508514,0.028630007058382034,0.2515852749347687,3.419999837875366,1.3315461874008179,0.2639941871166229,0.00348204025067389,-0.01967901736497879,0.2515852749347687,0.028630007058382034,-0.01999249868094921,0.023969434201717377,0.8107578754425049,0.31453895568847656,0.25081443786621094,0.2504824995994568,>=0.15,False,True,False,True,True,False,False,False,True,0.019982995465397835,-0.0035212719812989235,0.14090324938297272,0.058446675539016724,0.15298262238502502,0.05999999865889549,0.028630007058382034,-0.01999940350651741,0.01999940350651741,-0.03531065955758095,0.0015256413025781512,0.035344094038009644,0.029869986698031425,0.0003452669770922512,0.0003452669770922512,-0.012181203812360764,0.2512902021408081,0.0015298262005671859,-0.03605255112051964,0.0024467571638524532,0.03613477945327759,0.029264871031045914,2-4deg,0.00-0.04,0.0,0.0,0.0,0.0
244,4,True,True,0.04720490425825119,0.04159001260995865,0.031548671424388885,0.14858035743236542,2.5399999618530273,1.4248225688934326,0.3721020221710205,-0.004059948492795229,-0.004250099416822195,0.14858035743236542,0.031548671424388885,-0.01992202177643776,0.00011400429502828047,0.7003858685493469,0.32749202847480774,0.1485195755958557,0.13215336203575134,0.10-0.15,False,True,False,True,True,False,False,False,True,0.010339411906898022,-0.16195230185985565,0.2314782440662384,0.024482442066073418,0.05585954710841179,0.1599999964237213,0.031548671424388885,-0.02000241167843342,0.02000241167843342,0.005750901997089386,0.0815318375825882,0.08173366636037827,0.006891502998769283,0.1023206114768982,0.0015822122804820538,-0.004955407232046127,0.14849770069122314,0.0005585954640991986,0.00490930350497365,0.08155703544616699,0.08170446008443832,0.0071052853018045425,4-6deg,0.00-0.04,0.0,0.0,0.0,0.0
245,24,True,False,0.15155772864818573,0.15155772864818573,0.0,0.0,2.119999885559082,1.4663234949111938,0.42200490832328796,-0.26769787073135376,-0.4201202392578125,0.7003531455993652,0.14923663437366486,-0.01590866595506668,0.13383126258850098,1.2433449029922485,0.6208661794662476,0.5603512525558472,0.1744825392961502,>=0.15,True,True,False,True,False,False,False,True,True,0.14923663437366486,-0.41990476846694946,0.5605127811431885,0.30459633469581604,0.30459633469581604,0.0,0.14923663437366486,-0.01590866595506668,0.01590866595506668,-0.008694926276803017,0.007505836430937052,0.011487651616334915,0.007883627898991108,0.0809914767742157,0.0809914767742157,-0.41990476846694946,0.5605127811431885,0.003045963356271386,-0.008694926276803017,0.007505836430937052,0.011487651616334915,0.007883627898991108,0-2deg,0.00-0.04,0.0,0.0,0.0,0.0
246,50,True,True,0.07453502714633942,0.06727097928524017,0.06580480933189392,0.2526022791862488,2.2799999713897705,1.154646873474121,0.28636378049850464,-0.001022877055220306,-0.10361778736114502,0.2526022791862488,0.06580480933189392,-0.02000422216951847,0.1042780876159668,0.7975050210952759,0.3951296806335449,0.23037201166152954,0.2311088740825653,>=0.15,False,True,False,True,True,False,False,False,True,0.059582896530628204,-0.10755448788404465,0.22707867622375488,0.10254590213298798,0.2572774589061737,0.05999999865889549,0.06580480933189392,-0.020024944096803665,0.020024944096803665,0.024242917075753212,-0.004058903083205223,0.024580135941505432,0.029399635270237923,0.0005980199784971774,0.0009134905994869769,-0.10859101265668869,0.22806993126869202,0.0025727744214236736,0.023544779047369957,-0.0031027591321617365,0.02374880388379097,0.029794203117489815,0-2deg,0.00-0.04,0.0,0.0,0.0,0.0
247,23,True,True,0.03793790563941002,0.03685363009572029,0.014244780875742435,0.20837591588497162,2.0199999809265137,1.2929178476333618,0.3828880488872528,-0.005784918088465929,-0.09888838231563568,0.20837591588497162,0.014244780875742435,-0.019840188324451447,0.09266410022974014,0.6660126447677612,0.3694867789745331,0.183416485786438,0.17661845684051514,>=0.15,False,True,False,True,True,False,False,False,True,0.011564655229449272,-0.07592185586690903,0.23413501679897308,0.31920886039733887,0.31920886039733887,0.05999999865889549,0.014244780875742435,-0.020012851804494858,0.020012851804494858,0.06104821711778641,0.01808079145848751,0.06366641074419022,0.02504049427807331,0.00048828125,0.0032388928811997175,-0.10663358867168427,0.1790245771408081,0.0031920885667204857,0.061336301267147064,0.017121953889727592,0.06367859244346619,0.025039756670594215,2-4deg,0.00-0.04,0.0,0.0,0.0,0.0
248,22,True,True,0.08698826283216476,0.08456426113843918,0.0795014277100563,0.17182593047618866,2.180000066757202,1.3534196615219116,0.37955567240715027,-0.003019228344783187,-0.03383081406354904,0.17182593047618866,0.0795014277100563,-0.01985923945903778,0.03430534899234772,0.5856157541275024,0.32570087909698486,0.16846254467964172,0.08317513763904572,0.05-0.10,False,True,False,True,True,False,False,False,True,0.07715924829244614,-0.011187027208507061,0.2396668642759323,0.046527665108442307,0.055973395705223083,0.05999999865889549,0.0795014277100563,-0.020002072677016258,0.020002072677016258,-0.00029140690458007157,-0.01020826492458582,0.010213179513812065,0.04556341841816902,0.008876815438270569,0.0029092722106724977,-0.03471353277564049,0.16828285157680511,0.0005597339477390051,-0.0002808234130498022,-0.008381151594221592,0.008386529982089996,0.04578643664717674,0-2deg,0.04-0.08,0.0,0.0,0.0,0.0
249,27,True,True,0.058076951652765274,0.05320701375603676,0.046347472816705704,0.21330666542053223,4.839999675750732,1.1804498434066772,0.2111589014530182,0.006968699861317873,0.0647645890712738,0.21330666542053223,0.046347472816705704,-0.0199903454631567,-0.05803881958127022,1.584661841392517,0.40749526023864746,0.20323701202869415,0.2009517401456833,>=0.15,False,True,False,True,True,False,False,False,True,0.04091890528798103,-0.07418626546859741,0.11380751430988312,0.04837421327829361,0.7694956064224243,0.11999999731779099,0.046347472816705704,-0.01999320648610592,0.01999320648610592,-0.07886747270822525,-0.057293958961963654,0.09744668006896973,0.026325220242142677,0.09482938796281815,0.0,0.046150825917720795,0.20825424790382385,0.007694955915212631,-0.0808132141828537,-0.05873752385377884,0.09986665099859238,0.022118767723441124,4-6deg,0.00-0.04,0.0,0.0,0.0,0.0
250,5,True,True,0.06928784400224686,0.06781648099422455,0.05949418246746063,0.22955898940563202,2.059999942779541,1.4767953157424927,0.4326167404651642,-0.008167761377990246,-0.17659497261047363,0.22955898940563202,0.05949418246746063,-0.019650688394904137,0.16690655052661896,0.7055666446685791,0.3905137777328491,0.14666813611984253,0.13404646515846252,0.10-0.15,False,True,False,True,True,False,False,False,True,0.05844961106777191,-0.06843521445989609,0.1266266405582428,0.08980554342269897,0.08980554342269897,0.05999999865889549,0.05949418246746063,-0.019650688394904137,0.019650688394904137,0.04111698642373085,0.03838503733277321,0.05624249204993248,0.03853156045079231,0.017425088211894035,0.006939794402569532,-0.17889221012592316,0.14385725557804108,0.0008980554412119091,0.04194208234548569,0.0370652973651886,0.055966127663850784,0.03929012268781662,2-4deg,0.00-0.04,0.0,0.0,0.0,0.0
251,30,True,True,0.07802113890647888,0.0652589425444603,0.06971476227045059,0.23998719453811646,0.9399999976158142,1.6533515453338623,0.761328935623169,0.0058716279454529285,-0.08636940270662308,0.23998719453811646,0.06971476227045059,-0.02001168206334114,0.0885094404220581,0.43730852007865906,0.2627500295639038,0.22390663623809814,0.22190481424331665,>=0.15,False,True,False,True,True,False,False,False,True,0.054918333888053894,-0.4094592034816742,0.40314802527427673,0.04977145045995712,0.3127925992012024,0.09999999403953552,0.06971476227045059,-0.020020803436636925,0.020020803436636925,-0.02830495685338974,0.06005755066871643,0.06638611853122711,0.05182681605219841,0.010731135495007038,0.0006905339541845024,-0.07229326665401459,0.22883954644203186,0.003127926029264927,-0.024987727403640747,0.057478006929159164,0.0626693144440651,0.05321348458528519,2-4deg,0.04-0.08,0.0,0.0,0.0,0.0
252,10,True,True,0.0673641562461853,0.05834357067942619,0.05754642188549042,0.24266354739665985,5.460000038146973,1.1861974000930786,0.16118545830249786,0.014725924469530582,-0.034875452518463135,0.24266354739665985,0.05754642188549042,-0.019985314458608627,0.05150163173675537,0.6363056898117065,0.22059692442417145,0.24014434218406677,0.2331257313489914,>=0.15,False,True,False,True,True,False,False,False,True,0.05008026957511902,-0.03704822063446045,0.20182198286056519,0.14438557624816895,0.25727373361587524,0.05999999865889549,0.05754642188549042,-0.02001309208571911,0.02001309208571911,0.015180591493844986,0.0010360837914049625,0.015215417370200157,0.033978093415498734,0.00048828125,0.0003452669770922512,-0.036993544548749924,0.23982718586921692,0.002572737168520689,0.013815086334943771,0.001014825189486146,0.013853881508111954,0.03430198132991791,0-2deg,0.00-0.04,0.0,0.0,0.0,0.0
253,38,True,True,0.07499169558286667,0.07235381007194519,0.06632184237241745,0.16512779891490936,1.459999918937683,1.2272331714630127,0.47988447546958923,0.02548687346279621,0.07953105866909027,0.16512779891490936,0.06632184237241745,-0.01999949850142002,-0.05252375081181526,0.4039766490459442,0.17290538549423218,0.14471352100372314,0.1393323391675949,0.10-0.15,False,True,False,True,True,False,False,False,True,0.06370425224304199,-0.044908251613378525,0.03297079727053642,0.0365399494767189,0.33143192529678345,0.1599999964237213,0.06632184237241745,-0.020023345947265625,0.020023345947265625,-0.007865628227591515,-0.05668133869767189,0.05722428858280182,0.016493849456310272,0.07968128472566605,0.0006905339541845024,0.07211848348379135,0.14854668080806732,0.0033143190667033195,-0.006156185641884804,-0.05468691140413284,0.055032361298799515,0.021121714264154434,2-4deg,0.00-0.04,0.0,0.0,0.0,0.0
254,46,True,True,0.07508310675621033,0.06480066478252411,0.06641896814107895,0.1904161274433136,3.5799999237060547,1.2486618757247925,0.28785240650177,0.008537238463759422,-0.0042848847806453705,0.1904161274433136,0.06641896814107895,-0.01998155191540718,0.013598005287349224,1.08942711353302,0.31835082173347473,0.1903679221868515,0.18426141142845154,>=0.15,False,True,False,True,True,False,False,False,True,0.06005515158176422,-0.10671612620353699,0.03914089500904083,0.02870338410139084,0.3666011393070221,0.07999999821186066,0.06641896814107895,-0.01998245157301426,0.01998245157301426,-0.034300461411476135,-0.040881019085645676,0.053358737379312515,0.021865595132112503,0.020496543496847153,0.0003452669770922512,-0.006523488089442253,0.19030435383319855,0.003666011383756995,-0.03543773666024208,-0.04143548011779785,0.05451630428433418,0.02030991017818451,2-4deg,0.00-0.04,0.0,0.0,0.0,0.0
255,17,True,False,0.14342902600765228,0.14342902600765228,0.0,0.0,2.2200000286102295,1.4103728532791138,0.2792634963989258,0.04083498194813728,-0.0970107689499855,0.38359972834587097,0.13913759589195251,-0.020044753327965736,0.13751451671123505,1.119067668914795,0.5143375396728516,0.3711302578449249,0.22664029896259308,>=0.15,True,True,False,True,False,False,False,True,True,0.13913759589195251,-0.09838051348924637,0.37076953053474426,0.5741341710090637,0.5741341710090637,0.0,0.13913759589195251,-0.020044753327965736,0.020044753327965736,-0.0013647826854139566,-0.009137745946645737,0.009238747879862785,0.011704575270414352,0.0012918708380311728,0.0012918708380311728,-0.09838051348924637,0.37076953053474426,0.005741341505199671,-0.0013647826854139566,-0.009137745946645737,0.009238747879862785,0.011704575270414352,0-2deg,0.00-0.04,0.0,0.0,0.0,0.0
