episode,env_id,align_success,success,final_distance,min_distance,touchdown_distance,touchdown_rel_vel,landing_time,max_descent_speed,mean_descent_speed,final_vertical_speed,terminal_vertical_relative_speed,terminal_relative_speed,terminal_horizontal_error,terminal_surface_clearance,terminal_pad_vertical_speed,max_horizontal_speed,mean_horizontal_speed,final_horizontal_speed,pad_speed,pad_speed_bucket,crash,terminated,time_out,contact_success,settled_landing,hard_contact,ground_crash,deck_miss,first_contact_seen,first_contact_xy_error_deck_frame,first_contact_normal_rel_speed,first_contact_tangential_rel_speed,first_contact_force,max_contact_force,settle_time,terminal_xy_error,minimum_surface_clearance,maximum_penetration,first_contact_deck_roll,first_contact_deck_pitch,first_contact_deck_tilt,first_contact_deck_angular_speed,first_contact_body_deck_normal_angle,terminal_body_deck_normal_angle,terminal_normal_relative_speed,terminal_tangential_relative_speed,max_contact_impulse,terminal_deck_roll,terminal_deck_pitch,terminal_deck_tilt,terminal_deck_angular_speed,deck_tilt_bucket,deck_angular_speed_bucket,max_deck_position_consistency_error,max_deck_orientation_consistency_error,max_deck_linear_velocity_consistency_error,max_deck_angular_velocity_consistency_error
0,53,False,False,0.5857707858085632,0.5857707858085632,0.0,0.0,0.6399999856948853,2.345160961151123,0.927234411239624,-1.6961312294006348,-1.5726089477539062,2.5665786266326904,0.5880550742149353,-0.010596750304102898,-0.13208341598510742,1.8102385997772217,0.7482795715332031,2.028355836868286,0.15007321536540985,>=0.15,True,True,False,False,False,False,False,True,False,0.0,0.0,0.0,0.0,0.0,0.0,0.5880550742149353,-0.010596750304102898,0.010596750304102898,0.0,0.0,0.0,0.0,0.0,0.38303589820861816,-1.5525615215301514,2.043741464614868,0.0,-0.005387532990425825,-0.008643274195492268,0.01018395647406578,0.027808086946606636,0-2deg,0.00-0.04,0.0,0.0,0.0,0.0
1,35,True,True,0.03973155841231346,0.03973155841231346,0.018615953624248505,0.22032476961612701,0.7999999523162842,1.557824730873108,0.7481166124343872,-0.017841733992099762,-0.11766696721315384,0.22032476961612701,0.018615953624248505,-0.019914239645004272,0.10041101276874542,0.6807146072387695,0.3440224230289459,0.18627262115478516,0.18189364671707153,>=0.15,False,True,False,True,True,False,False,False,True,0.022214272990822792,-0.09141377359628677,0.27262261509895325,0.2285739928483963,0.2285739928483963,0.05999999865889549,0.018615953624248505,-0.019973065704107285,0.019973065704107285,-0.07772354781627655,0.013058035634458065,0.07881089299917221,0.029008442535996437,0.0003452669770922512,0.0016558425268158317,-0.12674714624881744,0.18021699786186218,0.0022857398726046085,-0.07767434418201447,0.014215017668902874,0.07896140962839127,0.028944211080670357,4-6deg,0.00-0.04,0.0,0.0,0.0,0.0
2,37,True,True,0.06264916807413101,0.05886559933423996,0.05190407484769821,0.16066935658454895,0.8999999761581421,1.1841155290603638,0.5141671895980835,-0.004754398949444294,-0.05472838878631592,0.16066935658454895,0.05190407484769821,-0.019911646842956543,0.04970100149512291,0.49015694856643677,0.2600136995315552,0.1510610729455948,0.13692572712898254,0.10-0.15,False,True,False,True,True,False,False,False,True,0.0479574017226696,0.010983826592564583,0.2694055438041687,0.11107968538999557,0.11107968538999557,0.05999999865889549,0.05190407484769821,-0.019911646842956543,0.019911646842956543,0.012736141681671143,-0.0005591395893134177,0.012746939435601234,0.012320661917328835,0.01551029272377491,0.0018593198619782925,-0.0528939887881279,0.15171310305595398,0.0011107968166470528,0.013111338019371033,-0.00024443757138215005,0.013115695677697659,0.012163594365119934,0-2deg,0.00-0.04,0.0,0.0,0.0,0.0
3,45,True,False,0.13343502581119537,0.13343502581119537,0.0,0.0,0.9199999570846558,1.3345574140548706,0.7630252242088318,-0.5837026834487915,-0.7368730902671814,0.9731817245483398,0.12985587120056152,-0.014948511496186256,0.14094878733158112,0.6082769632339478,0.34568220376968384,0.6356891989707947,0.11131472140550613,0.10-0.15,True,True,False,True,False,False,False,True,True,0.12985587120056152,-0.7440210580825806,0.6273080706596375,0.11662434786558151,0.11662434786558151,0.0,0.12985587120056152,-0.014948511496186256,0.014948511496186256,-0.035250041633844376,0.027697691693902016,0.044826000928878784,0.059859998524188995,0.09441238641738892,0.09441238641738892,-0.7440210580825806,0.6273080706596375,0.0011662434553727508,-0.035250041633844376,0.027697691693902016,0.044826000928878784,0.059859998524188995,2-4deg,0.04-0.08,0.0,0.0,0.0,0.0
4,27,True,True,0.10303782671689987,0.09523235261440277,0.09691784530878067,0.18581099808216095,1.2400000095367432,1.7735557556152344,0.7944341897964478,-0.071935273706913,0.03521572798490524,0.18581099808216095,0.09691784530878067,-0.020045850425958633,-0.10403945297002792,0.4142242670059204,0.26069819927215576,0.18244336545467377,0.18899135291576385,>=0.15,False,True,False,True,True,False,False,False,True,0.09862499684095383,-0.16728170216083527,0.2398403137922287,0.2848125398159027,0.2848125398159027,0.25999999046325684,0.09691784530878067,-0.020084282383322716,0.020084282383322716,0.03478783741593361,0.033478934317827225,0.048276666551828384,0.03726213052868843,0.016723383218050003,0.001035800902172923,0.028251634910702705,0.18365070223808289,0.002848125295713544,0.02693062834441662,0.027583030983805656,0.03854723647236824,0.04432782530784607,2-4deg,0.00-0.04,0.0,0.0,0.0,0.0
5,19,True,True,0.09020715951919556,0.0866636335849762,0.08316484838724136,0.12540362775325775,1.8600000143051147,1.0934484004974365,0.2985457181930542,0.029515700414776802,-0.10407990217208862,0.12540362775325775,0.08316484838724136,-0.01938140019774437,0.13239748775959015,0.5054849982261658,0.2833312749862671,0.06995314359664917,0.17036621272563934,>=0.15,False,True,False,True,True,False,False,False,True,0.07938777655363083,-0.13072112202644348,0.31343451142311096,0.10142150521278381,0.10142150521278381,0.17999999225139618,0.08316484838724136,-0.02000947669148445,0.02000947669148445,-0.04230605438351631,-0.07195744663476944,0.08345389366149902,0.04080279916524887,0.0,0.008863376453518867,-0.09969845414161682,0.07606764882802963,0.001014215056784451,-0.03577248007059097,-0.07279781997203827,0.08109823614358902,0.042078759521245956,4-6deg,0.04-0.08,0.0,0.0,0.0,0.0
6,44,True,False,0.13169310986995697,0.13169310986995697,0.0,0.0,1.8799999952316284,1.4484597444534302,0.4098837077617645,-0.3256261646747589,-0.22280624508857727,0.4573606848716736,0.12685470283031464,-0.015309438109397888,-0.10282495617866516,0.6717022657394409,0.4085288643836975,0.3994198143482208,0.16652719676494598,>=0.15,True,True,False,True,False,False,False,True,True,0.12685470283031464,-0.1902502477169037,0.41591301560401917,0.05580322816967964,0.05580322816967964,0.0,0.12685470283031464,-0.015309438109397888,0.015309438109397888,-0.06678175926208496,0.06432463973760605,0.09268961101770401,0.03288949280977249,0.06542495638132095,0.06542495638132095,-0.1902502477169037,0.41591301560401917,0.0005580322467721999,-0.06678175926208496,0.06432463973760605,0.09268961101770401,0.03288949280977249,4-6deg,0.00-0.04,0.0,0.0,0.0,0.0
7,28,True,True,0.06925660371780396,0.0623963437974453,0.059775229543447495,0.25288841128349304,1.899999976158142,1.2105004787445068,0.37875398993492126,0.0004948381101712584,-0.10713870823383331,0.25288841128349304,0.059775229543447495,-0.02000696398317814,0.10725927352905273,0.7901473045349121,0.4092423617839813,0.22907167673110962,0.22669413685798645,>=0.15,False,True,False,True,True,False,False,False,True,0.05493820086121559,-0.09943704307079315,0.22380709648132324,0.2541373074054718,0.26787397265434265,0.05999999865889549,0.059775229543447495,-0.020040448755025864,0.020040448755025864,0.0012817011447623372,0.021617943421006203,0.02165612392127514,0.018223479390144348,0.0,0.0009765625,-0.10359091311693192,0.23069778084754944,0.002678739605471492,0.0005589571665041149,0.021513111889362335,0.02152082696557045,0.018288765102624893,0-2deg,0.00-0.04,0.0,0.0,0.0,0.0
8,59,True,True,0.11881382763385773,0.11278171837329865,0.11387177556753159,0.23694278299808502,1.959999918937683,1.4759516716003418,0.4306616187095642,0.054805509746074677,-0.019180651754140854,0.23694278299808502,0.11387177556753159,-0.019150041043758392,0.07350104302167892,1.0371156930923462,0.5302959084510803,0.23616516590118408,0.130079448223114,0.10-0.15,False,True,False,True,True,False,False,False,True,0.10721659660339355,-0.07040783762931824,0.3257661759853363,0.06150856241583824,0.07314351201057434,0.07999999821186066,0.11387177556753159,-0.01999368518590927,0.01999368518590927,0.08107131719589233,0.02825930528342724,0.08584517240524292,0.03302495926618576,0.0003452669770922512,0.017002632841467857,-0.013770043849945068,0.23654231429100037,0.000731435080524534,0.08053150027990341,0.03015117533504963,0.08597923815250397,0.03261946514248848,4-6deg,0.00-0.04,0.0,0.0,0.0,0.0
9,43,True,True,0.07414643466472626,0.07266992330551147,0.06537394970655441,0.04422885924577713,1.9799998998641968,1.4010919332504272,0.38124412298202515,-0.0008042156114242971,-0.03972313925623894,0.04422885924577713,0.06537394970655441,-0.020003335550427437,0.036657921969890594,0.45347779989242554,0.28312087059020996,0.019449010491371155,0.01806757226586342,0.00-0.05,False,True,False,True,True,False,False,False,True,0.0657273456454277,-0.31510746479034424,0.41499555110931396,0.066999651491642,0.39475300908088684,0.14000000059604645,0.06537394970655441,-0.02000659890472889,0.02000659890472889,-0.046261098235845566,-0.00870051234960556,0.047070957720279694,0.037345483899116516,0.04927302151918411,0.0003452669770922512,-0.039069946855306625,0.02072995714843273,0.0039475299417972565,-0.04622244834899902,-0.004184417892247438,0.04641143977642059,0.037897463887929916,2-4deg,0.00-0.04,0.0,0.0,0.0,0.0
10,11,True,True,0.10921479016542435,0.10719593614339828,0.10349158942699432,0.05575164034962654,2.0,1.5393657684326172,0.42106419801712036,-0.06460829824209213,0.029297232627868652,0.05575164034962654,0.10349158942699432,-0.019868718460202217,-0.10034667700529099,0.7937632203102112,0.3633859157562256,0.04743329435586929,0.14076489210128784,0.10-0.15,False,True,False,True,True,False,False,False,True,0.10412827879190445,-0.29788631200790405,0.2812824845314026,0.3355482518672943,0.3355482518672943,0.14000000059604645,0.10349158942699432,-0.020105628296732903,0.020105628296732903,0.03416341543197632,0.041882336139678955,0.054042790085077286,0.05590321868658066,0.030595822259783745,0.002674427116289735,0.027781562879681587,0.048336632549762726,0.0033554823603481054,0.031119855120778084,0.04780597239732742,0.0570363886654377,0.05508856102824211,2-4deg,0.04-0.08,0.0,0.0,0.0,0.0
11,54,True,True,0.07678666710853577,0.07628006488084793,0.06834443658590317,0.06959584355354309,2.0,1.555726170539856,0.4863671064376831,0.00369890290312469,0.012024219147861004,0.06959584355354309,0.06834443658590317,-0.02000494673848152,-0.005732690449804068,0.8482908606529236,0.431084543466568,0.0685492530465126,0.06852029263973236,0.05-0.10,False,True,False,True,True,False,False,False,True,0.07261862605810165,-0.30356281995773315,0.3698262572288513,0.08354899287223816,0.1730584353208542,0.09999999403953552,0.06834443658590317,-0.020062251016497612,0.020062251016497612,0.031168051064014435,-0.0057510812766849995,0.031694501638412476,0.05754370614886284,0.09734370559453964,0.0003452669770922512,0.010062852874398232,0.06886450946331024,0.0017305843066424131,0.035683006048202515,-0.0055114394053816795,0.036106716841459274,0.05544248968362808,0-2deg,0.04-0.08,0.0,0.0,0.0,0.0
12,1,True,True,0.040234073996543884,0.038527391850948334,0.019726021215319633,0.20885436236858368,2.1399998664855957,1.371159553527832,0.3833484351634979,-0.022242549806833267,-0.15024961531162262,0.20885436236858368,0.019726021215319633,-0.01988842897117138,0.1287338137626648,0.9347115755081177,0.4069643020629883,0.1450696587562561,0.14916536211967468,0.10-0.15,False,True,False,True,True,False,False,False,True,0.01602129265666008,-0.11258015036582947,0.11587401479482651,0.32424288988113403,0.32424288988113403,0.05999999865889549,0.019726021215319633,-0.020029649138450623,0.020029649138450623,-0.0003284968843217939,-0.001487812725827098,0.0015049839857965708,0.03947727382183075,0.00048828125,0.0022902425844222307,-0.15025806427001953,0.14506089687347412,0.003242428880184889,-0.00016729791241232306,8.363906090380624e-05,0.0,0.039499614387750626,0-2deg,0.00-0.04,0.0,0.0,0.0,0.0
13,21,True,True,0.08026648312807083,0.07685278356075287,0.07224362343549728,0.2170858234167099,2.1399998664855957,1.5934263467788696,0.35331761837005615,-0.03276059404015541,-0.15287025272846222,0.2170858234167099,0.07224362343549728,-0.019987791776657104,0.124463751912117,0.7660669088363647,0.32107627391815186,0.15413285791873932,0.16486932337284088,>=0.15,False,True,False,True,True,False,False,False,True,0.07202677428722382,-0.11827526241540909,0.20528452098369598,0.027854785323143005,0.1640578955411911,0.14000000059604645,0.07224362343549728,-0.019987791776657104,0.019987791776657104,-0.03307124227285385,0.0785856768488884,0.08524732291698456,0.040182244032621384,0.0033652479760348797,0.00048828125,-0.14535336196422577,0.16124098002910614,0.0016405789647251368,-0.02816528081893921,0.07783447951078415,0.08276388049125671,0.042648136615753174,4-6deg,0.04-0.08,0.0,0.0,0.0,0.0
14,34,True,True,0.05252968519926071,0.05252968519926071,0.03916728496551514,0.06348095089197159,2.1399998664855957,1.3283933401107788,0.3112070560455322,0.014061861671507359,0.03496720269322395,0.06348095089197159,0.03916728496551514,-0.020002305507659912,-0.021054601296782494,1.204878330230713,0.4443548917770386,0.05298231914639473,0.03879896178841591,0.00-0.05,False,True,False,True,True,False,False,False,True,0.04058254882693291,-0.19763122498989105,0.3230273723602295,0.020060855895280838,0.2805069386959076,0.07999999821186066,0.03916728496551514,-0.020026007667183876,0.020026007667183876,-0.01022243220359087,0.028528865426778793,0.030304117128252983,0.08028556406497955,0.015934905037283897,0.0003452669770922512,0.03637310117483139,0.05202719196677208,0.0028050693217664957,-0.005541237536817789,0.027323754504323006,0.02788000926375389,0.08080515265464783,0-2deg,0.08-0.12,0.0,0.0,0.0,0.0
15,60,True,True,0.054256632924079895,0.054256632924079895,0.041457053273916245,0.09363522380590439,2.1399998664855957,1.3682785034179688,0.3873122036457062,0.00308910571038723,-0.06859566271305084,0.09363522380590439,0.041457053273916245,-0.020010193809866905,0.07161760330200195,0.8431552052497864,0.42616188526153564,0.06373530626296997,0.05459398403763771,0.05-0.10,False,True,False,True,True,False,False,False,True,0.045891620218753815,0.011275013908743858,0.22471705079078674,0.02157350815832615,0.16780135035514832,0.07999999821186066,0.041457053273916245,-0.020021548494696617,0.020021548494696617,-0.008889087475836277,-0.014019597321748734,0.01660175248980522,0.0014108943287283182,0.01518796943128109,0.0006905339541845024,-0.06754195690155029,0.06485089659690857,0.001678013475611806,-0.008963878266513348,-0.014010809361934662,0.016634035855531693,0.0011274381540715694,0-2deg,0.00-0.04,0.0,0.0,0.0,0.0
16,23,True,False,0.12918546795845032,0.12918546795845032,0.0,0.0,2.1599998474121094,1.7119287252426147,0.4378856420516968,-0.4128633141517639,-0.3760395348072052,0.5570963025093079,0.12530390918254852,-0.016036134213209152,-0.05140773952007294,1.028240442276001,0.5217943787574768,0.4110359251499176,0.14145788550376892,0.10-0.15,True,True,False,True,False,False,False,True,True,0.12530390918254852,-0.3935381770133972,0.3943144977092743,0.26906928420066833,0.26906928420066833,0.0,0.12530390918254852,-0.016036134213209152,0.016036134213209152,0.04950527474284172,-0.05584603548049927,0.074612557888031,0.019048865884542465,0.06442448496818542,0.06442448496818542,-0.3935381770133972,0.3943144977092743,0.002690692897886038,0.04950527474284172,-0.05584603548049927,0.074612557888031,0.019048865884542465,4-6deg,0.00-0.04,0.0,0.0,0.0,0.0
17,31,True,True,0.052387624979019165,0.052387624979019165,0.038993801921606064,0.18954621255397797,2.240000009536743,1.5970722436904907,0.4907383620738983,-0.005821456667035818,-0.037292324006557465,0.18954621255397797,0.038993801921606064,-0.020008889958262444,0.029259998351335526,0.9153215289115906,0.4575018286705017,0.18584145605564117,0.11542513966560364,0.10-0.15,False,True,False,True,True,False,False,False,True,0.04402703791856766,-0.32142263650894165,0.241007000207901,0.09609372168779373,0.10357071459293365,0.11999999731779099,0.038993801921606064,-0.020008889958262444,0.020008889958262444,-0.05761317163705826,0.06908345222473145,0.08992511034011841,0.04816431552171707,0.12273186445236206,0.0005980199784971774,-0.019898422062397003,0.188498854637146,0.0010357070714235306,-0.06194505840539932,0.0705145001411438,0.0938250944018364,0.04304201155900955,4-6deg,0.04-0.08,0.0,0.0,0.0,0.0
18,63,True,False,0.13674573600292206,0.07857825607061386,0.0,0.0,2.240000009536743,1.391885757446289,0.3714894950389862,0.02662225067615509,-0.045594826340675354,0.2011990249156952,0.13224121928215027,-0.01934101991355419,0.07530876994132996,0.4398341178894043,0.29866597056388855,0.19596469402313232,0.160120889544487,>=0.15,True,True,False,True,False,False,False,True,True,0.13224121928215027,-0.04173121601343155,0.19682365655899048,0.02332189679145813,0.02332189679145813,0.0,0.13224121928215027,-0.01934101991355419,0.01934101991355419,-0.004479290917515755,0.019557803869247437,0.020064478740096092,0.02452182024717331,0.013133861124515533,0.013133861124515533,-0.04173121601343155,0.19682365655899048,0.0002332189615117386,-0.004479290917515755,0.019557803869247437,0.020064478740096092,0.02452182024717331,0-2deg,0.00-0.04,0.0,0.0,0.0,0.0
19,56,True,True,0.04733002558350563,0.0414024218916893,0.03186256065964699,0.22813428938388824,2.319999933242798,1.047760009765625,0.27808934450149536,0.01845381408929825,0.08434757590293884,0.22813428938388824,0.03186256065964699,-0.020033981651067734,-0.06501483172178268,0.4614972174167633,0.2021988481283188,0.21196871995925903,0.19343212246894836,>=0.15,False,True,False,True,True,False,False,False,True,0.020608510822057724,-0.09660604596138,0.15501682460308075,0.041391924023628235,0.6103560328483582,0.07999999821186066,0.03186256065964699,-0.020033981651067734,0.020033981651067734,-0.003986431751400232,-0.0544668473303318,0.05461248382925987,0.010569247417151928,0.012830833904445171,0.0011960400734096766,0.07281292974948883,0.216202512383461,0.0061035603284835815,-0.00385255622677505,-0.05378912389278412,0.053926803171634674,0.01245573628693819,2-4deg,0.00-0.04,0.0,0.0,0.0,0.0
20,33,True,True,0.11866359412670135,0.11284809559583664,0.11339126527309418,0.15763291716575623,2.359999895095825,1.5588924884796143,0.43924811482429504,-0.00824814848601818,-0.1473410427570343,0.15763291716575623,0.11339126527309418,-0.019713280722498894,0.13602188229560852,1.052775263786316,0.4473727345466614,0.056024592369794846,0.05934472754597664,0.05-0.10,False,True,False,True,True,False,False,False,True,0.10809801518917084,0.06373334676027298,0.10393134504556656,0.07933636009693146,0.07933636009693146,0.14000000059604645,0.11339126527309418,-0.019729604944586754,0.019729604944586754,0.04794595390558243,0.0007735652616247535,0.04795197397470474,0.050381697714328766,0.02982226014137268,0.005715193226933479,-0.14572356641292572,0.060106415301561356,0.0007933636079542339,0.04668800160288811,-0.005178521852940321,0.04697458818554878,0.05100618675351143,2-4deg,0.04-0.08,0.0,0.0,0.0,0.0
21,22,True,True,0.046063490211963654,0.046063490211963654,0.029935097321867943,0.09362944960594177,2.3999998569488525,1.2887344360351562,0.3476817011833191,0.002472320105880499,0.002180014504119754,0.09362944960594177,0.029935097321867943,-0.019992327317595482,0.0007306147599592805,0.9880449175834656,0.43969088792800903,0.09360406547784805,0.09185437113046646,0.05-0.10,False,True,False,True,True,False,False,False,True,0.0332242026925087,0.03574540466070175,0.11863361299037933,0.5193696618080139,0.5193696618080139,0.05999999865889549,0.029935097321867943,-0.02003006637096405,0.02003006637096405,-0.0044918484054505825,-0.010976448655128479,0.011860379949212074,0.018418660387396812,0.0,0.0003452669770922512,0.002962765982374549,0.09358256310224533,0.005193696357309818,-0.0052251084707677364,-0.01091762725263834,0.012104131281375885,0.01836109161376953,0-2deg,0.00-0.04,0.0,0.0,0.0,0.0
22,7,True,True,0.06599626690149307,0.04367876425385475,0.05574484542012215,0.29308202862739563,2.440000057220459,1.499245524406433,0.3286465108394623,-0.007303019519895315,-0.07024800777435303,0.29308202862739563,0.05574484542012215,-0.01970728114247322,0.061073560267686844,0.9153159260749817,0.41909274458885193,0.28453874588012695,0.21689802408218384,>=0.15,False,True,False,True,True,False,False,False,True,0.02364639937877655,-0.10210110992193222,0.33592307567596436,0.04358769208192825,0.04358769208192825,0.14000000059604645,0.05574484542012215,-0.019825929775834084,0.019825929775834084,0.04882163926959038,-0.02391752228140831,0.054360754787921906,0.034635912626981735,0.04906200245022774,0.005337704438716173,-0.06400832533836365,0.28600701689720154,0.00043587692198343575,0.049363479018211365,-0.02796480618417263,0.05672920495271683,0.03341711312532425,2-4deg,0.00-0.04,0.0,0.0,0.0,0.0
23,17,True,True,0.04608463868498802,0.04078328236937523,0.029986532405018806,0.26273924112319946,2.4800000190734863,1.4487978219985962,0.40345367789268494,0.010785885155200958,-0.1116616278886795,0.26273924112319946,0.029986532405018806,-0.02001275308430195,0.12242764979600906,0.9448674917221069,0.4414377510547638,0.2378309816122055,0.23107267916202545,>=0.15,False,True,False,True,True,False,False,False,True,0.02089686132967472,-0.09733082354068756,0.22941863536834717,0.10161308944225311,0.341444194316864,0.05999999865889549,0.029986532405018806,-0.02001275308430195,0.02001275308430195,-0.06295884400606155,-0.005676761735230684,0.06321419030427933,0.0470905639231205,0.0,0.0006905339541845024,-0.09911390393972397,0.24332763254642487,0.003414441831409931,-0.06404567509889603,-0.004164046607911587,0.06418053060770035,0.04604865983128548,2-4deg,0.04-0.08,0.0,0.0,0.0,0.0
24,47,True,True,0.11505895853042603,0.10068224370479584,0.11129453778266907,0.0686773732304573,2.5199999809265137,1.5782748460769653,0.3588850796222687,-0.03663761541247368,0.004370491951704025,0.0686773732304573,0.11129453778266907,-0.013578452169895172,-0.045328546315431595,1.289342999458313,0.5073201656341553,0.06853816658258438,0.09874775260686874,0.05-0.10,False,True,False,True,True,False,False,False,True,0.09830032289028168,-0.2015514075756073,0.34864935278892517,0.2794089913368225,0.2794089913368225,0.3799999952316284,0.11129453778266907,-0.016917839646339417,0.016917839646339417,0.0246257521212101,0.037581667304039,0.044928304851055145,0.02050035446882248,0.09856023639440536,0.1127554178237915,0.00473072100430727,0.06851425021886826,0.002794089959934354,0.024579327553510666,0.028623290359973907,0.0377265103161335,0.028986813500523567,2-4deg,0.00-0.04,0.0,0.0,0.0,0.0
25,20,True,False,0.12738676369190216,0.12738676369190216,0.0,0.0,2.5399999618530273,1.6227513551712036,0.3505019247531891,-0.21643126010894775,-0.10924673825502396,0.19786058366298676,0.12264961004257202,-0.014830783009529114,-0.11622942239046097,0.8720800280570984,0.49918708205223083,0.16496655344963074,0.21991267800331116,>=0.15,True,True,False,True,False,False,False,True,True,0.12264961004257202,-0.108000747859478,0.16578495502471924,0.08336447924375534,0.08336447924375534,0.0,0.12264961004257202,-0.014830783009529114,0.014830783009529114,0.001687847194261849,-0.03796780854463577,0.03800518810749054,0.02678273245692253,0.07739225029945374,0.07739225029945374,-0.108000747859478,0.16578495502471924,0.0008336447644978762,0.001687847194261849,-0.03796780854463577,0.03800518810749054,0.02678273245692253,2-4deg,0.00-0.04,0.0,0.0,0.0,0.0
26,41,True,True,0.0587032213807106,0.046278588473796844,0.04712950810790062,0.22745059430599213,2.559999942779541,1.3546382188796997,0.3756064176559448,0.0005330286221578717,-0.04299616068601608,0.22745059430599213,0.04712950810790062,-0.019890928640961647,0.04306046664714813,1.4632517099380493,0.5393651723861694,0.22334973514080048,0.16424889862537384,>=0.15,False,True,False,True,True,False,False,False,True,0.036507997661828995,-0.04568184167146683,0.3233056962490082,0.024506963789463043,0.034912269562482834,0.07999999821186066,0.04712950810790062,-0.019896702840924263,0.019896702840924263,-0.02174309454858303,-0.018324002623558044,0.028434693813323975,0.022163398563861847,0.002652046736329794,0.002367031527683139,-0.04872783273458481,0.2221696972846985,0.0003491226816549897,-0.022188227623701096,-0.01706290990114212,0.027988841757178307,0.022423528134822845,0-2deg,0.00-0.04,0.0,0.0,0.0,0.0
27,26,True,True,0.04395993798971176,0.04395993798971176,0.026615699753165245,0.20011770725250244,2.5799999237060547,1.4578973054885864,0.3854222297668457,0.01061716303229332,0.04356987774372101,0.20011770725250244,0.026615699753165245,-0.0200151689350605,-0.03264913335442543,0.30757009983062744,0.1683577597141266,0.1953170895576477,0.1836574375629425,>=0.15,False,True,False,True,True,False,False,False,True,0.028044024482369423,-0.11507003009319305,0.1260811984539032,0.06769237667322159,0.2830757200717926,0.07999999821186066,0.026615699753165245,-0.0200151689350605,0.0200151689350605,0.000746923207771033,-0.041274309158325195,0.041280750185251236,0.017414409667253494,0.0014648438664153218,0.00048828125,0.0388900563120842,0.19630247354507446,0.00283075706101954,0.0007580054807476699,-0.040185265243053436,0.04019184038043022,0.018882589414715767,2-4deg,0.00-0.04,0.0,0.0,0.0,0.0
28,29,True,True,0.044699180871248245,0.043716516345739365,0.027801286429166794,0.17593428492546082,2.5999999046325684,1.1858996152877808,0.3383476436138153,-0.024219492450356483,-0.13298366963863373,0.17593428492546082,0.027801286429166794,-0.020003411918878555,0.10801254212856293,1.0095473527908325,0.4767533242702484,0.11518773436546326,0.12154244631528854,0.10-0.15,False,True,False,True,True,False,False,False,True,0.02992391772568226,-0.26748326420783997,0.2516886591911316,0.0744984969496727,0.19102297723293304,0.11999999731779099,0.027801286429166794,-0.02002524957060814,0.02002524957060814,-0.03245549276471138,-0.0028977436013519764,0.032584842294454575,0.0328400693833828,0.08181320130825043,0.0,-0.1343667060136795,0.11357139050960541,0.001910229679197073,-0.03562574088573456,-0.0029851673170924187,0.03574996069073677,0.030553601682186127,0-2deg,0.00-0.04,0.0,0.0,0.0,0.0
29,42,True,True,0.0719490647315979,0.0719490647315979,0.0628538429737091,0.1249702200293541,2.6399998664855957,1.4726847410202026,0.3379402756690979,0.006221183575689793,-0.026166699826717377,0.1249702200293541,0.0628538429737091,-0.019992312416434288,0.032049261033535004,0.6740369200706482,0.34197095036506653,0.12220007926225662,0.11961241066455841,0.10-0.15,False,True,False,True,True,False,False,False,True,0.07072629779577255,-0.26542165875434875,0.24933616816997528,0.034897755831480026,0.17727935314178467,0.11999999731779099,0.0628538429737091,-0.020069759339094162,0.020069759339094162,-0.02217130735516548,-0.046939488500356674,0.05190853774547577,0.027433259412646294,0.059657156467437744,0.0,-0.023382259532809258,0.12276329100131989,0.0017727934755384922,-0.02071361616253853,-0.04916394501924515,0.05334644392132759,0.025783855468034744,2-4deg,0.00-0.04,0.0,0.0,0.0,0.0
30,24,True,True,0.06987150758504868,0.06903622299432755,0.06042724475264549,0.1763577163219452,2.679999828338623,1.4729167222976685,0.3209807574748993,-0.01851334050297737,-0.10312165319919586,0.1763577163219452,0.06042724475264549,-0.019962657243013382,0.0852784514427185,0.644650399684906,0.33092057704925537,0.14306631684303284,0.16027888655662537,>=0.15,False,True,False,True,True,False,False,False,True,0.059786442667245865,-0.07661648094654083,0.15407423675060272,0.3193053603172302,0.3193053603172302,0.05999999865889549,0.06042724475264549,-0.020057430490851402,0.020057430490851402,-0.013584288768470287,-0.00810934416949749,0.015822285786271095,0.018008766695857048,0.0025135823525488377,0.0006905339541845024,-0.10285914689302444,0.14325517416000366,0.0031930534169077873,-0.013950498774647713,-0.0074876341968774796,0.01583358459174633,0.018066879361867905,0-2deg,0.00-0.04,0.0,0.0,0.0,0.0
31,32,True,True,0.06190740689635277,0.05592308193445206,0.05105161294341087,0.24215669929981232,2.679999828338623,1.2372041940689087,0.3130195438861847,-0.03175337240099907,-0.18396730720996857,0.24215669929981232,0.05105161294341087,-0.01989256590604782,0.15267039835453033,1.0025321245193481,0.40048640966415405,0.15746714174747467,0.16939640045166016,>=0.15,False,True,False,True,True,False,False,False,True,0.0438167005777359,-0.2154254913330078,0.19940437376499176,0.3024630546569824,0.3024630546569824,0.11999999731779099,0.05105161294341087,-0.0201424527913332,0.0201424527913332,-0.0050818114541471004,0.005766808521002531,0.007689479738473892,0.015026244334876537,0.003875614609569311,0.002210787730291486,-0.18493497371673584,0.15632952749729156,0.003024630481377244,-0.003936919383704662,0.004754418507218361,0.006176333408802748,0.01552105788141489,0-2deg,0.00-0.04,0.0,0.0,0.0,0.0
32,4,True,True,0.11231978237628937,0.11201980710029602,0.10686071217060089,0.21252813935279846,2.700000047683716,1.5887998342514038,0.35496050119400024,0.011580620892345905,-0.1144212931394577,0.21252813935279846,0.10686071217060089,-0.019620154052972794,0.12740527093410492,1.0030707120895386,0.503902792930603,0.17909768223762512,0.16925734281539917,>=0.15,False,True,False,True,True,False,False,False,True,0.11949114501476288,-0.3586539328098297,0.497667521238327,0.07875031232833862,0.07875031232833862,0.1599999964237213,0.10686071217060089,-0.019758114591240883,0.019758114591240883,0.02248733676970005,-0.0037900442257523537,0.02280380204319954,0.026163965463638306,0.19548654556274414,0.007580181583762169,-0.11306902021169662,0.1799544394016266,0.0007875030860304832,0.025546381250023842,-0.0019039794569835067,0.025618020445108414,0.025152280926704407,0-2deg,0.00-0.04,0.0,0.0,0.0,0.0
33,36,True,True,0.0528988316655159,0.04958553984761238,0.039566781371831894,0.2342599779367447,2.7200000286102295,1.367246389389038,0.27108561992645264,-0.03842123597860336,-0.19027626514434814,0.2342599779367447,0.039566781371831894,-0.01991758681833744,0.15209577977657318,1.4869639873504639,0.6196058988571167,0.1366480141878128,0.13441555202007294,0.10-0.15,False,True,False,True,True,False,False,False,True,0.035625625401735306,-0.16125689446926117,0.13779616355895996,0.03974905610084534,0.2718493342399597,0.05999999865889549,0.039566781371831894,-0.02002866007387638,0.02002866007387638,0.006066025234758854,-0.019746217876672745,0.020655876025557518,0.03656599670648575,0.0,0.00172633514739573,-0.18906301259994507,0.13832175731658936,0.002718493342399597,0.005867611151188612,-0.01828683912754059,0.019205333665013313,0.037068191915750504,0-2deg,0.00-0.04,0.0,0.0,0.0,0.0
34,10,True,True,0.06985349208116531,0.06957998126745224,0.06051111966371536,0.1703999638557434,2.740000009536743,1.375909686088562,0.34516215324401855,0.01287413202226162,-0.09092924743890762,0.1703999638557434,0.06051111966371536,-0.020021285861730576,0.10723628848791122,1.0859547853469849,0.4896312654018402,0.14411112666130066,0.13158710300922394,0.10-0.15,False,True,False,True,True,False,False,False,True,0.06277746707201004,-0.3500172793865204,0.25667399168014526,0.10061977058649063,0.20065820217132568,0.07999999821186066,0.06051111966371536,-0.020021285861730576,0.020021285861730576,0.022545307874679565,-0.018745873123407364,0.02932029590010643,0.055620599538087845,0.047283291816711426,0.0013372133253142238,-0.08862972259521484,0.1455366611480713,0.002006581984460354,0.02253768965601921,-0.015387649647891521,0.027290048077702522,0.0563022755086422,0-2deg,0.04-0.08,0.0,0.0,0.0,0.0
35,16,True,True,0.04928801581263542,0.042473796755075455,0.03469487279653549,0.23459817469120026,2.759999990463257,1.3961641788482666,0.3315131664276123,0.005900037474930286,0.034045781940221786,0.23459817469120026,0.03469487279653549,-0.01999376155436039,-0.027538051828742027,1.0526251792907715,0.4488275647163391,0.23211459815502167,0.2286691516637802,>=0.15,False,True,False,True,True,False,False,False,True,0.02198430523276329,-0.04947911202907562,0.17517034709453583,0.04612811282277107,0.3753160834312439,0.11999999731779099,0.03469487279653549,-0.02000473625957966,0.02000473625957966,-0.01751132309436798,-0.007793499156832695,0.019168054684996605,0.01792994886636734,0.07277242094278336,0.0003452669770922512,0.03817860409617424,0.2314707338809967,0.0037531608249992132,-0.019274329766631126,-0.007856269367039204,0.020813990384340286,0.017345668748021126,0-2deg,0.00-0.04,0.0,0.0,0.0,0.0
36,53,True,True,0.07042036205530167,0.06578993797302246,0.06112129986286163,0.17059525847434998,2.1399998664855957,1.278019905090332,0.3877727687358856,0.0013115247711539268,-0.050508763641119,0.17059525847434998,0.06112129986286163,-0.02000197023153305,0.051601458340883255,0.8491148948669434,0.4528038203716278,0.1629466414451599,0.15854859352111816,>=0.15,False,True,False,True,True,False,False,False,True,0.05418361723423004,-0.1894836574792862,0.14253728091716766,0.02344038337469101,0.17310801148414612,0.07999999821186066,0.06112129986286163,-0.02001044899225235,0.02001044899225235,0.0011633120011538267,-0.04241535812616348,0.042431704699993134,0.007007789332419634,0.02288469485938549,0.00048828125,-0.053723543882369995,0.16191516816616058,0.001731080119498074,0.0012413628865033388,-0.04279554635286331,0.04281359165906906,0.0059289331547915936,2-4deg,0.00-0.04,0.0,0.0,0.0,0.0
37,44,True,False,0.1252579540014267,0.1252579540014267,0.0,0.0,1.0399999618530273,1.6155369281768799,0.8591508865356445,-0.13822433352470398,-0.037329718470573425,0.18182773888111115,0.12024882435798645,-0.020090343430638313,-0.09832867980003357,0.47315192222595215,0.3197163939476013,0.1779545545578003,0.23363913595676422,>=0.15,True,True,False,True,False,False,False,True,True,0.12024882435798645,-0.04003547504544258,0.17736540734767914,0.21116431057453156,0.21116431057453156,0.0,0.12024882435798645,-0.020090343430638313,0.020090343430638313,-0.04089115187525749,-0.03226923942565918,0.05208515003323555,0.04781908169388771,0.002264067530632019,0.002264067530632019,-0.04003547504544258,0.17736540734767914,0.002111643087118864,-0.04089115187525749,-0.03226923942565918,0.05208515003323555,0.04781908169388771,2-4deg,0.04-0.08,0.0,0.0,0.0,0.0
38,2,True,True,0.05078494921326637,0.05078494921326637,0.03679151460528374,0.09771072119474411,3.2799999713897705,1.3607957363128662,0.29206767678260803,0.006483450531959534,-0.006240548565983772,0.09771072119474411,0.03679151460528374,-0.01999124139547348,0.012037361972033978,0.2981354296207428,0.1544019877910614,0.09751123189926147,0.09344910830259323,0.05-0.10,False,True,False,True,True,False,False,False,True,0.040108487010002136,0.015668239444494247,0.09537427872419357,0.03347129374742508,0.13723571598529816,0.05999999865889549,0.03679151460528374,-0.01999124139547348,0.01999124139547348,-0.00044440783676691353,0.03585774824023247,0.0358598567545414,0.07181094586849213,0.003951764199882746,0.0,-0.008885645307600498,0.09730585664510727,0.0013723571319133043,-0.002889906521886587,0.03433488681912422,0.03445582091808319,0.07222560793161392,2-4deg,0.04-0.08,0.0,0.0,0.0,0.0
39,18,True,True,0.059596844017505646,0.059596844017505646,0.04823733866214752,0.10507236421108246,3.299999952316284,1.3710047006607056,0.2375985085964203,0.009189729578793049,-0.05271262675523758,0.10507236421108246,0.04823733866214752,-0.019993608817458153,0.06272996962070465,1.0355005264282227,0.264763742685318,0.09089323878288269,0.08438961952924728,0.05-0.10,False,True,False,True,True,False,False,False,True,0.05142311379313469,-0.12261168658733368,0.14700259268283844,0.037526026368141174,0.2635634243488312,0.07999999821186066,0.04823733866214752,-0.01999860815703869,0.01999860815703869,-0.027565106749534607,-0.05132060497999191,0.05824895203113556,0.03031637705862522,0.01879752054810524,0.00048828125,-0.04830414429306984,0.09331083297729492,0.002635634271427989,-0.02834266982972622,-0.04960847273468971,0.05712832510471344,0.03237942233681679,2-4deg,0.00-0.04,0.0,0.0,0.0,0.0
40,57,True,True,0.048821866512298584,0.048505667597055435,0.03404093533754349,0.16286545991897583,3.299999952316284,1.3700779676437378,0.33014410734176636,0.005161298904567957,-0.017234545201063156,0.16286545991897583,0.03404093533754349,-0.02000207081437111,0.022423038259148598,0.7325365543365479,0.3224923014640808,0.1619510054588318,0.1828160285949707,>=0.15,False,True,False,True,True,False,False,False,True,0.03371491655707359,-0.06771958619356155,0.021077830344438553,0.120808444917202,0.120808444917202,0.05999999865889549,0.03404093533754349,-0.020090172067284584,0.020090172067284584,0.0007711187936365604,-0.0001829604443628341,0.0007720404537394643,0.003209523158147931,0.001091830083169043,0.0003452669770922512,-0.017371980473399162,0.16193631291389465,0.0012080844026058912,0.0008738458273001015,-0.00010624534479575232,0.0009134905994869769,0.0032007452100515366,0-2deg,0.00-0.04,0.0,0.0,0.0,0.0
41,8,True,True,0.04025532677769661,0.0378543958067894,0.019855765625834465,0.18840590119361877,3.359999895095825,1.3941632509231567,0.258897602558136,0.012997965328395367,0.02807333879172802,0.18840590119361877,0.019855765625834465,-0.019983597099781036,-0.015622550621628761,1.6443506479263306,0.3831534683704376,0.18630263209342957,0.18013757467269897,>=0.15,False,True,False,True,True,False,False,False,True,0.013246242888271809,-0.13240620493888855,0.04979996755719185,0.12255174666643143,0.22878849506378174,0.07999999821186066,0.019855765625834465,-0.02003774605691433,0.02003774605691433,-0.014225119724869728,0.0016511917347088456,0.014319338835775852,0.04032689705491066,0.022585798054933548,0.0,0.028826920315623283,0.1861875206232071,0.0022878849413245916,-0.011800073087215424,0.0017498234519734979,0.011930531822144985,0.0405668206512928,0-2deg,0.04-0.08,0.0,0.0,0.0,0.0
42,39,True,True,0.054678332060575485,0.054678332060575485,0.041774932295084,0.18370594084262848,3.379999876022339,1.5214067697525024,0.2876527011394501,-0.02122102491557598,-0.09021582454442978,0.18370594084262848,0.041774932295084,-0.019855009391903877,0.06935100257396698,1.6894347667694092,0.40324604511260986,0.16002805531024933,0.1615837812423706,>=0.15,False,True,False,True,True,False,False,False,True,0.045810766518116,-0.07376983761787415,0.19778643548488617,0.02349182963371277,0.02349182963371277,0.05999999865889549,0.041774932295084,-0.0199905838817358,0.0199905838817358,-0.058717984706163406,0.012170180678367615,0.05996427685022354,0.0076113175600767136,0.0003452669770922512,0.003257243661209941,-0.08103813230991364,0.16486568748950958,0.0002349182905163616,-0.05837474390864372,0.0121602239087224,0.059626154601573944,0.009556465782225132,2-4deg,0.00-0.04,0.0,0.0,0.0,0.0
43,9,True,True,0.05086960643529892,0.05086960643529892,0.0369064062833786,0.22620372474193573,3.419999837875366,1.294736385345459,0.17023970186710358,-0.027270860970020294,-0.12804672122001648,0.22620372474193573,0.0369064062833786,-0.020002104341983795,0.10224977135658264,0.7519926428794861,0.28403472900390625,0.18647295236587524,0.2070520520210266,>=0.15,False,True,False,True,True,False,False,False,True,0.04392772912979126,-0.27731212973594666,0.30851513147354126,0.05552181601524353,0.3715468943119049,0.07999999821186066,0.0369064062833786,-0.020211050286889076,0.020211050286889076,-0.02329506352543831,0.03311328589916229,0.04048449173569679,0.03937461972236633,0.08775994926691055,0.0003452669770922512,-0.12492918223142624,0.18857577443122864,0.003715468803420663,-0.021917905658483505,0.031129229813814163,0.038069453090429306,0.04111340269446373,2-4deg,0.00-0.04,0.0,0.0,0.0,0.0
44,13,True,True,0.09583292156457901,0.04282282665371895,0.08935268968343735,0.15271829068660736,3.4800000190734863,1.0454612970352173,0.21484990417957306,-0.09851989895105362,0.0066910237073898315,0.15271829068660736,0.08935268968343735,-0.01951802708208561,-0.10581894218921661,0.7426347136497498,0.26721325516700745,0.1525716483592987,0.1876641809940338,>=0.15,False,True,False,True,True,False,False,False,True,0.027437390759587288,-0.010134323500096798,0.12630578875541687,0.0669633224606514,0.7738633751869202,0.4399999976158142,0.08935268968343735,-0.020151427015662193,0.020151427015662193,0.051350850611925125,0.022140437737107277,0.05591708421707153,0.054899912327528,0.052450235933065414,0.009844690561294556,0.01204479206353426,0.15224257111549377,0.007738633546978235,0.027435630559921265,0.029636111110448837,0.0403827466070652,0.06359224021434784,2-4deg,0.04-0.08,0.0,0.0,0.0,0.0
45,49,True,True,0.08216962963342667,0.07114063203334808,0.07432021200656891,0.27830660343170166,3.5799999237060547,1.217115044593811,0.20568060874938965,0.014284554868936539,0.0556095615029335,0.27830660343170166,0.07432021200656891,-0.020004263147711754,-0.037887122482061386,1.0755667686462402,0.35604003071784973,0.2726942300796509,0.2629297971725464,>=0.15,False,True,False,True,True,False,False,False,True,0.06786102801561356,-0.10063663125038147,0.05833962559700012,0.03605658560991287,0.3725462853908539,0.09999999403953552,0.07432021200656891,-0.020080264657735825,0.020080264657735825,0.011445603333413601,-0.038151562213897705,0.039831243455410004,0.050035640597343445,0.03666543960571289,0.0009134905994869769,0.0615813173353672,0.27140799164772034,0.0037254628259688616,0.007443522568792105,-0.03772103041410446,0.03844812139868736,0.05060282349586487,2-4deg,0.04-0.08,0.0,0.0006905339541845024,0.0,0.0
46,58,True,True,0.09247665107250214,0.06525406986474991,0.08529511094093323,0.11551307141780853,3.5999999046325684,1.4240186214447021,0.22955070436000824,0.0006783941644243896,-0.10087718814611435,0.11551307141780853,0.08529511094093323,-0.019672682508826256,0.10098844766616821,0.6192597150802612,0.18802577257156372,0.056276652961969376,0.08936706930398941,0.05-0.10,False,True,False,True,True,False,False,False,True,0.05534319579601288,0.07628309726715088,0.08626650273799896,0.5459918975830078,0.5459918975830078,2.059999942779541,0.08529511094093323,-0.02016284316778183,0.02016284316778183,-0.0018036740366369486,0.016111310571432114,0.016213025897741318,0.004622274544090033,0.005015297792851925,0.004919302184134722,-0.10013920068740845,0.05757959559559822,0.005459918640553951,0.00033379378146491945,0.015358006581664085,0.015363561920821667,0.005541262682527304,0-2deg,0.00-0.04,0.0,0.0,0.0,0.0
47,6,True,True,0.03762667626142502,0.03652112931013107,0.01376204565167427,0.19996413588523865,3.6399998664855957,1.503494381904602,0.2978377938270569,0.009841818362474442,0.03422088921070099,0.19996413588523865,0.01376204565167427,-0.019985031336545944,-0.025429101660847664,1.391493320465088,0.3574524223804474,0.19701418280601501,0.1926262080669403,>=0.15,False,True,False,True,True,False,False,False,True,0.009610642679035664,-0.05778602883219719,0.01107391994446516,0.023928044363856316,0.3312368392944336,0.09999999403953552,0.01376204565167427,-0.020005300641059875,0.020005300641059875,-0.06035885959863663,0.03417596220970154,0.0693524107336998,0.04039273411035538,0.02099647931754589,0.0,0.04671398922801018,0.1944311261177063,0.0033123684115707874,-0.05882623419165611,0.036990322172641754,0.069477878510952,0.0397653803229332,2-4deg,0.04-0.08,0.0,0.0006905339541845024,0.0,0.0
48,50,True,True,0.0841805636882782,0.07775674015283585,0.07653302699327469,0.1697380542755127,3.6599998474121094,1.1766302585601807,0.3026253581047058,-0.019393043592572212,0.01511179469525814,0.1697380542755127,0.07653302699327469,-0.019592933356761932,-0.03664759546518326,0.6561524868011475,0.3012714982032776,0.1690640151500702,0.18055441975593567,>=0.15,False,True,False,True,True,False,False,False,True,0.06910255551338196,-0.09306475520133972,0.0835474282503128,0.10428626835346222,0.21513287723064423,0.11999999731779099,0.07653302699327469,-0.020041601732373238,0.020041601732373238,-0.003748627845197916,0.0600125752389431,0.06012915074825287,0.05055941641330719,0.054792359471321106,0.006137609947472811,0.018621107563376427,0.1687135547399521,0.0021513288374990225,-0.0016804495826363564,0.06439897418022156,0.06442078948020935,0.0463949590921402,2-4deg,0.04-0.08,0.0,0.0006905339541845024,0.0,0.0
49,63,True,True,0.08098818361759186,0.08098818361759186,0.0726148709654808,0.1887216866016388,1.4199999570846558,1.2351839542388916,0.4003516733646393,0.013478530570864677,-0.12799957394599915,0.1887216866016388,0.0726148709654808,-0.019513675943017006,0.14201495051383972,0.47173798084259033,0.27121734619140625,0.13867944478988647,0.10786107927560806,0.10-0.15,False,True,False,True,True,False,False,False,True,0.07550673186779022,-0.13795267045497894,0.27874672412872314,0.27293261885643005,0.27293261885643005,0.05999999865889549,0.0726148709654808,-0.01995360106229782,0.01995360106229782,0.00017528660828247666,0.02143685333430767,0.021437570452690125,0.005424477159976959,0.001091830083169043,0.00709270965307951,-0.12893055379390717,0.13781434297561646,0.002729326020926237,5.661778413923457e-05,0.021246712654829025,0.02124764956533909,0.0057836477644741535,0-2deg,0.00-0.04,0.0,0.0,0.0,0.0
50,3,True,True,0.036813899874687195,0.036813899874687195,0.011403693817555904,0.17370985448360443,3.679999828338623,1.4511206150054932,0.2249804139137268,0.0024762714747339487,-0.061328671872615814,0.17370985448360443,0.011403693817555904,-0.01999288983643055,0.06396107375621796,1.3534796237945557,0.4249451756477356,0.1625235676765442,0.1603633165359497,>=0.15,False,True,False,True,True,False,False,False,True,0.020196309313178062,-0.1641937643289566,0.13799668848514557,0.052000682801008224,0.22505629062652588,0.09999999403953552,0.011403693817555904,-0.020017409697175026,0.020017409697175026,0.00611934345215559,0.002364369109272957,0.006560084410011768,0.017582502216100693,0.011309860274195671,0.0003452669770922512,-0.06078517436981201,0.16272763907909393,0.0022505628876388073,0.007507431320846081,0.0023477671202272177,0.007865744642913342,0.01710616610944271,0-2deg,0.00-0.04,0.0,0.0,0.0,0.0
51,32,True,False,0.13074921071529388,0.1283767819404602,0.0,0.0,1.059999942779541,1.9166063070297241,0.8758977055549622,-0.21329928934574127,-0.09814465045928955,0.41064032912254333,0.1290779858827591,-0.010128813795745373,-0.13097432255744934,0.8492906093597412,0.4154961407184601,0.39873939752578735,0.11210189014673233,0.10-0.15,True,True,False,True,False,False,False,True,True,0.1290779858827591,-0.11035293340682983,0.3955347239971161,0.14572849869728088,0.14572849869728088,0.0,0.1290779858827591,-0.010128813795745373,0.010128813795745373,0.013361603021621704,-0.028995584696531296,0.031925018876791,0.0270720012485981,0.17590825259685516,0.17590825259685516,-0.11035293340682983,0.3955347239971161,0.0014572849031537771,0.013361603021621704,-0.028995584696531296,0.031925018876791,0.0270720012485981,0-2deg,0.00-0.04,0.0,0.0,0.0,0.0
52,27,True,True,0.06606774032115936,0.06606774032115936,0.05599919334053993,0.15361033380031586,2.5799999237060547,1.6190776824951172,0.4265747666358948,-0.05467544123530388,-0.004934199154376984,0.15361033380031586,0.05599919334053993,-0.01982673816382885,-0.05033784732222557,0.9214863777160645,0.4986856281757355,0.1535310596227646,0.19905756413936615,>=0.15,False,True,False,True,True,False,False,False,True,0.07444687932729721,-0.2594143748283386,0.2272869497537613,0.11942490190267563,0.3870309591293335,0.14000000059604645,0.05599919334053993,-0.02005414478480816,0.02005414478480816,-0.04168890044093132,-0.013035090640187263,0.04367803782224655,0.015109538100659847,0.08750388026237488,0.003921481315046549,-0.0012049325741827488,0.1536055952310562,0.0038703095633536577,-0.04078461229801178,-0.011302052065730095,0.042320553213357925,0.017508231103420258,2-4deg,0.00-0.04,0.0,0.0,0.0,0.0
53,5,True,True,0.061350930482149124,0.059278879314661026,0.05036786571145058,0.19114618003368378,3.8999998569488525,1.2533131837844849,0.21768340468406677,-0.017924414947628975,-0.08035889267921448,0.19114618003368378,0.05036786571145058,-0.019984697923064232,0.0632915273308754,0.9195016622543335,0.3514864146709442,0.17343388497829437,0.18068885803222656,>=0.15,False,True,False,True,True,False,False,False,True,0.048040252178907394,-0.037752144038677216,0.16393183171749115,0.7837476134300232,0.7837476134300232,0.05999999865889549,0.05036786571145058,-0.02014966309070587,0.02014966309070587,-0.07023277133703232,0.020132970064878464,0.0730571523308754,0.008691443130373955,0.003311685984954238,0.00048828125,-0.08753015846014023,0.1699274480342865,0.007837476208806038,-0.06986872106790543,0.02017679624259472,0.07271911203861237,0.00965888425707817,4-6deg,0.00-0.04,0.0,0.0,0.0,0.0
54,62,True,True,0.05840662121772766,0.053235240280628204,0.04674947261810303,0.1928362101316452,3.9599997997283936,1.4328926801681519,0.30626505613327026,0.0007808178779669106,-0.03966246545314789,0.1928362101316452,0.04674947261810303,-0.01999656856060028,0.0417880080640316,1.6003004312515259,0.5403374433517456,0.18871325254440308,0.188405379652977,>=0.15,False,True,False,True,True,False,False,False,True,0.03840048983693123,-0.2613583505153656,0.24237851798534393,0.07351313531398773,0.17328855395317078,0.07999999821186066,0.04674947261810303,-0.020009353756904602,0.020009353756904602,0.024757182225584984,0.03699347376823425,0.0445096455514431,0.031840208917856216,0.030183877795934677,0.0,-0.041313737630844116,0.1883586198091507,0.0017328854883089662,0.02591085620224476,0.03546205163002014,0.04391627758741379,0.032077379524707794,2-4deg,0.00-0.04,0.0,0.0,0.0,0.0
55,38,True,True,0.060870226472616196,0.052986226975917816,0.049801114946603775,0.15784397721290588,3.9800000190734863,1.5279853343963623,0.25126779079437256,0.004711778834462166,-0.05267736315727234,0.15784397721290588,0.049801114946603775,-0.020000366494059563,0.05636132135987282,1.5585371255874634,0.422084778547287,0.14879454672336578,0.14425338804721832,0.10-0.15,False,True,False,True,True,False,False,False,True,0.03463220223784447,-0.08938870579004288,0.26838773488998413,0.07968341559171677,0.2529982924461365,1.059999942779541,0.049801114946603775,-0.020006485283374786,0.020006485283374786,0.0011100276606157422,0.02150677889585495,0.021534670144319534,0.04428461939096451,0.11118550598621368,0.0,-0.04884561151266098,0.15009605884552002,0.0025299829430878162,-0.02517097070813179,-0.015619751065969467,0.02962169051170349,0.039811715483665466,0-2deg,0.04-0.08,0.0,0.0,0.0,0.0
56,40,True,True,0.07114626467227936,0.06071663647890091,0.06194015219807625,0.22910332679748535,3.9800000190734863,1.1974035501480103,0.23048146069049835,0.005668612662702799,0.012342048808932304,0.22910332679748535,0.06194015219807625,-0.019995348528027534,-0.006441519595682621,1.190273404121399,0.34629538655281067,0.2287706434726715,0.22670318186283112,>=0.15,False,True,False,True,True,False,False,False,True,0.04737476631999016,-0.08205857127904892,0.10451976209878922,0.03861914202570915,0.5536358952522278,0.11999999731779099,0.06194015219807625,-0.020089663565158844,0.020089663565158844,-0.0460260845720768,-0.019578440114855766,0.05001412704586983,0.030749032273888588,0.09395161271095276,0.0,0.009630611166357994,0.22890083491802216,0.005536358803510666,-0.048991743475198746,-0.019889332354068756,0.052872609347105026,0.028873981907963753,2-4deg,0.00-0.04,0.0,0.0,0.0,0.0
57,19,True,True,0.09051614999771118,0.08323504775762558,0.08348701894283295,0.15780691802501678,2.1399998664855957,1.3538422584533691,0.3666292726993561,-0.004690414294600487,-0.10010939091444016,0.15780691802501678,0.08348701894283295,-0.020024849101901054,0.09409049153327942,0.5569241046905518,0.3224467933177948,0.12198825180530548,0.11333198100328445,0.10-0.15,False,True,False,True,True,False,False,False,True,0.07552437484264374,-0.09517575800418854,0.2178206592798233,0.0734100341796875,0.10484303534030914,0.11999999731779099,0.08348701894283295,-0.020024849101901054,0.020024849101901054,-0.01023830659687519,0.04411223530769348,0.04528389498591423,0.009975217282772064,0.002826133044436574,0.0003452669770922512,-0.0946931466460228,0.12623879313468933,0.00104843033477664,-0.010333496145904064,0.043045397847890854,0.044267863035202026,0.011447444558143616,2-4deg,0.00-0.04,0.0,0.0,0.0,0.0
58,22,True,True,0.0518452525138855,0.043417248874902725,0.038249462842941284,0.20990538597106934,1.6399999856948853,1.368388056755066,0.3644341826438904,0.004223596770316362,-0.0038126688450574875,0.20990538597106934,0.038249462842941284,-0.019993430003523827,0.006890922784805298,0.6522970199584961,0.3280237913131714,0.20987075567245483,0.20693053305149078,>=0.15,False,True,False,True,True,False,False,False,True,0.026819972321391106,-0.20487844944000244,0.21660779416561127,0.10483952611684799,0.5785754323005676,0.09999999403953552,0.038249462842941284,-0.020169103518128395,0.020169103518128395,0.06342197954654694,0.05887053906917572,0.08650653064250946,0.008944937959313393,0.043033063411712646,0.00048828125,0.014160547405481339,0.20942719280719757,0.005785754416137934,0.06265910714864731,0.058580778539180756,0.0857519656419754,0.011454819701611996,4-6deg,0.00-0.04,0.0,0.0,0.0,0.0
59,23,True,True,0.04548899456858635,0.045372769236564636,0.0290719922631979,0.2054835557937622,1.8799999952316284,1.2861623764038086,0.30578920245170593,-0.02893749065697193,-0.180393248796463,0.2054835557937622,0.0290719922631979,-0.02000289596617222,0.15131054818630219,0.7138972282409668,0.34892958402633667,0.0983959510922432,0.10802916437387466,0.10-0.15,False,True,False,True,True,False,False,False,True,0.03023645468056202,-0.3811963200569153,0.22516441345214844,0.05183728039264679,0.21473567187786102,0.07999999821186066,0.0290719922631979,-0.02000289596617222,0.02000289596617222,0.017697881907224655,-0.05413408577442169,0.056950584053993225,0.01640305481851101,0.0631282702088356,0.00048828125,-0.18498589098453522,0.08946344256401062,0.0021473567467182875,0.01678306609392166,-0.05449332296848297,0.0570165179669857,0.016372935846447945,2-4deg,0.00-0.04,0.0,0.0,0.0,0.0
60,35,True,True,0.06503105908632278,0.050945114344358444,0.05482038855552673,0.18765594065189362,3.259999990463257,0.9848803877830505,0.22079257667064667,-0.005406217183917761,0.06871844083070755,0.18765594065189362,0.05482038855552673,-0.020056871697306633,-0.07376568019390106,0.749224841594696,0.30380743741989136,0.1746210902929306,0.18952670693397522,>=0.15,False,True,False,True,True,False,False,False,True,0.036914676427841187,-0.03293467313051224,0.05047200992703438,0.14109337329864502,0.3065880835056305,0.19999998807907104,0.05482038855552673,-0.020056871697306633,0.020056871697306633,0.00474509596824646,0.007127676159143448,0.008562369272112846,0.009605285711586475,0.00787331908941269,0.0016558425268158317,0.0695202648639679,0.17430342733860016,0.0030658808536827564,0.003021240234375,0.006617459934204817,0.007275242358446121,0.010333949699997902,0-2deg,0.00-0.04,0.0,0.0,0.0,0.0
61,37,True,True,0.05633406713604927,0.05633406713604927,0.0441552996635437,0.0714891254901886,3.179999828338623,1.255920648574829,0.27938205003738403,-0.007405976299196482,-0.061272282153367996,0.0714891254901886,0.0441552996635437,-0.020006131380796432,0.05378245189785957,0.5156140327453613,0.2315361201763153,0.03682937100529671,0.039492420852184296,0.00-0.05,False,True,False,True,True,False,False,False,True,0.04487909376621246,-0.16150061786174774,0.062170155346393585,0.03737705573439598,0.1557532101869583,0.09999999403953552,0.0441552996635437,-0.020006131380796432,0.020006131380796432,0.01262599602341652,-0.04036061093211174,0.04228813946247101,0.015408292412757874,0.05860518664121628,0.0003452669770922512,-0.060540907084941864,0.03801964968442917,0.0015575321158394217,0.012837589718401432,-0.039096102118492126,0.04114910960197449,0.016641933470964432,2-4deg,0.00-0.04,0.0,0.0,0.0,0.0
62,11,True,True,0.07384911179542542,0.07246634364128113,0.065043143928051,0.051253627985715866,2.119999885559082,1.3838701248168945,0.39707618951797485,-0.0022617594804614782,0.01851155236363411,0.051253627985715866,0.065043143928051,-0.02001648023724556,-0.020553840324282646,0.6068462133407593,0.33240532875061035,0.047793902456760406,0.035023536533117294,0.00-0.05,False,True,False,True,True,False,False,False,True,0.06386400759220123,-0.18204690515995026,0.2702324688434601,0.0827360674738884,0.3567894995212555,0.07999999821186066,0.065043143928051,-0.020058648660779,0.020058648660779,-0.005664472468197346,-0.007550020702183247,0.009436631575226784,0.004015866667032242,0.030547073110938072,0.00048828125,0.01857546903192997,0.04776909202337265,0.003567894920706749,-0.005628133192658424,-0.0077824643813073635,0.00960566010326147,0.0038271534722298384,0-2deg,0.00-0.04,0.0,0.0,0.0,0.0
63,46,True,True,0.07202669233083725,0.07106734067201614,0.06294334679841995,0.13185304403305054,4.179999828338623,1.0903223752975464,0.21189431846141815,0.004670796915888786,0.027078064158558846,0.13185304403305054,0.06294334679841995,-0.01998966746032238,-0.02245163545012474,0.522357165813446,0.21778172254562378,0.1290426403284073,0.12681983411312103,0.10-0.15,False,True,False,True,True,False,False,False,True,0.061727374792099,-0.10797847807407379,0.10577290505170822,0.033745475113391876,0.4472692012786865,0.07999999821186066,0.06294334679841995,-0.020003050565719604,0.020003050565719604,0.0747893825173378,-0.007626188453286886,0.07517654448747635,0.014602157287299633,0.017615612596273422,0.0,0.017545759677886963,0.1306804120540619,0.004472692031413317,0.0755648985505104,-0.007465536706149578,0.07593223452568054,0.011807087808847427,4-6deg,0.00-0.04,0.0,0.0,0.0,0.0
64,48,True,True,0.0907972976565361,0.09074117243289948,0.08379359543323517,0.22706761956214905,4.199999809265137,1.2016520500183105,0.19386687874794006,-0.025942649692296982,-0.14436691999435425,0.22706761956214905,0.08379359543323517,-0.02000734955072403,0.11744687706232071,0.7464931011199951,0.35896098613739014,0.17526520788669586,0.1873042732477188,>=0.15,False,True,False,True,True,False,False,False,True,0.08457310497760773,-0.22028499841690063,0.12431096285581589,0.05345219001173973,0.10280957072973251,0.09999999403953552,0.08379359543323517,-0.02000734955072403,0.02000734955072403,-0.008472326211631298,0.008027855306863785,0.011672950349748135,0.009370731189846992,0.03407479450106621,0.00048828125,-0.14642782509326935,0.17354708909988403,0.0010280957212671638,-0.009075289592146873,0.0075986445881426334,0.01183522492647171,0.009134701453149319,0-2deg,0.00-0.04,0.0,0.0,0.0,0.0
65,61,True,True,0.0402517095208168,0.0402061901986599,0.019865797832608223,0.1640353500843048,4.239999771118164,1.198575735092163,0.21418404579162598,0.00903694424778223,-0.015654847025871277,0.1640353500843048,0.019865797832608223,-0.019991038367152214,0.024487346410751343,0.9244551658630371,0.2576768100261688,0.16328664124011993,0.15716636180877686,>=0.15,False,True,False,True,True,False,False,False,True,0.023288391530513763,-0.11718300729990005,0.102650947868824,0.027171485126018524,0.20461620390415192,0.09999999403953552,0.019865797832608223,-0.020001832395792007,0.020001832395792007,0.016549725085496902,0.057338591665029526,0.05967714264988899,0.024093717336654663,0.07270188629627228,0.0,-0.02458394691348076,0.16218270361423492,0.0020461620297282934,0.017760511487722397,0.0557626336812973,0.0585196428000927,0.025615815073251724,2-4deg,0.00-0.04,0.0,0.0,0.0,0.0
66,7,True,False,0.12542781233787537,0.12542781233787537,0.0,0.0,1.8799999952316284,1.5518052577972412,0.49276700615882874,0.01526205986738205,-0.1372259557247162,0.180543452501297,0.12042210251092911,-0.01998113840818405,0.14701884984970093,0.5265383124351501,0.37887582182884216,0.11732424795627594,0.11901687830686569,0.10-0.15,True,True,False,True,False,False,False,True,True,0.12042210251092911,-0.1425381302833557,0.11080984771251678,0.2596612572669983,0.2596612572669983,0.0,0.12042210251092911,-0.01998113840818405,0.01998113840818405,-0.05602700263261795,0.025371678173542023,0.061498239636421204,0.060476068407297134,0.0006905339541845024,0.0006905339541845024,-0.1425381302833557,0.11080984771251678,0.0025966125540435314,-0.05602700263261795,0.025371678173542023,0.061498239636421204,0.060476068407297134,2-4deg,0.04-0.08,0.0,0.0,0.0,0.0
67,57,True,True,0.049344390630722046,0.0482337586581707,0.034783534705638885,0.1625894010066986,1.2200000286102295,1.208336591720581,0.39873459935188293,0.016646208241581917,-0.06059931963682175,0.1625894010066986,0.034783534705638885,-0.019988063722848892,0.07666321843862534,0.41728246212005615,0.2732849419116974,0.15087424218654633,0.14021441340446472,0.10-0.15,False,True,False,True,True,False,False,False,True,0.02921260893344879,-0.20090311765670776,0.2438887655735016,0.05751040577888489,0.29168492555618286,0.09999999403953552,0.034783534705638885,-0.020006505772471428,0.020006505772471428,0.07390137761831284,0.01388026773929596,0.07519161701202393,0.028930338099598885,0.1019909605383873,0.0,-0.04946883022785187,0.154881089925766,0.0029168492183089256,0.07157469540834427,0.013243143446743488,0.07278717309236526,0.031364958733320236,4-6deg,0.00-0.04,0.0,0.0,0.0,0.0
68,59,True,True,0.057321224361658096,0.057321224361658096,0.044910185039043427,0.19471608102321625,2.5799999237060547,1.1892919540405273,0.34536653757095337,0.0071390001103281975,-0.13354229927062988,0.19471608102321625,0.044910185039043427,-0.01967044733464718,0.14395783841609955,0.6792060136795044,0.38429388403892517,0.14170676469802856,0.16404837369918823,>=0.15,False,True,False,True,True,False,False,False,True,0.0482211671769619,-0.12084800750017166,0.12914201617240906,0.10749156028032303,0.10749156028032303,0.05999999865889549,0.044910185039043427,-0.019914396107196808,0.019914396107196808,0.07833811640739441,-0.02629157155752182,0.08262389153242111,0.06814660131931305,0.0008457279182039201,0.006632374133914709,-0.12309899181127548,0.1508674919605255,0.0010749156353995204,0.07937762141227722,-0.023769907653331757,0.08285323530435562,0.06823056191205978,4-6deg,0.04-0.08,0.0,0.0,0.0,0.0
69,45,True,True,0.07095452398061752,0.06906599551439285,0.061749864369630814,0.08894775062799454,3.679999828338623,1.4563558101654053,0.32136669754981995,0.009557047858834267,-0.07559981942176819,0.08894775062799454,0.061749864369630814,-0.020005859434604645,0.08517253398895264,0.9916696548461914,0.3869883418083191,0.046865444630384445,0.053360097110271454,0.05-0.10,False,True,False,True,True,False,False,False,True,0.07287289947271347,-0.04263286665081978,0.27236005663871765,0.07711812108755112,0.4001885652542114,1.4199999570846558,0.061749864369630814,-0.02001841552555561,0.02001841552555561,0.0508854053914547,0.00740252947434783,0.051420312374830246,0.042090993374586105,0.10978703945875168,0.0007720404537394643,-0.07498110830783844,0.04784909263253212,0.004001885652542114,0.08275893330574036,0.026876825839281082,0.08700457215309143,0.00848731491714716,2-4deg,0.04-0.08,0.0,0.0,0.0,0.0
70,56,True,True,0.12164084613323212,0.11436884105205536,0.1166500449180603,0.1635408103466034,2.299999952316284,1.449111819267273,0.31956371665000916,0.012360447086393833,-0.12981948256492615,0.1635408103466034,0.1166500449180603,-0.01961156539618969,0.1407751441001892,1.0376867055892944,0.4876052737236023,0.09946104884147644,0.08652313798666,0.05-0.10,False,True,False,True,True,False,False,False,True,0.11102113872766495,-0.101033054292202,0.1681540608406067,0.030508344992995262,0.08856967836618423,0.09999999403953552,0.1166500449180603,-0.019646070897579193,0.019646070897579193,0.025249557569622993,0.0467601902782917,0.05313699692487717,0.009395216591656208,0.010012784041464329,0.007751244120299816,-0.12447432428598404,0.10607422888278961,0.0008856967906467617,0.024508722126483917,0.04691072553396225,0.05292334035038948,0.009638612158596516,2-4deg,0.00-0.04,0.0,0.0,0.0,0.0
71,31,True,True,0.037736400961875916,0.036342792212963104,0.014145701192319393,0.23217998445034027,2.419999837875366,1.406829595565796,0.2849847078323364,-0.01936512067914009,-0.16606523096561432,0.23217998445034027,0.014145701192319393,-0.020018411800265312,0.14744476974010468,1.1593672037124634,0.529454231262207,0.1622648537158966,0.1654948741197586,>=0.15,False,True,False,True,True,False,False,False,True,0.0076719471253454685,-0.06660697609186172,0.1254577338695526,0.056441135704517365,0.20346267521381378,0.05999999865889549,0.014145701192319393,-0.020018411800265312,0.020018411800265312,0.034632761031389236,-0.0028335570823401213,0.03474871441721916,0.05829843133687973,0.015456395223736763,0.001035800902172923,-0.17033006250858307,0.1577821671962738,0.002034626668319106,0.03446163982152939,-0.005158137064427137,0.03484465926885605,0.05823640152812004,0-2deg,0.04-0.08,0.0,0.0,0.0,0.0
72,12,True,True,0.07391081750392914,0.07247194647789001,0.06509698927402496,0.16689950227737427,4.739999771118164,1.093490719795227,0.17489591240882874,0.007401173003017902,0.02504018321633339,0.16689950227737427,0.06509698927402496,-0.019989782944321632,-0.018999475985765457,1.0817103385925293,0.34913429617881775,0.16501039266586304,0.18467654287815094,>=0.15,False,True,False,True,True,False,False,False,True,0.07330930233001709,-0.19611616432666779,0.30321264266967773,0.07878546416759491,0.9838575720787048,0.11999999731779099,0.06509698927402496,-0.01999875158071518,0.01999875158071518,-0.00878818053752184,-0.06122102588415146,0.06184735894203186,0.08024238795042038,0.11477582901716232,0.0,0.016440074890851974,0.16608783602714539,0.00983857549726963,-0.0011345942039042711,-0.058586400002241135,0.05859704688191414,0.08156027644872665,2-4deg,0.08-0.12,0.0,0.0,0.0,0.0
73,47,True,True,0.056393444538116455,0.05321154743432999,0.04421810060739517,0.1624900847673416,2.259999990463257,1.243954062461853,0.3263140916824341,0.007620416581630707,-0.03456280007958412,0.1624900847673416,0.04421810060739517,-0.019999608397483826,0.041958097368478775,0.9914334416389465,0.4169869124889374,0.15877166390419006,0.1586817502975464,>=0.15,False,True,False,True,True,False,False,False,True,0.039201050996780396,-0.1939971148967743,0.1344117820262909,0.023851286619901657,0.20373931527137756,0.07999999821186066,0.04421810060739517,-0.020001886412501335,0.020001886412501335,0.014389579184353352,-0.05230347439646721,0.054245445877313614,0.01263550203293562,0.029450131580233574,0.0003452669770922512,-0.03794693946838379,0.1579970270395279,0.0020373931620270014,0.013890092261135578,-0.052865367382764816,0.054658323526382446,0.012444493360817432,2-4deg,0.00-0.04,0.0,0.0,0.0,0.0
74,15,True,True,0.08007580786943436,0.08007580786943436,0.07201773673295975,0.18564677238464355,4.859999656677246,1.3788037300109863,0.25154903531074524,-0.007409654092043638,-0.04436482489109039,0.18564677238464355,0.07201773673295975,-0.019986389204859734,0.0374414436519146,1.3959330320358276,0.46041613817214966,0.1802678108215332,0.18487784266471863,>=0.15,False,True,False,True,True,False,False,False,True,0.08452735841274261,-0.2677592933177948,0.20014531910419464,0.10618916898965836,0.10618916898965836,0.11999999731779099,0.07201773673295975,-0.019987506791949272,0.019987506791949272,-0.04377584159374237,0.013265821151435375,0.045741111040115356,0.008450781926512718,0.13487711548805237,0.0003452669770922512,-0.04554916173219681,0.17997221648693085,0.001061891671270132,-0.04450706019997597,0.013345055282115936,0.04646280035376549,0.00626346655189991,2-4deg,0.00-0.04,0.0,0.0,0.0,0.0
75,24,True,True,0.07819078117609024,0.06703051179647446,0.06995604932308197,0.08076175302267075,2.180000066757202,1.5987868309020996,0.4536590278148651,-0.05863365903496742,0.016677241772413254,0.08076175302267075,0.06995604932308197,-0.019828272983431816,-0.07981903105974197,0.5031025409698486,0.2616890072822571,0.07902107387781143,0.10029636323451996,0.10-0.15,False,True,False,True,True,False,False,False,True,0.06285972893238068,-0.14405913650989532,0.2811010777950287,0.1910676807165146,0.2684677243232727,0.5600000023841858,0.06995604932308197,-0.020059067755937576,0.020059067755937576,0.006794268731027842,-0.013468545861542225,0.015085584484040737,0.06793352216482162,0.015061858110129833,0.0035714711993932724,0.013933230191469193,0.07955077290534973,0.002684677252545953,0.03225955367088318,0.012527109123766422,0.034606024622917175,0.06525129079818726,0-2deg,0.04-0.08,0.0,0.0,0.0,0.0
76,55,True,True,0.0656738430261612,0.04301486536860466,0.05554959177970886,0.23677362501621246,4.859999656677246,1.3213847875595093,0.26322245597839355,-0.0002916392986662686,0.06994044035673141,0.23677362501621246,0.05554959177970886,-0.020045489072799683,-0.06874009966850281,0.6132792830467224,0.25897952914237976,0.22620806097984314,0.2344391942024231,>=0.15,False,True,False,True,True,False,False,False,True,0.11747351288795471,-0.1013086661696434,0.38747310638427734,0.10244809091091156,0.5556349158287048,3.4800000190734863,0.05554959177970886,-0.020104048773646355,0.020104048773646355,-0.005141097586601973,-0.006381412968039513,0.008192387409508228,0.03803738206624985,0.07486002147197723,0.0013810680247843266,0.06866911798715591,0.22659723460674286,0.0055563491769135,-0.015266085043549538,-0.004763355012983084,0.015990914776921272,0.03640202432870865,0-2deg,0.00-0.04,0.0,0.0,0.0,0.0
77,14,True,True,0.03768056631088257,0.037558406591415405,0.013952434062957764,0.18299876153469086,4.880000114440918,1.302770972251892,0.20877987146377563,0.007222258951514959,0.031483639031648636,0.18299876153469086,0.013952434062957764,-0.019996657967567444,-0.024044426158070564,1.8267961740493774,0.482294499874115,0.18027016520500183,0.17840158939361572,>=0.15,False,True,False,True,True,False,False,False,True,0.017490508034825325,-0.08157946169376373,0.05917354300618172,0.04172920808196068,0.4109192192554474,0.09999999403953552,0.013952434062957764,-0.02003076672554016,0.02003076672554016,0.009682192467153072,0.009514760226011276,0.013575728051364422,0.01055821217596531,0.031034966930747032,0.0,0.02914673648774624,0.18066272139549255,0.004109192173928022,0.008875696919858456,0.009811269119381905,0.013228824362158775,0.010921824723482132,0-2deg,0.00-0.04,0.0,0.0,0.0,0.0
78,2,True,True,0.08683580905199051,0.0847245305776596,0.07936598360538483,0.14832621812820435,1.6399999856948853,1.4014467000961304,0.3971109092235565,-0.007335911504924297,-0.13310116529464722,0.14832621812820435,0.07936598360538483,-0.019736863672733307,0.12611664831638336,1.0908955335617065,0.42032307386398315,0.06545796990394592,0.0671180933713913,0.05-0.10,False,True,False,True,True,False,False,False,True,0.0769033432006836,-0.05747179314494133,0.04562869668006897,0.04994463175535202,0.1162935122847557,0.05999999865889549,0.07936598360538483,-0.019736863672733307,0.019736863672733307,0.037537768483161926,-0.01175149716436863,0.03933267667889595,0.022416304796934128,0.014402352273464203,0.00528157502412796,-0.1347717046737671,0.06194556877017021,0.001162935048341751,0.037292201071977615,-0.01261358056217432,0.03936600685119629,0.022404678165912628,2-4deg,0.00-0.04,0.0,0.0,0.0,0.0
79,53,True,True,0.04346279427409172,0.0422428734600544,0.025763852521777153,0.1436312347650528,2.200000047683716,1.2407337427139282,0.41417235136032104,0.012491242028772831,-0.06348254531621933,0.1436312347650528,0.025763852521777153,-0.0199896153062582,0.07473941147327423,0.8448163270950317,0.3567499816417694,0.1288405954837799,0.1220264583826065,0.10-0.15,False,True,False,True,True,False,False,False,True,0.023648325353860855,-0.05402034521102905,0.13476742804050446,0.4603149890899658,0.4603149890899658,0.05999999865889549,0.025763852521777153,-0.02001763880252838,0.02001763880252838,-0.0028246671427041292,0.01977190002799034,0.019972169771790504,0.057023193687200546,0.0016194459749385715,0.0005980199784971774,-0.06289956718683243,0.1291261911392212,0.004603149835020304,-0.002874896628782153,0.01747821271419525,0.01771347038447857,0.057674869894981384,0-2deg,0.04-0.08,0.0,0.0,0.0,0.0
80,0,True,True,0.0384603813290596,0.0384603813290596,0.01601344719529152,0.16736775636672974,5.0,1.3560459613800049,0.20974363386631012,0.030801070854067802,0.09526313841342926,0.16736775636672974,0.01601344719529152,-0.020006146281957626,-0.06438614428043365,0.5680609345436096,0.23484037816524506,0.13761140406131744,0.14177538454532623,0.10-0.15,False,True,False,True,True,False,False,False,True,0.11238543689250946,-0.19771508872509003,0.23306213319301605,0.02999141998589039,0.5019539594650269,3.0799999237060547,0.01601344719529152,-0.0200638584792614,0.0200638584792614,5.628998769680038e-05,0.008441228419542313,0.00844319723546505,0.003255361458286643,0.041176632046699524,0.0016194459749385715,0.09459022432565689,0.1380748152732849,0.005019539501518011,-5.276863885228522e-05,-0.006847402546554804,0.006844664923846722,0.005584916565567255,0-2deg,0.00-0.04,0.0,0.0,0.0,0.0
81,10,True,False,0.12513507902622223,0.12513507902622223,0.0,0.0,2.259999990463257,1.7261782884597778,0.5271356701850891,-0.35683420300483704,-0.16240990161895752,0.2799488604068756,0.12016197293996811,-0.016664739698171616,-0.2004229724407196,0.9307851791381836,0.4682687819004059,0.22802278399467468,0.19219346344470978,>=0.15,True,True,False,True,False,False,False,True,True,0.12016197293996811,-0.16084448993206024,0.22912970185279846,0.23613886535167694,0.23613886535167694,0.0,0.12016197293996811,-0.016664739698171616,0.016664739698171616,-0.00992858037352562,0.03926942124962807,0.04050510376691818,0.02138628624379635,0.059193484485149384,0.059193484485149384,-0.16084448993206024,0.22912970185279846,0.0023613886442035437,-0.00992858037352562,0.03926942124962807,0.04050510376691818,0.02138628624379635,2-4deg,0.00-0.04,0.0,0.0,0.0,0.0
82,42,True,True,0.0421236976981163,0.04180746152997017,0.023428378626704216,0.08473101258277893,2.359999895095825,1.3864189386367798,0.3845801055431366,0.0030649006366729736,0.0061814431101083755,0.08473101258277893,0.023428378626704216,-0.019992724061012268,-0.002811519894748926,0.9773588180541992,0.41654959321022034,0.08450523018836975,0.0838647112250328,0.05-0.10,False,True,False,True,True,False,False,False,True,0.021085482090711594,-0.10727216303348541,0.1501511037349701,0.05274796858429909,0.23230215907096863,0.11999999731779099,0.023428378626704216,-0.019992724061012268,0.019992724061012268,0.004207493271678686,-0.0053840563632547855,0.006835951004177332,0.045633621513843536,0.05619050934910774,0.0,0.0069193425588309765,0.08444801717996597,0.0023230216465890408,0.0027971661183983088,-0.009713520295917988,0.010107582435011864,0.0453995019197464,0-2deg,0.04-0.08,0.0,0.0,0.0,0.0
83,21,True,True,0.03702933341264725,0.03624284639954567,0.012079866603016853,0.18087425827980042,3.0,1.4312635660171509,0.32570549845695496,0.006145942956209183,0.011487873271107674,0.18087425827980042,0.012079866603016853,-0.019996412098407745,-0.00554149504750967,1.0834949016571045,0.28489866852760315,0.1805090755224228,0.17824965715408325,>=0.15,False,True,False,True,True,False,False,False,True,0.008451185189187527,-0.13833896815776825,0.01920076087117195,0.07165870070457458,0.17092865705490112,0.11999999731779099,0.012079866603016853,-0.020017582923173904,0.020017582923173904,-0.000490211823489517,0.04102757200598717,0.04103012755513191,0.04531268775463104,0.05217894911766052,0.0,0.01811455376446247,0.17996490001678467,0.0017092865891754627,0.0037982428912073374,0.04242030903697014,0.0425901897251606,0.04483947902917862,2-4deg,0.04-0.08,0.0,0.0,0.0,0.0
84,30,True,True,0.07923515886068344,0.057233694940805435,0.07079703360795975,0.15753307938575745,5.239999771118164,1.1737501621246338,0.17721955478191376,-0.015523848123848438,-0.02880951389670372,0.15753307938575745,0.07079703360795975,-0.019250473007559776,0.016195189207792282,1.9729846715927124,0.4753769040107727,0.15487635135650635,0.014923319220542908,0.00-0.05,False,True,False,True,True,False,False,False,True,0.06590458750724792,-0.05738183856010437,0.13841256499290466,0.03783455118536949,0.03783455118536949,0.25999999046325684,0.07079703360795975,-0.019250473007559776,0.019250473007559776,-0.06736841052770615,-0.02884676493704319,0.07327566295862198,0.06111733242869377,0.08529281616210938,0.015128985047340393,-0.015679698437452316,0.15675082802772522,0.000378345517674461,-0.07363944500684738,-0.04090576991438866,0.0842197835445404,0.05181474611163139,4-6deg,0.04-0.08,0.0,0.0,0.0,0.0
85,26,True,True,0.12140768021345139,0.09893016517162323,0.11625470221042633,0.2558141350746155,2.740000009536743,1.024936318397522,0.23352254927158356,-0.018170569092035294,-0.17059093713760376,0.2558141350746155,0.11625470221042633,-0.02002037689089775,0.14868415892124176,0.5422044396400452,0.22693872451782227,0.1906294822692871,0.195694237947464,>=0.15,False,True,False,True,True,False,False,False,True,0.09240728616714478,-0.10684964805841446,0.18897458910942078,0.021817397326231003,0.20718903839588165,0.3199999928474426,0.11625470221042633,-0.020021779462695122,0.020021779462695122,0.0015548550290986896,0.006820394657552242,0.006991138216108084,0.03414086624979973,0.011799918487668037,0.0011960400734096766,-0.17332561314105988,0.18814648687839508,0.0020718902815133333,0.008467812091112137,0.014197058044373989,0.016529787331819534,0.03309343010187149,0-2deg,0.00-0.04,0.0,0.0,0.0,0.0
86,33,True,True,0.04466376453638077,0.044453732669353485,0.027753401547670364,0.10990690439939499,3.0,1.0563926696777344,0.23272669315338135,0.008557170629501343,-0.0036167502403259277,0.10990690439939499,0.027753401547670364,-0.020000839605927467,0.01242805365473032,1.128451943397522,0.38514843583106995,0.10984738171100616,0.1790534406900406,>=0.15,False,True,False,True,True,False,False,False,True,0.03285485878586769,-0.20097136497497559,0.33426347374916077,0.07682811468839645,0.2741307020187378,0.07999999821186066,0.027753401547670364,-0.020142992958426476,0.020142992958426476,0.051312681287527084,0.03236127272248268,0.06065748631954193,0.04453020915389061,0.04115345701575279,0.0,-0.00519957160577178,0.109783835709095,0.002741307020187378,0.051290545612573624,0.02964407578110695,0.05923478305339813,0.04602931812405586,2-4deg,0.04-0.08,0.0,0.0006905339541845024,0.0,0.0
87,20,True,True,0.05144809931516647,0.050741955637931824,0.037718843668699265,0.19232577085494995,2.919999837875366,1.3656147718429565,0.40197622776031494,0.01575678214430809,0.04773952439427376,0.19232577085494995,0.037718843668699265,-0.020017029717564583,-0.03464491665363312,1.4493519067764282,0.6294329166412354,0.18630656599998474,0.1579626351594925,>=0.15,False,True,False,True,True,False,False,False,True,0.03962726145982742,-0.1501033902168274,0.11811190843582153,0.13629350066184998,0.3417518436908722,0.07999999821186066,0.037718843668699265,-0.02023320086300373,0.02023320086300373,0.03952806442975998,-0.01896045170724392,0.04383746162056923,0.07754974812269211,0.056203246116638184,0.0003452669770922512,0.04614441096782684,0.18670803308486938,0.0034175184555351734,0.03936786204576492,-0.023578563705086708,0.04588557779788971,0.0764407142996788,2-4deg,0.04-0.08,0.0,0.0,0.0,0.0
88,41,True,True,0.05598490312695503,0.05598490312695503,0.04361150041222572,0.14158810675144196,2.8999998569488525,1.3728973865509033,0.31321024894714355,-0.017084531486034393,-0.11425154656171799,0.14158810675144196,0.04361150041222572,-0.019942624494433403,0.09668900072574615,1.1183552742004395,0.47894197702407837,0.08362879604101181,0.09190868586301804,0.05-0.10,False,True,False,True,True,False,False,False,True,0.05502196028828621,-0.3144736886024475,0.40267929434776306,0.07464057207107544,0.07464057207107544,0.09999999403953552,0.04361150041222572,-0.019942624494433403,0.019942624494433403,-0.011560582555830479,-0.007626872509717941,0.013849577866494656,0.01615835912525654,0.09656789153814316,0.0011451211757957935,-0.1133228987455368,0.08488292992115021,0.0007464056834578514,-0.012428958900272846,-0.008551512844860554,0.015085584484040737,0.015544282272458076,0-2deg,0.00-0.04,0.0,0.0,0.0,0.0
89,1,True,True,0.08097201585769653,0.07841771841049194,0.07303071022033691,0.13042426109313965,3.3399999141693115,1.3681564331054688,0.29757508635520935,-0.014828366227447987,-0.08793147653341293,0.13042426109313965,0.07303071022033691,-0.02000674046576023,0.0752401053905487,0.564974844455719,0.2725141942501068,0.09632520377635956,0.09419224411249161,0.05-0.10,False,True,False,True,True,False,False,False,True,0.06776091456413269,-0.19918778538703918,0.1753006875514984,0.056460145860910416,0.4272393584251404,0.07999999821186066,0.07303071022033691,-0.020009953528642654,0.020009953528642654,-0.057127393782138824,-0.03520836681127548,0.06709574162960052,0.034437064081430435,0.043281737715005875,0.0,-0.09367181360721588,0.09075285494327545,0.00427239341661334,-0.05507771298289299,-0.035707876086235046,0.06562976539134979,0.03588731586933136,2-4deg,0.00-0.04,0.0,0.0,0.0,0.0
90,34,True,True,0.05534984916448593,0.05458527430891991,0.042890626937150955,0.05821077525615692,3.3399999141693115,1.2142419815063477,0.23981069028377533,0.012660980224609375,0.034275054931640625,0.05821077525615692,0.042890626937150955,-0.019995365291833878,-0.021872777491807938,0.8108953237533569,0.3370839059352875,0.04705013334751129,0.04943777993321419,0.00-0.05,False,True,False,True,True,False,False,False,True,0.04215116798877716,-0.01661866530776024,0.04960117116570473,0.17930370569229126,0.20831018686294556,0.05999999865889549,0.042890626937150955,-0.020059997215867043,0.020059997215867043,0.00018155145517084748,-0.01676013693213463,0.016762543469667435,0.030794965103268623,0.0019834081176668406,0.00048828125,0.03507531061768532,0.04645661264657974,0.002083101775497198,8.317806350532919e-05,-0.01797943189740181,0.0179806649684906,0.030363446101546288,0-2deg,0.00-0.04,0.0,0.0,0.0,0.0
91,43,True,True,0.07906421273946762,0.06300558149814606,0.07102279365062714,0.09880737215280533,3.5,1.4455887079238892,0.2945459485054016,-0.08370953053236008,0.012370556592941284,0.09880737215280533,0.07102279365062714,-0.019233984872698784,-0.09530322253704071,1.136879801750183,0.4263331890106201,0.09802992641925812,0.1424446552991867,0.10-0.15,False,True,False,True,True,False,False,False,True,0.06358468532562256,-0.006673573981970549,0.09479126334190369,0.09394663572311401,0.36041438579559326,0.5999999642372131,0.07102279365062714,-0.020041964948177338,0.020041964948177338,0.0364057719707489,-0.0001900342758744955,0.03640598803758621,0.051808830350637436,0.023125672712922096,0.01511716190725565,0.012575091794133186,0.09800390154123306,0.0036041438579559326,0.003830196335911751,-8.015740604605526e-05,0.0038291984237730503,0.05868900939822197,2-4deg,0.04-0.08,0.0,0.0,0.0,0.0
92,9,True,True,0.10258252918720245,0.10206715017557144,0.09650080651044846,0.1266716569662094,2.0799999237060547,1.512500286102295,0.44093263149261475,0.011450926773250103,-0.12561197578907013,0.1266716569662094,0.09650080651044846,-0.019528446719050407,0.13625864684581757,0.6835606098175049,0.42260074615478516,0.016350572928786278,0.16069109737873077,>=0.15,False,True,False,True,True,False,False,False,True,0.09904622286558151,-0.39315158128738403,0.4503130614757538,0.17824941873550415,0.17824941873550415,0.09999999403953552,0.09650080651044846,-0.019661687314510345,0.019661687314510345,0.03911891579627991,-0.010125670582056046,0.04040783643722534,0.014277230016887188,0.023963695392012596,0.008673034608364105,-0.12542863190174103,0.017702197656035423,0.001782494131475687,0.03987395763397217,-0.009336031042039394,0.04095158353447914,0.013076383620500565,2-4deg,0.00-0.04,0.0,0.0,0.0,0.0
93,32,True,True,0.07856783270835876,0.07788198441267014,0.07033746689558029,0.07820476591587067,1.7999999523162842,1.3817782402038574,0.4061315655708313,-0.007320739794522524,-0.025340499356389046,0.07820476591587067,0.07033746689558029,-0.019965924322605133,0.019914910197257996,1.4926763772964478,0.5314149856567383,0.07398543506860733,0.20791468024253845,>=0.15,False,True,False,True,True,False,False,False,True,0.07844053953886032,-0.3032701909542084,0.33685940504074097,0.09220276772975922,0.09220276772975922,0.11999999731779099,0.07033746689558029,-0.020008202642202377,0.020008202642202377,0.02780618704855442,-0.02317257784307003,0.036194123327732086,0.02792743407189846,0.09272824227809906,0.0007720404537394643,-0.02769363485276699,0.07313719391822815,0.0009220276842825115,0.025023043155670166,-0.023826489225029945,0.034550849348306656,0.02923569642007351,2-4deg,0.00-0.04,0.0,0.0,0.0,0.0
94,60,True,True,0.046562254428863525,0.045938946306705475,0.03071996569633484,0.1377480924129486,3.43999981880188,1.1847985982894897,0.23880213499069214,0.0018810174660757184,0.04403332993388176,0.1377480924129486,0.03071996569633484,-0.020023709163069725,-0.043133076280355453,0.9348894357681274,0.3385930061340332,0.1305205076932907,0.13004478812217712,0.10-0.15,False,True,False,True,True,False,False,False,True,0.030184026807546616,-0.059240035712718964,0.020289206877350807,0.06283248215913773,0.36487236618995667,0.11999999731779099,0.03071996569633484,-0.020049354061484337,0.020049354061484337,0.04303901270031929,-0.05324966087937355,0.0684555247426033,0.03852609544992447,0.08597160130739212,0.0014648438664153218,0.05120030790567398,0.12787911295890808,0.0036487234756350517,0.04165026545524597,-0.04953055828809738,0.06470440328121185,0.04088059067726135,2-4deg,0.00-0.04,0.0,0.0,0.0,0.0
95,51,True,True,0.06937365978956223,0.06427286565303802,0.05989428609609604,0.24381782114505768,5.619999885559082,1.1578402519226074,0.19732992351055145,0.004486383404582739,-0.004724011290818453,0.24381782114505768,0.05989428609609604,-0.01998910866677761,0.010779940523207188,1.2094273567199707,0.28682759404182434,0.24377205967903137,0.24025601148605347,>=0.15,False,True,False,True,True,False,False,False,True,0.0539674386382103,-0.10078790783882141,0.07327092438936234,0.1525736004114151,0.1658177673816681,0.05999999865889549,0.05989428609609604,-0.02004016749560833,0.02004016749560833,0.016894543543457985,-0.00032344035571441054,0.016897130757570267,0.028609253466129303,0.0009765625,0.0,-0.001474621705710888,0.24381336569786072,0.0016581775853410363,0.018028398975729942,-0.0003366477321833372,0.018030323088169098,0.02808203361928463,0-2deg,0.00-0.04,0.0,0.0,0.0,0.0
96,52,True,True,0.04700445011258125,0.04684574529528618,0.03136683627963066,0.14746540784835815,5.71999979019165,1.3839008808135986,0.17823955416679382,0.003615868976339698,0.015424324199557304,0.14746540784835815,0.03136683627963066,-0.019995011389255524,-0.010778248310089111,1.1006873846054077,0.283948689699173,0.14665652811527252,0.14733180403709412,0.10-0.15,False,True,False,True,True,False,False,False,True,0.033078063279390335,-0.09757564216852188,0.12590914964675903,0.03933517634868622,0.18132628500461578,0.09999999403953552,0.03136683627963066,-0.019995011389255524,0.019995011389255524,0.025804495438933372,0.05537910759449005,0.061090536415576935,0.03212828189134598,0.043772127479314804,0.0,0.010390393435955048,0.14709889888763428,0.0018132628174498677,0.027192801237106323,0.057399701327085495,0.06350882351398468,0.029154252260923386,2-4deg,0.00-0.04,0.0,0.0,0.0,0.0
97,25,True,True,0.05288507416844368,0.04884238913655281,0.03963728994131088,0.19115552306175232,5.799999713897705,1.2087780237197876,0.1786556839942932,0.007541936356574297,-0.015952108427882195,0.19115552306175232,0.03963728994131088,-0.019985709339380264,0.02264280430972576,1.0937620401382446,0.33562907576560974,0.19048874080181122,0.18475425243377686,>=0.15,False,True,False,True,True,False,False,False,True,0.03372378274798393,-0.14349687099456787,0.1700569987297058,0.036403026431798935,0.24705390632152557,0.07999999821186066,0.03963728994131088,-0.019991999492049217,0.019991999492049217,0.0851266086101532,-0.013188023120164871,0.08613942563533783,0.002422422170639038,0.015972265973687172,0.0,-0.012690659612417221,0.19073379039764404,0.002470538951456547,0.0849345326423645,-0.013303562998771667,0.08596743643283844,0.005525357089936733,4-6deg,0.00-0.04,0.0,0.0,0.0,0.0
98,18,True,True,0.11174347996711731,0.0807378739118576,0.10613909363746643,0.28524157404899597,2.679999828338623,1.4692518711090088,0.36951836943626404,-0.0031948862597346306,-0.13410089910030365,0.28524157404899597,0.10613909363746643,-0.020035620778799057,0.13100916147232056,0.7083812355995178,0.3450331389904022,0.2517532706260681,0.23968146741390228,>=0.15,False,True,False,True,True,False,False,False,True,0.09945347905158997,-0.14086179435253143,0.09281372278928757,0.10562778264284134,0.2397424429655075,0.07999999821186066,0.10613909363746643,-0.020044885575771332,0.020044885575771332,0.05237710475921631,0.03286083787679672,0.06182420998811722,0.013489913195371628,0.0012448779307305813,0.0,-0.13817371428012848,0.24954114854335785,0.0023974243085831404,0.052980296313762665,0.03328033909201622,0.06255786865949631,0.01099642738699913,2-4deg,0.00-0.04,0.0,0.0,0.0,0.0
99,54,True,True,0.07500487565994263,0.060151610523462296,0.06630124896764755,0.24710939824581146,4.019999980926514,1.2265828847885132,0.2396392673254013,-0.0557679645717144,0.0032563135027885437,0.24710939824581146,0.06630124896764755,-0.01983366720378399,-0.057078585028648376,1.065002202987671,0.4064911901950836,0.24708792567253113,0.26307186484336853,>=0.15,False,True,False,True,True,False,False,False,True,0.045360736548900604,-0.045286133885383606,0.156595841050148,0.0489780455827713,0.5407114624977112,0.14000000059604645,0.06630124896764755,-0.02007964998483658,0.02007964998483658,0.004394026007503271,-0.013511545956134796,0.014206502586603165,0.05436483025550842,0.07124893367290497,0.0034004871267825365,0.0033909329213202,0.24708610773086548,0.005407114513218403,0.0070909252390265465,-0.007551485672593117,0.010358056053519249,0.05460681766271591,0-2deg,0.04-0.08,0.0,0.0,0.0,0.0
100,50,True,True,0.08910570293664932,0.08910570293664932,0.08184914290904999,0.1936185359954834,2.440000057220459,1.4254695177078247,0.32311248779296875,0.02133013866841793,-0.11396939307451248,0.1936185359954834,0.08184914290904999,-0.019683031365275383,0.13921359181404114,0.9295181632041931,0.49559158086776733,0.15652193129062653,0.19623205065727234,>=0.15,False,True,False,True,True,False,False,False,True,0.08677143603563309,-0.14768925309181213,0.26775291562080383,0.3262963891029358,0.3262963891029358,0.05999999865889549,0.08184914290904999,-0.020117299631237984,0.020117299631237984,-0.0032986619044095278,-0.0718245729804039,0.07189987599849701,0.05474581941962242,0.0019223655108362436,0.005620546638965607,-0.11434071511030197,0.15625087916851044,0.003262963844463229,-0.0012326320866122842,-0.07107587158679962,0.07108630985021591,0.0551203154027462,4-6deg,0.04-0.08,0.0,0.0,0.0,0.0
101,19,True,True,0.05909635126590729,0.05435444787144661,0.047599125653505325,0.17885781824588776,2.119999885559082,1.3317631483078003,0.440108060836792,0.01160354819148779,-0.07555805146694183,0.17885781824588776,0.047599125653505325,-0.019999107345938683,0.08794860541820526,0.30052876472473145,0.14177481830120087,0.1621144562959671,0.15750500559806824,>=0.15,False,True,False,True,True,False,False,False,True,0.043312713503837585,-0.07390004396438599,0.15304897725582123,0.19060273468494415,0.3212819993495941,0.05999999865889549,0.047599125653505325,-0.02001943811774254,0.02001943811774254,0.02849145419895649,-0.03788813576102257,0.047401685267686844,0.06161286309361458,0.0003452669770922512,0.0006905339541845024,-0.07513028383255005,0.16231314837932587,0.0032128198072314262,0.02969476394355297,-0.03573337942361832,0.04645766317844391,0.06178254261612892,2-4deg,0.04-0.08,0.0,0.0,0.0,0.0
102,23,True,True,0.06312093883752823,0.055947817862033844,0.05252361297607422,0.20884516835212708,2.0799999237060547,1.258327603340149,0.3173712193965912,0.027960287407040596,0.10803939402103424,0.20884516835212708,0.05252361297607422,-0.0200024526566267,-0.07978754490613937,0.6207923293113708,0.2948063015937805,0.17872826755046844,0.17206227779388428,>=0.15,False,True,False,True,True,False,False,False,True,0.038679610937833786,-0.09247729927301407,0.16474756598472595,0.04760122671723366,0.5098677277565002,0.11999999731779099,0.05252361297607422,-0.020021187141537666,0.020021187141537666,-0.03764638304710388,-0.0339018888771534,0.050656214356422424,0.05695471167564392,0.08826648443937302,0.0008457279182039201,0.10188212990760803,0.1823083609342575,0.0050986772403120995,-0.034744758158922195,-0.028901686891913414,0.04519030824303627,0.05863082781434059,2-4deg,0.04-0.08,0.0,0.0,0.0,0.0
103,28,True,False,0.24252404272556305,0.07504697144031525,0.0,0.0,4.239999771118164,1.1962312459945679,0.2383129596710205,0.0805373340845108,0.2251812219619751,0.35600700974464417,0.23997817933559418,-0.019974958151578903,-0.13919442892074585,1.8449466228485107,0.6034099459648132,0.27574336528778076,0.2097364366054535,>=0.15,True,True,False,True,False,False,False,True,True,0.07193969190120697,-0.05185314640402794,0.11918158084154129,0.026248615235090256,1.270821452140808,0.0,0.23997817933559418,-0.020148223266005516,0.020148223266005516,-0.07034124433994293,-0.049698393791913986,0.0861033946275711,0.037558089941740036,0.13341625034809113,0.0021836606319993734,0.23523011803627014,0.2672223448753357,0.012708214111626148,-0.04739253968000412,-0.07309358566999435,0.08709027618169785,0.04118896275758743,4-6deg,0.00-0.04,0.0,0.0,0.0,0.0
104,42,True,True,0.0786122977733612,0.07619941979646683,0.07040361315011978,0.17339542508125305,1.159999966621399,1.2683266401290894,0.6342699527740479,0.00788482092320919,0.03920843079686165,0.17339542508125305,0.07040361315011978,-0.020032938569784164,-0.02988816611468792,0.4368911385536194,0.3095111548900604,0.16890433430671692,0.20735864341259003,>=0.15,False,True,False,True,True,False,False,False,True,0.0724821463227272,-0.23409391939640045,0.3024148941040039,0.10074733942747116,0.2921731173992157,0.09999999403953552,0.07040361315011978,-0.020057789981365204,0.020057789981365204,-0.05669553577899933,0.025543469935655594,0.06217821314930916,0.01638892851769924,0.03638797253370285,0.0,0.04661274701356888,0.16701264679431915,0.00292173121124506,-0.057955194264650345,0.025496771559119225,0.06331035494804382,0.01515882182866335,2-4deg,0.00-0.04,0.0,0.0,0.0,0.0
105,44,True,True,0.04822540655732155,0.04122034087777138,0.033162716776132584,0.2396666407585144,3.299999952316284,1.3579931259155273,0.26112130284309387,0.007634611800312996,0.02493726834654808,0.2396666407585144,0.033162716776132584,-0.01998547837138176,-0.01792345941066742,0.4696565568447113,0.2014855146408081,0.2383657544851303,0.23750808835029602,>=0.15,False,True,False,True,True,False,False,False,True,0.021150639280676842,-0.1515955775976181,0.026602603495121002,0.09202916920185089,0.3936616778373718,0.11999999731779099,0.033162716776132584,-0.020023077726364136,0.020023077726364136,-0.06550978124141693,0.02774074487388134,0.07113329321146011,0.032938774675130844,0.05872514843940735,0.0,0.04079269617795944,0.23616956174373627,0.003936616703867912,-0.06797805428504944,0.025761418044567108,0.0726887583732605,0.0304074939340353,4-6deg,0.00-0.04,0.0,0.0,0.0,0.0
106,26,True,True,0.11232676357030869,0.1112794280052185,0.10681392252445221,0.18760384619235992,0.9799999594688416,1.7534602880477905,0.7729865908622742,-0.0005956346867606044,-0.10065554082393646,0.18760384619235992,0.10681392252445221,-0.01974523440003395,0.0999317392706871,0.6467525362968445,0.3494425117969513,0.15831507742404938,0.20825491845607758,>=0.15,False,True,False,True,True,False,False,False,True,0.11804075539112091,-0.4561939835548401,0.5452116131782532,0.09051983058452606,0.12177804857492447,0.14000000059604645,0.10681392252445221,-0.019751008599996567,0.019751008599996567,0.019616970792412758,0.006369257345795631,0.020624106749892235,0.016964811831712723,0.12160792201757431,0.005062613170593977,-0.09711617231369019,0.1605105847120285,0.001217780401930213,0.02156691625714302,0.006707979366183281,0.022585798054933548,0.016009632498025894,0-2deg,0.00-0.04,0.0,0.0,0.0,0.0
107,8,True,True,0.04281045123934746,0.04131687432527542,0.02462221309542656,0.16187016665935516,2.9600000381469727,1.2605841159820557,0.2781389653682709,0.01068794634193182,-0.07136315852403641,0.16187016665935516,0.02462221309542656,-0.01999026909470558,0.08090093731880188,0.43089380860328674,0.2467418909072876,0.14529022574424744,0.13923272490501404,0.10-0.15,False,True,False,True,True,False,False,False,True,0.022156810387969017,-0.0455717034637928,0.11444726586341858,0.5635181665420532,0.5635181665420532,0.05999999865889549,0.02462221309542656,-0.0200791135430336,0.0200791135430336,0.008725836873054504,0.013223543763160706,0.015841111540794373,0.04362436383962631,0.002156191971153021,0.0005980199784971774,-0.07053321599960327,0.14569494128227234,0.005635181441903114,0.008270015008747578,0.011535611003637314,0.014193910174071789,0.043792400509119034,0-2deg,0.04-0.08,0.0,0.0006905339541845024,0.0,0.0
108,22,True,True,0.07787784188985825,0.07787784188985825,0.06957588344812393,0.16948513686656952,2.3399999141693115,1.187649130821228,0.2838187515735626,-0.021449189633131027,-0.13047949969768524,0.16948513686656952,0.06957588344812393,-0.020005546510219574,0.10724915564060211,0.9589755535125732,0.4301508963108063,0.10816796869039536,0.11839788407087326,0.10-0.15,False,True,False,True,True,False,False,False,True,0.07830160111188889,-0.21782247722148895,0.47998130321502686,0.03728323057293892,0.0664624497294426,0.3799999952316284,0.06957588344812393,-0.020005546510219574,0.020005546510219574,-0.003244577907025814,-0.07492084056138992,0.07499060779809952,0.03855638951063156,0.007941161282360554,0.0,-0.1222105324268341,0.1174299567937851,0.0006646245019510388,-0.01654384844005108,-0.0749044343829155,0.0767061710357666,0.03644169121980667,4-6deg,0.00-0.04,0.0,0.0,0.0,0.0
109,11,True,False,0.13116981089115143,0.13116981089115143,0.0,0.0,2.319999933242798,1.609985589981079,0.34864774346351624,-0.21751078963279724,-0.11528642475605011,0.4595901370048523,0.12727132439613342,-0.01740260422229767,-0.11596453934907913,1.060089111328125,0.5119051337242126,0.4448956251144409,0.1582808643579483,>=0.15,True,True,False,True,False,False,False,True,True,0.12727132439613342,-0.13909724354743958,0.43803542852401733,0.2145245224237442,0.2145245224237442,0.0,0.12727132439613342,-0.01740260422229767,0.01740260422229767,-0.01004344504326582,-0.08001793920993805,0.08064446598291397,0.017416534945368767,0.05127979815006256,0.05127979815006256,-0.13909724354743958,0.43803542852401733,0.0021452452056109905,-0.01004344504326582,-0.08001793920993805,0.08064446598291397,0.017416534945368767,4-6deg,0.00-0.04,0.0,0.0006905339541845024,0.0,0.0
110,13,True,True,0.06227939948439598,0.05902322754263878,0.05150238424539566,0.1811498999595642,2.9600000381469727,1.3436540365219116,0.32627978920936584,0.0038877499755471945,0.013198098167777061,0.1811498999595642,0.05150238424539566,-0.01998668909072876,-0.009638313204050064,0.9397054314613342,0.3538755774497986,0.18066847324371338,0.17801912128925323,>=0.15,False,True,False,True,True,False,False,False,True,0.04760419949889183,-0.10465696454048157,0.0768713429570198,0.03693537414073944,0.4236498773097992,0.07999999821186066,0.05150238424539566,-0.020066170021891594,0.020066170021891594,0.0015544347697868943,-0.0019064791267737746,0.0024657000321894884,0.007794543169438839,0.021457025781273842,0.0003452669770922512,0.013329568319022655,0.18065881729125977,0.004236498847603798,0.0018582134507596493,-0.0015511963283643126,0.0024168696254491806,0.007784370332956314,0-2deg,0.00-0.04,0.0,0.0,0.0,0.0
111,39,True,False,0.19598014652729034,0.19598014652729034,0.0,0.0,3.059999942779541,1.3456753492355347,0.25493523478507996,-0.05020114406943321,-0.028065262362360954,0.45364776253700256,0.19656838476657867,-0.008938554674386978,-0.03076336160302162,1.9883742332458496,0.7619410753250122,0.45277878642082214,0.22237896919250488,>=0.15,True,True,False,True,False,False,False,True,True,0.19656838476657867,-0.06263671070337296,0.4493027329444885,0.038740552961826324,0.038740552961826324,0.0,0.19656838476657867,-0.008938554674386978,0.008938554674386978,-0.032758671790361404,0.07711561769247055,0.0837721973657608,0.02876395545899868,0.17199882864952087,0.17199882864952087,-0.06263671070337296,0.4493027329444885,0.00038740551099181175,-0.032758671790361404,0.07711561769247055,0.0837721973657608,0.02876395545899868,4-6deg,0.00-0.04,0.0,0.0,0.0,0.0
112,16,True,True,0.050063472241163254,0.0477016307413578,0.035801928490400314,0.13000419735908508,3.6999998092651367,1.4706751108169556,0.2845350205898285,0.016536923125386238,0.0654841735959053,0.13000419735908508,0.035801928490400314,-0.019999874755740166,-0.0502750501036644,0.8748345375061035,0.33343052864074707,0.11230722814798355,0.11782122403383255,0.10-0.15,False,True,False,True,True,False,False,False,True,0.07452256977558136,0.0250188410282135,0.4404376149177551,0.3148294985294342,0.5465384125709534,1.459999918937683,0.035801928490400314,-0.019999874755740166,0.019999874755740166,-0.0020262913312762976,0.01673969253897667,0.016861816868185997,0.03449659049510956,0.019369134679436684,0.0006905339541845024,0.0623658150434494,0.11406837403774261,0.005465384107083082,0.0016891859704628587,0.05631101503968239,0.05633678287267685,0.017801865935325623,0-2deg,0.00-0.04,0.0,0.0,0.0,0.0
113,6,True,True,0.07577823847532272,0.07564514875411987,0.06719948351383209,0.07408197969198227,2.8999998569488525,1.3637101650238037,0.3162461519241333,0.006508989259600639,0.028755266219377518,0.07408197969198227,0.06719948351383209,-0.019983012229204178,-0.02438923344016075,1.7467492818832397,0.6499322056770325,0.06827352195978165,0.07334744185209274,0.05-0.10,False,True,False,True,True,False,False,False,True,0.06705307215452194,0.03267854452133179,0.03520386666059494,0.42517465353012085,0.42517465353012085,0.07999999821186066,0.06719948351383209,-0.0200129896402359,0.0200129896402359,0.018889976665377617,-0.037173859775066376,0.04169606417417526,0.03888844698667526,0.0005980199784971774,0.0,0.026644671335816383,0.06912452727556229,0.0042517464607954025,0.0197555273771286,-0.03928420692682266,0.04396919533610344,0.03712780028581619,2-4deg,0.00-0.04,0.0,0.0,0.0,0.0
114,2,True,True,0.0732639953494072,0.0732639953494072,0.06384240090847015,0.1274876594543457,1.6799999475479126,1.1760749816894531,0.29446277022361755,0.008315530605614185,-0.12475895881652832,0.1274876594543457,0.06384240090847015,-0.019479667767882347,0.13272562623023987,0.566250205039978,0.31938987970352173,0.02623560279607773,0.04083700850605965,0.00-0.05,False,True,False,True,True,False,False,False,True,0.06528463214635849,-0.13474273681640625,0.15645527839660645,0.18353785574436188,0.18353785574436188,0.05999999865889549,0.06384240090847015,-0.019992901012301445,0.019992901012301445,-0.012401516549289227,0.03733505681157112,0.03934025019407272,0.007367934565991163,0.0,0.010340777225792408,-0.12394294887781143,0.029853830114006996,0.0018353784689679742,-0.012189731933176517,0.03710165619850159,0.03905124589800835,0.00840312335640192,2-4deg,0.00-0.04,0.0,0.0,0.0,0.0
115,17,True,True,0.12392052263021469,0.12110671401023865,0.11887095123529434,0.2363753616809845,4.119999885559082,1.3180845975875854,0.24758689105510712,-0.01910056173801422,-0.11551772058010101,0.2363753616809845,0.11887095123529434,-0.01995200105011463,0.09254965931177139,0.8588674664497375,0.38214367628097534,0.20622554421424866,0.23880067467689514,>=0.15,False,True,False,True,True,False,False,False,True,0.11596893519163132,-0.06385675072669983,0.20216676592826843,0.4073295295238495,0.4073295295238495,0.11999999731779099,0.11887095123529434,-0.020012324675917625,0.020012324675917625,0.005927900318056345,-0.04127046465873718,0.04169320687651634,0.03229358792304993,0.0009134905994869769,0.0009134905994869769,-0.12093862146139145,0.20309396088123322,0.004073295276612043,0.007590527646243572,-0.043853942304849625,0.04450562596321106,0.029138576239347458,2-4deg,0.00-0.04,0.0,0.0,0.0,0.0
116,49,True,True,0.06111854687333107,0.057533759623765945,0.05012330040335655,0.19074086844921112,3.0399999618530273,1.2979183197021484,0.2844914495944977,-0.0026900707744061947,-0.08091040700674057,0.19074086844921112,0.05012330040335655,-0.020029393956065178,0.07857698947191238,1.018972396850586,0.39850476384162903,0.17272980511188507,0.2100665271282196,>=0.15,False,True,False,True,True,False,False,False,True,0.04564020782709122,-0.0676683858036995,0.1474687159061432,0.19423769414424896,0.19423769414424896,0.05999999865889549,0.05012330040335655,-0.020029393956065178,0.020029393956065178,-0.004156932234764099,0.039018068462610245,0.0392385832965374,0.009931211359798908,0.0003452669770922512,0.0003452669770922512,-0.08543583750724792,0.1705368012189865,0.0019423769554123282,-0.0038778854068368673,0.03928070887923241,0.03947187960147858,0.009247122332453728,2-4deg,0.00-0.04,0.0,0.0,0.0,0.0
117,36,True,True,0.056438203901052475,0.056438203901052475,0.04429212212562561,0.12093160301446915,3.93999981880188,1.1160670518875122,0.22520044445991516,-0.01566045545041561,-0.07799557596445084,0.12093160301446915,0.04429212212562561,-0.020009944215416908,0.0638468787074089,0.7711517810821533,0.30664026737213135,0.09241829812526703,0.08214706182479858,0.05-0.10,False,True,False,True,True,False,False,False,True,0.05093661695718765,-0.15927302837371826,0.12722790241241455,0.05039629340171814,0.10291972011327744,0.09999999403953552,0.04429212212562561,-0.020009944215416908,0.020009944215416908,-0.05371010676026344,0.007711671758443117,0.05426083505153656,0.04406420513987541,0.056258391588926315,0.0003452669770922512,-0.07401397079229355,0.09563673287630081,0.0010291971266269684,-0.05016395077109337,0.00680526252835989,0.05062324181199074,0.04740191996097565,2-4deg,0.04-0.08,0.0,0.0006905339541845024,0.0,0.0
118,37,True,True,0.039768580347299576,0.03828705847263336,0.018864106386899948,0.15532566606998444,2.6399998664855957,1.3137279748916626,0.28794240951538086,0.0050862678326666355,0.0009034196846187115,0.15532566606998444,0.018864106386899948,-0.01998724788427353,0.0053596762008965015,0.4782099723815918,0.21871766448020935,0.15532304346561432,0.15255291759967804,>=0.15,False,True,False,True,True,False,False,False,True,0.015675684437155724,-0.13725627958774567,0.07429680228233337,0.11266911774873734,0.17824961245059967,0.07999999821186066,0.018864106386899948,-0.02001781575381756,0.02001781575381756,-0.014036796987056732,-0.028664078563451767,0.031915683299303055,0.05606245994567871,0.020505266264081,0.0,-0.0008129660272970796,0.1553235501050949,0.001782496110536158,-0.01275787502527237,-0.025510592386126518,0.028522610664367676,0.05734514072537422,0-2deg,0.04-0.08,0.0,0.0,0.0,0.0
119,47,True,True,0.061668965965509415,0.05876343697309494,0.05076616257429123,0.30393338203430176,2.0,1.3430300951004028,0.46718987822532654,-0.03749928995966911,-0.21491676568984985,0.30393338203430176,0.05076616257429123,-0.01996619999408722,0.17681072652339935,0.621211588382721,0.3353421092033386,0.21490997076034546,0.25450387597084045,>=0.15,False,True,False,True,True,False,False,False,True,0.050104882568120956,-0.4200945794582367,0.33664727210998535,0.12113359570503235,0.12113359570503235,0.11999999731779099,0.05076616257429123,-0.01996619999408722,0.01996619999408722,0.02318207547068596,0.027774984017014503,0.03617600351572037,0.020846139639616013,0.06912065297365189,0.0003452669770922512,-0.21431665122509003,0.21550846099853516,0.0012113358825445175,0.024056326597929,0.02580484189093113,0.03527655825018883,0.022274792194366455,2-4deg,0.00-0.04,0.0,0.0,0.0,0.0
120,60,True,True,0.06453297287225723,0.06453297287225723,0.054236285388469696,0.03787580132484436,1.2200000286102295,1.4676772356033325,0.7919848561286926,-0.054651737213134766,-0.008297484368085861,0.03787580132484436,0.054236285388469696,-0.02000371553003788,-0.04482155665755272,0.5091335773468018,0.2726549208164215,0.036955758929252625,0.09480417519807816,0.05-0.10,False,True,False,True,True,False,False,False,True,0.059950992465019226,-0.29396548867225647,0.3137259781360626,0.1338350772857666,0.1338350772857666,0.09999999403953552,0.054236285388469696,-0.02000371553003788,0.02000371553003788,-0.0038045875262469053,-0.05744572728872299,0.05757131800055504,0.023043600842356682,0.059112828224897385,0.0005980199784971774,-0.008900070562958717,0.03681528568267822,0.001338350703008473,-0.003738905070349574,-0.05547144636511803,0.05559729039669037,0.026321573182940483,2-4deg,0.00-0.04,0.0,0.0,0.0,0.0
121,35,True,True,0.12171609699726105,0.11235339939594269,0.11654399335384369,0.2796829640865326,2.759999990463257,1.4073961973190308,0.3602342903614044,-0.011901430785655975,-0.11542866379022598,0.2796829640865326,0.11654399335384369,-0.019823787733912468,0.10151500254869461,0.8703415989875793,0.3588419258594513,0.25475239753723145,0.27207422256469727,>=0.15,False,True,False,True,True,False,False,False,True,0.10677657276391983,-0.10387422889471054,0.16829624772071838,0.07234542816877365,0.09825059026479721,0.11999999731779099,0.11654399335384369,-0.019964098930358887,0.019964098930358887,0.00859093014150858,-0.017841998487710953,0.019801316782832146,0.018638798967003822,0.0006905339541845024,0.003487027483060956,-0.12057328224182129,0.25235816836357117,0.0009825058514252305,0.009330512024462223,-0.019470790401101112,0.021589960902929306,0.017116278409957886,0-2deg,0.00-0.04,0.0,0.0,0.0,0.0
122,59,True,True,0.07440178841352463,0.07424967736005783,0.06569191813468933,0.22963853180408478,2.299999952316284,1.3492379188537598,0.4280308187007904,-0.02822256274521351,0.007362358272075653,0.22963853180408478,0.06569191813468933,-0.01968872919678688,-0.035154491662979126,1.06935715675354,0.4974086880683899,0.22952048480510712,0.023403260856866837,0.00-0.05,False,True,False,True,True,False,False,False,True,0.07024548947811127,-0.11740630120038986,0.4385283887386322,0.10619497299194336,0.1620432734489441,0.11999999731779099,0.06569191813468933,-0.020020417869091034,0.020020417869091034,0.0059479535557329655,0.031688570976257324,0.03224090486764908,0.06900464743375778,0.00890363473445177,0.006137609947472811,0.012059974484145641,0.22932162880897522,0.0016204327112063766,0.009445508010685444,0.025633933022618294,0.027318429201841354,0.07076535373926163,0-2deg,0.04-0.08,0.0,0.0,0.0,0.0
123,27,True,True,0.07851215451955795,0.06859051436185837,0.07026562839746475,0.25846174359321594,3.0799999237060547,1.1126118898391724,0.2249850034713745,0.009321213699877262,-0.054556116461753845,0.25846174359321594,0.07026562839746475,-0.019997794181108475,0.0659441202878952,0.6528456807136536,0.36004388332366943,0.2526383101940155,0.2486114352941513,>=0.15,False,True,False,True,True,False,False,False,True,0.05605607479810715,-0.24164462089538574,0.18570104241371155,0.11896013468503952,0.21571381390094757,0.09999999403953552,0.07026562839746475,-0.020030073821544647,0.020030073821544647,0.01763792894780636,-0.07923564314842224,0.08117104321718216,0.03949067369103432,0.10092698782682419,0.00048828125,-0.04231375455856323,0.2549745738506317,0.00215713819488883,0.014696107245981693,-0.07795955240726471,0.07933006435632706,0.04067455977201462,4-6deg,0.00-0.04,0.0,0.0006905339541845024,0.0,0.0
124,31,True,False,0.1510956585407257,0.1510956585407257,0.0,0.0,2.299999952316284,1.5518516302108765,0.40662166476249695,-0.25980815291404724,-0.36549708247184753,0.6084198951721191,0.14840061962604523,-0.01634383387863636,0.10073613375425339,0.9850343465805054,0.4748404026031494,0.4864017367362976,0.18387550115585327,>=0.15,True,True,False,True,False,False,False,True,True,0.14840061962604523,-0.3645666837692261,0.48709946870803833,0.045823849737644196,0.045823849737644196,0.0,0.14840061962604523,-0.01634383387863636,0.01634383387863636,-0.00023184804012998939,0.0037560786586254835,0.0037664202973246574,0.034159377217292786,0.07162554562091827,0.07162554562091827,-0.3645666837692261,0.48709946870803833,0.0004582385008689016,-0.00023184804012998939,0.0037560786586254835,0.0037664202973246574,0.034159377217292786,0-2deg,0.00-0.04,0.0,0.0,0.0,0.0
125,40,True,True,0.05870969220995903,0.05568144842982292,0.04714434593915939,0.21935927867889404,2.9800000190734863,1.195878028869629,0.25698378682136536,-0.02587459236383438,-0.17396998405456543,0.21935927867889404,0.04714434593915939,-0.019999779760837555,0.1490515023469925,0.9598606824874878,0.3953613042831421,0.13361488282680511,0.13455498218536377,0.10-0.15,False,True,False,True,True,False,False,False,True,0.04371965676546097,-0.22752022743225098,0.19877377152442932,0.22966811060905457,0.22966811060905457,0.11999999731779099,0.04714434593915939,-0.020130828022956848,0.020130828022956848,-0.0068925959058105946,0.020970983430743217,0.02207324653863907,0.025614330545067787,0.004326186142861843,0.00048828125,-0.17549999058246613,0.1315988004207611,0.002296681050211191,-0.004879333544522524,0.02249283343553543,0.02301715686917305,0.02485738880932331,0-2deg,0.00-0.04,0.0,0.0,0.0,0.0
126,3,True,True,0.06541454792022705,0.04586254432797432,0.055292677134275436,0.1881326586008072,3.299999952316284,1.3793768882751465,0.2693384885787964,-0.048418398946523666,0.017196953296661377,0.1881326586008072,0.055292677134275436,-0.02000562474131584,-0.06775055825710297,0.9073044657707214,0.26439568400382996,0.18734502792358398,0.19998523592948914,>=0.15,False,True,False,True,True,False,False,False,True,0.0269321221858263,-0.06547445058822632,0.05111038684844971,0.02443462423980236,0.13032594323158264,0.2800000011920929,0.055292677134275436,-0.02000562474131584,0.02000562474131584,-0.03921331837773323,-0.008682133629918098,0.040162164717912674,0.06012218818068504,0.049958061426877975,0.0005980199784971774,0.01591418869793415,0.1874583661556244,0.0013032593997195363,-0.022900806739926338,-0.009041507728397846,0.024621330201625824,0.0649707168340683,2-4deg,0.04-0.08,0.0,0.0,0.0,0.0
127,21,True,True,0.05783263221383095,0.05783263221383095,0.0457400381565094,0.21253255009651184,1.8399999141693115,1.0025008916854858,0.2780509889125824,0.007234139833599329,-0.06967096775770187,0.21253255009651184,0.0457400381565094,-0.019751768559217453,0.07935085892677307,0.45180177688598633,0.240620419383049,0.20078854262828827,0.20642517507076263,>=0.15,False,True,False,True,True,False,False,False,True,0.05828570947051048,-0.16552160680294037,0.3736656606197357,0.026074230670928955,0.0935148373246193,0.09999999403953552,0.0457400381565094,-0.019980276003479958,0.019980276003479958,-0.010309295728802681,-0.022325240075588226,0.024589836597442627,0.053863879293203354,0.08553525805473328,0.004967532120645046,-0.07433807849884033,0.19910785555839539,0.0009351483313366771,-0.011055687442421913,-0.026534657925367355,0.028745373710989952,0.052988775074481964,0-2deg,0.04-0.08,0.0,0.0,0.0,0.0
128,10,True,True,0.10925424098968506,0.10251198709011078,0.10352727025747299,0.1686103194952011,2.0,1.42807137966156,0.37642955780029297,-0.013342362828552723,-0.12003390491008759,0.1686103194952011,0.10352727025747299,-0.019916808232665062,0.10918145626783371,0.6943038105964661,0.3434946835041046,0.11841156333684921,0.10501868277788162,0.10-0.15,False,True,False,True,True,False,False,False,True,0.09836461395025253,0.017366239801049232,0.17933236062526703,0.026336507871747017,0.05545549839735031,0.07999999821186066,0.10352727025747299,-0.019916808232665062,0.019916808232665062,0.05732177570462227,-0.02057400345802307,0.06089790537953377,0.04330425336956978,0.02241358906030655,0.0016558425268158317,-0.11339404433965683,0.12478472292423248,0.0005545549793168902,0.055811721831560135,-0.022692641243338585,0.06024409830570221,0.04342397302389145,2-4deg,0.04-0.08,0.0,0.0,0.0,0.0
129,14,True,True,0.059832774102687836,0.058097198605537415,0.048256926238536835,0.3100188374519348,2.1599998474121094,1.5467398166656494,0.4588358402252197,-0.025752292945981026,-0.21862445771694183,0.3100188374519348,0.048256926238536835,-0.0197866503149271,0.1918480396270752,0.5687585473060608,0.3361048102378845,0.21980679035186768,0.1931355744600296,>=0.15,False,True,False,True,True,False,False,False,True,0.04639047384262085,-0.20327329635620117,0.25697892904281616,0.21843011677265167,0.21843011677265167,0.05999999865889549,0.048256926238536835,-0.020041603595018387,0.020041603595018387,0.02568027563393116,0.040859296917915344,0.048255667090415955,0.01082601584494114,0.00048828125,0.00417187949642539,-0.21813900768756866,0.22028857469558716,0.0021843011491000652,0.02532006800174713,0.04058536887168884,0.04783244803547859,0.011806139722466469,2-4deg,0.00-0.04,0.0,0.0,0.0,0.0
130,55,True,True,0.09992318600416183,0.09819331020116806,0.09396154433488846,0.04212406650185585,2.2200000286102295,1.5783634185791016,0.4049742817878723,-0.017695775255560875,-0.008214835077524185,0.04212406650185585,0.09396154433488846,-0.0185776986181736,-0.004024256486445665,1.0546351671218872,0.44847697019577026,0.04131529480218887,0.052345432341098785,0.05-0.10,False,True,False,True,True,False,False,False,True,0.09572239220142365,-0.42013099789619446,0.3916049003601074,0.2009848654270172,0.2009848654270172,0.09999999403953552,0.09396154433488846,-0.01949242129921913,0.01949242129921913,0.00029379993793554604,0.008330338634550571,0.008336630649864674,0.06119151785969734,0.10092698782682419,0.02832336351275444,-0.007861243560910225,0.041384030133485794,0.0020098485983908176,0.005033702123910189,0.007099753245711327,0.008700480684638023,0.06120193749666214,0-2deg,0.04-0.08,0.0,0.0,0.0,0.0
131,52,True,True,0.0530206635594368,0.0420442596077919,0.039792388677597046,0.14702890813350677,1.4399999380111694,1.110308051109314,0.45358774065971375,0.014639293774962425,0.1420566439628601,0.14702890813350677,0.039792388677597046,-0.020079195499420166,-0.12702931463718414,0.4113130271434784,0.17171768844127655,0.03791320323944092,0.049776360392570496,0.00-0.05,False,True,False,True,True,False,False,False,True,0.03634028881788254,-0.24022690951824188,0.4169701635837555,0.09833965450525284,0.6699204444885254,0.4599999785423279,0.039792388677597046,-0.020152421668171883,0.020152421668171883,-0.019876716658473015,0.05596842244267464,0.0593896321952343,0.037834785878658295,0.0710846334695816,0.003257243661209941,0.14417888224124908,0.02880890481173992,0.006699204444885254,-0.033294063061475754,0.060500938445329666,0.06904725730419159,0.027067137882113457,2-4deg,0.00-0.04,0.0,0.0,0.0,0.0
132,30,True,True,0.11645201593637466,0.11059240251779556,0.11098073422908783,0.17266659438610077,1.9399999380111694,1.4434858560562134,0.41508811712265015,-0.01150498352944851,-0.11297607421875,0.17266659438610077,0.11098073422908783,-0.019805077463388443,0.10070682317018509,0.8200189471244812,0.42518728971481323,0.1305762529373169,0.1246008351445198,0.10-0.15,False,True,False,True,True,False,False,False,True,0.10605812817811966,-0.34713587164878845,0.4474336802959442,0.08982384204864502,0.08982384204864502,0.1599999964237213,0.11098073422908783,-0.019805077463388443,0.019805077463388443,-0.04548520967364311,-0.0192714836448431,0.04939630627632141,0.013559434562921524,0.044853925704956055,0.003734635654836893,-0.11644825339317322,0.12748943269252777,0.0008982383878901601,-0.04698432609438896,-0.01880795508623123,0.05060674995183945,0.009006179869174957,2-4deg,0.00-0.04,0.0,0.0,0.0,0.0
133,12,True,True,0.10554993897676468,0.09745611250400543,0.09957250207662582,0.0821971744298935,2.4600000381469727,1.2749115228652954,0.2915836572647095,0.0039140512235462666,-0.006780525669455528,0.0821971744298935,0.09957250207662582,-0.0199987031519413,0.01203066948801279,1.2611680030822754,0.4762018024921417,0.08191703259944916,0.09128811210393906,0.05-0.10,False,True,False,True,True,False,False,False,True,0.09525123983621597,-0.0219902154058218,0.13036222755908966,0.02833421714603901,0.06895704567432404,0.09999999403953552,0.09957250207662582,-0.020005805417895317,0.020005805417895317,-0.0022813330870121717,-0.03902977705001831,0.03909701853990555,0.02271638624370098,0.002560569206252694,0.0,-0.009587361477315426,0.08163613080978394,0.0006895704427734017,-0.001095740357413888,-0.037554219365119934,0.03756973147392273,0.024610575288534164,2-4deg,0.00-0.04,0.0,0.0,0.0,0.0
134,58,True,True,0.07988039404153824,0.07932963222265244,0.07168228179216385,0.10824476182460785,3.5999999046325684,1.3361098766326904,0.31451523303985596,-0.016390733420848846,-0.0939241349697113,0.10824476182460785,0.07168228179216385,-0.01989142782986164,0.0776977390050888,1.1599165201187134,0.39190536737442017,0.05380692705512047,0.07349994778633118,0.05-0.10,False,True,False,True,True,False,False,False,True,0.07086020708084106,-0.0409260019659996,0.0747075155377388,0.10807764530181885,0.10807764530181885,0.05999999865889549,0.07168228179216385,-0.01998545601963997,0.01998545601963997,0.06211453303694725,-0.017511596903204918,0.06453271955251694,0.006322560831904411,0.007627215702086687,0.002210787730291486,-0.09467896819114685,0.05246734246611595,0.0010807764483615756,0.062204860150814056,-0.017726639285683632,0.06467858701944351,0.005384104326367378,2-4deg,0.00-0.04,0.0,0.0,0.0,0.0
135,48,True,True,0.08663304150104523,0.08145590871572495,0.07924427837133408,0.1796870082616806,3.1599998474121094,1.4785822629928589,0.28369736671447754,-0.019650639966130257,-0.09098711609840393,0.1796870082616806,0.07924427837133408,-0.0199953131377697,0.07083939015865326,0.5280947685241699,0.27147895097732544,0.15494762361049652,0.14924666285514832,0.10-0.15,False,True,False,True,True,False,False,False,True,0.10290337353944778,-0.10495097190141678,0.2793041169643402,0.07434231787919998,0.16829688847064972,1.3600000143051147,0.07924427837133408,-0.020007682964205742,0.020007682964205742,0.024188224226236343,0.010531177744269371,0.026381513103842735,0.04319583252072334,0.06723517924547195,0.0003452669770922512,-0.095054991543293,0.15248598158359528,0.0016829688102006912,0.049918703734874725,0.026790020987391472,0.05664819851517677,0.01034451648592949,0-2deg,0.04-0.08,0.0,0.0,0.0,0.0
136,7,True,True,0.057800132781267166,0.057800132781267166,0.046021968126297,0.08423522114753723,3.059999942779541,1.2899901866912842,0.27526482939720154,0.007196794264018536,-0.07884376496076584,0.08423522114753723,0.046021968126297,-0.020006811246275902,0.08502296358346939,0.7149356603622437,0.33307796716690063,0.02965187281370163,0.04025963693857193,0.00-0.05,False,True,False,True,True,False,False,False,True,0.046336520463228226,-0.07380911707878113,0.015355749987065792,0.03450668975710869,0.2616487443447113,0.05999999865889549,0.046021968126297,-0.020006811246275902,0.020006811246275902,-0.03724958747625351,0.005885549820959568,0.03771070018410683,0.027935827150940895,0.0,0.00048828125,-0.07986795902252197,0.026770928874611855,0.002616487443447113,-0.0366317555308342,0.004946006927639246,0.036963414400815964,0.028285667300224304,2-4deg,0.00-0.04,0.0,0.0,0.0,0.0
137,41,True,True,0.11635860055685043,0.11304566264152527,0.11092407256364822,0.12157082557678223,1.9799998998641968,1.6010241508483887,0.4933963716030121,-0.01695133000612259,-0.03243374079465866,0.12157082557678223,0.11092407256364822,-0.019515248015522957,0.011447962373495102,0.4953252375125885,0.3225640654563904,0.1171644926071167,0.11390648782253265,0.10-0.15,False,True,False,True,True,False,False,False,True,0.10743825882673264,-0.27064454555511475,0.34741881489753723,0.23424126207828522,0.23424126207828522,0.07999999821186066,0.11092407256364822,-0.019866053014993668,0.019866053014993668,-0.012845278717577457,-0.06182379648089409,0.06314244121313095,0.04211832582950592,0.00322043732739985,0.009741218760609627,-0.039657656103372574,0.11492057144641876,0.002342412481084466,-0.014345338568091393,-0.06377113610506058,0.06536293774843216,0.03981880843639374,2-4deg,0.04-0.08,0.0,0.0,0.0,0.0
138,46,True,True,0.03781847283244133,0.037554096430540085,0.014331942424178123,0.1815674751996994,3.2799999713897705,1.1650835275650024,0.28766393661499023,0.02554519847035408,0.09810464829206467,0.1815674751996994,0.014331942424178123,-0.02000623382627964,-0.07267098873853683,0.6436944603919983,0.2846744656562805,0.1527816206216812,0.14351928234100342,0.10-0.15,False,True,False,True,True,False,False,False,True,0.018744701519608498,-0.04414892569184303,0.08819492906332016,0.0434514544904232,0.5516538023948669,0.14000000059604645,0.014331942424178123,-0.020074788480997086,0.020074788480997086,-0.04111555218696594,0.06587918847799301,0.07764086127281189,0.020067354664206505,0.07800273597240448,0.0003452669770922512,0.09501947462558746,0.1547192484140396,0.005516537930816412,-0.03968486189842224,0.06769432872533798,0.07845349609851837,0.018656712025403976,4-6deg,0.00-0.04,0.0,0.0,0.0,0.0
139,32,True,True,0.06720847636461258,0.06720847636461258,0.05737057700753212,0.20421069860458374,1.9399999380111694,1.3180551528930664,0.3743568956851959,-0.036676324903964996,-0.18982982635498047,0.20421069860458374,0.05737057700753212,-0.019988443702459335,0.15378019213676453,0.9659186601638794,0.45111343264579773,0.07527713477611542,0.06965988874435425,0.05-0.10,False,True,False,True,True,False,False,False,True,0.05905637890100479,-0.14675317704677582,0.09693073481321335,0.032479118555784225,0.1193629652261734,0.05999999865889549,0.05737057700753212,-0.019988443702459335,0.019988443702459335,-0.04941486194729805,-0.008531322702765465,0.05014510452747345,0.04450637847185135,0.00859710481017828,0.0003452669770922512,-0.18779948353767395,0.08020822703838348,0.001193629577755928,-0.04897667095065117,-0.010259614326059818,0.05003915727138519,0.04464515671133995,2-4deg,0.04-0.08,0.0,0.0,0.0,0.0
140,38,True,True,0.03736132010817528,0.035661134868860245,0.013039674609899521,0.19912755489349365,3.559999942779541,1.1746748685836792,0.2472987174987793,0.006369700189679861,0.011521012522280216,0.19912755489349365,0.013039674609899521,-0.019989382475614548,-0.005890640430152416,0.6140638589859009,0.2360650897026062,0.19879397749900818,0.19569383561611176,>=0.15,False,True,False,True,True,False,False,False,True,0.004643439315259457,-0.07008415460586548,0.016366584226489067,0.03712260723114014,0.19600431621074677,0.09999999403953552,0.013039674609899521,-0.020036721602082253,0.020036721602082253,-0.0718490406870842,-0.019900038838386536,0.0745493620634079,0.025700509548187256,0.02771488018333912,0.0,0.021483182907104492,0.19796527922153473,0.0019600430969148874,-0.06981620192527771,-0.02045540325343609,0.07274618744850159,0.026982959359884262,4-6deg,0.00-0.04,0.0,0.0,0.0,0.0
141,9,True,False,0.16614538431167603,0.16614538431167603,0.0,0.0,2.0799999237060547,1.3782826662063599,0.38938289880752563,0.016961954534053802,-0.12913885712623596,0.38674336671829224,0.16243906319141388,-0.02003650739789009,0.1451820582151413,1.0212733745574951,0.5903280973434448,0.36454570293426514,0.20250630378723145,>=0.15,True,True,False,True,False,False,False,True,True,0.16243906319141388,-0.13994227349758148,0.36053651571273804,0.2424180656671524,0.2424180656671524,0.0,0.16243906319141388,-0.02003650739789009,0.02003650739789009,0.024387210607528687,-0.04883358255028725,0.0545797124505043,0.0522843562066555,0.0,0.0,-0.13994227349758148,0.36053651571273804,0.002424180507659912,0.024387210607528687,-0.04883358255028725,0.0545797124505043,0.0522843562066555,2-4deg,0.04-0.08,0.0,0.0,0.0,0.0
142,1,True,False,0.13371263444423676,0.13327473402023315,0.0,0.0,2.1399998664855957,1.4175212383270264,0.3597128689289093,0.07992126792669296,-0.05882994085550308,0.3121096193790436,0.12890630960464478,-0.019010504707694054,0.13790535926818848,0.9240911602973938,0.4568521976470947,0.30651500821113586,0.15249024331569672,>=0.15,True,True,False,True,False,False,False,True,True,0.12890630960464478,-0.04592394828796387,0.3087124824523926,0.028440194204449654,0.028440194204449654,0.0,0.12890630960464478,-0.019403403624892235,0.019403403624892235,-0.00024373170163016766,0.041971612721681595,0.04197255149483681,0.025466518476605415,0.01564803160727024,0.01564803160727024,-0.04592394828796387,0.3087124824523926,0.0002844019327312708,-0.00024373170163016766,0.041971612721681595,0.04197255149483681,0.025466518476605415,2-4deg,0.00-0.04,0.0,0.0,0.0,0.0
143,43,True,True,0.06968280673027039,0.06265708804130554,0.060262590646743774,0.2049844115972519,2.1399998664855957,1.3550065755844116,0.3528273105621338,0.008921399712562561,-0.09869364649057388,0.2049844115972519,0.060262590646743774,-0.01999736577272415,0.10847336798906326,0.9414921998977661,0.3704051375389099,0.17966127395629883,0.1738394796848297,>=0.15,False,True,False,True,True,False,False,False,True,0.054774653166532516,-0.11428263038396835,0.18794363737106323,0.33860471844673157,0.33860471844673157,0.05999999865889549,0.060262590646743774,-0.020106587558984756,0.020106587558984756,0.058486320078372955,-0.07637783885002136,0.09616399556398392,0.03620664030313492,0.0007720404537394643,0.0008457279182039201,-0.09059079736471176,0.18388018012046814,0.003386047203093767,0.059595413506031036,-0.07543723285198212,0.0961025133728981,0.0365179218351841,4-6deg,0.00-0.04,0.0,0.0,0.0,0.0
144,6,False,False,0.23410123586654663,0.19691357016563416,0.0,0.0,1.1799999475479126,1.6768929958343506,0.6463744044303894,0.15576282143592834,0.15750175714492798,0.5660906434059143,0.2169215828180313,0.0009629726409912109,0.09625592827796936,2.0302631855010986,1.0555634498596191,0.5437387228012085,0.19064967334270477,>=0.15,True,True,False,True,False,False,False,True,True,0.2169215828180313,0.14945590496063232,0.5460050702095032,0.11779140681028366,0.11779140681028366,0.0,0.2169215828180313,0.00024698302149772644,0.0,-0.009501558728516102,0.011319023557007313,0.014778206124901772,0.03170916438102722,0.3460237681865692,0.3460237681865692,0.14945590496063232,0.5460050702095032,0.001177914091385901,-0.009501558728516102,0.011319023557007313,0.014778206124901772,0.03170916438102722,0-2deg,0.00-0.04,0.0,0.0,0.0,0.0
145,5,True,True,0.09697236865758896,0.07579059153795242,0.09049618989229202,0.16005495190620422,3.8399999141693115,1.2219990491867065,0.24784795939922333,-0.00022767535119783133,0.042882487177848816,0.16005495190620422,0.09049618989229202,-0.02002795599400997,-0.03823317959904671,1.087014079093933,0.3511916399002075,0.1542033702135086,0.13518086075782776,0.10-0.15,False,True,False,True,True,False,False,False,True,0.08767316490411758,-0.04554515331983566,0.08230538666248322,0.07983321696519852,0.33307892084121704,0.07999999821186066,0.09049618989229202,-0.02006538398563862,0.02006538398563862,0.0561848059296608,0.015704719349741936,0.058335911482572556,0.05322818458080292,0.01442303042858839,0.0015822122804820538,0.03476502746343613,0.15623372793197632,0.003330789040774107,0.05344799533486366,0.013900025747716427,0.05522383376955986,0.05602272227406502,2-4deg,0.04-0.08,0.0,0.0,0.0,0.0
146,62,True,True,0.04299083724617958,0.04299083724617958,0.02501068077981472,0.14710301160812378,3.8999998569488525,1.339162826538086,0.18899299204349518,0.0003649400023277849,-0.032230108976364136,0.14710301160812378,0.02501068077981472,-0.020021826028823853,0.0333758145570755,1.1487051248550415,0.3406471312046051,0.1435287892818451,0.15960997343063354,>=0.15,False,True,False,True,True,False,False,False,True,0.03805482015013695,-0.2255578190088272,0.3307320773601532,0.03591901808977127,0.225987046957016,0.09999999403953552,0.02501068077981472,-0.020181285217404366,0.020181285217404366,0.03085530363023281,0.04900973290205002,0.05790700763463974,0.060308389365673065,0.0699220672249794,0.0003452669770922512,-0.03476329520344734,0.1429363638162613,0.0022598705254495144,0.02756788395345211,0.045371174812316895,0.05308534577488899,0.06225431710481644,2-4deg,0.04-0.08,0.0,0.0,0.0,0.0
147,4,True,False,0.2942104935646057,0.11458522826433182,0.0,0.0,5.359999656677246,1.5571086406707764,0.2340906858444214,0.061430610716342926,-0.038828909397125244,0.21686744689941406,0.29270267486572266,-0.018909091129899025,0.10047661513090134,1.851399302482605,0.47037869691848755,0.21336308121681213,0.1837935447692871,>=0.15,True,True,False,True,False,False,False,True,True,0.11502982676029205,-0.1051773726940155,0.1363743543624878,0.03465179353952408,0.17497119307518005,0.0,0.29270267486572266,-0.02001447044312954,0.02001447044312954,-0.010179338976740837,-0.06274297833442688,0.06356234103441238,0.03979456052184105,0.005599297117441893,0.021154865622520447,-0.050125204026699066,0.2109951674938202,0.0017497119260951877,0.02990891970694065,-0.04860435053706169,0.057063568383455276,0.04032391309738159,2-4deg,0.00-0.04,0.0,0.0,0.0,0.0
148,63,True,True,0.08927076309919357,0.08037640899419785,0.08216086775064468,0.24327631294727325,4.420000076293945,1.4407503604888916,0.2275589257478714,-0.006460196804255247,-0.12679976224899292,0.24327631294727325,0.08216086775064468,-0.019826598465442657,0.11655984818935394,0.8859043717384338,0.38801366090774536,0.2076178789138794,0.2186843901872635,>=0.15,False,True,False,True,True,False,False,False,True,0.0799098089337349,-0.12173016369342804,0.2459428459405899,0.06972621381282806,0.0703359842300415,0.05999999865889549,0.08216086775064468,-0.01999753899872303,0.01999753899872303,0.00017468823352828622,-0.03538849577307701,0.03538960963487625,0.049555253237485886,0.0,0.0034004871267825365,-0.13244466483592987,0.20406316220760345,0.0007033598376438022,0.00048313880688510835,-0.0373285710811615,0.03733094409108162,0.04865914583206177,2-4deg,0.04-0.08,0.0,0.0,0.0,0.0
149,51,True,True,0.10361356288194656,0.0988873615860939,0.09750541299581528,0.15248213708400726,2.4800000190734863,1.369704246520996,0.36436727643013,-0.016836248338222504,-0.12752439081668854,0.15248213708400726,0.09750541299581528,-0.019898727536201477,0.10869327187538147,1.0573195219039917,0.4952586591243744,0.08359625190496445,0.0760011151432991,0.05-0.10,False,True,False,True,True,False,False,False,True,0.09261628240346909,-0.08353422582149506,0.1170055940747261,0.7838531136512756,0.7838531136512756,0.11999999731779099,0.09750541299581528,-0.02011144906282425,0.02011144906282425,0.04381655156612396,-0.00579924788326025,0.044197771698236465,0.029605407267808914,0.0026067092549055815,0.0014648438664153218,-0.12992461025714874,0.07981477677822113,0.007838531397283077,0.043722815811634064,-0.008737004362046719,0.04458727315068245,0.029166003689169884,2-4deg,0.00-0.04,0.0,0.0,0.0,0.0
150,33,True,True,0.04158024862408638,0.03651927039027214,0.02243209443986416,0.2163989245891571,2.759999990463257,1.320610523223877,0.26704075932502747,0.008241046220064163,-0.04404488205909729,0.2163989245891571,0.02243209443986416,-0.019993625581264496,0.0516914501786232,0.36669379472732544,0.2030446082353592,0.21186916530132294,0.20714090764522552,>=0.15,False,True,False,True,True,False,False,False,True,0.01017356850206852,-0.18160374462604523,0.02138892561197281,0.03454957529902458,0.20531557500362396,0.07999999821186066,0.02243209443986416,-0.019993625581264496,0.019993625581264496,0.013695165514945984,0.030865054577589035,0.03376546874642372,0.032308001071214676,0.002042627427726984,0.0003452669770922512,-0.03733684495091438,0.21315357089042664,0.0020531557966023684,0.011743957176804543,0.030816562473773956,0.03297765552997589,0.0327480211853981,0-2deg,0.00-0.04,0.0,0.0,0.0,0.0
151,53,True,True,0.050099533051252365,0.050099533051252365,0.03584308922290802,0.06380937248468399,3.1599998474121094,1.2509918212890625,0.27312806248664856,0.006219816394150257,-0.03279637545347214,0.06380937248468399,0.03584308922290802,-0.01999538391828537,0.03931588679552078,0.75092613697052,0.2954285144805908,0.05473603308200836,0.05182946100831032,0.05-0.10,False,True,False,True,True,False,False,False,True,0.036899395287036896,-0.12719374895095825,0.08002084493637085,0.06730963289737701,0.379543662071228,0.07999999821186066,0.03584308922290802,-0.020055904984474182,0.020055904984474182,0.01850513182580471,-0.05361444875597954,0.05671553313732147,0.04401553049683571,0.04045502841472626,0.0,-0.030046558007597923,0.056292448192834854,0.0037954365834593773,0.01635388843715191,-0.05512561276555061,0.05749772489070892,0.04361606761813164,2-4deg,0.04-0.08,0.0,0.0,0.0,0.0
152,56,True,True,0.0676443874835968,0.06724727898836136,0.057761140167713165,0.09558427333831787,3.619999885559082,1.5667273998260498,0.3699163794517517,-0.014627949334681034,-0.06777109205722809,0.09558427333831787,0.057761140167713165,-0.01991717703640461,0.053993936628103256,2.1549506187438965,0.6391093134880066,0.06740498542785645,0.14541101455688477,0.10-0.15,False,True,False,True,True,False,False,False,True,0.058137670159339905,-0.13119445741176605,0.04496264085173607,0.0405370369553566,0.05392099916934967,0.09999999403953552,0.057761140167713165,-0.019998755306005478,0.019998755306005478,0.03289210423827171,0.05527447909116745,0.06431236863136292,0.017957238480448723,0.048537809401750565,0.0021836606319993734,-0.06601125001907349,0.06912935525178909,0.0005392099847085774,0.03261984512209892,0.05370015278458595,0.06282331049442291,0.021987993270158768,2-4deg,0.00-0.04,0.0,0.0,0.0,0.0
153,24,True,True,0.039741966873407364,0.039741966873407364,0.018809450790286064,0.2109513133764267,3.43999981880188,1.3232917785644531,0.2846544086933136,0.006381805054843426,0.0012544733472168446,0.2109513133764267,0.018809450790286064,-0.019991043955087662,0.005100531503558159,1.4242477416992188,0.3452465236186981,0.21094758808612823,0.2071065604686737,>=0.15,False,True,False,True,True,False,False,False,True,0.02227240614593029,-0.14962708950042725,0.18585586547851562,0.09991808980703354,0.5441598892211914,0.07999999821186066,0.018809450790286064,-0.020162176340818405,0.020162176340818405,-0.026222944259643555,-0.06689824908971786,0.07184675335884094,0.019600553438067436,0.04722524806857109,0.0,-0.009197414852678776,0.21075071394443512,0.00544159859418869,-0.025131313130259514,-0.06731896102428436,0.07185006886720657,0.019441012293100357,4-6deg,0.00-0.04,0.0,0.0,0.0,0.0
154,61,True,True,0.04484906047582626,0.04095757007598877,0.028035596013069153,0.26255425810813904,4.079999923706055,1.1125478744506836,0.2694365978240967,0.004896958824247122,-0.05837634578347206,0.26255425810813904,0.028035596013069153,-0.020005017518997192,0.06370044499635696,1.0098166465759277,0.3148055672645569,0.25598227977752686,0.2510356903076172,>=0.15,False,True,False,True,True,False,False,False,True,0.021510113030672073,-0.07184624671936035,0.14551067352294922,0.35927388072013855,0.35927388072013855,0.05999999865889549,0.028035596013069153,-0.02010876126587391,0.02010876126587391,-0.012418240308761597,-0.029119430109858513,0.031656865030527115,0.046856336295604706,0.0018593198619782925,0.00048828125,-0.05032005533576012,0.2576870620250702,0.003592738648876548,-0.012605340220034122,-0.03097021020948887,0.03343723714351654,0.04614732414484024,0-2deg,0.04-0.08,0.0,0.0,0.0,0.0
155,19,True,True,0.09359193593263626,0.08820420503616333,0.08680736273527145,0.16401556134223938,2.2200000286102295,1.1739189624786377,0.2746509909629822,0.00847935862839222,-0.02185186743736267,0.16401556134223938,0.08680736273527145,-0.019995225593447685,0.027959244325757027,0.6404021978378296,0.29877322912216187,0.16255338490009308,0.1560005098581314,>=0.15,False,True,False,True,True,False,False,False,True,0.08097993582487106,-0.10497446358203888,0.06699705123901367,0.020107241347432137,0.16938215494155884,0.07999999821186066,0.08680736273527145,-0.020003361627459526,0.020003361627459526,0.001901336363516748,0.008873499929904938,0.009076022543013096,0.05569140240550041,0.003068801248446107,0.0003452669770922512,-0.022454751655459404,0.162471204996109,0.0016938215121626854,-0.001440970809198916,0.008824922144412994,0.008943711407482624,0.055705152451992035,0-2deg,0.04-0.08,0.0,0.0,0.0,0.0
156,18,True,True,0.1048322394490242,0.0970861166715622,0.09875340759754181,0.180540531873703,2.379999876022339,1.518632173538208,0.42457666993141174,-0.020939171314239502,-0.153482586145401,0.180540531873703,0.09875340759754181,-0.01987280882894993,0.1328834444284439,1.0864148139953613,0.5048098564147949,0.09506828337907791,0.07891649752855301,0.05-0.10,False,True,False,True,True,False,False,False,True,0.09440690279006958,-0.4100387394428253,0.45409467816352844,0.02686406672000885,0.05944574624300003,0.23999999463558197,0.09875340759754181,-0.01995454728603363,0.01995454728603363,0.002762133488431573,-0.001103872200474143,0.002970099914819002,0.006361049599945545,0.09394970536231995,0.002441406948491931,-0.15356433391571045,0.09493617713451385,0.0005944574368186295,0.0019870689138770103,9.73332644207403e-05,0.0019834081176668406,0.006615143269300461,0-2deg,0.00-0.04,0.0,0.0,0.0,0.0
157,26,True,False,0.156827911734581,0.156827911734581,0.0,0.0,2.0799999237060547,1.5569725036621094,0.4488133192062378,-0.3900153934955597,-0.5123863220214844,0.6398802399635315,0.1552312970161438,-0.0119598638266325,0.09850906580686569,1.079569697380066,0.4815641939640045,0.38328441977500916,0.22505071759223938,>=0.15,True,True,False,True,False,False,False,True,True,0.1552312970161438,-0.5137331485748291,0.38147732615470886,0.15730826556682587,0.15730826556682587,0.0,0.1552312970161438,-0.0119598638266325,0.0119598638266325,0.032812733203172684,0.025467313826084137,0.0415327325463295,0.06810163706541061,0.12617847323417664,0.12617847323417664,-0.5137331485748291,0.38147732615470886,0.00157308264169842,0.032812733203172684,0.025467313826084137,0.0415327325463295,0.06810163706541061,2-4deg,0.04-0.08,0.0,0.0,0.0,0.0
158,54,True,True,0.038797713816165924,0.038797713816165924,0.016834450885653496,0.20276199281215668,2.4600000381469727,1.304105281829834,0.31776049733161926,-0.013387557119131088,-0.1623363196849823,0.20276199281215668,0.016834450885653496,-0.020036393776535988,0.14936204254627228,0.9110885262489319,0.4370654821395874,0.1214880496263504,0.12346643209457397,0.10-0.15,False,True,False,True,True,False,False,False,True,0.021660475060343742,-0.36748021841049194,0.33001771569252014,0.08420109003782272,0.40639728307724,0.07999999821186066,0.016834450885653496,-0.020036393776535988,0.020036393776535988,0.02071470208466053,0.030696067959070206,0.037029482424259186,0.03943146765232086,0.06640858203172684,0.0005980199784971774,-0.16675347089767456,0.1153503805398941,0.0040639727376401424,0.023061692714691162,0.03063630312681198,0.038344088941812515,0.03882310166954994,2-4deg,0.00-0.04,0.0,0.0,0.0,0.0
159,17,True,True,0.053142186254262924,0.053142186254262924,0.03977734223008156,0.053951092064380646,1.899999976158142,1.1548995971679688,0.27105388045310974,-0.0027882170397788286,-0.03944279998540878,0.053951092064380646,0.03977734223008156,-0.01984696462750435,0.0373370461165905,0.7857801914215088,0.370229572057724,0.03681012988090515,0.09952195733785629,0.05-0.10,False,True,False,True,True,False,False,False,True,0.0427958108484745,-0.19465702772140503,0.2208968847990036,0.06275653094053268,0.19913332164287567,0.07999999821186066,0.03977734223008156,-0.01997075416147709,0.01997075416147709,0.007179590407758951,-0.0010885390220209956,0.0072588385082781315,0.027754956856369972,0.030439548194408417,0.002316121943295002,-0.039640575647354126,0.03659706190228462,0.001991333207115531,0.007575450465083122,-0.0027035092934966087,0.008045556955039501,0.027662133798003197,0-2deg,0.00-0.04,0.0,0.0,0.0,0.0
160,29,True,True,0.0737331211566925,0.05379634350538254,0.06491301953792572,0.20690061151981354,5.960000038146973,1.1342498064041138,0.15467125177383423,-0.070146344602108,0.02195087820291519,0.20690061151981354,0.06491301953792572,-0.019732536748051643,-0.09006533026695251,0.9293099045753479,0.26983770728111267,0.20573289692401886,0.22586974501609802,>=0.15,False,True,False,True,True,False,False,False,True,0.06157167628407478,0.010129845701158047,0.07337205111980438,0.21996018290519714,0.45007002353668213,0.05999999865889549,0.06491301953792572,-0.020095203071832657,0.020095203071832657,-0.016739679500460625,-0.005902429111301899,0.01775044947862625,0.051694605499506,0.0005980199784971774,0.0066413553431630135,0.01879904419183731,0.20604482293128967,0.004500700160861015,-0.014818108640611172,-0.005114752799272537,0.01567467302083969,0.05213256925344467,0-2deg,0.04-0.08,0.0,0.0,0.0,0.0
161,40,True,True,0.07748600840568542,0.07156835496425629,0.06912495940923691,0.2728710174560547,1.6399999856948853,1.1188206672668457,0.3875189423561096,-0.03130738437175751,-0.15971818566322327,0.2728710174560547,0.06912495940923691,-0.01998896151781082,0.12962810695171356,0.3844759166240692,0.1819421499967575,0.2212434858083725,0.24916549026966095,>=0.15,False,True,False,True,True,False,False,False,True,0.06226585432887077,-0.19162693619728088,0.1346704363822937,0.026647472754120827,0.09850448369979858,0.11999999731779099,0.06912495940923691,-0.01998896151781082,0.01998896151781082,-0.01593945361673832,0.03567483276128769,0.039072614163160324,0.006109724752604961,0.010808618739247322,0.0,-0.15737879276275635,0.22291366755962372,0.000985044869594276,-0.015278028324246407,0.0355367474257946,0.03868001699447632,0.0074996789917349815,2-4deg,0.00-0.04,0.0,0.0,0.0,0.0
162,35,True,True,0.0968608632683754,0.0968608632683754,0.09000740200281143,0.22894439101219177,1.899999976158142,1.178866982460022,0.3903048038482666,0.0032421022187918425,-0.06833045929670334,0.22894439101219177,0.09000740200281143,-0.019687416031956673,0.07418116182088852,0.7430386543273926,0.41392478346824646,0.21850967407226562,0.18964938819408417,>=0.15,False,True,False,True,True,False,False,False,True,0.10115228593349457,-0.14439454674720764,0.45149216055870056,0.030803803354501724,0.04167301580309868,0.11999999731779099,0.09000740200281143,-0.01985745318233967,0.01985745318233967,-0.01856735534965992,0.02112777717411518,0.028126945719122887,0.038937751203775406,0.06888896971940994,0.0062530613504350185,-0.06607130914926529,0.21920335292816162,0.0004167301522102207,-0.01466362178325653,0.020679282024502754,0.02534901164472103,0.039644755423069,0-2deg,0.00-0.04,0.0,0.0,0.0,0.0
163,49,True,True,0.08263914287090302,0.08263914287090302,0.07475525140762329,0.18984957039356232,2.0999999046325684,1.3572890758514404,0.35557860136032104,-0.023305263370275497,-0.1774982213973999,0.18984957039356232,0.07475525140762329,-0.019819557666778564,0.15143419802188873,0.9152977466583252,0.44672611355781555,0.06735905259847641,0.051660992205142975,0.05-0.10,False,True,False,True,True,False,False,False,True,0.07603254914283752,-0.14572684466838837,0.11260703206062317,0.05176626518368721,0.09629891812801361,0.05999999865889549,0.07475525140762329,-0.01997082307934761,0.01997082307934761,-0.025253085419535637,-0.0322493314743042,0.04095740616321564,0.042743295431137085,0.00048828125,0.003504079068079591,-0.177867129445076,0.06637883931398392,0.0009629891719669104,-0.026727676391601562,-0.03307954594492912,0.042524341493844986,0.04186699539422989,2-4deg,0.04-0.08,0.0,0.0,0.0,0.0
164,5,True,True,0.07529201358556747,0.07489136606454849,0.06666100770235062,0.06323865056037903,1.0,1.0383394956588745,0.5795971155166626,0.004260906483978033,0.014956464990973473,0.06323865056037903,0.06666100770235062,-0.019996238872408867,-0.013441132381558418,0.47567179799079895,0.28571784496307373,0.06144453585147858,0.059112414717674255,0.05-0.10,False,True,False,True,True,False,False,False,True,0.06951073557138443,-0.42861083149909973,0.5192834138870239,0.2700432538986206,0.3520392179489136,0.07999999821186066,0.06666100770235062,-0.019996238872408867,0.019996238872408867,0.023905571550130844,-0.005109779536724091,0.024446390569210052,0.04710802808403969,0.06214942783117294,0.0003452669770922512,0.01481393352150917,0.061479054391384125,0.0035203921142965555,0.02670818753540516,-0.004898454993963242,0.02715427801012993,0.046568360179662704,0-2deg,0.04-0.08,0.0,0.0,0.0,0.0
165,25,True,True,0.06473086774349213,0.06070248410105705,0.05445355921983719,0.21413755416870117,3.0199999809265137,1.3663713932037354,0.35460931062698364,0.005398132838308811,0.010304819792509079,0.21413755416870117,0.05445355921983719,-0.019996123388409615,-0.004854890052229166,0.5951926112174988,0.2733955979347229,0.2138894647359848,0.21107254922389984,>=0.15,False,True,False,True,True,False,False,False,True,0.049688670784235,0.028648456558585167,0.0942574068903923,0.4410571753978729,0.4410571753978729,0.05999999865889549,0.05445355921983719,-0.020064830780029297,0.020064830780029297,-0.007654033601284027,0.004822193179279566,0.009043125435709953,0.011906973086297512,0.0013810680247843266,0.0,0.011118479073047638,0.21384871006011963,0.00441057188436389,-0.007597488816827536,0.00529418746009469,0.009258083067834377,0.011861264705657959,0-2deg,0.00-0.04,0.0,0.0,0.0,0.0
166,50,True,True,0.07691018283367157,0.05601330101490021,0.06841233372688293,0.16396823525428772,2.740000009536743,1.5958893299102783,0.3810775876045227,-0.04360049590468407,0.01429961621761322,0.16396823525428772,0.06841233372688293,-0.019928323104977608,-0.05302899330854416,1.8232499361038208,0.6702309846878052,0.16334351897239685,0.13793635368347168,0.10-0.15,False,True,False,True,True,False,False,False,True,0.05346779152750969,-0.04671222344040871,0.2460678368806839,0.06709350645542145,0.30987271666526794,0.11999999731779099,0.06841233372688293,-0.020075708627700806,0.020075708627700806,0.08527214080095291,0.07712221890687943,0.11491210758686066,0.01193301286548376,0.04812202602624893,0.001035800902172923,0.005455143749713898,0.1638774573802948,0.0030987272039055824,0.085448257625103,0.07814077287912369,0.11572591215372086,0.00887345615774393,>=6deg,0.00-0.04,0.0,0.0,0.0,0.0
167,42,True,True,0.07289038598537445,0.06934724003076553,0.06388860940933228,0.22990909218788147,2.700000047683716,1.4106217622756958,0.3070387542247772,-0.03522934392094612,-0.17309825122356415,0.22990909218788147,0.06388860940933228,-0.019957920536398888,0.13746953010559082,1.2264055013656616,0.5429129600524902,0.15131154656410217,0.15578795969486237,>=0.15,False,True,False,True,True,False,False,False,True,0.06114375218749046,-0.1759994477033615,0.12363847345113754,0.05787871032953262,0.06450965255498886,0.05999999865889549,0.06388860940933228,-0.019957920536398888,0.019957920536398888,0.07255306839942932,0.001040231785736978,0.07256060838699341,0.03112725168466568,0.0027186358347535133,0.0008457279182039201,-0.18366636335849762,0.13829265534877777,0.0006450965302065015,0.07298934459686279,-0.00011044248822145164,0.0729893371462822,0.03042886033654213,4-6deg,0.00-0.04,0.0,0.0,0.0,0.0
168,45,True,True,0.03642289713025093,0.035075534135103226,0.01003649178892374,0.22938351333141327,4.279999732971191,1.2621526718139648,0.2505897879600525,0.009098867885768414,0.021730033680796623,0.22938351333141327,0.01003649178892374,-0.01998862437903881,-0.01361895352602005,1.3364406824111938,0.3884986340999603,0.2283519208431244,0.2233390212059021,>=0.15,False,True,False,True,True,False,False,False,True,0.007974130101501942,-0.12747123837471008,0.14625854790210724,0.08446299284696579,0.26294779777526855,0.11999999731779099,0.01003649178892374,-0.02001355215907097,0.02001355215907097,0.027929075062274933,0.06017070263624191,0.0663294866681099,0.04549767076969147,0.06770198792219162,0.0,0.03579757362604141,0.22657300531864166,0.002629477996379137,0.029569676145911217,0.055803295224905014,0.06314621865749359,0.04780137166380882,2-4deg,0.04-0.08,0.0,0.0,0.0,0.0
169,2,True,True,0.04565870389342308,0.04565870389342308,0.029337624087929726,0.08063548058271408,2.3999998569488525,1.2227448225021362,0.3840909004211426,-0.0029368072282522917,-0.0785694569349289,0.08063548058271408,0.029337624087929726,-0.020001079887151718,0.07511957734823227,0.8350809216499329,0.3487893342971802,0.018136201426386833,0.019532978534698486,0.00-0.05,False,True,False,True,True,False,False,False,True,0.03059219755232334,-0.23676292598247528,0.26822125911712646,0.15277791023254395,0.18841369450092316,0.07999999821186066,0.029337624087929726,-0.020001079887151718,0.020001079887151718,0.038333192467689514,-0.021434972062706947,0.04391627758741379,0.055311910808086395,0.013074729591608047,0.00048828125,-0.0782211422920227,0.01958402991294861,0.001884136931039393,0.034964125603437424,-0.02130294032394886,0.04093993455171585,0.05705530196428299,2-4deg,0.04-0.08,0.0,0.0,0.0,0.0
170,36,True,True,0.059237487614154816,0.05166318267583847,0.04779414087533951,0.13387660682201385,2.3399999141693115,1.358223557472229,0.3980746567249298,0.0024195993319153786,0.007739420048892498,0.13387660682201385,0.04779414087533951,-0.019999919459223747,-0.0035596294328570366,0.7508307695388794,0.3793531358242035,0.1336527019739151,0.1446302831172943,0.10-0.15,False,True,False,True,True,False,False,False,True,0.036452822387218475,-0.056548263877630234,0.2081533670425415,0.030148882418870926,0.16780680418014526,0.1599999964237213,0.04779414087533951,-0.020057957619428635,0.020057957619428635,-0.010848208330571651,0.03032493032515049,0.03220575302839279,0.05722765997052193,0.06804562360048294,0.0,0.0050866915844380856,0.13377992808818817,0.001678067957982421,-0.011754132807254791,0.0381053164601326,0.039876118302345276,0.05457792058587074,0-2deg,0.04-0.08,0.0,0.0,0.0,0.0
171,60,True,True,0.07695786654949188,0.07460121065378189,0.06836529821157455,0.17708532512187958,2.2200000286102295,1.1338005065917969,0.30845993757247925,0.0005066958256065845,-0.07132990658283234,0.17708532512187958,0.06836529821157455,-0.019750792533159256,0.0728059709072113,0.6185513138771057,0.3683754801750183,0.16208408772945404,0.022796066477894783,0.00-0.05,False,True,False,True,True,False,False,False,True,0.06586417555809021,-0.05388585850596428,0.32690849900245667,0.31083348393440247,0.31083348393440247,0.07999999821186066,0.06836529821157455,-0.019976820796728134,0.019976820796728134,-0.024737482890486717,0.004729355685412884,0.02518622949719429,0.01539811585098505,0.00048828125,0.004943476058542728,-0.06774699687957764,0.16361404955387115,0.0031083347275853157,-0.024160876870155334,0.005472350399941206,0.024773389101028442,0.015961967408657074,0-2deg,0.00-0.04,0.0,0.0,0.0,0.0
172,20,True,True,0.05923616141080856,0.05821440741419792,0.04778149724006653,0.19303174316883087,3.759999990463257,1.597779631614685,0.2746732532978058,-0.0819551944732666,0.01500062644481659,0.19303174316883087,0.04778149724006653,-0.019344238564372063,-0.09806165844202042,0.5690792798995972,0.24726125597953796,0.19244800508022308,0.20406338572502136,>=0.15,False,True,False,True,True,False,False,False,True,0.051175616681575775,-0.0787283182144165,0.08830995857715607,0.07942060381174088,0.11331003159284592,0.2199999988079071,0.04778149724006653,-0.019344238564372063,0.019344238564372063,-0.01850159652531147,-0.0016218415694311261,0.01857100985944271,0.017779618501663208,0.06190037354826927,0.014029175974428654,0.011578448116779327,0.19268417358398438,0.001133100246079266,-0.018163125962018967,-0.005140126682817936,0.018876628950238228,0.017535122111439705,0-2deg,0.00-0.04,0.0,0.0,0.0,0.0
173,38,True,True,0.07224699854850769,0.07224699854850769,0.06319791823625565,0.2254776954650879,1.6799999475479126,1.4012399911880493,0.4815129339694977,-0.009885868988931179,-0.14026975631713867,0.2254776954650879,0.06319791823625565,-0.01984591782093048,0.130390465259552,0.4815879762172699,0.272699773311615,0.17653493583202362,0.11389631778001785,0.10-0.15,False,True,False,True,True,False,False,False,True,0.06407085061073303,-0.12037169933319092,0.24066925048828125,0.30087801814079285,0.30087801814079285,0.05999999865889549,0.06319791823625565,-0.020047247409820557,0.020047247409820557,0.016198430210351944,0.0029377052560448647,0.01646113023161888,0.009252303279936314,0.00048828125,0.0028887116350233555,-0.13985887169837952,0.17686064541339874,0.0030087800696492195,0.016225576400756836,0.0025681040715426207,0.01642850786447525,0.009281257167458534,0-2deg,0.00-0.04,0.0,0.0,0.0,0.0
174,15,True,True,0.035990238189697266,0.035990238189697266,0.008351815864443779,0.17126022279262543,4.400000095367432,1.5550036430358887,0.27069219946861267,0.0039514522068202496,-0.008439850993454456,0.17126022279262543,0.008351815864443779,-0.01999245584011078,0.01203533262014389,1.876416802406311,0.43981310725212097,0.17105212807655334,0.1713750660419464,>=0.15,False,True,False,True,True,False,False,False,True,0.017811905592679977,-0.12993980944156647,0.0306170005351305,0.06670644879341125,0.403629869222641,0.09999999403953552,0.008351815864443779,-0.020043376833200455,0.020043376833200455,-0.04646580293774605,-0.07092645019292831,0.08477066457271576,0.006533892825245857,0.060565974563360214,0.0,0.005947011057287455,0.17115692794322968,0.0040362984873354435,-0.04624968767166138,-0.07028117775917053,0.0841127261519432,0.01049303263425827,4-6deg,0.00-0.04,0.0,0.0009765625,0.0,0.0
175,59,True,False,0.28552690148353577,0.1181592345237732,0.0,0.0,2.440000057220459,1.6387027502059937,0.36067068576812744,0.04396549612283707,-0.11619094759225845,0.24477440118789673,0.2838079333305359,-0.0190504789352417,0.15513493120670319,1.142574667930603,0.3786914646625519,0.21543948352336884,0.19768531620502472,>=0.15,True,True,False,True,False,False,False,True,True,0.11368453502655029,-0.48125967383384705,0.41174107789993286,0.6237674951553345,0.6237674951553345,0.0,0.2838079333305359,-0.0200180821120739,0.0200180821120739,-0.08707132935523987,0.03309906646609306,0.09313546121120453,0.007672113832086325,0.05689820274710655,0.01891133189201355,-0.11227063089609146,0.2175081968307495,0.006237674970179796,-0.06813963502645493,0.029805626720190048,0.07436426728963852,0.04486067220568657,4-6deg,0.00-0.04,0.0,0.0,0.0,0.0
176,11,True,True,0.06715070456266403,0.060660652816295624,0.057318314909935,0.1986042559146881,2.859999895095825,1.3476921319961548,0.35827773809432983,-0.0016785092884674668,-0.08374139666557312,0.1986042559146881,0.057318314909935,-0.020011572167277336,0.08365021646022797,1.4632569551467896,0.6003991961479187,0.1800861656665802,0.17605336010456085,>=0.15,False,True,False,True,True,False,False,False,True,0.047604892402887344,-0.22777265310287476,0.20463085174560547,0.023905275389552116,0.21356678009033203,0.07999999821186066,0.057318314909935,-0.020011572167277336,0.020011572167277336,-0.0019461909541860223,0.058763958513736725,0.058796193450689316,0.03478941693902016,0.03632894158363342,0.0008457279182039201,-0.09358818829059601,0.17517107725143433,0.0021356677170842886,-0.002321346662938595,0.05666511133313179,0.05671238154172897,0.03627239167690277,2-4deg,0.00-0.04,0.0,0.0,0.0,0.0
177,63,False,False,0.1344050168991089,0.1344050168991089,0.0,0.0,1.2200000286102295,2.7663838863372803,0.7890467047691345,-0.04629363864660263,-0.44968152046203613,0.9421855211257935,0.1306179314851761,0.05833495780825615,0.07377462834119797,2.0202600955963135,1.0128811597824097,0.8279493451118469,0.1675136834383011,>=0.15,True,True,False,True,False,True,False,True,True,0.1306179314851761,-0.41755110025405884,0.8446092009544373,8.169029235839844,8.169029235839844,0.0,0.1306179314851761,0.05833495780825615,0.0,0.05091855302453041,-0.01994127407670021,0.05468123406171799,0.014931109733879566,1.186090111732483,1.186090111732483,-0.41755110025405884,0.8446092009544373,0.08169028908014297,0.05091855302453041,-0.01994127407670021,0.05468123406171799,0.014931109733879566,2-4deg,0.00-0.04,0.0,0.0,0.0,0.0
178,21,True,True,0.058792758733034134,0.05420805513858795,0.04723214730620384,0.08026298880577087,2.359999895095825,1.3282675743103027,0.3583865463733673,0.006991528905928135,0.036182284355163574,0.08026298880577087,0.04723214730620384,-0.01999066025018692,-0.030633464455604553,0.8055123686790466,0.41672709584236145,0.07164488732814789,0.07376861572265625,0.05-0.10,False,True,False,True,True,False,False,False,True,0.041300442069768906,-0.06818465143442154,0.23689387738704681,0.03695773705840111,0.4482339024543762,0.11999999731779099,0.04723214730620384,-0.020060522481799126,0.020060522481799126,0.0164480023086071,-0.006995113100856543,0.01787426695227623,0.03643270209431648,0.057664476335048676,0.0,0.03538745641708374,0.07204078882932663,0.004482339136302471,0.020056428387761116,-0.007086065132170916,0.021270079538226128,0.035736169666051865,0-2deg,0.00-0.04,0.0,0.0,0.0,0.0
179,14,True,True,0.04777097702026367,0.044223539531230927,0.03249412029981613,0.17394980788230896,2.4800000190734863,1.0854250192642212,0.2976389229297638,-0.00024991491227410734,-0.0833604484796524,0.17394980788230896,0.03249412029981613,-0.020004648715257645,0.08403297513723373,1.1480271816253662,0.49826228618621826,0.15267471969127655,0.15343257784843445,>=0.15,False,True,False,True,True,False,False,False,True,0.024628520011901855,-0.28081339597702026,0.18846094608306885,0.08122838288545609,0.2444748878479004,0.07999999821186066,0.03249412029981613,-0.02001987025141716,0.02001987025141716,-0.001626608776859939,0.03532993793487549,0.035367701202631,0.03898027539253235,0.03502384573221207,0.0006905339541845024,-0.08827013522386551,0.14988969266414642,0.002444748766720295,-0.0016565462574362755,0.0329509936273098,0.03299211338162422,0.04030876234173775,2-4deg,0.00-0.04,0.0,0.0,0.0,0.0
180,47,True,True,0.0736757144331932,0.0736757144331932,0.06480465084314346,0.21947166323661804,2.740000009536743,1.39949369430542,0.326888769865036,-0.029487477615475655,-0.2133667767047882,0.21947166323661804,0.06480465084314346,-0.019909240305423737,0.1820189505815506,0.7346507906913757,0.3901149034500122,0.05140452831983566,0.0330328606069088,0.00-0.05,False,True,False,True,True,False,False,False,True,0.06574980914592743,-0.1738574504852295,0.12822496891021729,0.685157299041748,0.685157299041748,0.05999999865889549,0.06480465084314346,-0.020191937685012817,0.020191937685012817,-0.017281819134950638,0.014658883213996887,0.02266220562160015,0.051394280046224594,0.004645096138119698,0.0017940601101145148,-0.21272891759872437,0.05398343876004219,0.006851573009043932,-0.01594138890504837,0.013090075924992561,0.02062699757516384,0.051772814244031906,0-2deg,0.04-0.08,0.0,0.0,0.0,0.0
181,12,True,True,0.08600109070539474,0.074646957218647,0.07855194807052612,0.18991927802562714,2.3399999141693115,1.1586918830871582,0.295167475938797,0.0083881551399827,-0.037775151431560516,0.18991927802562714,0.07855194807052612,-0.019992681220173836,0.04626452177762985,0.5390782952308655,0.31948181986808777,0.18612460792064667,0.18155018985271454,>=0.15,False,True,False,True,True,False,False,False,True,0.07443762570619583,-0.043693434447050095,0.15773020684719086,0.03631431236863136,0.22925534844398499,0.05999999865889549,0.07855194807052612,-0.019992681220173836,0.019992681220173836,-0.028485601767897606,-0.011750263161957264,0.030813273042440414,0.009747627191245556,0.0005980199784971774,0.0,-0.03683427348732948,0.18631309270858765,0.0022925534285604954,-0.028809648007154465,-0.011552407406270504,0.031038807705044746,0.00924438051879406,0-2deg,0.00-0.04,0.0,0.0,0.0,0.0
182,16,True,True,0.04974108189344406,0.04974108189344406,0.03536558523774147,0.10404054075479507,3.2200000286102295,1.2400996685028076,0.27497532963752747,-0.0013801041059195995,-0.044381383806467056,0.10404054075479507,0.03536558523774147,-0.020011544227600098,0.043941888958215714,0.6915733218193054,0.29334327578544617,0.09409955888986588,0.17629708349704742,>=0.15,False,True,False,True,True,False,False,False,True,0.036736126989126205,-0.12715306878089905,0.035482700914144516,0.056359659880399704,0.07597994804382324,0.07999999821186066,0.03536558523774147,-0.02002166397869587,0.02002166397869587,-0.025416161864995956,-0.04351254925131798,0.05038710683584213,0.027098849415779114,0.0325610488653183,0.0003452669770922512,-0.04126659780740738,0.09550655633211136,0.000759799440857023,-0.02579626813530922,-0.04190467670559883,0.04920399188995361,0.027970757335424423,2-4deg,0.00-0.04,0.0,0.0,0.0,0.0
183,42,True,True,0.06629230082035065,0.06629230082035065,0.05622565373778343,0.15179543197155,0.8199999928474426,1.538935661315918,0.7317736744880676,-0.013891912065446377,-0.11421951651573181,0.15179543197155,0.05622565373778343,-0.019928283989429474,0.10070296376943588,0.5769753456115723,0.21035638451576233,0.09997875988483429,0.04830164834856987,0.00-0.05,False,True,False,True,True,False,False,False,True,0.06055787578225136,-0.11209661513566971,0.2483891248703003,0.908001184463501,0.908001184463501,0.05999999865889549,0.05622565373778343,-0.020252183079719543,0.020252183079719543,0.035095665603876114,0.0066628786735236645,0.03572160005569458,0.0038212307263165712,0.004011642653495073,0.0015049839857965708,-0.111075259745121,0.10346078872680664,0.009080011397600174,0.03493042662739754,0.006612176075577736,0.03555096313357353,0.0048210835084319115,2-4deg,0.00-0.04,0.0,0.0,0.0,0.0
184,27,True,True,0.057282477617263794,0.057282477617263794,0.04484494775533676,0.2009061872959137,2.799999952316284,1.446231484413147,0.3641824424266815,-0.08202476054430008,0.0010473206639289856,0.2009061872959137,0.04484494775533676,-0.018932079896330833,-0.08323763310909271,0.9320895075798035,0.46256551146507263,0.20090346038341522,0.1585036963224411,>=0.15,False,True,False,True,True,False,False,False,True,0.054954078048467636,-0.07137534767389297,0.2315002828836441,0.04644656926393509,0.09675541520118713,0.17999999225139618,0.04484494775533676,-0.018932079896330833,0.018932079896330833,0.03266280144453049,0.008662612177431583,0.03379194065928459,0.03444523736834526,0.08519060164690018,0.01863829232752323,-0.00563657283782959,0.20082710683345795,0.000967554107774049,0.03770707547664642,0.0074280016124248505,0.038431063294410706,0.030386129394173622,0-2deg,0.00-0.04,0.0,0.0,0.0,0.0
185,9,True,False,0.1387353241443634,0.1387353241443634,0.0,0.0,2.1399998664855957,1.6492422819137573,0.45708465576171875,-0.37067896127700806,-0.45932698249816895,0.5197800397872925,0.13625101745128632,-0.012565459124743938,0.08118501305580139,1.1609441041946411,0.5831776261329651,0.2432900369167328,0.14932630956172943,0.10-0.15,True,True,False,True,False,False,False,True,True,0.13625101745128632,-0.45868921279907227,0.2444903701543808,0.2600383162498474,0.2600383162498474,0.0,0.13625101745128632,-0.012565459124743938,0.012565459124743938,-0.03760095685720444,0.0740191861987114,0.08300650119781494,0.013215873390436172,0.14663320779800415,0.14663320779800415,-0.45868921279907227,0.2444903701543808,0.002600383013486862,-0.03760095685720444,0.0740191861987114,0.08300650119781494,0.013215873390436172,4-6deg,0.00-0.04,0.0,0.0,0.0,0.0
186,58,True,True,0.05807856470346451,0.05613673850893974,0.046341437846422195,0.13135744631290436,2.5399999618530273,1.3207805156707764,0.2915630638599396,0.007939692586660385,-0.03248831257224083,0.13135744631290436,0.046341437846422195,-0.019994040951132774,0.04008827358484268,0.47776561975479126,0.2380102127790451,0.12727642059326172,0.12182564288377762,0.10-0.15,False,True,False,True,True,False,False,False,True,0.04594025760889053,-0.158303901553154,0.12369273602962494,0.05004669353365898,0.2345997542142868,0.09999999403953552,0.046341437846422195,-0.020002486184239388,0.020002486184239388,0.010408739559352398,-0.013677036389708519,0.017187435179948807,0.034223947674036026,0.014435424469411373,0.0003452669770922512,-0.03432276099920273,0.12679404020309448,0.0023459973745048046,0.007863853126764297,-0.012592995539307594,0.014846616424620152,0.03490930050611496,0-2deg,0.00-0.04,0.0,0.0,0.0,0.0
187,22,True,True,0.06612854450941086,0.060933031141757965,0.05604906007647514,0.27009183168411255,3.4600000381469727,1.4229919910430908,0.20079416036605835,-0.021182680502533913,-0.1273043304681778,0.27009183168411255,0.05604906007647514,-0.01996968314051628,0.10834942013025284,0.7537752985954285,0.18465203046798706,0.2382083237171173,0.2649975121021271,>=0.15,False,True,False,True,True,False,False,False,True,0.050000857561826706,-0.08655934780836105,0.21951772272586823,0.6327021718025208,0.6327021718025208,0.05999999865889549,0.05604906007647514,-0.020150987431406975,0.020150987431406975,0.012161821126937866,-0.013133630156517029,0.017900925129652023,0.04905908927321434,0.0018911053193733096,0.001091830083169043,-0.12549200654029846,0.23916804790496826,0.006327021401375532,0.013837320730090141,-0.012121079489588737,0.01839362643659115,0.048817090690135956,0-2deg,0.04-0.08,0.0,0.0,0.0,0.0
188,8,True,True,0.03948923200368881,0.03948923200368881,0.018309613689780235,0.15431299805641174,3.559999942779541,1.0558282136917114,0.2229108065366745,0.002031061565503478,-0.044123321771621704,0.15431299805641174,0.018309613689780235,-0.020007088780403137,0.04683254659175873,0.7299075722694397,0.2269565910100937,0.14787033200263977,0.14382536709308624,0.10-0.15,False,True,False,True,True,False,False,False,True,0.024526674300432205,-0.14870350062847137,0.08930911868810654,0.03286091983318329,0.14874017238616943,0.09999999403953552,0.018309613689780235,-0.020007088780403137,0.020007088780403137,-0.016313085332512856,0.05686173215508461,0.05915316939353943,0.04294635355472565,0.04687802121043205,0.0,-0.04682183265686035,0.14703816175460815,0.001487401663325727,-0.01828780211508274,0.059531792998313904,0.062274061143398285,0.0400620736181736,2-4deg,0.04-0.08,0.0,0.0,0.0,0.0
189,52,True,True,0.08013968169689178,0.07913591712713242,0.07211194187402725,0.15723779797554016,2.740000009536743,1.1976584196090698,0.2642560601234436,0.005379138048738241,0.037246476858854294,0.15723779797554016,0.07211194187402725,-0.020013535395264626,-0.031088488176465034,0.9346604943275452,0.35401448607444763,0.15276263654232025,0.23793041706085205,>=0.15,False,True,False,True,True,False,False,False,True,0.07765935361385345,-0.08845022320747375,0.1182994544506073,0.042519208043813705,0.21979649364948273,0.11999999731779099,0.07211194187402725,-0.020015478134155273,0.020015478134155273,-0.0197263453155756,-0.00016046120435930789,0.019725915044546127,0.013217359781265259,0.039452239871025085,0.0,0.03658796101808548,0.15292170643806458,0.0021979648154228926,-0.01848258636891842,0.0004372014955151826,0.018487367779016495,0.014370392076671124,0-2deg,0.00-0.04,0.0,0.0,0.0,0.0
190,0,True,True,0.084871806204319,0.05842629447579384,0.07729946076869965,0.25938183069229126,4.920000076293945,1.0795354843139648,0.182329922914505,-0.011630360037088394,0.09373587369918823,0.25938183069229126,0.07729946076869965,-0.020112648606300354,-0.10743559151887894,0.7954387068748474,0.28798070549964905,0.241852268576622,0.23493073880672455,>=0.15,False,True,False,True,True,False,False,False,True,0.0658039003610611,-0.02453775145113468,0.05685707554221153,0.102789506316185,0.6584017276763916,0.09999999403953552,0.07729946076869965,-0.020112648606300354,0.020112648606300354,-0.016439363360404968,0.007116508670151234,0.017914241179823875,0.024688279256224632,0.028828207403421402,0.002316121943295002,0.08897993713617325,0.2436421662569046,0.00658401707187295,-0.017690885812044144,0.008616754785180092,0.019677504897117615,0.024147167801856995,0-2deg,0.00-0.04,0.0,0.0,0.0,0.0
191,28,True,True,0.10309610515832901,0.07181669771671295,0.096986785531044,0.1427183598279953,3.859999895095825,1.1670407056808472,0.23684602975845337,-0.00557205593213439,0.012090731412172318,0.1427183598279953,0.096986785531044,-0.020017249509692192,-0.011827672831714153,1.0942591428756714,0.38422656059265137,0.14220529794692993,0.14424622058868408,0.10-0.15,False,True,False,True,True,False,False,False,True,0.08920850604772568,-0.014551029540598392,0.0149711137637496,0.045186642557382584,0.22324420511722565,0.1599999964237213,0.096986785531044,-0.02002168633043766,0.02002168633043766,0.013020704500377178,0.019669411703944206,0.02358761616051197,0.061681199818849564,0.027061916887760162,0.00048828125,0.009805279783904552,0.14238113164901733,0.0022324419114738703,0.019156673923134804,0.01356690563261509,0.02347361482679844,0.06188091263175011,0-2deg,0.04-0.08,0.0,0.0,0.0,0.0
192,57,True,True,0.04623909294605255,0.04433467239141464,0.030203647911548615,0.17903240025043488,5.539999961853027,1.2024288177490234,0.17668454349040985,0.010467722080647945,-0.043958693742752075,0.17903240025043488,0.030203647911548615,-0.019995857030153275,0.05584675818681717,0.9196973443031311,0.2988192141056061,0.17355181276798248,0.16390790045261383,>=0.15,False,True,False,True,True,False,False,False,True,0.027271857485175133,-0.14807908236980438,0.15428955852985382,0.09127017110586166,0.29451674222946167,0.07999999821186066,0.030203647911548615,-0.01999756693840027,0.01999756693840027,0.014033588580787182,-0.06045711413025856,0.06206299737095833,0.05669485405087471,0.027990974485874176,0.0003452669770922512,-0.04838002473115921,0.17237161099910736,0.0029451672453433275,0.017050692811608315,-0.061939310282468796,0.0642399787902832,0.05534050986170769,2-4deg,0.04-0.08,0.0,0.0,0.0,0.0
193,51,True,True,0.11388906836509705,0.10424825549125671,0.10839606076478958,0.2829533815383911,1.9799998998641968,1.3623157739639282,0.3538080155849457,-0.012584434822201729,-0.12840907275676727,0.2829533815383911,0.10839606076478958,-0.020006639882922173,0.11610890924930573,0.3900008499622345,0.2341970056295395,0.25213831663131714,0.25231170654296875,>=0.15,False,True,False,True,True,False,False,False,True,0.09819813072681427,-0.11241886764764786,0.10855777561664581,0.16035260260105133,0.2067495584487915,0.11999999731779099,0.10839606076478958,-0.020006639882922173,0.020006639882922173,0.029634295031428337,0.0008839803631417453,0.029647842049598694,0.0024189504329115152,0.0019834081176668406,0.0008457279182039201,-0.12361238151788712,0.25452426075935364,0.0020674956031143665,0.029293611645698547,0.0008907226147130132,0.029308093711733818,0.004392804112285376,0-2deg,0.00-0.04,0.0,0.0,0.0,0.0
194,34,True,True,0.06826847046613693,0.06826847046613693,0.05862129107117653,0.06194240599870682,4.639999866485596,1.250249981880188,0.1874253898859024,0.007083574775606394,-0.02795722708106041,0.06194240599870682,0.05862129107117653,-0.019994836300611496,0.034835416823625565,1.2679911851882935,0.39302754402160645,0.0552743636071682,0.051579736173152924,0.05-0.10,False,True,False,True,True,False,False,False,True,0.0604654960334301,-0.02257908135652542,0.07002903521060944,0.2013852894306183,0.2013852894306183,0.05999999865889549,0.05862129107117653,-0.019999418407678604,0.019999418407678604,-0.0015955130802467465,1.2762883670802694e-05,0.0015822122804820538,0.008905552327632904,0.0006905339541845024,0.0003452669770922512,-0.02802335098385811,0.05524086952209473,0.002013852819800377,-0.0013732336228713393,-0.00026586450985632837,0.0013810680247843266,0.008915050886571407,0-2deg,0.00-0.04,0.0,0.0,0.0,0.0
195,46,True,True,0.07466696947813034,0.05816543847322464,0.06595048308372498,0.2721293568611145,2.7200000286102295,1.1492283344268799,0.3172219693660736,0.0058390856720507145,0.034126028418540955,0.2721293568611145,0.06595048308372498,-0.019985627382993698,-0.029375161975622177,1.4075616598129272,0.5476500988006592,0.26998111605644226,0.26688796281814575,>=0.15,False,True,False,True,True,False,False,False,True,0.043740153312683105,-0.09916152060031891,0.23979540169239044,0.026656044647097588,0.23970161378383636,0.11999999731779099,0.06595048308372498,-0.020004019141197205,0.020004019141197205,0.05406755954027176,-0.006697159260511398,0.05448019877076149,0.029122142121195793,0.058700766414403915,0.0003452669770922512,0.0239873044192791,0.27107009291648865,0.002397016156464815,0.05673711374402046,-0.006946191191673279,0.05716067925095558,0.024463746696710587,2-4deg,0.00-0.04,0.0,0.0,0.0,0.0
196,26,True,True,0.08402945101261139,0.08402945101261139,0.07637312263250351,0.04957447573542595,1.9199999570846558,1.427726149559021,0.3610970973968506,-0.06409473717212677,0.002714894711971283,0.04957447573542595,0.07637312263250351,-0.019922491163015366,-0.06324820220470428,0.5469135046005249,0.3512761890888214,0.049500081688165665,0.20681726932525635,>=0.15,False,True,False,True,True,False,False,False,True,0.09398705512285233,-0.15827658772468567,0.2998763620853424,0.10806381702423096,0.45735040307044983,0.2800000011920929,0.07637312263250351,-0.020061466842889786,0.020061466842889786,-0.03751911595463753,0.03716074675321579,0.05280150845646858,0.07142463326454163,0.04739665612578392,0.0019531252328306437,0.003420008812099695,0.04945636913180351,0.004573503974825144,-0.019677013158798218,0.029476067051291466,0.035438429564237595,0.07746677845716476,2-4deg,0.04-0.08,0.0,0.0,0.0,0.0
197,49,True,True,0.05985986441373825,0.05104347690939903,0.04855981469154358,0.24045556783676147,1.5799999237060547,1.2986805438995361,0.386329710483551,0.01392802968621254,-0.06738320738077164,0.24045556783676147,0.04855981469154358,-0.01999584585428238,0.08284582942724228,0.395273894071579,0.2318611592054367,0.23082111775875092,0.22854283452033997,>=0.15,False,True,False,True,True,False,False,False,True,0.04161582514643669,-0.07446328550577164,0.2372085452079773,0.04092063009738922,0.2866063416004181,0.05999999865889549,0.04855981469154358,-0.02002505026757717,0.02002505026757717,0.04652656987309456,-0.012005583383142948,0.04804886877536774,0.06878316402435303,0.004721459001302719,0.0007720404537394643,-0.06370383501052856,0.23186355829238892,0.002866063266992569,0.04677237570285797,-0.009260592982172966,0.047680120915174484,0.06900869309902191,2-4deg,0.04-0.08,0.0,0.0,0.0,0.0
198,41,True,True,0.0519975908100605,0.05146205052733421,0.03832343965768814,0.06653148680925369,2.879999876022339,1.1272281408309937,0.28913286328315735,-0.004563924390822649,-0.03479919955134392,0.06653148680925369,0.03832343965768814,-0.019907400012016296,0.03159795701503754,0.973893940448761,0.4591529667377472,0.05670497193932533,0.08304502815008163,0.05-0.10,False,True,False,True,True,False,False,False,True,0.038782961666584015,-0.19928017258644104,0.2508399486541748,0.02782307006418705,0.06567850708961487,0.07999999821186066,0.03832343965768814,-0.019929593428969383,0.019929593428969383,-0.0257925633341074,0.02875930443406105,0.03862912207841873,0.03606907278299332,0.01510532759130001,0.0017940601101145148,-0.03524092212319374,0.05643151327967644,0.0006567850359715521,-0.025561681017279625,0.030882874503731728,0.040086377412080765,0.03512413799762726,2-4deg,0.00-0.04,0.0,0.0,0.0,0.0
199,62,True,True,0.09016212821006775,0.09016212821006775,0.08307783305644989,0.06618097424507141,2.5,1.407156229019165,0.2677472233772278,-0.007129843346774578,-0.054235756397247314,0.06618097424507141,0.08307783305644989,-0.019916433840990067,0.04502500966191292,1.4216264486312866,0.53484046459198,0.03792629763484001,0.057793840765953064,0.05-0.10,False,True,False,True,True,False,False,False,True,0.08528820425271988,-0.07401952147483826,0.2797822952270508,0.09843780845403671,0.09843780845403671,0.14000000059604645,0.08307783305644989,-0.019916433840990067,0.019916433840990067,0.014849009923636913,0.009850909002125263,0.017820829525589943,0.0358557403087616,0.0020716022700071335,0.0020716022700071335,-0.05370277911424637,0.03867729753255844,0.0009843780426308513,0.010507757775485516,0.010233520530164242,0.014668899588286877,0.036729007959365845,0-2deg,0.00-0.04,0.0,0.0,0.0,0.0
200,24,True,False,0.14421337842941284,0.14421337842941284,0.0,0.0,2.119999885559082,1.5495789051055908,0.4740740954875946,-0.42351481318473816,-0.533823549747467,0.5803771018981934,0.1412055790424347,-0.015980087220668793,0.11422063410282135,1.024165391921997,0.5446881055831909,0.22774988412857056,0.1793876737356186,>=0.15,True,True,False,True,False,False,False,True,True,0.1412055790424347,-0.5132889747619629,0.27087265253067017,0.16820116341114044,0.16820116341114044,0.0,0.1412055790424347,-0.015980087220668793,0.015980087220668793,0.05469636246562004,0.06870248168706894,0.0877898633480072,0.00901498831808567,0.07624588161706924,0.07624588161706924,-0.5132889747619629,0.27087265253067017,0.0016820116434246302,0.05469636246562004,0.06870248168706894,0.0877898633480072,0.00901498831808567,4-6deg,0.00-0.04,0.0,0.0,0.0,0.0
201,54,True,False,0.1543974131345749,0.1543974131345749,0.0,0.0,1.9399999380111694,1.743102788925171,0.48537662625312805,-0.5857936143875122,-0.6774328947067261,0.8073709607124329,0.15202179551124573,-0.01338006742298603,0.07562282681465149,0.5634725093841553,0.38328811526298523,0.43924087285995483,0.23999838531017303,>=0.15,True,True,False,True,False,False,False,True,True,0.15202179551124573,-0.6767256259918213,0.44032979011535645,0.10631648451089859,0.10631648451089859,0.0,0.15202179551124573,-0.01338006742298603,0.01338006742298603,-0.018273191526532173,0.006020647007972002,0.01923944428563118,0.060234054923057556,0.09715770184993744,0.09715770184993744,-0.6767256259918213,0.44032979011535645,0.0010631647892296314,-0.018273191526532173,0.006020647007972002,0.01923944428563118,0.060234054923057556,0-2deg,0.04-0.08,0.0,0.0,0.0,0.0
202,40,True,True,0.05783700942993164,0.055498167872428894,0.04581933096051216,0.060777682811021805,1.9199999570846558,1.5500295162200928,0.5467551350593567,-0.06128860265016556,0.028635140508413315,0.060777682811021805,0.04581933096051216,-0.01972699724137783,-0.08730471879243851,0.8046839237213135,0.3227066695690155,0.05360928550362587,0.021088991314172745,0.00-0.05,False,True,False,True,True,False,False,False,True,0.0455850288271904,-0.1930902749300003,0.33541804552078247,0.12881217896938324,0.4137335419654846,0.2199999988079071,0.04581933096051216,-0.020143045112490654,0.020143045112490654,-0.03279297798871994,-0.016749707981944084,0.03682120516896248,0.05411764234304428,0.0388844795525074,0.005404289811849594,0.026282479986548424,0.05480107665061951,0.00413733534514904,-0.03455256670713425,-0.027151163667440414,0.0439407080411911,0.05125163495540619,2-4deg,0.04-0.08,0.0,0.0,0.0,0.0
203,10,True,True,0.09144948422908783,0.07909854501485825,0.08446423709392548,0.2760133743286133,3.559999942779541,1.1725757122039795,0.25071635842323303,0.022608114406466484,0.050497718155384064,0.2760133743286133,0.08446423709392548,-0.019959425553679466,-0.028398651629686356,0.9231103658676147,0.28943684697151184,0.27135467529296875,0.2543313503265381,>=0.15,False,True,False,True,True,False,False,False,True,0.07444551587104797,-0.07638001441955566,0.07159457355737686,0.05069654434919357,0.6277984380722046,0.11999999731779099,0.08446423709392548,-0.02010340429842472,0.02010340429842472,-0.05490492284297943,0.027470044791698456,0.06138757988810539,0.03819550573825836,0.06288594007492065,0.0,0.052703868597745895,0.2709348201751709,0.006277984008193016,-0.05547916144132614,0.03115357644855976,0.06361955404281616,0.03638311102986336,2-4deg,0.00-0.04,0.0,0.0,0.0,0.0
204,39,True,True,0.04712821915745735,0.044748857617378235,0.03151124343276024,0.2102953940629959,4.139999866485596,1.195029854774475,0.2193186730146408,0.036273662000894547,0.10342293977737427,0.2102953940629959,0.03151124343276024,-0.01999250240623951,-0.06514611095190048,0.8065267205238342,0.2494613528251648,0.18310610949993134,0.17732228338718414,>=0.15,False,True,False,True,True,False,False,False,True,0.027980497106909752,0.08174725621938705,0.09127239137887955,0.47259998321533203,0.4794224202632904,0.05999999865889549,0.03151124343276024,-0.02008643187582493,0.02008643187582493,0.010879568755626678,-0.0014075052458792925,0.010972810909152031,0.0717042088508606,0.00048828125,0.0012918708380311728,0.1030774638056755,0.18330082297325134,0.004794224165380001,0.008749531581997871,-0.0033324568066745996,0.009360527619719505,0.0718364343047142,0-2deg,0.04-0.08,0.0,0.0,0.0,0.0
205,19,True,False,0.13698260486125946,0.13698260486125946,0.0,0.0,2.319999933242798,1.5721577405929565,0.37439295649528503,-0.3414557874202728,-0.20518077909946442,0.5001586675643921,0.1340620368719101,-0.009454285725951195,-0.14464792609214783,1.0773688554763794,0.5422978401184082,0.45613542199134827,0.23220059275627136,>=0.15,True,True,False,True,False,False,False,True,True,0.1340620368719101,-0.22669664025306702,0.4458332657814026,0.032864563167095184,0.032864563167095184,0.0,0.1340620368719101,-0.009454285725951195,0.009454285725951195,0.04224336892366409,-0.029020026326179504,0.05124606564640999,0.03724834322929382,0.14904047548770905,0.14904047548770905,-0.22669664025306702,0.4458332657814026,0.0003286456339992583,0.04224336892366409,-0.029020026326179504,0.05124606564640999,0.03724834322929382,2-4deg,0.00-0.04,0.0,0.0,0.0,0.0
206,3,True,True,0.04958010092377663,0.04958010092377663,0.03511723130941391,0.1323186755180359,3.7200000286102295,1.3120229244232178,0.20670786499977112,-0.018519442528486252,-0.0935574620962143,0.1323186755180359,0.03511723130941391,-0.019999288022518158,0.07631433755159378,0.6433393955230713,0.24309654533863068,0.09356940537691116,0.10094518214464188,0.10-0.15,False,True,False,True,True,False,False,False,True,0.0391983799636364,-0.08401521295309067,0.11195062100887299,0.05353841930627823,0.09471268951892853,0.05999999865889549,0.03511723130941391,-0.019999288022518158,0.019999288022518158,0.020204687491059303,-0.03215247020125389,0.03797223046422005,0.037208281457424164,0.00048828125,0.0003452669770922512,-0.09259076416492462,0.09452609717845917,0.0009471268858760595,0.02146209590137005,-0.03134649246931076,0.037987928837537766,0.0374724455177784,2-4deg,0.00-0.04,0.0,0.0,0.0,0.0
207,42,True,True,0.08511226624250412,0.0763314962387085,0.07753027230501175,0.2680300772190094,1.0199999809265137,1.4480804204940796,0.5932259559631348,-0.037340305745601654,-0.17812000215053558,0.2680300772190094,0.07753027230501175,-0.01993851363658905,0.14194311201572418,0.3374679982662201,0.21498936414718628,0.2002832591533661,0.19653576612472534,>=0.15,False,True,False,True,True,False,False,False,True,0.07190427929162979,-0.16466139256954193,0.19819411635398865,0.12012789398431778,0.16446352005004883,0.05999999865889549,0.07753027230501175,-0.020009255036711693,0.020009255036711693,-0.00996306911110878,0.0577150359749794,0.05856752395629883,0.01151899341493845,0.0,0.0012448779307305813,-0.17744073271751404,0.2008853256702423,0.0016446351073682308,-0.010253947228193283,0.057325731962919235,0.05823461711406708,0.012803612276911736,2-4deg,0.00-0.04,0.0,0.0,0.0,0.0
208,4,True,True,0.05366670712828636,0.048676155507564545,0.04067709296941757,0.2058449238538742,2.679999828338623,1.0786263942718506,0.29530617594718933,0.005855169612914324,-0.0036054099909961224,0.2058449238538742,0.04067709296941757,-0.019984543323516846,0.009614875540137291,1.0619953870773315,0.4026239216327667,0.20581334829330444,0.2009415328502655,>=0.15,False,True,False,True,True,False,False,False,True,0.032660048454999924,-0.20942100882530212,0.217554971575737,0.06915746629238129,0.32448041439056396,0.07999999821186066,0.04067709296941757,-0.019996652379631996,0.019996652379631996,0.0007736763218417764,0.006911050528287888,0.006956950761377811,0.0034851061645895243,0.03233138099312782,0.0,-0.004965255036950111,0.20578503608703613,0.003244803985580802,0.000703351222909987,0.006710618734359741,0.006748193874955177,0.0035946769639849663,0-2deg,0.00-0.04,0.0,0.0,0.0,0.0
209,18,True,True,0.09981722384691238,0.09442832320928574,0.09351290762424469,0.16019614040851593,2.3999998569488525,1.450448989868164,0.3041844964027405,-0.00447821244597435,-0.1317528784275055,0.16019614040851593,0.09351290762424469,-0.019733916968107224,0.1279280185699463,1.089325189590454,0.477765291929245,0.09112619608640671,0.07887598872184753,0.05-0.10,False,True,False,True,True,False,False,False,True,0.09123043715953827,-0.33963966369628906,0.3278958201408386,0.07972710579633713,0.07972710579633713,0.19999998807907104,0.09351290762424469,-0.019885007292032242,0.019885007292032242,0.0273293349891901,0.005900345742702484,0.027959009632468224,0.013599543832242489,0.11068857461214066,0.00454128161072731,-0.13060374557971954,0.09276564419269562,0.000797271030023694,0.028998691588640213,0.007487890310585499,0.029949920251965523,0.01196160726249218,0-2deg,0.00-0.04,0.0,0.0,0.0,0.0
210,48,True,True,0.04953394830226898,0.04487850144505501,0.035047922283411026,0.19810813665390015,3.3999998569488525,1.3202985525131226,0.2573360800743103,0.005899134557694197,-0.056303951889276505,0.19810813665390015,0.035047922283411026,-0.020006459206342697,0.06294608861207962,0.741000235080719,0.32892677187919617,0.18993867933750153,0.18825839459896088,>=0.15,False,True,False,True,True,False,False,False,True,0.03024759702384472,-0.040366947650909424,0.1865195482969284,0.22761863470077515,0.2734183669090271,0.05999999865889549,0.035047922283411026,-0.020006459206342697,0.020006459206342697,0.025852054357528687,0.04074030742049217,0.048247016966342926,0.023769300431013107,0.001035800902172923,0.0005980199784971774,-0.054308850318193436,0.19051872193813324,0.002734183566644788,0.025856392458081245,0.04167460650205612,0.04904012009501457,0.022945409640669823,2-4deg,0.00-0.04,0.0,0.0,0.0,0.0
211,30,True,True,0.039066463708877563,0.039066463708877563,0.017348621040582657,0.137568861246109,3.6399998664855957,1.2030770778656006,0.23940004408359528,0.0022446266375482082,0.003995807841420174,0.137568861246109,0.017348621040582657,-0.019997788593173027,-0.0015601027989760041,0.8876162767410278,0.26475903391838074,0.13751082122325897,0.13735947012901306,0.10-0.15,False,True,False,True,True,False,False,False,True,0.02327924594283104,-0.10849710553884506,0.009973227046430111,0.04639460891485214,0.17902667820453644,0.09999999403953552,0.017348621040582657,-0.02004776895046234,0.02004776895046234,0.03684330731630325,0.015157929621636868,0.039838723838329315,0.056420937180519104,0.040747251361608505,0.0,0.007728006690740585,0.1373516321182251,0.0017902667168527842,0.03243468701839447,0.013922831043601036,0.035295143723487854,0.05800527334213257,2-4deg,0.04-0.08,0.0,0.0,0.0,0.0
212,23,True,True,0.07032205164432526,0.05109691992402077,0.06097998842597008,0.20360201597213745,4.71999979019165,1.3769458532333374,0.16679951548576355,0.025565143674612045,0.083455890417099,0.20360201597213745,0.06097998842597008,-0.020000962540507317,-0.05563066527247429,0.808597207069397,0.27280193567276,0.18571186065673828,0.17725026607513428,>=0.15,False,True,False,True,True,False,False,False,True,0.03772144764661789,-0.016774117946624756,0.11058945208787918,0.03579854220151901,0.6300448179244995,0.2199999988079071,0.06097998842597008,-0.020000962540507317,0.020000962540507317,-0.0774650052189827,0.008965293876826763,0.07798131555318832,0.0282836202532053,0.13499587774276733,0.0006905339541845024,0.08178482204675674,0.18645380437374115,0.006300447974354029,-0.07667125016450882,0.0032356251031160355,0.0767396092414856,0.030521519482135773,4-6deg,0.00-0.04,0.0,0.0,0.0,0.0
213,33,True,True,0.11532722413539886,0.11532722413539886,0.11008568853139877,0.16050100326538086,2.740000009536743,1.5184522867202759,0.3158317804336548,0.036123327910900116,-0.09733566641807556,0.16050100326538086,0.11008568853139877,-0.01923208124935627,0.14026212692260742,1.1084516048431396,0.5408424139022827,0.1276179403066635,0.1993800401687622,>=0.15,False,True,False,True,True,False,False,False,True,0.11538860201835632,-0.25622493028640747,0.48492851853370667,0.025627532973885536,0.12888267636299133,0.09999999403953552,0.11008568853139877,-0.01967763714492321,0.01967763714492321,-0.0036023720167577267,0.01754111796617508,0.017907584086060524,0.07731115072965622,0.052159518003463745,0.012923411093652248,-0.09467317909002304,0.12960539758205414,0.0012888266937807202,0.001077741151675582,0.021553467959165573,0.021581677719950676,0.07675391435623169,0-2deg,0.04-0.08,0.0,0.0,0.0,0.0
214,60,True,True,0.054965659976005554,0.05405300483107567,0.042348530143499374,0.26419609785079956,1.8399999141693115,1.0278985500335693,0.3141138553619385,-0.03222806751728058,-0.18598079681396484,0.26419609785079956,0.042348530143499374,-0.01993035338819027,0.15343497693538666,0.4868980348110199,0.3052116334438324,0.18764516711235046,0.22813451290130615,>=0.15,False,True,False,True,True,False,False,False,True,0.04269568994641304,-0.08237288147211075,0.2114674597978592,0.10602959245443344,0.10602959245443344,0.09999999403953552,0.042348530143499374,-0.01993035338819027,0.01993035338819027,0.002018923871219158,0.009539508260786533,0.009753449819982052,0.015708107501268387,0.02605181187391281,0.0012448779307305813,-0.1848384141921997,0.18877056241035461,0.0010602958500385284,0.002138131530955434,0.010778204537928104,0.010989095084369183,0.0153960594907403,0-2deg,0.00-0.04,0.0,0.0,0.0,0.0
215,15,True,True,0.07366213947534561,0.07354413717985153,0.06482812762260437,0.06473468244075775,1.6999999284744263,1.1421234607696533,0.42570310831069946,-0.012953571043908596,-0.04519454389810562,0.06473468244075775,0.06482812762260437,-0.02000710368156433,0.03057132288813591,0.2591412663459778,0.12892135977745056,0.04634687304496765,0.12680114805698395,0.10-0.15,False,True,False,True,True,False,False,False,True,0.06947137415409088,-0.090865857899189,0.07745867967605591,0.02298007346689701,0.13231591880321503,0.11999999731779099,0.06482812762260437,-0.02000710368156433,0.02000710368156433,-0.042894091457128525,-0.051991261541843414,0.06738936901092529,0.02890697307884693,0.059459883719682693,0.0003452669770922512,-0.047825075685977936,0.0436272993683815,0.0013231592020019889,-0.04567757248878479,-0.05166972801089287,0.06895215809345245,0.027244333177804947,2-4deg,0.00-0.04,0.0,0.0,0.0,0.0
216,55,True,True,0.04899395629763603,0.047564104199409485,0.03426996245980263,0.14300724864006042,3.8999998569488525,1.2300297021865845,0.24896256625652313,0.0037698615342378616,0.01748707704246044,0.14300724864006042,0.03426996245980263,-0.019983520731329918,-0.013847492635250092,0.738093912601471,0.2604798972606659,0.14193405210971832,0.14304061233997345,0.10-0.15,False,True,False,True,True,False,False,False,True,0.03213920071721077,-0.07991249114274979,0.10707748681306839,0.09494712948799133,0.2220107614994049,0.07999999821186066,0.03426996245980263,-0.019986776635050774,0.019986776635050774,-0.014952975325286388,0.0034968808759003878,0.015355800278484821,0.03223465383052826,0.003734635654836893,0.0003452669770922512,0.015534039586782455,0.1421610713005066,0.002220107475295663,-0.0132271284237504,0.004389389418065548,0.013935388997197151,0.03252195939421654,0-2deg,0.00-0.04,0.0,0.0,0.0,0.0
217,31,True,True,0.06712405383586884,0.06712405383586884,0.05730649083852768,0.2672441601753235,4.059999942779541,1.3725624084472656,0.26296815276145935,-0.018892163410782814,-0.18373258411884308,0.2672441601753235,0.05730649083852768,-0.020016591995954514,0.16881585121154785,1.176340103149414,0.4223402142524719,0.19406643509864807,0.19295133650302887,>=0.15,False,True,False,True,True,False,False,False,True,0.06152751296758652,-0.23325292766094208,0.2340204417705536,0.0284318458288908,0.14205917716026306,0.09999999403953552,0.05730649083852768,-0.020016591995954514,0.020016591995954514,-0.0023512495681643486,0.019450515508651733,0.01959250308573246,0.07348663359880447,0.008863376453518867,0.0009765625,-0.18001101911067963,0.1975233405828476,0.0014205917250365019,0.0019245626172050834,0.023463470861315727,0.02354208193719387,0.07307709753513336,0-2deg,0.04-0.08,0.0,0.0,0.0,0.0
218,2,True,True,0.04074466601014137,0.038827989250421524,0.020863955840468407,0.15593893826007843,2.0399999618530273,1.2079330682754517,0.40426695346832275,0.007750122807919979,-0.0741400495171547,0.15593893826007843,0.020863955840468407,-0.020007075741887093,0.08162795752286911,0.8214607238769531,0.4039798080921173,0.13718675076961517,0.1298360377550125,0.10-0.15,False,True,False,True,True,False,False,False,True,0.017166249454021454,-0.09220701456069946,0.11974333226680756,0.08878365904092789,0.2633029520511627,0.05999999865889549,0.020863955840468407,-0.020007075741887093,0.020007075741887093,0.006079576909542084,0.010538230650126934,0.012167981825768948,0.015367565676569939,0.0019223655108362436,0.0006905339541845024,-0.07544682174921036,0.1364724487066269,0.0026330293621867895,0.0063928826712071896,0.010006549768149853,0.011875446885824203,0.015487327240407467,0-2deg,0.00-0.04,0.0,0.0,0.0,0.0
219,7,True,True,0.055923860520124435,0.055923860520124435,0.04365330934524536,0.2669193744659424,3.7200000286102295,1.3786733150482178,0.2696855366230011,-0.003682947251945734,-0.1215095967054367,0.2669193744659424,0.04365330934524536,-0.020023461431264877,0.11689992994070053,1.0793240070343018,0.38747239112854004,0.23765809834003448,0.22074149549007416,>=0.15,False,True,False,True,True,False,False,False,True,0.04854923114180565,-0.19764135777950287,0.2056664228439331,0.03474348410964012,0.2965782582759857,0.07999999821186066,0.04365330934524536,-0.020023461431264877,0.020023461431264877,-0.028312282636761665,0.03544824197888374,0.04536282643675804,0.03534063324332237,0.038979422301054,0.0006905339541845024,-0.11040759831666946,0.2430146336555481,0.0029657825361937284,-0.030406789854168892,0.03526509553194046,0.04656022787094116,0.03475582227110863,2-4deg,0.00-0.04,0.0,0.0,0.0,0.0
220,6,True,True,0.05237624794244766,0.05237624794244766,0.03895683214068413,0.028211750090122223,3.3999998569488525,1.188117504119873,0.2616194188594818,0.0027504698373377323,-0.00973084568977356,0.028211750090122223,0.03895683214068413,-0.019991902634501457,0.011626615189015865,0.9578230977058411,0.32500070333480835,0.026480436325073242,0.02603987045586109,0.00-0.05,False,True,False,True,True,False,False,False,True,0.03914313390851021,-0.09076676517724991,0.1345651000738144,0.10282521694898605,0.1416977345943451,0.09999999403953552,0.03895683214068413,-0.02000904269516468,0.02000904269516468,0.005393241532146931,-0.039598312228918076,0.039964236319065094,0.021155864000320435,0.038077279925346375,0.0,-0.008812684565782547,0.026799988001585007,0.0014169772621244192,0.006487423554062843,-0.040813904255628586,0.04132549837231636,0.019735734909772873,2-4deg,0.00-0.04,0.0,0.0,0.0,0.0
221,21,True,True,0.08593323081731796,0.05043169483542442,0.07859279960393906,0.11125063896179199,1.7999999523162842,1.4869493246078491,0.4287736713886261,-0.0500715970993042,-0.013129178434610367,0.11125063896179199,0.07859279960393906,-0.018917666748166084,-0.037149541079998016,0.45494386553764343,0.2791286110877991,0.11047320067882538,0.08541587740182877,0.05-0.10,False,True,False,True,True,False,False,False,True,0.0384996272623539,-0.06659991294145584,0.2615966200828552,0.03195786848664284,0.03329421579837799,0.23999999463558197,0.07859279960393906,-0.018917666748166084,0.018917666748166084,-0.007809768430888653,0.000626249413471669,0.007835375145077705,0.009619924239814281,0.058747485280036926,0.01756138727068901,-0.013760164380073547,0.1103963851928711,0.0003329421451780945,-0.0057004289701581,0.001374896615743637,0.0058593833819031715,0.010673042386770248,0-2deg,0.00-0.04,0.0,0.0,0.0,0.0
222,61,True,True,0.05774936079978943,0.05774936079978943,0.045527078211307526,0.1367342323064804,2.8999998569488525,1.166959285736084,0.29951635003089905,0.0071735382080078125,-0.08163798600435257,0.1367342323064804,0.045527078211307526,-0.019721347838640213,0.0897500291466713,0.8900982737541199,0.4277492165565491,0.10968813300132751,0.14095640182495117,0.10-0.15,False,True,False,True,True,False,False,False,True,0.049699537456035614,-0.21978378295898438,0.22595283389091492,0.09907206147909164,0.6130666136741638,0.07999999821186066,0.045527078211307526,-0.019973615184426308,0.019973615184426308,0.03887060284614563,-0.005975198931992054,0.039326608180999756,0.023039868101477623,0.05638651177287102,0.005545815918594599,-0.07723195850849152,0.11283382028341293,0.006130666006356478,0.039396483451128006,-0.004714007489383221,0.03967677056789398,0.022533627226948738,2-4deg,0.00-0.04,0.0,0.0,0.0,0.0
223,1,True,True,0.05626634880900383,0.039250947535037994,0.04401819407939911,0.17695938050746918,3.6599998474121094,1.2104045152664185,0.2467450350522995,-0.042717304080724716,0.0559641495347023,0.17695938050746918,0.04401819407939911,-0.020059198141098022,-0.09804238379001617,0.4364506006240845,0.18654386699199677,0.16787685453891754,0.21622923016548157,>=0.15,False,True,False,True,True,False,False,False,True,0.01630529575049877,-0.017975568771362305,0.011721719056367874,0.03393745422363281,0.2893628478050232,0.29999998211860657,0.04401819407939911,-0.020059198141098022,0.020059198141098022,0.0006170513806864619,0.020014779642224312,0.020022843033075333,0.005922197364270687,0.01880069077014923,0.0027186358347535133,0.05776636302471161,0.16726526618003845,0.0028936283197253942,0.0007642500568181276,0.018018480390310287,0.018033627420663834,0.008335418999195099,0-2deg,0.00-0.04,0.0,0.0,0.0,0.0
224,44,True,True,0.11016315221786499,0.05501316115260124,0.10453426092863083,0.16563847661018372,5.119999885559082,1.1162103414535522,0.1723441779613495,-0.07245069742202759,0.01089601218700409,0.16563847661018372,0.10453426092863083,-0.01990487240254879,-0.08380449563264847,0.5446203351020813,0.17572051286697388,0.16527970135211945,0.17121699452400208,>=0.15,False,True,False,True,True,False,False,False,True,0.054461248219013214,-0.02785123698413372,0.030729683116078377,0.040711648762226105,0.1815013289451599,0.7199999690055847,0.10453426092863083,-0.020005229860544205,0.020005229860544205,0.08519799262285233,0.0036370556335896254,0.0852753296494484,0.01587662659585476,0.08473405241966248,0.0032018758356571198,0.018452467396855354,0.1646074503660202,0.0018150132382288575,0.07301445305347443,-0.006365084555000067,0.07329113781452179,0.04290549084544182,4-6deg,0.00-0.04,0.0,0.0,0.0,0.0
225,45,True,True,0.08378822356462479,0.08378822356462479,0.07559221982955933,0.16562573611736298,2.5399999618530273,1.194955825805664,0.30344158411026,0.020236367359757423,-0.08656153082847595,0.16562573611736298,0.07559221982955933,-0.019501853734254837,0.10423027724027634,1.2222529649734497,0.5137826800346375,0.14120547473430634,0.1056305542588234,0.10-0.15,False,True,False,True,True,False,False,False,True,0.07858964800834656,-0.10839583724737167,0.3165440559387207,0.3025148808956146,0.3025148808956146,0.07999999821186066,0.07559221982955933,-0.01994001492857933,0.01994001492857933,0.0206606388092041,0.010904855094850063,0.023361612111330032,0.04050205647945404,0.0007720404537394643,0.009844690561294556,-0.08948955684900284,0.1393682211637497,0.0030251487623900175,0.019485659897327423,0.00875961221754551,0.021365152671933174,0.04101483151316643,0-2deg,0.04-0.08,0.0,0.0,0.0,0.0
226,13,True,True,0.06071969494223595,0.059589553624391556,0.04974304512143135,0.22997616231441498,5.039999961853027,1.2139878273010254,0.22580768167972565,-0.002339342376217246,0.06666979938745499,0.22997616231441498,0.04974304512143135,-0.02006199210882187,-0.06550996750593185,1.0671864748001099,0.29393652081489563,0.22010035812854767,0.2132226824760437,>=0.15,False,True,False,True,True,False,False,False,True,0.05232302099466324,-0.05582614615559578,0.025700032711029053,0.026074372231960297,0.2892551124095917,0.2199999988079071,0.04974304512143135,-0.02006199210882187,0.02006199210882187,0.030888497829437256,0.027180194854736328,0.04114186391234398,0.05837872251868248,0.02953704260289669,0.002341714920476079,0.06577633321285248,0.22036901116371155,0.002892551012337208,0.03292326629161835,0.015494221821427345,0.03638633340597153,0.06008777394890785,2-4deg,0.04-0.08,0.0,0.0,0.0,0.0
227,27,True,True,0.03622853383421898,0.03622853383421898,0.0093163400888443,0.08288389444351196,1.7799999713897705,1.3573942184448242,0.36647748947143555,0.003869276260957122,0.0016140667721629143,0.08288389444351196,0.0093163400888443,-0.019990302622318268,0.0023190483916550875,0.8490690588951111,0.35417652130126953,0.08286818116903305,0.08054643869400024,0.05-0.10,False,True,False,True,True,False,False,False,True,0.011305279098451138,0.019977902993559837,0.09665317088365555,0.49979424476623535,0.49979424476623535,0.05999999865889549,0.0093163400888443,-0.020060032606124878,0.020060032606124878,-0.007326993625611067,-0.0011768511030822992,0.007421249523758888,0.002783526899293065,0.0026966221630573273,0.0,0.0011110882041975856,0.08287645131349564,0.004997942131012678,-0.0073110926896333694,-0.001286494662053883,0.007421249523758888,0.002756549743935466,0-2deg,0.00-0.04,0.0,0.0,0.0,0.0
228,32,True,True,0.04235655069351196,0.0405828021466732,0.023904357105493546,0.16185784339904785,4.119999885559082,1.3332499265670776,0.24993066489696503,-0.03661995753645897,0.05026891455054283,0.16185784339904785,0.023904357105493546,-0.020074153319001198,-0.08690647035837173,0.43493425846099854,0.1948411613702774,0.15385381877422333,0.19547128677368164,>=0.15,False,True,False,True,True,False,False,False,True,0.020310286432504654,-0.03814065456390381,0.09877748042345047,0.11827412992715836,0.4700394570827484,0.07999999821186066,0.023904357105493546,-0.020083153620362282,0.020083153620362282,-0.004225126001983881,-0.03996693342924118,0.040188875049352646,0.040400195866823196,0.005491814576089382,0.0027186358347535133,0.05008045211434364,0.15391527116298676,0.004700394347310066,-0.005254673305898905,-0.03772110119462013,0.03808511048555374,0.041938066482543945,2-4deg,0.04-0.08,0.0,0.0,0.0,0.0
229,38,True,True,0.09568502008914948,0.08575502783060074,0.08907249569892883,0.2037397027015686,2.5,1.1706149578094482,0.2835943102836609,0.004084231331944466,0.08942248672246933,0.2037397027015686,0.08907249569892883,-0.02004336193203926,-0.0881318747997284,0.7773173451423645,0.3277008533477783,0.18306687474250793,0.17623375356197357,>=0.15,False,True,False,True,True,False,False,False,True,0.08034492284059525,-0.029418235644698143,0.01679650880396366,0.049437493085861206,0.5413868427276611,0.1599999964237213,0.08907249569892883,-0.02004336193203926,0.02004336193203926,0.05572684854269028,0.010129199363291264,0.056638721376657486,0.037290193140506744,0.07801956683397293,0.0022902425844222307,0.09600784629583359,0.17970074713230133,0.005413868464529514,0.05182412266731262,0.0139716025441885,0.053672969341278076,0.04104704037308693,2-4deg,0.00-0.04,0.0,0.0,0.0,0.0
230,25,True,True,0.07123582065105438,0.06864682585000992,0.06204236298799515,0.08535230159759521,2.919999837875366,1.5399794578552246,0.3435126543045044,-0.04233292490243912,0.0055473074316978455,0.08535230159759521,0.06204236298799515,-0.019868291914463043,-0.044236935675144196,1.5358449220657349,0.6352880001068115,0.08517184108495712,0.07843875139951706,0.05-0.10,False,True,False,True,True,False,False,False,True,0.05926274508237839,0.004108876455575228,0.13623228669166565,0.4357443153858185,0.4357443153858185,0.05999999865889549,0.06204236298799515,-0.02015051245689392,0.02015051245689392,0.03451109305024147,0.035426363348960876,0.0494530089199543,0.0581047423183918,0.004501734394580126,0.002210787730291486,0.001447729067876935,0.08534003049135208,0.004357443191111088,0.03290591016411781,0.037113007158041,0.04959508404135704,0.05831095203757286,2-4deg,0.04-0.08,0.0,0.0,0.0,0.0
231,28,True,False,0.15066295862197876,0.15066295862197876,0.0,0.0,1.8600000143051147,1.4226651191711426,0.47470158338546753,-0.2148878127336502,-0.2368069887161255,0.5304940342903137,0.14659053087234497,-0.007333621382713318,0.010150394402444363,0.4278084933757782,0.2903999984264374,0.47470659017562866,0.20006389915943146,>=0.15,True,True,False,True,False,False,False,True,True,0.14659053087234497,-0.2708214521408081,0.45615750551223755,0.16976861655712128,0.16976861655712128,0.0,0.14659053087234497,-0.007333621382713318,0.007333621382713318,0.020660575479269028,-0.0713321790099144,0.07425910234451294,0.03590735048055649,0.17821510136127472,0.17821510136127472,-0.2708214521408081,0.45615750551223755,0.0016976861516013741,0.020660575479269028,-0.0713321790099144,0.07425910234451294,0.03590735048055649,4-6deg,0.00-0.04,0.0,0.0,0.0,0.0
232,51,True,False,0.12648791074752808,0.12648791074752808,0.0,0.0,1.7799999713897705,1.2355523109436035,0.3579644560813904,-0.15518595278263092,-0.2820787727832794,0.5941336750984192,0.12283285707235336,-0.01601497270166874,0.12760911881923676,0.6451621651649475,0.38548344373703003,0.5229018926620483,0.125395730137825,0.10-0.15,True,True,False,True,False,False,False,True,True,0.12283285707235336,-0.29996150732040405,0.5128527283668518,0.09899833053350449,0.09899833053350449,0.0,0.12283285707235336,-0.01601497270166874,0.01601497270166874,0.012087339535355568,-0.04568469524383545,0.04725554212927818,0.03302231803536415,0.0771637111902237,0.0771637111902237,-0.29996150732040405,0.5128527283668518,0.0009899833239614964,0.012087339535355568,-0.04568469524383545,0.04725554212927818,0.03302231803536415,2-4deg,0.00-0.04,0.0,0.0,0.0,0.0
233,43,True,True,0.04926320165395737,0.04791772738099098,0.034661855548620224,0.1413719803094864,4.259999752044678,1.3573756217956543,0.24346159398555756,0.005227555520832539,-0.012017704546451569,0.1413719803094864,0.034661855548620224,-0.01999153010547161,0.017902797088027,1.5630241632461548,0.4418672025203705,0.14086025953292847,0.13757427036762238,0.10-0.15,False,True,False,True,True,False,False,False,True,0.03294121474027634,-0.02247047610580921,0.12984399497509003,0.4083305299282074,0.4083305299282074,0.05999999865889549,0.034661855548620224,-0.020128147676587105,0.020128147676587105,0.004676369018852711,0.021772781386971474,0.022269511595368385,0.028180018067359924,0.002210787730291486,0.0,-0.01499165315181017,0.1405748426914215,0.0040833051316440105,0.004143926315009594,0.020769152790308,0.021177394315600395,0.02862136997282505,0-2deg,0.00-0.04,0.0,0.0,0.0,0.0
234,47,True,True,0.041517224162817,0.038057804107666016,0.02234136499464512,0.25902944803237915,2.4800000190734863,1.416271448135376,0.4008287489414215,-0.03199424594640732,-0.17532187700271606,0.25902944803237915,0.02234136499464512,-0.02000470645725727,0.14463545382022858,0.8098595142364502,0.4510747790336609,0.19067902863025665,0.1959756463766098,>=0.15,False,True,False,True,True,False,False,False,True,0.015023423358798027,-0.07714744657278061,0.19886891543865204,0.7583058476448059,0.7583058476448059,0.05999999865889549,0.02234136499464512,-0.02001814916729927,0.02001814916729927,0.04413117468357086,-0.03983777388930321,0.05944383144378662,0.042373429983854294,0.0012448779307305813,0.0003452669770922512,-0.16995099186897278,0.19548127055168152,0.007583058439195156,0.042421866208314896,-0.039884671568870544,0.05821925401687622,0.043122727423906326,2-4deg,0.04-0.08,0.0,0.0,0.0,0.0
235,37,True,True,0.08864442259073257,0.08864442259073257,0.08120289444923401,0.10972052812576294,5.299999713897705,1.5457924604415894,0.203445702791214,-0.008984751999378204,-0.10132725536823273,0.10972052812576294,0.08120289444923401,-0.019784940406680107,0.09155682474374771,1.4757252931594849,0.3538803160190582,0.04208778217434883,0.07255113124847412,0.05-0.10,False,True,False,True,True,False,False,False,True,0.11841069906949997,-0.40891900658607483,0.40121695399284363,0.040972255170345306,0.10241954028606415,3.179999828338623,0.08120289444923401,-0.020037341862916946,0.020037341862916946,0.024173976853489876,-0.028270650655031204,0.03719494864344597,0.05109931901097298,0.02299642749130726,0.004339941777288914,-0.09936553239822388,0.04653048887848854,0.0010241953423246741,0.04352528974413872,0.016996268182992935,0.0467238612473011,0.047847680747509,2-4deg,0.04-0.08,0.0,0.0,0.0,0.0
236,9,True,False,0.13567425310611725,0.13567425310611725,0.0,0.0,2.319999933242798,1.5118306875228882,0.3931888937950134,-0.13338011503219604,-0.30544912815093994,0.6530910134315491,0.12949450314044952,-0.005319155752658844,0.1556287258863449,0.7439307570457458,0.4630435109138489,0.5772596597671509,0.16339550912380219,>=0.15,True,True,False,True,False,False,False,True,True,0.12949450314044952,-0.2838004529476166,0.588205099105835,0.05071741342544556,0.05071741342544556,0.0,0.12949450314044952,-0.005319155752658844,0.005319155752658844,-0.010747485794126987,0.03597721457481384,0.037547510117292404,0.0426243357360363,0.20451238751411438,0.20451238751411438,-0.2838004529476166,0.588205099105835,0.0005071741179563105,-0.010747485794126987,0.03597721457481384,0.037547510117292404,0.0426243357360363,2-4deg,0.04-0.08,0.0,0.0,0.0,0.0
237,50,True,True,0.07387417554855347,0.06959764659404755,0.0650535523891449,0.17672067880630493,3.2200000286102295,1.2302120923995972,0.27225449681282043,0.005535548087209463,-0.02533070370554924,0.17672067880630493,0.0650535523891449,-0.019991112872958183,0.028227582573890686,0.8736304640769958,0.3154691159725189,0.17489583790302277,0.17119739949703217,>=0.15,False,True,False,True,True,False,False,False,True,0.05996571108698845,-0.1294582337141037,0.08660227060317993,0.02546459250152111,0.40804916620254517,0.07999999821186066,0.0650535523891449,-0.020050911232829094,0.020050911232829094,-0.013632643967866898,-0.03659309074282646,0.039048194885253906,0.04224831238389015,0.035833247005939484,0.0003452669770922512,-0.019383026286959648,0.17565448582172394,0.004080491606146097,-0.011323000304400921,-0.0376284159719944,0.039294760674238205,0.04212062433362007,2-4deg,0.04-0.08,0.0,0.0,0.0,0.0
238,11,True,True,0.03831058740615845,0.03831058740615845,0.015595588833093643,0.18833886086940765,2.879999876022339,1.4198328256607056,0.29632705450057983,-0.013073667883872986,-0.04525227099657059,0.18833886086940765,0.015595588833093643,-0.02000720612704754,0.032415106892585754,1.0009880065917969,0.3760756254196167,0.18282164633274078,0.15695051848888397,>=0.15,False,True,False,True,True,False,False,False,True,0.021001027897000313,-0.15899930894374847,0.3189537823200226,0.08209417760372162,0.08209417760372162,0.07999999821186066,0.015595588833093643,-0.02000720612704754,0.02000720612704754,0.03150608018040657,0.06910155713558197,0.07593458890914917,0.05896991491317749,0.03515975549817085,0.0,-0.051558732986450195,0.18114419281482697,0.0008209417574107647,0.03498746454715729,0.06933179497718811,0.07764700800180435,0.05731894075870514,4-6deg,0.04-0.08,0.0,0.0,0.0,0.0
239,14,True,True,0.06279511749744415,0.05607479810714722,0.05213781073689461,0.1495063304901123,2.7200000286102295,1.567587971687317,0.3554672300815582,0.004775943700224161,0.021225018426775932,0.1495063304901123,0.05213781073689461,-0.01999324932694435,-0.015249991789460182,1.6075637340545654,0.6014613509178162,0.14799202978610992,0.14598076045513153,0.10-0.15,False,True,False,True,True,False,False,False,True,0.0433310940861702,-0.12085571140050888,0.15546062588691711,0.05259580910205841,0.3291313350200653,0.09999999403953552,0.05213781073689461,-0.01999405398964882,0.01999405398964882,-0.028803501278162003,0.02086586132645607,0.0355660505592823,0.020979994907975197,0.056355834007263184,0.0,0.019660843536257744,0.14820796251296997,0.0032913133036345243,-0.029781967401504517,0.019517511129379272,0.0356062576174736,0.020695587620139122,2-4deg,0.00-0.04,0.0,0.0,0.0,0.0
240,24,True,True,0.10585740953683853,0.10374713689088821,0.09982103109359741,0.17267735302448273,1.8600000143051147,1.3478424549102783,0.35121992230415344,-0.019684983417391777,-0.150481179356575,0.17267735302448273,0.09982103109359741,-0.01983901485800743,0.12529677152633667,0.6915813088417053,0.35840925574302673,0.08469289541244507,0.07066376507282257,0.05-0.10,False,True,False,True,True,False,False,False,True,0.09770556539297104,-0.09548678249120712,0.07817371189594269,0.7232141494750977,0.7232141494750977,0.05999999865889549,0.09982103109359741,-0.020016605034470558,0.020016605034470558,0.020477382466197014,0.054852310568094254,0.05854613333940506,0.058823950588703156,0.0011451211757957935,0.003009968902915716,-0.15255792438983917,0.08089220523834229,0.007232141215354204,0.019538482651114464,0.05698174610733986,0.06023518741130829,0.05753101035952568,2-4deg,0.04-0.08,0.0,0.0,0.0,0.0
241,8,True,True,0.08716438710689545,0.08716438710689545,0.07985888421535492,0.2119293063879013,2.5399999618530273,1.5650345087051392,0.33238011598587036,0.015194482170045376,-0.09908878803253174,0.2119293063879013,0.07985888421535492,-0.01976703479886055,0.11365175247192383,1.119778037071228,0.5023306012153625,0.18733778595924377,0.21455615758895874,>=0.15,False,True,False,True,True,False,False,False,True,0.09323016554117203,-0.34669339656829834,0.38820841908454895,0.18222929537296295,0.18222929537296295,0.11999999731779099,0.07985888421535492,-0.019984379410743713,0.019984379410743713,0.0022013860289007425,-0.04575541242957115,0.04580884426832199,0.03631023317575455,0.10810962319374084,0.00460644019767642,-0.10725830495357513,0.18278318643569946,0.0018222929211333394,-0.0008578566485084593,-0.04765881225466728,0.047666363418102264,0.03572295233607292,2-4deg,0.00-0.04,0.0,0.0,0.0,0.0
242,58,True,True,0.0819694846868515,0.07444468140602112,0.07412860542535782,0.2028639167547226,2.759999990463257,1.1999599933624268,0.33275797963142395,-0.03015275113284588,-0.168404221534729,0.2028639167547226,0.07412860542535782,-0.02001451887190342,0.13599185645580292,0.9851799607276917,0.409635066986084,0.11310963332653046,0.12103219330310822,0.10-0.15,False,True,False,True,True,False,False,False,True,0.06488331407308578,-0.06996574252843857,0.14313998818397522,0.12179497629404068,0.1461927890777588,0.1599999964237213,0.07412860542535782,-0.020014548674225807,0.020014548674225807,-0.0094752237200737,0.017881128937005997,0.020236052572727203,0.025738758966326714,0.025278365239501,0.0,-0.16797992587089539,0.11373879015445709,0.0014619278954342008,-0.00929032638669014,0.014228700660169125,0.016992112621665,0.02648160606622696,0-2deg,0.00-0.04,0.0,0.0,0.0,0.0
243,12,True,True,0.03863091766834259,0.03863091766834259,0.016350477933883667,0.1948838233947754,2.9800000190734863,1.2640326023101807,0.3062814474105835,0.008218323811888695,-0.03291473910212517,0.1948838233947754,0.016350477933883667,-0.019995225593447685,0.04113664850592613,1.241613507270813,0.49698740243911743,0.1920841634273529,0.1863371580839157,>=0.15,False,True,False,True,True,False,False,False,True,0.029867805540561676,-0.1482001543045044,0.39864519238471985,0.027273159474134445,0.16974730789661407,0.1599999964237213,0.016350477933883667,-0.020020877942442894,0.020020877942442894,-0.0010194303467869759,0.0008996186661534011,0.0013810680247843266,0.00629592826589942,0.13525424897670746,0.0003452669770922512,-0.03301427513360977,0.19206707179546356,0.001697472995147109,-0.00013221462722867727,0.0009115136344917119,0.0009134905994869769,0.006362559739500284,0-2deg,0.00-0.04,0.0,0.0,0.0,0.0
244,55,True,True,0.0666639432311058,0.0666639432311058,0.05678735673427582,0.05627153441309929,1.6200000047683716,1.4729381799697876,0.4417078495025635,0.00469063688069582,0.047578245401382446,0.05627153441309929,0.05678735673427582,-0.02003917098045349,-0.041998449712991714,0.426591694355011,0.30384886264801025,0.03004656359553337,0.14228907227516174,0.10-0.15,False,True,False,True,True,False,False,False,True,0.06828973442316055,-0.2250058501958847,0.319323867559433,0.09739494323730469,0.21027344465255737,0.11999999731779099,0.05678735673427582,-0.02007615566253662,0.02007615566253662,0.007388347294181585,-0.025012563914060593,0.026081541553139687,0.02637062408030033,0.08480726927518845,0.0009765625,0.04827259108424187,0.02891785465180874,0.002102734288200736,0.00529162073507905,-0.023344585672020912,0.02393631637096405,0.027203356847167015,0-2deg,0.00-0.04,0.0,0.0,0.0,0.0
245,3,True,False,0.1288614720106125,0.1288614720106125,0.0,0.0,1.9799998998641968,1.35693359375,0.3727988004684448,-0.32248789072036743,-0.4689345359802246,0.7215563058853149,0.1250000298023224,-0.015135074034333229,0.14082875847816467,0.7688060998916626,0.40251433849334717,0.5484011769294739,0.09074288606643677,0.05-0.10,True,True,False,True,False,False,False,True,True,0.1250000298023224,-0.4638789892196655,0.5526841878890991,0.03837297856807709,0.03837297856807709,0.0,0.1250000298023224,-0.015135074034333229,0.015135074034333229,-0.0060790120624005795,0.01745460368692875,0.018484143540263176,0.018954884260892868,0.07616915553808212,0.07616915553808212,-0.4638789892196655,0.5526841878890991,0.00038372978451661766,-0.0060790120624005795,0.01745460368692875,0.018484143540263176,0.018954884260892868,0-2deg,0.00-0.04,0.0,0.0,0.0,0.0
246,5,True,False,0.2596702575683594,0.10212714225053787,0.0,0.0,4.059999942779541,1.5089963674545288,0.22781513631343842,0.055370546877384186,-0.13171568512916565,0.30207282304763794,0.257791131734848,-0.018979603424668312,0.1862662136554718,0.4642351567745209,0.23287491500377655,0.27184364199638367,0.22415901720523834,>=0.15,True,True,False,True,False,False,False,True,True,0.09733003377914429,-0.014329875819385052,0.3282150626182556,0.06987029314041138,0.0928187444806099,0.0,0.257791131734848,-0.019760925322771072,0.019760925322771072,0.004762273747473955,-0.04680773988366127,0.047049421817064285,0.0064665465615689754,0.0978599488735199,0.020256664603948593,-0.1365022361278534,0.2694719433784485,0.0009281874517910182,0.004767462611198425,0.021162930876016617,0.021691875532269478,0.03247954696416855,2-4deg,0.00-0.04,0.0,0.0,0.0,0.0
247,25,True,True,0.07225261628627777,0.0659911260008812,0.06320751458406448,0.24351941049098969,1.1200000047683716,1.7240138053894043,0.7370944023132324,-0.016406578943133354,-0.0302208811044693,0.24351941049098969,0.06320751458406448,-0.019987570121884346,0.017432350665330887,0.408634752035141,0.26303884387016296,0.24163693189620972,0.19077089428901672,>=0.15,False,True,False,True,True,False,False,False,True,0.058210574090480804,-0.010371485725045204,0.2772204577922821,0.0393996387720108,0.0393996387720108,0.05999999865889549,0.06320751458406448,-0.02000672183930874,0.02000672183930874,0.03415004163980484,0.0109850550070405,0.03587315231561661,0.061380211263895035,0.0,0.0,-0.021775949746370316,0.24254383146762848,0.00039399636443704367,0.03468720242381096,0.013368619605898857,0.03717250004410744,0.06077553704380989,2-4deg,0.04-0.08,0.0,0.0,0.0,0.0
248,48,True,False,0.15044526755809784,0.15044526755809784,0.0,0.0,2.119999885559082,1.4004607200622559,0.3121289312839508,-0.24591843783855438,-0.3319283127784729,0.700986921787262,0.14766381680965424,-0.01698560267686844,0.07669864594936371,0.8862500190734863,0.43956127762794495,0.6174190044403076,0.1673050969839096,>=0.15,True,True,False,True,False,False,False,True,True,0.14766381680965424,-0.33430016040802,0.6161379814147949,0.2048303782939911,0.2048303782939911,0.0,0.14766381680965424,-0.01698560267686844,0.01698560267686844,-0.001846164115704596,-0.003631030675023794,0.004070640541613102,0.026021083816885948,0.05999808385968208,0.05999808385968208,-0.33430016040802,0.6161379814147949,0.0020483038388192654,-0.001846164115704596,-0.003631030675023794,0.004070640541613102,0.026021083816885948,0-2deg,0.00-0.04,0.0,0.0,0.0,0.0
249,1,True,True,0.060324158519506454,0.05783703178167343,0.049129586666822433,0.18499810993671417,1.6200000047683716,1.4673014879226685,0.4342997074127197,-0.02502613142132759,-0.13001218438148499,0.18499810993671417,0.049129586666822433,-0.019965898245573044,0.10501600801944733,0.9168543815612793,0.37983211874961853,0.13160978257656097,0.1386551707983017,0.10-0.15,False,True,False,True,True,False,False,False,True,0.04566768556833267,-0.06236213445663452,0.10145045071840286,0.03089883178472519,0.1724538952112198,0.05999999865889549,0.049129586666822433,-0.020020099356770515,0.020020099356770515,0.03357144072651863,-0.011594140902161598,0.03551572561264038,0.03149496763944626,0.005050825886428356,0.0006905339541845024,-0.13150036334991455,0.1301228553056717,0.0017245388589799404,0.03240140154957771,-0.012082517147064209,0.03458017110824585,0.03189701959490776,2-4deg,0.00-0.04,0.0,0.0,0.0,0.0
250,20,True,True,0.09610097855329514,0.09536055475473404,0.08884713053703308,0.09583348780870438,3.740000009536743,1.7373729944229126,0.25544852018356323,0.035114776343107224,-0.09109348803758621,0.09583348780870438,0.08884713053703308,-0.01912323385477066,0.1318783164024353,2.343148708343506,0.6842643022537231,0.02976633794605732,0.1487540602684021,0.10-0.15,False,True,False,True,True,False,False,False,True,0.08891765028238297,-0.1002521812915802,0.1606728881597519,0.6120300889015198,0.6120300889015198,0.05999999865889549,0.08884713053703308,-0.020045114681124687,0.020045114681124687,0.024013780057430267,-0.007379550952464342,0.025122245773673058,0.06505750864744186,0.0038291984237730503,0.013606428168714046,-0.09156212955713272,0.028291959315538406,0.006120300851762295,0.022003669291734695,-0.005712847225368023,0.022733114659786224,0.06549469381570816,0-2deg,0.04-0.08,0.0,0.0,0.0,0.0
251,46,True,True,0.046391185373067856,0.046391185373067856,0.030101563781499863,0.18679213523864746,2.7799999713897705,1.3686723709106445,0.27193590998649597,-0.0025828778743743896,-0.12148944288492203,0.18679213523864746,0.030101563781499863,-0.01956670731306076,0.11977260559797287,0.7455914616584778,0.3100207448005676,0.1418859362602234,0.21206910908222198,>=0.15,False,True,False,True,True,False,False,False,True,0.03862591087818146,-0.0965745821595192,0.3601836860179901,0.04232548549771309,0.0926673635840416,0.07999999821186066,0.030101563781499863,-0.01980227790772915,0.01980227790772915,0.06172981485724449,-0.012783936224877834,0.06303845345973969,0.027296900749206543,0.009449255652725697,0.007413213141262531,-0.12070542573928833,0.14255350828170776,0.0009266735869459808,0.0625244677066803,-0.014168771915137768,0.06410800665616989,0.025945110246539116,2-4deg,0.00-0.04,0.0,0.0,0.0,0.0
252,60,True,False,0.13501854240894318,0.13501854240894318,0.0,0.0,2.0999999046325684,1.4415812492370605,0.39301565289497375,-0.26288217306137085,-0.40962308645248413,0.625508725643158,0.13242477178573608,-0.0148940309882164,0.13876402378082275,1.3151905536651611,0.5649721622467041,0.4727261960506439,0.14654603600502014,0.10-0.15,True,True,False,True,False,False,False,True,True,0.13242477178573608,-0.4191161096096039,0.4643305242061615,0.06384573131799698,0.06384573131799698,0.0,0.13242477178573608,-0.0148940309882164,0.0148940309882164,-0.0018667883705347776,-0.022549249231815338,0.022625351324677467,0.002694751601666212,0.09869522601366043,0.09869522601366043,-0.4191161096096039,0.4643305242061615,0.0006384573061950505,-0.0018667883705347776,-0.022549249231815338,0.022625351324677467,0.002694751601666212,0-2deg,0.00-0.04,0.0,0.0,0.0,0.0
253,62,True,True,0.04638449102640152,0.04638449102640152,0.030478673055768013,0.12494537979364395,2.5999999046325684,1.21332848072052,0.318513423204422,-0.0091012604534626,-0.1116170585155487,0.12494537979364395,0.030478673055768013,-0.020014364272356033,0.10325241833925247,1.4868507385253906,0.6289492249488831,0.05615140497684479,0.05695250257849693,0.05-0.10,False,True,False,True,True,False,False,False,True,0.03165664151310921,-0.14309577643871307,0.06739568710327148,0.33180761337280273,0.33180761337280273,0.05999999865889549,0.030478673055768013,-0.020090384408831596,0.020090384408831596,0.08206849545240402,-0.002536914311349392,0.08210733532905579,0.020921574905514717,0.004242714960128069,0.0006905339541845024,-0.11434506624937057,0.05036422237753868,0.0033180760219693184,0.08141624182462692,-0.0030975835397839546,0.08147481083869934,0.022094707936048508,4-6deg,0.00-0.04,0.0,0.0,0.0,0.0
254,16,True,True,0.048897333443164825,0.04452018067240715,0.03414558246731758,0.17476113140583038,3.299999952316284,1.2716962099075317,0.2440633773803711,0.004010492470115423,0.01199333742260933,0.17476113140583038,0.03414558246731758,-0.01999269239604473,-0.00800353568047285,0.9522703886032104,0.3719478249549866,0.1743491142988205,0.1713666319847107,>=0.15,False,True,False,True,True,False,False,False,True,0.026054300367832184,-0.12698017060756683,0.12731383740901947,0.05500568822026253,0.5819032788276672,0.07999999821186066,0.03414558246731758,-0.0200294628739357,0.0200294628739357,-0.001763085019774735,0.01785627007484436,0.017944160848855972,0.05619518831372261,0.02620239555835724,0.0,0.010799653828144073,0.1744271218776703,0.005819032434374094,-0.0006705557461827993,0.021027954295277596,0.021039020270109177,0.055606476962566376,0-2deg,0.04-0.08,0.0,0.0,0.0,0.0
255,59,True,True,0.03995342552661896,0.03995342552661896,0.019294118508696556,0.15709228813648224,3.6999998092651367,1.1841864585876465,0.28576257824897766,0.001782215666025877,-0.03459502011537552,0.15709228813648224,0.019294118508696556,-0.02001368999481201,0.03682906925678253,1.1218249797821045,0.35291817784309387,0.15323567390441895,0.14706295728683472,0.10-0.15,False,True,False,True,True,False,False,False,True,0.020973514765501022,-0.11404561996459961,0.07791142910718918,0.05962018296122551,0.13237814605236053,0.05999999865889549,0.019294118508696556,-0.020031362771987915,0.020031362771987915,0.07054928690195084,0.01567787118256092,0.0722673311829567,0.05163104087114334,0.0003452669770922512,0.0,-0.04562055692076683,0.15032216906547546,0.0013237814418971539,0.07074423134326935,0.01772158220410347,0.07292637974023819,0.05101186782121658,4-6deg,0.04-0.08,0.0,0.0,0.0,0.0
