episode,env_id,align_success,success,final_distance,min_distance,touchdown_distance,touchdown_rel_vel,landing_time,max_descent_speed,mean_descent_speed,final_vertical_speed,terminal_vertical_relative_speed,terminal_relative_speed,terminal_horizontal_error,terminal_surface_clearance,terminal_pad_vertical_speed,max_horizontal_speed,mean_horizontal_speed,final_horizontal_speed,pad_speed,pad_speed_bucket,crash,terminated,time_out,contact_success,settled_landing,hard_contact,ground_crash,deck_miss,first_contact_seen,first_contact_xy_error_deck_frame,first_contact_normal_rel_speed,first_contact_tangential_rel_speed,first_contact_force,max_contact_force,settle_time,terminal_xy_error,minimum_surface_clearance,maximum_penetration,first_contact_deck_roll,first_contact_deck_pitch,first_contact_deck_tilt,first_contact_deck_angular_speed,first_contact_body_deck_normal_angle,terminal_body_deck_normal_angle,terminal_normal_relative_speed,terminal_tangential_relative_speed,max_contact_impulse,terminal_deck_roll,terminal_deck_pitch,terminal_deck_tilt,terminal_deck_angular_speed,deck_tilt_bucket,deck_angular_speed_bucket,max_deck_position_consistency_error,max_deck_orientation_consistency_error,max_deck_linear_velocity_consistency_error,max_deck_angular_velocity_consistency_error
0,22,True,False,0.16568441689014435,0.16503024101257324,0.0,0.0,0.9399999976158142,1.911770224571228,1.0472745895385742,-0.4158024489879608,-0.34005439281463623,0.6194647550582886,0.16389070451259613,-0.013662426732480526,-0.10410808771848679,0.8703206181526184,0.49845337867736816,0.5177833437919617,0.16084575653076172,>=0.15,True,True,False,True,False,False,False,True,True,0.16389070451259613,-0.3448701798915863,0.5145882964134216,0.24736511707305908,0.24736511707305908,0.0,0.16389070451259613,-0.013662426732480526,0.013662426732480526,-0.050757355988025665,0.03834148496389389,0.0636008009314537,0.04710943624377251,0.0974007248878479,0.0974007248878479,-0.3448701798915863,0.5145882964134216,0.002473651198670268,-0.050757355988025665,0.03834148496389389,0.0636008009314537,0.04710943624377251,2-4deg,0.04-0.08,0.0,0.0,0.0,0.0
1,53,True,True,0.10006215423345566,0.0991608276963234,0.09375558793544769,0.1397102177143097,0.9599999785423279,1.157089352607727,0.6251640915870667,-0.020605450496077538,-0.11987049132585526,0.1397102177143097,0.09375558793544769,-0.019942255690693855,0.10012950003147125,0.5833948850631714,0.3670119345188141,0.07176357507705688,0.07310791313648224,0.05-0.10,False,True,False,True,True,False,False,False,True,0.09696300327777863,-0.6561649441719055,0.6704022884368896,0.5200223326683044,0.5200223326683044,0.07999999821186066,0.09375558793544769,-0.020019691437482834,0.020019691437482834,0.0011269632959738374,-0.02819030173122883,0.028213705867528915,0.0216881912201643,0.09783371537923813,0.0011960400734096766,-0.12189743667840958,0.06826388090848923,0.0052002230659127235,0.0003862113517243415,-0.029231352731585503,0.02923477813601494,0.020899243652820587,0-2deg,0.00-0.04,0.0,0.0,0.0,0.0
2,26,True,True,0.09400659799575806,0.08406985551118851,0.08723100274801254,0.23421692848205566,1.0199999809265137,1.7233158349990845,0.8208221793174744,-0.015960341319441795,-0.13214552402496338,0.23421692848205566,0.08723100274801254,-0.019846651703119278,0.11402111500501633,0.3534083664417267,0.2309199720621109,0.19337819516658783,0.1920006275177002,>=0.15,False,True,False,True,True,False,False,False,True,0.07577845454216003,-0.32481250166893005,0.2863115072250366,0.059187792241573334,0.19611524045467377,0.09999999403953552,0.08723100274801254,-0.020022066310048103,0.020022066310048103,0.0018776024226099253,-0.019012950360774994,0.019105756655335426,0.059151653200387955,0.01039825938642025,0.002970099914819002,-0.1343645453453064,0.19184300303459167,0.0019611523021012545,0.002471374813467264,-0.02366851270198822,0.02379644475877285,0.058143362402915955,0-2deg,0.04-0.08,0.0,0.0,0.0,0.0
3,44,True,True,0.09723478555679321,0.09169302135705948,0.09074931591749191,0.15558229386806488,1.1799999475479126,1.3492742776870728,0.5954416394233704,0.0051320139318704605,-0.09388979524374008,0.15558229386806488,0.09074931591749191,-0.02001088298857212,0.1036212369799614,0.5245105028152466,0.2867268919944763,0.12405867874622345,0.1305621713399887,0.10-0.15,False,True,False,True,True,False,False,False,True,0.08649063110351562,-0.08380252867937088,0.13874013721942902,0.0382758192718029,0.22858482599258423,0.05999999865889549,0.09074931591749191,-0.02001088298857212,0.02001088298857212,0.06250514090061188,-0.024683164432644844,0.06719613075256348,0.054881855845451355,0.0037664202973246574,0.0007720404537394643,-0.09163524210453033,0.1257331818342209,0.0022858481388539076,0.06073695793747902,-0.026005012914538383,0.06606367230415344,0.055500566959381104,2-4deg,0.04-0.08,0.0,0.0,0.0,0.0
4,61,True,True,0.041175082325935364,0.041175082325935364,0.021690428256988525,0.1601335108280182,1.3799999952316284,0.9396182298660278,0.4432947337627411,0.015249398536980152,0.04987478256225586,0.1601335108280182,0.021690428256988525,-0.020000597462058067,-0.034497808665037155,0.6065828800201416,0.31889331340789795,0.15216849744319916,0.14679941534996033,0.10-0.15,False,True,False,True,True,False,False,False,True,0.02216934785246849,-0.09514079988002777,0.0840991958975792,0.05338330566883087,0.3605845868587494,0.09999999403953552,0.021690428256988525,-0.02008652314543724,0.02008652314543724,0.041795361787080765,0.0007723794551566243,0.04180316999554634,0.06780460476875305,0.07013587653636932,0.0009765625,0.05475122854113579,0.15048271417617798,0.0036058458499610424,0.037648700177669525,-0.0028194612823426723,0.03775336220860481,0.06930570304393768,2-4deg,0.04-0.08,0.0,0.0,0.0,0.0
5,32,True,True,0.06625097990036011,0.06625097990036011,0.05618809908628464,0.1423807144165039,1.5199999809265137,1.1603835821151733,0.46502649784088135,-0.07137669622898102,0.030568338930606842,0.1423807144165039,0.05618809908628464,-0.01941228285431862,-0.10157975554466248,0.5077593326568604,0.31872430443763733,0.13906057178974152,0.12257841229438782,0.10-0.15,False,True,False,True,True,False,False,False,True,0.06410211324691772,-0.014262543991208076,0.14628523588180542,0.04115522280335426,0.775189220905304,0.23999999463558197,0.05618809908628464,-0.020130177959799767,0.020130177959799767,0.03929548338055611,-0.028893187642097473,0.048770662397146225,0.03318006917834282,0.0952853113412857,0.010731135495007038,0.023473769426345825,0.14043237268924713,0.007751891855150461,0.04029737785458565,-0.035794369876384735,0.05389251187443733,0.030186034739017487,2-4deg,0.00-0.04,0.0,0.0,0.0,0.0
6,33,True,True,0.10211300849914551,0.09814660996198654,0.09591954201459885,0.1821451187133789,1.8399999141693115,1.4115190505981445,0.3858169615268707,-0.01675254851579666,-0.12535251677036285,0.1821451187133789,0.09591954201459885,-0.019889160990715027,0.11270160973072052,0.688519299030304,0.39071327447891235,0.13214989006519318,0.1618409901857376,>=0.15,False,True,False,True,True,False,False,False,True,0.09343110024929047,-0.41937193274497986,0.3626653552055359,0.0905214250087738,0.0905214250087738,0.14000000059604645,0.09591954201459885,-0.019889160990715027,0.019889160990715027,0.012444370426237583,0.04490881785750389,0.04659991338849068,0.04362019523978233,0.033408697694540024,0.002042627427726984,-0.12556558847427368,0.13194744288921356,0.0009052142268046737,0.009327961131930351,0.040596120059490204,0.041653141379356384,0.04503214731812477,2-4deg,0.04-0.08,0.0,0.0,0.0,0.0
7,17,True,True,0.03904162347316742,0.03670790418982506,0.017303628847002983,0.21074041724205017,1.899999976158142,1.204918384552002,0.3379058539867401,-0.02094024419784546,-0.13682931661605835,0.21074041724205017,0.017303628847002983,-0.020009806379675865,0.11434727907180786,0.5755752325057983,0.3132346570491791,0.16027870774269104,0.16736295819282532,>=0.15,False,True,False,True,True,False,False,False,True,0.007883604615926743,-0.30740147829055786,0.17967858910560608,0.07793586701154709,0.4068830907344818,0.07999999821186066,0.017303628847002983,-0.020033016800880432,0.020033016800880432,-0.004985108971595764,-0.05623166263103485,0.05645204707980156,0.023770872503519058,0.06443744897842407,0.00048828125,-0.14498227834701538,0.15294334292411804,0.004068830981850624,-0.005351422820240259,-0.05758090689778328,0.05782867968082428,0.022828079760074615,2-4deg,0.00-0.04,0.0,0.0,0.0,0.0
8,51,True,True,0.0842490941286087,0.08415909856557846,0.0766201838850975,0.11467249691486359,1.9199999570846558,1.5095279216766357,0.49068590998649597,-0.008062660694122314,-0.05720927193760872,0.11467249691486359,0.0766201838850975,-0.019970150664448738,0.05227726325392723,0.5126960277557373,0.3242447078227997,0.09938248991966248,0.08423212915658951,0.05-0.10,False,True,False,True,True,False,False,False,True,0.0775461196899414,-0.28861603140830994,0.35039031505584717,0.05776745080947876,0.21487371623516083,0.07999999821186066,0.0766201838850975,-0.02000172808766365,0.02000172808766365,0.004824144300073385,-0.03314083442091942,0.033490683883428574,0.044470369815826416,0.041127368807792664,0.0005980199784971774,-0.060642603784799576,0.09732551127672195,0.0021487371996045113,0.007274585776031017,-0.034160688519477844,0.03492668643593788,0.04399102181196213,0-2deg,0.04-0.08,0.0,0.0,0.0,0.0
9,3,True,True,0.11176078021526337,0.11011103540658951,0.10622688382863998,0.21087920665740967,1.959999918937683,1.4055672883987427,0.34972065687179565,0.018143635243177414,-0.08360280096530914,0.21087920665740967,0.10622688382863998,-0.019559327512979507,0.10310574620962143,0.6609207391738892,0.4281003773212433,0.19359910488128662,0.22255516052246094,>=0.15,False,True,False,True,True,False,False,False,True,0.11970127373933792,-0.3033052086830139,0.48175907135009766,0.09151074290275574,0.09931826591491699,0.17999999225139618,0.10622688382863998,-0.020009951665997505,0.020009951665997505,0.03352504223585129,-0.042513974010944366,0.05413539707660675,0.031971875578165054,0.17968682944774628,0.007201129104942083,-0.08049021661281586,0.19491374492645264,0.0009931826498359442,0.03825388848781586,-0.043374430388212204,0.057825587689876556,0.028066493570804596,2-4deg,0.00-0.04,0.0,0.0,0.0,0.0
10,14,True,True,0.10000737756490707,0.0978606715798378,0.09369753301143646,0.1260119378566742,1.959999918937683,1.474266767501831,0.4631952941417694,-0.005117990542203188,0.012227624654769897,0.1260119378566742,0.09369753301143646,-0.020014706999063492,-0.018443167209625244,0.8868502378463745,0.3704495429992676,0.12541726231575012,0.07521156966686249,0.05-0.10,False,True,False,True,True,False,False,False,True,0.09232521802186966,-0.13060598075389862,0.28190672397613525,0.2076004296541214,0.2076004296541214,0.09999999403953552,0.09369753301143646,-0.020015811547636986,0.020015811547636986,0.0036116610281169415,0.005556157790124416,0.006623381283134222,0.027315208688378334,0.049477118998765945,0.00048828125,0.012841105461120605,0.12535592913627625,0.0020760041661560535,0.004701628815382719,0.007438508328050375,0.008802643977105618,0.027051014825701714,0-2deg,0.00-0.04,0.0,0.0,0.0,0.0
11,38,True,True,0.07106269150972366,0.07106269150972366,0.0617840476334095,0.11318976432085037,1.9799998998641968,1.2920054197311401,0.36330336332321167,-0.014528647065162659,-0.0850667953491211,0.11318976432085037,0.0617840476334095,-0.01987532526254654,0.07026445120573044,0.5126516819000244,0.3264758884906769,0.07466969639062881,0.10975375026464462,0.10-0.15,False,True,False,True,True,False,False,False,True,0.06289246678352356,-0.0628625750541687,0.15008315443992615,0.0320114903151989,0.05628721043467522,0.05999999865889549,0.0617840476334095,-0.01987532526254654,0.01987532526254654,0.00035246016341261566,-0.04712839797139168,0.04712919518351555,0.0043697664514184,0.008795869536697865,0.003068801248446107,-0.08344718813896179,0.07647541910409927,0.0005628720973618329,0.00041169964242726564,-0.047281358391046524,0.047283291816711426,0.0038335039280354977,2-4deg,0.00-0.04,0.0,0.0,0.0,0.0
12,22,True,False,0.1348111927509308,0.1348111927509308,0.0,0.0,1.059999942779541,1.7116115093231201,0.8152588605880737,-0.0022939308546483517,-0.20113863050937653,0.5112410187721252,0.13018737733364105,-0.019996389746665955,0.20053833723068237,0.8312021493911743,0.416621595621109,0.47001132369041443,0.12310713529586792,0.10-0.15,True,True,False,True,False,False,False,True,True,0.13018737733364105,-0.20024384558200836,0.47039324045181274,0.1172405332326889,0.1172405332326889,0.0,0.13018737733364105,-0.019996389746665955,0.019996389746665955,-0.037918560206890106,0.0471908375620842,0.06052854284644127,0.036135610193014145,0.0003452669770922512,0.0003452669770922512,-0.20024384558200836,0.47039324045181274,0.0011724053183570504,-0.037918560206890106,0.0471908375620842,0.06052854284644127,0.036135610193014145,2-4deg,0.00-0.04,0.0,0.0,0.0,0.0
13,43,True,True,0.04309762641787529,0.03786600008606911,0.023732373490929604,0.19373929500579834,2.059999942779541,1.4080815315246582,0.41210389137268066,0.031373701989650726,-0.09569008648395538,0.19373929500579834,0.023732373490929604,-0.019300129264593124,0.12547644972801208,0.6491047739982605,0.3475607633590698,0.16845868527889252,0.23724840581417084,>=0.15,False,True,False,True,True,False,False,False,True,0.007960740476846695,-0.3141791522502899,0.32448190450668335,0.024979859590530396,0.07791206240653992,0.09999999403953552,0.023732373490929604,-0.019768022000789642,0.019768022000789642,0.03280674293637276,-0.06035647913813591,0.06868692487478256,0.015511163510382175,0.07629124820232391,0.01399514451622963,-0.10513114184141159,0.1627340167760849,0.0007791206007823348,0.032297611236572266,-0.061341542750597,0.06931541860103607,0.012334239669144154,2-4deg,0.00-0.04,0.0,0.0,0.0,0.0
14,5,True,True,0.09484550356864929,0.09484550356864929,0.08822888880968094,0.15386627614498138,2.0999999046325684,1.41958749294281,0.33146700263023376,0.011900841258466244,-0.15282678604125977,0.15386627614498138,0.08822888880968094,-0.01957622915506363,0.16163383424282074,1.3304120302200317,0.5492294430732727,0.017855148762464523,0.10256898403167725,0.10-0.15,False,True,False,True,True,False,False,False,True,0.09205077588558197,-0.4802820682525635,0.36226728558540344,0.09295383840799332,0.09295383840799332,0.07999999821186066,0.08822888880968094,-0.019704990088939667,0.019704990088939667,-0.04589855298399925,0.0003124318609479815,0.04589987173676491,0.039727676659822464,0.07486799359321594,0.007283431477844715,-0.15262466669082642,0.019507575780153275,0.000929538335185498,-0.0452272891998291,0.0026109053287655115,0.04530232399702072,0.040083665400743484,2-4deg,0.00-0.04,0.0,0.0,0.0,0.0
15,45,True,True,0.10814285278320312,0.09974057972431183,0.10233569145202637,0.2504330277442932,2.0999999046325684,1.339524269104004,0.41794055700302124,-0.011655701324343681,-0.1110568419098854,0.2504330277442932,0.10233569145202637,-0.020011305809020996,0.09363887459039688,0.8021895289421082,0.4102848470211029,0.22446176409721375,0.21144290268421173,>=0.15,False,True,False,True,True,False,False,False,True,0.09271619468927383,-0.2204279750585556,0.25846147537231445,0.06210295110940933,0.11031462997198105,0.07999999821186066,0.10233569145202637,-0.020011305809020996,0.020011305809020996,0.0021308131981641054,0.0014922997215762734,0.0026067092549055815,0.05694534629583359,0.012835478410124779,0.0003452669770922512,-0.1116570308804512,0.22416380047798157,0.0011031462345272303,0.002064955420792103,-0.0019241382833570242,0.002826133044436574,0.05693940818309784,0-2deg,0.04-0.08,0.0,0.0,0.0,0.0
16,58,True,True,0.040892038494348526,0.03899991512298584,0.020970148965716362,0.20461329817771912,2.0999999046325684,1.4578198194503784,0.4176572859287262,-0.007166244555264711,-0.06315106898546219,0.20461329817771912,0.020970148965716362,-0.019864201545715332,0.055275335907936096,0.6592717170715332,0.363187313079834,0.19462411105632782,0.15906748175621033,>=0.15,False,True,False,True,True,False,False,False,True,0.022994620725512505,-0.3379420042037964,0.3684890866279602,0.04643561318516731,0.04832737147808075,0.14000000059604645,0.020970148965716362,-0.019899725914001465,0.019899725914001465,0.05086369439959526,-0.0030972049571573734,0.05095784366130829,0.03888215497136116,0.14341197907924652,0.0026966221630573273,-0.06252994388341904,0.19482456147670746,0.0004832737031392753,0.045925747603178024,-0.0026444524992257357,0.046002380549907684,0.04368091747164726,2-4deg,0.00-0.04,0.0,0.0,0.0,0.0
17,31,True,True,0.045241065323352814,0.04419097304344177,0.02869563177227974,0.12488625198602676,2.1599998474121094,1.1221859455108643,0.36102625727653503,0.005849901121109724,-0.062421251088380814,0.12488625198602676,0.02869563177227974,-0.020012766122817993,0.06915702670812607,0.7492483854293823,0.34159496426582336,0.10816729068756104,0.1577574610710144,>=0.15,False,True,False,True,True,False,False,False,True,0.02710534632205963,-0.18155641853809357,0.1971811205148697,0.1323036551475525,0.1323036551475525,0.05999999865889549,0.02869563177227974,-0.02005564235150814,0.02005564235150814,0.032534997910261154,0.02683214098215103,0.042169541120529175,0.062257979065179825,0.003068801248446107,0.0005980199784971774,-0.06682013720273972,0.10550662130117416,0.0013230365002527833,0.034942299127578735,0.026254601776599884,0.043703969568014145,0.061514414846897125,2-4deg,0.04-0.08,0.0,0.0,0.0,0.0
18,41,True,True,0.09245453774929047,0.08871683478355408,0.08556614816188812,0.2011987566947937,2.180000066757202,1.2715836763381958,0.3221786916255951,0.004467942286282778,0.022113163024187088,0.2011987566947937,0.08556614816188812,-0.019989093765616417,-0.012552442029118538,0.4181765019893646,0.24628813564777374,0.19997987151145935,0.19968540966510773,>=0.15,False,True,False,True,True,False,False,False,True,0.08356452733278275,-0.0682389885187149,0.16717258095741272,0.05916985496878624,0.3143414258956909,0.07999999821186066,0.08556614816188812,-0.020015543326735497,0.020015543326735497,0.012838128954172134,-0.004850645549595356,0.013724199496209621,0.0705740824341774,0.01839686557650566,0.0,0.025445671752095222,0.1995832324028015,0.003143414156511426,0.01705208420753479,-0.004899658728390932,0.017740370705723763,0.06986768543720245,0-2deg,0.04-0.08,0.0,0.0,0.0,0.0
19,2,True,True,0.037431418895721436,0.037431418895721436,0.01334114745259285,0.21027907729148865,2.2200000286102295,1.238186001777649,0.3442128300666809,-0.017110662534832954,-0.10258397459983826,0.21027907729148865,0.01334114745259285,-0.020023491233587265,0.08586214482784271,0.6460362672805786,0.3773553967475891,0.18355874717235565,0.15349459648132324,>=0.15,False,True,False,True,True,False,False,False,True,0.019655397161841393,-0.15137280523777008,0.2936243712902069,0.09444047510623932,0.09444047510623932,0.05999999865889549,0.01334114745259285,-0.02007771097123623,0.02007771097123623,-0.001019829884171486,-0.00654076412320137,0.006623381283134222,0.02455023117363453,0.0005980199784971774,0.00048828125,-0.1023644506931305,0.18368126451969147,0.0009444047464057803,-0.0002407709980616346,-0.005940830335021019,0.0059502325020730495,0.02461223490536213,0-2deg,0.00-0.04,0.0,0.0,0.0,0.0
20,28,True,True,0.06333941966295242,0.06209808588027954,0.052775632590055466,0.21352845430374146,2.2200000286102295,1.4924882650375366,0.43795308470726013,-0.02279927395284176,-0.16691362857818604,0.21352845430374146,0.052775632590055466,-0.019963538274168968,0.14553102850914001,1.0291508436203003,0.474965900182724,0.1331699788570404,0.1991075724363327,>=0.15,False,True,False,True,True,False,False,False,True,0.05864255875349045,-0.4736781120300293,0.27444988489151,0.11848840862512589,0.11848840862512589,0.11999999731779099,0.052775632590055466,-0.019963538274168968,0.019963538274168968,0.009772886522114277,-0.06957146525382996,0.0702531561255455,0.016883473843336105,0.11500512808561325,0.0007720404537394643,-0.17577029764652252,0.1212402731180191,0.0011848841095343232,0.008091810159385204,-0.06918065249919891,0.06965196132659912,0.017682773992419243,4-6deg,0.00-0.04,0.0,0.0,0.0,0.0
21,21,True,True,0.09464706480503082,0.08836265653371811,0.0879373550415039,0.26510360836982727,2.259999990463257,1.3131047487258911,0.32781630754470825,-0.03456268087029457,-0.17812860012054443,0.26510360836982727,0.0879373550415039,-0.019998950883746147,0.14537310600280762,0.8964998126029968,0.4584965109825134,0.1963418573141098,0.1879909634590149,>=0.15,False,True,False,True,True,False,False,False,True,0.08105570822954178,-0.26933157444000244,0.16503827273845673,0.02995889075100422,0.10997802019119263,0.07999999821186066,0.0879373550415039,-0.019998950883746147,0.019998950883746147,0.00828744936734438,-0.006755968555808067,0.010692184790968895,0.04314270243048668,0.005213423166424036,0.0,-0.17974191904067993,0.19486601650714874,0.0010997802019119263,0.005879164673388004,-0.005787213798612356,0.008250387385487556,0.04337557777762413,0-2deg,0.04-0.08,0.0,0.0,0.0,0.0
22,56,True,True,0.04876519367098808,0.04720626398921013,0.03400714695453644,0.22215363383293152,2.319999933242798,1.3193714618682861,0.41328686475753784,-0.01371300034224987,-0.14751951396465302,0.22215363383293152,0.03400714695453644,-0.020012684166431427,0.13469137251377106,1.091732382774353,0.4131622612476349,0.1661030650138855,0.14289380609989166,0.10-0.15,False,True,False,True,True,False,False,False,True,0.03192506730556488,-0.21058598160743713,0.13314363360404968,0.3376937210559845,0.3376937210559845,0.05999999865889549,0.03400714695453644,-0.020186247304081917,0.020186247304081917,-0.005663692951202393,0.02450150065124035,0.025148332118988037,0.02765810117125511,0.004011642653495073,0.001091830083169043,-0.1513541042804718,0.16261664032936096,0.003376937238499522,-0.005073522217571735,0.02355814166367054,0.02409764565527439,0.027977269142866135,0-2deg,0.00-0.04,0.0,0.0,0.0,0.0
23,36,True,True,0.05834723636507988,0.05834723636507988,0.045921918004751205,0.18275059759616852,2.359999895095825,1.1778602600097656,0.29012933373451233,0.0020435883197933435,-0.14529122412204742,0.18275059759616852,0.045921918004751205,-0.019476130604743958,0.14579159021377563,0.5632917881011963,0.29458537697792053,0.11085234582424164,0.17132847011089325,>=0.15,False,True,False,True,True,False,False,False,True,0.05897922068834305,-0.2635670602321625,0.4060478210449219,0.0246892012655735,0.43423429131507874,0.09999999403953552,0.045921918004751205,-0.019940076395869255,0.019940076395869255,-0.01596308872103691,0.055837392807006836,0.05807258188724518,0.0451878160238266,0.0728355199098587,0.010540591552853584,-0.14357315003871918,0.11306871473789215,0.004342342726886272,-0.016997065395116806,0.059205468744039536,0.06159418076276779,0.042871762067079544,2-4deg,0.04-0.08,0.0,0.0,0.0,0.0
24,0,True,True,0.10439647734165192,0.10439647734165192,0.09839902073144913,0.0875854641199112,2.379999876022339,1.5778868198394775,0.3388183116912842,0.021144021302461624,-0.049635522067546844,0.0875854641199112,0.09839902073144913,-0.019673995673656464,0.07151351869106293,1.0294792652130127,0.48731672763824463,0.07216320931911469,0.17374929785728455,>=0.15,False,True,False,True,True,False,False,False,True,0.1053740382194519,-0.3336072266101837,0.46710342168807983,0.1791570484638214,0.1791570484638214,0.09999999403953552,0.09839902073144913,-0.020021554082632065,0.020021554082632065,-0.03853222727775574,0.00629293080419302,0.03904208540916443,0.02531496249139309,0.025337252765893936,0.004619361832737923,-0.05111174285411835,0.07112526893615723,0.001791570452041924,-0.04012683779001236,0.00512760691344738,0.04045354947447777,0.024061301723122597,2-4deg,0.00-0.04,0.0,0.0,0.0,0.0
25,16,True,True,0.11515212059020996,0.050260551273822784,0.10964012891054153,0.2707657217979431,2.3999998569488525,1.5152373313903809,0.3580111563205719,-0.0048897964879870415,0.07833633571863174,0.2707657217979431,0.10964012891054153,-0.020063510164618492,-0.08010167628526688,1.0350953340530396,0.4396318197250366,0.2591862082481384,0.2610083222389221,>=0.15,False,True,False,True,True,False,False,False,True,0.055320415645837784,-0.13591764867305756,0.20785027742385864,0.10337270051240921,0.6844344735145569,0.5199999809265137,0.10964012891054153,-0.020138906314969063,0.020138906314969063,-0.004660607315599918,0.045225564390420914,0.04546523466706276,0.03350280597805977,0.031052250415086746,0.0027186358347535133,0.09091916680335999,0.2550446689128876,0.006844344548881054,-0.020266253501176834,0.047046463936567307,0.0512227863073349,0.02977457456290722,2-4deg,0.00-0.04,0.0,0.0006905339541845024,0.0,0.0
26,4,True,True,0.10757502168416977,0.0981016457080841,0.10164575278759003,0.2269374132156372,2.4600000381469727,1.3910061120986938,0.3344521224498749,-0.01259218342602253,-0.09329582005739212,0.2269374132156372,0.10164575278759003,-0.019894618541002274,0.08115587383508682,1.072798490524292,0.37330982089042664,0.2068730890750885,0.20815837383270264,>=0.15,False,True,False,True,True,False,False,False,True,0.0948847085237503,-0.10823953151702881,0.052331116050481796,0.0402432344853878,0.09322357177734375,0.07999999821186066,0.10164575278759003,-0.020010706037282944,0.020010706037282944,-0.005451158620417118,0.046654004603624344,0.046970780938863754,0.002752232365310192,0.0003452669770922512,0.002156191971153021,-0.09189698845148087,0.20749828219413757,0.0009322356781922281,-0.005607362370938063,0.046578921377658844,0.04691489413380623,0.00311048561707139,2-4deg,0.00-0.04,0.0,0.0,0.0,0.0
27,6,True,True,0.10683325678110123,0.09724096953868866,0.10096403956413269,0.2262980043888092,2.5,1.2689220905303955,0.34761127829551697,-0.009595554322004318,-0.10559764504432678,0.2262980043888092,0.10096403956413269,-0.020008506253361702,0.09560874104499817,0.4618588387966156,0.24102911353111267,0.2001497596502304,0.19339917600154877,>=0.15,False,True,False,True,True,False,False,False,True,0.10361305624246597,-0.0251235980540514,0.3006233274936676,0.06618371605873108,0.1603608876466751,1.2200000286102295,0.10096403956413269,-0.020056724548339844,0.020056724548339844,0.007938963361084461,-0.0035028865095227957,0.008679904043674469,0.033741872757673264,0.04164598509669304,0.0007720404537394643,-0.11016380786895752,0.1976732611656189,0.0016036088345572352,0.03893772512674332,0.006013505160808563,0.03939931094646454,0.016619740054011345,0-2deg,0.00-0.04,0.0,0.0,0.0,0.0
28,34,True,True,0.12068004906177521,0.11063416302204132,0.11561328172683716,0.16635018587112427,2.5199999809265137,1.5042215585708618,0.32338109612464905,-0.06600848585367203,-0.010314039885997772,0.16635018587112427,0.11561328172683716,-0.0194533783942461,-0.05956493690609932,0.5302119255065918,0.3331606090068817,0.1660301387310028,0.1244201585650444,0.10-0.15,False,True,False,True,True,False,False,False,True,0.11481614410877228,-0.24384833872318268,0.46539372205734253,0.0564601868391037,0.721519410610199,0.3799999952316284,0.11561328172683716,-0.020165622234344482,0.020165622234344482,-0.06206119805574417,0.03187942132353783,0.06976063549518585,0.03983486071228981,0.11245624721050262,0.008464349433779716,-0.0008427887223660946,0.16634804010391235,0.007215193938463926,-0.06994502991437912,0.020143091678619385,0.07278307527303696,0.03877900168299675,2-4deg,0.00-0.04,0.0,0.0,0.0,0.0
29,7,True,True,0.05289442092180252,0.05289442092180252,0.03966009244322777,0.13820768892765045,2.5799999237060547,1.2132341861724854,0.3118751645088196,0.005804064683616161,0.015164743177592754,0.13820768892765045,0.03966009244322777,-0.01999233476817608,-0.009211177937686443,0.6589547395706177,0.3438299894332886,0.1373731940984726,0.13736093044281006,0.10-0.15,False,True,False,True,True,False,False,False,True,0.05413438752293587,-0.06830783188343048,0.13300548493862152,0.027561336755752563,0.27602702379226685,0.14000000059604645,0.03966009244322777,-0.01999233476817608,0.01999233476817608,-0.032691892236471176,-0.022333882749080658,0.039589520543813705,0.02367810346186161,0.09967636317014694,0.0,0.018030619248747826,0.13702648878097534,0.002760270144790411,-0.035325758159160614,-0.02211577259004116,0.04167461022734642,0.0203385166823864,2-4deg,0.00-0.04,0.0,0.0,0.0,0.0
30,27,True,True,0.07435556501150131,0.07435556501150131,0.06560210883617401,0.048290885984897614,2.5799999237060547,1.390540599822998,0.3684626817703247,0.003091058460995555,-0.0045056333765387535,0.048290885984897614,0.06560210883617401,-0.01999960094690323,0.007003132253885269,0.7422305345535278,0.4501916170120239,0.048080239444971085,0.055307745933532715,0.05-0.10,False,True,False,True,True,False,False,False,True,0.0676487609744072,-0.11961367726325989,0.26820099353790283,0.10102381557226181,0.10102381557226181,0.07999999821186066,0.06560210883617401,-0.01999960094690323,0.01999960094690323,0.00010364416084485129,-0.005018867086619139,0.005015297792851925,0.009421932511031628,0.013641429133713245,0.0,-0.004333449061959982,0.04809606447815895,0.0010102380765601993,0.00011032328620785847,-0.005579816643148661,0.005577966570854187,0.00927520077675581,0-2deg,0.00-0.04,0.0,0.0,0.0,0.0
31,40,True,True,0.0378912016749382,0.03534797951579094,0.01438029482960701,0.19134697318077087,2.5999999046325684,0.9871934652328491,0.28072598576545715,-0.04073156416416168,0.0017612352967262268,0.19134697318077087,0.01438029482960701,-0.019918251782655716,-0.041903022676706314,0.47866368293762207,0.1900956630706787,0.19133885204792023,0.21553075313568115,>=0.15,False,True,False,True,True,False,False,False,True,0.005654579494148493,0.046616293489933014,0.215387761592865,0.4943835437297821,0.4943835437297821,0.05999999865889549,0.01438029482960701,-0.020107397809624672,0.020107397809624672,0.007725954987108707,0.011716211214661598,0.014033423736691475,0.05392292141914368,0.0,0.0017605233006179333,0.0007394218118861318,0.19134554266929626,0.00494383554905653,0.008759756572544575,0.009817096404731274,0.013156534172594547,0.054179128259420395,0-2deg,0.04-0.08,0.0,0.0,0.0,0.0
32,63,True,True,0.07760787755250931,0.07760787755250931,0.06927028298377991,0.19430013000965118,2.5999999046325684,1.3745490312576294,0.2859484851360321,0.0004754558322019875,-0.005527058616280556,0.19430013000965118,0.06927028298377991,-0.020003704354166985,0.008452191017568111,1.1941473484039307,0.46105027198791504,0.19422149658203125,0.17842906713485718,>=0.15,False,True,False,True,True,False,False,False,True,0.08610881865024567,-0.22799724340438843,0.4462405741214752,0.09432674944400787,0.3709258735179901,0.14000000059604645,0.06927028298377991,-0.02008824609220028,0.02008824609220028,0.0013276160461828113,0.003874106565490365,0.0040998212061822414,0.049267157912254333,0.12568731606006622,0.0,-0.005777684506028891,0.19421419501304626,0.003709258744493127,0.0002868828014470637,-0.0019548472482711077,0.0019834081176668406,0.04934411123394966,0-2deg,0.04-0.08,0.0,0.0,0.0,0.0
33,60,True,True,0.12143449485301971,0.11945099383592606,0.11630029231309891,0.19079484045505524,2.6399998664855957,1.5060334205627441,0.4242329001426697,-0.009141102433204651,-0.05454191938042641,0.19079484045505524,0.11630029231309891,-0.02001027576625347,0.04547538608312607,1.8341922760009766,0.6600916385650635,0.18283285200595856,0.14951546490192413,0.10-0.15,False,True,False,True,True,False,False,False,True,0.11426673829555511,-0.25699904561042786,0.4355505108833313,0.13012348115444183,0.13012348115444183,0.09999999403953552,0.11630029231309891,-0.02001027576625347,0.02001027576625347,-0.0668920949101448,0.0011137211695313454,0.06690166145563126,0.03748908266425133,0.006774640642106533,0.0005980199784971774,-0.05352671071887016,0.18313264846801758,0.001301234820857644,-0.06611306965351105,-0.0018017060356214643,0.06613767147064209,0.0379583016037941,2-4deg,0.00-0.04,0.0,0.0,0.0,0.0
34,54,True,True,0.08338361978530884,0.07024308294057846,0.0756760984659195,0.275640606880188,2.6599998474121094,1.3119503259658813,0.3834415674209595,-0.012299075722694397,-0.09799031168222427,0.275640606880188,0.0756760984659195,-0.020017968490719795,0.08258944749832153,1.6860042810440063,0.6671730875968933,0.257634699344635,0.2572022080421448,>=0.15,False,True,False,True,True,False,False,False,True,0.0608595609664917,-0.2218906432390213,0.24375778436660767,0.1303435117006302,0.22644104063510895,0.07999999821186066,0.0756760984659195,-0.020017968490719795,0.020017968490719795,-0.0016764991451054811,0.03208254277706146,0.032126057893037796,0.049506641924381256,0.004619361832737923,0.0006905339541845024,-0.10452091693878174,0.25505512952804565,0.0022644102573394775,-0.0017748611280694604,0.0350278802216053,0.0350731760263443,0.048715557903051376,0-2deg,0.04-0.08,0.0,0.0,0.0,0.0
35,1,True,True,0.06223755329847336,0.059516992419958115,0.05135836452245712,0.22020138800144196,2.679999828338623,1.4110652208328247,0.4240139126777649,-0.03448493406176567,-0.1779472827911377,0.22020138800144196,0.05135836452245712,-0.01992143876850605,0.14219211041927338,1.243407130241394,0.5316520929336548,0.12970510125160217,0.11633851379156113,0.10-0.15,False,True,False,True,True,False,False,False,True,0.04833941161632538,-0.13887417316436768,0.12856054306030273,0.515018105506897,0.515018105506897,0.07999999821186066,0.05135836452245712,-0.020084848627448082,0.020084848627448082,0.022209370508790016,0.004644609987735748,0.022688494995236397,0.036244239658117294,0.003996756859123707,0.0015440810238942504,-0.18043197691440582,0.1262257993221283,0.005150180775672197,0.02435595728456974,0.00442924490198493,0.02475653775036335,0.03565904498100281,0-2deg,0.00-0.04,0.0,0.0,0.0,0.0
36,11,True,True,0.04241189360618591,0.04241189360618591,0.023958494886755943,0.14742611348628998,2.7200000286102295,1.5116558074951172,0.32427528500556946,0.009937996044754982,0.0334855392575264,0.14742611348628998,0.023958494886755943,-0.019997678697109222,-0.02390259876847267,0.6638875603675842,0.2622697353363037,0.14357289671897888,0.14202480018138885,0.10-0.15,False,True,False,True,True,False,False,False,True,0.05237291380763054,-0.11076067388057709,0.22846198081970215,0.08772037923336029,0.3769982159137726,1.059999942779541,0.023958494886755943,-0.019997678697109222,0.019997678697109222,-0.035169824957847595,0.018556799739599228,0.03976382687687874,0.012509061023592949,0.0343535840511322,0.00048828125,0.03928709402680397,0.14209498465061188,0.0037699821405112743,-0.034327246248722076,0.0239255353808403,0.04184023290872574,0.008662417531013489,2-4deg,0.00-0.04,0.0,0.0,0.0,0.0
37,18,True,True,0.040127310901880264,0.039452649652957916,0.01944166235625744,0.18942485749721527,2.7200000286102295,1.5033705234527588,0.34888845682144165,-0.02286890521645546,-0.14607460796833038,0.18942485749721527,0.01944166235625744,-0.019927535206079483,0.12264384329319,0.6532605886459351,0.24211648106575012,0.1205984503030777,0.18460047245025635,>=0.15,False,True,False,True,True,False,False,False,True,0.01736466959118843,-0.07989317923784256,0.12591630220413208,0.025814779102802277,0.07619406282901764,0.05999999865889549,0.01944166235625744,-0.019927535206079483,0.019927535206079483,-0.02725568599998951,-0.00397516367956996,0.027544433251023293,0.036627594381570816,0.010653089731931686,0.0016558425268158317,-0.14950624108314514,0.11631708592176437,0.0007619406096637249,-0.028686363250017166,-0.004261242225766182,0.0290013886988163,0.036319926381111145,0-2deg,0.00-0.04,0.0,0.0,0.0,0.0
38,30,True,True,0.08398542553186417,0.07321568578481674,0.07632610946893692,0.2492157369852066,2.8999998569488525,1.2985835075378418,0.28920722007751465,-0.003762737149372697,-0.11797140538692474,0.2492157369852066,0.07632610946893692,-0.020024584606289864,0.11592818051576614,1.0861246585845947,0.34517309069633484,0.2195250242948532,0.2200612872838974,>=0.15,False,True,False,True,True,False,False,False,True,0.064804308116436,-0.3693493604660034,0.21051304042339325,0.10958374291658401,0.36226171255111694,0.11999999731779099,0.07632610946893692,-0.020076030865311623,0.020076030865311623,-0.07709842175245285,-0.013503996655344963,0.07826999574899673,0.03161902725696564,0.12976300716400146,0.0009765625,-0.12457937002182007,0.21584361791610718,0.003622617106884718,-0.07417786121368408,-0.015050035901367664,0.07568669319152832,0.03447861224412918,4-6deg,0.00-0.04,0.0,0.0,0.0,0.0
39,55,True,True,0.041557472199201584,0.039089787751436234,0.02239786460995674,0.15328174829483032,2.9600000381469727,1.3124606609344482,0.2773549556732178,0.002756949746981263,-0.0002579968422651291,0.15328174829483032,0.02239786460995674,-0.01999194733798504,0.0029356814920902252,0.8740693926811218,0.353300005197525,0.15328152477741241,0.15453587472438812,>=0.15,False,True,False,True,True,False,False,False,True,0.01758650131523609,-0.05829299986362457,0.17849405109882355,0.32070788741111755,0.32070788741111755,0.05999999865889549,0.02239786460995674,-0.02002968266606331,0.02002968266606331,0.00038539772504009306,0.006721860263496637,0.0067305052652955055,0.0027612620033323765,0.003537935670465231,0.0,-0.0002442531695123762,0.1532815545797348,0.0032070789020508528,0.0004354591656010598,0.0066202119924128056,0.006632374133914709,0.002904302440583706,0-2deg,0.00-0.04,0.0,0.0,0.0,0.0
40,43,True,True,0.11324668675661087,0.1104220375418663,0.10756873339414597,0.17589831352233887,0.9199999570846558,1.405693531036377,0.6112887263298035,0.006456396076828241,-0.09899438172578812,0.17589831352233887,0.10756873339414597,-0.01963382586836815,0.10119082033634186,0.5601710677146912,0.24037112295627594,0.1453971266746521,0.1441061794757843,0.10-0.15,False,True,False,True,True,False,False,False,True,0.10841452330350876,-0.42144152522087097,0.49172264337539673,0.15738099813461304,0.15738099813461304,0.11999999731779099,0.10756873339414597,-0.019714294001460075,0.019714294001460075,0.02848592773079872,-0.04160192236304283,0.05041550099849701,0.03987320140004158,0.04419507086277008,0.0068009840324521065,-0.09211898595094681,0.149847611784935,0.001573809888213873,0.029407920315861702,-0.03768595680594444,0.04779753088951111,0.04060889407992363,2-4deg,0.00-0.04,0.0,0.0,0.0,0.0
41,14,True,True,0.09402836859226227,0.08333668112754822,0.08726705610752106,0.1815747618675232,1.0399999618530273,1.710504412651062,0.8338913321495056,0.015955135226249695,-0.06249336898326874,0.1815747618675232,0.08726705610752106,-0.019983647391200066,0.07848554849624634,0.37631550431251526,0.24858342111110687,0.1704815924167633,0.1607244312763214,>=0.15,False,True,False,True,True,False,False,False,True,0.0757623240351677,-0.2992023527622223,0.3718395233154297,0.12036557495594025,0.34111613035202026,0.09999999403953552,0.08726705610752106,-0.019992856308817863,0.019992856308817863,-0.05086592212319374,-0.03140338137745857,0.059772007167339325,0.024729903787374496,0.019951267167925835,0.0,-0.053143590688705444,0.17362360656261444,0.003411161247640848,-0.051555342972278595,-0.02951812371611595,0.059401676058769226,0.025527924299240112,2-4deg,0.00-0.04,0.0,0.0,0.0,0.0
42,19,True,True,0.04660042002797127,0.04660042002797127,0.030762353911995888,0.12149742245674133,3.059999942779541,1.101415753364563,0.27170732617378235,0.005233190953731537,0.007341328077018261,0.12149742245674133,0.030762353911995888,-0.019997207447886467,-0.001569460961036384,1.1339339017868042,0.4992625415325165,0.12127542495727539,0.13407279551029205,0.10-0.15,False,True,False,True,True,False,False,False,True,0.03493163734674454,-0.08316979557275772,0.1892031878232956,0.04112228751182556,0.278205931186676,0.07999999821186066,0.030762353911995888,-0.020060786977410316,0.020060786977410316,0.025284936651587486,-0.03216632083058357,0.04091225564479828,0.038014501333236694,0.02864149585366249,0.0,0.01211810577660799,0.12089158594608307,0.002782059134915471,0.02298647165298462,-0.03212044760584831,0.0394960381090641,0.038619931787252426,2-4deg,0.00-0.04,0.0,0.0,0.0,0.0
43,9,True,True,0.0517520010471344,0.050461623817682266,0.038188386708498,0.24573783576488495,3.0799999237060547,1.2598178386688232,0.27562853693962097,-0.010607822798192501,-0.1603228598833084,0.24573783576488495,0.038188386708498,-0.02001965045928955,0.1487245112657547,0.8022775053977966,0.38770338892936707,0.18623550236225128,0.152670219540596,>=0.15,False,True,False,True,True,False,False,False,True,0.03591584414243698,-0.34091871976852417,0.21960203349590302,0.04155322164297104,0.18229493498802185,0.07999999821186066,0.038188386708498,-0.02002640813589096,0.02002640813589096,-0.014774409122765064,0.0035147543530911207,0.01518796943128109,0.04212335869669914,0.02253030426800251,0.001423572306521237,-0.16356539726257324,0.18339422345161438,0.0018229492707177997,-0.017274944111704826,0.003725725691765547,0.01767304167151451,0.04150785133242607,0-2deg,0.04-0.08,0.0,0.0,0.0,0.0
44,15,True,True,0.06722674518823624,0.06444735825061798,0.0572175607085228,0.22487471997737885,3.0799999237060547,1.2942014932632446,0.2692699432373047,0.026332536712288857,-0.18685562908649445,0.22487471997737885,0.0572175607085228,-0.019206440076231956,0.21564659476280212,0.9182174801826477,0.41556379199028015,0.12511438131332397,0.11385451257228851,0.10-0.15,False,True,False,True,True,False,False,False,True,0.05428113415837288,-0.3066847622394562,0.2191425859928131,0.3345448970794678,0.3345448970794678,0.09999999403953552,0.0572175607085228,-0.02010451816022396,0.02010451816022396,-0.006257621571421623,-0.024506334215402603,0.02529251202940941,0.04397182539105415,0.0035210479982197285,0.01606900431215763,-0.18660643696784973,0.12548577785491943,0.0033454489894211292,-0.005140467546880245,-0.02112971991300583,0.021746767684817314,0.044920291751623154,0-2deg,0.04-0.08,0.0,0.0,0.0,0.0
45,49,True,True,0.04571276530623436,0.04444436356425285,0.029394201934337616,0.12660153210163116,3.0999999046325684,1.1451865434646606,0.30731043219566345,0.005111170466989279,-0.017994649708271027,0.12660153210163116,0.029394201934337616,-0.01998785510659218,0.023563867434859276,0.8113400936126709,0.3238670229911804,0.12531615793704987,0.1211991086602211,0.10-0.15,False,True,False,True,True,False,False,False,True,0.027243493124842644,-0.14875158667564392,0.017313847318291664,0.05632328614592552,0.17418350279331207,0.09999999403953552,0.029394201934337616,-0.020027581602334976,0.020027581602334976,0.030518891289830208,0.01011066883802414,0.03215017169713974,0.0327526219189167,0.032979462295770645,0.0,-0.018930843099951744,0.12517815828323364,0.0017418350325897336,0.02825619839131832,0.01147313229739666,0.03049628995358944,0.033270202577114105,0-2deg,0.00-0.04,0.0,0.0,0.0,0.0
46,48,True,True,0.06483970582485199,0.06483970582485199,0.05456888675689697,0.16860035061836243,3.119999885559082,0.9925740957260132,0.18087238073349,0.003941923379898071,0.008664455264806747,0.16860035061836243,0.05456888675689697,-0.019984982907772064,-0.00475593376904726,0.6812465786933899,0.3374723196029663,0.1683775633573532,0.16799427568912506,>=0.15,False,True,False,True,True,False,False,False,True,0.06477116048336029,-0.12099877744913101,0.2063072919845581,0.05157893896102905,0.14603997766971588,0.07999999821186066,0.05456888675689697,-0.019990721717476845,0.019990721717476845,-0.0003774452779907733,0.0007284663734026253,0.0008457279182039201,0.0010771610541269183,0.01551029272377491,0.0003452669770922512,0.008541732095181942,0.16838385164737701,0.0014603997115045786,-0.0004318349529057741,0.0006935058045201004,0.0008457279182039201,0.001077929395250976,0-2deg,0.00-0.04,0.0,0.0,0.0,0.0
47,20,True,True,0.09172940999269485,0.07852178812026978,0.08478748798370361,0.2663429379463196,3.179999828338623,1.213773488998413,0.2591753900051117,0.0044318391010165215,-0.0019392543472349644,0.2663429379463196,0.08478748798370361,-0.01998397335410118,0.007093781139701605,0.9434716701507568,0.3496401906013489,0.2663358747959137,0.2637602686882019,>=0.15,False,True,False,True,True,False,False,False,True,0.07186911255121231,-0.10272126644849777,0.15153740346431732,0.02754540741443634,0.2961466908454895,0.07999999821186066,0.08478748798370361,-0.019999319687485695,0.019999319687485695,-0.00024761399254202843,0.025762755423784256,0.02576420083642006,0.0116705521941185,0.018257010728120804,0.0,-0.006549234502017498,0.266262412071228,0.0029614667873829603,-0.0004053626034874469,0.025064742192626,0.025067608803510666,0.012181183323264122,0-2deg,0.00-0.04,0.0,0.0,0.0,0.0
48,44,True,True,0.07721924036741257,0.07719835638999939,0.06899275630712509,0.23181577026844025,2.059999942779541,1.5438005924224854,0.47951579093933105,-0.020999548956751823,0.025110581889748573,0.23181577026844025,0.06899275630712509,-0.018808642402291298,-0.04218664392828941,0.8195505142211914,0.45344045758247375,0.23045174777507782,0.09675242751836777,0.05-0.10,False,True,False,True,True,False,False,False,True,0.07039237767457962,-0.03441686928272247,0.26273855566978455,0.13769444823265076,0.13769444823265076,0.07999999821186066,0.06899275630712509,-0.0190908070653677,0.0190908070653677,0.029191698879003525,0.008348170667886734,0.030361110344529152,0.054045725613832474,0.01806335337460041,0.0236708652228117,0.0236163679510355,0.23060965538024902,0.0013769444776698947,0.03186368569731712,0.010109574533998966,0.03342832252383232,0.052606746554374695,0-2deg,0.04-0.08,0.0,0.0,0.0,0.0
49,52,True,False,0.1308944672346115,0.11271865665912628,0.0,0.0,3.259999990463257,1.4480036497116089,0.40266624093055725,-0.024236543104052544,-0.10166537016630173,0.1365807056427002,0.12740777432918549,-0.015966981649398804,0.07820206135511398,1.414560079574585,0.49805858731269836,0.09120548516511917,0.17207103967666626,>=0.15,True,True,False,True,False,False,False,True,True,0.12740777432918549,-0.10873987525701523,0.08264338225126266,0.03156760707497597,0.03156760707497597,0.0,0.12740777432918549,-0.015966981649398804,0.015966981649398804,-0.005243437364697456,-0.08642991632223129,0.08658858388662338,0.005746462382376194,0.07947584241628647,0.07947584241628647,-0.10873987525701523,0.08264338225126266,0.0003156760649289936,-0.005243437364697456,-0.08642991632223129,0.08658858388662338,0.005746462382376194,4-6deg,0.00-0.04,0.0,0.0,0.0,0.0
50,61,True,True,0.122637078166008,0.11590269207954407,0.11753761023283005,0.19148659706115723,1.959999918937683,1.5514540672302246,0.43710440397262573,-0.027980580925941467,-0.14695855975151062,0.19148659706115723,0.11753761023283005,-0.01999475248157978,0.11853452771902084,0.511122465133667,0.3160410523414612,0.12276114523410797,0.11777530610561371,0.10-0.15,False,True,False,True,True,False,False,False,True,0.11358678340911865,-0.12691593170166016,0.11836043745279312,0.04420080780982971,0.06484150141477585,0.05999999865889549,0.11753761023283005,-0.01999475248157978,0.01999475248157978,0.06883405148983002,0.0688401311635971,0.09731180965900421,0.014336743392050266,0.005382186267524958,0.0003452669770922512,-0.1483985036611557,0.12101652473211288,0.0006484150071628392,0.06936441361904144,0.06864172220230103,0.09754770994186401,0.0140406908467412,4-6deg,0.00-0.04,0.0,0.0,0.0,0.0
51,53,True,True,0.054679520428180695,0.05330324545502663,0.041564151644706726,0.14349214732646942,2.419999837875366,1.0794614553451538,0.34294188022613525,0.0018991135293617845,-0.09153389930725098,0.14349214732646942,0.041564151644706726,-0.019697755575180054,0.09368710964918137,0.8842666745185852,0.34971675276756287,0.1105058565735817,0.1975312978029251,>=0.15,False,True,False,True,True,False,False,False,True,0.0401349700987339,-0.09271594136953354,0.1513255536556244,0.3925051689147949,0.3925051689147949,0.05999999865889549,0.041564151644706726,-0.019973117858171463,0.019973117858171463,-0.012516665272414684,0.02713475562632084,0.029882170259952545,0.010783526115119457,0.0014648438664153218,0.006019944790750742,-0.09480468928813934,0.10771291702985764,0.003925051540136337,-0.012173574417829514,0.02739246003329754,0.029975786805152893,0.010673251003026962,0-2deg,0.00-0.04,0.0,0.0,0.0,0.0
52,12,True,True,0.07913734763860703,0.0773889347910881,0.07085588574409485,0.1306488811969757,3.3999998569488525,1.5405426025390625,0.3124977946281433,-0.01353808119893074,-0.11042273789644241,0.1306488811969757,0.07085588574409485,-0.019872870296239853,0.09697668254375458,0.5773581862449646,0.28033262491226196,0.06982801854610443,0.07373140007257462,0.05-0.10,False,True,False,True,True,False,False,False,True,0.06905637681484222,-0.0790279433131218,0.10846080631017685,0.22996383905410767,0.22996383905410767,0.05999999865889549,0.07085588574409485,-0.020015809684991837,0.020015809684991837,-0.02322125807404518,-0.026099884882569313,0.03493351489305496,0.04916275292634964,0.0009134905994869769,0.00248975632712245,-0.11190859228372574,0.06742105633020401,0.002299638232216239,-0.02504330314695835,-0.026801450178027153,0.03667844831943512,0.04845541715621948,2-4deg,0.04-0.08,0.0,0.0,0.0,0.0
53,39,True,True,0.09247132390737534,0.07385310530662537,0.08557729423046112,0.28201213479042053,3.43999981880188,1.4022674560546875,0.26873549818992615,0.0055790371261537075,-0.10325182229280472,0.28201213479042053,0.08557729423046112,-0.020020311698317528,0.1074104905128479,1.3777824640274048,0.5440206527709961,0.2624307870864868,0.2567632496356964,>=0.15,False,True,False,True,True,False,False,False,True,0.07516080141067505,-0.08049800992012024,0.2689337134361267,0.3299415111541748,0.3920389413833618,0.05999999865889549,0.08557729423046112,-0.020020311698317528,0.020020311698317528,0.010492958128452301,-0.04220154881477356,0.043485142290592194,0.02539309300482273,0.0005980199784971774,0.0009134905994869769,-0.09424914419651031,0.26579681038856506,0.003920389339327812,0.01050642691552639,-0.041171785444021225,0.042490679770708084,0.02609708160161972,2-4deg,0.00-0.04,0.0,0.0,0.0,0.0
54,35,True,True,0.03540555387735367,0.03489505499601364,0.005475201644003391,0.10710719972848892,3.4800000190734863,1.2070320844650269,0.23404335975646973,-0.007713953964412212,0.03143605962395668,0.10710719972848892,0.005475201644003391,-0.02002711407840252,-0.03850698471069336,0.8364045023918152,0.3679705262184143,0.10239006578922272,0.10632794350385666,0.10-0.15,False,True,False,True,True,False,False,False,True,0.0015178247122094035,-0.0933118462562561,0.13727174699306488,0.11511795222759247,0.5083109736442566,0.07999999821186066,0.005475201644003391,-0.020109102129936218,0.020109102129936218,-0.03389175981283188,-0.012353083118796349,0.036072030663490295,0.032742518931627274,0.030640602111816406,0.0013810680247843266,0.03443063423037529,0.10142230242490768,0.005083109717816114,-0.0354403555393219,-0.011164546944200993,0.03715645894408226,0.03232436627149582,2-4deg,0.00-0.04,0.0,0.0,0.0,0.0
55,13,True,True,0.12318526208400726,0.04687236621975899,0.11801780015230179,0.24605558812618256,3.5799999237060547,1.1847351789474487,0.2294704020023346,-0.0013214079663157463,0.10018340498209,0.24605558812618256,0.11801780015230179,-0.020094366744160652,-0.10964930057525635,1.33829927444458,0.34180524945259094,0.22473682463169098,0.24930353462696075,>=0.15,False,True,False,True,True,False,False,False,True,0.030758241191506386,-0.03843269497156143,0.11304639279842377,0.05692865327000618,0.7662802338600159,0.3999999761581421,0.11801780015230179,-0.020120257511734962,0.020120257511734962,0.02072550542652607,-0.04347658529877663,0.04816166311502457,0.0582444965839386,0.027901383116841316,0.0034179703798145056,0.09254860132932663,0.22798708081245422,0.007662802003324032,0.0048278458416461945,-0.05722729489207268,0.057430267333984375,0.05215220898389816,2-4deg,0.04-0.08,0.0,0.0,0.0,0.0
56,59,True,True,0.04621441289782524,0.04621441289782524,0.03017760068178177,0.060769256204366684,3.5999999046325684,1.1976491212844849,0.2951788902282715,0.003929244354367256,-0.026357896625995636,0.060769256204366684,0.03017760068178177,-0.019994474947452545,0.03033350221812725,1.1016979217529297,0.3549727201461792,0.05475549399852753,0.05453728511929512,0.05-0.10,False,True,False,True,True,False,False,False,True,0.03214157000184059,-0.014788745902478695,0.04930685833096504,0.022382942959666252,0.17145606875419617,0.05999999865889549,0.03017760068178177,-0.019994765520095825,0.019994765520095825,-0.020053857937455177,-0.024639785289764404,0.03176777809858322,0.034866757690906525,0.0011960400734096766,0.0,-0.02608371526002884,0.05488663539290428,0.0017145606689155102,-0.01879093050956726,-0.02401237189769745,0.03049042448401451,0.0356350839138031,0-2deg,0.00-0.04,0.0,0.0,0.0,0.0
57,62,True,True,0.04189516231417656,0.04189516231417656,0.022123070433735847,0.23449648916721344,3.5999999046325684,1.3165134191513062,0.22146369516849518,-0.014953619800508022,-0.158395916223526,0.23449648916721344,0.022123070433735847,-0.019598258659243584,0.1420625001192093,0.5183222889900208,0.2685495913028717,0.17291425168514252,0.24869343638420105,>=0.15,False,True,False,True,True,False,False,False,True,0.029737986624240875,-0.13009850680828094,0.22123341262340546,0.042104922235012054,0.04440830647945404,0.07999999821186066,0.022123070433735847,-0.019725952297449112,0.019725952297449112,-0.009156673215329647,0.05582653731107712,0.056571297347545624,0.04802520200610161,0.013956760056316853,0.008206925354897976,-0.1497839093208313,0.18042556941509247,0.00044408306712284684,-0.009277262724936008,0.05864084139466286,0.059369541704654694,0.0458541065454483,2-4deg,0.04-0.08,0.0,0.0,0.0,0.0
58,42,True,True,0.08752274513244629,0.08614373952150345,0.07963784039020538,0.15068860352039337,3.619999885559082,1.108148217201233,0.2366490662097931,0.009445239789783955,-0.11037416011095047,0.15068860352039337,0.07963784039020538,-0.019469251856207848,0.11977143585681915,0.7299346327781677,0.335497111082077,0.10258948057889938,0.2385348230600357,>=0.15,False,True,False,True,True,False,False,False,True,0.08399119228124619,-0.2989955544471741,0.3096737861633301,0.10261084139347076,0.25589585304260254,0.09999999403953552,0.07963784039020538,-0.02017843909561634,0.02017843909561634,-0.02375883050262928,-0.024800356477499008,0.034343171864748,0.002737126313149929,0.10538405179977417,0.01069775689393282,-0.11356979608535767,0.09904018044471741,0.0025589584838598967,-0.02395310066640377,-0.024748893454670906,0.03444024547934532,0.0023720874451100826,0-2deg,0.00-0.04,0.0,0.0,0.0,0.0
59,29,True,True,0.038477376103401184,0.036866381764411926,0.01597844436764717,0.15009112656116486,3.6599998474121094,1.362338900566101,0.31498488783836365,0.005079205613583326,0.01693977601826191,0.15009112656116486,0.01597844436764717,-0.01999247819185257,-0.011925344355404377,1.195811152458191,0.4592278003692627,0.1491321325302124,0.14438891410827637,0.10-0.15,False,True,False,True,True,False,False,False,True,0.011588779278099537,-0.1403692215681076,0.12964312732219696,0.08777689933776855,0.62457275390625,0.07999999821186066,0.01597844436764717,-0.01999247819185257,0.01999247819185257,-0.03166981786489487,-0.01862076297402382,0.03673691675066948,0.003396193264052272,0.021047519519925117,0.0,0.01457962952554226,0.14938132464885712,0.006245727185159922,-0.031640347093343735,-0.01881558634340763,0.03680986911058426,0.0032522748224437237,2-4deg,0.00-0.04,0.0,0.0,0.0,0.0
60,50,True,True,0.04469762369990349,0.04469762369990349,0.027802344411611557,0.1309686303138733,3.7200000286102295,1.3232024908065796,0.311455100774765,0.011186150833964348,0.03365330398082733,0.1309686303138733,0.027802344411611557,-0.019994689151644707,-0.021884283050894737,1.0329035520553589,0.3414503335952759,0.12657107412815094,0.11809615045785904,0.10-0.15,False,True,False,True,True,False,False,False,True,0.032128043472766876,-0.06316995620727539,0.11584187299013138,0.06216645985841751,0.3979465067386627,0.07999999821186066,0.027802344411611557,-0.020078418776392937,0.020078418776392937,-0.028338532894849777,-0.0312524177134037,0.042185090482234955,0.061083659529685974,0.015309149399399757,0.00048828125,0.038972821086645126,0.1250355988740921,0.003979464992880821,-0.031916163861751556,-0.03061993420124054,0.04422609508037567,0.05999980494379997,2-4deg,0.04-0.08,0.0,0.0,0.0,0.0
61,25,True,True,0.05164118483662605,0.05164118483662605,0.03799018636345863,0.21027269959449768,3.799999952316284,1.1316267251968384,0.24969089031219482,0.0008670112583786249,-0.05993995442986488,0.21027269959449768,0.03799018636345863,-0.02000710554420948,0.06316801905632019,0.6998636722564697,0.41903766989707947,0.2015485316514969,0.19708359241485596,>=0.15,False,True,False,True,True,False,False,False,True,0.045785270631313324,-0.06391291320323944,0.18539197742938995,0.05014588683843613,0.12638910114765167,0.05999999865889549,0.03799018636345863,-0.02000710554420948,0.02000710554420948,0.058288317173719406,-0.030700525268912315,0.06587107479572296,0.057269930839538574,0.0021836606319993734,0.0003452669770922512,-0.04857853055000305,0.2045842856168747,0.001263890997506678,0.056864846497774124,-0.02887551672756672,0.0637693777680397,0.05844650790095329,2-4deg,0.04-0.08,0.0,0.0,0.0,0.0
62,31,True,False,0.1380588859319687,0.1380588859319687,0.0,0.0,1.7999999523162842,1.5491256713867188,0.502796471118927,-0.3365592658519745,-0.3143388032913208,0.4426417350769043,0.13419952988624573,-0.018332568928599358,-0.03673858940601349,0.5536363124847412,0.3702245056629181,0.31164535880088806,0.16811919212341309,>=0.15,True,True,False,True,False,False,False,True,True,0.13419952988624573,-0.30263856053352356,0.32301953434944153,0.12352338433265686,0.12352338433265686,0.0,0.13419952988624573,-0.018332568928599358,0.018332568928599358,-0.020651858299970627,0.030544064939022064,0.0368681326508522,0.021197039633989334,0.03354226425290108,0.03354226425290108,-0.30263856053352356,0.32301953434944153,0.0012352338526397943,-0.020651858299970627,0.030544064939022064,0.0368681326508522,0.021197039633989334,2-4deg,0.00-0.04,0.0,0.0,0.0,0.0
63,47,True,False,0.29564252495765686,0.06869003921747208,0.0,0.0,3.9800000190734863,1.2796173095703125,0.26796552538871765,0.025791160762310028,0.06580719351768494,0.26253557205200195,0.2935618460178375,-0.019971493631601334,-0.049364153295755386,0.707685649394989,0.2733480930328369,0.25415414571762085,0.23598137497901917,>=0.15,True,True,False,True,False,False,False,True,True,0.06143798679113388,-0.004545005038380623,0.05445093289017677,0.025518499314785004,1.2234573364257812,0.0,0.2935618460178375,-0.02016078308224678,0.02016078308224678,-0.021223613992333412,0.06977809965610504,0.07292965054512024,0.013183877803385258,0.07332856953144073,0.0003452669770922512,0.07821180671453476,0.2506149113178253,0.012234573252499104,-0.02209756337106228,0.04797252640128136,0.05281393229961395,0.030016830191016197,4-6deg,0.00-0.04,0.0,0.0,0.0,0.0
64,38,True,True,0.03753475099802017,0.03753475099802017,0.01314858254045248,0.24056527018547058,2.0199999809265137,1.493829607963562,0.4738543927669525,-0.01869897171854973,-0.19906602799892426,0.24056527018547058,0.01314858254045248,-0.019829794764518738,0.18038642406463623,0.4725321829319,0.30377092957496643,0.13507170975208282,0.18841619789600372,>=0.15,False,True,False,True,True,False,False,False,True,0.02148405835032463,-0.39320048689842224,0.37938767671585083,0.12945674359798431,0.12945674359798431,0.09999999403953552,0.01314858254045248,-0.019829794764518738,0.019829794764518738,0.001313513028435409,-0.03679139167070389,0.03681473061442375,0.03370595723390579,0.055494219064712524,0.0032388928811997175,-0.20376698672771454,0.12786974012851715,0.00129456736613065,0.003919858019798994,-0.03607993200421333,0.036292821168899536,0.033817630261182785,2-4deg,0.00-0.04,0.0,0.0,0.0,0.0
65,22,True,True,0.09398774802684784,0.08868026733398438,0.0874905213713646,0.27386578917503357,2.0199999809265137,1.519742727279663,0.4530450701713562,-0.03386269509792328,-0.011998485773801804,0.27386578917503357,0.0874905213713646,-0.0190961305052042,-0.022132903337478638,0.7727006673812866,0.4124949276447296,0.27360284328460693,0.021562956273555756,0.00-0.05,False,True,False,True,True,False,False,False,True,0.09298450499773026,-0.2840910255908966,0.27067631483078003,0.13754083216190338,0.15246379375457764,0.2199999988079071,0.0874905213713646,-0.019600477069616318,0.019600477069616318,0.000452405889518559,0.08394069224596024,0.08394156396389008,0.008150861598551273,0.11629492044448853,0.01800716668367386,0.009942203760147095,0.2736852467060089,0.0015246379189193249,0.0008436553180217743,0.08151804655790329,0.08152240514755249,0.016393247991800308,4-6deg,0.00-0.04,0.0,0.0,0.0,0.0
66,3,True,True,0.06576994806528091,0.06576994806528091,0.0554976612329483,0.1866682767868042,2.0999999046325684,1.4771944284439087,0.3692764341831207,0.0006509529775939882,-0.17762982845306396,0.1866682767868042,0.0554976612329483,-0.01946975290775299,0.18155808746814728,0.9434701204299927,0.3996407687664032,0.05738195776939392,0.05286546051502228,0.05-0.10,False,True,False,True,True,False,False,False,True,0.05834176763892174,-0.5168680548667908,0.278702974319458,0.09170819818973541,0.1713598519563675,0.07999999821186066,0.0554976612329483,-0.019892293959856033,0.019892293959856033,0.02440721169114113,-0.008864838629961014,0.025967011228203773,0.05718780681490898,0.06833604723215103,0.010574467480182648,-0.1787066012620926,0.05393514037132263,0.0017135984962806106,0.021330062299966812,-0.010404810309410095,0.023731226101517677,0.057497356086969376,0-2deg,0.04-0.08,0.0,0.0,0.0,0.0
67,26,True,True,0.07439016550779343,0.07257390767335892,0.06565797328948975,0.14484521746635437,3.179999828338623,1.4327888488769531,0.2991928458213806,0.0009618464391678572,-0.06568904966115952,0.14484521746635437,0.06565797328948975,-0.02001952938735485,0.0673675537109375,0.7017266750335693,0.3134888708591461,0.12909333407878876,0.13869976997375488,0.10-0.15,False,True,False,True,True,False,False,False,True,0.06389976292848587,-0.11994927376508713,0.15592660009860992,0.04500260204076767,0.14877945184707642,0.07999999821186066,0.06565797328948975,-0.02001952938735485,0.02001952938735485,-0.0007926427642814815,0.044724706560373306,0.044731464236974716,0.023766279220581055,0.01681225374341011,0.0003452669770922512,-0.06087302044034004,0.1314329355955124,0.001487794448621571,-0.0019060964696109295,0.04558975622057915,0.04563017934560776,0.02323179319500923,2-4deg,0.00-0.04,0.0,0.0,0.0,0.0
68,7,True,True,0.0693754255771637,0.06798742711544037,0.05988844856619835,0.1501733958721161,1.659999966621399,1.2151048183441162,0.25969988107681274,-0.02417858876287937,-0.12495194375514984,0.1501733958721161,0.05988844856619835,-0.01996694691479206,0.1054159626364708,0.44093790650367737,0.2659582793712616,0.08330102264881134,0.0878480076789856,0.05-0.10,False,True,False,True,True,False,False,False,True,0.05858137458562851,-0.2757883667945862,0.2864229083061218,0.06258423626422882,0.14313168823719025,0.09999999403953552,0.05988844856619835,-0.01996694691479206,0.01996694691479206,0.047112785279750824,0.010721750557422638,0.04831617698073387,0.0706910714507103,0.007712699472904205,0.0006905339541845024,-0.1246633380651474,0.08373230695724487,0.0014313168358057737,0.043513257056474686,0.01511342916637659,0.046061962842941284,0.07123202830553055,2-4deg,0.04-0.08,0.0,0.0,0.0,0.0
69,61,True,True,0.10429132729768753,0.09506449103355408,0.09825500845909119,0.1939784586429596,1.0,1.1318461894989014,0.4554674029350281,0.0010233009234070778,-0.027758007869124413,0.1939784586429596,0.09825500845909119,-0.020007194951176643,0.02812100015580654,0.2795419692993164,0.20759016275405884,0.19198213517665863,0.19105304777622223,>=0.15,False,True,False,True,True,False,False,False,True,0.08526545017957687,-0.2274380922317505,0.30002981424331665,0.04738455265760422,0.30526623129844666,0.09999999403953552,0.09825500845909119,-0.020056677982211113,0.020056677982211113,-0.01717134192585945,0.03206413611769676,0.03637158125638962,0.020398637279868126,0.07311020791530609,0.0,-0.03446372225880623,0.19089238345623016,0.0030526623595505953,-0.01821119710803032,0.03323904424905777,0.037899941205978394,0.018825195729732513,2-4deg,0.00-0.04,0.0,0.0,0.0,0.0
70,28,True,True,0.06679137796163559,0.060885678976774216,0.0568789541721344,0.19346883893013,2.1399998664855957,1.1758307218551636,0.34210309386253357,0.012105227448046207,-0.07640281319618225,0.19346883893013,0.0568789541721344,-0.01999431662261486,0.08997538685798645,0.9925509691238403,0.5061302185058594,0.17774364352226257,0.17649589478969574,>=0.15,False,True,False,True,True,False,False,False,True,0.049440860748291016,-0.20130571722984314,0.1316390037536621,0.0525665208697319,0.4956682324409485,0.07999999821186066,0.0568789541721344,-0.01999431662261486,0.01999431662261486,-0.04500556364655495,0.0052395169623196125,0.045308902859687805,0.03368121385574341,0.05188670754432678,0.0005980199784971774,-0.06793692708015442,0.1811484694480896,0.004956682212650776,-0.046770960092544556,0.006148654036223888,0.047173455357551575,0.032501693814992905,2-4deg,0.00-0.04,0.0,0.0,0.0,0.0
71,2,True,True,0.04716004058718681,0.04716004058718681,0.03161289170384407,0.12215013056993484,2.2200000286102295,1.5362623929977417,0.4493412971496582,-0.0002475433284416795,-0.022072330117225647,0.12215013056993484,0.03161289170384407,-0.02001146227121353,0.022317346185445786,0.9877375364303589,0.4759778082370758,0.12013936787843704,0.13131558895111084,0.10-0.15,False,True,False,True,True,False,False,False,True,0.04314100369811058,-0.2725967764854431,0.34949082136154175,0.10435986518859863,0.14430685341358185,0.09999999403953552,0.03161289170384407,-0.02002904936671257,0.02002904936671257,0.0031870065722614527,-0.007208695635199547,0.00788088608533144,0.013108460232615471,0.020834026858210564,0.0005980199784971774,-0.02256680466234684,0.12004746496677399,0.0014430684968829155,0.0037089602556079626,-0.008098394609987736,0.008910326287150383,0.012670536525547504,0-2deg,0.00-0.04,0.0,0.0,0.0,0.0
72,10,True,True,0.05050647258758545,0.05050647258758545,0.03639308363199234,0.13393722474575043,4.539999961853027,1.2453179359436035,0.21431595087051392,0.011629764921963215,0.04626346752047539,0.13393722474575043,0.03639308363199234,-0.01998099312186241,-0.03455905243754387,1.131527066230774,0.29391080141067505,0.12569355964660645,0.11743858456611633,0.10-0.15,False,True,False,True,True,False,False,False,True,0.039133086800575256,-0.06596685200929642,0.10029377043247223,0.03764219954609871,0.5405091047286987,0.07999999821186066,0.03639308363199234,-0.02001124992966652,0.02001124992966652,-0.00010277624824084342,-0.04874775931239128,0.04874742776155472,0.002168850740417838,0.01718396693468094,0.0003452669770922512,0.04431191831827164,0.12639474868774414,0.005405090749263763,-0.00010214699432253838,-0.04881284013390541,0.048813436180353165,1.2926208000862971e-05,2-4deg,0.00-0.04,0.0,0.0,0.0,0.0
73,37,True,True,0.06618791073560715,0.05671634152531624,0.05617960914969444,0.2069535255432129,4.539999961853027,1.2457140684127808,0.19938676059246063,0.0021064896136522293,-0.018785385414958,0.2069535255432129,0.05617960914969444,-0.020010190084576607,0.022681713104248047,0.6643508076667786,0.26574277877807617,0.20609918236732483,0.2311120182275772,>=0.15,False,True,False,True,True,False,False,False,True,0.04100588336586952,-0.15884645283222198,0.25641849637031555,0.053542427718639374,0.11085348576307297,0.14000000059604645,0.05617960914969444,-0.020010190084576607,0.020010190084576607,-0.02875555492937565,0.0015696663176640868,0.02879924140870571,0.0374487042427063,0.06360548734664917,0.00048828125,-0.023067135363817215,0.20566396415233612,0.0011085348669439554,-0.025675054639577866,0.0049205985851585865,0.026143178343772888,0.03838564082980156,0-2deg,0.00-0.04,0.0,0.0,0.0,0.0
74,21,True,True,0.06261925399303436,0.06261925399303436,0.05170346796512604,0.15130117535591125,2.319999933242798,1.2046900987625122,0.3508319854736328,0.0026715798303484917,-0.11429629474878311,0.15130117535591125,0.05170346796512604,-0.019762767478823662,0.11596933007240295,1.123308539390564,0.5801109671592712,0.0991383045911789,0.033291831612586975,0.00-0.05,False,True,False,True,True,False,False,False,True,0.05278048291802406,-0.17322100698947906,0.2437458336353302,0.07663411647081375,0.07663411647081375,0.05999999865889549,0.05170346796512604,-0.0198103915899992,0.0198103915899992,0.03305463492870331,0.005421034060418606,0.03349602222442627,0.07463544607162476,0.004326186142861843,0.003537935670465231,-0.11687246710062027,0.09608784317970276,0.000766341167036444,0.030743436887860298,0.0035060117952525616,0.030942628160119057,0.07542800158262253,0-2deg,0.04-0.08,0.0,0.0,0.0,0.0
75,33,True,True,0.08033556491136551,0.058502186089754105,0.07230699807405472,0.1371125429868698,2.759999990463257,1.308597207069397,0.24966789782047272,-0.003634124994277954,-0.08405227214097977,0.1371125429868698,0.07230699807405472,-0.0200058463960886,0.07730724662542343,0.43282440304756165,0.2334882766008377,0.10832850635051727,0.11017468571662903,0.10-0.15,False,True,False,True,True,False,False,False,True,0.07087741792201996,-0.06476086378097534,0.1002899706363678,0.1063305139541626,0.22856482863426208,0.05999999865889549,0.07230699807405472,-0.0200058463960886,0.0200058463960886,-0.04695267975330353,0.03281688690185547,0.057277414947748184,0.05413470417261124,0.0,0.0006905339541845024,-0.0790352076292038,0.11204144358634949,0.002285648137331009,-0.04895798861980438,0.03207075595855713,0.0585196428000927,0.05284079164266586,2-4deg,0.04-0.08,0.0,0.0,0.0,0.0
76,13,True,True,0.07540959864854813,0.07540959864854813,0.06676824390888214,0.12554322183132172,1.0399999618530273,1.2315945625305176,0.4407649040222168,-0.019811736419796944,-0.10818061977624893,0.12554322183132172,0.06676824390888214,-0.019960353150963783,0.0881696343421936,0.6611559391021729,0.24079523980617523,0.06370285898447037,0.060568589717149734,0.05-0.10,False,True,False,True,True,False,False,False,True,0.07934843748807907,-0.07642337679862976,0.29892995953559875,0.03798249736428261,0.1284368485212326,0.1599999964237213,0.06676824390888214,-0.02001952938735485,0.02001952938735485,0.008008469827473164,-0.012588989920914173,0.014918709173798561,0.010914205573499203,0.0059502325020730495,0.0008457279182039201,-0.10807406902313232,0.0638834685087204,0.001284368452616036,0.009001892991364002,-0.013638257049024105,0.0163411982357502,0.00972069799900055,0-2deg,0.00-0.04,0.0,0.0,0.0,0.0
77,17,True,True,0.10350959002971649,0.10350959002971649,0.0971970409154892,0.1892540603876114,2.7200000286102295,1.4382884502410889,0.3292260468006134,-0.004807817749679089,-0.11679363995790482,0.1892540603876114,0.0971970409154892,-0.019708741456270218,0.11154530942440033,0.6850476264953613,0.3811857998371124,0.14891725778579712,0.12431824207305908,0.10-0.15,False,True,False,True,True,False,False,False,True,0.10220927000045776,-0.35172101855278015,0.3914715647697449,0.10617714375257492,0.511756181716919,0.07999999821186066,0.0971970409154892,-0.02003624476492405,0.02003624476492405,0.0036818510852754116,-0.011262515559792519,0.011850323528051376,0.020062116906046867,0.06808855384588242,0.004270719829946756,-0.1165519431233406,0.14910650253295898,0.0051175616681575775,0.004882744047790766,-0.011245652101933956,0.012260700576007366,0.01996803656220436,0-2deg,0.00-0.04,0.0,0.0,0.0,0.0
78,60,True,True,0.039720986038446426,0.03919705003499985,0.018438778817653656,0.23551253974437714,2.0,1.3320778608322144,0.34132006764411926,-0.01388893648982048,-0.1648445725440979,0.23551253974437714,0.018438778817653656,-0.019842561334371567,0.15162590146064758,0.5469890832901001,0.3034389019012451,0.16820351779460907,0.2127789855003357,>=0.15,False,True,False,True,True,False,False,False,True,0.018196556717157364,0.007023532409220934,0.12440778315067291,0.09847334772348404,0.09847334772348404,0.07999999821186066,0.018438778817653656,-0.019842561334371567,0.019842561334371567,0.02558906562626362,-0.06794501096010208,0.07259678095579147,0.043503958731889725,0.029340621083974838,0.0031644257251173258,-0.17587201297283173,0.15663716197013855,0.000984733458608389,0.02332044206559658,-0.06918025761842728,0.07299914211034775,0.04264459386467934,4-6deg,0.04-0.08,0.0,0.0,0.0,0.0
79,46,True,True,0.08200322091579437,0.08200322091579437,0.07416369765996933,0.10818589478731155,4.659999847412109,1.1955573558807373,0.17405833303928375,0.006817739922553301,-0.03226974233984947,0.10818589478731155,0.07416369765996933,-0.019991857931017876,0.042050983756780624,0.602212131023407,0.29460933804512024,0.1032610833644867,0.09853850305080414,0.05-0.10,False,True,False,True,True,False,False,False,True,0.11296001821756363,-0.0710861086845398,0.4458237886428833,0.039085328578948975,0.17094123363494873,2.5199999809265137,0.07416369765996933,-0.019993236288428307,0.019993236288428307,0.0038881045766174793,-0.025803357362747192,0.026095252484083176,0.08081971853971481,0.011129229329526424,0.0,-0.03130858391523361,0.1035565510392189,0.0017094123177230358,0.06409434974193573,-0.06434950232505798,0.09079240262508392,0.046690355986356735,0-2deg,0.08-0.12,0.0,0.0,0.0,0.0
80,41,True,True,0.05520312860608101,0.05437352880835533,0.04269042983651161,0.04906048625707626,2.5199999809265137,1.6468188762664795,0.34704989194869995,0.003672446357086301,-0.028493184596300125,0.04906048625707626,0.04269042983651161,-0.01999349519610405,0.032911039888858795,0.8550284504890442,0.32138901948928833,0.03993832319974899,0.041704922914505005,0.00-0.05,False,True,False,True,True,False,False,False,True,0.04020269587635994,-0.16072997450828552,0.22267363965511322,0.08526568859815598,0.17405171692371368,0.07999999821186066,0.04269042983651161,-0.019998058676719666,0.019998058676719666,-0.040876150131225586,0.005370097700506449,0.041227277368307114,0.0561913400888443,0.02249588444828987,0.0,-0.030082931742072105,0.03875498101115227,0.0017405170947313309,-0.04084184765815735,0.00873639341443777,0.04176464304327965,0.056016769260168076,2-4deg,0.04-0.08,0.0,0.0,0.0,0.0
81,6,True,False,0.1388382762670517,0.13734033703804016,0.0,0.0,2.319999933242798,1.5858975648880005,0.45791080594062805,-0.10219309478998184,-0.19499969482421875,0.27271050214767456,0.13525721430778503,-0.01760326512157917,0.09125538170337677,0.8593992590904236,0.3848576247692108,0.19064663350582123,0.20561754703521729,>=0.15,True,True,False,True,False,False,False,True,True,0.13525721430778503,-0.19920974969863892,0.18624311685562134,0.026483885943889618,0.026483885943889618,0.0,0.13525721430778503,-0.01760326512157917,0.01760326512157917,-0.00012723897816613317,-0.042693860828876495,0.04269365593791008,0.00944508146494627,0.04579712823033333,0.04579712823033333,-0.19920974969863892,0.18624311685562134,0.0002648388617672026,-0.00012723897816613317,-0.042693860828876495,0.04269365593791008,0.00944508146494627,2-4deg,0.00-0.04,0.0,0.0,0.0,0.0
82,18,True,True,0.09542128443717957,0.09084334969520569,0.08878762274980545,0.1861039102077484,2.0999999046325684,1.2757630348205566,0.310303270816803,0.004268432967364788,-0.12701858580112457,0.1861039102077484,0.08878762274980545,-0.019711462780833244,0.12530109286308289,1.0563477277755737,0.42417067289352417,0.13601815700531006,0.10978326946496964,0.10-0.15,False,True,False,True,True,False,False,False,True,0.08414217829704285,-0.29185712337493896,0.25713393092155457,0.17220912873744965,0.17220912873744965,0.07999999821186066,0.08878762274980545,-0.019711462780833244,0.019711462780833244,-0.03596319630742073,-0.043510112911462784,0.05644148215651512,0.06488444656133652,0.0809406191110611,0.00578773720189929,-0.12801514565944672,0.13508068025112152,0.0017220912268385291,-0.037439558655023575,-0.039855364710092545,0.05467577651143074,0.06648244708776474,2-4deg,0.04-0.08,0.0,0.0,0.0,0.0
83,0,True,True,0.04150606319308281,0.04150606319308281,0.022181857377290726,0.21330992877483368,2.4600000381469727,1.5568995475769043,0.3769019842147827,-0.012919719330966473,-0.06548397988080978,0.21330992877483368,0.022181857377290726,-0.01986531913280487,0.05188814550638199,1.2563270330429077,0.4820772707462311,0.20300979912281036,0.15316355228424072,>=0.15,False,True,False,True,True,False,False,False,True,0.030299602076411247,-0.31424832344055176,0.2806704640388489,0.09394899010658264,0.10676047205924988,0.11999999731779099,0.022181857377290726,-0.020014671608805656,0.020014671608805656,0.010260095819830894,0.07463657855987549,0.0753374695777893,0.03376629576086998,0.12845845520496368,0.002674427116289735,-0.05375245213508606,0.20642626285552979,0.0010676047531887889,0.00792122446000576,0.07199554145336151,0.07242894917726517,0.03679945319890976,4-6deg,0.00-0.04,0.0,0.0,0.0,0.0
84,5,True,True,0.06723176687955856,0.06714656949043274,0.05738772451877594,0.08754224330186844,2.759999990463257,1.510362148284912,0.3189726769924164,-0.0879945307970047,-0.010740533471107483,0.08754224330186844,0.05738772451877594,-0.019965756684541702,-0.07643893361091614,1.4367246627807617,0.5153663158416748,0.0868808701634407,0.09770019352436066,0.05-0.10,False,True,False,True,True,False,False,False,True,0.09580142796039581,-0.14332054555416107,0.4119694232940674,0.24054010212421417,0.3101305067539215,0.5600000023841858,0.05738772451877594,-0.02012506313621998,0.02012506313621998,-0.0791623517870903,-0.06088370457291603,0.09982838481664658,0.05198690667748451,0.016421250998973846,0.001035800902172923,-0.0024466747418045998,0.08750804513692856,0.003101305104792118,-0.08447162806987762,-0.07825532555580139,0.11508612334728241,0.01920357346534729,4-6deg,0.04-0.08,0.0,0.0006905339541845024,0.0,0.0
85,54,True,False,0.13722053170204163,0.13722053170204163,0.0,0.0,2.3399999141693115,1.655438780784607,0.4905996322631836,-0.37090569734573364,-0.280748188495636,0.4464799463748932,0.13319523632526398,-0.018055211752653122,-0.10022696107625961,0.9519150257110596,0.410375714302063,0.3471668064594269,0.21326042711734772,>=0.15,True,True,False,True,False,False,False,True,True,0.13319523632526398,-0.2788020372390747,0.34873166680336,0.07996682822704315,0.07996682822704315,0.0,0.13319523632526398,-0.018055211752653122,0.018055211752653122,-0.030468685552477837,0.022483093664050102,0.03786374256014824,0.012973868288099766,0.029669949784874916,0.029669949784874916,-0.2788020372390747,0.34873166680336,0.0007996682543307543,-0.030468685552477837,0.022483093664050102,0.03786374256014824,0.012973868288099766,2-4deg,0.00-0.04,0.0,0.0,0.0,0.0
86,22,True,True,0.07084701955318451,0.06995263695716858,0.06162238121032715,0.16291819512844086,1.0199999809265137,1.9974405765533447,0.9782957434654236,-0.010227990336716175,-0.13258937001228333,0.16291819512844086,0.06162238121032715,-0.020015185698866844,0.12190520763397217,0.6295871734619141,0.3440767228603363,0.09466995298862457,0.1575743556022644,>=0.15,False,True,False,True,True,False,False,False,True,0.06434869766235352,-0.39931195974349976,0.296507865190506,0.17113739252090454,0.17113739252090454,0.09999999403953552,0.06162238121032715,-0.020015185698866844,0.020015185698866844,-0.013960828073322773,-0.00561799481511116,0.015049980953335762,0.04792773723602295,0.031190169975161552,0.0006905339541845024,-0.1308697611093521,0.09703323245048523,0.0017113739158958197,-0.017726071178913116,-0.006067089270800352,0.01873398944735527,0.04682779312133789,0-2deg,0.04-0.08,0.0,0.0,0.0,0.0
87,15,True,False,0.14677800238132477,0.14677800238132477,0.0,0.0,1.9799998998641968,1.4435218572616577,0.4842936098575592,-0.12220166623592377,-0.07799120247364044,0.4792531132698059,0.1430465579032898,-0.016400540247559547,-0.04744536802172661,0.7842773795127869,0.43103697896003723,0.47286456823349,0.2287892997264862,>=0.15,True,True,False,True,False,False,False,True,True,0.1430465579032898,-0.046003490686416626,0.47704005241394043,0.05968404933810234,0.05968404933810234,0.0,0.1430465579032898,-0.016400540247559547,0.016400540247559547,-0.04802606627345085,0.05057487636804581,0.06973070651292801,0.032652001827955246,0.053176261484622955,0.053176261484622955,-0.046003490686416626,0.47704005241394043,0.0005968404584564269,-0.04802606627345085,0.05057487636804581,0.06973070651292801,0.032652001827955246,2-4deg,0.00-0.04,0.0,0.0,0.0,0.0
88,63,True,True,0.0878055989742279,0.05911758542060852,0.08052048087120056,0.12806425988674164,2.4600000381469727,1.240167260169983,0.3240812420845032,0.013835621997714043,0.07172033935785294,0.12806425988674164,0.08052048087120056,-0.01998147740960121,-0.060733452439308167,0.5856807827949524,0.28823649883270264,0.10609736293554306,0.0984562560915947,0.05-0.10,False,True,False,True,True,False,False,False,True,0.07949912548065186,-0.043757956475019455,0.0901622325181961,0.02984820492565632,0.6114198565483093,0.11999999731779099,0.08052048087120056,-0.020044203847646713,0.020044203847646713,0.06010846421122551,0.00599318603053689,0.060406237840652466,0.0548592135310173,0.06435038149356842,0.0003452669770922512,0.06518944352865219,0.11023063212633133,0.006114198360592127,0.06289737671613693,0.0013178809313103557,0.06291153281927109,0.053991690278053284,2-4deg,0.04-0.08,0.0,0.0,0.0,0.0
89,32,True,True,0.047461189329624176,0.047461189329624176,0.03206571936607361,0.13635815680027008,3.5799999237060547,1.2185696363449097,0.3042815923690796,0.010648764669895172,0.033204756677150726,0.13635815680027008,0.03206571936607361,-0.020004261285066605,-0.021882450208067894,0.7548823952674866,0.2675953805446625,0.1322535127401352,0.12287329882383347,0.10-0.15,False,True,False,True,True,False,False,False,True,0.03552374243736267,-0.07463344186544418,0.06942395120859146,0.1110718622803688,0.2369242012500763,0.07999999821186066,0.03206571936607361,-0.020006554201245308,0.020006554201245308,0.011382062919437885,-0.0021699562203139067,0.01158581767231226,0.03521043062210083,0.0009134905994869769,0.0003452669770922512,0.03289075940847397,0.1323319524526596,0.0023692420218139887,0.010706769302487373,-0.004169939085841179,0.011487651616334915,0.03513963147997856,0-2deg,0.00-0.04,0.0,0.0,0.0,0.0
90,56,True,True,0.07973777502775192,0.07802016288042068,0.07164376974105835,0.06159549951553345,2.799999952316284,1.503053069114685,0.34362754225730896,0.006795249879360199,-0.028238754719495773,0.06159549951553345,0.07164376974105835,-0.01999831572175026,0.03516292944550514,1.4934278726577759,0.6301179528236389,0.05474101006984711,0.053582314401865005,0.05-0.10,False,True,False,True,True,False,False,False,True,0.0694597139954567,-0.27292272448539734,0.0805562362074852,0.21554163098335266,0.21554163098335266,0.07999999821186066,0.07164376974105835,-0.01999831572175026,0.01999831572175026,0.031003432348370552,-0.05410785973072052,0.06235349923372269,0.06745782494544983,0.0240629892796278,0.0,-0.031442586332559586,0.052965741604566574,0.002155416179448366,0.027069153264164925,-0.05519617721438408,0.06147010996937752,0.06858371943235397,2-4deg,0.04-0.08,0.0,0.0006905339541845024,0.0,0.0
91,9,True,True,0.06811238080263138,0.06811238080263138,0.05820794776082039,0.20541927218437195,2.059999942779541,1.5020802021026611,0.4359130263328552,0.0026966736186295748,-0.19071748852729797,0.20541927218437195,0.05820794776082039,-0.019462287425994873,0.19091197848320007,0.9351626634597778,0.42316150665283203,0.07631458342075348,0.07515717297792435,0.05-0.10,False,True,False,True,True,False,False,False,True,0.059312500059604645,-0.143830344080925,0.04674473777413368,0.0608818382024765,0.14931532740592957,0.05999999865889549,0.05820794776082039,-0.01964198425412178,0.01964198425412178,-0.03464287519454956,0.005308208521455526,0.03504766896367073,0.05176004394888878,0.00845730397850275,0.01073668897151947,-0.18796101212501526,0.08287180960178375,0.0014931532787159085,-0.033926237374544144,0.007253514137119055,0.034692052751779556,0.05189138650894165,2-4deg,0.04-0.08,0.0,0.0,0.0,0.0
92,55,True,True,0.08786846697330475,0.08211982250213623,0.08060358464717865,0.1630426049232483,2.200000047683716,1.5658679008483887,0.4334559738636017,0.0016820993041619658,-0.05610322207212448,0.1630426049232483,0.08060358464717865,-0.0200148094445467,0.052979372441768646,0.7547525763511658,0.4020601809024811,0.15308599174022675,0.15632301568984985,>=0.15,False,True,False,True,True,False,False,False,True,0.07603368908166885,-0.2931767702102661,0.20796480774879456,0.09305519610643387,0.11935612559318542,0.11999999731779099,0.08060358464717865,-0.0200148094445467,0.0200148094445467,-0.048762246966362,0.0322674959897995,0.05846458673477173,0.0541992112994194,0.08276820927858353,0.0,-0.04752336069941521,0.15596288442611694,0.0011935612419620156,-0.051403433084487915,0.027523213997483253,0.05830216780304909,0.05438460782170296,2-4deg,0.04-0.08,0.0,0.0,0.0,0.0
93,57,True,True,0.056061312556266785,0.05349802225828171,0.043750956654548645,0.2378612905740738,5.179999828338623,1.4870086908340454,0.21434204280376434,0.02073422260582447,0.06510451436042786,0.2378612905740738,0.043750956654548645,-0.020013803616166115,-0.047006528824567795,1.0666794776916504,0.37404969334602356,0.22877804934978485,0.2232877016067505,>=0.15,False,True,False,True,True,False,False,False,True,0.11647102981805801,-0.18936803936958313,0.15097399055957794,0.04683825746178627,0.4825895130634308,2.859999895095825,0.043750956654548645,-0.020092803984880447,0.020092803984880447,-0.01877540908753872,-0.04376800358295441,0.04762256518006325,0.04172191768884659,0.004796606954187155,0.0016194459749385715,0.07156834006309509,0.226839080452919,0.004825895186513662,-0.013297190889716148,0.028975583612918854,0.03188017010688782,0.0526668056845665,2-4deg,0.04-0.08,0.0,0.0,0.0,0.0
94,1,True,True,0.05023358389735222,0.05023358389735222,0.0360293984413147,0.1270771622657776,2.559999942779541,1.2751660346984863,0.2818126082420349,0.004337076563388109,0.006540908012539148,0.1270771622657776,0.0360293984413147,-0.019994912669062614,-0.002933664945885539,0.5266934037208557,0.25402581691741943,0.12690871953964233,0.125553697347641,0.10-0.15,False,True,False,True,True,False,False,False,True,0.03702394664287567,0.019173087552189827,0.14398659765720367,0.42591461539268494,0.42591461539268494,0.05999999865889549,0.0360293984413147,-0.020065220072865486,0.020065220072865486,0.05724851414561272,0.01415152009576559,0.05896938964724541,0.025112945586442947,0.0014648438664153218,0.0003452669770922512,0.0066063292324543,0.12690533697605133,0.00425914628431201,0.05773204565048218,0.015016606077551842,0.05965115502476692,0.02443716861307621,2-4deg,0.00-0.04,0.0,0.0,0.0,0.0
95,49,True,False,0.1413521021604538,0.1413521021604538,0.0,0.0,2.1599998474121094,1.683237075805664,0.4622541666030884,-0.3451713025569916,-0.2947707176208496,0.4385931193828583,0.13767318427562714,-0.017035946249961853,-0.0622093491256237,1.2885463237762451,0.5859208703041077,0.3247678577899933,0.19140133261680603,>=0.15,True,True,False,True,False,False,False,True,True,0.13767318427562714,-0.27946460247039795,0.33802875876426697,0.3632420003414154,0.3632420003414154,0.0,0.13767318427562714,-0.017035946249961853,0.017035946249961853,-0.05728253722190857,0.021760398522019386,0.06127185747027397,0.04342886060476303,0.058233592659235,0.058233592659235,-0.27946460247039795,0.33802875876426697,0.003632419975474477,-0.05728253722190857,0.021760398522019386,0.06127185747027397,0.04342886060476303,2-4deg,0.04-0.08,0.0,0.0,0.0,0.0
96,34,True,True,0.06002611294388771,0.06002611294388771,0.04877278953790665,0.08168608695268631,2.759999990463257,1.5697786808013916,0.3550945520401001,0.003750000847503543,-0.023375846445560455,0.08168608695268631,0.04877278953790665,-0.01999967359006405,0.027552198618650436,0.39920806884765625,0.17761285603046417,0.07826995849609375,0.07528681308031082,0.05-0.10,False,True,False,True,True,False,False,False,True,0.05563727021217346,-0.11280481517314911,0.06810878962278366,0.02427864633500576,0.12275820970535278,0.14000000059604645,0.04877278953790665,-0.01999967359006405,0.01999967359006405,-0.033678121864795685,0.030463993549346924,0.04540880396962166,0.01706324890255928,0.05494994670152664,0.0,-0.025360243394970894,0.07764969021081924,0.0012275821063667536,-0.035395801067352295,0.02952028438448906,0.04608654975891113,0.015661846846342087,2-4deg,0.00-0.04,0.0,0.0,0.0,0.0
97,58,True,True,0.051931630820035934,0.04865402355790138,0.038340914994478226,0.24381355941295624,3.2200000286102295,1.2790437936782837,0.35961291193962097,-0.0006032011588104069,-0.13539592921733856,0.24381355941295624,0.038340914994478226,-0.020005857571959496,0.13453036546707153,1.8654614686965942,0.6429145336151123,0.2027633935213089,0.1987495869398117,>=0.15,False,True,False,True,True,False,False,False,True,0.03404756635427475,-0.24729372560977936,0.20041826367378235,0.4088364541530609,0.4088364541530609,0.05999999865889549,0.038340914994478226,-0.020296664908528328,0.020296664908528328,0.00658907275646925,-0.003474630881100893,0.007445305585861206,0.008166558109223843,0.0037186413537710905,0.0008457279182039201,-0.13395163416862488,0.20372042059898376,0.004088364541530609,0.006266019307076931,-0.003537646494805813,0.007192847318947315,0.008289621211588383,0-2deg,0.00-0.04,0.0,0.0,0.0,0.0
98,62,True,True,0.10575686395168304,0.10446342825889587,0.09971033781766891,0.10522208362817764,1.7599999904632568,1.5267555713653564,0.4137091338634491,0.017084751278162003,-0.0881306454539299,0.10522208362817764,0.09971033781766891,-0.01959419623017311,0.10423458367586136,0.8110149502754211,0.4340052902698517,0.05748632177710533,0.15238745510578156,>=0.15,False,True,False,True,True,False,False,False,True,0.10398358851671219,-0.397758811712265,0.37545546889305115,0.09981454908847809,0.09981454908847809,0.11999999731779099,0.09971033781766891,-0.02000999264419079,0.02000999264419079,-0.023612244054675102,0.00570671958848834,0.02429228276014328,0.025454185903072357,0.09150486439466476,0.005910027306526899,-0.08831535279750824,0.057202160358428955,0.0009981454350054264,-0.021432852372527122,0.004226188641041517,0.021845221519470215,0.027213117107748985,0-2deg,0.00-0.04,0.0,0.0,0.0,0.0
99,43,True,True,0.06121569871902466,0.044104691594839096,0.05027751252055168,0.20529139041900635,2.3999998569488525,1.4818778038024902,0.35191836953163147,-0.019704481586813927,0.02659996598958969,0.20529139041900635,0.05027751252055168,-0.02006196416914463,-0.04586833342909813,1.5669004917144775,0.540846049785614,0.20356079936027527,0.25648584961891174,>=0.15,False,True,False,True,True,False,False,False,True,0.036282625049352646,-0.051222287118434906,0.26933372020721436,0.03642670810222626,0.1082800105214119,0.07999999821186066,0.05027751252055168,-0.02006196416914463,0.02006196416914463,-0.07762958109378815,0.0012847221223637462,0.0776400938630104,0.003129363991320133,0.001035800902172923,0.0003452669770922512,0.02266429364681244,0.20403647422790527,0.0010828000959008932,-0.07749946415424347,0.0014676207210868597,0.077513188123703,0.004796719178557396,4-6deg,0.00-0.04,0.0,0.0,0.0,0.0
100,24,True,True,0.09116066992282867,0.09116066992282867,0.08417641371488571,0.1557043045759201,5.460000038146973,1.5145937204360962,0.20637093484401703,-0.017215462401509285,-0.09108156710863113,0.1557043045759201,0.08417641371488571,-0.02000454068183899,0.07316494733095169,0.511994481086731,0.2942477762699127,0.12628531455993652,0.16151095926761627,>=0.15,False,True,False,True,True,False,False,False,True,0.11399949342012405,-0.09756733477115631,0.20220723748207092,0.02961147576570511,0.3669918179512024,3.5199999809265137,0.08417641371488571,-0.020126864314079285,0.020126864314079285,0.03374099358916283,-0.01442854106426239,0.03669469803571701,0.03368895500898361,0.01048389170318842,0.0,-0.09844577312469482,0.12063276022672653,0.0036699180491268635,-0.05107445642352104,0.03717350587248802,0.06316038966178894,0.00840487889945507,2-4deg,0.00-0.04,0.0,0.0,0.0,0.0
101,27,True,True,0.05656169727444649,0.04934079572558403,0.04419426992535591,0.19926410913467407,3.0,1.4881032705307007,0.3384321331977844,-0.0006887835334055126,-0.04268039017915726,0.19926410913467407,0.04419426992535591,-0.019833669066429138,0.045056458562612534,1.0185234546661377,0.3207530081272125,0.19463957846164703,0.2167673408985138,>=0.15,False,True,False,True,True,False,False,False,True,0.025509051978588104,-0.2266847938299179,0.2572408616542816,0.06158176437020302,0.25441768765449524,0.11999999731779099,0.04419426992535591,-0.019996777176856995,0.019996777176856995,0.00701840128749609,0.053399983793497086,0.05385930463671684,0.07235803455114365,0.10444264113903046,0.0032936385832726955,-0.04519138112664223,0.1940719485282898,0.0025441767647862434,-0.00016948580741882324,0.05233187973499298,0.05233186483383179,0.07288261502981186,2-4deg,0.04-0.08,0.0,0.0006905339541845024,0.0,0.0
102,36,True,True,0.047946855425834656,0.044368743896484375,0.032755788415670395,0.20530319213867188,3.2200000286102295,1.435555338859558,0.31454214453697205,0.013475405052304268,-0.04505818709731102,0.20530319213867188,0.032755788415670395,-0.019983593374490738,0.05970252677798271,1.1869051456451416,0.4341546297073364,0.20029768347740173,0.19709643721580505,>=0.15,False,True,False,True,True,False,False,False,True,0.025174234062433243,-0.26298287510871887,0.14308814704418182,0.13467450439929962,0.28302115201950073,0.07999999821186066,0.032755788415670395,-0.0199840497225523,0.0199840497225523,0.0006214881432242692,-0.04691579192876816,0.04691997542977333,0.053122978657484055,0.02609981968998909,0.0,-0.035000406205654144,0.20229774713516235,0.002830211538821459,-7.662038115086034e-05,-0.04995807260274887,0.049958061426877975,0.05089924484491348,2-4deg,0.04-0.08,0.0,0.0006905339541845024,0.0,0.0
103,16,True,True,0.08742919564247131,0.07323235273361206,0.08011337369680405,0.2046157419681549,3.2200000286102295,1.3060932159423828,0.27036261558532715,0.0047457474283874035,-0.008212868124246597,0.2046157419681549,0.08011337369680405,-0.019988244399428368,0.015365252271294594,0.93671053647995,0.3315207362174988,0.20445086061954498,0.20408335328102112,>=0.15,False,True,False,True,True,False,False,False,True,0.07135167717933655,-0.06628602743148804,0.05469302460551262,0.02848811447620392,0.25198620557785034,0.09999999403953552,0.08011337369680405,-0.020060589537024498,0.020060589537024498,-0.0012949908850714564,0.009457304142415524,0.0095434058457613,0.04133697971701622,0.039865653961896896,0.0,-0.009369260631501675,0.20440112054347992,0.002519862027838826,0.0007748811040073633,0.006857975386083126,0.006905353162437677,0.041704196482896805,0-2deg,0.04-0.08,0.0,0.0,0.0,0.0
104,51,True,True,0.040374755859375,0.040374755859375,0.01748773641884327,0.10942558199167252,3.6999998092651367,1.365778923034668,0.28453442454338074,-0.04908917471766472,-0.01975264772772789,0.10942558199167252,0.01748773641884327,-0.018403813242912292,-0.02716953493654728,1.201597809791565,0.35578519105911255,0.10762801766395569,0.1267729103565216,0.10-0.15,False,True,False,True,True,False,False,False,True,0.020263129845261574,-0.07187048345804214,0.05156946927309036,0.06569339334964752,0.06569339334964752,0.14000000059604645,0.01748773641884327,-0.018403813242912292,0.018403813242912292,-0.07026264071464539,-0.06838081777095795,0.09800564497709274,0.032768137753009796,0.07984212040901184,0.0303709264844656,-0.011286530643701553,0.10884195566177368,0.0006569339311681688,-0.0685197040438652,-0.0716680958867073,0.09911233186721802,0.029416048899292946,4-6deg,0.00-0.04,0.0,0.0,0.0,0.0
105,45,True,True,0.0664101094007492,0.06323330849409103,0.05647559463977814,0.20026510953903198,3.5399999618530273,1.1490789651870728,0.3103381097316742,0.015583174303174019,0.05794175714254379,0.20026510953903198,0.05647559463977814,-0.020020699128508568,-0.043334126472473145,1.1291736364364624,0.36402422189712524,0.19169993698596954,0.1794230341911316,>=0.15,False,True,False,True,True,False,False,False,True,0.05250219255685806,-0.05884043127298355,0.047648899257183075,0.07476571947336197,0.46087297797203064,0.07999999821186066,0.05647559463977814,-0.020040806382894516,0.020040806382894516,-0.005663205869495869,0.01790977269411087,0.01878483034670353,0.01770959049463272,0.01211397722363472,0.0007720404537394643,0.0544440895318985,0.19272246956825256,0.004608729854226112,-0.006713783368468285,0.017758892849087715,0.018986830487847328,0.017670808359980583,0-2deg,0.00-0.04,0.0,0.0,0.0,0.0
106,20,True,True,0.043248023837804794,0.040567006915807724,0.02537926658987999,0.1469058394432068,2.5199999809265137,1.3513996601104736,0.379848837852478,0.011074741370975971,-0.059062469750642776,0.1469058394432068,0.02537926658987999,-0.020000463351607323,0.0701042041182518,1.2470084428787231,0.5434322953224182,0.13451004028320312,0.13514627516269684,0.10-0.15,False,True,False,True,True,False,False,False,True,0.018996234983205795,-0.000895670847967267,0.1652623862028122,0.035716164857149124,0.24925848841667175,0.07999999821186066,0.02537926658987999,-0.020016437396407127,0.020016437396407127,0.002742053708061576,0.02350081317126751,0.02366078831255436,0.016477767378091812,0.013318635523319244,0.0007720404537394643,-0.061739880591630936,0.13330234587192535,0.002492584753781557,0.003190457122400403,0.02436881884932518,0.024577710777521133,0.016085969284176826,0-2deg,0.00-0.04,0.0,0.0,0.0,0.0
107,50,True,True,0.09818477183580399,0.09818477183580399,0.09235843271017075,0.27351799607276917,2.059999942779541,1.6161808967590332,0.4846283197402954,-0.049273595213890076,0.013419326394796371,0.27351799607276917,0.09235843271017075,-0.016196615993976593,-0.061862073838710785,0.7471441626548767,0.4548191726207733,0.27318862080574036,0.13341651856899261,0.10-0.15,False,True,False,True,True,False,False,False,True,0.1095866933465004,-0.2411060780286789,0.305745005607605,0.08666735887527466,0.08855564147233963,0.1599999964237213,0.09235843271017075,-0.016728447750210762,0.016728447750210762,0.02918725088238716,0.06745877861976624,0.07349354028701782,0.04526583477854729,0.176504984498024,0.07503276318311691,0.028921762481331825,0.27198460698127747,0.0008855563937686384,0.027878412976861,0.07322528213262558,0.07834390550851822,0.03920074552297592,4-6deg,0.04-0.08,0.0,0.0,0.0,0.0
108,8,True,True,0.039261557161808014,0.037184927612543106,0.01778835617005825,0.17214226722717285,5.799999713897705,1.164034128189087,0.17078177630901337,0.012247019447386265,0.051514871418476105,0.17214226722717285,0.01778835617005825,-0.020009392872452736,-0.03896433487534523,1.0629733800888062,0.3038141429424286,0.16425339877605438,0.16441676020622253,>=0.15,False,True,False,True,True,False,False,False,True,0.014673878438770771,-0.1008014902472496,0.05271507799625397,0.05803467705845833,0.3644634485244751,0.09999999403953552,0.01778835617005825,-0.020081324502825737,0.020081324502825737,0.020815161988139153,0.031253352761268616,0.03754909709095955,0.048963118344545364,0.04002833366394043,0.0007720404537394643,0.05825599282979965,0.16198518872261047,0.0036446345038712025,0.02242380566895008,0.03477603569626808,0.041375964879989624,0.047833606600761414,2-4deg,0.04-0.08,0.0,0.0006905339541845024,0.0,0.0
109,3,True,True,0.09719867259263992,0.09572897851467133,0.090896837413311,0.15943576395511627,1.7599999904632568,1.3842008113861084,0.371987909078598,0.020882785320281982,-0.0417456179857254,0.15943576395511627,0.090896837413311,-0.019302034750580788,0.06154502555727959,0.6170752644538879,0.36328792572021484,0.15387354791164398,0.07454483211040497,0.05-0.10,False,True,False,True,True,False,False,False,True,0.08904475718736649,0.03307444602251053,0.2338915914297104,0.027784433215856552,0.060577042400836945,0.05999999865889549,0.090896837413311,-0.019302034750580788,0.019302034750580788,0.010550649836659431,-0.06365766376256943,0.06452532112598419,0.023814057931303978,0.010891024954617023,0.014007915742695332,-0.0383477620780468,0.15475532412528992,0.0006057703867554665,0.011442510411143303,-0.06331741809844971,0.06434203684329987,0.02391945756971836,2-4deg,0.00-0.04,0.0,0.0,0.0,0.0
110,11,True,True,0.05564641207456589,0.05536694452166557,0.04315885156393051,0.18237794935703278,3.119999885559082,1.4527326822280884,0.2594030201435089,-0.019056184217333794,-0.1541297435760498,0.18237794935703278,0.04315885156393051,-0.019853565841913223,0.13611075282096863,2.1148605346679688,0.6704831719398499,0.0974973663687706,0.11883536726236343,0.10-0.15,False,True,False,True,True,False,False,False,True,0.0460580512881279,-0.3419184386730194,0.33172303438186646,0.03419245034456253,0.11111120879650116,0.09999999403953552,0.04315885156393051,-0.019853565841913223,0.019853565841913223,0.03803880140185356,-0.012804445810616016,0.04013543203473091,0.05145607516169548,0.04628150165081024,0.0027186358347535133,-0.15129971504211426,0.10183374583721161,0.00111111206933856,0.041727807372808456,-0.011162743903696537,0.043194860219955444,0.04946116730570793,2-4deg,0.04-0.08,0.0,0.0,0.0,0.0
111,5,True,True,0.05408113822340965,0.05408113822340965,0.04122534766793251,0.0642111524939537,1.0,1.329603910446167,0.6823101043701172,0.0046262540854513645,0.004837317857891321,0.0642111524939537,0.04122534766793251,-0.019993912428617477,-0.0002630296803545207,0.5370253324508667,0.16383101046085358,0.06402868777513504,0.06888251006603241,0.05-0.10,False,True,False,True,True,False,False,False,True,0.044885896146297455,-0.2582365870475769,0.4420906603336334,0.13693253695964813,0.33070337772369385,0.09999999403953552,0.04122534766793251,-0.019993912428617477,0.019993912428617477,-0.006354102864861488,0.07967335730791092,0.0799257755279541,0.007874831557273865,0.002537184627726674,0.0003452669770922512,0.0051985327154397964,0.06400036811828613,0.00330703379586339,-0.006812165025621653,0.0799889862537384,0.08027812093496323,0.006140652112662792,4-6deg,0.00-0.04,0.0,0.0,0.0,0.0
112,23,True,True,0.04182794690132141,0.038459450006484985,0.022955574095249176,0.2103801965713501,5.87999963760376,1.113390564918518,0.1442122757434845,-0.023514823988080025,0.05677802115678787,0.2103801965713501,0.022955574095249176,-0.020070064812898636,-0.07871872931718826,1.0294597148895264,0.29560697078704834,0.20257365703582764,0.2083991914987564,>=0.15,False,True,False,True,True,False,False,False,True,0.028774356469511986,-0.10592152178287506,0.3022872507572174,0.02692771703004837,0.42188528180122375,0.14000000059604645,0.022955574095249176,-0.020070064812898636,0.020070064812898636,0.0676543265581131,-0.029373837634921074,0.0737471804022789,0.05213785171508789,0.11699452251195908,0.001691456069238484,0.062016960233449936,0.2010316550731659,0.004218852613121271,0.07073692977428436,-0.024082791060209274,0.07471802830696106,0.05004693567752838,4-6deg,0.04-0.08,0.0,0.0006905339541845024,0.0,0.0
113,44,True,True,0.051660045981407166,0.051660045981407166,0.037995148450136185,0.1527271568775177,2.679999828338623,1.5155750513076782,0.40222278237342834,-0.023219000548124313,-0.14896586537361145,0.1527271568775177,0.037995148450136185,-0.020011533051729202,0.12785573303699493,1.1138675212860107,0.4951166808605194,0.033686116337776184,0.025033678859472275,0.00-0.05,False,True,False,True,True,False,False,False,True,0.04217936098575592,-0.4371426999568939,0.372042715549469,0.1924462765455246,0.5638827681541443,0.07999999821186066,0.037995148450136185,-0.020011533051729202,0.020011533051729202,0.03803236782550812,0.0683106780052185,0.07817007601261139,0.04823525622487068,0.06394404917955399,0.00048828125,-0.15071918070316315,0.024684276431798935,0.005638827569782734,0.040582697838544846,0.06956905126571655,0.0805245116353035,0.046549808233976364,4-6deg,0.04-0.08,0.0,0.0,0.0,0.0
114,12,True,True,0.04815114289522171,0.043924491852521896,0.033060576766729355,0.20417770743370056,2.5399999618530273,1.859560489654541,0.4897335171699524,2.273267091368325e-05,-0.12352844327688217,0.20417770743370056,0.033060576766729355,-0.02001262828707695,0.12255252152681351,1.559660792350769,0.6490576267242432,0.1625707894563675,0.16491839289665222,>=0.15,False,True,False,True,True,False,False,False,True,0.026556529104709625,-0.10503090918064117,0.1819869875907898,0.46787920594215393,0.46787920594215393,0.05999999865889549,0.033060576766729355,-0.02001546137034893,0.02001546137034893,-0.027304235845804214,0.019771721214056015,0.03370891883969307,0.036519479006528854,0.0009134905994869769,0.0012448779307305813,-0.12886013090610504,0.15837803483009338,0.004678791854530573,-0.028738602995872498,0.019924594089388847,0.03496762737631798,0.03559942916035652,0-2deg,0.00-0.04,0.0,0.0,0.0,0.0
115,4,True,True,0.07383432984352112,0.063590869307518,0.06500440835952759,0.25025928020477295,3.5199999809265137,1.137648582458496,0.27020740509033203,0.00770991388708353,-0.023336410522460938,0.25025928020477295,0.06500440835952759,-0.019987769424915314,0.030076805502176285,0.92281174659729,0.2827557325363159,0.24916885793209076,0.24292996525764465,>=0.15,False,True,False,True,True,False,False,False,True,0.053014595061540604,-0.14317749440670013,0.042609430849552155,0.10405106842517853,0.22224363684654236,0.07999999821186066,0.06500440835952759,-0.019987769424915314,0.019987769424915314,-0.0020314152352511883,-0.015189539641141891,0.01532471552491188,0.035216182470321655,0.006774640642106533,0.0003452669770922512,-0.02105877734720707,0.24937167763710022,0.002222436247393489,-0.0015016610268503428,-0.013128879480063915,0.01321529969573021,0.035694509744644165,0-2deg,0.00-0.04,0.0,0.0,0.0,0.0
116,53,True,True,0.07197419553995132,0.07110123336315155,0.06276489049196243,0.1968691051006317,2.5999999046325684,1.2273885011672974,0.35785478353500366,-0.011418778449296951,-0.15927982330322266,0.1968691051006317,0.06276489049196243,-0.019722117111086845,0.14867565035820007,0.7350521087646484,0.3851568102836609,0.11570385843515396,0.12094496935606003,0.10-0.15,False,True,False,True,True,False,False,False,True,0.0675695613026619,-0.31336212158203125,0.34441113471984863,0.04014988988637924,0.09437210112810135,0.1599999964237213,0.06276489049196243,-0.019764255732297897,0.019764255732297897,0.07644020020961761,3.777183155762032e-05,0.0764404758810997,0.030809862539172173,0.03667519614100456,0.004858341533690691,-0.14952275156974792,0.12806402146816254,0.0009437209810130298,0.08011974394321442,4.1533567127771676e-05,0.08011964708566666,0.021683847531676292,4-6deg,0.00-0.04,0.0,0.0,0.0,0.0
117,31,True,False,0.130486398935318,0.12521852552890778,0.0,0.0,2.1599998474121094,1.675572395324707,0.5004621148109436,0.05628684535622597,0.04290568083524704,0.27478480339050293,0.126511350274086,-0.017700187861919403,0.014379006810486317,1.051932454109192,0.5402246117591858,0.2714143991470337,0.24105769395828247,>=0.15,True,True,False,True,False,False,False,True,True,0.126511350274086,0.05284279212355614,0.2696559429168701,0.03662269562482834,0.03662269562482834,0.0,0.126511350274086,-0.019826753064990044,0.019826753064990044,-0.04791127145290375,0.0002334985911147669,0.04791216179728508,0.015950072556734085,0.04560272768139839,0.04560272768139839,0.05284279212355614,0.2696559429168701,0.0003662269446067512,-0.04791127145290375,0.0002334985911147669,0.04791216179728508,0.015950072556734085,2-4deg,0.00-0.04,0.0,0.0,0.0,0.0
118,48,True,True,0.052194856107234955,0.052194856107234955,0.038847535848617554,0.178000807762146,3.0399999618530273,1.5964868068695068,0.3296145498752594,-0.04101729020476341,0.021071817725896835,0.178000807762146,0.038847535848617554,-0.020101256668567657,-0.06314346194267273,0.8647177219390869,0.4364774227142334,0.17674915492534637,0.2285827249288559,>=0.15,False,True,False,True,True,False,False,False,True,0.09345657378435135,-0.06460525840520859,0.26973459124565125,0.08590836822986603,0.3440655469894409,0.5999999642372131,0.038847535848617554,-0.02012777328491211,0.02012777328491211,-0.0011329066473990679,0.0012273554457351565,0.0016558425268158317,0.044203661382198334,0.14125093817710876,0.0009765625,0.024377629160881042,0.17632362246513367,0.0034406553022563457,-0.025495022535324097,0.0006201358628459275,0.02550140954554081,0.03795729950070381,0-2deg,0.04-0.08,0.0,0.0,0.0,0.0
119,26,True,False,0.1575019359588623,0.1575019359588623,0.0,0.0,2.0199999809265137,1.4025930166244507,0.3541865348815918,-0.2793741226196289,-0.3251831531524658,0.6487184166908264,0.1535595804452896,-0.01709412783384323,0.03883391246199608,0.7960783243179321,0.43199190497398376,0.5613301396369934,0.16626892983913422,>=0.15,True,True,False,True,False,False,False,True,True,0.1535595804452896,-0.2883753478527069,0.5810983777046204,0.1208726093173027,0.1208726093173027,0.0,0.1535595804452896,-0.01709412783384323,0.01709412783384323,-0.012421652674674988,0.07051873207092285,0.0716022253036499,0.01644173078238964,0.04106934368610382,0.04106934368610382,-0.2883753478527069,0.5810983777046204,0.0012087260838598013,-0.012421652674674988,0.07051873207092285,0.0716022253036499,0.01644173078238964,4-6deg,0.00-0.04,0.0,0.0,0.0,0.0
120,59,True,True,0.11501771211624146,0.10650205612182617,0.10955007374286652,0.2768882215023041,2.619999885559082,1.3917744159698486,0.3150155246257782,-0.030868859961628914,-0.15666161477565765,0.2768882215023041,0.10955007374286652,-0.01991936005651951,0.121427021920681,0.6938583254814148,0.32489702105522156,0.22830730676651,0.2335221767425537,>=0.15,False,True,False,True,True,False,False,False,True,0.10150992125272751,-0.13490353524684906,0.13723360002040863,0.052448075264692307,0.11882772296667099,0.09999999403953552,0.10955007374286652,-0.01991936005651951,0.01991936005651951,-0.014696837402880192,-0.023529402911663055,0.027740681543946266,0.04182033985853195,0.003049316583201289,0.0016194459749385715,-0.15953560173511505,0.22630834579467773,0.001188277150504291,-0.014479643665254116,-0.026846477761864662,0.030502155423164368,0.041273243725299835,0-2deg,0.04-0.08,0.0,0.0,0.0,0.0
121,39,True,True,0.09239687770605087,0.05839217081665993,0.08574414253234863,0.19058361649513245,2.819999933242798,1.0970994234085083,0.3231298327445984,-0.11754485964775085,0.005074784159660339,0.19058361649513245,0.08574414253234863,-0.019305072724819183,-0.12726563215255737,0.7575235366821289,0.3163061738014221,0.19051603972911835,0.2368546426296234,>=0.15,False,True,False,True,True,False,False,False,True,0.06388234347105026,-0.07717201858758926,0.1162695437669754,0.08076868206262589,0.6906201839447021,0.17999999225139618,0.08574414253234863,-0.020053504034876823,0.020053504034876823,0.02585134468972683,-0.004632391035556793,0.026263751089572906,0.04571369290351868,0.033114757388830185,0.014994430355727673,0.001800062134861946,0.19057512283325195,0.006906201597303152,0.032837819308042526,-0.0051542106084525585,0.03324054181575775,0.04170249402523041,0-2deg,0.04-0.08,0.0,0.0,0.0,0.0
122,49,True,False,0.13239191472530365,0.13239191472530365,0.0,0.0,1.0,1.2961348295211792,0.8473986983299255,-0.5256902575492859,-0.43106240034103394,0.6773343682289124,0.1284526139497757,-0.01668873243033886,-0.0954284742474556,0.42428624629974365,0.19518837332725525,0.5224624872207642,0.21650151908397675,>=0.15,True,True,False,True,False,False,False,True,True,0.1284526139497757,-0.43036046624183655,0.5230408310890198,0.11080727726221085,0.11080727726221085,0.0,0.1284526139497757,-0.01668873243033886,0.01668873243033886,-0.007753194775432348,0.005035640671849251,0.009245197288691998,0.04294174164533615,0.04899632930755615,0.04899632930755615,-0.43036046624183655,0.5230408310890198,0.0011080726981163025,-0.007753194775432348,0.005035640671849251,0.009245197288691998,0.04294174164533615,0-2deg,0.04-0.08,0.0,0.0,0.0,0.0
123,10,True,True,0.06786942481994629,0.06786942481994629,0.05811045691370964,0.18393957614898682,1.7400000095367432,1.2213821411132812,0.34316325187683105,-0.014070478267967701,-0.10784748196601868,0.18393957614898682,0.05811045691370964,-0.019957927986979485,0.0937095358967781,0.5221205949783325,0.21124589443206787,0.14900566637516022,0.18128816783428192,>=0.15,False,True,False,True,True,False,False,False,True,0.06350637972354889,-0.04370119050145149,0.15028446912765503,0.7275230288505554,0.7275230288505554,0.07999999821186066,0.05811045691370964,-0.020154418423771858,0.020154418423771858,-0.007393145468086004,0.044099561870098114,0.04471413418650627,0.061260152608156204,0.004157567862421274,0.0009134905994869769,-0.10088538378477097,0.15380476415157318,0.007275230251252651,-0.01042614970356226,0.046099837869405746,0.04726311191916466,0.05983063951134682,2-4deg,0.04-0.08,0.0,0.0,0.0,0.0
124,9,True,True,0.03745824098587036,0.03678950294852257,0.013346201740205288,0.08952506631612778,1.1799999475479126,1.538957118988037,0.7584599256515503,0.006607923191040754,-0.01517778541892767,0.08952506631612778,0.013346201740205288,-0.019999483600258827,0.021634582430124283,0.4235595762729645,0.2639369070529938,0.08822908997535706,0.08375785499811172,0.05-0.10,False,True,False,True,True,False,False,False,True,0.015474958345293999,-0.1966697722673416,0.1434462070465088,0.1456042230129242,0.1456042230129242,0.09999999403953552,0.013346201740205288,-0.020012829452753067,0.020012829452753067,0.07540955394506454,-0.025261644273996353,0.07952087372541428,0.006421525496989489,0.0806000605225563,0.0003452669770922512,-0.015442856587469578,0.08818308264017105,0.0014560421695932746,0.075127512216568,-0.025703778490424156,0.07939547300338745,0.00682460330426693,4-6deg,0.00-0.04,0.0,0.0,0.0,0.0
125,19,True,True,0.11274585127830505,0.10999418050050735,0.10716311633586884,0.2135218381881714,3.3399999141693115,1.566578984260559,0.3231726884841919,-0.018742648884654045,-0.1515583097934723,0.2135218381881714,0.10716311633586884,-0.02001180313527584,0.13024581968784332,0.871455729007721,0.3670037090778351,0.15040495991706848,0.14281430840492249,0.10-0.15,False,True,False,True,True,False,False,False,True,0.10455041378736496,-0.09545572847127914,0.2790607810020447,0.2650606334209442,0.2650606334209442,1.1799999475479126,0.10716311633586884,-0.02001180313527584,0.02001180313527584,-0.06372969597578049,0.016779432073235512,0.06589914113283157,0.03324735164642334,0.01673407293856144,0.0005980199784971774,-0.15129995346069336,0.15066485106945038,0.0026506062131375074,-0.01148141361773014,0.025475483387708664,0.027941947802901268,0.05650641769170761,2-4deg,0.00-0.04,0.0,0.0,0.0,0.0
126,30,True,True,0.04469670355319977,0.04307425767183304,0.027814099565148354,0.13431242108345032,3.559999942779541,1.4970086812973022,0.289457231760025,-0.007754415273666382,-0.031795911490917206,0.13431242108345032,0.027814099565148354,-0.020010415464639664,0.024574818089604378,1.1151138544082642,0.3381135165691376,0.130494624376297,0.23352839052677155,>=0.15,False,True,False,True,True,False,False,False,True,0.022284869104623795,-0.19680815935134888,0.11373021453619003,0.06940553337335587,0.0715697854757309,0.09999999403953552,0.027814099565148354,-0.020010415464639664,0.020010415464639664,-0.004290720913559198,-0.05152244120836258,0.05170019343495369,0.04949909821152687,0.08484455198049545,0.0,-0.034551773220300674,0.12979215383529663,0.0007156978244893253,-0.0027316096238791943,-0.047806061804294586,0.0478835329413414,0.051230527460575104,2-4deg,0.04-0.08,0.0,0.0,0.0,0.0
127,60,True,True,0.05790408328175545,0.05790408328175545,0.04613454267382622,0.16094882786273956,1.8199999332427979,1.1014360189437866,0.3718852698802948,0.007244815118610859,-0.0371321365237236,0.16094882786273956,0.04613454267382622,-0.019999537616968155,0.04485885053873062,0.5220951437950134,0.2990650236606598,0.15660692751407623,0.15126162767410278,>=0.15,False,True,False,True,True,False,False,False,True,0.053136277943849564,-0.0938759371638298,0.09960959106683731,0.04706477373838425,0.2842886745929718,0.07999999821186066,0.04613454267382622,-0.019999537616968155,0.019999537616968155,0.02604599855840206,-0.004881099332123995,0.02649874985218048,0.03217451274394989,0.02402828261256218,0.0003452669770922512,-0.040140554308891296,0.1558629423379898,0.002842886606231332,0.027065902948379517,-0.003260553814470768,0.027261635288596153,0.031648289412260056,0-2deg,0.00-0.04,0.0,0.0,0.0,0.0
128,41,True,True,0.058318909257650375,0.056434523314237595,0.04660725221037865,0.28592902421951294,1.9199999570846558,1.1463391780853271,0.3303952217102051,-0.04103691875934601,-0.19342970848083496,0.28592902421951294,0.04660725221037865,-0.019969355314970016,0.15082620084285736,0.628407895565033,0.35027822852134705,0.2105715125799179,0.2125692516565323,>=0.15,False,True,False,True,True,False,False,False,True,0.0434507317841053,-0.264345645904541,0.2584662437438965,0.03684515133500099,0.37356245517730713,0.07999999821186066,0.04660725221037865,-0.020084740594029427,0.020084740594029427,-0.020302142947912216,0.01487823761999607,0.025169657543301582,0.044966522604227066,0.06306683272123337,0.0006905339541845024,-0.18888480961322784,0.2146577388048172,0.003735624486580491,-0.022175591439008713,0.012938208878040314,0.02567380852997303,0.04492117837071419,0-2deg,0.04-0.08,0.0,0.0,0.0,0.0
129,61,True,True,0.08890796452760696,0.07312926650047302,0.08174065500497818,0.16759660840034485,2.3399999141693115,1.4731818437576294,0.44783109426498413,0.00560348853468895,-0.04286791384220123,0.16759660840034485,0.08174065500497818,-0.0199965201318264,0.04493100196123123,0.7147079706192017,0.36088865995407104,0.1620214879512787,0.16285152733325958,>=0.15,False,True,False,True,True,False,False,False,True,0.07740668207406998,-0.04112045839428902,0.17002254724502563,0.020549604669213295,0.15951615571975708,0.05999999865889549,0.08174065500497818,-0.019998226314783096,0.019998226314783096,0.023081740364432335,-0.006776937749236822,0.02405555546283722,0.043712273240089417,0.0003452669770922512,0.00048828125,-0.046222422271966934,0.16109658777713776,0.0015951615059748292,0.024752749130129814,-0.00727322231978178,0.02579888328909874,0.04344332963228226,0-2deg,0.04-0.08,0.0,0.0,0.0,0.0
130,51,True,True,0.0813303291797638,0.08025915920734406,0.07344052940607071,0.23849251866340637,1.100000023841858,1.4341490268707275,0.5451066493988037,-0.002307573799043894,-0.1254296749830246,0.23849251866340637,0.07344052940607071,-0.01981927640736103,0.11982584744691849,0.7104536890983582,0.3279045820236206,0.20284494757652283,0.1382957100868225,0.10-0.15,False,True,False,True,True,False,False,False,True,0.07219217717647552,-0.11488550156354904,0.4366338551044464,0.04415130615234375,0.07769457995891571,0.11999999731779099,0.07344052940607071,-0.01981927640736103,0.01981927640736103,0.01690821535885334,-0.03802601993083954,0.04161447659134865,0.04338373616337776,0.004528137855231762,0.0036376153584569693,-0.12643326818943024,0.20222094655036926,0.0007769457879476249,0.014834417030215263,-0.03413407504558563,0.037217382341623306,0.04479021206498146,2-4deg,0.04-0.08,0.0,0.0,0.0,0.0
131,42,True,True,0.04366600513458252,0.04366600513458252,0.026125114411115646,0.10195737332105637,3.119999885559082,1.2224873304367065,0.2332797646522522,-0.015642669051885605,-0.054562050849199295,0.10195737332105637,0.026125114411115646,-0.020008085295557976,0.03925301879644394,0.7282376289367676,0.32460299134254456,0.08612947911024094,0.05527978762984276,0.05-0.10,False,True,False,True,True,False,False,False,True,0.02695411443710327,-0.09067776799201965,0.11208406090736389,0.030284998938441277,0.04616663232445717,0.05999999865889549,0.026125114411115646,-0.020008085295557976,0.020008085295557976,0.026993118226528168,-0.04738829284906387,0.05453161895275116,0.021666793152689934,0.012964854016900063,0.0,-0.049920499324798584,0.08890021592378616,0.00046166632091626525,0.027728812769055367,-0.04779784381389618,0.055252984166145325,0.020430251955986023,2-4deg,0.00-0.04,0.0,0.0,0.0,0.0
132,33,True,False,0.15322111546993256,0.15322111546993256,0.0,0.0,2.1599998474121094,1.5550347566604614,0.33896902203559875,-0.44814443588256836,-0.6016892194747925,0.8060093522071838,0.14958247542381287,-0.013311975635588169,0.15376248955726624,0.7082935571670532,0.40409645438194275,0.5363031625747681,0.1738390475511551,>=0.15,True,True,False,True,False,False,False,True,True,0.14958247542381287,-0.5581079125404358,0.5815209150314331,0.04170411080121994,0.04170411080121994,0.0,0.14958247542381287,-0.013311975635588169,0.013311975635588169,0.06562183052301407,0.043972454965114594,0.07897500693798065,0.02734215557575226,0.09578332304954529,0.09578332304954529,-0.5581079125404358,0.5815209150314331,0.00041704109753482044,0.06562183052301407,0.043972454965114594,0.07897500693798065,0.02734215557575226,4-6deg,0.00-0.04,0.0,0.0,0.0,0.0
133,18,True,False,0.13402588665485382,0.13402588665485382,0.0,0.0,1.959999918937683,1.5309252738952637,0.5675458908081055,-0.3319122791290283,-0.27237415313720703,0.4975457787513733,0.13041336834430695,-0.017325028777122498,-0.07477860152721405,0.6623566746711731,0.3802099823951721,0.416370153427124,0.15482714772224426,>=0.15,True,True,False,True,False,False,False,True,True,0.13041336834430695,-0.26034361124038696,0.4239964783191681,0.08296117931604385,0.08296117931604385,0.0,0.13041336834430695,-0.017325028777122498,0.017325028777122498,-0.03931526839733124,0.0033182466868311167,0.03945526108145714,0.03784942999482155,0.05183151364326477,0.05183151364326477,-0.26034361124038696,0.4239964783191681,0.0008296117885038257,-0.03931526839733124,0.0033182466868311167,0.03945526108145714,0.03784942999482155,2-4deg,0.00-0.04,0.0,0.0,0.0,0.0
134,63,True,True,0.10322298854589462,0.09887629747390747,0.09710011631250381,0.14201870560646057,1.71999990940094,1.574622392654419,0.509533166885376,0.002076335484161973,-0.008901829831302166,0.14201870560646057,0.09710011631250381,-0.020000427961349487,0.01006433553993702,1.2644349336624146,0.4613187909126282,0.14173944294452667,0.165316641330719,>=0.15,False,True,False,True,True,False,False,False,True,0.09640389680862427,-0.4106300175189972,0.3178257942199707,0.3240436613559723,0.3580683767795563,0.07999999821186066,0.09710011631250381,-0.020164595916867256,0.020164595916867256,0.033465687185525894,-0.04549500718712807,0.05647106096148491,0.015125186182558537,0.08798950165510178,0.0,-0.005508983042091131,0.1419118046760559,0.003580683609470725,0.03433408960700035,-0.04562101885676384,0.05708969011902809,0.014185814186930656,2-4deg,0.00-0.04,0.0,0.0,0.0,0.0
135,47,True,True,0.044062744826078415,0.04024744778871536,0.026754170656204224,0.2039807289838791,2.819999933242798,1.1593272686004639,0.2652941346168518,0.005322333425283432,-0.011280462145805359,0.2039807289838791,0.026754170656204224,-0.019988084211945534,0.015242529101669788,0.46865329146385193,0.19694362580776215,0.20366857945919037,0.19886593520641327,>=0.15,False,True,False,True,True,False,False,False,True,0.019852183759212494,-0.12154801189899445,0.10430408269166946,0.1290217787027359,0.15385624766349792,0.09999999403953552,0.026754170656204224,-0.019994474947452545,0.019994474947452545,0.0005675904685631394,0.0013476931490004063,0.0014648438664153218,0.051782891154289246,0.0006905339541845024,0.0,-0.011484486982226372,0.20365716516971588,0.0015385624719783664,0.000558427709620446,-0.0027948643546551466,0.0028471453115344048,0.05174998566508293,0-2deg,0.04-0.08,0.0,0.0,0.0,0.0
136,0,True,True,0.06397868692874908,0.06292456388473511,0.05355493351817131,0.1329812854528427,1.9799998998641968,1.1533058881759644,0.3443197011947632,0.008161547593772411,-0.026843734085559845,0.1329812854528427,0.05355493351817131,-0.01999226212501526,0.03355979919433594,0.5815235376358032,0.3039139211177826,0.13024374842643738,0.12870211899280548,0.10-0.15,False,True,False,True,True,False,False,False,True,0.05222047120332718,-0.15176746249198914,0.14404818415641785,0.04195723682641983,0.18656106293201447,0.09999999403953552,0.05355493351817131,-0.019993849098682404,0.019993849098682404,-0.02323417365550995,0.0005549241323024035,0.023241378366947174,0.028486279770731926,0.013758900575339794,0.00048828125,-0.02828628197312355,0.12993809580802917,0.0018656105967238545,-0.025477765128016472,0.0002896694641094655,0.02548036351799965,0.027986524626612663,0-2deg,0.00-0.04,0.0,0.0,0.0,0.0
137,13,True,True,0.12413036823272705,0.11989296972751617,0.11911219358444214,0.1837984174489975,2.200000047683716,1.6000272035598755,0.3554047644138336,-0.01927950605750084,-0.1672765612602234,0.1837984174489975,0.11911219358444214,-0.019813068211078644,0.15307188034057617,0.7409566640853882,0.39314717054367065,0.07616042345762253,0.0880599170923233,0.05-0.10,False,True,False,True,True,False,False,False,True,0.11462270468473434,-0.14445562660694122,0.1338324248790741,0.08860984444618225,0.143882617354393,0.07999999821186066,0.11911219358444214,-0.019957806915044785,0.019957806915044785,-0.04701218008995056,0.025976482778787613,0.05370740592479706,0.04355841502547264,0.002210787730291486,0.0036046949680894613,-0.16942989826202393,0.07124160975217819,0.0014388260897248983,-0.045688312500715256,0.02368796057999134,0.05145972594618797,0.04456329718232155,2-4deg,0.04-0.08,0.0,0.0,0.0,0.0
138,38,True,False,0.25169628858566284,0.08894450962543488,0.0,0.0,2.8399999141693115,1.365188717842102,0.30464065074920654,0.005101410206407309,-0.06104755774140358,0.24394328892230988,0.24925416707992554,-0.02000454254448414,0.07250387966632843,0.6764518022537231,0.3275429308414459,0.2361811399459839,0.2360987663269043,>=0.15,True,True,False,True,False,False,False,True,True,0.09393413364887238,-0.11788883060216904,0.16900189220905304,0.0277055986225605,0.23390327394008636,0.0,0.24925416707992554,-0.02002280205488205,0.02002280205488205,0.001683986745774746,-0.03378931060433388,0.03383072838187218,0.020938072353601456,0.008910326287150383,0.00048828125,-0.06384183466434479,0.2354411780834198,0.0023390327114611864,0.004093451891094446,-0.012382585555315018,0.013042778708040714,0.029117241501808167,0-2deg,0.00-0.04,0.0,0.0,0.0,0.0
139,21,True,True,0.06984893232584,0.06978362798690796,0.060462288558483124,0.0544213205575943,2.299999952316284,1.5444754362106323,0.4533773362636566,-0.02101643569767475,0.0047834087163209915,0.0544213205575943,0.060462288558483124,-0.020009685307741165,-0.02597997337579727,0.7174485325813293,0.4155299961566925,0.05421069264411926,0.03493666648864746,0.00-0.05,False,True,False,True,True,False,False,False,True,0.06957219541072845,-0.2324581891298294,0.25779011845588684,0.08368105441331863,0.28561511635780334,0.11999999731779099,0.060462288558483124,-0.02010839805006981,0.02010839805006981,-0.05312667042016983,0.001362284761853516,0.05314372852444649,0.04351570084691048,0.12167669087648392,0.0005980199784971774,0.007655655033886433,0.053880155086517334,0.0028561512008309364,-0.05732225999236107,0.001663275877945125,0.05734609067440033,0.04057423025369644,2-4deg,0.04-0.08,0.0,0.0,0.0,0.0
140,52,True,True,0.04869379848241806,0.04665466770529747,0.03384694084525108,0.18425336480140686,3.619999885559082,1.1666687726974487,0.24524591863155365,0.006294906139373779,0.03125816583633423,0.18425336480140686,0.03384694084525108,-0.019993310794234276,-0.024676697328686714,0.6637767553329468,0.28483298420906067,0.18158257007598877,0.17446137964725494,>=0.15,False,True,False,True,True,False,False,False,True,0.03005475364625454,-0.06865351647138596,0.09787330031394958,0.04573884606361389,0.2928448021411896,0.09999999403953552,0.03384694084525108,-0.020018285140395164,0.020018285140395164,0.02156376652419567,0.05966170132160187,0.06343459337949753,0.029704784974455833,0.015886202454566956,0.0003452669770922512,0.036374811083078384,0.18062715232372284,0.002928447909653187,0.021121203899383545,0.0572674460709095,0.061033885926008224,0.03115675412118435,2-4deg,0.00-0.04,0.0,0.0,0.0,0.0
141,5,True,True,0.06492770463228226,0.060556571930646896,0.05467020720243454,0.1498115062713623,1.0799999237060547,1.2984907627105713,0.777851939201355,-0.01984381675720215,-0.10245153307914734,0.1498115062713623,0.05467020720243454,-0.0199015811085701,0.08058495819568634,0.4234747886657715,0.21785962581634521,0.10930311679840088,0.08312870562076569,0.05-0.10,False,True,False,True,True,False,False,False,True,0.05251424014568329,-0.545923113822937,0.27725982666015625,0.0801328644156456,0.867424488067627,0.07999999821186066,0.05467020720243454,-0.02005038410425186,0.02005038410425186,-0.052063509821891785,-0.02895650826394558,0.05956811085343361,0.042375367134809494,0.08473194390535355,0.0021283691748976707,-0.09981662034988403,0.11171449720859528,0.00867424439638853,-0.051457684487104416,-0.026452500373125076,0.05785342678427696,0.04350191354751587,2-4deg,0.04-0.08,0.0,0.0,0.0,0.0
142,17,True,True,0.06662892550230026,0.06214076653122902,0.05672720447182655,0.10336701571941376,2.3399999141693115,1.3789621591567993,0.44377031922340393,-0.018763551488518715,0.017312048003077507,0.10336701571941376,0.05672720447182655,-0.020036496222019196,-0.03511270880699158,1.0085361003875732,0.44922539591789246,0.10190697759389877,0.0421474389731884,0.00-0.05,False,True,False,True,True,False,False,False,True,0.05115150287747383,-0.10524783283472061,0.20810379087924957,0.05220724642276764,0.08025781065225601,0.09999999403953552,0.05672720447182655,-0.020036496222019196,0.020036496222019196,-0.0323907844722271,-0.006351463496685028,0.033006563782691956,0.0217168927192688,0.024543732404708862,0.00048828125,0.014134259894490242,0.10239610075950623,0.0008025781135074794,-0.030696522444486618,-0.00583793967962265,0.03124745562672615,0.022535214200615883,0-2deg,0.00-0.04,0.0,0.0,0.0,0.0
143,32,True,True,0.050622373819351196,0.046571284532547,0.03660597652196884,0.20805466175079346,1.8799999952316284,1.2293596267700195,0.3773561120033264,-0.014985357411205769,-0.12660180032253265,0.20805466175079346,0.03660597652196884,-0.020011553540825844,0.11171934008598328,1.5134092569351196,0.4611431360244751,0.16510216891765594,0.17590123414993286,>=0.15,False,True,False,True,True,False,False,False,True,0.027463654056191444,-0.25875669717788696,0.2618986964225769,0.044858772307634354,0.12570905685424805,0.09999999403953552,0.03660597652196884,-0.020011553540825844,0.020011553540825844,-0.0806662067770958,0.012350241653621197,0.08160433918237686,0.02000165544450283,0.03442293033003807,0.0008457279182039201,-0.13166475296020508,0.1610935479402542,0.0012570905964821577,-0.08209215849637985,0.012156909331679344,0.08298565447330475,0.015971990302205086,4-6deg,0.00-0.04,0.0,0.0,0.0,0.0
144,37,True,True,0.11775696277618408,0.11461159586906433,0.11188242584466934,0.2718721032142639,2.559999942779541,1.3652195930480957,0.386646032333374,0.01811266504228115,-0.1500072181224823,0.2718721032142639,0.11188242584466934,-0.01929711177945137,0.167080819606781,1.1089427471160889,0.47276556491851807,0.22674275934696198,0.2645437717437744,>=0.15,False,True,False,True,True,False,False,False,True,0.11047577112913132,-0.2448427975177765,0.20218177139759064,0.03596251457929611,0.08242124319076538,0.07999999821186066,0.11188242584466934,-0.01979532651603222,0.01979532651603222,0.02424556575715542,0.04725279286503792,0.053105562925338745,0.011254733428359032,0.04876943677663803,0.013965298421680927,-0.14898581802845,0.22741520404815674,0.0008242123876698315,0.02390964888036251,0.046610813587903976,0.052381981164216995,0.012897326610982418,2-4deg,0.00-0.04,0.0,0.0,0.0,0.0
145,22,True,True,0.053109679371118546,0.053109679371118546,0.0399680994451046,0.08355340361595154,2.119999885559082,1.6688042879104614,0.44328776001930237,0.0026386838871985674,-0.06853877007961273,0.08355340361595154,0.0399680994451046,-0.020006125792860985,0.0714307650923729,0.6741113662719727,0.23106394708156586,0.047787103801965714,0.04807001352310181,0.00-0.05,False,True,False,True,True,False,False,False,True,0.04278463497757912,-0.1822897344827652,0.08031677454710007,0.09548994898796082,0.18323293328285217,0.09999999403953552,0.0399680994451046,-0.020006125792860985,0.020006125792860985,-0.023077385500073433,-0.006963768973946571,0.024105066433548927,0.04354839026927948,0.02581736072897911,0.0005980199784971774,-0.06752964109182358,0.049202822148799896,0.0018323293188586831,-0.020632706582546234,-0.004435582086443901,0.021104084327816963,0.04434428736567497,0-2deg,0.04-0.08,0.0,0.0,0.0,0.0
146,20,True,True,0.05875067412853241,0.05875067412853241,0.04720252752304077,0.0904756486415863,1.5,1.6244288682937622,0.6233423948287964,-0.0009272873285226524,-0.0864502489566803,0.0904756486415863,0.04720252752304077,-0.02002721279859543,0.08685176074504852,0.4832635819911957,0.28602665662765503,0.02668701857328415,0.017565229907631874,0.00-0.05,False,True,False,True,True,False,False,False,True,0.04758702218532562,-0.338252991437912,0.3210364580154419,0.21670560538768768,0.21670560538768768,0.07999999821186066,0.04720252752304077,-0.02002721279859543,0.02002721279859543,-0.009092796593904495,-0.009431463666260242,0.013102054595947266,0.05430351570248604,0.0422796756029129,0.0003452669770922512,-0.08664847910404205,0.026036210358142853,0.002167056081816554,-0.006454755086451769,-0.011343959718942642,0.013051914982497692,0.05429257079958916,0-2deg,0.04-0.08,0.0,0.0,0.0,0.0
147,10,True,False,0.1628643274307251,0.1628643274307251,0.0,0.0,0.9399999976158142,1.0934926271438599,0.5659673810005188,-0.6724462509155273,-0.7680688500404358,1.0076490640640259,0.15893176198005676,-0.019957272335886955,0.09670303016901016,0.7711935043334961,0.4553465247154236,0.6522474884986877,0.16812175512313843,>=0.15,True,True,False,True,False,False,False,True,True,0.15893176198005676,-0.7591202259063721,0.6626409888267517,0.2848708927631378,0.2848708927631378,0.0,0.15893176198005676,-0.019957272335886955,0.019957272335886955,0.025053085759282112,0.024645622819662094,0.035141099244356155,0.021418698132038116,0.0034179703798145056,0.0034179703798145056,-0.7591202259063721,0.6626409888267517,0.0028487087693065405,0.025053085759282112,0.024645622819662094,0.035141099244356155,0.021418698132038116,2-4deg,0.00-0.04,0.0,0.0,0.0,0.0
148,25,True,True,0.041288118809461594,0.03594021126627922,0.02188759483397007,0.24549053609371185,3.43999981880188,1.2674204111099243,0.2825011909008026,0.006714805494993925,-0.02583189494907856,0.24549053609371185,0.02188759483397007,-0.019988752901554108,0.033078260719776154,0.7863796353340149,0.28295066952705383,0.24412767589092255,0.24041874706745148,>=0.15,False,True,False,True,True,False,False,False,True,0.007986749522387981,-0.15160079300403595,0.13336482644081116,0.09335394203662872,0.18968215584754944,0.09999999403953552,0.02188759483397007,-0.02003907784819603,0.02003907784819603,-0.014814551919698715,0.01548838336020708,0.02143200673162937,0.029969308525323868,0.0006905339541845024,0.0003452669770922512,-0.020044976845383644,0.2446708083152771,0.0018968215445056558,-0.01579284481704235,0.017652710899710655,0.023685969412326813,0.02939899079501629,0-2deg,0.00-0.04,0.0,0.0,0.0,0.0
149,14,True,True,0.04228614643216133,0.04228614643216133,0.023724421858787537,0.14561107754707336,4.259999752044678,1.2413753271102905,0.2459876835346222,0.0025915123987942934,-0.030152423307299614,0.14561107754707336,0.023724421858787537,-0.019996624439954758,0.03354246914386749,1.4036952257156372,0.3969730734825134,0.14245496690273285,0.14137783646583557,0.10-0.15,False,True,False,True,True,False,False,False,True,0.031366944313049316,-0.13731513917446136,0.08064001798629761,0.0699038878083229,0.18339020013809204,0.09999999403953552,0.023724421858787537,-0.019996624439954758,0.019996624439954758,-0.039349790662527084,0.020940449088811874,0.04457256197929382,0.03667941316962242,0.0060001094825565815,0.0003452669770922512,-0.025041811168193817,0.1434416025876999,0.0018339019734412432,-0.03847714513540268,0.01809377409517765,0.04251733422279358,0.03776449337601662,2-4deg,0.00-0.04,0.0,0.0,0.0,0.0
150,35,True,False,0.12824147939682007,0.10029559582471848,0.0,0.0,3.799999952316284,1.1584371328353882,0.19947247207164764,0.003696102648973465,0.024817727506160736,0.07101064920425415,0.12345714122056961,-0.020052658393979073,-0.02000369504094124,1.328493356704712,0.4090133607387543,0.06653264909982681,0.19601239264011383,>=0.15,True,True,False,True,False,False,False,True,True,0.12345714122056961,0.025067072361707687,0.06643910706043243,0.23962676525115967,0.23962676525115967,0.0,0.12345714122056961,-0.020052658393979073,0.020052658393979073,0.03489254042506218,0.0021891575306653976,0.034960806369781494,0.02765616402029991,0.0024657000321894884,0.0024657000321894884,0.025067072361707687,0.06643910706043243,0.002396267605945468,0.03489254042506218,0.0021891575306653976,0.034960806369781494,0.02765616402029991,2-4deg,0.00-0.04,0.0,0.0,0.0,0.0
151,15,True,True,0.09984122216701508,0.06917693465948105,0.09333570301532745,0.16899479925632477,2.240000009536743,1.2081847190856934,0.382372111082077,0.0003910907544195652,-0.028360947966575623,0.16899479925632477,0.09333570301532745,-0.019839877262711525,0.028696348890662193,0.5849707722663879,0.32889875769615173,0.16659802198410034,0.23793835937976837,>=0.15,False,True,False,True,True,False,False,False,True,0.07467356324195862,-0.04057306796312332,0.20431357622146606,0.031902797520160675,0.031902797520160675,0.14000000059604645,0.09333570301532745,-0.019907088950276375,0.019907088950276375,-0.05357499048113823,-0.038592152297496796,0.06601670384407043,0.0023716173600405455,0.007042106706649065,0.003183205844834447,-0.039136119186878204,0.16440075635910034,0.00031902798218652606,-0.05353530868887901,-0.03862534835934639,0.06600405275821686,0.002112683141604066,2-4deg,0.00-0.04,0.0,0.0,0.0,0.0
152,1,True,True,0.08429989218711853,0.08429989218711853,0.07669130712747574,0.059259019792079926,2.119999885559082,1.5033595561981201,0.381483256816864,0.005034482106566429,-0.05286407843232155,0.059259019792079926,0.07669130712747574,-0.019998982548713684,0.05635650083422661,0.9179375767707825,0.4657268822193146,0.026777245104312897,0.029311006888747215,0.00-0.05,False,True,False,True,True,False,False,False,True,0.07850175350904465,-0.15536776185035706,0.07282549887895584,0.6659455299377441,0.6659455299377441,0.07999999821186066,0.07669130712747574,-0.020257262513041496,0.020257262513041496,-0.01266590878367424,-0.07062985002994537,0.07175453007221222,0.031348902732133865,0.004955518525093794,0.00048828125,-0.05160871893167496,0.029123390093445778,0.006659455131739378,-0.013783362694084644,-0.06908609718084335,0.07044564932584763,0.032176680862903595,4-6deg,0.00-0.04,0.0,0.0,0.0,0.0
153,29,True,True,0.07841645181179047,0.06769523024559021,0.07018449157476425,0.3076099157333374,3.7200000286102295,1.3418208360671997,0.24252302944660187,-0.041065581142902374,-0.1969853639602661,0.3076099157333374,0.07018449157476425,-0.019945692270994186,0.1590970903635025,0.569427490234375,0.28057777881622314,0.23626388609409332,0.2494027316570282,>=0.15,False,True,False,True,True,False,False,False,True,0.05805782601237297,-0.2972857654094696,0.12346497178077698,0.25198879837989807,0.25198879837989807,0.07999999821186066,0.07018449157476425,-0.02004886046051979,0.02004886046051979,0.016060933470726013,0.0057151359505951405,0.017048146575689316,0.04253857582807541,0.0028049631509929895,0.0011451211757957935,-0.19478702545166016,0.23807954788208008,0.0025198878720402718,0.017986677587032318,0.00405672425404191,0.01843894086778164,0.042158208787441254,0-2deg,0.04-0.08,0.0,0.0,0.0,0.0
154,57,True,False,0.13129761815071106,0.13129761815071106,0.0,0.0,2.200000047683716,1.7205322980880737,0.429157018661499,-0.3342834711074829,-0.3332338333129883,0.4930472671985626,0.12675057351589203,-0.017248593270778656,-0.019907409325242043,0.792376697063446,0.45892614126205444,0.36338797211647034,0.14995774626731873,0.10-0.15,True,True,False,True,False,False,False,True,True,0.12675057351589203,-0.3350355923175812,0.36172744631767273,0.24226179718971252,0.24226179718971252,0.0,0.12675057351589203,-0.017248593270778656,0.017248593270778656,0.00031333923107013106,-0.02663000486791134,0.026631144806742668,0.007595012430101633,0.052764225751161575,0.052764225751161575,-0.3350355923175812,0.36172744631767273,0.002422617981210351,0.00031333923107013106,-0.02663000486791134,0.026631144806742668,0.007595012430101633,0-2deg,0.00-0.04,0.0,0.0,0.0,0.0
155,7,True,True,0.04823489114642143,0.043876878917217255,0.03319618105888367,0.22887283563613892,3.1999998092651367,1.218268632888794,0.2822311520576477,-0.012899167835712433,-0.07811273634433746,0.22887283563613892,0.03319618105888367,-0.020006773993372917,0.0649639144539833,0.4558453857898712,0.18111750483512878,0.21513059735298157,0.2190038412809372,>=0.15,False,True,False,True,True,False,False,False,True,0.02389378286898136,-0.2520267367362976,0.09986236691474915,0.07036005705595016,0.21742303669452667,0.07999999821186066,0.03319618105888367,-0.020108137279748917,0.020108137279748917,0.05802237614989281,-0.050277214497327805,0.07675670832395554,0.02048816904425621,0.05762205645442009,0.0,-0.09377110749483109,0.20878158509731293,0.0021742302924394608,0.05678442120552063,-0.04996514692902565,0.0756196603178978,0.022110795602202415,4-6deg,0.00-0.04,0.0,0.0,0.0,0.0
156,28,True,True,0.03925693780183792,0.03891817107796669,0.01776638813316822,0.19019091129302979,3.0799999237060547,1.485437273979187,0.2930718660354614,0.0042167589999735355,-0.013140354305505753,0.19019091129302979,0.01776638813316822,-0.019993050023913383,0.01738702319562435,0.43332141637802124,0.1615867018699646,0.18973642587661743,0.1876036673784256,>=0.15,False,True,False,True,True,False,False,False,True,0.01946346089243889,-0.07583672553300858,0.1628912389278412,0.22554178535938263,0.22554178535938263,0.09999999403953552,0.01776638813316822,-0.020057763904333115,0.020057763904333115,0.008887534029781818,0.004046984016895294,0.009765664115548134,0.003330919658765197,0.0018911053193733096,0.0,-0.0120155094191432,0.18981099128723145,0.002255417872220278,0.009133798070251942,0.003977905493229628,0.009965047240257263,0.0030660401098430157,0-2deg,0.00-0.04,0.0,0.0,0.0,0.0
157,53,True,True,0.1226804256439209,0.10120727121829987,0.11760124564170837,0.25650089979171753,1.559999942779541,1.6197624206542969,0.6546007990837097,-0.0033177873119711876,-0.07912993431091309,0.25650089979171753,0.11760124564170837,-0.01989859528839588,0.08001203089952469,0.6605294942855835,0.3798286020755768,0.24399010837078094,0.18739920854568481,>=0.15,False,True,False,True,True,False,False,False,True,0.10923299193382263,-0.13953018188476562,0.35116904973983765,0.03145222365856171,0.045160748064517975,0.07999999821186066,0.11760124564170837,-0.01989859528839588,0.01989859528839588,-0.02721872739493847,0.04523388668894768,0.052786823362112045,0.05283701792359352,0.005062613170593977,0.0019834081176668406,-0.06625872105360031,0.24779528379440308,0.0004516074841376394,-0.024255257099866867,0.04639909416437149,0.05235237255692482,0.05329740792512894,2-4deg,0.04-0.08,0.0,0.0006905339541845024,0.0,0.0
158,56,True,True,0.04375171661376953,0.04375171661376953,0.02634718455374241,0.2024523913860321,2.5399999618530273,1.4656333923339844,0.32010582089424133,0.01314356829971075,-0.11768626421689987,0.2024523913860321,0.02634718455374241,-0.020024292171001434,0.13238525390625,0.5200997591018677,0.20063067972660065,0.16473287343978882,0.16521954536437988,>=0.15,False,True,False,True,True,False,False,False,True,0.040791306644678116,-0.39692363142967224,0.38563138246536255,0.10466868430376053,0.2316453456878662,0.09999999403953552,0.02634718455374241,-0.020024292171001434,0.020024292171001434,-0.0140070216730237,0.07761015743017197,0.07886160165071487,0.07701227068901062,0.10167258232831955,0.0017940601101145148,-0.1126963272690773,0.16818594932556152,0.002316453494131565,-0.019838962703943253,0.0793200135231018,0.08175848424434662,0.07488993555307388,4-6deg,0.04-0.08,0.0,0.0,0.0,0.0
159,43,True,False,0.1521175652742386,0.1026996597647667,0.0,0.0,2.3999998569488525,1.0709826946258545,0.23527288436889648,-0.0014345546951517463,-0.0738341361284256,0.09082148969173431,0.14810170233249664,-0.0198673028498888,0.06718859076499939,0.9434430599212646,0.43352600932121277,0.052887268364429474,0.07469962537288666,0.05-0.10,True,True,False,True,False,False,False,True,True,0.14810170233249664,-0.07617911696434021,0.049449820071458817,0.023740852251648903,0.023740852251648903,0.0,0.14810170233249664,-0.0198673028498888,0.0198673028498888,-0.02297343499958515,-0.062224794179201126,0.06632499396800995,0.051559772342443466,0.002990100998431444,0.002990100998431444,-0.07617911696434021,0.049449820071458817,0.00023740851611364633,-0.02297343499958515,-0.062224794179201126,0.06632499396800995,0.051559772342443466,2-4deg,0.04-0.08,0.0,0.0,0.0,0.0
160,40,True,True,0.03732816502451897,0.03732816502451897,0.01296429056674242,0.2029942125082016,5.259999752044678,1.458964228630066,0.2060604989528656,0.0073014539666473866,-0.03392329439520836,0.2029942125082016,0.01296429056674242,-0.019995175302028656,0.04066214710474014,1.0788698196411133,0.3699912428855896,0.2001396119594574,0.19450919330120087,>=0.15,False,True,False,True,True,False,False,False,True,0.019466951489448547,-0.00885874405503273,0.15089699625968933,0.02006419748067856,0.185162752866745,0.05999999865889549,0.01296429056674242,-0.019996320828795433,0.019996320828795433,0.01643841527402401,-0.0024586955551058054,0.016619697213172913,0.08830846101045609,0.0068707396276295185,0.0,-0.032441046088933945,0.2003851979970932,0.001851627486757934,0.01925055868923664,-0.004580673761665821,0.01978927105665207,0.08782032877206802,0-2deg,0.08-0.12,0.0,0.0,0.0,0.0
161,16,True,True,0.1212942972779274,0.10073447972536087,0.11609666794538498,0.16979077458381653,2.259999990463257,1.3988889455795288,0.36448538303375244,-0.0114316800609231,-0.07446397840976715,0.16979077458381653,0.11609666794538498,-0.01994755119085312,0.05928938463330269,0.588985025882721,0.32191160321235657,0.1525910347700119,0.1359773576259613,0.10-0.15,False,True,False,True,True,False,False,False,True,0.09438865631818771,-0.27768707275390625,0.4798271358013153,0.08220517635345459,0.08220517635345459,0.23999999463558197,0.11609666794538498,-0.019958337768912315,0.019958337768912315,-0.012248503975570202,-0.010386087000370026,0.016057871282100677,0.037660181522369385,0.01810949295759201,0.0009765625,-0.0768502950668335,0.1514032483100891,0.0008220517192967236,-0.011573666706681252,-0.018556715920567513,0.02186976745724678,0.03679155930876732,0-2deg,0.00-0.04,0.0,0.0,0.0,0.0
162,27,True,True,0.042456913739442825,0.042456913739442825,0.023933114483952522,0.19188092648983002,2.3399999141693115,1.3280913829803467,0.4109174311161041,-0.03371882066130638,-0.16065770387649536,0.19188092648983002,0.023933114483952522,-0.019936779513955116,0.12838804721832275,1.224562644958496,0.44458410143852234,0.10491613298654556,0.105238176882267,0.10-0.15,False,True,False,True,True,False,False,False,True,0.028001589700579643,-0.16080115735530853,0.15322323143482208,0.5015178322792053,0.5015178322792053,0.05999999865889549,0.023933114483952522,-0.02017761953175068,0.02017761953175068,0.03481956198811531,-0.04066386818885803,0.05352834239602089,0.02938118577003479,0.002970099914819002,0.001091830083169043,-0.16037814319133759,0.10534295439720154,0.005015178117901087,0.034985076636075974,-0.03949476778507233,0.05275518447160721,0.029663611203432083,2-4deg,0.00-0.04,0.0,0.0,0.0,0.0
163,24,True,True,0.05373515188694,0.05211295187473297,0.04069848358631134,0.23911038041114807,2.5,1.1560909748077393,0.3396437168121338,-0.032857924699783325,-0.2006748914718628,0.23911038041114807,0.04069848358631134,-0.019894128665328026,0.16824500262737274,0.9685850143432617,0.44764408469200134,0.13001294434070587,0.13953866064548492,0.10-0.15,False,True,False,True,True,False,False,False,True,0.03872058540582657,-0.29221034049987793,0.25718870759010315,0.07092167437076569,0.11362951248884201,0.14000000059604645,0.04069848358631134,-0.020001256838440895,0.020001256838440895,0.06512398272752762,-0.013421854935586452,0.06649116426706314,0.006640466395765543,0.0006905339541845024,0.002264067530632019,-0.19248206913471222,0.14186060428619385,0.0011362951481714845,0.06439312547445297,-0.014039416797459126,0.0659036710858345,0.009766624309122562,2-4deg,0.00-0.04,0.0,0.0,0.0,0.0
164,6,True,True,0.0702948048710823,0.06594771891832352,0.060963407158851624,0.0792665183544159,3.1599998474121094,1.2280073165893555,0.2571468651294708,0.0111022824421525,-0.031253915280103683,0.0792665183544159,0.060963407158851624,-0.0199928879737854,0.04054543748497963,0.683789074420929,0.3266576826572418,0.07284485548734665,0.07803690433502197,0.05-0.10,False,True,False,True,True,False,False,False,True,0.058382224291563034,-0.02794726751744747,0.07525549829006195,0.1380215883255005,0.16936801373958588,0.05999999865889549,0.060963407158851624,-0.019995111972093582,0.019995111972093582,0.008089463226497173,-0.0019245416624471545,0.00831515435129404,0.04420509189367294,0.0,0.0003452669770922512,-0.031133029609918594,0.07289660722017288,0.0016936800675466657,0.006332626566290855,-0.001704649068415165,0.006560084410011768,0.04431788995862007,0-2deg,0.04-0.08,0.0,0.0,0.0,0.0
165,2,True,True,0.08034463226795197,0.07590261846780777,0.07232330739498138,0.14087040722370148,3.6399998664855957,1.2962995767593384,0.2750717103481293,0.005929840262979269,-0.03624062240123749,0.14087040722370148,0.07232330739498138,-0.01999441720545292,0.04083104804158211,0.9145763516426086,0.37072959542274475,0.13612894713878632,0.13611066341400146,0.10-0.15,False,True,False,True,True,False,False,False,True,0.06701935827732086,-0.17866076529026031,0.053719595074653625,0.03904563561081886,0.26235154271125793,0.09999999403953552,0.07232330739498138,-0.02000093087553978,0.02000093087553978,0.04262259975075722,0.009738137014210224,0.04372033849358559,0.034485459327697754,0.06301479041576385,0.0,-0.03758227452635765,0.13576467335224152,0.002623515436425805,0.039865005761384964,0.00897971261292696,0.04086267575621605,0.03698856383562088,2-4deg,0.00-0.04,0.0,0.0,0.0,0.0
166,60,True,True,0.0731431320309639,0.062241531908512115,0.06417995691299438,0.1253221184015274,1.6799999475479126,1.243597388267517,0.40450519323349,-0.016125595197081566,-0.061777081340551376,0.1253221184015274,0.06417995691299438,-0.01996678300201893,0.0484924241900444,0.38824915885925293,0.20334485173225403,0.10903771966695786,0.2070578634738922,>=0.15,False,True,False,True,True,False,False,False,True,0.06594561785459518,-0.09298691898584366,0.09165039658546448,0.02404961548745632,0.031846243888139725,0.09999999403953552,0.06417995691299438,-0.019999181851744652,0.019999181851744652,-0.05683692544698715,-0.003823228180408478,0.05696524307131767,0.043077368289232254,0.03463874012231827,0.0008457279182039201,-0.061712633818387985,0.10907420516014099,0.0003184624365530908,-0.05336979031562805,-0.00314927427098155,0.053462572395801544,0.04520144686102867,2-4deg,0.04-0.08,0.0,0.0,0.0,0.0
167,9,True,True,0.04744601249694824,0.044916123151779175,0.03202912211418152,0.16420894861221313,1.8399999141693115,1.2660460472106934,0.31436794996261597,-0.02275511808693409,-0.1243487000465393,0.16420894861221313,0.03202912211418152,-0.020007625222206116,0.10135164111852646,0.7136081457138062,0.33405908942222595,0.10724727064371109,0.1172603890299797,0.10-0.15,False,True,False,True,True,False,False,False,True,0.028405634686350822,-0.10977688431739807,0.08135789632797241,0.0336894653737545,0.154061421751976,0.05999999865889549,0.03202912211418152,-0.02002478390932083,0.02002478390932083,-0.0021372977644205093,0.008944434113800526,0.009193475358188152,0.008450258523225784,0.00460644019767642,0.0003452669770922512,-0.12380461394786835,0.10787490010261536,0.0015406141756102443,-0.00223180977627635,0.008614419028162956,0.008896937593817711,0.008712481707334518,0-2deg,0.00-0.04,0.0,0.0,0.0,0.0
168,44,True,True,0.0645071342587471,0.0645071342587471,0.05418863892555237,0.22236156463623047,2.2799999713897705,1.4852235317230225,0.33479708433151245,-0.03270120918750763,0.011090517044067383,0.22236156463623047,0.05418863892555237,-0.019776757806539536,-0.043828368186950684,1.1612696647644043,0.5156666040420532,0.22208482027053833,0.17402037978172302,>=0.15,False,True,False,True,True,False,False,False,True,0.07351767271757126,-0.23994514346122742,0.31627407670021057,0.11384235322475433,0.2896127998828888,0.14000000059604645,0.05418863892555237,-0.02005683071911335,0.02005683071911335,0.0018999234307557344,0.00026269364752806723,0.0019223655108362436,0.0027028180193156004,0.11479093134403229,0.004461836535483599,0.011295896954834461,0.2220744788646698,0.002896127989515662,0.0021091920789331198,0.0005044119316153228,0.002156191971153021,0.002622841624543071,0-2deg,0.00-0.04,0.0,0.0,0.0,0.0
169,35,True,True,0.08160067349672318,0.07294343411922455,0.07371380180120468,0.2347143292427063,0.9399999976158142,1.630776047706604,0.7666434645652771,-0.018085477873682976,-0.13950219750404358,0.2347143292427063,0.07371380180120468,-0.01988513581454754,0.12289951741695404,0.4131622314453125,0.24428941309452057,0.188758984208107,0.19302436709403992,>=0.15,False,True,False,True,True,False,False,False,True,0.06225701794028282,-0.41516855359077454,0.4551658034324646,0.16046839952468872,0.1615014374256134,0.09999999403953552,0.07371380180120468,-0.01988513581454754,0.01988513581454754,0.04152819514274597,-0.04751155897974968,0.06309235095977783,0.04023049399256706,0.03549725562334061,0.0023920803796499968,-0.15057049691677094,0.1800537258386612,0.0016150143928825855,0.041188500821590424,-0.04422518238425255,0.060425981879234314,0.0423680804669857,2-4deg,0.04-0.08,0.0,0.0006905339541845024,0.0,0.0
170,54,True,True,0.055041857063770294,0.053874269127845764,0.04250254109501839,0.12447190284729004,3.2200000286102295,1.3251885175704956,0.3366890549659729,0.01984206773340702,0.07362949848175049,0.12447190284729004,0.04250254109501839,-0.020020173862576485,-0.05370800197124481,0.9651047587394714,0.3359218239784241,0.10035911202430725,0.11251169443130493,0.10-0.15,False,True,False,True,True,False,False,False,True,0.04073081165552139,-0.05712681636214256,0.06821974366903305,0.06179894506931305,0.3871958553791046,0.09999999403953552,0.04250254109501839,-0.020020173862576485,0.020020173862576485,0.03999805077910423,0.022883092984557152,0.04607878625392914,0.0746082067489624,0.03553418815135956,0.0011960400734096766,0.06853387504816055,0.10390554368495941,0.0038719584699720144,0.04480039328336716,0.026250481605529785,0.05192002281546593,0.07197810709476471,2-4deg,0.04-0.08,0.0,0.0,0.0,0.0
171,55,True,True,0.10301384329795837,0.090616375207901,0.0968913808465004,0.26957967877388,3.059999942779541,1.4222794771194458,0.3084240257740021,-0.024129018187522888,-0.14218254387378693,0.26957967877388,0.0968913808465004,-0.02000339701771736,0.12328244745731354,1.8365899324417114,0.6362963318824768,0.2290356606245041,0.242685928940773,>=0.15,False,True,False,True,True,False,False,False,True,0.08580949902534485,-0.17638303339481354,0.08822474628686905,0.027887674048542976,0.053777337074279785,0.07999999821186066,0.0968913808465004,-0.02000339701771736,0.02000339701771736,-0.010087779723107815,0.01933162845671177,0.02180425450205803,0.05722181499004364,0.015946121886372566,0.0,-0.142142653465271,0.22906041145324707,0.0005377733614295721,-0.013262036256492138,0.018030991777777672,0.022381652146577835,0.05710422247648239,0-2deg,0.04-0.08,0.0,0.0,0.0,0.0
172,31,True,False,0.12540189921855927,0.12395589053630829,0.0,0.0,2.379999876022339,1.6380749940872192,0.40867161750793457,-0.1971530318260193,-0.08421086519956589,0.23050141334533691,0.12055806070566177,-0.017879722639918327,-0.10906912386417389,1.5166202783584595,0.47133150696754456,0.21456801891326904,0.19495196640491486,>=0.15,True,True,False,True,False,False,False,True,True,0.12055806070566177,-0.08449037373065948,0.21445812284946442,0.08320459723472595,0.08320459723472595,0.0,0.12055806070566177,-0.017879722639918327,0.017879722639918327,0.024857278913259506,-0.02091873250901699,0.03248589485883713,0.04477813467383385,0.03185398131608963,0.03185398131608963,-0.08449037373065948,0.21445812284946442,0.000832045974675566,0.024857278913259506,-0.02091873250901699,0.03248589485883713,0.04477813467383385,0-2deg,0.04-0.08,0.0,0.0,0.0,0.0
173,36,True,True,0.06219108775258064,0.06032191962003708,0.051391877233982086,0.11385591328144073,3.0,1.3023097515106201,0.28525787591934204,0.009494396857917309,-0.028493035584688187,0.11385591328144073,0.051391877233982086,-0.01997946761548519,0.03566426411271095,0.6160000562667847,0.29828861355781555,0.11023300141096115,0.10188677161931992,0.10-0.15,False,True,False,True,True,False,False,False,True,0.049277350306510925,-0.011796355247497559,0.09595434367656708,0.41415590047836304,0.41415590047836304,0.05999999865889549,0.051391877233982086,-0.020080534741282463,0.020080534741282463,-0.03743572160601616,0.04467983916401863,0.058281704783439636,0.05530184134840965,0.002583742141723633,0.0003452669770922512,-0.023990487679839134,0.11129970103502274,0.004141558893024921,-0.03531176969408989,0.043988436460494995,0.056401319801807404,0.056375015527009964,2-4deg,0.04-0.08,0.0,0.0,0.0,0.0
174,19,True,True,0.08258387446403503,0.08134058117866516,0.0748242661356926,0.14955486357212067,2.259999990463257,1.2360635995864868,0.28310948610305786,-0.008074345998466015,-0.08388332277536392,0.14955486357212067,0.0748242661356926,-0.020011357963085175,0.07603228837251663,1.1019119024276733,0.4927993714809418,0.12381535768508911,0.1227484717965126,0.10-0.15,False,True,False,True,True,False,False,False,True,0.0729939192533493,-0.1795799881219864,0.2604382038116455,0.035859040915966034,0.10706736147403717,0.07999999821186066,0.0748242661356926,-0.020011357963085175,0.020011357963085175,-0.018683189526200294,-0.06485892087221146,0.06749285012483597,0.014541045762598515,0.007461300119757652,0.00048828125,-0.08971425890922546,0.11965787410736084,0.0010706735774874687,-0.019486192613840103,-0.06452231109142303,0.06739644706249237,0.014527006074786186,2-4deg,0.00-0.04,0.0,0.0,0.0,0.0
175,61,True,True,0.08255133032798767,0.08245685696601868,0.07495134323835373,0.2031371295452118,1.9799998998641968,1.4674252271652222,0.40650859475135803,0.018680168315768242,0.011638824827969074,0.2031371295452118,0.07495134323835373,-0.019039105623960495,0.009421567432582378,0.616707444190979,0.38788196444511414,0.20280341804027557,0.14532345533370972,0.10-0.15,False,True,False,True,True,False,False,False,True,0.08988817036151886,-0.27412065863609314,0.3684266209602356,0.19878220558166504,0.19878220558166504,0.1599999964237213,0.07495134323835373,-0.019039105623960495,0.019039105623960495,0.01991690881550312,-0.07561973482370377,0.07819373905658722,0.0422590896487236,0.14606793224811554,0.01913381740450859,-0.0007711807265877724,0.2031356692314148,0.0019878221210092306,0.025550710037350655,-0.07392777502536774,0.07821127772331238,0.04218199476599693,4-6deg,0.04-0.08,0.0,0.0,0.0,0.0
176,4,True,True,0.04159197583794594,0.04151197150349617,0.022446833550930023,0.18163827061653137,2.799999952316284,1.3693475723266602,0.336784690618515,-0.0007558325887657702,-0.14540381729602814,0.18163827061653137,0.022446833550930023,-0.020005058497190475,0.14388446509838104,1.2676230669021606,0.5522750616073608,0.10885857790708542,0.10984472185373306,0.10-0.15,False,True,False,True,True,False,False,False,True,0.02267771027982235,-0.3277360498905182,0.18811601400375366,0.06727992743253708,0.3244595229625702,0.07999999821186066,0.022446833550930023,-0.020015299320220947,0.020015299320220947,-0.06676744669675827,-0.017013005912303925,0.06889763474464417,0.027775384485721588,0.0333014614880085,0.001091830083169043,-0.14416538178920746,0.11049345135688782,0.0032445951364934444,-0.06823094189167023,-0.01633235067129135,0.07015544176101685,0.026033958420157433,2-4deg,0.00-0.04,0.0,0.0,0.0,0.0
177,0,True,True,0.09638293832540512,0.08750209212303162,0.08924952894449234,0.2360573261976242,2.0,1.4427764415740967,0.46830683946609497,0.0065151690505445,-0.15855401754379272,0.2360573261976242,0.08924952894449234,-0.019487708806991577,0.16574473679065704,0.45154058933258057,0.3020972013473511,0.1748819202184677,0.15704914927482605,>=0.15,False,True,False,True,True,False,False,False,True,0.08597114682197571,-0.15760695934295654,0.20631708204746246,0.060537178069353104,0.07049615681171417,0.05999999865889549,0.08924952894449234,-0.019751450046896935,0.019751450046896935,0.02774394303560257,0.007011029869318008,0.02861650660634041,0.019968803972005844,0.006205217447131872,0.010172244161367416,-0.15530076622962952,0.1777772158384323,0.000704961537849158,0.027898114174604416,0.007790129631757736,0.028964364901185036,0.019745226949453354,0-2deg,0.00-0.04,0.0,0.0,0.0,0.0
178,3,True,True,0.0535728745162487,0.04590949788689613,0.040552202612161636,0.2025911957025528,3.0,1.566225290298462,0.3244154155254364,0.0035284929908812046,-0.013265369459986687,0.2025911957025528,0.040552202612161636,-0.01999463140964508,0.01689409278333187,0.6089468002319336,0.23090548813343048,0.2021564394235611,0.20260198414325714,>=0.15,False,True,False,True,True,False,False,False,True,0.08097532391548157,-0.15692105889320374,0.28010255098342896,0.09845389425754547,0.5769680738449097,1.5,0.040552202612161636,-0.02010602504014969,0.02010602504014969,0.006117480807006359,-0.020838776603341103,0.02171933837234974,0.021729370579123497,0.07560466974973679,0.0003452669770922512,-0.016062304377555847,0.2019534409046173,0.005769680719822645,0.002783756935968995,-0.02750479057431221,0.027645966038107872,0.014724252745509148,0-2deg,0.00-0.04,0.0,0.0,0.0,0.0
179,44,False,False,0.5243192911148071,0.5243192911148071,0.0,0.0,0.6399999856948853,2.0319509506225586,0.7961912751197815,-1.1657817363739014,-1.0003268718719482,2.033355474472046,0.5215935707092285,-0.008404107764363289,-0.12844285368919373,1.8127217292785645,0.8819226622581482,1.7702771425247192,0.19002677500247955,>=0.15,True,True,False,False,False,False,False,True,False,0.0,0.0,0.0,0.0,0.0,0.0,0.5215935707092285,-0.008404107764363289,0.008404107764363289,0.0,0.0,0.0,0.0,0.0,0.468793123960495,-0.9569231271743774,1.794110655784607,0.0,-0.034663792699575424,-0.00016827735817059875,0.034664545208215714,0.06042575463652611,0-2deg,0.00-0.04,0.0,0.0,0.0,0.0
180,46,True,True,0.06185216084122658,0.06185216084122658,0.050991255789995193,0.03984159231185913,4.21999979019165,1.3438079357147217,0.22695432603359222,0.0015374163631349802,-0.009121394716203213,0.03984159231185913,0.050991255789995193,-0.01999087817966938,0.010079761035740376,0.47657766938209534,0.2403372824192047,0.03878340497612953,0.0391252264380455,0.00-0.05,False,True,False,True,True,False,False,False,True,0.05325806513428688,-0.10862861573696136,0.14556732773780823,0.033085938543081284,0.11869286745786667,0.07999999821186066,0.050991255789995193,-0.020000886172056198,0.020000886172056198,0.011650830507278442,0.02282440848648548,0.025624999776482582,0.012304707430303097,0.011330921202898026,0.0003452669770922512,-0.008109106682240963,0.039007626473903656,0.0011869285954162478,0.011311394162476063,0.023469921201467514,0.026054101064801216,0.01200651191174984,0-2deg,0.00-0.04,0.0,0.0,0.0,0.0
181,5,True,False,0.12777961790561676,0.12777961790561676,0.0,0.0,2.0199999809265137,1.6019973754882812,0.5136703848838806,-0.4190812110900879,-0.5848721265792847,0.5975571274757385,0.12380167841911316,-0.011640443466603756,0.15820840001106262,0.6649215817451477,0.3754067122936249,0.12247075140476227,0.09605998545885086,0.05-0.10,True,True,False,True,False,False,False,True,True,0.12380167841911316,-0.5737488865852356,0.16699323058128357,0.1614832729101181,0.1614832729101181,0.0,0.12380167841911316,-0.011640443466603756,0.011640443466603756,-0.024561475962400436,0.0824468657374382,0.08601948618888855,0.01927868276834488,0.1332889348268509,0.1332889348268509,-0.5737488865852356,0.16699323058128357,0.0016148326685652137,-0.024561475962400436,0.0824468657374382,0.08601948618888855,0.01927868276834488,4-6deg,0.00-0.04,0.0,0.0,0.0,0.0
182,50,True,True,0.04884279519319534,0.04255861043930054,0.03405127674341202,0.17770421504974365,3.240000009536743,1.385107398033142,0.34574776887893677,0.010094022378325462,0.03907271847128868,0.17770421504974365,0.03405127674341202,-0.0199825931340456,-0.030691055580973625,1.034846305847168,0.4507386386394501,0.17335544526576996,0.16998936235904694,>=0.15,False,True,False,True,True,False,False,False,True,0.019575539976358414,-0.0986647829413414,0.20463478565216064,0.04066101834177971,0.3719419836997986,0.11999999731779099,0.03405127674341202,-0.0200625229626894,0.0200625229626894,-0.013126774691045284,0.00938345119357109,0.01613563671708107,0.060320958495140076,0.05842478945851326,0.0003452669770922512,0.035557299852371216,0.1741105020046234,0.0037194197066128254,-0.013804487884044647,0.01533333770930767,0.020632775500416756,0.05938200280070305,0-2deg,0.04-0.08,0.0,0.0,0.0,0.0
183,17,True,True,0.06852728128433228,0.06852728128433228,0.05865617096424103,0.1715877205133438,2.0999999046325684,1.444347620010376,0.45502179861068726,0.003690839745104313,-0.16858810186386108,0.1715877205133438,0.05865617096424103,-0.019495779648423195,0.17317180335521698,0.7801946401596069,0.37093546986579895,0.0319436751306057,0.029032763093709946,0.00-0.05,False,True,False,True,True,False,False,False,True,0.06240634620189667,-0.4521982669830322,0.4202033281326294,0.12517432868480682,0.13027793169021606,0.09999999403953552,0.05865617096424103,-0.019894547760486603,0.019894547760486603,0.05695512518286705,-0.017705433070659637,0.05964115634560585,0.021169422194361687,0.05980293080210686,0.010095781646668911,-0.16998307406902313,0.02341153472661972,0.001302779302932322,0.05854162573814392,-0.01759791560471058,0.061126645654439926,0.01857672818005085,2-4deg,0.00-0.04,0.0,0.0,0.0,0.0
184,9,True,True,0.10946950316429138,0.10304583609104156,0.10372591018676758,0.22162199020385742,0.9199999570846558,1.487477421760559,0.7430322766304016,-0.026431966572999954,-0.13884015381336212,0.22162199020385742,0.10372591018676758,-0.019998520612716675,0.11768461018800735,0.31772229075431824,0.20615987479686737,0.17274177074432373,0.18037888407707214,>=0.15,False,True,False,True,True,False,False,False,True,0.09773585200309753,-0.5343797206878662,0.4374053478240967,0.26887163519859314,0.26887163519859314,0.07999999821186066,0.10372591018676758,-0.020001627504825592,0.020001627504825592,-0.0013667098246514797,-0.008816192857921124,0.008923695422708988,0.052287112921476364,0.05984281003475189,0.0,-0.13887141644954681,0.1727166473865509,0.00268871639855206,-0.004063536413013935,-0.007204748224467039,0.008272032253444195,0.05241309851408005,0-2deg,0.04-0.08,0.0,0.0,0.0,0.0
185,10,True,True,0.10427560657262802,0.10173768550157547,0.09822569787502289,0.11455695331096649,1.9399999380111694,1.5533639192581177,0.4772433638572693,-0.01095292717218399,-0.06616993993520737,0.11455695331096649,0.09822569787502289,-0.019968101754784584,0.05580170452594757,0.664031445980072,0.3915254771709442,0.09351382404565811,0.0926557332277298,0.05-0.10,False,True,False,True,True,False,False,False,True,0.09569275379180908,-0.18281161785125732,0.1727072149515152,0.3632361590862274,0.3632361590862274,0.07999999821186066,0.09822569787502289,-0.02015511319041252,0.02015511319041252,-0.004764290060847998,-0.005980189424008131,0.007642828859388828,0.014421259984374046,0.003382913302630186,0.0006905339541845024,-0.06672381609678268,0.09311942756175995,0.0036323615349829197,-0.004680513869971037,-0.005115651059895754,0.006931200157850981,0.01452961191534996,0-2deg,0.00-0.04,0.0,0.0,0.0,0.0
186,32,True,False,0.15336064994335175,0.15336064994335175,0.0,0.0,2.180000066757202,1.532668113708496,0.3983789384365082,-0.31096914410591125,-0.455690860748291,0.6553117632865906,0.15077202022075653,-0.014311449602246284,0.13448025286197662,0.882507860660553,0.459677517414093,0.47093454003334045,0.14776107668876648,0.10-0.15,True,True,False,True,False,False,False,True,True,0.15077202022075653,-0.44436365365982056,0.48163726925849915,0.13271646201610565,0.13271646201610565,0.0,0.15077202022075653,-0.014311449602246284,0.014311449602246284,-0.010830511339008808,0.021177168935537338,0.023786423727869987,0.011199799366295338,0.09620992094278336,0.09620992094278336,-0.44436365365982056,0.48163726925849915,0.0013271645875647664,-0.010830511339008808,0.021177168935537338,0.023786423727869987,0.011199799366295338,0-2deg,0.00-0.04,0.0,0.0,0.0,0.0
187,35,True,True,0.08315027505159378,0.0775754302740097,0.07543857395648956,0.20880775153636932,0.9599999785423279,1.3789892196655273,0.6852912306785583,-0.032111551612615585,-0.19792158901691437,0.20880775153636932,0.07543857395648956,-0.019948208704590797,0.16205322742462158,0.25979799032211304,0.16302146017551422,0.0665411576628685,0.0771917775273323,0.05-0.10,False,True,False,True,True,False,False,False,True,0.07251481711864471,-0.17232783138751984,0.09175077080726624,0.0767805427312851,0.17816604673862457,0.05999999865889549,0.07543857395648956,-0.0200208593159914,0.0200208593159914,0.01888451725244522,-0.04985165596008301,0.05330618470907211,0.04166559502482414,0.004657910671085119,0.001035800902172923,-0.20008471608161926,0.059722620993852615,0.0017816604813560843,0.02018050290644169,-0.048802416771650314,0.05280715599656105,0.04170632362365723,2-4deg,0.04-0.08,0.0,0.0,0.0,0.0
188,23,True,True,0.05181209743022919,0.051128219813108444,0.038024723529815674,0.16123028099536896,3.319999933242798,1.1051642894744873,0.166690856218338,-0.005906622391194105,-0.0666833445429802,0.16123028099536896,0.038024723529815674,-0.01988878659904003,0.06303908675909042,0.7235133051872253,0.3051535487174988,0.14679419994354248,0.18252550065517426,>=0.15,False,True,False,True,True,False,False,False,True,0.04825783520936966,-0.2009519338607788,0.3601655662059784,0.03272608667612076,0.1075984314084053,0.14000000059604645,0.038024723529815674,-0.01988878659904003,0.01988878659904003,0.028440913185477257,0.022696424275636673,0.036384694278240204,0.06706255674362183,0.08110706508159637,0.0022375863045454025,-0.06974396109580994,0.14536499977111816,0.0010759843280538917,0.03379978612065315,0.016667097806930542,0.037683818489313126,0.06731580197811127,2-4deg,0.04-0.08,0.0,0.0,0.0,0.0
189,39,True,True,0.08453436940908432,0.04506121948361397,0.07685108482837677,0.19406555593013763,2.9800000190734863,1.4779682159423828,0.3389606177806854,-0.02273302897810936,-0.13626188039779663,0.19406555593013763,0.07685108482837677,-0.019916798919439316,0.11341983079910278,0.6215499639511108,0.31670236587524414,0.13818155229091644,0.20062443614006042,>=0.15,False,True,False,True,True,False,False,False,True,0.024856356903910637,-0.0571417398750782,0.27565932273864746,0.033318761736154556,0.07491441071033478,0.8999999761581421,0.07685108482837677,-0.019916798919439316,0.019916798919439316,0.06628841161727905,0.012693771161139011,0.0674910843372345,0.029285835102200508,0.09657654911279678,0.00172633514739573,-0.1464923918247223,0.12728479504585266,0.0007491440628655255,0.07645411789417267,0.01743861474096775,0.0784139409661293,0.0066685304045677185,2-4deg,0.00-0.04,0.0,0.0,0.0,0.0
190,51,True,True,0.04234310984611511,0.04234310984611511,0.02382909506559372,0.19876661896705627,2.5999999046325684,1.344052791595459,0.3263297975063324,-0.03245432674884796,-0.1896446943283081,0.19876661896705627,0.02382909506559372,-0.01999581791460514,0.15543535351753235,1.2781310081481934,0.5902796387672424,0.0595235675573349,0.05742631480097771,0.05-0.10,False,True,False,True,True,False,False,False,True,0.025939803570508957,-0.12128959596157074,0.06875995546579361,0.5829958915710449,0.5829958915710449,0.05999999865889549,0.02382909506559372,-0.02009013295173645,0.02009013295173645,-0.06831285357475281,0.012295219115912914,0.06940916180610657,0.0033867235761135817,0.002583742141723633,0.0003452669770922512,-0.1875077337026596,0.06594707071781158,0.005829958710819483,-0.06820066273212433,0.012186526320874691,0.0692792609333992,0.004451570566743612,2-4deg,0.00-0.04,0.0,0.0,0.0,0.0
191,59,True,True,0.044750116765499115,0.04038732126355171,0.02787593938410282,0.21605481207370758,3.119999885559082,1.4955500364303589,0.29174351692199707,0.007709807716310024,-0.023281989619135857,0.21605481207370758,0.02787593938410282,-0.019990580156445503,0.031002050265669823,0.8197011947631836,0.29784703254699707,0.21479670703411102,0.2089734822511673,>=0.15,False,True,False,True,True,False,False,False,True,0.018373455852270126,-0.15662172436714172,0.19731511175632477,0.1536615490913391,0.2661340832710266,0.07999999821186066,0.02787593938410282,-0.019994843751192093,0.019994843751192093,0.06932428479194641,-0.021221894770860672,0.07249481230974197,0.005606221035122871,0.026487501338124275,0.0003452669770922512,-0.02085324004292488,0.21504609286785126,0.002661340869963169,0.0690348893404007,-0.020962797105312347,0.0721425712108612,0.007387069053947926,4-6deg,0.00-0.04,0.0,0.0,0.0,0.0
192,15,True,False,0.12458733469247818,0.12458733469247818,0.0,0.0,2.059999942779541,1.4313993453979492,0.3412979543209076,-0.2585946321487427,-0.4476757049560547,0.6905779242515564,0.12092583626508713,-0.015828602015972137,0.18595856428146362,1.0651729106903076,0.4722770154476166,0.5258177518844604,0.07125614583492279,0.05-0.10,True,True,False,True,False,False,False,True,True,0.12092583626508713,-0.4833114743232727,0.4932624399662018,0.0448327511548996,0.0448327511548996,0.0,0.12092583626508713,-0.015828602015972137,0.015828602015972137,0.0030270451679825783,-0.06993099302053452,0.06999625265598297,0.008848372846841812,0.07671317458152771,0.07671317458152771,-0.4833114743232727,0.4932624399662018,0.00044832751154899597,0.0030270451679825783,-0.06993099302053452,0.06999625265598297,0.008848372846841812,4-6deg,0.00-0.04,0.0,0.0,0.0,0.0
193,40,True,True,0.12435469776391983,0.11238358914852142,0.11932741850614548,0.197352334856987,1.559999942779541,1.559885025024414,0.5048885941505432,0.0008232968975789845,-0.11317349970340729,0.197352334856987,0.11932741850614548,-0.019699273630976677,0.11455578356981277,0.540084719657898,0.328401118516922,0.1616777777671814,0.16753920912742615,>=0.15,False,True,False,True,True,False,False,False,True,0.11132297664880753,-0.5144891738891602,0.43311697244644165,0.2617630064487457,0.5451931953430176,0.11999999731779099,0.11932741850614548,-0.02016419544816017,0.02016419544816017,-0.04701782390475273,0.05016566067934036,0.06874161213636398,0.01701894961297512,0.10023960471153259,0.005798026453703642,-0.10853544622659683,0.16482718288898468,0.005451931618154049,-0.046804219484329224,0.04839860275387764,0.0673149824142456,0.01859225146472454,2-4deg,0.00-0.04,0.0,0.0,0.0,0.0
194,34,True,True,0.05954911187291145,0.059263624250888824,0.047865256667137146,0.11937935650348663,4.159999847412109,1.1251269578933716,0.1668742299079895,-0.003544916631653905,-0.0878516286611557,0.11937935650348663,0.047865256667137146,-0.019774742424488068,0.08397429436445236,0.5867564082145691,0.2585238814353943,0.08083020895719528,0.21085458993911743,>=0.15,False,True,False,True,True,False,False,False,True,0.04761616140604019,-0.09357626736164093,0.03832416608929634,0.03153971582651138,0.055146776139736176,0.05999999865889549,0.047865256667137146,-0.019910886883735657,0.019910886883735657,0.005524500738829374,0.043026428669691086,0.04337943345308304,0.021232062950730324,0.0031644257251173258,0.004488474689424038,-0.09049233794212341,0.07786250114440918,0.0005514677613973618,0.005281935445964336,0.04218673333525658,0.04251593351364136,0.022467268630862236,2-4deg,0.00-0.04,0.0,0.0,0.0,0.0
195,45,True,True,0.04843327775597572,0.04843327775597572,0.033476635813713074,0.23284021019935608,3.8999998569488525,1.2833997011184692,0.29190099239349365,0.0032566057052463293,0.004998117219656706,0.23284021019935608,0.033476635813713074,-0.019998030737042427,-0.001886266632936895,0.5595099329948425,0.2903994619846344,0.23278656601905823,0.23151330649852753,>=0.15,False,True,False,True,True,False,False,False,True,0.11421240121126175,-0.23995661735534668,0.07516147941350937,0.02715682052075863,0.7233448624610901,2.5999999046325684,0.033476635813713074,-0.020024267956614494,0.020024267956614494,-0.01955265738070011,0.011682627722620964,0.022777646780014038,0.016851011663675308,0.011693358421325684,0.0003452669770922512,0.011545238085091114,0.23255380988121033,0.007233448326587677,0.0199342779815197,-0.02132631279528141,0.02919192425906658,0.009484046138823032,0-2deg,0.00-0.04,0.0,0.0,0.0,0.0
196,47,True,True,0.05836406722664833,0.05836406722664833,0.04669561609625816,0.09111712872982025,2.759999990463257,1.036188006401062,0.2729969322681427,0.02422606572508812,0.07546283304691315,0.09111712872982025,0.04669561609625816,-0.01999504864215851,-0.05006794258952141,1.004030704498291,0.4277067184448242,0.051065560430288315,0.04373341426253319,0.00-0.05,False,True,False,True,True,False,False,False,True,0.050917305052280426,-0.08623083680868149,0.1606442928314209,0.06264983862638474,0.38931742310523987,0.09999999403953552,0.04669561609625816,-0.020038781687617302,0.020038781687617302,0.013704079203307629,0.014683864079415798,0.02008526213467121,0.021982477977871895,0.03190820664167404,0.0003452669770922512,0.07557535171508789,0.05089888349175453,0.0038931742310523987,0.013571030460298061,0.016419317573308945,0.02130088396370411,0.021530311554670334,0-2deg,0.00-0.04,0.0,0.0,0.0,0.0
197,12,True,True,0.03570497781038284,0.03570497781038284,0.0070755756460130215,0.16616596281528473,3.6999998092651367,1.279644250869751,0.31871306896209717,0.00022689385514240712,0.003526228480041027,0.16616596281528473,0.0070755756460130215,-0.02000301703810692,-0.004345661029219627,0.8980410695075989,0.2899845838546753,0.16612854599952698,0.19381457567214966,>=0.15,False,True,False,True,True,False,False,False,True,0.013531342148780823,-0.1323656588792801,0.12286384403705597,0.05626087635755539,0.13833783566951752,0.11999999731779099,0.0070755756460130215,-0.020034752786159515,0.020034752786159515,-0.07278412580490112,0.015305394306778908,0.07437308877706528,0.04099243879318237,0.08179423958063126,0.0003452669770922512,-0.005976490210741758,0.16605845093727112,0.001383378286845982,-0.06872687488794327,0.01364277582615614,0.07006610184907913,0.04666055738925934,4-6deg,0.04-0.08,0.0,0.0,0.0,0.0
198,18,True,True,0.05114873871207237,0.05114873871207237,0.037222620099782944,0.16825203597545624,2.859999895095825,1.3474382162094116,0.3561364710330963,-0.02375304140150547,-0.12462037801742554,0.16825203597545624,0.037222620099782944,-0.019951794296503067,0.09884069114923477,0.2610403001308441,0.15867950022220612,0.11304204910993576,0.12040168792009354,0.10-0.15,False,True,False,True,True,False,False,False,True,0.04603930190205574,-0.22717221081256866,0.09361685067415237,0.030554722994565964,0.20424680411815643,0.09999999403953552,0.037222620099782944,-0.02002739906311035,0.02002739906311035,-0.03818480670452118,-0.08570246398448944,0.09380537271499634,0.005253819283097982,0.0936327576637268,0.001035800902172923,-0.13290442526340485,0.10317537933588028,0.002042467938736081,-0.03776698559522629,-0.08536052703857422,0.09332370012998581,0.008246036246418953,4-6deg,0.00-0.04,0.0,0.0,0.0,0.0
199,28,True,True,0.06339754164218903,0.06339754164218903,0.05286526679992676,0.20345817506313324,2.259999990463257,1.5711036920547485,0.35742688179016113,-0.031978726387023926,-0.04826939105987549,0.20345817506313324,0.05286526679992676,-0.02000644989311695,0.015195257030427456,1.4923433065414429,0.541168749332428,0.19764941930770874,0.1692340075969696,>=0.15,False,True,False,True,True,False,False,False,True,0.08034096658229828,-0.3572160303592682,0.36359065771102905,0.09508280456066132,0.09508280456066132,0.14000000059604645,0.05286526679992676,-0.02002248913049698,0.02002248913049698,0.06975995749235153,0.031269896775484085,0.07643734663724899,0.024426858872175217,0.14141978323459625,0.0,-0.03289765119552612,0.20078089833259583,0.0009508280199952424,0.0700923427939415,0.03393714874982834,0.0778641626238823,0.020558984950184822,4-6deg,0.00-0.04,0.0,0.0,0.0,0.0
200,11,True,True,0.05329573154449463,0.0458533875644207,0.04016610234975815,0.25330185890197754,3.879999876022339,1.4428143501281738,0.2653915584087372,-0.021506790071725845,-0.143483504652977,0.25330185890197754,0.04016610234975815,-0.019918516278266907,0.12340840697288513,1.062135100364685,0.36305221915245056,0.2087446004152298,0.2137816697359085,>=0.15,False,True,False,True,True,False,False,False,True,0.029674246907234192,-0.3796233832836151,0.30999964475631714,0.06341320276260376,0.17432446777820587,0.11999999731779099,0.04016610234975815,-0.019991381093859673,0.019991381093859673,0.02108835056424141,0.0218841340392828,0.030390549451112747,0.03914237022399902,0.08808306604623795,0.0019223655108362436,-0.14880481362342834,0.20498524606227875,0.0017432445893064141,0.01943759061396122,0.018225234001874924,0.026644572615623474,0.041087523102760315,0-2deg,0.00-0.04,0.0,0.0,0.0,0.0
201,56,True,False,0.129241481423378,0.129241481423378,0.0,0.0,2.1599998474121094,1.3775110244750977,0.344334214925766,-0.23981983959674835,-0.3785674571990967,0.750980019569397,0.12607094645500183,-0.011678370647132397,0.130594402551651,1.0652790069580078,0.5762829780578613,0.6485812664031982,0.18654954433441162,>=0.15,True,True,False,True,False,False,False,True,True,0.12607094645500183,-0.42154261469841003,0.6215084791183472,0.1382645070552826,0.1382645070552826,0.0,0.12607094645500183,-0.011678370647132397,0.011678370647132397,0.06336972862482071,-0.03169446811079979,0.07084421068429947,0.02872956544160843,0.13183823227882385,0.13183823227882385,-0.42154261469841003,0.6215084791183472,0.0013826449867337942,0.06336972862482071,-0.03169446811079979,0.07084421068429947,0.02872956544160843,4-6deg,0.00-0.04,0.0,0.0,0.0,0.0
202,44,True,True,0.10218005627393723,0.09883065521717072,0.09613753110170364,0.07175430655479431,1.0399999618530273,1.4856326580047607,0.7155465483665466,-0.05782289430499077,0.013324309140443802,0.07175430655479431,0.09613753110170364,-0.01902036741375923,-0.07384999096393585,0.38291916251182556,0.2797807455062866,0.07050633430480957,0.1973324418067932,>=0.15,False,True,False,True,True,False,False,False,True,0.09742547571659088,-0.27203211188316345,0.39265215396881104,0.24804162979125977,0.41755539178848267,0.09999999403953552,0.09613753110170364,-0.020070835947990417,0.020070835947990417,-0.026573674753308296,0.013442964293062687,0.029780253767967224,0.02852947637438774,0.04408295452594757,0.014538287185132504,0.014929638244211674,0.07018394768238068,0.004175554029643536,-0.02427751198410988,0.012936183251440525,0.027507618069648743,0.03023110143840313,0-2deg,0.00-0.04,0.0,0.0,0.0,0.0
203,27,True,True,0.10037583857774734,0.09723485261201859,0.09397710859775543,0.23696015775203705,2.059999942779541,1.4482983350753784,0.40650880336761475,-0.02113357000052929,-0.13765351474285126,0.23696015775203705,0.09397710859775543,-0.019864581525325775,0.11446528881788254,0.48811203241348267,0.3501781225204468,0.19287723302841187,0.18133637309074402,>=0.15,False,True,False,True,True,False,False,False,True,0.09072886407375336,-0.2785232365131378,0.23442891240119934,0.07011145353317261,0.07565069943666458,0.05999999865889549,0.09397710859775543,-0.019988160580396652,0.019988160580396652,0.006486054509878159,-0.05256424844264984,0.0529627650976181,0.03500189632177353,0.0013372133253142238,0.0027404725551605225,-0.1471092253923416,0.18576596677303314,0.0007565069827251136,0.006424943916499615,-0.053949084132909775,0.05433002859354019,0.034305017441511154,2-4deg,0.00-0.04,0.0,0.0,0.0,0.0
204,57,True,True,0.10228192806243896,0.10069188475608826,0.0961519330739975,0.14603783190250397,2.6599998474121094,1.6016685962677002,0.4291006028652191,-0.005263478960841894,0.03409178555011749,0.14603783190250397,0.0961519330739975,-0.020030811429023743,-0.04339081048965454,1.821226716041565,0.7195032835006714,0.14200282096862793,0.17078599333763123,>=0.15,False,True,False,True,True,False,False,False,True,0.0977792739868164,-0.26266470551490784,0.21072052419185638,0.12264230102300644,0.5355844497680664,0.07999999821186066,0.0961519330739975,-0.020147385075688362,0.020147385075688362,0.005099552217870951,-0.005334536079317331,0.007380981929600239,0.04968540370464325,0.04011017084121704,0.001091830083169043,0.033229995518922806,0.14220696687698364,0.005355844274163246,0.006299350876361132,-0.008053939789533615,0.010224845260381699,0.04937191307544708,0-2deg,0.04-0.08,0.0,0.0,0.0,0.0
205,55,True,True,0.12188606709241867,0.0706600695848465,0.11693541705608368,0.2951244115829468,1.8600000143051147,1.4661188125610352,0.43704789876937866,0.020139705389738083,-0.10528798401355743,0.2951244115829468,0.11693541705608368,-0.019493214786052704,0.12207186967134476,0.6717907190322876,0.3839816749095917,0.2757042944431305,0.22860340774059296,>=0.15,False,True,False,True,True,False,False,False,True,0.1086895540356636,-0.088851697742939,0.2821085751056671,0.020373374223709106,0.021113082766532898,0.05999999865889549,0.11693541705608368,-0.01955818571150303,0.01955818571150303,0.0023351917043328285,0.03466146066784859,0.034740135073661804,0.06457667052745819,0.01010168343782425,0.01050660852342844,-0.09617064893245697,0.2790154218673706,0.00021113082766532898,0.004002441186457872,0.032673779875040054,0.032917942851781845,0.06513028591871262,0-2deg,0.04-0.08,0.0,0.0,0.0,0.0
206,33,True,True,0.09096737951040268,0.0875542089343071,0.08390840888023376,0.1683986335992813,3.3399999141693115,1.3908687829971313,0.32655319571495056,-0.019276758655905724,-0.14795349538326263,0.1683986335992813,0.08390840888023376,-0.019940808415412903,0.1296343356370926,0.9446090459823608,0.36033928394317627,0.0804230123758316,0.10688077658414841,0.10-0.15,False,True,False,True,True,False,False,False,True,0.08142116665840149,-0.10152125358581543,0.16204185783863068,0.2146211564540863,0.2146211564540863,0.07999999821186066,0.08390840888023376,-0.020001228898763657,0.020001228898763657,-0.0016020957846194506,0.004885396920144558,0.005144367925822735,0.012996673583984375,0.0,0.0009765625,-0.14749805629253387,0.08125528693199158,0.002146211452782154,-0.0014769260305911303,0.00565058458596468,0.005839002784341574,0.012844759970903397,0-2deg,0.00-0.04,0.0,0.0,0.0,0.0
207,38,True,True,0.09102196246385574,0.08765321224927902,0.08398082852363586,0.14712482690811157,3.259999990463257,1.3877558708190918,0.2940206825733185,-0.011797710321843624,-0.0855226144194603,0.14712482690811157,0.08398082852363586,-0.01996438205242157,0.07270324975252151,1.122104287147522,0.42351359128952026,0.1197146400809288,0.17553190886974335,>=0.15,False,True,False,True,True,False,False,False,True,0.0804302841424942,-0.0953148826956749,0.0756361111998558,0.13376915454864502,0.13376915454864502,0.05999999865889549,0.08398082852363586,-0.020044147968292236,0.020044147968292236,-0.05042298510670662,0.008018042892217636,0.05105604603886604,0.0343867689371109,0.001423572306521237,0.0007720404537394643,-0.07953941822052002,0.12377072870731354,0.0013376915594562888,-0.05114419385790825,0.006860832218080759,0.051602061837911606,0.03379811346530914,2-4deg,0.00-0.04,0.0,0.0,0.0,0.0
208,52,True,True,0.09127785265445709,0.06685277074575424,0.08429646492004395,0.18013571202754974,3.240000009536743,1.4087141752243042,0.2761133909225464,0.005979063455015421,-0.022601433098316193,0.18013571202754974,0.08429646492004395,-0.019992230460047722,0.03430819883942604,1.0063296556472778,0.4477744400501251,0.17871220409870148,0.1775975227355957,>=0.15,False,True,False,True,True,False,False,False,True,0.07572691887617111,-0.060436006635427475,0.0365615114569664,0.021626939997076988,0.1874544769525528,0.11999999731779099,0.08429646492004395,-0.019995415583252907,0.019995415583252907,0.022887887433171272,-0.02482542023062706,0.03376546874642372,0.08093197643756866,0.04899754747748375,0.0,-0.01810864359140396,0.1792231947183609,0.0018745447741821408,0.019141901284456253,-0.031937841325998306,0.037233393639326096,0.07975322008132935,0-2deg,0.08-0.12,0.0,0.0,0.0,0.0
209,58,True,True,0.08131682872772217,0.07481450587511063,0.07339528203010559,0.21830612421035767,4.819999694824219,1.1908270120620728,0.20143023133277893,0.002018054248765111,0.0034928079694509506,0.21830612421035767,0.07339528203010559,-0.01998838782310486,0.0002026505972025916,0.7169705033302307,0.23892167210578918,0.2182781845331192,0.2195587009191513,>=0.15,False,True,False,True,True,False,False,False,True,0.06787527352571487,0.018323371186852455,0.0694795697927475,0.38363316655158997,0.38363316655158997,0.05999999865889549,0.07339528203010559,-0.020050441846251488,0.020050441846251488,0.004563135094940662,0.016429269686341286,0.017051642760634422,0.023181049153208733,0.0007720404537394643,0.0003452669770922512,0.002439359901472926,0.2182925045490265,0.003836331656202674,0.00461904052644968,0.015496986918151379,0.016168849542737007,0.023514868691563606,0-2deg,0.00-0.04,0.0,0.0,0.0,0.0
210,60,True,False,0.13146626949310303,0.13146626949310303,0.0,0.0,2.0199999809265137,1.374572992324829,0.3768629729747772,-0.19050948321819305,-0.13124272227287292,0.45590415596961975,0.1278170943260193,-0.010613158345222473,-0.0662059411406517,0.8550060391426086,0.401082307100296,0.4366050064563751,0.14526817202568054,0.10-0.15,True,True,False,True,False,False,False,True,True,0.1278170943260193,-0.16400502622127533,0.4253832995891571,0.08823095262050629,0.08823095262050629,0.0,0.1278170943260193,-0.010613158345222473,0.010613158345222473,-0.0034695591311901808,-0.0792483314871788,0.07932404428720474,0.020497696474194527,0.13876642286777496,0.13876642286777496,-0.16400502622127533,0.4253832995891571,0.0008823095122352242,-0.0034695591311901808,-0.0792483314871788,0.07932404428720474,0.020497696474194527,4-6deg,0.00-0.04,0.0,0.0,0.0,0.0
211,62,True,True,0.0550076998770237,0.0550076998770237,0.04240180924534798,0.11977798491716385,4.839999675750732,1.0607744455337524,0.20418691635131836,-0.01713416911661625,-0.10497777163982391,0.11977798491716385,0.04240180924534798,-0.0199543796479702,0.08506768941879272,1.194657564163208,0.34417444467544556,0.05767524242401123,0.10050716996192932,0.10-0.15,False,True,False,True,True,False,False,False,True,0.05030848830938339,-0.1663791537284851,0.1693713366985321,0.0331510454416275,0.06651706993579865,0.11999999731779099,0.04240180924534798,-0.0199543796479702,0.0199543796479702,0.0030357965733855963,-0.04487195983529091,0.04497472941875458,0.05621812492609024,0.09651347249746323,0.0011451211757957935,-0.10601053386926651,0.055754225701093674,0.0006651706644333899,0.006011387333273888,-0.039997316896915436,0.04044618085026741,0.05796123296022415,2-4deg,0.04-0.08,0.0,0.0006905339541845024,0.0,0.0
212,54,True,True,0.03677996248006821,0.03584374487400055,0.011275509372353554,0.19773119688034058,2.0199999809265137,1.5269707441329956,0.3649599850177765,0.0031700695399194956,-0.057860117405653,0.19773119688034058,0.011275509372353554,-0.019993875175714493,0.06062952056527138,0.6326368451118469,0.27205634117126465,0.1890762597322464,0.18776623904705048,>=0.15,False,True,False,True,True,False,False,False,True,0.008095047436654568,-0.14476223289966583,0.13424018025398254,0.17309263348579407,0.21787609159946442,0.07999999821186066,0.011275509372353554,-0.01999586448073387,0.01999586448073387,0.011706698685884476,0.06334429234266281,0.06441523134708405,0.04207791015505791,0.0018911053193733096,0.0,-0.046813756227493286,0.1921095997095108,0.0021787609439343214,0.01388782262802124,0.0645565390586853,0.06603115797042847,0.04110093414783478,2-4deg,0.04-0.08,0.0,0.0,0.0,0.0
213,2,True,True,0.06197642907500267,0.06197642907500267,0.05114133656024933,0.02323315106332302,2.180000066757202,1.6984679698944092,0.4932280480861664,0.0038441282231360674,-0.009773347526788712,0.02323315106332302,0.05114133656024933,-0.02000480145215988,0.012364192865788937,0.7833401560783386,0.3863227963447571,0.02107750065624714,0.031175972893834114,0.00-0.05,False,True,False,True,True,False,False,False,True,0.05710523575544357,-0.3841713070869446,0.1396576315164566,0.17046882212162018,0.1828071027994156,0.09999999403953552,0.05114133656024933,-0.020024370402097702,0.020024370402097702,-0.018968982622027397,0.082695871591568,0.08483892679214478,0.011970079503953457,0.0766080990433693,0.00048828125,-0.009510341100394726,0.021197469905018806,0.0018280709628015757,-0.019802480936050415,0.08300039172172546,0.08532499521970749,0.010350415483117104,4-6deg,0.00-0.04,0.0,0.0,0.0,0.0
214,13,True,True,0.03845195099711418,0.03770511597394943,0.015885353088378906,0.14747999608516693,3.5199999809265137,1.1773343086242676,0.2586349844932556,0.009509424678981304,0.021430728957057,0.14747999608516693,0.015885353088378906,-0.019982345402240753,-0.012343363836407661,0.5718536376953125,0.2569715976715088,0.14591459929943085,0.13723719120025635,0.10-0.15,False,True,False,True,True,False,False,False,True,0.01468571461737156,-0.11593131721019745,0.03342066705226898,0.06520205736160278,0.27172669768333435,0.09999999403953552,0.015885353088378906,-0.020050661638379097,0.020050661638379097,0.05549649894237518,-0.004294679965823889,0.05566268041729927,0.006577560678124428,0.03663290664553642,0.0,0.026052866131067276,0.14516058564186096,0.0027172670233994722,0.05571630969643593,-0.003865154692903161,0.05584985762834549,0.00567787466570735,2-4deg,0.00-0.04,0.0,0.0,0.0,0.0
215,37,True,True,0.07410179823637009,0.07410179823637009,0.06515152007341385,0.1194530576467514,3.240000009536743,1.2699573040008545,0.2340574413537979,-0.002745550125837326,-0.10303299874067307,0.1194530576467514,0.06515152007341385,-0.019800376147031784,0.09858817607164383,0.4344363808631897,0.2507185637950897,0.060441989451646805,0.09348966926336288,0.05-0.10,False,True,False,True,True,False,False,False,True,0.06796201318502426,-0.15419243276119232,0.15327320992946625,0.024157090112566948,0.22743897140026093,0.07999999821186066,0.06515152007341385,-0.020016038790345192,0.020016038790345192,-0.04204392433166504,-0.008458321914076805,0.04288594424724579,0.027231644839048386,0.04286786913871765,0.0037025781348347664,-0.10322101414203644,0.06012033671140671,0.002274389611557126,-0.04065825045108795,-0.0075427391566336155,0.04135145992040634,0.02812311425805092,2-4deg,0.00-0.04,0.0,0.0,0.0,0.0
216,7,True,True,0.09314937889575958,0.09314937889575958,0.08633310347795486,0.13748744130134583,3.0199999809265137,1.196513056755066,0.1868310570716858,-0.0052118501625955105,-0.055428843945264816,0.13748744130134583,0.08633310347795486,-0.019954606890678406,0.05585867911577225,1.047823429107666,0.4860161244869232,0.12581907212734222,0.1277686357498169,0.10-0.15,False,True,False,True,True,False,False,False,True,0.09622620791196823,-0.12462958693504333,0.2948017120361328,0.16124248504638672,0.16124248504638672,0.2800000011920929,0.08633310347795486,-0.019996607676148415,0.019996607676148415,0.05914485454559326,0.008215045556426048,0.059712111949920654,0.06780704855918884,0.0,0.0009134905994869769,-0.04893788695335388,0.12848299741744995,0.0016124248504638672,0.05618005618453026,0.02532145194709301,0.061617411673069,0.06526583433151245,2-4deg,0.04-0.08,0.0,0.0,0.0,0.0
217,42,True,True,0.03989040106534958,0.03989040106534958,0.01912236027419567,0.1039443388581276,3.7200000286102295,1.1575671434402466,0.25234872102737427,0.004478217102587223,-0.03400156646966934,0.1039443388581276,0.01912236027419567,-0.019992617890238762,0.037858445197343826,0.5019364953041077,0.2075567990541458,0.09822586178779602,0.09896309673786163,0.05-0.10,False,True,False,True,True,False,False,False,True,0.023041758686304092,-0.12029202282428741,0.035437267273664474,0.13169735670089722,0.16887404024600983,0.05999999865889549,0.01912236027419567,-0.020039377734065056,0.020039377734065056,-0.004818284884095192,-0.027464862912893295,0.027884285897016525,0.0292181558907032,0.0005980199784971774,0.0,-0.03113844245672226,0.09917067736387253,0.0016887403326109052,-0.00510505260899663,-0.028581134974956512,0.029034258797764778,0.028402384370565414,0-2deg,0.00-0.04,0.0,0.0,0.0,0.0
218,29,True,True,0.052366986870765686,0.045098498463630676,0.03898528218269348,0.23373667895793915,3.1599998474121094,1.1431845426559448,0.37578079104423523,-5.654949927702546e-05,-0.10003291070461273,0.23373667895793915,0.03898528218269348,-0.020034266635775566,0.0996614396572113,2.043536901473999,0.6093244552612305,0.21124926209449768,0.20700819790363312,>=0.15,False,True,False,True,True,False,False,False,True,0.023308275267481804,-0.3167726993560791,0.3473149538040161,0.02961774915456772,0.17720453441143036,0.09999999403953552,0.03898528218269348,-0.020034266635775566,0.020034266635775566,-0.06616434454917908,0.027740180492401123,0.07173623144626617,0.0037119234912097454,0.07766928523778915,0.0,-0.11448828876018524,0.2037775069475174,0.0017720452742651105,-0.06623487919569016,0.027966899797320366,0.07188908755779266,0.002534333849325776,4-6deg,0.00-0.04,0.0,0.0,0.0,0.0
219,26,True,True,0.04031265899538994,0.04031265899538994,0.019983883947134018,0.16381457448005676,4.380000114440918,1.3251495361328125,0.28699448704719543,0.002754426561295986,0.005774375982582569,0.16381457448005676,0.019983883947134018,-0.01999085023999214,-0.003936678171157837,0.9940831661224365,0.2844497561454773,0.1637127697467804,0.16436012089252472,>=0.15,False,True,False,True,True,False,False,False,True,0.024253075942397118,-0.1362820267677307,0.12923872470855713,0.04698841646313667,0.34094932675361633,0.07999999821186066,0.019983883947134018,-0.01999189704656601,0.01999189704656601,-0.03170439600944519,-0.03663339838385582,0.04844311997294426,0.049812983721494675,0.01682288758456707,0.0,0.0020589404739439487,0.1638016402721405,0.003409493248909712,-0.031644877046346664,-0.03956369683146477,0.05065738782286644,0.04786068946123123,2-4deg,0.04-0.08,0.0,0.0,0.0,0.0
220,31,True,True,0.09756433218717575,0.0923677533864975,0.09109198302030563,0.1637277752161026,2.0999999046325684,1.5020018815994263,0.379120409488678,-0.002829122357070446,-0.0976000428199768,0.1637277752161026,0.09109198302030563,-0.020007997751235962,0.09067913144826889,0.8056808710098267,0.2983238697052002,0.13145728409290314,0.13182544708251953,0.10-0.15,False,True,False,True,True,False,False,False,True,0.0894429162144661,-0.1193295270204544,0.027830999344587326,0.03203578293323517,0.18080568313598633,0.05999999865889549,0.09109198302030563,-0.020007997751235962,0.020007997751235962,0.037610020488500595,0.028231028467416763,0.047022800892591476,0.05841974914073944,0.029042469337582588,0.0006905339541845024,-0.09179016947746277,0.13557784259319305,0.001808056840673089,0.03525238856673241,0.028220590204000473,0.04515335336327553,0.05945426598191261,2-4deg,0.04-0.08,0.0,0.0,0.0,0.0
221,1,True,True,0.0564090833067894,0.0564090833067894,0.04425204172730446,0.18073038756847382,3.259999990463257,1.3557239770889282,0.24548184871673584,0.0019493900472298265,-0.06433704495429993,0.18073038756847382,0.04425204172730446,-0.020008845254778862,0.06570390611886978,0.370291143655777,0.23731093108654022,0.16889114677906036,0.16654004156589508,>=0.15,False,True,False,True,True,False,False,False,True,0.04786171764135361,-0.09147977828979492,0.18955618143081665,0.33181869983673096,0.33181869983673096,0.05999999865889549,0.04425204172730446,-0.020114298909902573,0.020114298909902573,-0.021426895633339882,-0.021500302478671074,0.030353255569934845,0.025483205914497375,0.0031455333810299635,0.0003452669770922512,-0.059545114636421204,0.1706395298242569,0.0033181868493556976,-0.02213195711374283,-0.020766347646713257,0.030347362160682678,0.025403281673789024,0-2deg,0.00-0.04,0.0,0.0,0.0,0.0
222,20,True,True,0.06252996623516083,0.06252996623516083,0.051536474376916885,0.16454537212848663,3.5199999809265137,1.4928131103515625,0.2751508355140686,0.004013011232018471,-0.11918558925390244,0.16454537212848663,0.051536474376916885,-0.019624264910817146,0.12291204184293747,0.44829314947128296,0.2917461693286896,0.11344590038061142,0.15707483887672424,>=0.15,False,True,False,True,True,False,False,False,True,0.05947636812925339,-0.08869501948356628,0.18065516650676727,0.04827924817800522,0.04827924817800522,0.11999999731779099,0.051536474376916885,-0.019669150933623314,0.019669150933623314,-0.005276323761790991,-0.025536449626088142,0.026074683293700218,0.015251459553837776,0.00881617609411478,0.005426303017884493,-0.11958947777748108,0.11302005499601364,0.0004827924713026732,-0.006770719308406115,-0.025708116590976715,0.026584098115563393,0.014830675907433033,0-2deg,0.00-0.04,0.0,0.0,0.0,0.0
223,61,True,True,0.03601794317364693,0.03590010106563568,0.008548975922167301,0.23909030854701996,2.0799999237060547,1.7294800281524658,0.46823984384536743,0.0017197068082168698,-0.12288828939199448,0.23909030854701996,0.008548975922167301,-0.020012814551591873,0.12472090870141983,0.466503381729126,0.23267033696174622,0.20509180426597595,0.19974443316459656,>=0.15,False,True,False,True,True,False,False,False,True,0.012236829847097397,-0.22270406782627106,0.08578315377235413,0.1241711750626564,0.30637797713279724,0.07999999821186066,0.008548975922167301,-0.020012814551591873,0.020012814551591873,-0.06704811751842499,0.050933096557855606,0.08417654782533646,0.019479315727949142,0.001091830083169043,0.0009134905994869769,-0.1086781919002533,0.21296298503875732,0.003063779789954424,-0.06796877086162567,0.051577791571617126,0.08529911935329437,0.017982909455895424,4-6deg,0.00-0.04,0.0,0.0,0.0,0.0
224,30,True,True,0.10660431534051895,0.06859419494867325,0.1006743460893631,0.23320503532886505,4.400000095367432,1.0723679065704346,0.18997633457183838,-0.0446152500808239,0.05164824426174164,0.23320503532886505,0.1006743460893631,-0.020054353401064873,-0.0937715470790863,1.1158690452575684,0.35566315054893494,0.2274138182401657,0.24513816833496094,>=0.15,False,True,False,True,True,False,False,False,True,0.057075582444667816,-0.11764509230852127,0.06480332463979721,0.12305533140897751,0.2596641480922699,0.35999998450279236,0.1006743460893631,-0.020061539486050606,0.020061539486050606,0.05562897399067879,-0.03879507631063461,0.06780940294265747,0.05052874982357025,0.07764393836259842,0.0013372133253142238,0.05224583297967911,0.22727727890014648,0.0025966414250433445,0.03834240883588791,-0.03122696839272976,0.049444567412137985,0.05996266007423401,2-4deg,0.04-0.08,0.0,0.0,0.0,0.0
225,40,True,True,0.10662572085857391,0.0979030579328537,0.10061631351709366,0.22224856913089752,1.4800000190734863,1.5399434566497803,0.44759079813957214,-0.018031228333711624,-0.18522560596466064,0.22224856913089752,0.10061631351709366,-0.019743388518691063,0.16645391285419464,0.4639403223991394,0.27787452936172485,0.12282467633485794,0.1220625638961792,0.10-0.15,False,True,False,True,True,False,False,False,True,0.0928458645939827,-0.49777427315711975,0.32614532113075256,0.02098929136991501,0.10318338871002197,0.11999999731779099,0.10061631351709366,-0.01995834708213806,0.01995834708213806,-0.013863611035048962,-0.05631999298930168,0.0579996220767498,0.03704242408275604,0.07341068983078003,0.005213423166424036,-0.17981615662574768,0.1306161731481552,0.0010318338172510266,-0.0146811967715621,-0.05262141302227974,0.05462885648012161,0.03870347514748573,2-4deg,0.00-0.04,0.0,0.0,0.0,0.0
226,43,True,True,0.07990587502717972,0.07508666813373566,0.07185523957014084,0.2337074875831604,3.1999998092651367,1.2245371341705322,0.2469816952943802,-0.02280484512448311,-0.1806483417749405,0.2337074875831604,0.07185523957014084,-0.02000884711742401,0.16191954910755157,1.277224063873291,0.4839187264442444,0.14827464520931244,0.17395518720149994,>=0.15,False,True,False,True,True,False,False,False,True,0.06655989587306976,-0.23699524998664856,0.22935175895690918,0.30014416575431824,0.30014416575431824,0.11999999731779099,0.07185523957014084,-0.020081300288438797,0.020081300288438797,-0.04049950838088989,0.023563658818602562,0.04685257375240326,0.07076051831245422,0.0029499635566025972,0.0006905339541845024,-0.18481722474098206,0.14304469525814056,0.003001441480591893,-0.04003414139151573,0.030516980215907097,0.05033382400870323,0.0685291588306427,2-4deg,0.04-0.08,0.0,0.0,0.0,0.0
227,14,True,True,0.04106573015451431,0.03682683780789375,0.021428976207971573,0.26185277104377747,3.740000009536743,1.0882935523986816,0.24458301067352295,0.03889249265193939,0.11375891417264938,0.26185277104377747,0.021428976207971573,-0.01999546028673649,-0.07559801638126373,1.1731528043746948,0.46949175000190735,0.23585116863250732,0.23895663022994995,>=0.15,False,True,False,True,True,False,False,False,True,0.024502869695425034,-0.060562506318092346,0.276534765958786,0.0242258682847023,0.5595203042030334,0.1599999964237213,0.021428976207971573,-0.01999546028673649,0.01999546028673649,-0.03647351264953613,-0.021671542897820473,0.042423274368047714,0.022523270919919014,0.12044178694486618,0.0012448779307305813,0.11429183930158615,0.23559337854385376,0.005595203023403883,-0.03533622995018959,-0.024479031562805176,0.04298454150557518,0.02075265720486641,2-4deg,0.00-0.04,0.0,0.0,0.0,0.0
228,55,True,True,0.06009615212678909,0.05676549673080444,0.04876483976840973,0.23646457493305206,0.9599999785423279,1.3356049060821533,0.6450144648551941,-0.01984650082886219,-0.12089690566062927,0.23646457493305206,0.04876483976840973,-0.019931063055992126,0.10180862993001938,0.4549153447151184,0.1955026537179947,0.2032226175069809,0.17466627061367035,>=0.15,False,True,False,True,True,False,False,False,True,0.04255595803260803,-0.33803948760032654,0.5411989092826843,0.08461977541446686,0.08461977541446686,0.07999999821186066,0.04876483976840973,-0.019931063055992126,0.019931063055992126,-0.005803275853395462,-0.011273202486336231,0.012681304477155209,0.019423512741923332,0.042646147310733795,0.0011960400734096766,-0.12278134375810623,0.20208968222141266,0.0008461977122351527,-0.005449830088764429,-0.012378149665892124,0.013522937893867493,0.019243212416768074,0-2deg,0.00-0.04,0.0,0.0,0.0,0.0
229,49,True,True,0.07317470014095306,0.057868700474500656,0.06425467878580093,0.03176603838801384,4.799999713897705,1.0084527730941772,0.19303742051124573,0.003120210487395525,-0.002032435964792967,0.03176603838801384,0.06425467878580093,-0.019991857931017876,0.006540953181684017,1.0688806772232056,0.3116739094257355,0.03170095384120941,0.029564978554844856,0.00-0.05,False,True,False,True,True,False,False,False,True,0.06629996001720428,-0.07069475948810577,0.11498942971229553,0.03067716769874096,0.1172831803560257,0.11999999731779099,0.06425467878580093,-0.020002270117402077,0.020002270117402077,0.011794480495154858,0.008661522530019283,0.01463228277862072,0.023968933150172234,0.01931983046233654,0.0003452669770922512,-0.0017518979730084538,0.0317176915705204,0.0011728317476809025,0.01102918479591608,0.006359905935823917,0.012732903473079205,0.024517778307199478,0-2deg,0.00-0.04,0.0,0.0,0.0,0.0
230,25,True,True,0.05059368163347244,0.05013531073927879,0.0360669307410717,0.16915415227413177,3.8399999141693115,1.297402024269104,0.2702663242816925,0.006123798433691263,-0.12094321846961975,0.16915415227413177,0.0360669307410717,-0.019662145525217056,0.12694160640239716,1.5223300457000732,0.5332625508308411,0.11826185137033463,0.15476134419441223,>=0.15,False,True,False,True,True,False,False,False,True,0.03944902494549751,-0.35294023156166077,0.34946534037590027,0.08563312888145447,0.369185209274292,0.07999999821186066,0.0360669307410717,-0.020044660195708275,0.020044660195708275,0.02055804431438446,0.022329244762659073,0.030351290479302406,0.04089014232158661,0.07223430275917053,0.006757020950317383,-0.12209487706422806,0.11707250028848648,0.00369185209274292,0.020622244104743004,0.019844505935907364,0.02861858904361725,0.0419452004134655,0-2deg,0.04-0.08,0.0,0.0,0.0,0.0
231,5,True,True,0.08781185001134872,0.05803409591317177,0.08031429350376129,0.23205874860286713,2.2200000286102295,1.4537814855575562,0.3118542730808258,0.018290283158421516,-0.06906422972679138,0.23205874860286713,0.08031429350376129,-0.01958342082798481,0.081824392080307,0.571942150592804,0.311388224363327,0.22154322266578674,0.18503747880458832,>=0.15,False,True,False,True,True,False,False,False,True,0.04535993933677673,-0.18622814118862152,0.3444553315639496,0.03341372311115265,0.03371688351035118,0.17999999225139618,0.08031429350376129,-0.01977657712996006,0.01977657712996006,0.02609183080494404,-0.01607259176671505,0.0306444950401783,0.06536538898944855,0.10468591004610062,0.008185109123587608,-0.07110970467329025,0.22089515626430511,0.00033716883626766503,0.018461372703313828,-0.023310650140047073,0.02973417565226555,0.0660034567117691,0-2deg,0.04-0.08,0.0,0.0,0.0,0.0
232,34,True,False,0.13428664207458496,0.13428664207458496,0.0,0.0,1.7400000095367432,1.4281753301620483,0.36657005548477173,-0.17919625341892242,-0.14867475628852844,0.48844701051712036,0.13042406737804413,-0.016481522470712662,-0.031806617975234985,0.8092969059944153,0.4600478410720825,0.46527013182640076,0.20422343909740448,>=0.15,True,True,False,True,False,False,False,True,True,0.13042406737804413,-0.143332377076149,0.4669435918331146,0.02047797664999962,0.02047797664999962,0.0,0.13042406737804413,-0.016481522470712662,0.016481522470712662,0.005479421466588974,-0.01724601536989212,0.0180963221937418,0.0046790591441094875,0.05532417073845863,0.05532417073845863,-0.143332377076149,0.4669435918331146,0.0002047797606792301,0.005479421466588974,-0.01724601536989212,0.0180963221937418,0.0046790591441094875,0-2deg,0.00-0.04,0.0,0.0,0.0,0.0
233,6,True,True,0.055020637810230255,0.052480824291706085,0.04247362166643143,0.24567028880119324,3.2200000286102295,1.1312912702560425,0.19532126188278198,-0.0023877194616943598,-0.05792361497879028,0.24567028880119324,0.04247362166643143,-0.020022233948111534,0.0566803477704525,0.8262575268745422,0.2801874876022339,0.2387440949678421,0.2322561889886856,>=0.15,False,True,False,True,True,False,False,False,True,0.052332185208797455,-0.2130148857831955,0.3556080758571625,0.05746188387274742,0.6434342265129089,0.14000000059604645,0.04247362166643143,-0.020022233948111534,0.020022233948111534,0.0008597280248068273,0.0528264082968235,0.05283311754465103,0.03374362364411354,0.13502775132656097,0.0003452669770922512,-0.06605838984251022,0.23662245273590088,0.0064343418926000595,0.0006174311856739223,0.04860902577638626,0.04861268773674965,0.036622483283281326,2-4deg,0.00-0.04,0.0,0.0,0.0,0.0
234,63,True,True,0.07431582361459732,0.06597501784563065,0.06555892527103424,0.06427178531885147,4.440000057220459,1.193038821220398,0.18514902889728546,-0.03944992274045944,-0.01267852820456028,0.06427178531885147,0.06555892527103424,-0.019997820258140564,-0.027407245710492134,0.6378085613250732,0.24798943102359772,0.0630088672041893,0.2046535611152649,>=0.15,False,True,False,True,True,False,False,False,True,0.0637039914727211,-0.05332004651427269,0.07868970185518265,0.06028822064399719,0.06028822064399719,0.07999999821186066,0.06555892527103424,-0.019997820258140564,0.019997820258140564,-0.006175227928906679,0.06274297833442688,0.06304601579904556,0.04233478382229805,0.020987961441278458,0.0,-0.014785570092499256,0.06254798173904419,0.0006028821808286011,-0.008120685815811157,0.0642736405134201,0.06478363275527954,0.040190525352954865,2-4deg,0.04-0.08,0.0,0.0,0.0,0.0
235,16,True,True,0.056832052767276764,0.05234386399388313,0.04476770758628845,0.11503229290246964,3.379999876022339,1.4753270149230957,0.27276819944381714,0.009208143688738346,0.024355117231607437,0.11503229290246964,0.04476770758628845,-0.01999301090836525,-0.013431863859295845,0.9916151165962219,0.37612584233283997,0.11242444813251495,0.11310422420501709,0.10-0.15,False,True,False,True,True,False,False,False,True,0.037408001720905304,-0.13831162452697754,0.11011794209480286,0.05006001889705658,0.2922237813472748,0.09999999403953552,0.04476770758628845,-0.020060313865542412,0.020060313865542412,0.005103541072458029,-0.043803002685308456,0.04409918189048767,0.033799681812524796,0.0462750568985939,0.0003452669770922512,0.024838611483573914,0.11231862008571625,0.002922237850725651,0.0028015905991196632,-0.04511001333594322,0.045196909457445145,0.032415252178907394,2-4deg,0.00-0.04,0.0,0.0,0.0,0.0
236,46,True,True,0.11569968611001968,0.10886134952306747,0.10973832756280899,0.14952483773231506,2.4600000381469727,1.4209972620010376,0.2797783315181732,0.01902802474796772,-0.13998527824878693,0.14952483773231506,0.10973832756280899,-0.019305923953652382,0.16316606104373932,0.6502792239189148,0.28024065494537354,0.05255280062556267,0.26098138093948364,>=0.15,False,True,False,True,True,False,False,False,True,0.1070215255022049,-0.14251446723937988,0.026163071393966675,0.021840671077370644,0.03489477187395096,0.05999999865889549,0.10973832756280899,-0.019476817920804024,0.019476817920804024,-0.011491558514535427,-0.05071786418557167,0.05200265347957611,0.04496285691857338,0.008883527480065823,0.010714460164308548,-0.1417519897222519,0.047582048922777176,0.00034894770942628384,-0.009702645242214203,-0.05089730769395828,0.05181310325860977,0.04494479298591614,2-4deg,0.04-0.08,0.0,0.0,0.0,0.0
237,50,True,True,0.12392004579305649,0.12186017632484436,0.11898301541805267,0.21377484500408173,2.3399999141693115,1.1462781429290771,0.22117872536182404,0.041759565472602844,-0.011004753410816193,0.21377484500408173,0.11898301541805267,-0.01958039216697216,0.05120778828859329,0.941866397857666,0.45410481095314026,0.21349141001701355,0.2144099920988083,>=0.15,False,True,False,True,True,False,False,False,True,0.11699926853179932,-0.11712539196014404,0.4786331355571747,0.025214776396751404,0.054224032908678055,0.14000000059604645,0.11898301541805267,-0.019880907610058784,0.019880907610058784,-0.03176956996321678,-0.02361476607620716,0.039581988006830215,0.01372631173580885,0.002367031527683139,0.008336630649864674,-0.019386546686291695,0.21289397776126862,0.0005422403337433934,-0.03254905715584755,-0.02215464785695076,0.03937055170536041,0.013882859610021114,2-4deg,0.00-0.04,0.0,0.0,0.0,0.0
238,2,True,True,0.03676203638315201,0.03622044622898102,0.01137448102235794,0.11662769317626953,1.1999999284744263,1.1677334308624268,0.5701665878295898,-0.005887656006962061,0.03692992404103279,0.11662769317626953,0.01137448102235794,-0.020040353760123253,-0.043080609291791916,0.4246092736721039,0.28203245997428894,0.11062639951705933,0.16905467212200165,>=0.15,False,True,False,True,True,False,False,False,True,0.010218334384262562,-0.08204223960638046,0.21049058437347412,0.034499362111091614,0.15998201072216034,0.07999999821186066,0.01137448102235794,-0.020040353760123253,0.020040353760123253,-0.03697850927710533,0.03356647118926048,0.04993657395243645,0.03528221696615219,0.0015822122804820538,0.0008457279182039201,0.03462688997387886,0.11136874556541443,0.0015998200979083776,-0.03871109336614609,0.03471978008747101,0.051994625478982925,0.034087441861629486,2-4deg,0.00-0.04,0.0,0.0,0.0,0.0
239,21,True,True,0.03820851072669029,0.03820851072669029,0.015409674495458603,0.2311607450246811,4.579999923706055,1.3081015348434448,0.23090344667434692,-0.023826025426387787,-0.16626642644405365,0.2311607450246811,0.015409674495458603,-0.020024102181196213,0.1432662457227707,1.9996306896209717,0.5061010718345642,0.16059502959251404,0.1690099835395813,>=0.15,False,True,False,True,True,False,False,False,True,0.025391889736056328,-0.23443485796451569,0.13558606803417206,0.11221364140510559,0.182138130068779,0.07999999821186066,0.015409674495458603,-0.020024102181196213,0.020024102181196213,-0.03056476265192032,0.01149125024676323,0.032652463763952255,0.06174986809492111,0.0009765625,0.0008457279182039201,-0.16086693108081818,0.16600337624549866,0.0018213812727481127,-0.02946021780371666,0.01502200122922659,0.033067915588617325,0.06155165657401085,0-2deg,0.04-0.08,0.0,0.0,0.0,0.0
240,35,True,True,0.06405797600746155,0.06405797600746155,0.05333130061626434,0.17114503681659698,2.2799999713897705,1.157644271850586,0.2672005295753479,0.006754555273801088,-0.0875338539481163,0.17114503681659698,0.05333130061626434,-0.019704028964042664,0.09205333143472672,1.0002319812774658,0.47445568442344666,0.147066131234169,0.08945190906524658,0.05-0.10,False,True,False,True,True,False,False,False,True,0.05890496447682381,-0.07745654135942459,0.3050558865070343,0.051675744354724884,0.06624279916286469,0.07999999821186066,0.05333130061626434,-0.019704028964042664,0.019704028964042664,-0.06573847681283951,0.013277527876198292,0.06706373393535614,0.06430233269929886,0.007445305585861206,0.005839002784341574,-0.08060362935066223,0.15097576379776,0.0006624279776588082,-0.0677686482667923,0.016504043713212013,0.06974609941244125,0.06275644153356552,2-4deg,0.04-0.08,0.0,0.0,0.0,0.0
241,48,True,True,0.08997523039579391,0.07892373204231262,0.08288703113794327,0.25206229090690613,5.380000114440918,1.1752763986587524,0.17662808299064636,0.00254744291305542,0.0024249174166470766,0.25206229090690613,0.08288703113794327,-0.019991397857666016,0.0004989131120964885,0.6880996227264404,0.2864297926425934,0.25205063819885254,0.2516932785511017,>=0.15,False,True,False,True,True,False,False,False,True,0.07579462975263596,0.0013383985497057438,0.1018918976187706,0.2872556149959564,0.2872556149959564,0.05999999865889549,0.08288703113794327,-0.020063115283846855,0.020063115283846855,0.0214614886790514,0.02642938122153282,0.03404328599572182,0.010894744656980038,0.0005980199784971774,0.0003452669770922512,0.000604631844907999,0.2520615756511688,0.0028725559823215008,0.021052919328212738,0.02625049091875553,0.03364873677492142,0.011411632411181927,0-2deg,0.00-0.04,0.0,0.0,0.0,0.0
242,15,True,True,0.060103073716163635,0.060103073716163635,0.04885692149400711,0.1401488333940506,2.200000047683716,1.3662904500961304,0.4006355404853821,-0.016286108642816544,0.005877322517335415,0.1401488333940506,0.04885692149400711,-0.019777625799179077,-0.019973082467913628,1.092972755432129,0.5179954767227173,0.1400255411863327,0.10297009348869324,0.10-0.15,False,True,False,True,True,False,False,False,True,0.0516282394528389,0.03568216413259506,0.18776334822177887,0.10036006569862366,0.10036006569862366,0.05999999865889549,0.04885692149400711,-0.019777625799179077,0.019777625799179077,-0.030853455886244774,-0.04518838971853256,0.05471067130565643,0.03451984003186226,0.00586954690515995,0.004475175403058529,-0.0012022594455629587,0.14014366269111633,0.0010036006569862366,-0.03155157342553139,-0.046358633786439896,0.05607045441865921,0.03361132740974426,2-4deg,0.00-0.04,0.0,0.0,0.0,0.0
243,47,True,True,0.10268636047840118,0.09790457040071487,0.09645851701498032,0.15278121829032898,2.0399999618530273,1.4787280559539795,0.4939917325973511,-0.006963163148611784,-0.11628735065460205,0.15278121829032898,0.09645851701498032,-0.019751116633415222,0.11158869415521622,0.8118799924850464,0.3907727301120758,0.09909263998270035,0.09413983672857285,0.05-0.10,False,True,False,True,True,False,False,False,True,0.09389271587133408,-0.33451607823371887,0.3980194926261902,0.09021220356225967,0.09021220356225967,0.1599999964237213,0.09645851701498032,-0.019878337159752846,0.019878337159752846,0.020950153470039368,-0.02850075252354145,0.035371072590351105,0.03335435688495636,0.07552650570869446,0.003670240519568324,-0.11871162056922913,0.09617511183023453,0.0009021220030263066,0.0212913416326046,-0.023727277293801308,0.03187830001115799,0.03496680408716202,2-4deg,0.00-0.04,0.0,0.0,0.0,0.0
244,36,True,True,0.07813578099012375,0.07607899606227875,0.06964670866727829,0.09938976168632507,3.179999828338623,1.372989535331726,0.31577855348587036,-0.019667265936732292,-0.09120332449674606,0.09938976168632507,0.06964670866727829,-0.01982850953936577,0.07306340336799622,1.0725117921829224,0.3853892683982849,0.03950037062168121,0.23290111124515533,>=0.15,False,True,False,True,True,False,False,False,True,0.0677703246474266,-0.09328728169202805,0.043944504112005234,0.037771131843328476,0.04035622999072075,0.05999999865889549,0.06964670866727829,-0.019934814423322678,0.019934814423322678,0.04169636219739914,0.06711003184318542,0.07899162918329239,0.032782651484012604,0.0032388928811997175,0.0036211926490068436,-0.09383447468280792,0.0327630415558815,0.00040356229874305427,0.040553685277700424,0.06641048192977905,0.07779823988676071,0.03420228138566017,4-6deg,0.00-0.04,0.0,0.0,0.0,0.0
245,27,True,True,0.07167302817106247,0.05638909712433815,0.06236424297094345,0.20793451368808746,1.8600000143051147,1.4735428094863892,0.40186765789985657,-0.09716103971004486,0.008237741887569427,0.20793451368808746,0.06236424297094345,-0.016192197799682617,-0.10657521337270737,0.5535174012184143,0.31830814480781555,0.20777127146720886,0.0873488113284111,0.05-0.10,False,True,False,True,True,False,False,False,True,0.04730753228068352,-0.09756463766098022,0.24368101358413696,0.09480365365743637,0.13083842396736145,0.23999999463558197,0.06236424297094345,-0.016714612022042274,0.016714612022042274,-0.005330286454409361,-0.06719891726970673,0.06740972399711609,0.012417278252542019,0.10935261100530624,0.06921810656785965,0.012427614070475101,0.20756280422210693,0.0013083842350170016,-0.005322422832250595,-0.06352570652961731,0.06374786794185638,0.020904116332530975,2-4deg,0.00-0.04,0.0,0.0,0.0,0.0
246,59,True,True,0.07144465297460556,0.0636323094367981,0.06225120276212692,0.26639994978904724,2.5999999046325684,1.168131947517395,0.39605912566185,-0.0030129195656627417,-0.1391768604516983,0.26639994978904724,0.06225120276212692,-0.0200213436037302,0.1381411850452423,1.594563603401184,0.6512892842292786,0.22715356945991516,0.23480714857578278,>=0.15,False,True,False,True,True,False,False,False,True,0.053208768367767334,-0.17058467864990234,0.16702298820018768,0.5088163018226624,0.5088163018226624,0.05999999865889549,0.06225120276212692,-0.020191200077533722,0.020191200077533722,0.022856302559375763,0.04372299090027809,0.049333494156599045,0.03274131938815117,0.004408077336847782,0.0012448779307305813,-0.1422964334487915,0.22521249949932098,0.005088163074105978,0.023854916915297508,0.04286634176969528,0.04905349388718605,0.03304729238152504,2-4deg,0.00-0.04,0.0,0.0,0.0,0.0
247,8,True,False,0.30051153898239136,0.06314512342214584,0.0,0.0,6.159999847412109,1.0671812295913696,0.143984854221344,-0.006587626412510872,0.05630037933588028,0.2635592818260193,0.29840409755706787,-0.020032834261655807,-0.0705241709947586,0.8692514896392822,0.28098031878471375,0.25747576355934143,0.2611786127090454,>=0.15,True,True,False,True,False,False,False,True,True,0.07345088571310043,-0.03400832787156105,0.04049775004386902,0.07424678653478622,0.8471558094024658,0.0,0.29840409755706787,-0.020183242857456207,0.020183242857456207,-0.012174179777503014,-0.030901439487934113,0.033211831003427505,0.02413191646337509,0.06980764865875244,0.002013235352933407,0.05399072542786598,0.2579699754714966,0.00847155787050724,-0.017142243683338165,-0.005618843249976635,0.018040237948298454,0.03051818162202835,0-2deg,0.00-0.04,0.0,0.0,0.0,0.0
248,62,True,True,0.0647672712802887,0.06207657977938652,0.05449488386511803,0.17337025701999664,1.8199999332427979,1.130750298500061,0.4171826243400574,0.007636987138539553,-0.04729609563946724,0.17337025701999664,0.05449488386511803,-0.019993262365460396,0.05502087622880936,0.4058561325073242,0.17607085406780243,0.16679427027702332,0.1619899719953537,>=0.15,False,True,False,True,True,False,False,False,True,0.054365374147892,-0.14702077209949493,0.1041409894824028,0.021620333194732666,0.44285061955451965,0.09999999403953552,0.05449488386511803,-0.02003943733870983,0.02003943733870983,0.061508771032094955,0.017672594636678696,0.063994400203228,0.006379385944455862,0.07616837322711945,0.0003452669770922512,-0.04086298123002052,0.16848579049110413,0.004428505897521973,0.061712220311164856,0.017216486856341362,0.06406611949205399,0.00618002749979496,2-4deg,0.00-0.04,0.0,0.0,0.0,0.0
249,44,True,True,0.06362329423427582,0.06362329423427582,0.05305199697613716,0.18095584213733673,2.200000047683716,1.4615652561187744,0.38447046279907227,0.03715696185827255,-0.05963166058063507,0.18095584213733673,0.05305199697613716,-0.01941944658756256,0.09537697583436966,0.7485305070877075,0.37162891030311584,0.17084813117980957,0.10054513067007065,0.10-0.15,False,True,False,True,True,False,False,False,True,0.058501534163951874,-0.2929152846336365,0.4203799068927765,0.12475485354661942,0.12475485354661942,0.07999999821186066,0.05305199697613716,-0.019726483151316643,0.019726483151316643,0.023640211671590805,-0.02249896712601185,0.032634202390909195,0.07340438663959503,0.043105050921440125,0.009436631575226784,-0.06448065489530563,0.16907767951488495,0.0012475484982132912,0.02181827463209629,-0.026491958647966385,0.03431886062026024,0.07287240028381348,0-2deg,0.04-0.08,0.0,0.0,0.0,0.0
250,49,True,True,0.10416790843009949,0.10091053694486618,0.09825249016284943,0.14772912859916687,1.059999942779541,1.5576268434524536,0.7073464393615723,0.019592398777604103,-0.07180218398571014,0.14772912859916687,0.09825249016284943,-0.019523272290825844,0.09137402474880219,0.48501721024513245,0.34709393978118896,0.12910594046115875,0.15486422181129456,>=0.15,False,True,False,True,True,False,False,False,True,0.09470490366220474,-0.2520107626914978,0.37461861968040466,0.040005289018154144,0.06948231905698776,0.09999999403953552,0.09825249016284943,-0.019703945145010948,0.019703945145010948,-0.007697851862758398,-0.059383243322372437,0.05987967178225517,0.02818230725824833,0.00770496716722846,0.009449255652725697,-0.06396877765655518,0.13316114246845245,0.000694823160301894,-0.007926831021904945,-0.061572518199682236,0.06208029389381409,0.026840507984161377,2-4deg,0.00-0.04,0.0,0.0,0.0,0.0
251,56,True,False,0.23792852461338043,0.12271635979413986,0.0,0.0,2.319999933242798,1.2621921300888062,0.2940658628940582,0.24471281468868256,0.16279655694961548,0.2859097719192505,0.23775291442871094,-0.0034119058400392532,0.0789918527007103,0.7224804759025574,0.3818805515766144,0.2350354939699173,0.1843205988407135,>=0.15,True,True,False,True,False,False,False,True,True,0.11776863038539886,-0.23188042640686035,0.41014155745506287,0.02436639741063118,0.05640358850359917,0.0,0.23775291442871094,-0.01935531571507454,0.01935531571507454,0.04564345255494118,0.0022687329910695553,0.04569937661290169,0.03335565701127052,0.028549769893288612,0.16480204463005066,0.16998755931854248,0.22988830506801605,0.0005640359013341367,0.029106786474585533,0.013652579858899117,0.032148320227861404,0.04338108375668526,2-4deg,0.00-0.04,0.0,0.0,0.0,0.0
252,53,True,True,0.07971038669347763,0.07283974438905716,0.0716177299618721,0.22542159259319305,4.639999866485596,1.2215346097946167,0.22224070131778717,0.005730778444558382,0.017645059153437614,0.22542159259319305,0.0716177299618721,-0.019992882385849953,-0.009263236075639725,1.0622061491012573,0.30844271183013916,0.22472994029521942,0.22277753055095673,>=0.15,False,True,False,True,True,False,False,False,True,0.06469572335481644,-0.09965872019529343,0.07245796918869019,0.04726913943886757,0.3785911202430725,0.07999999821186066,0.0716177299618721,-0.02011282742023468,0.02011282742023468,-0.02801269292831421,-0.00020114412473049015,0.02801438979804516,0.037896640598773956,0.02852679044008255,0.0,0.015237358398735523,0.22490602731704712,0.00378591101616621,-0.027637090533971786,-0.0024476111866533756,0.027744978666305542,0.038023632019758224,0-2deg,0.00-0.04,0.0,0.0,0.0,0.0
253,19,True,True,0.075864776968956,0.075864776968956,0.06722955405712128,0.12322799861431122,3.5399999618530273,1.8521904945373535,0.34331420063972473,-0.020904269069433212,-0.10531309247016907,0.12322799861431122,0.06722955405712128,-0.019908873364329338,0.08262033760547638,2.4227054119110107,0.7304163575172424,0.0639866515994072,0.14364737272262573,0.10-0.15,False,True,False,True,True,False,False,False,True,0.07256580144166946,-0.28412607312202454,0.2743191123008728,0.026294799521565437,0.06744988262653351,0.09999999403953552,0.06722955405712128,-0.019908873364329338,0.019908873364329338,0.06099631264805794,-0.00021119529264979064,0.06099674105644226,0.0200397577136755,0.028842678293585777,0.0024168696254491806,-0.10469713062047958,0.0649896115064621,0.0006744987913407385,0.06239151209592819,0.0004580514505505562,0.0623936653137207,0.018642982468008995,2-4deg,0.00-0.04,0.0,0.0,0.0,0.0
254,10,True,True,0.0707603394985199,0.0657365471124649,0.06151076778769493,0.27823662757873535,3.059999942779541,1.271881341934204,0.27264347672462463,-0.02723175659775734,-0.17815445363521576,0.27823662757873535,0.06151076778769493,-0.01999354548752308,0.1513049453496933,1.0334912538528442,0.39800697565078735,0.2137208878993988,0.22551818192005157,>=0.15,False,True,False,True,True,False,False,False,True,0.05580475181341171,-0.2370009571313858,0.21419869363307953,0.2740849554538727,0.2740849554538727,0.07999999821186066,0.06151076778769493,-0.020229240879416466,0.020229240879416466,-0.006278264801949263,-0.03812577947974205,0.03863837942481041,0.016553830355405807,0.004041249398142099,0.00048828125,-0.173547625541687,0.21747839450836182,0.002740849507972598,-0.006228700280189514,-0.03906065225601196,0.039553359150886536,0.014646213501691818,2-4deg,0.00-0.04,0.0,0.0,0.0,0.0
255,41,True,True,0.08699794113636017,0.08699794113636017,0.07958894968032837,0.1861148178577423,5.599999904632568,1.54793119430542,0.22581344842910767,-0.0183886531740427,-0.004201419651508331,0.1861148178577423,0.07958894968032837,-0.019685067236423492,-0.017186254262924194,0.578370213508606,0.3248896598815918,0.1860673874616623,0.1845902055501938,>=0.15,False,True,False,True,True,False,False,False,True,0.11448637396097183,-0.4458683133125305,0.30911746621131897,0.02820347622036934,0.2716326117515564,3.5199999809265137,0.07958894968032837,-0.020056406036019325,0.020056406036019325,0.00885663740336895,-0.04741929471492767,0.0482383631169796,0.05386728420853615,0.109486885368824,0.0051094903610646725,0.0034781568683683872,0.18608231842517853,0.002716326154768467,-0.04182595759630203,0.04384877160191536,0.060588620603084564,0.04611804708838463,2-4deg,0.04-0.08,0.0,0.0,0.0,0.0
