episode,env_id,align_success,success,final_distance,min_distance,touchdown_distance,touchdown_rel_vel,landing_time,max_descent_speed,mean_descent_speed,final_vertical_speed,terminal_vertical_relative_speed,terminal_relative_speed,terminal_horizontal_error,terminal_surface_clearance,terminal_pad_vertical_speed,max_horizontal_speed,mean_horizontal_speed,final_horizontal_speed,pad_speed,pad_speed_bucket,crash,terminated,time_out,contact_success,settled_landing,hard_contact,ground_crash,deck_miss,first_contact_seen,first_contact_xy_error_deck_frame,first_contact_normal_rel_speed,first_contact_tangential_rel_speed,first_contact_force,max_contact_force,settle_time,terminal_xy_error,minimum_surface_clearance,maximum_penetration,first_contact_deck_roll,first_contact_deck_pitch,first_contact_deck_tilt,first_contact_deck_angular_speed,first_contact_body_deck_normal_angle,terminal_body_deck_normal_angle,terminal_normal_relative_speed,terminal_tangential_relative_speed,max_contact_impulse,terminal_deck_roll,terminal_deck_pitch,terminal_deck_tilt,terminal_deck_angular_speed,deck_tilt_bucket,deck_angular_speed_bucket,max_deck_position_consistency_error,max_deck_orientation_consistency_error,max_deck_linear_velocity_consistency_error,max_deck_angular_velocity_consistency_error
0,37,True,True,0.05253816395998001,0.0520569384098053,0.03918846324086189,0.15164709091186523,0.8999999761581421,0.9758333563804626,0.4982678294181824,0.008872445672750473,-0.041223008185625076,0.15164709091186523,0.03918846324086189,-0.01999681070446968,0.04970100149512291,0.3351244628429413,0.23997817933559418,0.14593663811683655,0.13692572712898254,0.10-0.15,False,True,False,True,True,False,False,False,True,0.037610579282045364,-0.4538446068763733,0.10155116766691208,0.12403910607099533,0.2657151222229004,0.07999999821186066,0.03918846324086189,-0.020021017640829086,0.020021017640829086,0.012545433826744556,-0.000716388167347759,0.012567991390824318,0.01239702571183443,0.05591282248497009,0.0003452669770922512,-0.03938969224691391,0.14644210040569305,0.0026571510825306177,0.013111338019371033,-0.00024443757138215005,0.013115695677697659,0.012163594365119934,0-2deg,0.00-0.04,0.0,0.0,0.0,0.0
1,35,True,True,0.08135255426168442,0.06971623748540878,0.07343949377536774,0.21797414124011993,1.0,1.1798009872436523,0.5745587348937988,0.0015434708911925554,-0.12213964760303497,0.21797414124011993,0.07343949377536774,-0.02000330202281475,0.12535645067691803,0.49958255887031555,0.33492588996887207,0.1805398315191269,0.18189364671707153,>=0.15,False,True,False,True,True,False,False,False,True,0.06164027377963066,-0.3668360710144043,0.3269452750682831,0.11469398438930511,0.3196507692337036,0.09999999403953552,0.07343949377536774,-0.02000674419105053,0.02000674419105053,-0.0769307091832161,0.017641106620430946,0.07892362028360367,0.029929308220744133,0.020236052572727203,0.0011451211757957935,-0.12959493696689606,0.1752651482820511,0.003196507692337036,-0.07594176381826401,0.019882092252373695,0.07849608361721039,0.03147328272461891,4-6deg,0.00-0.04,0.0,0.0,0.0,0.0
2,45,True,True,0.06736870110034943,0.06592825055122375,0.05733432620763779,0.15940611064434052,1.1799999475479126,1.0617353916168213,0.560100793838501,-0.018321780487895012,-0.14379245042800903,0.15940611064434052,0.05733432620763779,-0.019748996943235397,0.12253893166780472,0.4034465253353119,0.23997333645820618,0.06880436837673187,0.11131472140550613,0.10-0.15,False,True,False,True,True,False,False,False,True,0.05613568797707558,-0.1388464868068695,0.13494758307933807,0.6942746043205261,0.6942746043205261,0.05999999865889549,0.05733432620763779,-0.02011655829846859,0.02011655829846859,-0.02744951657950878,0.038317590951919556,0.047131724655628204,0.05980630964040756,0.0055134785361588,0.0043945349752902985,-0.1459808051586151,0.06403057277202606,0.006942745763808489,-0.02593792788684368,0.04016886651515961,0.047811251133680344,0.0596904419362545,2-4deg,0.04-0.08,0.0,0.0,0.0,0.0
3,27,True,True,0.08587992936372757,0.07764272391796112,0.07843133062124252,0.16846154630184174,1.3600000143051147,1.3718211650848389,0.7352117896080017,-0.046803317964076996,0.04166604205965996,0.16846154630184174,0.07843133062124252,-0.020069517195224762,-0.08638576418161392,0.346504807472229,0.21307985484600067,0.16322755813598633,0.18899135291576385,>=0.15,False,True,False,True,True,False,False,False,True,0.06950606405735016,-0.08798737078905106,0.04350241646170616,0.35024815797805786,0.5737839341163635,0.07999999821186066,0.07843133062124252,-0.020069517195224762,0.020069517195224762,0.024745376780629158,0.025988487526774406,0.03588312491774559,0.045825012028217316,0.006605358328670263,0.0016194459749385715,0.03623608872294426,0.16451820731163025,0.005737839266657829,0.02248469367623329,0.02435089275240898,0.03314175084233284,0.047205086797475815,2-4deg,0.04-0.08,0.0,0.0,0.0,0.0
4,21,True,False,0.13576488196849823,0.13576488196849823,0.0,0.0,1.6399999856948853,1.1349695920944214,0.44941049814224243,0.0194814782589674,-0.04303215444087982,0.09546525776386261,0.13117896020412445,-0.020007194951176643,0.06547818332910538,0.5345910787582397,0.3008638620376587,0.08521648496389389,0.16486932337284088,>=0.15,True,True,False,True,False,False,False,True,True,0.13117896020412445,-0.03601742535829544,0.08841019123792648,0.39955276250839233,0.39955276250839233,0.0,0.13117896020412445,-0.020007194951176643,0.020007194951176643,-0.04703518748283386,0.07667199522256851,0.08992511034011841,0.03573691099882126,0.0,0.0,-0.03601742535829544,0.08841019123792648,0.003995527513325214,-0.04703518748283386,0.07667199522256851,0.08992511034011841,0.03573691099882126,4-6deg,0.00-0.04,0.0,0.0,0.0,0.0
5,24,True,True,0.08342952281236649,0.0496058315038681,0.07566925138235092,0.17964570224285126,1.71999990940094,1.0353411436080933,0.4261738955974579,-0.002452545566484332,0.10803692787885666,0.17964570224285126,0.07566925138235092,-0.020081952214241028,-0.11047714203596115,0.242380753159523,0.15696430206298828,0.14352910220623016,0.16027888655662537,>=0.15,False,True,False,True,True,False,False,False,True,0.035241346806287766,-0.1109127476811409,0.04063108563423157,0.06132121756672859,1.1026074886322021,0.4399999976158142,0.07566925138235092,-0.020106635987758636,0.020106635987758636,0.0018062813905999064,-0.02121194638311863,0.02128968946635723,0.01261650025844574,0.01442716270685196,0.0032754915300756693,0.1058485135436058,0.14515052735805511,0.011026074178516865,-0.0034060755278915167,-0.019137341529130936,0.01943672075867653,0.014383174479007721,0-2deg,0.00-0.04,0.0,0.0,0.0,0.0
6,19,True,True,0.08758283406496048,0.07938211411237717,0.0802263543009758,0.2369728535413742,1.7599999904632568,1.0024243593215942,0.3115621507167816,-0.022307883948087692,-0.16327108442783356,0.2369728535413742,0.0802263543009758,-0.019918665289878845,0.13670343160629272,0.37355056405067444,0.2509102523326874,0.17175182700157166,0.17036621272563934,>=0.15,False,True,False,True,True,False,False,False,True,0.07151179760694504,-0.3208930790424347,0.05886691436171532,0.24547569453716278,0.24547569453716278,0.07999999821186066,0.0802263543009758,-0.02012838050723076,0.02012838050723076,-0.04230605438351631,-0.07195744663476944,0.08345389366149902,0.04080279916524887,0.005849202163517475,0.001691456069238484,-0.15676988661289215,0.17770574986934662,0.0024547569919377565,-0.039904262870550156,-0.07245644181966782,0.08270113170146942,0.04104497656226158,4-6deg,0.04-0.08,0.0,0.0,0.0,0.0
7,56,True,True,0.06079676002264023,0.0445781871676445,0.049567874521017075,0.1732327938079834,1.7999999523162842,0.9844433069229126,0.32441216707229614,-0.09385400265455246,0.027067340910434723,0.1732327938079834,0.049567874521017075,-0.01951332576572895,-0.12385169416666031,0.3007432222366333,0.13005664944648743,0.17110511660575867,0.19343212246894836,>=0.15,False,True,False,True,True,False,False,False,True,0.026570230722427368,-0.19112572073936462,0.05431843176484108,0.10302069038152695,1.2302628755569458,0.14000000059604645,0.049567874521017075,-0.020348209887742996,0.020348209887742996,-0.0049844770692288876,-0.05498119443655014,0.055206552147865295,0.00868191383779049,0.05523247271776199,0.0068097421899437904,0.017461640760302544,0.17235049605369568,0.012302628718316555,-0.004825189244002104,-0.055779144167900085,0.05598743259906769,0.004908430855721235,2-4deg,0.00-0.04,0.0,0.0,0.0,0.0
8,46,True,True,0.09100113809108734,0.08598204702138901,0.0840313658118248,0.14465612173080444,1.8199999332427979,0.8964135646820068,0.2770076096057892,0.0015366869047284126,-0.06336985528469086,0.14465612173080444,0.0840313658118248,-0.020016448572278023,0.06178440898656845,0.4853391945362091,0.2820649743080139,0.13003714382648468,0.12681983411312103,0.10-0.15,False,True,False,True,True,False,False,False,True,0.07729501277208328,-0.38047099113464355,0.09468916803598404,0.12987752258777618,0.15240132808685303,0.07999999821186066,0.0840313658118248,-0.020016448572278023,0.020016448572278023,-0.04096917435526848,-0.00034043588675558567,0.04097050800919533,0.05276026204228401,0.02693827822804451,0.0007720404537394643,-0.05852745845913887,0.13228732347488403,0.0015240132343024015,-0.03778260201215744,-0.0007409391109831631,0.03778966888785362,0.05427400395274162,2-4deg,0.04-0.08,0.0,0.0,0.0,0.0
9,14,True,True,0.10207948088645935,0.0924517959356308,0.09590697288513184,0.21732819080352783,1.9399999380111694,1.2396483421325684,0.3915041387081146,-0.019488360732793808,-0.11998578161001205,0.21732819080352783,0.09590697288513184,-0.020010150969028473,0.09974206238985062,1.4959137439727783,0.4509885311126709,0.1812041699886322,0.17840158939361572,>=0.15,False,True,False,True,True,False,False,False,True,0.08880331367254257,-0.048047322779893875,0.21140098571777344,0.06429938971996307,0.21495190262794495,0.05999999865889549,0.09590697288513184,-0.020029252395033836,0.020029252395033836,0.0008322620997205377,-0.008670251816511154,0.008707329630851746,0.013488239608705044,0.014101219363510609,0.0003452669770922512,-0.11872918158769608,0.18202999234199524,0.002149519044905901,0.0013382227625697851,-0.008481454104185104,0.008583227172493935,0.0135118393227458,0-2deg,0.00-0.04,0.0,0.0,0.0,0.0
10,28,True,False,0.14772266149520874,0.1433037370443344,0.0,0.0,2.0199999809265137,1.1007847785949707,0.32983940839767456,-4.4923035602550954e-05,-0.07053352892398834,0.23664069175720215,0.1434745192527771,-0.019792189821600914,0.07016559690237045,0.6682466864585876,0.3522412180900574,0.2258845716714859,0.22669413685798645,>=0.15,True,True,False,True,False,False,False,True,True,0.1434745192527771,-0.06685133278369904,0.2270015925168991,0.11314824968576431,0.11314824968576431,0.0,0.1434745192527771,-0.019906604662537575,0.019906604662537575,-0.001609852653928101,0.021138444542884827,0.021199902519583702,0.01836664043366909,0.004200357478111982,0.004200357478111982,-0.06685133278369904,0.2270015925168991,0.0011314824223518372,-0.001609852653928101,0.021138444542884827,0.021199902519583702,0.01836664043366909,0-2deg,0.00-0.04,0.0,0.0,0.0,0.0
11,34,True,True,0.06358356028795242,0.06358356028795242,0.05308396369218826,0.046561963856220245,2.0999999046325684,1.2102341651916504,0.2995963990688324,0.0058698165230453014,0.025147557258605957,0.046561963856220245,0.05308396369218826,-0.01999223604798317,-0.016980726271867752,1.1352242231369019,0.39567434787750244,0.03918695077300072,0.03879896178841591,0.00-0.05,False,True,False,True,True,False,False,False,True,0.055631957948207855,-0.16754703223705292,0.15226517617702484,0.19018813967704773,0.23905032873153687,0.09999999403953552,0.05308396369218826,-0.020018411800265312,0.020018411800265312,-0.014873136766254902,0.029699698090553284,0.03321542218327522,0.07953719049692154,0.004501734394580126,0.0003452669770922512,0.026121562346816063,0.03854452818632126,0.0023905031848698854,-0.008664737455546856,0.028130898252129555,0.02943393401801586,0.08048422634601593,0-2deg,0.04-0.08,0.0,0.0,0.0,0.0
12,0,True,False,0.14912572503089905,0.14912572503089905,0.0,0.0,2.119999885559082,1.148008108139038,0.3653593957424164,-0.28568464517593384,-0.4316207766532898,0.5445690751075745,0.1468028575181961,-0.013444610871374607,0.1311948299407959,0.5795016288757324,0.2995108962059021,0.33205264806747437,0.14177538454532623,0.10-0.15,True,True,False,True,False,False,False,True,True,0.1468028575181961,-0.43328163027763367,0.32988253235816956,0.16683997213840485,0.16683997213840485,0.0,0.1468028575181961,-0.013444610871374607,0.013444610871374607,5.3194227803032845e-05,0.008909210562705994,0.008910326287150383,0.0019327079644426703,0.10434024780988693,0.10434024780988693,-0.43328163027763367,0.32988253235816956,0.001668399665504694,5.3194227803032845e-05,0.008909210562705994,0.008910326287150383,0.0019327079644426703,0-2deg,0.00-0.04,0.0,0.0,0.0,0.0
13,1,True,True,0.09515294432640076,0.09297913312911987,0.08847391605377197,0.180826798081398,2.119999885559082,1.2180976867675781,0.3389624059200287,0.016430359333753586,-0.11475104093551636,0.180826798081398,0.08847391605377197,-0.02001091092824936,0.1306026726961136,1.096696138381958,0.41396021842956543,0.13975167274475098,0.14916536211967468,0.10-0.15,False,True,False,True,True,False,False,False,True,0.0860758125782013,-0.07754974067211151,0.2036724090576172,0.9028867483139038,0.9028867483139038,0.05999999865889549,0.08847391605377197,-0.020015381276607513,0.020015381276607513,-0.0004089513677172363,-0.002272982383146882,0.002316121943295002,0.0394478477537632,0.002316121943295002,0.0015822122804820538,-0.11484149843454361,0.13967734575271606,0.00902886688709259,-0.00024793713237158954,-0.0007022056961432099,0.0007720404537394643,0.039494529366493225,0-2deg,0.00-0.04,0.0,0.0,0.0,0.0
14,38,True,True,0.04095694050192833,0.03766156733036041,0.02135615609586239,0.1614917665719986,2.1399998664855957,1.1935073137283325,0.3913421332836151,-0.01606355421245098,0.07168597728013992,0.1614917665719986,0.02135615609586239,-0.02008558064699173,-0.08876477181911469,1.430129885673523,0.4640501141548157,0.14470906555652618,0.14425338804721832,0.10-0.15,False,True,False,True,True,False,False,False,True,0.014247667044401169,-0.2056170105934143,0.04842386394739151,0.09144732356071472,0.5186587572097778,0.09999999403953552,0.02135615609586239,-0.02008558064699173,0.02008558064699173,0.023571930825710297,0.04706791415810585,0.05263636261224747,0.03046114556491375,0.07780053466558456,0.0016194459749385715,0.06819218397140503,0.14638788998126984,0.005186587572097778,0.02190077304840088,0.04519203305244446,0.05021640285849571,0.03232954815030098,2-4deg,0.00-0.04,0.0,0.0,0.0,0.0
15,13,True,True,0.08150732517242432,0.07583910971879959,0.07359368354082108,0.22013036906719208,2.1599998474121094,0.9962103962898254,0.2522425949573517,0.015221773646771908,0.07625634223222733,0.22013036906719208,0.07359368354082108,-0.020031413063406944,-0.06171093136072159,0.6656395196914673,0.3316821753978729,0.20650023221969604,0.1876641809940338,>=0.15,False,True,False,True,True,False,False,False,True,0.06870265305042267,-0.16578513383865356,0.1148197129368782,0.08914422988891602,0.5813158750534058,0.11999999731779099,0.07359368354082108,-0.020031413063406944,0.020031413063406944,0.0824466422200203,-9.14088377612643e-05,0.08244676142930984,0.024768104776740074,0.0974632203578949,0.001423572306521237,0.07635516673326492,0.20646372437477112,0.005813158582895994,0.08142399787902832,0.0022618162911385298,0.0814550369977951,0.026742985472083092,4-6deg,0.00-0.04,0.0,0.0,0.0,0.0
16,43,True,True,0.06526912748813629,0.06526912748813629,0.05507000908255577,0.021808193996548653,2.1599998474121094,1.1435034275054932,0.33979305624961853,0.003969640005379915,0.0017108659958466887,0.021808193996548653,0.05507000908255577,-0.01998242549598217,0.0022214867640286684,0.7061690092086792,0.28922078013420105,0.021740980446338654,0.01806757226586342,0.00-0.05,False,True,False,True,True,False,False,False,True,0.05576899275183678,-0.22365722060203552,0.07097058743238449,0.10709483176469803,0.2250186651945114,0.07999999821186066,0.05507000908255577,-0.019988009706139565,0.019988009706139565,-0.045911990106105804,0.0003731597389560193,0.045912858098745346,0.03820819407701492,0.00322043732739985,0.0003452669770922512,0.0023464702535420656,0.021681590005755424,0.0022501866333186626,-0.04565534368157387,0.0026533554773777723,0.04573198780417442,0.038271594792604446,2-4deg,0.00-0.04,0.0,0.0,0.0,0.0
17,52,True,False,0.14771099388599396,0.14771099388599396,0.0,0.0,2.1599998474121094,1.2150695323944092,0.3580634295940399,-0.0999833196401596,-0.1509379744529724,0.21071496605873108,0.14340899884700775,-0.01864066906273365,0.05688021704554558,0.9062824845314026,0.31393229961395264,0.14703238010406494,0.14733180403709412,0.10-0.15,True,True,False,True,False,False,False,True,True,0.14340899884700775,-0.1608051210641861,0.1361708641052246,0.13247931003570557,0.13247931003570557,0.0,0.14340899884700775,-0.01864066906273365,0.01864066906273365,-0.03878381475806236,-0.06145908311009407,0.07266002148389816,0.0163049828261137,0.026902848854660988,0.026902848854660988,-0.1608051210641861,0.1361708641052246,0.00132479309104383,-0.03878381475806236,-0.06145908311009407,0.07266002148389816,0.0163049828261137,4-6deg,0.00-0.04,0.0,0.0,0.0,0.0
18,17,True,False,0.1333802491426468,0.1333802491426468,0.0,0.0,2.200000047683716,1.1188822984695435,0.4488352835178375,-0.1222977489233017,-0.1999157816171646,0.2630803883075714,0.1289135068655014,-0.01942332275211811,0.0878346636891365,0.5129178762435913,0.2800040543079376,0.17101161181926727,0.23107267916202545,>=0.15,True,True,False,True,False,False,False,True,True,0.1289135068655014,-0.2082200050354004,0.1607971340417862,0.06856275349855423,0.06856275349855423,0.0,0.1289135068655014,-0.01942332275211811,0.01942332275211811,-0.054907772690057755,-0.014638674445450306,0.0568237341940403,0.05339964106678963,0.01134669128805399,0.01134669128805399,-0.2082200050354004,0.1607971340417862,0.0006856275140307844,-0.054907772690057755,-0.014638674445450306,0.0568237341940403,0.05339964106678963,2-4deg,0.04-0.08,0.0,0.0,0.0,0.0
19,55,True,True,0.04471490904688835,0.04471490904688835,0.02785816602408886,0.26830437779426575,2.200000047683716,1.089755892753601,0.4651959538459778,0.007074043154716492,-0.12287410348653793,0.26830437779426575,0.02785816602408886,-0.02000018209218979,0.1305982619524002,0.548107385635376,0.37246817350387573,0.23851454257965088,0.2344391942024231,>=0.15,False,True,False,True,True,False,False,False,True,0.04659261554479599,-0.35103854537010193,0.372353196144104,0.17425492405891418,0.388511061668396,0.09999999403953552,0.02785816602408886,-0.02006910741329193,0.02006910741329193,-0.03014994226396084,-0.008703392930328846,0.03138072043657303,0.02987915463745594,0.11041682958602905,0.0008457279182039201,-0.12585732340812683,0.23695392906665802,0.003885110607370734,-0.03247195482254028,-0.008882501162588596,0.033664677292108536,0.028324462473392487,0-2deg,0.00-0.04,0.0,0.0,0.0,0.0
20,26,True,True,0.06675548106431961,0.06675548106431961,0.056955985724925995,0.19577743113040924,2.240000009536743,1.2345455884933472,0.4293724000453949,-0.015004219487309456,0.07000772655010223,0.19577743113040924,0.056955985724925995,-0.02008344605565071,-0.08565186709165573,0.2535507082939148,0.1929859220981598,0.1828324943780899,0.1836574375629425,>=0.15,False,True,False,True,True,False,False,False,True,0.0694928988814354,-0.11711987853050232,0.2803242802619934,0.09451956301927567,0.5584214329719543,0.09999999403953552,0.056955985724925995,-0.020296502858400345,0.020296502858400345,0.0006510769599117339,-0.045865558087825775,0.04586998000741005,0.00793488509953022,0.051584724336862564,0.0017940601101145148,0.06487475335597992,0.18471619486808777,0.005584214348345995,0.0006765521829947829,-0.045143578201532364,0.04514806717634201,0.010120336897671223,2-4deg,0.00-0.04,0.0,0.0,0.0,0.0
21,32,True,True,0.09089628607034683,0.08024025708436966,0.08385483920574188,0.22423328459262848,2.240000009536743,1.1402435302734375,0.3610380291938782,0.013109595514833927,-0.13294240832328796,0.22423328459262848,0.08385483920574188,-0.020009011030197144,0.1470513790845871,0.6834681034088135,0.3069685399532318,0.18057376146316528,0.16939640045166016,>=0.15,False,True,False,True,True,False,False,False,True,0.07678433507680893,-0.16967174410820007,0.17057418823242188,0.19436269998550415,0.4132668972015381,0.05999999865889549,0.08385483920574188,-0.02002805471420288,0.02002805471420288,-0.008968652226030827,0.009244158864021301,0.012881833128631115,0.012180414982140064,0.0017605233006179333,0.0011960400734096766,-0.13516788184642792,0.17891399562358856,0.004132668953388929,-0.008602799847722054,0.008911346085369587,0.012386457063257694,0.012546489015221596,0-2deg,0.00-0.04,0.0,0.0,0.0,0.0
22,60,True,True,0.03890791907906532,0.03866029530763626,0.01698499359190464,0.09808946400880814,2.259999990463257,1.1487622261047363,0.32730957865715027,0.02006428875029087,-0.07718350738286972,0.09808946400880814,0.01698499359190464,-0.019989900290966034,0.09715219587087631,0.6577430963516235,0.3214404582977295,0.06053304299712181,0.05459398403763771,0.05-0.10,False,True,False,True,True,False,False,False,True,0.01617877371609211,-0.320869505405426,0.031438179314136505,0.2019597887992859,0.35736218094825745,0.07999999821186066,0.01698499359190464,-0.020002758130431175,0.020002758130431175,-0.009018869139254093,-0.013981551863253117,0.016637619584798813,0.000998293748125434,0.017854245379567146,0.0009765625,-0.07617891579866409,0.061792533844709396,0.0035736216232180595,-0.00905393622815609,-0.01393186952918768,0.016616109758615494,0.0010818790178745985,0-2deg,0.00-0.04,0.0,0.0,0.0,0.0
23,59,True,True,0.10667616873979568,0.09880676120519638,0.10077954828739166,0.17018751800060272,2.2799999713897705,1.1882282495498657,0.3492451608181,-0.011882194317877293,-0.11225970089435577,0.17018751800060272,0.10077954828739166,-0.020012177526950836,0.10042934864759445,0.8588393926620483,0.39441609382629395,0.12791228294372559,0.130079448223114,0.10-0.15,False,True,False,True,True,False,False,False,True,0.09357056021690369,-0.3144921660423279,0.11548188328742981,0.030531572178006172,0.12375155091285706,0.09999999403953552,0.10077954828739166,-0.020046638324856758,0.020046638324856758,0.07660554349422455,0.03688351437449455,0.08500687777996063,0.03340340033173561,0.07372856885194778,0.0,-0.10180356353521347,0.13638117909431458,0.0012375154765322804,0.07468530535697937,0.038797762244939804,0.08414464443922043,0.034486766904592514,4-6deg,0.00-0.04,0.0,0.0,0.0,0.0
24,15,True,True,0.07871560007333755,0.06777177006006241,0.07049215584993362,0.18249638378620148,2.359999895095825,1.132922649383545,0.36310985684394836,0.0044803740456700325,0.016729695722460747,0.18249638378620148,0.07049215584993362,-0.01998969167470932,-0.012201628647744656,0.8314762711524963,0.3626977503299713,0.18172794580459595,0.18487784266471863,>=0.15,False,True,False,True,True,False,False,False,True,0.0583261176943779,0.06894294172525406,0.23309384286403656,1.0281267166137695,1.0281267166137695,0.07999999821186066,0.07049215584993362,-0.020050765946507454,0.020050765946507454,0.01777604967355728,-0.005433518905192614,0.018587050959467888,0.030396323651075363,0.00825760792940855,0.0003452669770922512,0.01717001385986805,0.1816868633031845,0.010281266644597054,0.016024746000766754,-0.00487047852948308,0.01674831472337246,0.030914297327399254,0-2deg,0.00-0.04,0.0,0.0,0.0,0.0
25,42,True,True,0.04470223933458328,0.04262962192296982,0.027801353484392166,0.14386385679244995,2.359999895095825,1.2108426094055176,0.3792060911655426,0.013441719114780426,0.04679593816399574,0.14386385679244995,0.027801353484392166,-0.0199936181306839,-0.033353738486766815,0.4840071499347687,0.2831636965274811,0.13604024052619934,0.11961241066455841,0.10-0.15,False,True,False,True,True,False,False,False,True,0.023813534528017044,-0.19149132072925568,0.08146822452545166,0.20147687196731567,0.767123281955719,0.07999999821186066,0.027801353484392166,-0.0200241319835186,0.0200241319835186,-0.025226643308997154,-0.040574248880147934,0.047773826867341995,0.03146298602223396,0.028693480417132378,0.00048828125,0.048796333372592926,0.13533559441566467,0.0076712328009307384,-0.024524617940187454,-0.04229433834552765,0.048886675387620926,0.030465934425592422,2-4deg,0.00-0.04,0.0,0.0,0.0,0.0
26,22,True,True,0.043586861342191696,0.043586861342191696,0.025965584442019463,0.08845294266939163,2.379999876022339,1.082446575164795,0.3269728720188141,0.0035676637198776007,0.004667616914957762,0.08845294266939163,0.025965584442019463,-0.019992686808109283,-0.0015134740388020873,0.7970425486564636,0.35277268290519714,0.08832970261573792,0.09185437113046646,0.05-0.10,False,True,False,True,True,False,False,False,True,0.02762504108250141,-0.01943746954202652,0.07306521385908127,0.496254026889801,0.496254026889801,0.07999999821186066,0.025965584442019463,-0.02007039450109005,0.02007039450109005,-0.0037558460608124733,-0.011027166619896889,0.011647391133010387,0.01846732757985592,0.004593482706695795,0.0,0.005422703456133604,0.08828655630350113,0.004962540231645107,-0.004858844913542271,-0.01094804797321558,0.011975412257015705,0.01839098520576954,0-2deg,0.00-0.04,0.0,0.0,0.0,0.0
27,54,True,True,0.09265643358230591,0.08917546272277832,0.0856936126947403,0.14736074209213257,2.379999876022339,1.2248064279556274,0.38467010855674744,-0.020836766809225082,-0.12328145653009415,0.14736074209213257,0.0856936126947403,-0.019911881536245346,0.10111153870820999,0.658282995223999,0.31434792280197144,0.08072715997695923,0.06852029263973236,0.05-0.10,False,True,False,True,True,False,False,False,True,0.08201228827238083,-0.2989610433578491,0.0759863555431366,0.08302926272153854,0.16053640842437744,0.07999999821186066,0.0856936126947403,-0.020019711926579475,0.020019711926579475,0.051725078374147415,-0.0044143470004200935,0.05191313475370407,0.044387657195329666,0.006560084410011768,0.0017940601101145148,-0.1263156235218048,0.07589172571897507,0.00160536402836442,0.05430399253964424,-0.004186433274298906,0.05446486920118332,0.04189254343509674,2-4deg,0.04-0.08,0.0,0.0,0.0,0.0
28,40,True,False,0.15506581962108612,0.1546931117773056,0.0,0.0,2.3999998569488525,1.029805064201355,0.2825267016887665,-0.11196368932723999,-0.07094810903072357,0.18562950193881989,0.1513066589832306,-0.015256673097610474,-0.04936789348721504,0.9947834610939026,0.4159708321094513,0.17153623700141907,0.22670318186283112,>=0.15,True,True,False,True,False,False,False,True,True,0.1513066589832306,-0.06982263177633286,0.17199741303920746,0.04814307019114494,0.04814307019114494,0.0,0.1513066589832306,-0.015256673097610474,0.015256673097610474,0.010981639847159386,-0.006743984762579203,0.012886459939181805,0.04294344410300255,0.08712932467460632,0.08712932467460632,-0.06982263177633286,0.17199741303920746,0.00048143070307560265,0.010981639847159386,-0.006743984762579203,0.012886459939181805,0.04294344410300255,0-2deg,0.04-0.08,0.0,0.0,0.0,0.0
29,25,True,True,0.10253115743398666,0.0929490476846695,0.0962929055094719,0.2737511694431305,2.419999837875366,1.0643106698989868,0.28556883335113525,-0.027003686875104904,-0.19937735795974731,0.2737511694431305,0.0962929055094719,-0.019860388711094856,0.17013894021511078,0.8212903738021851,0.3929646909236908,0.18758563697338104,0.18475425243377686,>=0.15,False,True,False,True,True,False,False,False,True,0.08607250452041626,-0.3990072011947632,0.1290954351425171,0.05841800943017006,0.20082756876945496,0.07999999821186066,0.0962929055094719,-0.020055975764989853,0.020055975764989853,-0.0844564139842987,0.011968109756708145,0.08529841154813766,0.01063863467425108,0.0180666521191597,0.002652046736329794,-0.20042622089385986,0.18646454811096191,0.002008275594562292,-0.0837569460272789,0.01168525405228138,0.08456627279520035,0.01453366782516241,4-6deg,0.00-0.04,0.0,0.0,0.0,0.0
30,30,True,True,0.04036274924874306,0.04036274924874306,0.020122885704040527,0.06513023376464844,2.419999837875366,1.0191378593444824,0.2591021656990051,0.009874280542135239,-0.062162041664123535,0.06513023376464844,0.020122885704040527,-0.02000405080616474,0.07247671484947205,1.2064207792282104,0.5124500393867493,0.019437797367572784,0.014923319220542908,0.00-0.05,False,True,False,True,True,False,False,False,True,0.02156279981136322,-0.37469786405563354,0.0876719057559967,0.05995727330446243,0.8470747470855713,0.07999999821186066,0.020122885704040527,-0.020021259784698486,0.020021259784698486,0.0559246689081192,0.06299902498722076,0.08421552926301956,0.04321461170911789,0.06369170546531677,0.0007720404537394643,-0.0611666701734066,0.022373784333467484,0.008470747619867325,0.05355747789144516,0.06405859440565109,0.08347462862730026,0.04328743740916252,4-6deg,0.04-0.08,0.0,0.0,0.0,0.0
31,29,True,True,0.11073225736618042,0.10593149065971375,0.10503746569156647,0.16702744364738464,2.440000057220459,1.1372787952423096,0.34812965989112854,0.014752631075680256,-0.10055713355541229,0.16702744364738464,0.10503746569156647,-0.02000093087553978,0.11674846708774567,0.5898466110229492,0.2867261469364166,0.13336578011512756,0.12154244631528854,0.10-0.15,False,True,False,True,True,False,False,False,True,0.10042374581098557,-0.3219650983810425,0.12936240434646606,0.1995832771062851,0.43831196427345276,0.07999999821186066,0.10503746569156647,-0.02000093273818493,0.02000093273818493,-0.028365910053253174,-0.0027825189754366875,0.028501704335212708,0.03529205173254013,0.025555117055773735,0.0008457279182039201,-0.1019727885723114,0.13228650391101837,0.0043831197544932365,-0.0304474588483572,-0.0028415133710950613,0.03058023191988468,0.03410722315311432,0-2deg,0.00-0.04,0.0,0.0,0.0,0.0
32,36,True,True,0.0465572364628315,0.041123971343040466,0.030688293278217316,0.21073618531227112,2.440000057220459,1.1167320013046265,0.2670786678791046,-0.014528011903166771,-0.1670411229133606,0.21073618531227112,0.030688293278217316,-0.02001628838479519,0.15195629000663757,1.4010947942733765,0.5726034641265869,0.12847957015037537,0.13441555202007294,0.10-0.15,False,True,False,True,True,False,False,False,True,0.021580388769507408,-0.049795061349868774,0.19532820582389832,1.2129982709884644,1.2129982709884644,0.07999999821186066,0.030688293278217316,-0.02001628838479519,0.02001628838479519,0.007392388302832842,-0.029941443353891373,0.030840348452329636,0.03164519742131233,0.004284653812646866,0.0011451211757957935,-0.1646014153957367,0.13159067928791046,0.012129982002079487,0.007151433732360601,-0.02802322246134281,0.028921110555529594,0.03278549760580063,0-2deg,0.00-0.04,0.0,0.0,0.0,0.0
33,31,True,True,0.08089333027601242,0.07855860143899918,0.0729375034570694,0.14892156422138214,2.4600000381469727,1.2794855833053589,0.4255070388317108,0.025914231315255165,-0.07679883390665054,0.14892156422138214,0.0729375034570694,-0.019978730008006096,0.10446832329034805,0.9758230447769165,0.3929109573364258,0.12759143114089966,0.11542513966560364,0.10-0.15,False,True,False,True,True,False,False,False,True,0.07025404274463654,-0.2872298061847687,0.06999657303094864,0.15514086186885834,0.4017532467842102,0.07999999821186066,0.0729375034570694,-0.01999312825500965,0.01999312825500965,-0.06793321669101715,0.07212156057357788,0.09903760999441147,0.034407831728458405,0.043164484202861786,0.0005980199784971774,-0.06658117473125458,0.13320878148078918,0.004017532337456942,-0.06986033916473389,0.07250422239303589,0.10064203292131424,0.031083984300494194,4-6deg,0.00-0.04,0.0,0.0,0.0,0.0
34,51,True,True,0.11244405806064606,0.09941501170396805,0.1067662388086319,0.3011004626750946,2.4600000381469727,1.0936177968978882,0.33740660548210144,-0.027678024023771286,-0.17813439667224884,0.3011004626750946,0.1067662388086319,-0.019845543429255486,0.149078831076622,1.0702992677688599,0.4449727237224579,0.2427542358636856,0.24025601148605347,>=0.15,False,True,False,True,True,False,False,False,True,0.09806913137435913,-0.17572730779647827,0.2000100463628769,0.06183741241693497,0.11491314321756363,0.05999999865889549,0.1067662388086319,-0.01985839568078518,0.01985839568078518,-0.028302082791924477,0.00039750890573486686,0.028304414823651314,0.020721228793263435,0.003537935670465231,0.003068801248446107,-0.18309035897254944,0.23903849720954895,0.0011491314508020878,-0.029113613069057465,0.00040761742275208235,0.029116269201040268,0.01985449157655239,0-2deg,0.00-0.04,0.0,0.0,0.0,0.0
35,10,True,True,0.0810261219739914,0.07207813858985901,0.07307640463113785,0.13328099250793457,2.5399999618530273,1.2201648950576782,0.37322214245796204,0.005018741358071566,-0.04307955130934715,0.13328099250793457,0.07307640463113785,-0.019999753683805466,0.051474571228027344,0.9514814019203186,0.4112466871738434,0.12612682580947876,0.13158710300922394,0.10-0.15,False,True,False,True,True,False,False,False,True,0.06283216923475266,-0.2545172870159149,0.1101875975728035,0.14602908492088318,0.19172583520412445,0.11999999731779099,0.07307640463113785,-0.019999753683805466,0.019999753683805466,0.022068243473768234,-0.03165257349610329,0.03858433663845062,0.05172307416796684,0.0029296886641532183,0.0003452669770922512,-0.041108351200819016,0.12678299844264984,0.0019172582542523742,0.02236528880894184,-0.02639397792518139,0.034593962132930756,0.05356854200363159,2-4deg,0.04-0.08,0.0,0.0,0.0,0.0
36,33,True,True,0.06023114547133446,0.05681502819061279,0.04883386194705963,0.16352032124996185,2.559999942779541,1.1603525876998901,0.3595212697982788,-0.017772486433386803,-0.15260109305381775,0.16352032124996185,0.04883386194705963,-0.019821904599666595,0.13294734060764313,0.9165931344032288,0.35992830991744995,0.05875202268362045,0.05934472754597664,0.05-0.10,False,True,False,True,True,False,False,False,True,0.044131018221378326,-0.45055651664733887,0.2516152560710907,0.17539569735527039,0.17777426540851593,0.09999999403953552,0.04883386194705963,-0.02001107484102249,0.02001107484102249,0.044983699917793274,-0.011085760779678822,0.04632914438843727,0.05145495757460594,0.011713729240000248,0.0035881216172128916,-0.15161439776420593,0.06125333532691002,0.0017777426401153207,0.04360741376876831,-0.014973699115216732,0.046104658395051956,0.05164923146367073,2-4deg,0.04-0.08,0.0,0.0,0.0,0.0
37,41,True,True,0.08111332356929779,0.07978519797325134,0.07316841185092926,0.172698512673378,2.559999942779541,1.2600758075714111,0.32855355739593506,0.009715230204164982,-0.03356281667947769,0.172698512673378,0.07316841185092926,-0.01998198963701725,0.04306046664714813,1.4536027908325195,0.41024231910705566,0.1694057583808899,0.16424889862537384,>=0.15,False,True,False,True,True,False,False,False,True,0.07163288444280624,-0.03528812155127525,0.0998196080327034,0.5614793300628662,0.5614793300628662,0.05999999865889549,0.07316841185092926,-0.01998918689787388,0.01998918689787388,-0.0218987837433815,-0.01790807582437992,0.028287559747695923,0.022248007357120514,0.0015440810238942504,0.0,-0.037036534398794174,0.1686803698539734,0.00561479339376092,-0.022188227623701096,-0.01706290990114212,0.027988841757178307,0.022423528134822845,0-2deg,0.00-0.04,0.0,0.0,0.0,0.0
38,7,True,True,0.10692819207906723,0.09823419898748398,0.10102187842130661,0.24047043919563293,2.5999999046325684,1.221458077430725,0.30523481965065,-0.00528227211907506,-0.11607293039560318,0.24047043919563293,0.10102187842130661,-0.0200224407017231,0.10685626417398453,0.9487486481666565,0.34762370586395264,0.21060176193714142,0.21689802408218384,>=0.15,False,True,False,True,True,False,False,False,True,0.08997160941362381,-0.3596224784851074,0.07357627153396606,0.08476854115724564,0.3837728202342987,0.07999999821186066,0.10102187842130661,-0.0200224407017231,0.0200224407017231,0.049642350524663925,-0.03124164417386055,0.05864791199564934,0.03235623612999916,0.06458907574415207,0.001091830083169043,-0.1281740516424179,0.203463613986969,0.00383772817440331,0.04973389580845833,-0.03316125273704529,0.05976801738142967,0.03170434758067131,2-4deg,0.00-0.04,0.0,0.0,0.0,0.0
39,5,True,True,0.11896943300962448,0.1117573156952858,0.11369588226079941,0.21402737498283386,2.6399998664855957,1.2449895143508911,0.36164847016334534,0.01925177313387394,-0.07559086382389069,0.21402737498283386,0.11369588226079941,-0.02000155858695507,0.09232766926288605,1.0408655405044556,0.40215903520584106,0.20023420453071594,0.18068885803222656,>=0.15,False,True,False,True,True,False,False,False,True,0.10633213073015213,-0.015010466799139977,0.2827117145061493,1.2023361921310425,1.2023361921310425,0.05999999865889549,0.11369588226079941,-0.020112525671720505,0.020112525671720505,-0.06000566855072975,0.006812129635363817,0.06039043888449669,0.02959652803838253,0.005631141364574432,0.0003452669770922512,-0.08065139502286911,0.19825002551078796,0.012023361399769783,-0.06094704940915108,0.00750083290040493,0.06140604242682457,0.028720155358314514,2-4deg,0.00-0.04,0.0,0.0,0.0,0.0
40,8,True,True,0.11163459718227386,0.05341218784451485,0.10638076812028885,0.14600127935409546,2.6399998664855957,1.0815722942352295,0.2891358733177185,-0.10078548640012741,0.01691587269306183,0.14600127935409546,0.10638076812028885,-0.017989013344049454,-0.1204235702753067,1.4122378826141357,0.384027898311615,0.14501801133155823,0.18013757467269897,>=0.15,False,True,False,True,True,False,False,False,True,0.039940353482961655,-0.06197316572070122,0.12701158225536346,0.15756741166114807,0.8678942918777466,0.4599999785423279,0.10638076812028885,-0.020144298672676086,0.020144298672676086,-0.05323141813278198,-0.0005287551903165877,0.053234539926052094,0.02846745401620865,0.019322916865348816,0.031059926375746727,0.01870216242969036,0.14479848742485046,0.008678942918777466,-0.03927074000239372,0.00038807481178082526,0.039271995425224304,0.03480790555477142,2-4deg,0.00-0.04,0.0,0.0,0.0,0.0
41,9,True,True,0.07067766785621643,0.06666006147861481,0.06140516325831413,0.20977173745632172,2.679999828338623,1.0107001066207886,0.22184951603412628,-0.0029120217077434063,-0.04565507173538208,0.20977173745632172,0.06140516325831413,-0.020010409876704216,0.043726399540901184,0.7008281350135803,0.32316699624061584,0.20474323630332947,0.2070520520210266,>=0.15,False,True,False,True,True,False,False,False,True,0.05637182667851448,-0.2769603729248047,0.07145929336547852,0.09852107614278793,0.6386900544166565,0.07999999821186066,0.06140516325831413,-0.020027296617627144,0.020027296617627144,-0.03400541841983795,0.04918540641665459,0.059787970036268234,0.011091398075222969,0.06562703847885132,0.0003452669770922512,-0.04854004830121994,0.2040785253047943,0.006386900320649147,-0.033628594130277634,0.048543788492679596,0.05904620140790939,0.013707878068089485,2-4deg,0.00-0.04,0.0,0.0,0.0,0.0
42,44,True,False,0.1681930124759674,0.1681930124759674,0.0,0.0,2.740000009536743,1.1108959913253784,0.2760809063911438,-0.08926562964916229,-0.12339774519205093,0.2134086936712265,0.16531404852867126,-0.01732969656586647,0.04016192629933357,0.6001777648925781,0.28882166743278503,0.17411568760871887,0.16652719676494598,>=0.15,True,True,False,True,False,False,False,True,True,0.16531404852867126,-0.13401348888874054,0.16608330607414246,0.02000592276453972,0.02000592276453972,0.0,0.16531404852867126,-0.01732969656586647,0.01732969656586647,-0.03582841530442238,0.06883599609136581,0.07758858799934387,0.04641043022274971,0.05274162068963051,0.05274162068963051,-0.13401348888874054,0.16608330607414246,0.00020005922124255449,-0.03582841530442238,0.06883599609136581,0.07758858799934387,0.04641043022274971,4-6deg,0.04-0.08,0.0,0.0,0.0,0.0
43,47,True,True,0.09195055812597275,0.09195055812597275,0.08501366525888443,0.10012014210224152,2.7799999713897705,1.1801512241363525,0.28093916177749634,0.0017306999070569873,-0.001345269032754004,0.10012014210224152,0.08501366525888443,-0.019986359402537346,0.004972459748387337,1.1590510606765747,0.3989422619342804,0.10011110454797745,0.09874775260686874,0.05-0.10,False,True,False,True,True,False,False,False,True,0.09065727889537811,-0.1709984838962555,0.326984167098999,0.08851280063390732,0.8004391193389893,0.07999999821186066,0.08501366525888443,-0.020067056640982628,0.020067056640982628,0.024071119725704193,0.022459326311945915,0.0329197533428669,0.03273274004459381,0.039490003138780594,0.0003452669770922512,0.0014129157643765211,0.10011017322540283,0.008004390634596348,0.023852532729506493,0.02047819457948208,0.0314357616007328,0.03369304537773132,0-2deg,0.00-0.04,0.0,0.0,0.0,0.0
44,16,True,True,0.06333373486995697,0.05236513912677765,0.05278247594833374,0.24049052596092224,2.799999952316284,1.0898041725158691,0.32047605514526367,0.005083443131297827,0.025622647255659103,0.24049052596092224,0.05278247594833374,-0.019965622574090958,-0.02053738571703434,1.0183042287826538,0.3970593214035034,0.23912166059017181,0.2286691516637802,>=0.15,False,True,False,True,True,False,False,False,True,0.03889197111129761,0.0870114415884018,0.24744462966918945,0.8871598243713379,0.8871598243713379,0.07999999821186066,0.05278247594833374,-0.02003699727356434,0.02003699727356434,-0.018926337361335754,-0.007846985012292862,0.020487815141677856,0.017466194927692413,0.002367031527683139,0.0007720404537394643,0.03008376434445381,0.2386014759540558,0.008871598169207573,-0.01996311917901039,-0.007869918830692768,0.021457025781273842,0.017099257558584213,0-2deg,0.00-0.04,0.0,0.0,0.0,0.0
45,11,True,True,0.07448054850101471,0.06872186809778214,0.06578857451677322,0.18997836112976074,2.8399999141693115,1.227602481842041,0.32227522134780884,0.005211689975112677,0.10363417118787766,0.18997836112976074,0.06578857451677322,-0.020108036696910858,-0.09769784659147263,0.858288586139679,0.34294918179512024,0.1592222899198532,0.14076489210128784,0.10-0.15,False,True,False,True,True,False,False,False,True,0.05852098390460014,-0.1312333047389984,0.03133910894393921,0.08996069431304932,0.46079331636428833,0.11999999731779099,0.06578857451677322,-0.020108036696910858,0.020108036696910858,0.006323039997369051,0.07609285414218903,0.07635456323623657,0.04632335528731346,0.0677618756890297,0.0014648438664153218,0.09099209308624268,0.16676995158195496,0.004607933107763529,0.0025213779881596565,0.07859170436859131,0.07863201946020126,0.044667720794677734,4-6deg,0.04-0.08,0.0,0.0,0.0,0.0
46,39,True,True,0.0757521316409111,0.0757521316409111,0.06716863811016083,0.16196097433567047,2.8399999141693115,1.2502038478851318,0.34418967366218567,0.004817299544811249,0.01803862489759922,0.16196097433567047,0.06716863811016083,-0.01998535543680191,-0.014229055494070053,1.449758768081665,0.3720458149909973,0.16095329821109772,0.1615837812423706,>=0.15,False,True,False,True,True,False,False,False,True,0.08044606447219849,-0.15094220638275146,0.21822191774845123,0.058579571545124054,0.1873002052307129,0.11999999731779099,0.06716863811016083,-0.019998114556074142,0.019998114556074142,-0.05451510101556778,0.011544899083673954,0.05572264641523361,0.021385671570897102,0.06864175200462341,0.0,0.020262176170945168,0.16068851947784424,0.0018730020383372903,-0.05641328543424606,0.011748618446290493,0.05762205645442009,0.016770007088780403,2-4deg,0.00-0.04,0.0,0.0,0.0,0.0
47,18,True,True,0.12328414618968964,0.1215825080871582,0.11818971484899521,0.08316195011138916,2.8999998569488525,1.1505249738693237,0.27142733335494995,0.0073398444801568985,0.02398027293384075,0.08316195011138916,0.11818971484899521,-0.01997477561235428,-0.014903899282217026,0.8675574064254761,0.26729992032051086,0.07962949573993683,0.08438961952924728,0.05-0.10,False,True,False,True,True,False,False,False,True,0.11977282166481018,-0.0857996866106987,0.2749147117137909,0.030904222279787064,0.5683050751686096,0.11999999731779099,0.11818971484899521,-0.020063329488039017,0.020063329488039017,-0.02030204050242901,-0.0585949681699276,0.062008194625377655,0.02004089392721653,0.09257684648036957,0.0003452669770922512,0.02828112430870533,0.0782054215669632,0.005683050490915775,-0.022173920646309853,-0.05779523402452469,0.06189844384789467,0.02098299004137516,2-4deg,0.00-0.04,0.0,0.0,0.0,0.0
48,23,True,True,0.09103154391050339,0.08473990857601166,0.08404038846492767,0.1460471749305725,2.919999837875366,1.2451691627502441,0.2929930090904236,-0.0010963797103613615,-0.04352829232811928,0.1460471749305725,0.08404038846492767,-0.020005669444799423,0.04510537162423134,0.946904718875885,0.3763238787651062,0.13940970599651337,0.14145788550376892,0.10-0.15,False,True,False,True,True,False,False,False,True,0.07580547034740448,-0.26887932419776917,0.16376356780529022,0.10068276524543762,0.160720556974411,0.09999999403953552,0.08404038846492767,-0.020005669444799423,0.020005669444799423,0.03778770565986633,-0.03816494345664978,0.05370074138045311,0.04277126491069794,0.021556803956627846,0.00048828125,-0.04583818465471268,0.13866735994815826,0.0016072054859250784,0.03554929420351982,-0.03545429930090904,0.0502021498978138,0.045090366154909134,2-4deg,0.04-0.08,0.0,0.0,0.0,0.0
49,35,True,False,0.13438846170902252,0.12929202616214752,0.0,0.0,1.9199999570846558,1.1496740579605103,0.31582215428352356,-0.028573306277394295,-0.1651856005191803,0.2641869783401489,0.12969234585762024,-0.01992693915963173,0.13816732168197632,1.133596658706665,0.4791244566440582,0.2061758190393448,0.20520639419555664,>=0.15,True,True,False,True,False,False,False,True,True,0.12969234585762024,-0.16389255225658417,0.2072051614522934,0.03209061548113823,0.03209061548113823,0.0,0.12969234585762024,-0.01992693915963173,0.01992693915963173,-0.04846653714776039,-0.014574427157640457,0.050609104335308075,0.020057406276464462,0.0011960400734096766,0.0011960400734096766,-0.16389255225658417,0.2072051614522934,0.00032090613967739046,-0.04846653714776039,-0.014574427157640457,0.050609104335308075,0.020057406276464462,2-4deg,0.00-0.04,0.0,0.0,0.0,0.0
50,2,True,True,0.12364919483661652,0.11590713262557983,0.11864005029201508,0.08364696800708771,2.9800000190734863,1.2000247240066528,0.3127386271953583,0.006736901123076677,0.0337277315557003,0.08364696800708771,0.11864005029201508,-0.020027566701173782,-0.03438527509570122,0.33992040157318115,0.23024068772792816,0.07654576748609543,0.09344910830259323,0.05-0.10,False,True,False,True,True,False,False,False,True,0.1122884601354599,-0.018236208707094193,0.20009209215641022,0.05075746402144432,0.4077133536338806,0.699999988079071,0.11864005029201508,-0.02005673572421074,0.02005673572421074,0.05284249782562256,0.05914252623915672,0.07929018884897232,0.04883233830332756,0.11656326800584793,0.0014648438664153218,0.03197439759969711,0.07729458063840866,0.004077133256942034,0.01536969467997551,0.04485784471035004,0.04741677641868591,0.06782112270593643,4-6deg,0.04-0.08,0.0,0.0,0.0,0.0
51,20,True,True,0.08923257142305374,0.0836201012134552,0.08210696280002594,0.19401873648166656,2.9800000190734863,0.968272864818573,0.2737427353858948,-0.06531955301761627,-0.010093498975038528,0.19401873648166656,0.08210696280002594,-0.01994544267654419,-0.05350890010595322,0.5463412404060364,0.25032663345336914,0.19375599920749664,0.21991267800331116,>=0.15,False,True,False,True,True,False,False,False,True,0.07672329246997833,0.0910537838935852,0.16497479379177094,0.4903470277786255,0.4903470277786255,0.05999999865889549,0.08210696280002594,-0.020030910149216652,0.020030910149216652,-0.005486489739269018,-0.027794163674116135,0.028329677879810333,0.03517022728919983,0.00172633514739573,0.001691456069238484,-0.013713296502828598,0.1935334950685501,0.004903470166027546,-0.0061815581284463406,-0.026555350050330162,0.0272660069167614,0.035849254578351974,0-2deg,0.00-0.04,0.0,0.0,0.0,0.0
52,46,True,True,0.09628655016422272,0.08004787564277649,0.08969805389642715,0.23678354918956757,1.159999966621399,1.1632508039474487,0.6121833324432373,0.00887733418494463,-0.040516071021556854,0.23678354918956757,0.08969805389642715,-0.019986826926469803,0.04545071721076965,0.31967195868492126,0.20818008482456207,0.23329144716262817,0.22684858739376068,>=0.15,False,True,False,True,True,False,False,False,True,0.07195249199867249,-0.30091872811317444,0.2269078642129898,0.41945916414260864,0.41945916414260864,0.09999999403953552,0.08969805389642715,-0.019986826926469803,0.019986826926469803,-0.0709979236125946,0.0030897355172783136,0.07106532901525497,0.0512242317199707,0.033985450863838196,0.0,-0.02700665593147278,0.23523837327957153,0.004194591660052538,-0.07116199284791946,-0.00100400869268924,0.07116934657096863,0.05118947476148605,4-6deg,0.04-0.08,0.0,0.0,0.0,0.0
53,34,True,True,0.10741744190454483,0.10146287828683853,0.10139679908752441,0.19839058816432953,1.059999942779541,1.2121217250823975,0.5956876277923584,-0.010037989355623722,-0.11744780093431473,0.19839058816432953,0.10139679908752441,-0.019822685047984123,0.11429446935653687,0.267757773399353,0.19564741849899292,0.1598901003599167,0.15828469395637512,>=0.15,False,True,False,True,True,False,False,False,True,0.09555123746395111,-0.15379850566387177,0.13869385421276093,0.5664920210838318,0.5664920210838318,0.05999999865889549,0.10139679908752441,-0.020144464448094368,0.020144464448094368,-0.05981883034110069,0.01092267595231533,0.0608067587018013,0.07178068906068802,0.007804886903613806,0.003554743016138673,-0.11279597133398056,0.1632050722837448,0.0056649199686944485,-0.061889395117759705,0.00896882452070713,0.06253498047590256,0.07055869698524475,2-4deg,0.04-0.08,0.0,0.0,0.0,0.0
54,3,True,True,0.12242372334003448,0.11506778001785278,0.1173044890165329,0.158206045627594,3.2200000286102295,1.1425819396972656,0.25152063369750977,0.0011193020036444068,0.015946976840496063,0.158206045627594,0.1173044890165329,-0.01999366097152233,-0.016042830422520638,0.7439575791358948,0.3135676681995392,0.15740026533603668,0.1603633165359497,>=0.15,False,True,False,True,True,False,False,False,True,0.11003150790929794,-0.1193537786602974,0.20237763226032257,0.028164703398942947,0.10618259012699127,0.07999999821186066,0.1173044890165329,-0.02000613510608673,0.02000613510608673,-0.0019116593757644296,0.002263182308524847,0.002970099914819002,0.01841459795832634,0.00788088608533144,0.0003452669770922512,0.01628751866519451,0.15736538171768188,0.0010618258966132998,-0.0008049324969761074,0.0022959487978368998,0.002441406948491931,0.018483128398656845,0-2deg,0.00-0.04,0.0,0.0,0.0,0.0
55,63,True,False,0.2372351735830307,0.12232144922018051,0.0,0.0,3.2200000286102295,1.1374691724777222,0.24407072365283966,-0.014222140423953533,-0.1408800184726715,0.21413113176822662,0.23460812866687775,-0.02001594938337803,0.12807679176330566,0.3780483603477478,0.2228781133890152,0.16126054525375366,0.160120889544487,>=0.15,True,True,False,True,False,False,False,True,True,0.11973055452108383,-0.20491710305213928,0.10367494076490402,0.06083846837282181,0.4292401969432831,0.0,0.23460812866687775,-0.020017851144075394,0.020017851144075394,-0.004754187073558569,0.019149303436279297,0.019731959328055382,0.02471604384481907,0.08535505831241608,0.0009134905994869769,-0.13667254149913788,0.1648416370153427,0.004292401950806379,0.008982935920357704,0.030894428491592407,0.03217427060008049,0.012257321737706661,0-2deg,0.00-0.04,0.0,0.0,0.0,0.0
56,49,True,True,0.07834681123495102,0.06664015352725983,0.07001984119415283,0.2890895903110504,3.2799999713897705,0.9825530052185059,0.20314784348011017,0.03520181402564049,0.11862660944461823,0.2890895903110504,0.07001984119415283,-0.020010411739349365,-0.08067755401134491,0.9909053444862366,0.33349886536598206,0.2636294960975647,0.2629297971725464,>=0.15,False,True,False,True,True,False,False,False,True,0.05677776783704758,-0.1699962466955185,0.18054965138435364,0.3625105023384094,0.6052589416503906,0.07999999821186066,0.07001984119415283,-0.020069967955350876,0.020069967955350876,0.025159014388918877,-0.038053981959819794,0.04561580345034599,0.0480748787522316,0.00454128161072731,0.002264067530632019,0.12102901935577393,0.2625352740287781,0.006052589509636164,0.02227175422012806,-0.03828541561961174,0.04428941011428833,0.04848363623023033,2-4deg,0.04-0.08,0.0,0.0006905339541845024,0.0,0.0
57,4,True,False,0.2443535327911377,0.12225845456123352,0.0,0.0,3.299999952316284,1.2418650388717651,0.27018240094184875,-0.02792540192604065,-0.17014168202877045,0.2295941412448883,0.24183622002601624,-0.019996723160147667,0.13873718678951263,1.1337257623672485,0.3690929412841797,0.15415988862514496,0.16925734281539917,>=0.15,True,True,False,True,False,False,False,True,True,0.11785609275102615,-0.1112208291888237,0.21599142253398895,1.0272083282470703,1.0272083282470703,0.0,0.24183622002601624,-0.020205046981573105,0.020205046981573105,0.02248733676970005,-0.0037900442257523537,0.02280380204319954,0.026163965463638306,0.005641716532409191,0.0011451211757957935,-0.17271654307842255,0.15126949548721313,0.01027208287268877,0.036298058927059174,0.006169406697154045,0.036817967891693115,0.019396673887968063,0-2deg,0.00-0.04,0.0,0.0,0.0,0.0
58,58,True,False,0.1577075570821762,0.08156038075685501,0.0,0.0,3.319999933242798,1.089633584022522,0.24823133647441864,-0.08611852675676346,-0.10839726775884628,0.2932755649089813,0.15475691854953766,-0.01641806960105896,0.01985188201069832,0.566948652267456,0.21211527287960052,0.27250799536705017,0.08936706930398941,0.05-0.10,True,True,False,True,False,False,False,True,True,0.15475691854953766,-0.1067410334944725,0.2731609642505646,0.022730881348252296,0.022730881348252296,0.0,0.15475691854953766,-0.017601147294044495,0.017601147294044495,-0.00014235530397854745,0.016664208844304085,0.01666625589132309,0.0043770140036940575,0.05249796435236931,0.05249796435236931,-0.1067410334944725,0.2731609642505646,0.000227308803005144,-0.00014235530397854745,0.016664208844304085,0.01666625589132309,0.0043770140036940575,0-2deg,0.00-0.04,0.0,0.0,0.0,0.0
59,62,True,False,0.14344535768032074,0.13100053369998932,0.0,0.0,3.359999895095825,1.2610890865325928,0.33400580286979675,-0.1171848475933075,-0.06565771251916885,0.2287614494562149,0.13872429728507996,-0.013658610172569752,-0.05109068378806114,1.8005915880203247,0.466064453125,0.21913662552833557,0.188405379652977,>=0.15,True,True,False,True,False,False,False,True,True,0.13872429728507996,-0.07572551816701889,0.2158644199371338,0.05727539211511612,0.05727539211511612,0.0,0.13872429728507996,-0.013658610172569752,0.013658610172569752,0.012119297869503498,0.04761339724063873,0.04913001134991646,0.0297702569514513,0.1143101304769516,0.1143101304769516,-0.07572551816701889,0.2158644199371338,0.0005727538955397904,0.012119297869503498,0.04761339724063873,0.04913001134991646,0.0297702569514513,2-4deg,0.00-0.04,0.0,0.0,0.0,0.0
60,48,True,True,0.08070743829011917,0.08070743829011917,0.07271823287010193,0.1893007755279541,3.43999981880188,1.0343708992004395,0.22484910488128662,0.0038714888505637646,0.00958113931119442,0.1893007755279541,0.07271823287010193,-0.019995685666799545,-0.004939403384923935,0.7318649888038635,0.2867894172668457,0.18905815482139587,0.1873042732477188,>=0.15,False,True,False,True,True,False,False,False,True,0.08690237253904343,-0.13249999284744263,0.29478538036346436,0.07493365556001663,0.16703495383262634,0.09999999403953552,0.07271823287010193,-0.020048385486006737,0.020048385486006737,-0.001194931915961206,0.010576004162430763,0.010641893371939659,0.01074050460010767,0.06607811152935028,0.0,0.008032185025513172,0.1891302764415741,0.0016703495057299733,-0.0020439508371055126,0.010451196692883968,0.010647492483258247,0.010709444060921669,0-2deg,0.00-0.04,0.0,0.0,0.0,0.0
61,12,True,False,0.14606253802776337,0.14606253802776337,0.0,0.0,3.4600000381469727,1.1441245079040527,0.2609741687774658,-0.015439308248460293,-0.16635297238826752,0.4661422371864319,0.14122261106967926,-0.018962467089295387,0.15431493520736694,1.1576052904129028,0.41274604201316833,0.43544837832450867,0.18467654287815094,>=0.15,True,True,False,True,False,False,False,True,True,0.14122261106967926,-0.12404799461364746,0.4493335783481598,0.021800410002470016,0.021800410002470016,0.0,0.14122261106967926,-0.019618235528469086,0.019618235528469086,-0.07820475846529007,-0.06810629367828369,0.10365813970565796,0.03309686481952667,0.018580634146928787,0.018580634146928787,-0.12404799461364746,0.4493335783481598,0.0002180040901293978,-0.07820475846529007,-0.06810629367828369,0.10365813970565796,0.03309686481952667,4-6deg,0.00-0.04,0.0,0.0,0.0,0.0
62,57,True,False,0.16328923404216766,0.16328923404216766,0.0,0.0,3.4800000190734863,1.1684048175811768,0.3002476692199707,0.0028516293969005346,-0.05163849517703056,0.24176540970802307,0.15948422253131866,-0.019993307068943977,0.054241690784692764,0.7229962944984436,0.28531667590141296,0.23618632555007935,0.1828160285949707,>=0.15,True,True,False,True,False,False,False,True,True,0.15948422253131866,-0.051485657691955566,0.23621968924999237,0.1765632927417755,0.1765632927417755,0.0,0.15948422253131866,-0.019993307068943977,0.019993307068943977,0.0013286673929542303,0.0002390916197327897,0.0013372133253142238,0.003138299100100994,0.0,0.0,-0.051485657691955566,0.23621968924999237,0.0017656328855082393,0.0013286673929542303,0.0002390916197327897,0.0013372133253142238,0.003138299100100994,0-2deg,0.00-0.04,0.0,0.0,0.0,0.0
63,6,True,False,0.14130640029907227,0.12979775667190552,0.0,0.0,3.6399998664855957,1.2338488101959229,0.287057489156723,-0.12099070101976395,-0.10460463166236877,0.32594138383865356,0.13813228905200958,-0.012615038082003593,-0.025429101660847664,1.0690668821334839,0.40448853373527527,0.30869996547698975,0.1926262080669403,>=0.15,True,True,False,True,False,False,False,True,True,0.13813228905200958,-0.08358610421419144,0.31504151225090027,0.04522356390953064,0.04522356390953064,0.0,0.13813228905200958,-0.012615038082003593,0.012615038082003593,-0.05882623419165611,0.036990322172641754,0.069477878510952,0.0397653803229332,0.12072472274303436,0.12072472274303436,-0.08358610421419144,0.31504151225090027,0.0004522356321103871,-0.05882623419165611,0.036990322172641754,0.069477878510952,0.0397653803229332,2-4deg,0.00-0.04,0.0,0.0006905339541845024,0.0,0.0
64,27,True,True,0.09848227351903915,0.08922015130519867,0.09204676747322083,0.17824861407279968,2.2799999713897705,1.1477701663970947,0.37270262837409973,0.006878125015646219,-0.04336930811405182,0.17824861407279968,0.09204676747322083,-0.019995948299765587,0.05642696097493172,0.4661808907985687,0.2556115984916687,0.17289207875728607,0.16965799033641815,>=0.15,False,True,False,True,True,False,False,False,True,0.08212023973464966,-0.04991058632731438,0.24919308722019196,0.9981371760368347,0.9981371760368347,0.07999999821186066,0.09204676747322083,-0.02020401880145073,0.02020401880145073,0.05048783868551254,-0.0170822124928236,0.05329723283648491,0.08792222291231155,0.0011960400734096766,0.0,-0.03721713647246361,0.17431996762752533,0.009981371462345123,0.0534697100520134,-0.021352751180529594,0.05757131800055504,0.08565973490476608,2-4deg,0.08-0.12,0.0,0.0,0.0,0.0
65,37,True,True,0.06118124723434448,0.052303846925497055,0.05013188347220421,0.20068077743053436,3.0799999237060547,1.2206618785858154,0.2913675010204315,0.020565062761306763,0.06626714020967484,0.20068077743053436,0.05013188347220421,-0.02000497654080391,-0.048181332647800446,1.29442298412323,0.41678565740585327,0.18942397832870483,0.18507860600948334,>=0.15,False,True,False,True,True,False,False,False,True,0.03918679431080818,-0.042886991053819656,0.12858787178993225,0.6586295962333679,0.6586295962333679,0.07999999821186066,0.05013188347220421,-0.02028442732989788,0.02028442732989788,0.0016548711573705077,-0.010393653996288776,0.010523613542318344,0.05258330702781677,0.00578773720189929,0.0015049839857965708,0.06765147298574448,0.18893398344516754,0.006586296018213034,0.0016363933682441711,-0.007232419680804014,0.007413213141262531,0.05278118699789047,0-2deg,0.04-0.08,0.0,0.0,0.0,0.0
66,35,True,True,0.035757455974817276,0.035757455974817276,0.00725785456597805,0.14852556586265564,1.1399999856948853,1.1227502822875977,0.5218976140022278,0.008704480715095997,-0.011969749815762043,0.14852556586265564,0.00725785456597805,-0.019987110048532486,0.02108830213546753,0.5222628116607666,0.3033611476421356,0.1480424553155899,0.14471915364265442,0.10-0.15,False,True,False,True,True,False,False,False,True,0.007201572880148888,-0.25487473607063293,0.20196877419948578,0.05446556583046913,0.8724938631057739,0.07999999821186066,0.00725785456597805,-0.020213298499584198,0.020213298499584198,-0.007794143632054329,-0.06819552183151245,0.06863913685083389,0.029770754277706146,0.06368046253919601,0.0,-0.015816237777471542,0.14768104255199432,0.00872493814677,-0.007058596238493919,-0.06651388853788376,0.06688649952411652,0.03140491992235184,2-4deg,0.00-0.04,0.0,0.0,0.0,0.0
67,43,True,True,0.07606096565723419,0.06895110011100769,0.0675077885389328,0.2093987613916397,1.9399999380111694,1.2370240688323975,0.3782663941383362,0.01353441458195448,-0.11275418847799301,0.2093987613916397,0.0675077885389328,-0.020007383078336716,0.12392842024564743,0.7850966453552246,0.3264503479003906,0.176449254155159,0.16087225079536438,>=0.15,False,True,False,True,True,False,False,False,True,0.05937810242176056,-0.3768647015094757,0.06823527812957764,0.25836730003356934,0.46793702244758606,0.07999999821186066,0.0675077885389328,-0.020007383078336716,0.020007383078336716,0.013278702273964882,0.04097938537597656,0.04307599365711212,0.03229820355772972,0.010213179513812065,0.0008457279182039201,-0.1067466139793396,0.180147185921669,0.004679370205849409,0.013387422077357769,0.0389825701713562,0.04121570661664009,0.034346096217632294,2-4deg,0.00-0.04,0.0,0.0,0.0,0.0
68,61,True,True,0.08162693679332733,0.08162693679332733,0.07373373955488205,0.1600566804409027,4.139999866485596,1.022173523902893,0.20154690742492676,0.005178297869861126,0.004155856557190418,0.1600566804409027,0.07373373955488205,-0.019989201799035072,-0.00046714366180822253,0.7737883925437927,0.24453440308570862,0.1600027233362198,0.15716636180877686,>=0.15,False,True,False,True,True,False,False,False,True,0.0823570042848587,-0.13820762932300568,0.19096733629703522,0.07047116756439209,0.8052223920822144,0.14000000059604645,0.07373373955488205,-0.02002762258052826,0.02002762258052826,0.014318177476525307,0.059626225382089615,0.06131953373551369,0.02167634107172489,0.10516680777072906,0.0,-0.004808507859706879,0.15998443961143494,0.008052223362028599,0.016239427030086517,0.057702429592609406,0.05994139611721039,0.023726115003228188,2-4deg,0.00-0.04,0.0,0.0,0.0,0.0
69,21,True,True,0.1003245860338211,0.09189944714307785,0.09405343234539032,0.22760482132434845,2.5199999809265137,1.0731003284454346,0.30286234617233276,-0.007492022588849068,-0.12858320772647858,0.22760482132434845,0.09405343234539032,-0.02001866139471531,0.12134093791246414,0.9471047520637512,0.4295068681240082,0.18780390918254852,0.19020932912826538,>=0.15,False,True,False,True,True,False,False,False,True,0.08528276532888412,-0.22641076147556305,0.1404426097869873,0.2865537405014038,0.2865537405014038,0.07999999821186066,0.09405343234539032,-0.020161909982562065,0.020161909982562065,0.07228070497512817,0.015271035954356194,0.07387326657772064,0.018822137266397476,0.0072176652029156685,0.0008457279182039201,-0.11421672999858856,0.1968717724084854,0.002865537302568555,0.07330236583948135,0.015150874853134155,0.07484886050224304,0.015466027893126011,4-6deg,0.00-0.04,0.0,0.0,0.0,0.0
70,24,True,False,0.15075178444385529,0.15075178444385529,0.0,0.0,2.440000057220459,1.2045176029205322,0.37816131114959717,-0.20067739486694336,-0.2688960134983063,0.4920622408390045,0.14659622311592102,-0.01687152124941349,0.0589619055390358,0.532163143157959,0.3103960156440735,0.4120924472808838,0.2181604653596878,>=0.15,True,True,False,True,False,False,False,True,True,0.14659622311592102,-0.24684648215770721,0.4256666302680969,0.10462475568056107,0.10462475568056107,0.0,0.14659622311592102,-0.01687152124941349,0.01687152124941349,-0.05412515625357628,-0.012539630755782127,0.05555758625268936,0.014934048056602478,0.0583757720887661,0.0583757720887661,-0.24684648215770721,0.4256666302680969,0.001046247547492385,-0.05412515625357628,-0.012539630755782127,0.05555758625268936,0.014934048056602478,2-4deg,0.00-0.04,0.0,0.0,0.0,0.0
71,19,True,True,0.03766503557562828,0.037335626780986786,0.01394384540617466,0.0626705139875412,2.5799999237060547,1.1618787050247192,0.3421485126018524,0.002683099592104554,0.03092838078737259,0.0626705139875412,0.01394384540617466,-0.020022494718432426,-0.02739756554365158,0.5712963938713074,0.2964414656162262,0.054507143795490265,0.07415635883808136,0.05-0.10,False,True,False,True,True,False,False,False,True,0.012176357209682465,-0.27769461274147034,0.12598742544651031,0.03227129206061363,0.9200236201286316,0.05999999865889549,0.01394384540617466,-0.02003926783800125,0.02003926783800125,0.03716191276907921,-0.0011294566793367267,0.03717891499400139,0.07569261640310287,0.05835635960102081,0.0024657000321894884,0.031224027276039124,0.054338324815034866,0.009200235828757286,0.03434516489505768,-0.002295473124831915,0.034421198070049286,0.0767214447259903,2-4deg,0.04-0.08,0.0,0.0,0.0,0.0
72,28,True,True,0.06692375242710114,0.05977286770939827,0.05706560239195824,0.19259902834892273,2.359999895095825,1.2421237230300903,0.369221568107605,0.012728763744235039,0.08012791723012924,0.19259902834892273,0.05706560239195824,-0.02002629078924656,-0.06647644191980362,0.9317446351051331,0.37532541155815125,0.1751396656036377,0.15716667473316193,>=0.15,False,True,False,True,True,False,False,False,True,0.04880716651678085,0.10801959037780762,0.15442286431789398,0.8364692330360413,0.8364692330360413,0.09999999403953552,0.05706560239195824,-0.02021840028464794,0.02021840028464794,-0.00833817757666111,0.00792045146226883,0.011498023755848408,0.01856340654194355,0.005631141364574432,0.00048828125,0.0799817368388176,0.17520646750926971,0.008364692330360413,-0.008579515852034092,0.006443778518587351,0.010731135495007038,0.018833709880709648,0-2deg,0.00-0.04,0.0,0.0,0.0,0.0
73,55,True,True,0.07753460109233856,0.07696785777807236,0.06919986009597778,0.12802274525165558,2.180000066757202,1.2015883922576904,0.3616087734699249,-0.05984354019165039,0.006149742752313614,0.12802274525165558,0.06919986009597778,-0.020016714930534363,-0.06787391752004623,0.750087320804596,0.3140726089477539,0.127874955534935,0.14823408424854279,0.10-0.15,False,True,False,True,True,False,False,False,True,0.06867751479148865,0.0360570065677166,0.13280853629112244,0.6199371218681335,0.6199371218681335,0.05999999865889549,0.06919986009597778,-0.020168503746390343,0.020168503746390343,-0.06384500116109848,0.03147087246179581,0.07117018103599548,0.04359408840537071,0.0012448779307305813,0.0,0.007473929785192013,0.12780438363552094,0.0061993710696697235,-0.06534645706415176,0.0306401364505291,0.07216407358646393,0.042208053171634674,4-6deg,0.04-0.08,0.0,0.0,0.0,0.0
74,36,True,True,0.039186254143714905,0.039186254143714905,0.01763565093278885,0.11758739501237869,2.059999942779541,1.0697580575942993,0.31396692991256714,0.004329734016209841,-0.05502251908183098,0.11758739501237869,0.01763565093278885,-0.020001007243990898,0.059029705822467804,0.4699629843235016,0.28239038586616516,0.10391975939273834,0.10024891048669815,0.10-0.15,False,True,False,True,True,False,False,False,True,0.020480407401919365,-0.32033571600914,0.18711470067501068,0.12352152913808823,0.5449625849723816,0.07999999821186066,0.01763565093278885,-0.020001837983727455,0.020001837983727455,-0.06658361107110977,0.015969960018992424,0.06846946477890015,0.023583531379699707,0.04288455471396446,0.0003452669770922512,-0.04860886186361313,0.1070699468255043,0.005449625663459301,-0.06788402795791626,0.01613020896911621,0.06977089494466782,0.020081346854567528,2-4deg,0.00-0.04,0.0,0.0,0.0,0.0
75,52,True,True,0.03586491197347641,0.03499619662761688,0.007725189905613661,0.12374676764011383,2.379999876022339,1.245227336883545,0.4363241493701935,0.007155414670705795,0.03729239106178284,0.12374676764011383,0.007725189905613661,-0.019976984709501266,-0.03001602366566658,1.05711030960083,0.3927687108516693,0.11799381673336029,0.11731855571269989,0.10-0.15,False,True,False,True,True,False,False,False,True,0.001782764564268291,-0.15520717203617096,0.16260065138339996,0.3426031172275543,0.35641831159591675,0.07999999821186066,0.007725189905613661,-0.020047418773174286,0.020047418773174286,0.025421082973480225,-0.04883676767349243,0.05505186319351196,0.040019482374191284,0.001091830083169043,0.0,0.038264237344264984,0.11768224835395813,0.003564183134585619,0.023005738854408264,-0.0487852469086647,0.053933437913656235,0.040524233132600784,2-4deg,0.04-0.08,0.0,0.0,0.0,0.0
76,42,True,True,0.10278285294771194,0.10278285294771194,0.0966290682554245,0.0907243862748146,2.2200000286102295,1.1155273914337158,0.36109453439712524,0.004754963330924511,0.001184155698865652,0.0907243862748146,0.0966290682554245,-0.01998666115105152,0.004708356224000454,0.3465953767299652,0.22621282935142517,0.0907166600227356,0.0865846574306488,0.05-0.10,False,True,False,True,True,False,False,False,True,0.10570952296257019,-0.1634645164012909,0.3262679874897003,0.09331735223531723,0.14939594268798828,0.09999999403953552,0.0966290682554245,-0.01998882368206978,0.01998882368206978,-0.021066106855869293,0.006425667088478804,0.02202458307147026,0.016563227400183678,0.08782996982336044,0.0003452669770922512,-0.0004385984502732754,0.09072332084178925,0.0014939593384042382,-0.022340020164847374,0.006400647107511759,0.023238813504576683,0.015278634615242481,0-2deg,0.00-0.04,0.0,0.0,0.0,0.0
77,33,True,True,0.06269749999046326,0.05960730463266373,0.05200539529323578,0.2058238685131073,2.0799999237060547,1.0933271646499634,0.3601972460746765,-0.02190183848142624,-0.18131227791309357,0.2058238685131073,0.05200539529323578,-0.02001992240548134,0.1602041870355606,0.43141841888427734,0.245985209941864,0.09741315245628357,0.10444832593202591,0.10-0.15,False,True,False,True,True,False,False,False,True,0.047890808433294296,-0.5240029096603394,0.033495597541332245,0.12315340340137482,0.4380982220172882,0.07999999821186066,0.05200539529323578,-0.02001992240548134,0.02001992240548134,-0.016155406832695007,-0.011425480246543884,0.019786259159445763,0.010315176099538803,0.02505095861852169,0.0009134905994869769,-0.17941991984844208,0.10085612535476685,0.004380981903523207,-0.016553767025470734,-0.011870857328176498,0.020371103659272194,0.009606476873159409,0-2deg,0.00-0.04,0.0,0.0,0.0,0.0
78,45,True,True,0.12460900098085403,0.12167607247829437,0.11958034336566925,0.04814934358000755,3.4600000381469727,1.2105064392089844,0.3167232573032379,0.008703554049134254,-0.01289388444274664,0.04814934358000755,0.11958034336566925,-0.019979657605290413,0.02217292971909046,1.3462225198745728,0.3729424476623535,0.04639080539345741,0.053360097110271454,0.05-0.10,False,True,False,True,True,False,False,False,True,0.1185685470700264,-0.1658642292022705,0.25619038939476013,0.0860932245850563,0.2231181561946869,0.11999999731779099,0.11958034336566925,-0.01999935694038868,0.01999935694038868,0.07891727983951569,0.025544770061969757,0.08294034749269485,0.017246972769498825,0.10575906932353973,0.0,-0.011980965733528137,0.046634919941425323,0.002231181599199772,0.08035910874605179,0.02619701623916626,0.0845126137137413,0.014410175383090973,4-6deg,0.00-0.04,0.0,0.0,0.0,0.0
79,44,True,True,0.06944846361875534,0.06867703795433044,0.060036107897758484,0.19926141202449799,1.9399999380111694,1.1433175802230835,0.3550586998462677,-0.03181682154536247,-0.18602831661701202,0.19926141202449799,0.060036107897758484,-0.020031088963150978,0.15619556605815887,0.831396758556366,0.4039705693721771,0.07140432298183441,0.07170107215642929,0.05-0.10,False,True,False,True,True,False,False,False,True,0.058001428842544556,-0.44448599219322205,0.12663467228412628,0.07873279601335526,0.2355796843767166,0.09999999403953552,0.060036107897758484,-0.020031088963150978,0.020031088963150978,-0.03474119305610657,0.05590308830142021,0.0658094733953476,0.012429889291524887,0.05746244639158249,0.0011451211757957935,-0.18876880407333374,0.06380793452262878,0.0023557967506349087,-0.033825118094682693,0.056231677532196045,0.0656115785241127,0.012096719816327095,2-4deg,0.00-0.04,0.0,0.0,0.0,0.0
80,7,True,True,0.04173843190073967,0.03944063186645508,0.0227741077542305,0.13780978322029114,2.119999885559082,1.113480806350708,0.32811206579208374,0.006346259266138077,-0.11682302504777908,0.13780978322029114,0.0227741077542305,-0.02001011185348034,0.12340179085731506,0.938946545124054,0.38031303882598877,0.07310209423303604,0.06899484246969223,0.05-0.10,False,True,False,True,True,False,False,False,True,0.01847679913043976,-0.08637876063585281,0.04993007704615593,0.996898353099823,0.996898353099823,0.07999999821186066,0.0227741077542305,-0.02004482038319111,0.02004482038319111,-0.022722715511918068,0.00032605481101199985,0.022725248709321022,0.01323517132550478,0.006233967840671539,0.001035800902172923,-0.11831753700971603,0.07065759599208832,0.009968983009457588,-0.022063490003347397,0.000787315599154681,0.02207864634692669,0.013582462444901466,0-2deg,0.00-0.04,0.0,0.0,0.0,0.0
81,41,True,True,0.07231635600328445,0.07208587974309921,0.06337948143482208,0.107219398021698,2.1599998474121094,1.2582637071609497,0.3903021216392517,-0.04390094056725502,0.0426730215549469,0.107219398021698,0.06337948143482208,-0.020066525787115097,-0.0861997902393341,1.4532500505447388,0.4120166301727295,0.09836164861917496,0.07516517490148544,0.05-0.10,False,True,False,True,True,False,False,False,True,0.0629398301243782,-0.08160001039505005,0.09883300215005875,0.18488244712352753,0.34310340881347656,0.07999999821186066,0.06337948143482208,-0.020066525787115097,0.020066525787115097,-0.004814124666154385,0.012159863486886024,0.013079287484288216,0.002682937541976571,0.0015440810238942504,0.0019834081176668406,0.04196436330676079,0.09866606444120407,0.003431034041568637,-0.0049621835350990295,0.01208774745464325,0.013065609149634838,0.002826927462592721,0-2deg,0.00-0.04,0.0,0.0,0.0,0.0
82,10,True,True,0.07224176079034805,0.07058344781398773,0.0632045716047287,0.13829270005226135,2.2200000286102295,1.0561130046844482,0.28792521357536316,0.008433205075562,-0.04278716444969177,0.13829270005226135,0.0632045716047287,-0.019991498440504074,0.05143812298774719,0.3232111930847168,0.2314125895500183,0.13150714337825775,0.12905210256576538,0.10-0.15,False,True,False,True,True,False,False,False,True,0.060225050896406174,-0.24367837607860565,0.08215008676052094,0.06049623340368271,0.2148546427488327,0.07999999821186066,0.0632045716047287,-0.019996402785182,0.019996402785182,-0.0244141798466444,-0.05052846670150757,0.05611298233270645,0.022436387836933136,0.02184249460697174,0.0,-0.03769495710730553,0.13305622339248657,0.002148546278476715,-0.02406635694205761,-0.05176769196987152,0.05708342045545578,0.02048432268202305,2-4deg,0.00-0.04,0.0,0.0,0.0,0.0
83,0,True,True,0.08164099603891373,0.08164099603891373,0.0737881064414978,0.1039566621184349,2.6599998474121094,1.10292387008667,0.22476516664028168,-0.08178640156984329,0.0036864057183265686,0.1039566621184349,0.0737881064414978,-0.020029136911034584,-0.08281952887773514,0.6807075142860413,0.2986104488372803,0.1038912832736969,0.13048917055130005,0.10-0.15,False,True,False,True,True,False,False,False,True,0.08324098587036133,-0.08812861144542694,0.17666126787662506,0.055631235241889954,0.455351322889328,0.11999999731779099,0.0737881064414978,-0.020029136911034584,0.020029136911034584,0.0006526598590426147,0.013120066374540329,0.01313839852809906,0.04213522747159004,0.055639103055000305,0.0007720404537394643,0.0032131080515682697,0.10390699654817581,0.004553513135761023,-0.0007812585099600255,0.00912188459187746,0.009154491126537323,0.042774099856615067,0-2deg,0.04-0.08,0.0,0.0,0.0,0.0
84,17,True,True,0.06904556602239609,0.05572156235575676,0.05950843170285225,0.19968371093273163,2.619999885559082,1.0727046728134155,0.33343181014060974,0.006276097614318132,0.007322176359593868,0.19968371093273163,0.05950843170285225,-0.01999341882765293,-0.004972243215888739,0.4831450283527374,0.2547012269496918,0.19954942166805267,0.19669793546199799,>=0.15,False,True,False,True,True,False,False,False,True,0.04349994659423828,-0.23038871586322784,0.19478239119052887,0.2538164556026459,0.38761287927627563,0.09999999403953552,0.05950843170285225,-0.019993985071778297,0.019993985071778297,0.03855884447693825,0.021911058574914932,0.044347260147333145,0.0665709376335144,0.005990167148411274,0.0,0.013494785875082016,0.1992271989583969,0.003876128699630499,0.03314608708024025,0.021901994943618774,0.03972632437944412,0.06869534403085709,2-4deg,0.04-0.08,0.0,0.0,0.0,0.0
85,13,True,True,0.08879959583282471,0.079386405646801,0.08163326978683472,0.16008120775222778,2.700000047683716,1.0766732692718506,0.22674115002155304,-0.0016296429093927145,-0.09190551936626434,0.16008120775222778,0.08163326978683472,-0.020017582923173904,0.09465242922306061,1.5000855922698975,0.4523923099040985,0.1310700923204422,0.13240696489810944,0.10-0.15,False,True,False,True,True,False,False,False,True,0.07370200753211975,-0.0028348241467028856,0.1684579998254776,0.10125698894262314,0.18801148235797882,0.07999999821186066,0.08163326978683472,-0.020025020465254784,0.020025020465254784,0.03454424813389778,-0.016455786302685738,0.038261592388153076,0.08369241654872894,0.024000978097319603,0.0009134905994869769,-0.08945795148611069,0.1327526718378067,0.0018801147816702724,0.031852561980485916,-0.020687300711870193,0.03797851502895355,0.08344928920269012,2-4deg,0.08-0.12,0.0,0.0,0.0,0.0
86,39,True,True,0.05285007134079933,0.05032103508710861,0.03966263309121132,0.1747584044933319,2.0199999809265137,1.1837892532348633,0.41018548607826233,-0.006157011725008488,-0.16078680753707886,0.1747584044933319,0.03966263309121132,-0.020022783428430557,0.15230979025363922,0.9523689150810242,0.4035279154777527,0.06846971809864044,0.06079000234603882,0.05-0.10,False,True,False,True,True,False,False,False,True,0.03607242554426193,-0.3585149645805359,0.04145212471485138,0.18816007673740387,0.24688152968883514,0.07999999821186066,0.03966263309121132,-0.020022783428430557,0.020022783428430557,0.05623678117990494,-0.006139544770121574,0.05657024309039116,0.04353524371981621,0.004721459001302719,0.0012448779307305813,-0.15774080157279968,0.07522193342447281,0.002468815306201577,0.05386461317539215,-0.007340609561651945,0.05436185002326965,0.04508616775274277,2-4deg,0.04-0.08,0.0,0.0,0.0,0.0
87,56,True,False,0.1599462777376175,0.1599462777376175,0.0,0.0,3.059999942779541,1.08866548538208,0.27034467458724976,0.004126343876123428,-0.11413763463497162,0.2766982614994049,0.15605752170085907,-0.019993595778942108,0.11573788523674011,0.5052070021629333,0.2549777328968048,0.25206059217453003,0.1738242655992508,>=0.15,True,True,False,True,False,False,False,True,True,0.15605752170085907,-0.11789783835411072,0.2503238618373871,0.19190216064453125,0.19190216064453125,0.0,0.15605752170085907,-0.019993595778942108,0.019993595778942108,0.01731245592236519,0.023492492735385895,0.029181713238358498,0.02124626375734806,0.0003452669770922512,0.0003452669770922512,-0.11789783835411072,0.2503238618373871,0.0019190215971320868,0.01731245592236519,0.023492492735385895,0.029181713238358498,0.02124626375734806,0-2deg,0.00-0.04,0.0,0.0,0.0,0.0
88,38,True,True,0.08019176870584488,0.0757591500878334,0.07214844971895218,0.1289408802986145,2.740000009536743,1.1975589990615845,0.3029572069644928,0.0008639462757855654,0.005770870950073004,0.1289408802986145,0.07214844971895218,-0.02000150829553604,-0.006828220095485449,1.0809942483901978,0.3741339147090912,0.12881167232990265,0.12769655883312225,0.10-0.15,False,True,False,True,True,False,False,False,True,0.06697547435760498,-0.2565102279186249,0.1676105558872223,0.1006334200501442,0.1006334200501442,0.09999999403953552,0.07214844971895218,-0.02000150829553604,0.02000150829553604,-0.05666857585310936,-0.0008105937740765512,0.05667451024055481,0.030674031004309654,0.06918362528085709,0.0,-0.0007837899029254913,0.1289384961128235,0.0010063342051580548,-0.0590185672044754,-0.0008180937147699296,0.05902398005127907,0.028058256953954697,2-4deg,0.00-0.04,0.0,0.0,0.0,0.0
89,60,True,True,0.10385720431804657,0.1031847819685936,0.09783831238746643,0.11350920051336288,2.6599998474121094,1.0816487073898315,0.2848273813724518,-0.00953019130975008,0.04963868856430054,0.11350920051336288,0.09783831238746643,-0.020049991086125374,-0.05530770868062973,0.4420469403266907,0.24922768771648407,0.10208006203174591,0.09665460139513016,0.05-0.10,False,True,False,True,True,False,False,False,True,0.09671340882778168,-0.0930911973118782,0.08353593945503235,0.03642710670828819,0.4812031686306,0.14000000059604645,0.09783831238746643,-0.02011537179350853,0.02011537179350853,0.03377353027462959,0.05567743256688118,0.06511149555444717,0.039703287184238434,0.13462555408477783,0.0016558425268158317,0.043517060577869415,0.10483608394861221,0.004812031518667936,0.03839099407196045,0.05509053170681,0.06713663041591644,0.037985168397426605,2-4deg,0.00-0.04,0.0,0.0,0.0,0.0
90,51,True,False,0.12490969151258469,0.12490969151258469,0.0,0.0,2.5,1.2631784677505493,0.3573935627937317,-0.15391525626182556,-0.14451508224010468,0.21417754888534546,0.1209646537899971,-0.01589655876159668,-0.007646473590284586,1.0816888809204102,0.366717129945755,0.15807408094406128,0.02383270487189293,0.00-0.05,True,True,False,True,False,False,False,True,True,0.1209646537899971,-0.14458410441875458,0.15801094472408295,0.0730353519320488,0.0730353519320488,0.0,0.1209646537899971,-0.01589655876159668,0.01589655876159668,0.00788479670882225,-0.028529008850455284,0.029597530141472816,0.0526927188038826,0.06729813665151596,0.06729813665151596,-0.14458410441875458,0.15801094472408295,0.0007303535239771008,0.00788479670882225,-0.028529008850455284,0.029597530141472816,0.0526927188038826,0-2deg,0.04-0.08,0.0,0.0,0.0,0.0
91,14,True,True,0.11091058701276779,0.11049165576696396,0.10526632517576218,0.09266866743564606,3.0399999618530273,1.1240609884262085,0.25005507469177246,-0.017840523272752762,-0.050419293344020844,0.09266866743564606,0.10526632517576218,-0.02001894824206829,0.03138774633407593,1.441704511642456,0.5509321093559265,0.077752023935318,0.10796765983104706,0.10-0.15,False,True,False,True,True,False,False,False,True,0.10583687573671341,-0.13393212854862213,0.22201405465602875,0.0365602970123291,0.08490517735481262,0.07999999821186066,0.10526632517576218,-0.02001894824206829,0.02001894824206829,0.0010591733735054731,0.07768859714269638,0.07769617438316345,0.014535092748701572,0.0191119946539402,0.00048828125,-0.04522213339805603,0.08088535070419312,0.0008490517502650619,0.0018361378461122513,0.07726066559553146,0.07728269696235657,0.015045469626784325,4-6deg,0.00-0.04,0.0,0.0,0.0,0.0
92,25,True,False,0.13722750544548035,0.13583333790302277,0.0,0.0,2.5999999046325684,1.1720056533813477,0.33505532145500183,-0.09188126027584076,-0.11905283480882645,0.12497488409280777,0.13291072845458984,-0.019515657797455788,0.026580914855003357,0.46327346563339233,0.264064222574234,0.03801503777503967,0.15679244697093964,>=0.15,True,True,False,True,False,False,False,True,True,0.13291072845458984,-0.11948741227388382,0.03662620857357979,0.049078501760959625,0.049078501760959625,0.0,0.13291072845458984,-0.019515657797455788,0.019515657797455788,-0.00459344033151865,0.029693230986595154,0.03004729561507702,0.054196421056985855,0.010018735192716122,0.010018735192716122,-0.11948741227388382,0.03662620857357979,0.0004907849943265319,-0.00459344033151865,0.029693230986595154,0.03004729561507702,0.054196421056985855,0-2deg,0.04-0.08,0.0,0.0,0.0,0.0
93,23,True,True,0.1148315891623497,0.10686257481575012,0.10930413752794266,0.23515060544013977,2.119999885559082,1.173798680305481,0.3956078588962555,-0.028538614511489868,-0.2013329565525055,0.23515060544013977,0.10930413752794266,-0.019846603274345398,0.17065824568271637,0.6744620203971863,0.320310115814209,0.12149423360824585,0.12639011442661285,0.10-0.15,False,True,False,True,True,False,False,False,True,0.10401277989149094,-0.19112220406532288,0.1330992877483368,0.14159895479679108,0.2610587179660797,0.05999999865889549,0.10930413752794266,-0.02000461146235466,0.02000461146235466,-0.0674065500497818,-0.0009944079210981727,0.06741414964199066,0.025633493438363075,0.00048828125,0.003049316583201289,-0.19353406131267548,0.13356785476207733,0.0026105870492756367,-0.06639792770147324,-0.0012687346898019314,0.0664103776216507,0.026627767831087112,2-4deg,0.00-0.04,0.0,0.0,0.0,0.0
94,31,True,True,0.0676325261592865,0.05129583179950714,0.05785461887717247,0.1787068098783493,2.5799999237060547,1.1007297039031982,0.35637184977531433,-0.010240745730698109,0.04650673270225525,0.1787068098783493,0.05785461887717247,-0.02005012147128582,-0.05727066099643707,0.38858887553215027,0.25127288699150085,0.1725492626428604,0.19449371099472046,>=0.15,False,True,False,True,True,False,False,False,True,0.036903128027915955,-0.14725430309772491,0.14011938869953156,0.2915067970752716,0.667552649974823,0.14000000059604645,0.05785461887717247,-0.020086238160729408,0.020086238160729408,0.061336252838373184,-0.057151149958372116,0.08381137251853943,0.04001593217253685,0.020701996982097626,0.0016194459749385715,0.05930888652801514,0.1685781180858612,0.00667552649974823,0.05920017883181572,-0.05250244960188866,0.07910711318254471,0.045191504061222076,4-6deg,0.04-0.08,0.0,0.0,0.0,0.0
95,59,True,True,0.07639831304550171,0.07144293934106827,0.06790521740913391,0.23128029704093933,2.7799999713897705,1.2739226818084717,0.31095606088638306,-0.035092130303382874,-0.21003802120685577,0.23128029704093933,0.06790521740913391,-0.020016031339764595,0.17452143132686615,1.1793936491012573,0.39790570735931396,0.09682253003120422,0.11222773045301437,0.10-0.15,False,True,False,True,True,False,False,False,True,0.06236059591174126,-0.10145969688892365,0.11715565621852875,0.16348408162593842,0.16348408162593842,0.05999999865889549,0.06790521740913391,-0.020016031339764595,0.020016031339764595,0.07170671224594116,-0.012671476230025291,0.07281585782766342,0.014950454235076904,0.011845293454825878,0.00048828125,-0.2025054693222046,0.111723393201828,0.0016348407370969653,0.0711856409907341,-0.012340796180069447,0.07224586606025696,0.015905888751149178,4-6deg,0.00-0.04,0.0,0.0,0.0,0.0
96,26,True,False,0.1783003956079483,0.1783003956079483,0.0,0.0,2.859999895095825,1.1756863594055176,0.36660149693489075,-0.1654144525527954,-0.27876991033554077,0.3266470730304718,0.17706269025802612,-0.011875975877046585,0.11705216020345688,0.5620198249816895,0.248187854886055,0.170251727104187,0.18780963122844696,>=0.15,True,True,False,True,False,False,False,True,True,0.17706269025802612,-0.28334808349609375,0.1625182181596756,0.03838092461228371,0.03838092461228371,0.0,0.17706269025802612,-0.011875975877046585,0.011875975877046585,-0.04475972428917885,0.017256956547498703,0.047969378530979156,0.035156071186065674,0.11450644582509995,0.11450644582509995,-0.28334808349609375,0.1625182181596756,0.00038380923797376454,-0.04475972428917885,0.017256956547498703,0.047969378530979156,0.035156071186065674,2-4deg,0.00-0.04,0.0,0.0,0.0,0.0
97,57,True,True,0.09127866476774216,0.08402664214372635,0.08425863087177277,0.24104426801204681,1.7400000095367432,1.1562696695327759,0.3350556194782257,0.021073229610919952,0.06640507280826569,0.24104426801204681,0.08425863087177277,-0.02001192420721054,-0.04477940872311592,0.6673850417137146,0.26512405276298523,0.23171687126159668,0.22257505357265472,>=0.15,False,True,False,True,True,False,False,False,True,0.07713004946708679,0.06372940540313721,0.2576678991317749,0.8926829099655151,0.8926829099655151,0.05999999865889549,0.08425863087177277,-0.02003234066069126,0.02003234066069126,-0.0014068810269236565,0.06332586705684662,0.06334143877029419,0.01457079779356718,0.0014648438664153218,0.001423572306521237,0.07792725414037704,0.22810016572475433,0.00892682932317257,-0.0012823707656934857,0.06385194510221481,0.06386471539735794,0.012462178245186806,2-4deg,0.00-0.04,0.0,0.0,0.0,0.0
98,8,True,True,0.10684023052453995,0.09756040573120117,0.10058634728193283,0.14235438406467438,2.6399998664855957,1.1378751993179321,0.29076218605041504,-0.0838974192738533,-0.007223933935165405,0.14235438406467438,0.10058634728193283,-0.0195345189422369,-0.07433321326971054,0.8627985119819641,0.3094213306903839,0.1421709656715393,0.16629816591739655,>=0.15,False,True,False,True,True,False,False,False,True,0.09757138788700104,-0.025669697672128677,0.04390903189778328,0.09868234395980835,0.10652276128530502,0.07999999821186066,0.10058634728193283,-0.01997603103518486,0.01997603103518486,-0.07034836709499359,0.0018002050928771496,0.07037108391523361,0.017713094130158424,0.0026966221630573273,0.006888068281114101,0.0016837762668728828,0.1423444151878357,0.0010652275523170829,-0.0692838728427887,0.001531608635559678,0.06930078566074371,0.01887957565486431,4-6deg,0.00-0.04,0.0,0.0,0.0,0.0
99,16,True,True,0.05762387067079544,0.05762387067079544,0.045412465929985046,0.02118656411767006,2.5,1.2025368213653564,0.2804967164993286,-0.08956664055585861,-0.0015051886439323425,0.02118656411767006,0.045412465929985046,-0.01969621330499649,-0.08979728817939758,0.9513697624206543,0.3413717746734619,0.021133029833436012,0.14033126831054688,0.10-0.15,False,True,False,True,True,False,False,False,True,0.056617893278598785,-0.11053884774446487,0.11971573531627655,0.06812497973442078,0.47990137338638306,0.14000000059604645,0.045412465929985046,-0.020092695951461792,0.020092695951461792,-0.07682589441537857,0.014850150793790817,0.07824484258890152,0.062139011919498444,0.08502231538295746,0.0054372763261199,-0.0019732951186597347,0.021094469353556633,0.004799013491719961,-0.07790760695934296,0.022101836279034615,0.08097600191831589,0.059974946081638336,4-6deg,0.04-0.08,0.0,0.0,0.0,0.0
100,34,True,True,0.08023246377706528,0.07564164698123932,0.07215607911348343,0.20366594195365906,2.1399998664855957,1.2123645544052124,0.41388630867004395,0.014893908984959126,-0.11943255364894867,0.20366594195365906,0.07215607911348343,-0.019988831132650375,0.13413622975349426,1.0041227340698242,0.40370526909828186,0.1649717539548874,0.16069109737873077,>=0.15,False,True,False,True,True,False,False,False,True,0.06708089262247086,-0.08791615813970566,0.207841157913208,0.9855542182922363,0.9855542182922363,0.05999999865889549,0.07215607911348343,-0.020015088841319084,0.020015088841319084,0.04003772512078285,-0.009135697968304157,0.04106643795967102,0.012801759876310825,0.00048828125,0.0011960400734096766,-0.12466148287057877,0.16105692088603973,0.009855542331933975,0.040334973484277725,-0.008731708861887455,0.04126919433474541,0.01229037158191204,2-4deg,0.00-0.04,0.0,0.0,0.0,0.0
101,18,True,True,0.11655677855014801,0.11177533864974976,0.11118295788764954,0.1650160700082779,2.419999837875366,1.0792951583862305,0.28929081559181213,0.010021546855568886,-0.06007413938641548,0.1650160700082779,0.11118295788764954,-0.019998902454972267,0.07081341743469238,0.3124854862689972,0.21940618753433228,0.1536925584077835,0.15520502626895905,>=0.15,False,True,False,True,True,False,False,False,True,0.1066586822271347,-0.21029029786586761,0.08427508920431137,0.0689929649233818,0.6455143094062805,0.09999999403953552,0.11118295788764954,-0.020014705136418343,0.020014705136418343,0.032627999782562256,-0.003193148411810398,0.03278365358710289,0.005854884162545204,0.05040367320179939,0.00048828125,-0.06506729125976562,0.15164615213871002,0.006455142982304096,0.03261710703372955,-0.002723036101087928,0.03273087739944458,0.006071753799915314,0-2deg,0.00-0.04,0.0,0.0,0.0,0.0
102,19,True,True,0.08244812488555908,0.07999618351459503,0.07470552623271942,0.16727811098098755,0.9799999594688416,1.0606253147125244,0.5240369439125061,-0.006575015373528004,-0.1502181440591812,0.16727811098098755,0.07470552623271942,-0.020022710785269737,0.14408040046691895,0.3333519995212555,0.2260487824678421,0.07359668612480164,0.06987112760543823,0.05-0.10,False,True,False,True,True,False,False,False,True,0.07211728394031525,-0.14507833123207092,0.0727495476603508,0.6447540521621704,0.6447540521621704,0.05999999865889549,0.07470552623271942,-0.020055828616023064,0.020055828616023064,0.009856521151959896,-0.023634223267436028,0.025606386363506317,0.023007307201623917,0.007524936925619841,0.0012918708380311728,-0.14968429505825043,0.07467649132013321,0.00644754059612751,0.01009086798876524,-0.02451767772436142,0.02651224471628666,0.022691408172249794,0-2deg,0.00-0.04,0.0,0.0,0.0,0.0
103,5,True,False,0.17131733894348145,0.17071430385112762,0.0,0.0,2.7200000286102295,1.229474663734436,0.36905637383461,-0.18464817106723785,-0.3079403042793274,0.37606900930404663,0.16773740947246552,-0.018039027228951454,0.13782945275306702,1.5540664196014404,0.4756767749786377,0.2158719003200531,0.2179243564605713,>=0.15,True,True,False,True,False,False,False,True,True,0.16773740947246552,-0.3264716565608978,0.18666590750217438,0.26085755228996277,0.26085755228996277,0.0,0.16773740947246552,-0.018039027228951454,0.018039027228951454,0.07406917959451675,-0.06412794440984726,0.09793435037136078,0.056243401020765305,0.039138175547122955,0.039138175547122955,-0.3264716565608978,0.18666590750217438,0.0026085753925144672,0.07406917959451675,-0.06412794440984726,0.09793435037136078,0.056243401020765305,4-6deg,0.04-0.08,0.0,0.0,0.0,0.0
104,11,True,True,0.1118321493268013,0.10568629205226898,0.10615158081054688,0.1850108802318573,2.559999942779541,1.1007890701293945,0.26373937726020813,-0.021094441413879395,-0.1416521966457367,0.1850108802318573,0.10615158081054688,-0.019907156005501747,0.11923380941152573,0.8798661231994629,0.38176724314689636,0.11901125311851501,0.11453820019960403,0.10-0.15,False,True,False,True,True,False,False,False,True,0.09972941130399704,-0.2768915891647339,0.03600665554404259,0.03112218528985977,0.18289634585380554,0.07999999821186066,0.10615158081054688,-0.02003397047519684,0.02003397047519684,-0.010650022886693478,0.05970587208867073,0.06064765527844429,0.029344359412789345,0.0003452669770922512,0.0019223655108362436,-0.14220453798770905,0.11835073679685593,0.001828963402658701,-0.010742522776126862,0.05788743123412132,0.05887424573302269,0.03133916109800339,2-4deg,0.00-0.04,0.0,0.0,0.0,0.0
105,1,True,True,0.11204476654529572,0.06502097100019455,0.10643767565488815,0.2267344444990158,3.319999933242798,1.1267050504684448,0.2584295868873596,0.0176041591912508,0.10103511810302734,0.2267344444990158,0.10643767565488815,-0.019977571442723274,-0.08081533759832382,1.1743875741958618,0.39926877617836,0.20297884941101074,0.19952663779258728,>=0.15,False,True,False,True,True,False,False,False,True,0.05903441831469536,-0.10683455318212509,0.17868362367153168,0.08708206564188004,1.06805419921875,0.5199999809265137,0.10643767565488815,-0.020131660625338554,0.020131660625338554,0.06898579001426697,0.00017629098147153854,0.06898588687181473,0.028748460114002228,0.07366542518138885,0.0,0.09273751080036163,0.20690158009529114,0.010680541396141052,0.04845757037401199,-0.003323596203699708,0.048570968210697174,0.05325250327587128,2-4deg,0.00-0.04,0.0,0.0,0.0,0.0
106,4,True,True,0.04924280196428299,0.0435621403157711,0.03462330996990204,0.15660643577575684,2.1399998664855957,1.0059336423873901,0.2924927771091461,0.010298101231455803,-0.035990454256534576,0.15660643577575684,0.03462330996990204,-0.01998608000576496,0.044216472655534744,0.517597496509552,0.2845166325569153,0.15241476893424988,0.14619337022304535,0.10-0.15,False,True,False,True,True,False,False,False,True,0.02613123692572117,-0.41948866844177246,0.028313396498560905,0.152073472738266,0.3263123631477356,0.09999999403953552,0.03462330996990204,-0.01998608000576496,0.01998608000576496,-0.08498787879943848,-0.03468624874949455,0.09177777171134949,0.03469686582684517,0.1024133563041687,0.0,-0.02890183962881565,0.1539164036512375,0.0032631235662847757,-0.08384105563163757,-0.032045505940914154,0.08974307775497437,0.03736058995127678,4-6deg,0.00-0.04,0.0,0.0,0.0,0.0
107,22,True,True,0.06659253686666489,0.06010938808321953,0.056650560349226,0.19848588109016418,3.059999942779541,1.0707311630249023,0.2898111045360565,0.008611395955085754,-0.07616722583770752,0.19848588109016418,0.056650560349226,-0.020006032660603523,0.0847528874874115,0.6946250200271606,0.33235540986061096,0.18328993022441864,0.17873647809028625,>=0.15,False,True,False,True,True,False,False,False,True,0.04914083704352379,-0.07984999567270279,0.24116116762161255,0.07930778712034225,0.243281289935112,0.05999999865889549,0.056650560349226,-0.020006032660603523,0.020006032660603523,0.045214105397462845,0.04392336308956146,0.06302614510059357,0.003526279702782631,0.002868003910407424,0.0007720404537394643,-0.06449365615844727,0.1877157837152481,0.002432812936604023,0.045198630541563034,0.04377327859401703,0.06291058659553528,0.0040351273491978645,2-4deg,0.00-0.04,0.0,0.0,0.0,0.0
108,29,True,True,0.11892683804035187,0.09158708900213242,0.11356613785028458,0.113013356924057,3.0,1.125245213508606,0.2529299259185791,-0.09846897423267365,-0.002620980143547058,0.113013356924057,0.11356613785028458,-0.019107555970549583,-0.09737773984670639,0.604220449924469,0.21343564987182617,0.11298295855522156,0.06932142376899719,0.05-0.10,False,True,False,True,True,False,False,False,True,0.08382146805524826,-0.00998486578464508,0.14648231863975525,0.05509643256664276,0.06481045484542847,0.5799999833106995,0.11356613785028458,-0.019107555970549583,0.019107555970549583,0.0034968615509569645,0.05837659537792206,0.05848090350627899,0.03326001390814781,0.041855908930301666,0.015829818323254585,0.0015559353632852435,0.11300265043973923,0.0006481045274995267,0.0031856910791248083,0.03696504607796669,0.0371018648147583,0.04253106564283371,2-4deg,0.00-0.04,0.0,0.0,0.0,0.0
109,15,True,True,0.04510195180773735,0.04132424294948578,0.028456132858991623,0.14767315983772278,3.0999999046325684,1.1044583320617676,0.28332456946372986,0.0010111279552802444,-0.0828394815325737,0.14767315983772278,0.028456132858991623,-0.02001274935901165,0.08402065187692642,0.5208073258399963,0.3272969126701355,0.12224966287612915,0.11781593412160873,0.10-0.15,False,True,False,True,True,False,False,False,True,0.02202281542122364,-0.05408864468336105,0.11087257415056229,0.8398863077163696,0.8398863077163696,0.07999999821186066,0.028456132858991623,-0.020013974979519844,0.020013974979519844,-0.038971200585365295,-0.05115848779678345,0.06430123746395111,0.01918559893965721,0.0012918708380311728,0.0005980199784971774,-0.07619163393974304,0.12649978697299957,0.008398862555623055,-0.03987661376595497,-0.05041966587305069,0.06427247822284698,0.01982424594461918,2-4deg,0.00-0.04,0.0,0.0,0.0,0.0
110,53,True,True,0.09279924631118774,0.09279924631118774,0.08593881875276566,0.1559959501028061,5.5,1.8736591339111328,0.2406688928604126,0.007441713474690914,-0.016384899616241455,0.1559959501028061,0.08593881875276566,-0.019984671846032143,0.025564083829522133,2.3232581615448,0.4759388267993927,0.15513306856155396,0.15007321536540985,>=0.15,False,True,False,True,True,False,False,False,True,0.09443686902523041,-0.19380860030651093,0.3410503566265106,0.04611587896943092,0.2339632213115692,0.07999999821186066,0.08593881875276566,-0.01999368891119957,0.01999368891119957,0.018042128533124924,0.006171223241835833,0.0190682802349329,0.02534603886306286,0.026637861505150795,0.0,-0.015916509553790092,0.15518184006214142,0.002339632250368595,0.01951403170824051,0.005856861360371113,0.020374029874801636,0.0248170904815197,0-2deg,0.00-0.04,0.0,0.0,0.0,0.0
111,54,True,True,0.08166885375976562,0.07062365859746933,0.07384032756090164,0.07787547260522842,3.1599998474121094,1.1442632675170898,0.23393377661705017,-0.0878201574087143,0.01180674135684967,0.07787547260522842,0.07384032756090164,-0.020054182037711143,-0.09961572289466858,1.3388234376907349,0.3453011214733124,0.0769752562046051,0.07042442262172699,0.05-0.10,False,True,False,True,True,False,False,False,True,0.06587706506252289,-0.07759521156549454,0.07694855332374573,0.07895482331514359,0.5369981527328491,0.8199999928474426,0.07384032756090164,-0.02020464837551117,0.02020464837551117,0.013425301760435104,-0.028208106756210327,0.03123982436954975,0.02791052684187889,0.06844419240951538,0.0008457279182039201,0.011670416221022606,0.07699604332447052,0.005369981285184622,0.0012694797478616238,-0.00603050971403718,0.006166675128042698,0.03394100069999695,0-2deg,0.00-0.04,0.0,0.0,0.0,0.0
112,2,True,True,0.0519605427980423,0.046353016048669815,0.03838789463043213,0.18644492328166962,2.5799999237060547,0.9782574772834778,0.2539404630661011,0.013727433048188686,0.047865938395261765,0.18644492328166962,0.03838789463043213,-0.019985878840088844,-0.03410928696393967,0.29268330335617065,0.1967938244342804,0.1801958978176117,0.17328067123889923,>=0.15,False,True,False,True,True,False,False,False,True,0.028928225859999657,-0.21140612661838531,0.09169348329305649,0.13859468698501587,0.9238016605377197,0.09999999403953552,0.03838789463043213,-0.020039986819028854,0.020039986819028854,-0.014311283826828003,0.0008313751313835382,0.014335980638861656,0.008851580321788788,0.03789207711815834,0.0003452669770922512,0.047986894845962524,0.18016371130943298,0.009238016791641712,-0.01359040942043066,0.0008633389370515943,0.013619563542306423,0.009185217320919037,0-2deg,0.00-0.04,0.0,0.0,0.0,0.0
113,32,True,False,0.1834096610546112,0.1819058507680893,0.0,0.0,3.3399999141693115,1.2932043075561523,0.3165547549724579,0.014470427297055721,-0.1299678087234497,0.213431715965271,0.18004874885082245,-0.019682178273797035,0.14989829063415527,1.636763572692871,0.5153647661209106,0.1692969799041748,0.230911985039711,>=0.15,True,True,False,True,False,False,False,True,True,0.18004874885082245,-0.1320938915014267,0.16764338314533234,0.03806333988904953,0.03806333988904953,0.0,0.18004874885082245,-0.019682178273797035,0.019682178273797035,-0.015585305169224739,-0.0008378202910535038,0.015606073662638664,0.05856170132756233,0.0051094903610646725,0.0051094903610646725,-0.1320938915014267,0.16764338314533234,0.0003806333988904953,-0.015585305169224739,-0.0008378202910535038,0.015606073662638664,0.05856170132756233,0-2deg,0.04-0.08,0.0,0.0,0.0,0.0
114,9,True,True,0.06829893589019775,0.06522507965564728,0.05865398049354553,0.17593728005886078,3.0199999809265137,1.11070716381073,0.2983458936214447,0.021138237789273262,0.07621470838785172,0.17593728005886078,0.05865398049354553,-0.020002072677016258,-0.05823279544711113,1.296426773071289,0.5053524374961853,0.15857252478599548,0.15021082758903503,>=0.15,False,True,False,True,True,False,False,False,True,0.05474277213215828,-0.11386195570230484,0.14472438395023346,0.13869695365428925,0.4321047067642212,0.07999999821186066,0.05865398049354553,-0.02006448246538639,0.02006448246538639,0.06223418191075325,0.07600684463977814,0.098197340965271,0.03621869534254074,0.010999939404428005,0.0009134905994869769,0.08003469556570053,0.1566792130470276,0.004321047104895115,0.061372097581624985,0.07789812237024307,0.09913160651922226,0.03310185298323631,4-6deg,0.00-0.04,0.0,0.0,0.0,0.0
115,30,True,False,0.15829479694366455,0.15140356123447418,0.0,0.0,3.299999952316284,1.169934868812561,0.28350841999053955,-0.11903158575296402,-0.1200324147939682,0.2972973883152008,0.15415401756763458,-0.016958847641944885,-0.0001989601005334407,1.5683879852294922,0.44020891189575195,0.2719888687133789,0.23930539190769196,>=0.15,True,True,False,True,False,False,False,True,True,0.15415401756763458,-0.12455499172210693,0.26994776725769043,0.05850552022457123,0.05850552022457123,0.0,0.15415401756763458,-0.016958847641944885,0.016958847641944885,0.016942622140049934,0.012128585018217564,0.020836887881159782,0.031845685094594955,0.05155697464942932,0.05155697464942932,-0.12455499172210693,0.26994776725769043,0.000585055211558938,0.016942622140049934,0.012128585018217564,0.020836887881159782,0.031845685094594955,0-2deg,0.00-0.04,0.0,0.0,0.0,0.0
116,40,True,True,0.062035080045461655,0.0537867434322834,0.05123182758688927,0.17743352055549622,3.3399999141693115,1.1085792779922485,0.24945853650569916,0.0029095930512994528,0.029134627431631088,0.17743352055549622,0.05123182758688927,-0.02000085450708866,-0.02662750706076622,1.3063093423843384,0.4412497878074646,0.17502522468566895,0.178511381149292,>=0.15,False,True,False,True,True,False,False,False,True,0.04114099219441414,-0.17179562151432037,0.10087988525629044,0.33521002531051636,0.33521002531051636,0.07999999821186066,0.05123182758688927,-0.020209012553095818,0.020209012553095818,0.010548591613769531,0.010147636756300926,0.014636356383562088,0.015163087286055088,0.0042985426262021065,0.00048828125,0.031110096722841263,0.17468491196632385,0.0033521002624183893,0.01056712493300438,0.009230227209627628,0.014029175974428654,0.015422302298247814,0-2deg,0.00-0.04,0.0,0.0,0.0,0.0
117,3,True,True,0.06592826545238495,0.06496360898017883,0.05588258057832718,0.19257840514183044,2.7200000286102295,1.0130614042282104,0.33365190029144287,0.01577221043407917,0.07167637348175049,0.19257840514183044,0.05588258057832718,-0.020006949082016945,-0.055841319262981415,0.6512165069580078,0.29971179366111755,0.1787426620721817,0.17801912128925323,>=0.15,False,True,False,True,True,False,False,False,True,0.0548899807035923,-0.004136024042963982,0.2105179727077484,0.4302007853984833,0.4302007853984833,0.07999999821186066,0.05588258057832718,-0.020120350643992424,0.020120350643992424,0.0003042006865143776,-0.003284366335719824,0.0032936385832726955,0.0076659913174808025,0.0040998212061822414,0.0006905339541845024,0.07210586220026016,0.17856983840465546,0.004302007611840963,0.000620268692728132,-0.0029477118514478207,0.003009968902915716,0.007723711431026459,0-2deg,0.00-0.04,0.0,0.0,0.0,0.0
118,27,True,True,0.09466446191072464,0.09312833845615387,0.08776240795850754,0.1842595934867859,2.319999933242798,1.2156362533569336,0.30416882038116455,-0.01667625643312931,-0.17826960980892181,0.1842595934867859,0.08776240795850754,-0.01979951187968254,0.16135628521442413,1.27806556224823,0.4263141453266144,0.0465998575091362,0.025005599483847618,0.00-0.05,False,True,False,True,True,False,False,False,True,0.08651348203420639,-0.3988419473171234,0.20324213802814484,0.02704427018761635,0.24137215316295624,0.07999999821186066,0.08776240795850754,-0.0200093574821949,0.0200093574821949,-0.004642872139811516,-0.057001225650310516,0.05718988552689552,0.048214513808488846,0.024206243455410004,0.003875614609569311,-0.17662957310676575,0.0524747334420681,0.0024137215223163366,-0.005716376937925816,-0.059625282883644104,0.05989859625697136,0.04627687484025955,2-4deg,0.04-0.08,0.0,0.0,0.0,0.0
119,63,True,True,0.11448624730110168,0.11155359447002411,0.10899213701486588,0.09960725903511047,2.740000009536743,0.9885069131851196,0.25971314311027527,0.005943366792052984,-0.002345993183553219,0.09960725903511047,0.10899213701486588,-0.01998179592192173,0.015096538700163364,0.32423651218414307,0.20306125283241272,0.09957963228225708,0.09655021131038666,0.05-0.10,False,True,False,True,True,False,False,False,True,0.10924812406301498,-0.14303024113178253,0.06783021241426468,0.02952616475522518,0.1850017011165619,0.14000000059604645,0.10899213701486588,-0.019993988797068596,0.019993988797068596,0.0030505380127578974,0.034013159573078156,0.03414994105696678,0.0660722553730011,0.09505636990070343,0.0003452669770922512,-2.362852683290839e-06,0.09960726648569107,0.0018500169971957803,0.004169065039604902,0.041659556329250336,0.04186730459332466,0.06260757893323898,0-2deg,0.04-0.08,0.0,0.0,0.0,0.0
120,46,True,True,0.10473762452602386,0.10473762452602386,0.09871461242437363,0.03891942650079727,3.0,1.024929404258728,0.24927589297294617,0.006925090216100216,0.024255307391285896,0.03891942650079727,0.09871461242437363,-0.01998819038271904,-0.02161528170108795,0.5701148509979248,0.2435472160577774,0.03043685108423233,0.02679033763706684,0.00-0.05,False,True,False,True,True,False,False,False,True,0.09985437244176865,-0.09321023523807526,0.17016024887561798,0.08021184802055359,0.4652583599090576,0.07999999821186066,0.09871461242437363,-0.02000526152551174,0.02000526152551174,-0.019084030762314796,-0.0023369970731437206,0.019227048382163048,0.04672215133905411,0.016403092071413994,0.0003452669770922512,0.024446893483400345,0.030283184722065926,0.004652583505958319,-0.021641777828335762,-0.003441444132477045,0.021913332864642143,0.04613027349114418,0-2deg,0.04-0.08,0.0,0.0,0.0,0.0
121,20,True,True,0.05484182760119438,0.05484182760119438,0.04222015663981438,0.23556068539619446,3.0199999809265137,0.9683905839920044,0.24257877469062805,0.001532841008156538,-0.015289153903722763,0.23556068539619446,0.04222015663981438,-0.01999511942267418,0.01725219562649727,0.5588864088058472,0.2988668382167816,0.23506398499011993,0.24640066921710968,>=0.15,False,True,False,True,True,False,False,False,True,0.049710217863321304,-0.0063879480585455894,0.2232176661491394,0.19182419776916504,0.19182419776916504,0.05999999865889549,0.04222015663981438,-0.01999620720744133,0.01999620720744133,-0.04146577790379524,0.013779336586594582,0.04369441792368889,0.020990686491131783,0.00048828125,0.0,-0.017692724242806435,0.23489531874656677,0.0019182419637218118,-0.04218144714832306,0.013351061381399632,0.04424227029085159,0.020712239667773247,2-4deg,0.00-0.04,0.0,0.0,0.0,0.0
122,47,True,True,0.0709744319319725,0.0709744319319725,0.06174116209149361,0.15878833830356598,3.259999990463257,1.120434045791626,0.24172739684581757,-0.002461268799379468,-0.0055618891492486,0.15878833830356598,0.06174116209149361,-0.019994016736745834,0.002974080154672265,1.0058495998382568,0.4062497615814209,0.1586908996105194,0.1777874231338501,>=0.15,False,True,False,True,True,False,False,False,True,0.06902934610843658,-0.1131400316953659,0.3166872560977936,0.031574562191963196,0.3762509822845459,0.09999999403953552,0.06174116209149361,-0.019994016736745834,0.019994016736745834,-0.0406571663916111,-0.0009923906764015555,0.040669623762369156,0.024371642619371414,0.05098474770784378,0.0,-0.0025613210164010525,0.1587676703929901,0.003762509673833847,-0.038697581738233566,-0.0014206940541043878,0.03872315213084221,0.02576329931616783,2-4deg,0.00-0.04,0.0,0.0,0.0,0.0
123,49,True,True,0.12050610035657883,0.11787263303995132,0.11532896757125854,0.09104132652282715,2.759999990463257,1.355944037437439,0.4105894863605499,-0.0017644661711528897,-0.050449125468730927,0.09104132652282715,0.11532896757125854,-0.020008118823170662,0.05003589391708374,1.674839973449707,0.5803624987602234,0.07578527927398682,0.07408015429973602,0.05-0.10,False,True,False,True,True,False,False,False,True,0.11222629994153976,-0.23141856491565704,0.07868782430887222,0.08379712700843811,0.7698276042938232,0.07999999821186066,0.11532896757125854,-0.020101021975278854,0.020101021975278854,-0.03367936611175537,0.004676496144384146,0.034002989530563354,0.015469079837203026,0.050955504179000854,0.00048828125,-0.05222305282950401,0.07457396388053894,0.007698276080191135,-0.03284883871674538,0.005121421534568071,0.03324591740965843,0.015937332063913345,0-2deg,0.00-0.04,0.0,0.0,0.0,0.0
124,58,True,True,0.11709140241146088,0.11481830477714539,0.1117430254817009,0.1807771623134613,2.7799999713897705,1.2431992292404175,0.31180325150489807,0.0036683373618870974,-0.10307781398296356,0.1807771623134613,0.1117430254817009,-0.020001541823148727,0.1062793880701065,2.031510591506958,0.5742381811141968,0.1485104262828827,0.1479232758283615,0.10-0.15,False,True,False,True,True,False,False,False,True,0.11244066059589386,-0.2611205279827118,0.206567645072937,0.07116426527500153,0.7017843127250671,0.07999999821186066,0.1117430254817009,-0.02008848264813423,0.02008848264813423,-0.004075187724083662,-0.004224371165037155,0.00586954690515995,0.030209673568606377,0.06553972512483597,0.001035800902172923,-0.10373111814260483,0.14805485308170319,0.007017842959612608,-0.0030266630928963423,-0.005702038761228323,0.0064593651331961155,0.030177757143974304,0-2deg,0.00-0.04,0.0,0.0,0.0,0.0
125,50,True,False,0.2569263279438019,0.06089295074343681,0.0,0.0,6.299999713897705,1.1351641416549683,0.16855262219905853,0.007598285097628832,0.13551008701324463,0.22848230600357056,0.2543637454509735,-0.020107658579945564,-0.1415296494960785,1.0225573778152466,0.2791016101837158,0.1839597225189209,0.18055441975593567,>=0.15,True,True,False,True,False,False,False,True,True,0.04896571859717369,-0.11816737055778503,0.09174919128417969,0.10382045805454254,1.1578975915908813,0.0,0.2543637454509735,-0.020107658579945564,0.020107658579945564,-0.023007366806268692,-0.022447513416409492,0.032142750918865204,0.0671369656920433,0.014737817458808422,0.005818550940603018,0.131756991147995,0.18666616082191467,0.01157897524535656,0.019049793481826782,-0.006875821389257908,0.02025371976196766,0.07055415213108063,0-2deg,0.04-0.08,0.0,0.0006905339541845024,0.0,0.0
126,48,True,True,0.11906187981367111,0.11906187981367111,0.11380823701620102,0.16163507103919983,2.879999876022339,1.2661656141281128,0.3674300014972687,0.011666291393339634,-0.0844876766204834,0.16163507103919983,0.11380823701620102,-0.020001893863081932,0.09809708595275879,0.9031063318252563,0.34248343110084534,0.13779596984386444,0.13279134035110474,0.10-0.15,False,True,False,True,True,False,False,False,True,0.11645051091909409,-0.25306931138038635,0.1983126848936081,0.042463112622499466,0.5377865433692932,0.07999999821186066,0.11380823701620102,-0.020001893863081932,0.020001893863081932,-0.008128395304083824,0.047857485711574554,0.04854271933436394,0.019204676151275635,0.04523778334259987,0.0006905339541845024,-0.08522234112024307,0.13734281063079834,0.005377865396440029,-0.008301325142383575,0.04894733428955078,0.0496455579996109,0.017572306096553802,2-4deg,0.00-0.04,0.0,0.0,0.0,0.0
127,59,True,True,0.049793098121881485,0.049793098121881485,0.035402435809373856,0.13817597925662994,1.2599999904632568,1.1469382047653198,0.591001570224762,0.009827256202697754,-0.03598715364933014,0.13817597925662994,0.035402435809373856,-0.019989581778645515,0.04687485843896866,0.2779484987258911,0.15973445773124695,0.1334073692560196,0.12875646352767944,0.10-0.15,False,True,False,True,True,False,False,False,True,0.036583565175533295,-0.36583489179611206,0.046605244278907776,0.1835528016090393,0.24018143117427826,0.09999999403953552,0.035402435809373856,-0.019989581778645515,0.019989581778645515,-0.013165351003408432,0.022614989429712296,0.026168247684836388,0.04125794768333435,0.03576163575053215,0.0,-0.03273561969399452,0.1342422515153885,0.002401814330369234,-0.0160550307482481,0.021058952435851097,0.026480747386813164,0.04076853767037392,0-2deg,0.04-0.08,0.0,0.0,0.0,0.0
128,38,True,False,0.17886793613433838,0.17837797105312347,0.0,0.0,1.6200000047683716,1.24484384059906,0.4601570963859558,0.005792900454252958,-0.1524268239736557,0.22931325435638428,0.17541052401065826,-0.020005395635962486,0.1575714498758316,0.496748685836792,0.2979583144187927,0.17132024466991425,0.23692676424980164,>=0.15,True,True,False,True,False,False,False,True,True,0.17541052401065826,-0.14579978585243225,0.17699430882930756,0.2563606798648834,0.2563606798648834,0.0,0.17541052401065826,-0.020005395635962486,0.020005395635962486,0.030591517686843872,0.022966546937823296,0.03825068473815918,0.05655336752533913,0.0,0.0,-0.14579978585243225,0.17699430882930756,0.0025636067148298025,0.030591517686843872,0.022966546937823296,0.03825068473815918,0.05655336752533913,2-4deg,0.04-0.08,0.0,0.0,0.0,0.0
129,17,True,True,0.041687317192554474,0.041289977729320526,0.02263401821255684,0.10027867555618286,1.7400000095367432,1.051817774772644,0.30138760805130005,0.0045226383954286575,0.011860398575663567,0.10027867555618286,0.02263401821255684,-0.019995274022221565,-0.00867435708642006,0.41328510642051697,0.2255365252494812,0.09957481175661087,0.09912770241498947,0.05-0.10,False,True,False,True,True,False,False,False,True,0.021843774244189262,-0.01645292341709137,0.1646796464920044,0.10853967070579529,0.1480579525232315,0.05999999865889549,0.02263401821255684,-0.01999719999730587,0.01999719999730587,-0.007575332652777433,0.04061924293637276,0.04131972789764404,0.05382130295038223,0.0019531252328306437,0.0,0.01587975211441517,0.09901336580514908,0.001480579492636025,-0.005460336338728666,0.0401773601770401,0.040546298027038574,0.05420644208788872,2-4deg,0.04-0.08,0.0,0.0,0.0,0.0
130,52,True,True,0.09379219263792038,0.08020639419555664,0.08700958639383316,0.2583365738391876,2.0199999809265137,1.007444977760315,0.325275719165802,0.007731452118605375,-0.04439937323331833,0.2583365738391876,0.08700958639383316,-0.020004751160740852,0.053864043205976486,0.43333548307418823,0.25877511501312256,0.2544925808906555,0.24985884130001068,>=0.15,False,True,False,True,True,False,False,False,True,0.07219266146421432,-0.008165130391716957,0.24693404138088226,0.925091028213501,0.925091028213501,0.07999999821186066,0.08700958639383316,-0.020004751160740852,0.020004751160740852,0.049611207097768784,-0.0009668970014899969,0.04962032660841942,0.02823774330317974,0.002042627427726984,0.00048828125,-0.05374428629875183,0.25268423557281494,0.009250910021364689,0.04786922410130501,-0.0009707321296446025,0.04787855222821236,0.029819251969456673,2-4deg,0.00-0.04,0.0,0.0,0.0,0.0
131,62,True,True,0.07055765390396118,0.07055765390396118,0.06138797476887703,0.08100822567939758,3.2200000286102295,1.1600346565246582,0.33036360144615173,-0.01369460579007864,0.058836594223976135,0.08100822567939758,0.06138797476887703,-0.020088739693164825,-0.0720602348446846,0.618562638759613,0.22377215325832367,0.055682916194200516,0.06608285754919052,0.05-0.10,False,True,False,True,True,False,False,False,True,0.0844414010643959,-0.025030475109815598,0.23129050433635712,0.06610840559005737,0.7994800806045532,0.41999998688697815,0.06138797476887703,-0.02018819749355316,0.02018819749355316,0.03202721104025841,-0.006134605035185814,0.03260861709713936,0.028404314070940018,0.07127488404512405,0.002100177574902773,0.05719539523124695,0.05736740306019783,0.007994800806045532,0.028375044465065002,-0.01666584610939026,0.03290707990527153,0.027373550459742546,0-2deg,0.00-0.04,0.0,0.0,0.0,0.0
132,24,True,True,0.042474716901779175,0.039611656218767166,0.024058351293206215,0.13521870970726013,2.4600000381469727,1.1273404359817505,0.3550150990486145,0.006966656073927879,0.01236838661134243,0.13521870970726013,0.024058351293206215,-0.01999155431985855,-0.005579113494604826,0.5414442420005798,0.28343427181243896,0.13465185463428497,0.12828539311885834,0.10-0.15,False,True,False,True,True,False,False,False,True,0.01888030767440796,-0.08238111436367035,0.03859458491206169,0.4200744032859802,0.4200744032859802,0.05999999865889549,0.024058351293206215,-0.020200630649924278,0.020200630649924278,-0.0005473371711559594,0.05169910937547684,0.05170249938964844,0.03384075686335564,0.004367323592305183,0.0003452669770922512,0.005487385205924511,0.13510732352733612,0.004200743976980448,-0.0005435292259790003,0.053038015961647034,0.05304039642214775,0.033101730048656464,2-4deg,0.00-0.04,0.0,0.0,0.0,0.0
133,35,True,True,0.056143853813409805,0.056143853813409805,0.043908555060625076,0.16860181093215942,2.559999942779541,1.148427128791809,0.30393141508102417,0.01140008307993412,0.04555404931306839,0.16860181093215942,0.043908555060625076,-0.019990859553217888,-0.036040183156728745,0.5960711240768433,0.2489878535270691,0.16233114898204803,0.16185937821865082,>=0.15,False,True,False,True,True,False,False,False,True,0.05135156959295273,-0.1024259403347969,0.1227441281080246,0.22134606540203094,0.3640654385089874,0.07999999821186066,0.043908555060625076,-0.020035702735185623,0.020035702735185623,0.03168399631977081,0.05827704071998596,0.06632499396800995,0.04245014488697052,0.0006905339541845024,0.00048828125,0.05521219223737717,0.15930531919002533,0.0036406542640179396,0.03031233698129654,0.06035711243748665,0.06753261387348175,0.04062630608677864,2-4deg,0.04-0.08,0.0,0.0,0.0,0.0
134,43,True,True,0.09005808085203171,0.08265326172113419,0.08301611989736557,0.16690249741077423,2.5199999809265137,0.9553073644638062,0.2824341058731079,-0.06851964443922043,0.03543858975172043,0.16690249741077423,0.08301611989736557,-0.020066235214471817,-0.10304179787635803,0.997473418712616,0.34629911184310913,0.16309675574302673,0.18335609138011932,>=0.15,False,True,False,True,True,False,False,False,True,0.07335122674703598,-0.10346656292676926,0.09044940769672394,0.09227044880390167,0.313044011592865,0.09999999403953552,0.08301611989736557,-0.02010001428425312,0.02010001428425312,0.03510553389787674,0.022235658019781113,0.0415528267621994,0.025665368884801865,0.045320745557546616,0.002367031527683139,0.039518728852272034,0.16215644776821136,0.0031304401345551014,0.03707025200128555,0.02185642719268799,0.04303167760372162,0.024357225745916367,2-4deg,0.00-0.04,0.0,0.0,0.0,0.0
135,55,True,True,0.12321950495243073,0.1173056811094284,0.11794266849756241,0.2231600433588028,2.299999952316284,1.1502704620361328,0.2621825337409973,-0.017805764451622963,-0.1557397097349167,0.2231600433588028,0.11794266849756241,-0.01979564130306244,0.13352186977863312,0.3533591628074646,0.2691650688648224,0.1598297357559204,0.15296414494514465,>=0.15,False,True,False,True,True,False,False,False,True,0.11036699265241623,-0.23204058408737183,0.10059236735105515,0.02831496112048626,0.16247452795505524,0.09999999403953552,0.11794266849756241,-0.01999245584011078,0.01999245584011078,-0.020037347450852394,0.06151486933231354,0.064692422747612,0.04087556526064873,0.10673648118972778,0.004114333540201187,-0.1630323976278305,0.15238384902477264,0.0016247452003881335,-0.023120403289794922,0.062379270792007446,0.06652075797319412,0.03914865106344223,2-4deg,0.04-0.08,0.0,0.0,0.0,0.0
136,42,True,True,0.10435134917497635,0.1033233180642128,0.09832239151000977,0.12776856124401093,2.119999885559082,1.1274008750915527,0.33785107731819153,-0.0013541672378778458,-0.061204977333545685,0.12776856124401093,0.09832239151000977,-0.02001521922647953,0.05533439293503761,0.3216371238231659,0.2022995501756668,0.11215505003929138,0.11151537299156189,0.10-0.15,False,True,False,True,True,False,False,False,True,0.1000765934586525,-0.2047593593597412,0.13371869921684265,0.08226556330919266,0.1851630061864853,0.09999999403953552,0.09832239151000977,-0.02001521922647953,0.02001521922647953,-0.010294628329575062,-0.023467116057872772,0.025624999776482582,0.051747966557741165,0.08374583721160889,0.0005980199784971774,-0.06396805495023727,0.11060240864753723,0.0018516300478950143,-0.0142905805259943,-0.022482601925730705,0.02664009854197502,0.0510982871055603,0-2deg,0.04-0.08,0.0,0.0,0.0,0.0
137,5,True,False,0.16132107377052307,0.16132107377052307,0.0,0.0,1.4199999570846558,1.261600136756897,0.5696234107017517,-0.2151314914226532,-0.28218770027160645,0.42423146963119507,0.15810373425483704,-0.017862221226096153,0.06760531663894653,0.40229955315589905,0.23644256591796875,0.31676873564720154,0.1655965894460678,>=0.15,True,True,False,True,False,False,False,True,True,0.15810373425483704,-0.28328636288642883,0.31578657031059265,0.0733315497636795,0.0733315497636795,0.0,0.15810373425483704,-0.017862221226096153,0.017862221226096153,-0.0002990166249219328,-0.003602956421673298,0.0036211926490068436,0.0648428201675415,0.04067988693714142,0.04067988693714142,-0.28328636288642883,0.31578657031059265,0.0007333154790103436,-0.0002990166249219328,-0.003602956421673298,0.0036211926490068436,0.0648428201675415,0-2deg,0.04-0.08,0.0,0.0,0.0,0.0
138,44,True,True,0.08239250630140305,0.07726889848709106,0.07458605617284775,0.1535762995481491,2.1599998474121094,1.2422568798065186,0.4662405252456665,0.00839267112314701,-0.006823468953371048,0.1535762995481491,0.07458605617284775,-0.01997952163219452,0.01562541164457798,0.39324167370796204,0.25484612584114075,0.15342463552951813,0.14737585186958313,0.10-0.15,False,True,False,True,True,False,False,False,True,0.06746992468833923,-0.28795111179351807,0.03047911636531353,0.09730745851993561,1.0196034908294678,0.07999999821186066,0.07458605617284775,-0.01997952163219452,0.01997952163219452,-0.011889037676155567,0.037161242216825485,0.03901611641049385,0.03565124794840813,0.04595569521188736,0.0003452669770922512,-0.011599186807870865,0.15313763916492462,0.010196034796535969,-0.01029970869421959,0.03570280969142914,0.0371580645442009,0.03624514862895012,2-4deg,0.00-0.04,0.0,0.0,0.0,0.0
139,0,True,False,0.14283443987369537,0.1401098668575287,0.0,0.0,2.0999999046325684,1.1311572790145874,0.3023710250854492,0.0015995479188859463,-0.01188591681420803,0.1800321638584137,0.13844861090183258,-0.019984323531389236,0.009430659003555775,0.9485154151916504,0.33023467659950256,0.17963936924934387,0.2019452005624771,>=0.15,True,True,False,True,False,False,False,True,True,0.13844861090183258,-0.008157528936862946,0.17984725534915924,0.18916556239128113,0.18916556239128113,0.0,0.13844861090183258,-0.019984323531389236,0.019984323531389236,-0.060987163335084915,-0.008600499480962753,0.06159030273556709,0.025595545768737793,0.0008457279182039201,0.0008457279182039201,-0.008157528936862946,0.17984725534915924,0.0018916556145995855,-0.060987163335084915,-0.008600499480962753,0.06159030273556709,0.025595545768737793,2-4deg,0.00-0.04,0.0,0.0,0.0,0.0
140,25,True,False,0.14058135449886322,0.14058135449886322,0.0,0.0,1.9199999570846558,1.1799681186676025,0.37336769700050354,-0.15224672853946686,-0.17908428609371185,0.23158463835716248,0.13362166285514832,-0.016134321689605713,0.02643767185509205,0.4702073335647583,0.21189771592617035,0.14683414995670319,0.15609918534755707,>=0.15,True,True,False,True,False,False,False,True,True,0.13362166285514832,-0.18333539366722107,0.14149056375026703,0.062073301523923874,0.062073301523923874,0.0,0.13362166285514832,-0.016134321689605713,0.016134321689605713,-0.03531619533896446,0.034014176577329636,0.04902796074748039,0.006427478045225143,0.05621173605322838,0.05621173605322838,-0.18333539366722107,0.14149056375026703,0.0006207330152392387,-0.03531619533896446,0.034014176577329636,0.04902796074748039,0.006427478045225143,2-4deg,0.00-0.04,0.0,0.0,0.0,0.0
141,60,True,True,0.09167452901601791,0.08047015219926834,0.08472795784473419,0.23213689029216766,2.180000066757202,1.2484705448150635,0.4339144229888916,-0.022794481366872787,-0.14276686310768127,0.23213689029216766,0.08472795784473419,-0.020009715110063553,0.12280698120594025,1.0794737339019775,0.4280252754688263,0.18304415047168732,0.19005446135997772,>=0.15,False,True,False,True,True,False,False,False,True,0.07777892053127289,-0.13360685110092163,0.20660145580768585,0.04311763495206833,0.24699698388576508,0.05999999865889549,0.08472795784473419,-0.020028188824653625,0.020028188824653625,-0.006762518547475338,0.01273242849856615,0.014414763078093529,0.03344526141881943,0.0031455333810299635,0.00048828125,-0.14388971030712128,0.182162806391716,0.002469969680532813,-0.00741643225774169,0.011563725769519806,0.01373722217977047,0.033512748777866364,0-2deg,0.00-0.04,0.0,0.0,0.0,0.0
142,33,True,True,0.03956793248653412,0.03533940762281418,0.01849588379263878,0.17251673340797424,2.4800000190734863,1.2256289720535278,0.365569144487381,0.02824740670621395,0.1338750123977661,0.17251673340797424,0.01849588379263878,-0.020074229687452316,-0.10580712556838989,0.8049551248550415,0.32068973779678345,0.10880947858095169,0.11517319083213806,0.10-0.15,False,True,False,True,True,False,False,False,True,0.006342025939375162,-0.1280040591955185,0.03145669400691986,0.09099211543798447,0.6147055625915527,0.23999999463558197,0.01849588379263878,-0.020131787285208702,0.020131787285208702,0.016014890745282173,0.03610439598560333,0.0394960381090641,0.03343461453914642,0.06397948414087296,0.0029499635566025972,0.1301814168691635,0.11320257186889648,0.006147055421024561,0.018177101388573647,0.028481636196374893,0.03378664702177048,0.0384494885802269,2-4deg,0.00-0.04,0.0,0.0,0.0,0.0
143,19,True,True,0.08208958059549332,0.08000452816486359,0.07418835163116455,0.16596165299415588,1.8600000143051147,1.118215799331665,0.30452072620391846,-0.03090406395494938,-0.1415294110774994,0.16596165299415588,0.07418835163116455,-0.019936837255954742,0.11020176112651825,0.8611262440681458,0.3997770845890045,0.08667580783367157,0.08364716917276382,0.05-0.10,False,True,False,True,True,False,False,False,True,0.07213808596134186,-0.2585727572441101,0.03440377861261368,0.25362610816955566,0.25362610816955566,0.07999999821186066,0.07418835163116455,-0.020084908232092857,0.020084908232092857,0.0034680727403610945,0.07599908858537674,0.07607823610305786,0.028031419962644577,0.004943476058542728,0.0011451211757957935,-0.14586780965328217,0.07915714383125305,0.002536260988563299,0.0035604380536824465,0.07756142318248749,0.07764316350221634,0.02412392385303974,4-6deg,0.00-0.04,0.0,0.0,0.0,0.0
144,37,True,True,0.09161517024040222,0.0664515420794487,0.08465700596570969,0.19036656618118286,3.1999998092651367,1.0198438167572021,0.24476008117198944,-0.008372344076633453,0.07495226711034775,0.19036656618118286,0.08465700596570969,-0.02004317380487919,-0.0843433365225792,0.4592911899089813,0.21252579987049103,0.17499025166034698,0.19569383561611176,>=0.15,False,True,False,True,True,False,False,False,True,0.05575914308428764,-0.08113802224397659,0.06882098317146301,0.028767094016075134,0.7073016166687012,0.41999998688697815,0.08465700596570969,-0.020141949877142906,0.020141949877142906,-0.08401808142662048,-0.013651515357196331,0.08511701226234436,0.015349823981523514,0.06188206374645233,0.002367031527683139,0.08456206321716309,0.170554056763649,0.007073015905916691,-0.07800281047821045,-0.017639653757214546,0.07996832579374313,0.0211756844073534,4-6deg,0.00-0.04,0.0,0.0,0.0,0.0
145,47,True,True,0.07640714943408966,0.07065659761428833,0.06791411340236664,0.16661669313907623,1.2200000286102295,1.3356280326843262,0.7295417785644531,0.0052153440192341805,-0.023974237963557243,0.16661669313907623,0.06791411340236664,-0.019992990419268608,0.032359812408685684,0.30221277475357056,0.17197337746620178,0.1648828685283661,0.1639605015516281,>=0.15,False,True,False,True,True,False,False,False,True,0.06143122538924217,0.013976193964481354,0.19671602547168732,0.8837138414382935,0.8837138414382935,0.05999999865889549,0.06791411340236664,-0.02002980187535286,0.02002980187535286,-0.03844384849071503,-0.031249376013875008,0.04953734204173088,0.05107506364583969,0.001035800902172923,0.0,-0.01556240115314722,0.16588830947875977,0.008837138302624226,-0.03898511826992035,-0.03320442512631416,0.05120415985584259,0.0503496453166008,2-4deg,0.04-0.08,0.0,0.0,0.0,0.0
146,46,True,False,0.13773886859416962,0.13370893895626068,0.0,0.0,1.2999999523162842,1.3139064311981201,0.6506943106651306,0.02018374390900135,-0.04400162398815155,0.13090071082115173,0.13328956067562103,-0.020044907927513123,0.06655874848365784,0.33311691880226135,0.25508520007133484,0.12328363209962845,0.1459188014268875,0.10-0.15,True,True,False,True,False,False,False,True,True,0.13328956067562103,-0.043822839856147766,0.12334729731082916,0.2958870232105255,0.2958870232105255,0.0,0.13328956067562103,-0.020044907927513123,0.020044907927513123,-0.005242488346993923,-0.03814324364066124,0.03850235417485237,0.022496024146676064,0.0032388928811997175,0.0032388928811997175,-0.043822839856147766,0.12334729731082916,0.0029588702600449324,-0.005242488346993923,-0.03814324364066124,0.03850235417485237,0.022496024146676064,2-4deg,0.00-0.04,0.0,0.0,0.0,0.0
147,41,True,True,0.08147885650396347,0.07663209736347198,0.07359468936920166,0.13614758849143982,2.5799999237060547,1.2104060649871826,0.3222123980522156,0.0032842373475432396,-0.09047316014766693,0.13614758849143982,0.07359468936920166,-0.019995560869574547,0.09427841752767563,0.7886463403701782,0.412893146276474,0.10173875093460083,0.10417503118515015,0.10-0.15,False,True,False,True,True,False,False,False,True,0.06792055815458298,-0.274167537689209,0.12452391535043716,0.11805953085422516,0.281596302986145,0.07999999821186066,0.07359468936920166,-0.020004574209451675,0.020004574209451675,0.04737753048539162,-0.04827950894832611,0.06762970983982086,0.011362375691533089,0.006721643265336752,0.0007720404537394643,-0.09710998088121414,0.09542442113161087,0.002815963001921773,0.04680893197655678,-0.04870298504829407,0.06753791868686676,0.01233677752315998,2-4deg,0.00-0.04,0.0,0.0,0.0,0.0
148,61,True,True,0.06262145936489105,0.05188799276947975,0.05193553864955902,0.03125406801700592,3.1599998474121094,1.0892326831817627,0.25249409675598145,-0.06470181047916412,0.02831442654132843,0.03125406801700592,0.05193553864955902,-0.019880052655935287,-0.09005667269229889,1.689432144165039,0.334136962890625,0.013232918456196785,0.06020085886120796,0.05-0.10,False,True,False,True,True,False,False,False,True,0.046062733978033066,-0.069260373711586,0.11284898966550827,0.16122113168239594,0.9388694763183594,1.0199999809265137,0.05193553864955902,-0.020095687359571457,0.020095687359571457,0.03272794187068939,0.0013933207374066114,0.032758187502622604,0.04164982587099075,0.04869480058550835,0.002826133044436574,0.028544947504997253,0.01272803358733654,0.009388694539666176,-0.007724159397184849,0.01777215301990509,0.019378364086151123,0.04301998019218445,0-2deg,0.04-0.08,0.0,0.0,0.0,0.0
149,23,True,True,0.11915919184684753,0.11842899024486542,0.1139066070318222,0.22539888322353363,2.359999895095825,1.2547510862350464,0.3330177366733551,-0.027530908584594727,-0.162403404712677,0.22539888322353363,0.1139066070318222,-0.020000647753477097,0.13601458072662354,0.9562972784042358,0.3175447881221771,0.15630032122135162,0.20081616938114166,>=0.15,False,True,False,True,True,False,False,False,True,0.11288069188594818,-0.13832198083400726,0.06524965167045593,0.05526765063405037,0.08687913417816162,0.05999999865889549,0.1139066070318222,-0.020000647753477097,0.020000647753477097,-0.02065693400800228,-0.005493120290338993,0.02137351967394352,0.029959073290228844,0.0063757747411727905,0.0,-0.16184860467910767,0.15687473118305206,0.0008687913068570197,-0.019593536853790283,-0.006057105027139187,0.0205081719905138,0.03022226318717003,0-2deg,0.00-0.04,0.0,0.0,0.0,0.0
150,16,True,True,0.08804313093423843,0.07703983038663864,0.08075729757547379,0.220596045255661,2.1599998474121094,1.0931222438812256,0.3184005916118622,0.018622364848852158,-0.11686734855175018,0.220596045255661,0.08075729757547379,-0.019987214356660843,0.1369849294424057,0.41327139735221863,0.25521865487098694,0.1870952695608139,0.17823044955730438,>=0.15,False,True,False,True,True,False,False,False,True,0.07363440096378326,-0.12698543071746826,0.17675481736660004,0.31768161058425903,0.44818180799484253,0.05999999865889549,0.08075729757547379,-0.02000381611287594,0.02000381611287594,-8.619864092906937e-05,0.011384316720068455,0.011383404955267906,0.03502436727285385,0.001035800902172923,0.0009765625,-0.11820914596319199,0.18625040352344513,0.004481818061321974,7.596039358759299e-05,0.009989751502871513,0.009988944977521896,0.03517052158713341,0-2deg,0.00-0.04,0.0,0.0,0.0,0.0
151,29,True,True,0.058852460235357285,0.058274947106838226,0.04726739972829819,0.21785548329353333,2.0199999809265137,1.0929269790649414,0.32803428173065186,-0.034812722355127335,-0.2150568813085556,0.21785548329353333,0.04726739972829819,-0.01995902881026268,0.18020756542682648,0.4701889157295227,0.2613619267940521,0.03480737656354904,0.013588990084826946,0.00-0.05,False,True,False,True,True,False,False,False,True,0.0464923195540905,-0.4750511944293976,0.09830088913440704,0.18642884492874146,0.18714244663715363,0.07999999821186066,0.04726739972829819,-0.01995902881026268,0.01995902881026268,-0.021866874769330025,0.01419022399932146,0.0260678231716156,0.052608147263526917,0.0021836606319993734,0.0005980199784971774,-0.21548457443714142,0.03205325827002525,0.0018714243778958917,-0.023491382598876953,0.011479856446385384,0.026145458221435547,0.052710987627506256,0-2deg,0.04-0.08,0.0,0.0,0.0,0.0
152,39,True,True,0.08394630998373032,0.07289567589759827,0.07629229873418808,0.21502883732318878,2.6399998664855957,1.0769155025482178,0.306932270526886,0.010690560564398766,-0.028733622282743454,0.21502883732318878,0.07629229873418808,-0.019989877939224243,0.036981306970119476,0.8087560534477234,0.31126996874809265,0.2131003886461258,0.21021263301372528,>=0.15,False,True,False,True,True,False,False,False,True,0.06337790191173553,-0.38080137968063354,0.10010067373514175,0.027723096311092377,0.2950763404369354,0.07999999821186066,0.07629229873418808,-0.019989877939224243,0.019989877939224243,-0.05629999190568924,0.008818605914711952,0.05698617920279503,0.04762295261025429,0.008883527480065823,0.0003452669770922512,-0.04049309343099594,0.21118170022964478,0.0029507633298635483,-0.05891919881105423,0.007789610419422388,0.05943179130554199,0.04617009684443474,2-4deg,0.04-0.08,0.0,0.0,0.0,0.0
153,8,True,True,0.07352084666490555,0.07125946879386902,0.06461678445339203,0.16151073575019836,2.2799999713897705,1.19718599319458,0.4163340628147125,0.014482823200523853,-0.10297680646181107,0.16151073575019836,0.06461678445339203,-0.019998637959361076,0.11720917373895645,0.8960483074188232,0.3410413861274719,0.12442465871572495,0.11863057315349579,0.10-0.15,False,True,False,True,True,False,False,False,True,0.06207554042339325,-0.24885164201259613,0.20253106951713562,0.6766448020935059,0.6766448020935059,0.07999999821186066,0.06461678445339203,-0.020359138026833534,0.020359138026833534,-0.005985532887279987,0.023263651877641678,0.024020837619900703,0.006128018256276846,0.007201129104942083,0.0011451211757957935,-0.10310976207256317,0.12431450188159943,0.006766447797417641,-0.006003702525049448,0.023617347702383995,0.02436823584139347,0.005678821820765734,0-2deg,0.00-0.04,0.0,0.0,0.0,0.0
154,26,True,True,0.12219461053609848,0.11730550229549408,0.11708012223243713,0.1985664665699005,2.5,1.1225210428237915,0.34636250138282776,0.020550241693854332,-0.05597995966672897,0.1985664665699005,0.11708012223243713,-0.019982019439339638,0.07249976694583893,0.49782800674438477,0.2555042803287506,0.19051215052604675,0.17876386642456055,>=0.15,False,True,False,True,True,False,False,False,True,0.11211439967155457,-0.04410366714000702,0.1481311023235321,0.680076003074646,0.680076003074646,0.05999999865889549,0.11708012223243713,-0.020096510648727417,0.020096510648727417,-0.05284687504172325,0.05825285241007805,0.07863201946020126,0.03992507606744766,0.004011642653495073,0.0003452669770922512,-0.04802284389734268,0.19267185032367706,0.0068007600493729115,-0.05150303617119789,0.05730373412370682,0.077028289437294,0.04232826456427574,4-6deg,0.00-0.04,0.0,0.0006905339541845024,0.0,0.0
155,1,True,True,0.11594072729349136,0.10931891947984695,0.11049915105104446,0.1877279281616211,2.2200000286102295,0.9801413416862488,0.21304188668727875,-0.01768270879983902,-0.015499899163842201,0.1877279281616211,0.11049915105104446,-0.01997203566133976,0.0005917190574109554,0.47867080569267273,0.22756734490394592,0.18708695471286774,0.26963603496551514,>=0.15,False,True,False,True,True,False,False,False,True,0.10208960622549057,-0.29505258798599243,0.06661583483219147,0.0818713903427124,0.10145216435194016,0.09999999403953552,0.11049915105104446,-0.02000495046377182,0.02000495046377182,0.06340520828962326,-0.0400640070438385,0.0749882236123085,0.022152820602059364,0.08873181790113449,0.0007720404537394643,-0.02902129292488098,0.18547113239765167,0.0010145215783268213,0.061532795429229736,-0.039601098746061325,0.07316078245639801,0.026050129905343056,4-6deg,0.00-0.04,0.0,0.0,0.0,0.0
156,22,True,True,0.06731200963258743,0.06731200963258743,0.05708906427025795,0.09145738184452057,2.2200000286102295,1.1727752685546875,0.3136252462863922,-0.11931498348712921,-0.006518349051475525,0.09145738184452057,0.05708906427025795,-0.019628381356596947,-0.11600901931524277,0.6675865054130554,0.229252427816391,0.0912247970700264,0.06439577043056488,0.05-0.10,False,True,False,True,True,False,False,False,True,0.06606709212064743,-0.09058006852865219,0.13047586381435394,0.09772878140211105,0.702301561832428,0.19999998807907104,0.05708906427025795,-0.020182020962238312,0.020182020962238312,0.023425376042723656,0.036506298929452896,0.043372564017772675,0.05108630284667015,0.07944054156541824,0.007176254875957966,-0.004143761936575174,0.09136346727609634,0.007023015525192022,0.01409606821835041,0.03551989421248436,0.03821325674653053,0.05313533917069435,2-4deg,0.04-0.08,0.0,0.0,0.0,0.0
157,17,True,True,0.044246986508369446,0.044246986508369446,0.027072394266724586,0.1044326201081276,1.1200000047683716,1.038391351699829,0.5771226286888123,0.015392107889056206,-0.0833590105175972,0.1044326201081276,0.027072394266724586,-0.019985102117061615,0.0989002212882042,0.3354143798351288,0.17908857762813568,0.06290824711322784,0.05827629566192627,0.05-0.10,False,True,False,True,True,False,False,False,True,0.03023459203541279,-0.4907485246658325,0.08466829359531403,0.12531186640262604,0.3571391701698303,0.07999999821186066,0.027072394266724586,-0.020013831555843353,0.020013831555843353,0.025403089821338654,0.050188496708869934,0.05624673143029213,0.016813106834888458,0.06395523995161057,0.0007720404537394643,-0.08095695823431015,0.06597078591585159,0.0035713915713131428,0.024415409192442894,0.04980865493416786,0.05546627566218376,0.018465425819158554,2-4deg,0.00-0.04,0.0,0.0,0.0,0.0
158,56,True,True,0.06906826794147491,0.06317940354347229,0.0595393106341362,0.17805545032024384,2.819999933242798,1.1187673807144165,0.31726592779159546,0.00518582621589303,-0.023521002382040024,0.17805545032024384,0.0595393106341362,-0.019988205283880234,0.030383184552192688,1.0774317979812622,0.4153674244880676,0.17649506032466888,0.1743026226758957,>=0.15,False,True,False,True,True,False,False,False,True,0.05263742431998253,-0.009727826341986656,0.1904754936695099,0.4369480609893799,0.4369480609893799,0.05999999865889549,0.0595393106341362,-0.019988205283880234,0.019988205283880234,0.011161928065121174,0.004533395636826754,0.01204984076321125,0.05271625146269798,0.0019834081176668406,0.0,-0.02127084881067276,0.1767803579568863,0.004369480535387993,0.01245502196252346,0.00287071755155921,0.012779629789292812,0.05259455367922783,0-2deg,0.04-0.08,0.0,0.0,0.0,0.0
159,10,True,False,0.14685484766960144,0.14685484766960144,0.0,0.0,2.93999981880188,1.2219510078430176,0.3540998697280884,-0.2456708401441574,-0.397538959980011,0.4011973440647125,0.14311841130256653,-0.016475530341267586,0.14674071967601776,0.7582968473434448,0.34854134917259216,0.054056160151958466,0.19955076277256012,>=0.15,True,True,False,True,False,False,False,True,True,0.14311841130256653,-0.39820221066474915,0.04893144592642784,0.1050807535648346,0.1050807535648346,0.0,0.14311841130256653,-0.016475530341267586,0.016475530341267586,-0.0132713932543993,0.0005541800637729466,0.013282784260809422,0.044953230768442154,0.051901645958423615,0.051901645958423615,-0.39820221066474915,0.04893144592642784,0.001050807535648346,-0.0132713932543993,0.0005541800637729466,0.013282784260809422,0.044953230768442154,0-2deg,0.04-0.08,0.0,0.0,0.0,0.0
160,34,True,True,0.06846431642770767,0.06329167634248734,0.05883495509624481,0.20334142446517944,2.419999837875366,1.1213816404342651,0.359026700258255,-0.026849839836359024,-0.15621721744537354,0.20334142446517944,0.05883495509624481,-0.02001481130719185,0.13311539590358734,1.130395531654358,0.40838202834129333,0.13016878068447113,0.14439459145069122,0.10-0.15,False,True,False,True,True,False,False,False,True,0.052743732929229736,-0.12504564225673676,0.20570243895053864,0.17442944645881653,0.25485682487487793,0.05999999865889549,0.05883495509624481,-0.02001481130719185,0.02001481130719185,0.02892160229384899,-0.030645670369267464,0.04213559255003929,0.06704538315534592,0.004186143167316914,0.0003452669770922512,-0.15049931406974792,0.13673949241638184,0.002548568183556199,0.029364606365561485,-0.03327231481671333,0.044374141842126846,0.06613033264875412,2-4deg,0.04-0.08,0.0,0.0,0.0,0.0
161,51,True,True,0.0834915041923523,0.07452234625816345,0.07577257603406906,0.22601808607578278,2.759999990463257,1.158833622932434,0.358110249042511,0.002669174689799547,-0.12725964188575745,0.22601808607578278,0.07577257603406906,-0.019986528903245926,0.1308317631483078,0.890403151512146,0.42465317249298096,0.18678639829158783,0.18350647389888763,>=0.15,False,True,False,True,True,False,False,False,True,0.06578546017408371,-0.1805548071861267,0.16336660087108612,0.6402760744094849,0.6402760744094849,0.07999999821186066,0.07577257603406906,-0.020235832780599594,0.020235832780599594,-0.02454392984509468,0.06784821301698685,0.07214505225419998,0.02383226528763771,0.004528137855231762,0.0006905339541845024,-0.11328145861625671,0.1955798715353012,0.006402760744094849,-0.025126788765192032,0.06910771131515503,0.07352681457996368,0.022425426170229912,4-6deg,0.00-0.04,0.0,0.0,0.0,0.0
162,57,True,True,0.04373941197991371,0.038796599954366684,0.02621149830520153,0.2353294938802719,2.5199999809265137,1.127394676208496,0.2879467308521271,0.01235521212220192,0.051589351147413254,0.2353294938802719,0.02621149830520153,-0.020005496218800545,-0.03970073163509369,1.2014286518096924,0.4264095723628998,0.22960510849952698,0.2222127914428711,>=0.15,False,True,False,True,True,False,False,False,True,0.01625225320458412,-0.22492137551307678,0.2095256745815277,0.1319032460451126,0.39660975337028503,0.07999999821186066,0.02621149830520153,-0.020005496218800545,0.020005496218800545,-0.06994566321372986,6.587197276530787e-06,0.06994595378637314,0.02336573228240013,0.008414912037551403,0.0007720404537394643,0.0643797367811203,0.22635197639465332,0.003966097254306078,-0.06848099082708359,0.0002782627707347274,0.06848166137933731,0.02628142572939396,4-6deg,0.00-0.04,0.0,0.0,0.0,0.0
163,53,True,True,0.06167466193437576,0.05862455070018768,0.0507710762321949,0.09182031452655792,2.299999952316284,1.1067944765090942,0.34332460165023804,0.002985599683597684,0.015588687732815742,0.09182031452655792,0.0507710762321949,-0.01999044045805931,-0.011638281866908073,0.9965448975563049,0.3769078850746155,0.09048736840486526,0.09170250594615936,0.05-0.10,False,True,False,True,True,False,False,False,True,0.04718727990984917,-0.11493956297636032,0.1752970814704895,0.32794681191444397,0.32794681191444397,0.07999999821186066,0.0507710762321949,-0.020105307921767235,0.020105307921767235,-0.006790483370423317,-0.049604278057813644,0.05006656050682068,0.0337846465408802,0.005808298010379076,0.0,0.011019810102880001,0.09115664660930634,0.0032794680446386337,-0.00880801398307085,-0.049688614904880524,0.050462789833545685,0.0335206612944603,2-4deg,0.00-0.04,0.0,0.0,0.0,0.0
164,14,True,True,0.07200109958648682,0.07200109958648682,0.06297336518764496,0.06160937622189522,2.859999895095825,1.0284463167190552,0.2755657136440277,-0.024560270830988884,0.027610111981630325,0.06160937622189522,0.06297336518764496,-0.020050764083862305,-0.05388437956571579,0.6365755200386047,0.26904523372650146,0.05507628247141838,0.05182946100831032,0.05-0.10,False,True,False,True,True,False,False,False,True,0.06492474675178528,-0.11713383346796036,0.08383463323116302,0.056482233107089996,0.6314999461174011,0.07999999821186066,0.06297336518764496,-0.020050764083862305,0.020050764083862305,0.02884604036808014,-0.04500960931181908,0.05345476418733597,0.04562019184231758,0.010940170846879482,0.0005980199784971774,0.02975485846400261,0.05394778773188591,0.006314999423921108,0.026842281222343445,-0.04686278849840164,0.054000839591026306,0.04535597562789917,2-4deg,0.04-0.08,0.0,0.0,0.0,0.0
165,45,True,True,0.09596619009971619,0.08330760896205902,0.089482881128788,0.1446857452392578,3.1999998092651367,1.1432636976242065,0.31693774461746216,-0.03846726194024086,0.05668816342949867,0.1446857452392578,0.089482881128788,-0.020104149356484413,-0.0975331962108612,1.2355475425720215,0.341373085975647,0.13311804831027985,0.06717681139707565,0.05-0.10,False,True,False,True,True,False,False,False,True,0.08164544403553009,-0.04927590489387512,0.11299870163202286,0.04755743592977524,0.6180185675621033,0.5,0.089482881128788,-0.020146740600466728,0.020146740600466728,-0.020113211125135422,-0.006452482659369707,0.021123848855495453,0.05572585389018059,0.0575764998793602,0.0031644257251173258,0.05182228982448578,0.13508668541908264,0.006180185358971357,-0.03862450271844864,-0.023007147014141083,0.04495484009385109,0.04645608365535736,0-2deg,0.04-0.08,0.0,0.0,0.0,0.0
166,30,True,True,0.09182199835777283,0.08568433672189713,0.08498148620128632,0.2947382926940918,2.1399998664855957,1.0905739068984985,0.30605098605155945,-0.020284604281187057,-0.23551522195339203,0.2947382926940918,0.08498148620128632,-0.019745785742998123,0.21474123001098633,0.5284794569015503,0.2870204746723175,0.17720960080623627,0.1851300299167633,>=0.15,False,True,False,True,True,False,False,False,True,0.07821968197822571,-0.2206125110387802,0.16654227674007416,0.2125076949596405,0.2125076949596405,0.05999999865889549,0.08498148620128632,-0.01994660124182701,0.01994660124182701,0.014425813220441341,0.04412269592285156,0.04641914740204811,0.03702635318040848,0.001423572306521237,0.005631141364574432,-0.24332985281944275,0.1663167029619217,0.002125076949596405,0.015675872564315796,0.043328627943992615,0.04607490450143814,0.0370197556912899,2-4deg,0.00-0.04,0.0,0.0,0.0,0.0
167,12,True,False,0.15230080485343933,0.11472298204898834,0.0,0.0,4.460000038146973,1.0697013139724731,0.20266970992088318,-0.13834811747074127,-0.029127374291419983,0.16049624979496002,0.1487806737422943,-0.01179114542901516,-0.11306799203157425,1.0326189994812012,0.4415947496891022,0.15783105790615082,0.2577947676181793,>=0.15,True,True,False,True,False,False,False,True,True,0.1487806737422943,-0.017205901443958282,0.1595713049173355,0.08978770673274994,0.08978770673274994,0.0,0.1487806737422943,-0.01179114542901516,0.01179114542901516,-0.06151416897773743,-0.0446649007499218,0.07600291818380356,0.025041280314326286,0.1260453164577484,0.1260453164577484,-0.017205901443958282,0.1595713049173355,0.0008978770347312093,-0.06151416897773743,-0.0446649007499218,0.07600291818380356,0.025041280314326286,4-6deg,0.00-0.04,0.0,0.0,0.0,0.0
168,6,True,False,0.22791223227977753,0.0809488371014595,0.0,0.0,4.400000095367432,1.1053056716918945,0.19431361556053162,0.0003266963758505881,-0.07530295103788376,0.15211153030395508,0.22522355616092682,-0.019944502040743828,0.0906037986278534,1.3198758363723755,0.2925720512866974,0.13216422498226166,0.13518086075782776,0.10-0.15,True,True,False,True,False,False,False,True,True,0.06929148733615875,-0.11234723031520844,0.0982731357216835,0.07747014611959457,0.4659862518310547,0.0,0.22522355616092682,-0.020089616999030113,0.020089616999030113,0.055727992206811905,0.03416518121957779,0.06535837054252625,0.045686397701501846,0.10538914799690247,0.0011451211757957935,-0.07812115550041199,0.13051821291446686,0.004659862257540226,0.021204404532909393,-0.004227271303534508,0.021620310842990875,0.07328316569328308,2-4deg,0.04-0.08,0.0,0.0,0.0,0.0
169,24,True,True,0.09806664288043976,0.09669382125139236,0.09157222509384155,0.1511167734861374,1.4199999570846558,1.3571091890335083,0.6503069996833801,-0.028597785159945488,-0.14384590089321136,0.1511167734861374,0.09157222509384155,-0.01995895802974701,0.1174878254532814,0.3764231503009796,0.21490320563316345,0.04631022736430168,0.04456241801381111,0.00-0.05,False,True,False,True,True,False,False,False,True,0.0900963768362999,-0.26686814427375793,0.0829353854060173,0.04534997418522835,0.1464591920375824,0.07999999821186066,0.09157222509384155,-0.02002846635878086,0.02002846635878086,-0.031860847026109695,-0.008560564368963242,0.03299030661582947,0.025245456025004387,0.0028471453115344048,0.0009134905994869769,-0.145234614610672,0.04175156354904175,0.0014645919436588883,-0.030323440209031105,-0.008694401942193508,0.03154556080698967,0.026188673451542854,0-2deg,0.00-0.04,0.0,0.0,0.0,0.0
170,28,True,True,0.11542303115129471,0.11542303115129471,0.10998842865228653,0.10925137996673584,3.679999828338623,1.2202881574630737,0.26137545704841614,0.007170384284108877,-0.027322085574269295,0.10925137996673584,0.10998842865228653,-0.019994942471385002,0.0317511111497879,1.5800739526748657,0.4827933609485626,0.10577980428934097,0.10311106592416763,0.10-0.15,False,True,False,True,True,False,False,False,True,0.11915409564971924,-0.2156275063753128,0.37984272837638855,0.102218396961689,0.7331299185752869,0.09999999403953552,0.10998842865228653,-0.019994942471385002,0.019994942471385002,-0.019082194194197655,-0.07197754830121994,0.07445967942476273,0.025379406288266182,0.1144166812300682,0.0,-0.03016180358827114,0.10500536859035492,0.007331299129873514,-0.01764845848083496,-0.07335465401411057,0.0754443034529686,0.02434319071471691,4-6deg,0.00-0.04,0.0,0.0,0.0,0.0
171,21,True,True,0.09647773951292038,0.09647773951292038,0.08993164449930191,0.15224173665046692,3.919999837875366,0.9223231077194214,0.20693176984786987,-0.0003917121794074774,-0.0723702609539032,0.15224173665046692,0.08993164449930191,-0.02001369558274746,0.073456309735775,0.9225077033042908,0.34673628211021423,0.13394062221050262,0.1345232129096985,0.10-0.15,False,True,False,True,True,False,False,False,True,0.09525041282176971,-0.040773894637823105,0.15269988775253296,0.049697525799274445,0.1548328399658203,0.05999999865889549,0.08993164449930191,-0.02001572959125042,0.02001572959125042,0.04072277620434761,-0.0015603106003254652,0.04075310006737709,0.038155775517225266,0.0030881629791110754,0.0009765625,-0.06696918606758118,0.1367211490869522,0.0015483283204957843,0.04006098210811615,-0.0001805518550099805,0.040061090141534805,0.03835444152355194,2-4deg,0.00-0.04,0.0,0.0,0.0,0.0
172,27,True,True,0.08834444731473923,0.08478589355945587,0.08097764104604721,0.22808149456977844,2.1399998664855957,0.9812031984329224,0.27529990673065186,-0.018508292734622955,-0.1494184136390686,0.22808149456977844,0.08097764104604721,-0.01978716440498829,0.13533616065979004,0.3810616433620453,0.24567680060863495,0.17232325673103333,0.17121699452400208,>=0.15,False,True,False,True,True,False,False,False,True,0.07650149613618851,-0.08781462162733078,0.041607342660427094,0.054276738315820694,0.15667840838432312,0.05999999865889549,0.08097764104604721,-0.01996907778084278,0.01996907778084278,-0.05072068050503731,0.019821003079414368,0.05445282533764839,0.06291088461875916,0.011503206565976143,0.0040998212061822414,-0.15631787478923798,0.1660900115966797,0.0015667839907109737,-0.0481751412153244,0.01995585486292839,0.052142366766929626,0.06453198939561844,2-4deg,0.04-0.08,0.0,0.0,0.0,0.0
173,15,True,False,0.13133029639720917,0.13133029639720917,0.0,0.0,2.679999828338623,1.1039230823516846,0.2857734262943268,-0.16309265792369843,-0.1700974553823471,0.47564461827278137,0.12841416895389557,-0.012316443957388401,-0.0059194015339016914,0.40062257647514343,0.29543331265449524,0.4441898763179779,0.07419779896736145,0.05-0.10,True,True,False,True,False,False,False,True,True,0.12841416895389557,-0.1804244965314865,0.44009634852409363,0.09298533201217651,0.09298533201217651,0.0,0.12841416895389557,-0.012316443957388401,0.012316443957388401,-0.015440383926033974,0.0248032808303833,0.029216419905424118,0.04336429759860039,0.11838290095329285,0.11838290095329285,-0.1804244965314865,0.44009634852409363,0.0009298532968387008,-0.015440383926033974,0.0248032808303833,0.029216419905424118,0.04336429759860039,0-2deg,0.04-0.08,0.0,0.0,0.0,0.0
174,11,True,True,0.0938231498003006,0.08490168303251266,0.08705506473779678,0.24458616971969604,2.759999990463257,1.1235078573226929,0.28035253286361694,-0.03542147949337959,-0.17879116535186768,0.24458616971969604,0.08705506473779678,-0.02001967281103134,0.14241839945316315,0.988873302936554,0.4267130196094513,0.16690151393413544,0.1751137524843216,>=0.15,False,True,False,True,True,False,False,False,True,0.07662405073642731,-0.4671839475631714,0.16847865283489227,0.1611996293067932,0.26559579372406006,0.07999999821186066,0.08705506473779678,-0.020034832879900932,0.020034832879900932,-0.002653823932632804,0.03476054221391678,0.034861765801906586,0.03848128020763397,0.021067334339022636,0.0006905339541845024,-0.1798080950975418,0.16580544412136078,0.0026559578254818916,-0.0024764249101281166,0.03702796250581741,0.03710990026593208,0.03731808811426163,0-2deg,0.00-0.04,0.0,0.0,0.0,0.0
175,40,True,True,0.10449744760990143,0.10325009375810623,0.0984582006931305,0.1753702610731125,2.4800000190734863,1.195913553237915,0.2934965491294861,0.010259873233735561,-0.04695013910531998,0.1753702610731125,0.0984582006931305,-0.019993523135781288,0.05429189279675484,0.858879029750824,0.36058053374290466,0.16896867752075195,0.1612309217453003,>=0.15,False,True,False,True,True,False,False,False,True,0.09753920882940292,-0.21861477196216583,0.15527211129665375,0.10784265398979187,0.2955189347267151,0.07999999821186066,0.0984582006931305,-0.019993523135781288,0.019993523135781288,0.0351167730987072,0.05983632057905197,0.0693696141242981,0.05045372620224953,0.032672539353370667,0.00048828125,-0.03761013597249985,0.1712898313999176,0.0029551892075687647,0.03277333825826645,0.06175220012664795,0.06990073621273041,0.05045565962791443,2-4deg,0.04-0.08,0.0,0.0,0.0,0.0
176,18,True,True,0.0958888977766037,0.09226568043231964,0.08913274854421616,0.2104320228099823,2.919999837875366,1.1744685173034668,0.29831263422966003,-0.029110493138432503,-0.20453517138957977,0.2104320228099823,0.08913274854421616,-0.019835585728287697,0.1747233271598816,1.3047730922698975,0.4820563495159149,0.04946717247366905,0.054130952805280685,0.05-0.10,False,True,False,True,True,False,False,False,True,0.08975892513990402,-0.4449619948863983,0.20665061473846436,0.03589089214801788,0.21615885198116302,0.11999999731779099,0.08913274854421616,-0.020112289115786552,0.020112289115786552,-0.0352027453482151,-0.04801193252205849,0.05952704697847366,0.0391702726483345,0.11502901464700699,0.0032388928811997175,-0.20288167893886566,0.05586285516619682,0.0021615885198116302,-0.03902969881892204,-0.047466713935136795,0.061442937701940536,0.03814515843987465,2-4deg,0.00-0.04,0.0,0.0,0.0,0.0
177,20,True,True,0.07424122840166092,0.06942937523126602,0.06545674800872803,0.19178056716918945,2.299999952316284,1.1202574968338013,0.3085622489452362,0.006026501767337322,-0.12222716957330704,0.19178056716918945,0.06545674800872803,-0.019992481917142868,0.12816889584064484,0.4473801851272583,0.25995922088623047,0.14778465032577515,0.1410728245973587,0.10-0.15,False,True,False,True,True,False,False,False,True,0.059889405965805054,-0.06661555916070938,0.15140825510025024,0.7996322512626648,0.7996322512626648,0.05999999865889549,0.06545674800872803,-0.020012715831398964,0.020012715831398964,0.02650916390120983,-0.06919702142477036,0.07409341633319855,0.038257718086242676,0.0024168696254491806,0.0007720404537394643,-0.11527737230062485,0.15326745808124542,0.007996322587132454,0.02749105542898178,-0.07033044844865799,0.07550438493490219,0.036717016249895096,4-6deg,0.00-0.04,0.0,0.0,0.0,0.0
178,31,True,True,0.10871373116970062,0.09634159505367279,0.10289842635393143,0.1656990349292755,3.259999990463257,1.2850496768951416,0.32787400484085083,-0.061536017805337906,-0.0033708885312080383,0.1656990349292755,0.10289842635393143,-0.019285256043076515,-0.05621050298213959,0.8577126264572144,0.3376452326774597,0.16566473245620728,0.1866351217031479,>=0.15,False,True,False,True,True,False,False,False,True,0.09238232672214508,0.09114798158407211,0.15358133614063263,0.5328059196472168,0.5328059196472168,0.09999999403953552,0.10289842635393143,-0.020050613209605217,0.020050613209605217,0.05423147231340408,0.028472790494561195,0.06124459579586983,0.02175930328667164,0.002441406948491931,0.013836661353707314,0.006029924377799034,0.16558927297592163,0.005328059196472168,0.05588041990995407,0.02867658995091915,0.06280241161584854,0.019771525636315346,2-4deg,0.00-0.04,0.0,0.0,0.0,0.0
179,7,True,True,0.11983294785022736,0.11939221620559692,0.11461024731397629,0.16482238471508026,3.5999999046325684,1.2577449083328247,0.30625787377357483,0.012895138934254646,-0.07135719805955887,0.16482238471508026,0.11461024731397629,-0.019989414140582085,0.08111434429883957,1.867598533630371,0.5457289218902588,0.14857512712478638,0.14537784457206726,0.10-0.15,False,True,False,True,True,False,False,False,True,0.11416108161211014,-0.23724094033241272,0.18837453424930573,0.11235536634922028,0.31173384189605713,0.07999999821186066,0.11461024731397629,-0.02000245824456215,0.02000245824456215,0.0011072913184762,0.03606444224715233,0.0360819436609745,0.027076341211795807,0.00402647303417325,0.0006905339541845024,-0.07056732475757599,0.148951917886734,0.003117338288575411,0.0009269870934076607,0.03442726656794548,0.03444024547934532,0.027820294722914696,2-4deg,0.00-0.04,0.0,0.0,0.0,0.0
180,32,True,False,0.1506412923336029,0.14669696986675262,0.0,0.0,2.759999990463257,1.1519702672958374,0.3285166919231415,-0.10178658366203308,-0.05939836427569389,0.16411741077899933,0.14582273364067078,-0.01554965227842331,-0.04117278754711151,0.7501077651977539,0.3203050494194031,0.1529913693666458,0.23363177478313446,>=0.15,True,True,False,True,False,False,False,True,True,0.14582273364067078,-0.059674181044101715,0.15288400650024414,0.03637012466788292,0.03637012466788292,0.0,0.14582273364067078,-0.01554965227842331,0.01554965227842331,0.002146603539586067,-0.0009055113769136369,0.002341714920476079,0.03137851879000664,0.07742616534233093,0.07742616534233093,-0.059674181044101715,0.15288400650024414,0.0003637012268882245,0.002146603539586067,-0.0009055113769136369,0.002341714920476079,0.03137851879000664,0-2deg,0.00-0.04,0.0,0.0,0.0,0.0
181,48,True,True,0.055763062089681625,0.05085422843694687,0.04341377690434456,0.21389438211917877,2.0799999237060547,1.1434060335159302,0.4085721969604492,-0.019513556733727455,-0.17411191761493683,0.21389438211917877,0.04341377690434456,-0.02002755180001259,0.15473045408725739,0.9872717261314392,0.3891294598579407,0.12424106895923615,0.12631985545158386,0.10-0.15,False,True,False,True,True,False,False,False,True,0.038209859281778336,-0.11120782792568207,0.15254688262939453,0.08511056005954742,0.2465650886297226,0.05999999865889549,0.04341377690434456,-0.02002771943807602,0.02002771943807602,0.03736138716340065,0.0027320068329572678,0.037461668252944946,0.008524050936102867,0.009108800441026688,0.001091830083169043,-0.1701725274324417,0.1295844167470932,0.0024656509049236774,0.03719625622034073,0.0024253693409264088,0.037275005131959915,0.008899081498384476,2-4deg,0.00-0.04,0.0,0.0,0.0,0.0
182,19,True,False,0.1650998443365097,0.1650998443365097,0.0,0.0,1.2999999523162842,1.146450400352478,0.5114596486091614,-0.16016453504562378,-0.2347235381603241,0.292276531457901,0.16141662001609802,-0.02002432756125927,0.08009260147809982,0.33985063433647156,0.1984274536371231,0.1741563081741333,0.15402524173259735,>=0.15,True,True,False,True,False,False,False,True,True,0.16141662001609802,-0.23638147115707397,0.17189927399158478,0.08208809047937393,0.08208809047937393,0.0,0.16141662001609802,-0.02002432756125927,0.02002432756125927,0.027796030044555664,0.013967004604637623,0.03110787272453308,0.043853793293237686,0.0018593198619782925,0.0018593198619782925,-0.23638147115707397,0.17189927399158478,0.0008208808721974492,0.027796030044555664,0.013967004604637623,0.03110787272453308,0.043853793293237686,0-2deg,0.04-0.08,0.0,0.0,0.0,0.0
183,58,True,True,0.08690515905618668,0.08542575687170029,0.07958751916885376,0.1863173246383667,2.379999876022339,1.2171392440795898,0.2965641915798187,-0.01999124325811863,-0.16137315332889557,0.1863173246383667,0.07958751916885376,-0.020031923428177834,0.13968226313591003,1.227051019668579,0.43485894799232483,0.09312815219163895,0.0923149511218071,0.05-0.10,False,True,False,True,True,False,False,False,True,0.07789390534162521,-0.10807792097330093,0.09762531518936157,0.6595420241355896,0.6595420241355896,0.05999999865889549,0.07958751916885376,-0.020031923428177834,0.020031923428177834,0.06049218401312828,0.00262878043577075,0.060549233108758926,0.005396930500864983,0.0008457279182039201,0.0012448779307305813,-0.16272196173667908,0.0907507985830307,0.0065954201854765415,0.060270264744758606,0.0026791016571223736,0.060330167412757874,0.005981643684208393,2-4deg,0.00-0.04,0.0,0.0,0.0,0.0
184,41,True,True,0.04590117558836937,0.04568931832909584,0.02971786819398403,0.07386624813079834,1.2400000095367432,0.857373833656311,0.5308964848518372,-0.046103592962026596,0.0033242665231227875,0.07386624813079834,0.02971786819398403,-0.020034924149513245,-0.04806146025657654,0.31841301918029785,0.2056182473897934,0.07379139959812164,0.09479914605617523,0.05-0.10,False,True,False,True,True,False,False,False,True,0.03467579185962677,-0.3008924126625061,0.3405495882034302,0.0402878038585186,0.43751034140586853,0.09999999403953552,0.02971786819398403,-0.020191615447402,0.020191615447402,-0.04843469336628914,0.0006049803923815489,0.04843819886445999,0.0032272166572511196,0.053585126996040344,0.0008457279182039201,0.0056965830735862255,0.07364625483751297,0.004375103395432234,-0.04860007390379906,0.0005968670011498034,0.048604100942611694,0.0009139760513789952,2-4deg,0.00-0.04,0.0,0.0,0.0,0.0
185,9,True,True,0.05240469425916672,0.047673169523477554,0.038987696170806885,0.14136779308319092,2.919999837875366,1.2118046283721924,0.31834670901298523,0.00940321758389473,0.029080122709274292,0.14136779308319092,0.038987696170806885,-0.019968537613749504,-0.01926436834037304,1.2221288681030273,0.4483705759048462,0.13834449648857117,0.1293533742427826,0.10-0.15,False,True,False,True,True,False,False,False,True,0.03208136558532715,-0.24044884741306305,0.18277980387210846,0.2535358667373657,0.3967137634754181,0.07999999821186066,0.038987696170806885,-0.01998739317059517,0.01998739317059517,0.05419085919857025,-0.037413839250802994,0.0658411830663681,0.038047075271606445,0.018191594630479813,0.00048828125,0.037056222558021545,0.13642466068267822,0.0039671375416219234,0.05356353148818016,-0.03959016129374504,0.06659514456987381,0.03744983300566673,2-4deg,0.00-0.04,0.0,0.0,0.0,0.0
186,4,True,False,0.1889236569404602,0.1889236569404602,0.0,0.0,3.240000009536743,1.1172385215759277,0.2688062787055969,-0.11651933938264847,-0.16037195920944214,0.36410418152809143,0.18582549691200256,-0.018879834562540054,0.03439432755112648,0.7532408237457275,0.34129461646080017,0.3268832862377167,0.25860899686813354,>=0.15,True,True,False,True,False,False,False,True,True,0.18582549691200256,-0.1735604703426361,0.32007595896720886,0.14678293466567993,0.14678293466567993,0.0,0.18582549691200256,-0.018879834562540054,0.018879834562540054,0.022626843303442,0.034790001809597015,0.04149826616048813,0.05854472890496254,0.022477326914668083,0.022477326914668083,-0.1735604703426361,0.32007595896720886,0.0014678293373435736,0.022626843303442,0.034790001809597015,0.04149826616048813,0.05854472890496254,2-4deg,0.04-0.08,0.0,0.0,0.0,0.0
187,63,True,True,0.07476364076137543,0.049574609845876694,0.06605366617441177,0.209260031580925,2.759999990463257,1.1274076700210571,0.28075531125068665,0.019536443054676056,0.08149616420269012,0.209260031580925,0.06605366617441177,-0.019994884729385376,-0.06683961302042007,1.0616523027420044,0.3539789617061615,0.19273850321769714,0.18776676058769226,>=0.15,False,True,False,True,True,False,False,False,True,0.038091909140348434,-0.08625953644514084,0.1223902627825737,0.13213087618350983,0.6312679648399353,0.3999999761581421,0.06605366617441177,-0.020097002387046814,0.020097002387046814,-0.033680133521556854,0.04560777172446251,0.056689243763685226,0.05697127804160118,0.028266480192542076,0.0003452669770922512,0.08759365230798721,0.19004502892494202,0.006312679499387741,-0.03554238751530647,0.02215096727013588,0.04187726974487305,0.06597261875867844,2-4deg,0.04-0.08,0.0,0.0006905339541845024,0.0,0.0
188,29,True,True,0.11214859783649445,0.09488218277692795,0.10654710233211517,0.17335236072540283,1.3199999332427979,1.1962015628814697,0.5451369285583496,0.005771874450147152,0.009534196928143501,0.17335236072540283,0.10654710233211517,-0.019988907501101494,0.0016853129491209984,0.42259278893470764,0.25749555230140686,0.17308998107910156,0.1687694638967514,>=0.15,False,True,False,True,True,False,False,False,True,0.10222357511520386,-0.13555753231048584,0.09067586809396744,0.11380702257156372,0.4141691029071808,0.07999999821186066,0.10654710233211517,-0.019990164786577225,0.019990164786577225,-0.014767738059163094,-0.0012979329330846667,0.01482652872800827,0.057527732104063034,0.021847950294613838,0.0003452669770922512,0.008922986686229706,0.1731225699186325,0.004141691140830517,-0.011318548582494259,-0.001691243494860828,0.011446066200733185,0.05816201493144035,0-2deg,0.04-0.08,0.0,0.0,0.0,0.0
189,50,True,False,0.12508544325828552,0.1242157369852066,0.0,0.0,2.4800000190734863,1.2557740211486816,0.3798183500766754,0.012949821539223194,-0.09311407804489136,0.21479173004627228,0.12009373307228088,-0.019999545067548752,0.10114358365535736,1.4756354093551636,0.42259326577186584,0.1935594379901886,0.18182893097400665,>=0.15,True,True,False,True,False,False,False,True,True,0.12009373307228088,-0.08458339422941208,0.1974364072084427,0.2872343063354492,0.2872343063354492,0.0,0.12009373307228088,-0.019999545067548752,0.019999545067548752,0.015506012365221977,0.0438007190823555,0.04646280035376549,0.045677877962589264,0.0,0.0,-0.08458339422941208,0.1974364072084427,0.0028723429422825575,0.015506012365221977,0.0438007190823555,0.04646280035376549,0.045677877962589264,2-4deg,0.04-0.08,0.0,0.0,0.0,0.0
190,57,True,True,0.05453116446733475,0.05453116446733475,0.04182591661810875,0.09035118669271469,1.100000023841858,0.906191885471344,0.5090137720108032,0.019127143546938896,0.061416950076818466,0.09035118669271469,0.04182591661810875,-0.019993629306554794,-0.04341479390859604,0.2723510265350342,0.14218300580978394,0.06626684963703156,0.059112414717674255,0.05-0.10,False,True,False,True,True,False,False,False,True,0.04446147382259369,-0.2854676842689514,0.12409907579421997,0.27354690432548523,0.4647057354450226,0.07999999821186066,0.04182591661810875,-0.019993629306554794,0.019993629306554794,0.028557254001498222,-0.004750811494886875,0.028949953615665436,0.04617493972182274,0.039914973080158234,0.0008457279182039201,0.06140128895640373,0.06628136336803436,0.0046470570378005505,0.031299129128456116,-0.004519609734416008,0.03162294998764992,0.0455348864197731,0-2deg,0.04-0.08,0.0,0.0,0.0,0.0
191,62,True,True,0.06051614508032799,0.060271475464105606,0.04919419810175896,0.03033633343875408,2.2799999713897705,1.0909407138824463,0.36684340238571167,-0.0644112080335617,0.006204813718795776,0.03033633343875408,0.04919419810175896,-0.01988835260272026,-0.07283013314008713,0.566403865814209,0.25560110807418823,0.02969500795006752,0.006379678845405579,0.00-0.05,False,True,False,True,True,False,False,False,True,0.049922361969947815,-0.1922682523727417,0.020498571917414665,0.03546629101037979,0.5114761590957642,0.07999999821186066,0.04919419810175896,-0.02023935876786709,0.02023935876786709,0.03680263087153435,0.03793107345700264,0.05284440517425537,0.0725095346570015,0.04603736102581024,0.0028049631509929895,0.0075758290477097034,0.02937515825033188,0.005114761646836996,0.03262338787317276,0.03928380832076073,0.05105838179588318,0.07388687878847122,2-4deg,0.04-0.08,0.0,0.0006905339541845024,0.0,0.0
192,59,True,False,0.1286364197731018,0.1286364197731018,0.0,0.0,2.5799999237060547,1.2776703834533691,0.3804912865161896,-0.14615793526172638,-0.2210952639579773,0.3055216670036316,0.12353722751140594,-0.019258800894021988,0.08182308077812195,1.116019606590271,0.3910110592842102,0.21085627377033234,0.23587098717689514,>=0.15,True,True,False,True,False,False,False,True,True,0.12353722751140594,-0.23802590370178223,0.19153892993927002,0.1550808548927307,0.1550808548927307,0.0,0.12353722751140594,-0.019258800894021988,0.019258800894021988,-0.04998880624771118,-0.07191095501184464,0.08755433559417725,0.004141058307141066,0.014505450613796711,0.014505450613796711,-0.23802590370178223,0.19153892993927002,0.0015508085489273071,-0.04998880624771118,-0.07191095501184464,0.08755433559417725,0.004141058307141066,4-6deg,0.00-0.04,0.0,0.0,0.0,0.0
193,54,True,True,0.07247409224510193,0.07247409224510193,0.06345853209495544,0.22083860635757446,3.379999876022339,1.165353536605835,0.3114534914493561,0.01111765205860138,-0.03691541776061058,0.22083860635757446,0.06345853209495544,-0.019983425736427307,0.048607710748910904,0.5318372845649719,0.2955949306488037,0.21773135662078857,0.21107254922389984,>=0.15,False,True,False,True,True,False,False,False,True,0.07562130689620972,0.010457155294716358,0.24384959042072296,0.8450446724891663,0.8450446724891663,0.07999999821186066,0.06345853209495544,-0.020015409216284752,0.020015409216284752,-0.006993206217885017,0.008733510971069336,0.01118798740208149,0.01139128115028143,0.0003452669770922512,0.0,-0.036682553589344025,0.21777069568634033,0.008450446650385857,-0.0068355766125023365,0.009394897148013115,0.011616644449532032,0.011271204799413681,0-2deg,0.00-0.04,0.0,0.0,0.0,0.0
194,33,True,True,0.05173955112695694,0.04585942625999451,0.03806997463107109,0.22155055403709412,1.8600000143051147,0.9931678771972656,0.2647158205509186,0.003382020862773061,-0.11669626832008362,0.22155055403709412,0.03806997463107109,-0.020003225654363632,0.11991822719573975,0.6759694218635559,0.3818155825138092,0.18832585215568542,0.18825744092464447,>=0.15,False,True,False,True,True,False,False,False,True,0.028783300891518593,-0.41356804966926575,0.15006932616233826,0.10890333354473114,0.3842838704586029,0.07999999821186066,0.03806997463107109,-0.02001115307211876,0.02001115307211876,0.03277973458170891,-0.00778133375570178,0.0336894616484642,0.01207892969250679,0.015061858110129833,0.001091830083169043,-0.12039150297641754,0.18598529696464539,0.0038428385742008686,0.03202619403600693,-0.00779825309291482,0.03296138346195221,0.013042591512203217,0-2deg,0.00-0.04,0.0,0.0,0.0,0.0
195,25,True,True,0.08949996531009674,0.07707975059747696,0.08235962688922882,0.21904101967811584,2.119999885559082,1.2266216278076172,0.41605520248413086,0.00841339398175478,-0.09441540390253067,0.21904101967811584,0.08235962688922882,-0.019983649253845215,0.10123792290687561,0.66804438829422,0.34107986092567444,0.19764791429042816,0.19567500054836273,>=0.15,False,True,False,True,True,False,False,False,True,0.06869666278362274,-0.3619910180568695,0.047220565378665924,0.17858001589775085,0.3820457458496094,0.09999999403953552,0.08235962688922882,-0.02003202587366104,0.02003202587366104,-0.030564645305275917,0.07701939344406128,0.08285107463598251,0.03043825551867485,0.002210787730291486,0.0007720404537394643,-0.10786741971969604,0.190639927983284,0.003820457262918353,-0.03202880173921585,0.07879997044801712,0.08504828065633774,0.027182819321751595,4-6deg,0.00-0.04,0.0,0.0,0.0,0.0
196,13,True,True,0.08485489338636398,0.08485489338636398,0.07731319963932037,0.222477987408638,4.259999752044678,0.8220928311347961,0.17475873231887817,0.006784034427255392,-0.04351821169257164,0.222477987408638,0.07731319963932037,-0.0199993047863245,0.05103687196969986,0.5006460547447205,0.30522221326828003,0.21818025410175323,0.21325752139091492,>=0.15,False,True,False,True,True,False,False,False,True,0.0950193777680397,-0.24089914560317993,0.39658793807029724,0.10937663167715073,0.2348848134279251,0.09999999403953552,0.07731319963932037,-0.02001415565609932,0.02001415565609932,-0.02507113665342331,0.003022350836545229,0.025252413004636765,0.06780795007944107,0.10144447535276413,0.0,-0.04660094156861305,0.21754267811775208,0.0023488481529057026,-0.030408931896090508,0.0035404383670538664,0.030613353475928307,0.06621401011943817,0-2deg,0.04-0.08,0.0,0.0,0.0,0.0
197,36,True,False,0.23028868436813354,0.06298494338989258,0.0,0.0,4.639999866485596,0.9496037364006042,0.18787062168121338,0.01042097993195057,-0.19754618406295776,0.32533037662506104,0.22752605378627777,-0.01955094374716282,0.21525312960147858,1.0754748582839966,0.3391231596469879,0.25848665833473206,0.2510356903076172,>=0.15,True,True,False,True,False,False,False,True,True,0.05149240046739578,-0.19275659322738647,0.13852518796920776,0.09567099809646606,0.7049979567527771,0.0,0.22752605378627777,-0.020083386451005936,0.020083386451005936,-0.00121740298345685,0.04590075463056564,0.04591675475239754,0.038964979350566864,0.014737817458808422,0.007789597846567631,-0.18449272215366364,0.26795947551727295,0.007049979642033577,-0.014473320916295052,-0.05314524471759796,0.055078938603401184,0.032140497118234634,2-4deg,0.00-0.04,0.0,0.0,0.0,0.0
198,51,True,True,0.09860868752002716,0.09860868752002716,0.0922224223613739,0.1952572911977768,1.4199999570846558,1.0624890327453613,0.39032959938049316,-0.006736587267369032,-0.16304656863212585,0.1952572911977768,0.0922224223613739,-0.02001993916928768,0.15576179325580597,0.27562078833580017,0.16831353306770325,0.10743009299039841,0.11632692068815231,0.10-0.15,False,True,False,True,True,False,False,False,True,0.09347356110811234,-0.1262020468711853,0.13842228055000305,0.7499036192893982,0.7499036192893982,0.05999999865889549,0.0922224223613739,-0.020128224045038223,0.020128224045038223,-0.0006859234417788684,-0.03987512364983559,0.039880603551864624,0.023444434627890587,0.006450130604207516,0.001423572306521237,-0.16314876079559326,0.1072748526930809,0.0074990359134972095,0.00023485490237362683,-0.04002657160162926,0.040026843547821045,0.023228179663419724,2-4deg,0.00-0.04,0.0,0.0,0.0,0.0
199,52,True,False,0.16289669275283813,0.16289669275283813,0.0,0.0,2.619999885559082,1.162841558456421,0.3302854299545288,-0.2986445724964142,-0.4149584472179413,0.5067185163497925,0.15999260544776917,-0.012593050487339497,0.10348467528820038,0.8035058379173279,0.3724590241909027,0.2908145785331726,0.18183311820030212,>=0.15,True,True,False,True,False,False,False,True,True,0.15999260544776917,-0.3941652476787567,0.318429559469223,0.08046130836009979,0.08046130836009979,0.0,0.15999260544776917,-0.012593050487339497,0.012593050487339497,0.07021331787109375,0.04712837561964989,0.08454227447509766,0.050744298845529556,0.14259225130081177,0.14259225130081177,-0.3941652476787567,0.318429559469223,0.0008046130533330142,0.07021331787109375,0.04712837561964989,0.08454227447509766,0.050744298845529556,4-6deg,0.04-0.08,0.0,0.0,0.0,0.0
200,43,True,True,0.06120679900050163,0.06102481111884117,0.05020849034190178,0.08892776072025299,2.5799999237060547,1.1825908422470093,0.37118515372276306,0.009317300282418728,-0.03783978149294853,0.08892776072025299,0.05020849034190178,-0.019991779699921608,0.04576696828007698,0.6665011644363403,0.28553536534309387,0.08047544956207275,0.07340367883443832,0.05-0.10,False,True,False,True,True,False,False,False,True,0.05003676190972328,0.012633631005883217,0.12850584089756012,0.9505382180213928,0.9505382180213928,0.05999999865889549,0.05020849034190178,-0.02003989927470684,0.02003989927470684,0.017020929604768753,-0.0390251986682415,0.042573388665914536,0.025322915986180305,0.0015440810238942504,0.0003452669770922512,-0.03772272542119026,0.08053039014339447,0.009505381807684898,0.016382846981287003,-0.03821321576833725,0.041575778275728226,0.02630915492773056,2-4deg,0.00-0.04,0.0,0.0,0.0,0.0
201,49,True,True,0.06799926608800888,0.05894007906317711,0.05829036608338356,0.20502245426177979,3.2799999713897705,1.1211453676223755,0.21642008423805237,-0.003249677363783121,-0.06639198213815689,0.20502245426177979,0.05829036608338356,-0.020000699907541275,0.06489692628383636,0.8046078085899353,0.36974433064460754,0.193975031375885,0.19369617104530334,>=0.15,False,True,False,True,True,False,False,False,True,0.04759812355041504,-0.3482331931591034,0.09525477141141891,0.23728270828723907,0.23849891126155853,0.07999999821186066,0.05829036608338356,-0.02005770429968834,0.02005770429968834,0.029141061007976532,0.03692573308944702,0.04703547805547714,0.03107316978275776,0.003860204480588436,0.0005980199784971774,-0.06561367213726044,0.19423969089984894,0.002384989056736231,0.028205668553709984,0.03853529691696167,0.04775135591626167,0.030983561649918556,2-4deg,0.00-0.04,0.0,0.0,0.0,0.0
202,22,True,True,0.09302856773138046,0.09302856773138046,0.08622125536203384,0.11946473270654678,1.6999999284744263,0.751140296459198,0.4003235399723053,-0.028426218777894974,0.054629452526569366,0.11946473270654678,0.08622125536203384,-0.020096000283956528,-0.08175500482320786,0.16845615208148956,0.09932335466146469,0.10624238848686218,0.11417347937822342,0.10-0.15,False,True,False,True,True,False,False,False,True,0.08907368779182434,-0.07887241989374161,0.1255657970905304,0.07187309116125107,0.6396666765213013,0.1599999964237213,0.08622125536203384,-0.020096000283956528,0.020096000283956528,0.015340141020715237,-0.005112486891448498,0.016168849542737007,0.01961897872388363,0.05188900977373123,0.0020716022700071335,0.055403564125299454,0.105840764939785,0.006396666634827852,0.01770351082086563,-0.0063688261434435844,0.018813367933034897,0.018589908257126808,0-2deg,0.00-0.04,0.0,0.0,0.0,0.0
203,5,True,False,0.12588827311992645,0.12588827311992645,0.0,0.0,2.6399998664855957,1.2617899179458618,0.34930700063705444,0.008312869817018509,-0.1612149477005005,0.16681596636772156,0.12092737853527069,-0.019873030483722687,0.17220284044742584,1.034151554107666,0.3533940017223358,0.04286381974816322,0.18844899535179138,>=0.15,True,True,False,True,False,False,False,True,True,0.12092737853527069,-0.15911522507667542,0.050099026411771774,0.022537922486662865,0.022537922486662865,0.0,0.12092737853527069,-0.019873030483722687,0.019873030483722687,-0.051076408475637436,0.009626582264900208,0.05197512358427048,0.05999044328927994,0.0023920803796499968,0.0023920803796499968,-0.15911522507667542,0.050099026411771774,0.00022537921904586256,-0.051076408475637436,0.009626582264900208,0.05197512358427048,0.05999044328927994,2-4deg,0.04-0.08,0.0,0.0,0.0,0.0
204,15,True,True,0.08130598813295364,0.0802699401974678,0.07339391857385635,0.106126569211483,1.3199999332427979,1.2815779447555542,0.5714366436004639,0.030276285484433174,0.1047496497631073,0.106126569211483,0.07339391857385635,-0.020001819357275963,-0.07482308149337769,0.37512218952178955,0.19907410442829132,0.017039930447936058,0.038395076990127563,0.00-0.05,False,True,False,True,True,False,False,False,True,0.07240848243236542,-0.14139480888843536,0.13003009557724,0.19134238362312317,0.7484388947486877,0.11999999731779099,0.07339391857385635,-0.020045550540089607,0.020045550540089607,0.07894816994667053,-0.027578197419643402,0.08361676335334778,0.012725737877190113,0.12674228847026825,0.0003452669770922512,0.1035812720656395,0.023103412240743637,0.007484389003366232,0.0776490867137909,-0.02795499749481678,0.08251837641000748,0.01438531931489706,4-6deg,0.00-0.04,0.0,0.0,0.0,0.0
205,42,True,True,0.03812181204557419,0.03523840010166168,0.012917429208755493,0.2384730875492096,2.759999990463257,1.168540358543396,0.32183557748794556,-0.09366585314273834,0.034619107842445374,0.2384730875492096,0.012917429208755493,-0.01887856237590313,-0.1272752732038498,1.0461506843566895,0.3848390579223633,0.2359468787908554,0.2196313887834549,>=0.15,False,True,False,True,True,False,False,False,True,0.005921188276261091,-0.09799933433532715,0.11168169975280762,0.12448010593652725,0.7565628886222839,0.09999999403953552,0.012917429208755493,-0.020186973735690117,0.020186973735690117,-0.057446207851171494,-0.01709718443453312,0.059933435171842575,0.047738414257764816,0.04974035173654556,0.02056332491338253,0.04423479363322258,0.2343345731496811,0.007565628737211227,-0.05482523515820503,-0.014199749566614628,0.056632403284311295,0.049927208572626114,2-4deg,0.04-0.08,0.0,0.0,0.0,0.0
206,47,True,False,0.13803933560848236,0.13803933560848236,0.0,0.0,2.200000047683716,0.7931220531463623,0.2135503590106964,-0.18759304285049438,-0.3070613145828247,0.3096955120563507,0.13179466128349304,-0.01757638156414032,0.11768545210361481,0.6273632645606995,0.34034284949302673,0.04030691087245941,0.18842673301696777,>=0.15,True,True,False,True,False,False,False,True,True,0.13179466128349304,-0.3048892319202423,0.054349448531866074,0.07063014805316925,0.07063014805316925,0.0,0.13179466128349304,-0.01757638156414032,0.01757638156414032,-0.024757863953709602,-0.0404093973338604,0.04738658666610718,0.051970526576042175,0.036963414400815964,0.036963414400815964,-0.3048892319202423,0.054349448531866074,0.0007063014782033861,-0.024757863953709602,-0.0404093973338604,0.04738658666610718,0.051970526576042175,2-4deg,0.04-0.08,0.0,0.0,0.0,0.0
207,60,True,True,0.08022946864366531,0.07389221340417862,0.072211854159832,0.22006653249263763,2.419999837875366,1.1942131519317627,0.37243637442588806,-0.002461643423885107,-0.10647047311067581,0.22006653249263763,0.072211854159832,-0.02002093940973282,0.1053922027349472,0.7617965936660767,0.3875526487827301,0.19259625673294067,0.1860934942960739,>=0.15,False,True,False,True,True,False,False,False,True,0.06329131126403809,-0.3555871248245239,0.15195593237876892,0.16535328328609467,0.7462695837020874,0.07999999821186066,0.072211854159832,-0.020025884732604027,0.020025884732604027,0.04036624729633331,0.062044449150562286,0.0740055963397026,0.032294027507305145,0.07327241450548172,0.00048828125,-0.10973728448152542,0.19075380265712738,0.007462695706635714,0.0420997254550457,0.06118525192141533,0.0742550790309906,0.032225605100393295,4-6deg,0.00-0.04,0.0,0.0,0.0,0.0
208,35,True,True,0.09831607341766357,0.0707441046833992,0.09182155132293701,0.1881323903799057,2.93999981880188,0.9955429434776306,0.27654001116752625,-0.10172515362501144,0.009935937821865082,0.1881323903799057,0.09182155132293701,-0.019931523129343987,-0.11185053735971451,0.6569735407829285,0.26470863819122314,0.1878698319196701,0.1895713210105896,>=0.15,False,True,False,True,True,False,False,False,True,0.0601118803024292,-0.09443798661231995,0.0804285854101181,0.06989815831184387,0.8902438879013062,0.25999999046325684,0.09182155132293701,-0.020142866298556328,0.020142866298556328,-0.021162917837500572,0.0257048849016428,0.03329429775476456,0.024906253442168236,0.029888153076171875,0.0028887116350233555,0.007291619665920734,0.18799103796482086,0.008902438916265965,-0.020830057561397552,0.031320683658123016,0.03761255368590355,0.02197405882179737,0-2deg,0.00-0.04,0.0,0.0,0.0,0.0
209,38,True,True,0.06506621837615967,0.0617261603474617,0.05481252074241638,0.2125338315963745,3.0799999237060547,0.9731031060218811,0.23231172561645508,-0.00026207571499980986,0.03511880338191986,0.2125338315963745,0.05481252074241638,-0.019981233403086662,-0.03415792062878609,1.312630534172058,0.39713433384895325,0.20961225032806396,0.21292077004909515,>=0.15,False,True,False,True,True,False,False,False,True,0.05073972046375275,-0.1715794801712036,0.15648484230041504,0.09164391458034515,1.0090137720108032,0.07999999821186066,0.05481252074241638,-0.02022477425634861,0.02022477425634861,0.03430060297250748,-0.023693213239312172,0.041686054319143295,0.014473296701908112,0.04259159043431282,0.0009134905994869769,0.032705433666706085,0.2100023478269577,0.010090137831866741,0.03464674949645996,-0.02446339651942253,0.04241062328219414,0.013675855472683907,2-4deg,0.00-0.04,0.0,0.0,0.0,0.0
210,55,True,True,0.11729332059621811,0.11208267509937286,0.1116456463932991,0.04200831055641174,2.93999981880188,1.104871392250061,0.3014105260372162,-0.0456855483353138,0.02458295226097107,0.04200831055641174,0.1116456463932991,-0.019359298050403595,-0.06998042017221451,0.38996806740760803,0.1905861496925354,0.03406430408358574,0.036735642701387405,0.00-0.05,False,True,False,True,True,False,False,False,True,0.10714234411716461,-0.04663269966840744,0.15366923809051514,0.07162880897521973,0.5189315676689148,0.19999998807907104,0.1116456463932991,-0.020147766917943954,0.020147766917943954,0.03738824650645256,0.0016907117096707225,0.03742663934826851,0.013215518556535244,0.01730150170624256,0.009512126445770264,0.02506294846534729,0.0337127149105072,0.005189315415918827,0.035348281264305115,0.0032053168397396803,0.035493895411491394,0.015030301176011562,2-4deg,0.00-0.04,0.0,0.0,0.0,0.0
211,61,True,True,0.12266422063112259,0.11925525218248367,0.11758137494325638,0.13624177873134613,2.379999876022339,1.2172290086746216,0.32064512372016907,0.011397203430533409,-0.043689608573913574,0.13624177873134613,0.11758137494325638,-0.019996190443634987,0.05320378765463829,1.011818528175354,0.40337783098220825,0.12904666364192963,0.13515640795230865,0.10-0.15,False,True,False,True,True,False,False,False,True,0.11272816359996796,-0.15561334788799286,0.036661937832832336,0.07742329686880112,0.21653755009174347,0.09999999403953552,0.11758137494325638,-0.019996190443634987,0.019996190443634987,-0.009258085861802101,0.03669898584485054,0.03784799203276634,0.0641736164689064,0.07277324050664902,0.0005980199784971774,-0.04874678701162338,0.12722255289554596,0.0021653755102306604,-0.007197059225291014,0.041332583874464035,0.04195408150553703,0.06257642805576324,2-4deg,0.04-0.08,0.0,0.0006905339541845024,0.0,0.0
212,45,True,True,0.08291859924793243,0.07346921414136887,0.07517340034246445,0.1723172962665558,1.8799999952316284,1.171190619468689,0.3487277626991272,-0.0035813255235552788,-0.10281189531087875,0.1723172962665558,0.07517340034246445,-0.020011136308312416,0.1020999327301979,0.5296236276626587,0.2630322575569153,0.1382858157157898,0.13721208274364471,0.10-0.15,False,True,False,True,True,False,False,False,True,0.06475036591291428,-0.3970443606376648,0.22147206962108612,0.330750972032547,0.330750972032547,0.09999999403953552,0.07517340034246445,-0.020013365894556046,0.020013365894556046,-0.009778195060789585,-0.017595145851373672,0.020129729062318802,0.04164208844304085,0.005292848683893681,0.0008457279182039201,-0.10079458355903625,0.1397630125284195,0.0033075097016990185,-0.013078512623906136,-0.017684293910861015,0.02199479006230831,0.04086078330874443,0-2deg,0.04-0.08,0.0,0.0,0.0,0.0
213,26,True,True,0.11823008209466934,0.11354000866413116,0.11236290633678436,0.2325255572795868,2.2200000286102295,1.2133821249008179,0.3881458342075348,0.005728730466216803,-0.20797550678253174,0.2325255572795868,0.11236290633678436,-0.01944422908127308,0.2124609500169754,0.8161259889602661,0.37389397621154785,0.10399194061756134,0.10843172669410706,0.10-0.15,False,True,False,True,True,False,False,False,True,0.10810542851686478,-0.20247122645378113,0.09838397055864334,0.40143096446990967,0.40143096446990967,0.05999999865889549,0.11236290633678436,-0.019992833957076073,0.019992833957076073,-0.005788946989923716,-0.014749940484762192,0.01584487408399582,0.03930903226137161,0.0006905339541845024,0.01139387208968401,-0.20963487029075623,0.10060497373342514,0.004014309495687485,-0.0073531982488930225,-0.01461283303797245,0.016359426081180573,0.03919846937060356,0-2deg,0.00-0.04,0.0,0.0,0.0,0.0
214,37,True,True,0.09677807986736298,0.08916578441858292,0.09023509919643402,0.17482613027095795,2.700000047683716,0.99001544713974,0.2418997883796692,0.0071898954920470715,-0.03212970867753029,0.17482613027095795,0.09023509919643402,-0.01999734342098236,0.04025530815124512,0.5744861364364624,0.3381219506263733,0.1718483567237854,0.17081817984580994,>=0.15,False,True,False,True,True,False,False,False,True,0.0823415219783783,-0.22168752551078796,0.09960266202688217,0.3874821364879608,0.3874821364879608,0.07999999821186066,0.09023509919643402,-0.02016686275601387,0.02016686275601387,0.026272939518094063,-0.028988566249608994,0.039119888097047806,0.015191413462162018,0.007588040549308062,0.0003452669770922512,-0.038672372698783875,0.17049524188041687,0.0038748213555663824,0.025892844423651695,-0.02812975086271763,0.03823041543364525,0.016110248863697052,2-4deg,0.00-0.04,0.0,0.0,0.0,0.0
215,10,True,True,0.11769384890794754,0.11506661027669907,0.11237466335296631,0.10208844393491745,2.2200000286102295,1.1126198768615723,0.28851446509361267,0.013839269056916237,-0.028189433738589287,0.10208844393491745,0.11237466335296631,-0.01998811773955822,0.03556019440293312,0.6118792295455933,0.2918268144130707,0.098119355738163,0.09330592304468155,0.05-0.10,False,True,False,True,True,False,False,False,True,0.10984474420547485,-0.2261371910572052,0.1250983625650406,0.06022992730140686,0.217835932970047,0.07999999821186066,0.11237466335296631,-0.019994765520095825,0.019994765520095825,0.03218299150466919,-0.07531911134719849,0.08189484477043152,0.060790665447711945,0.01720476523041725,0.0,-0.031213467940688133,0.09719964116811752,0.0021783593110740185,0.02900904230773449,-0.07334910333156586,0.07886765152215958,0.06372328102588654,4-6deg,0.04-0.08,0.0,0.0,0.0,0.0
216,0,True,True,0.08228606730699539,0.07408054918050766,0.07461728900671005,0.21103674173355103,3.119999885559082,0.9754457473754883,0.22836029529571533,-0.07463286817073822,0.02094101905822754,0.21103674173355103,0.07461728900671005,-0.019432999193668365,-0.09294725954532623,0.6717648506164551,0.2510433495044708,0.20999519526958466,0.2393716275691986,>=0.15,False,True,False,True,True,False,False,False,True,0.06549335271120071,-0.03885861486196518,0.1600150614976883,0.7850130200386047,0.7850130200386047,0.05999999865889549,0.07461728900671005,-0.020187359303236008,0.020187359303236008,0.0482494942843914,0.02344200387597084,0.0536385178565979,0.04220278188586235,0.005920104216784239,0.012133642099797726,0.023741263896226883,0.20969706773757935,0.007850130088627338,0.04855131357908249,0.021772077307105064,0.05320652946829796,0.04264896363019943,2-4deg,0.04-0.08,0.0,0.0,0.0,0.0
217,11,True,True,0.052595335990190506,0.052595335990190506,0.03932659327983856,0.09374047070741653,1.8399999141693115,0.9348654747009277,0.2896841764450073,-0.00756921386346221,0.04942683130502701,0.09374047070741653,0.03932659327983856,-0.020038392394781113,-0.05557097867131233,0.33173877000808716,0.20003531873226166,0.0796508938074112,0.09407966583967209,0.05-0.10,False,True,False,True,True,False,False,False,True,0.039771050214767456,0.05079025402665138,0.09320813417434692,0.37640252709388733,0.40008482336997986,0.05999999865889549,0.03932659327983856,-0.020038392394781113,0.020038392394781113,0.03562057018280029,0.04320133849978447,0.055985305458307266,0.04001915082335472,0.0008457279182039201,0.0013810680247843266,0.04795574024319649,0.08054516464471817,0.004000848159193993,0.03462548181414604,0.0419292151927948,0.05437172204256058,0.04073168709874153,2-4deg,0.04-0.08,0.0,0.0,0.0,0.0
218,14,True,True,0.10523062199354172,0.10289396345615387,0.09924869984388351,0.0826665535569191,2.299999952316284,1.2875813245773315,0.36297452449798584,0.011353125795722008,-0.038202524185180664,0.0826665535569191,0.09924869984388351,-0.019995559006929398,0.0491781122982502,1.2255703210830688,0.4267593026161194,0.07330980151891708,0.07742688804864883,0.05-0.10,False,True,False,True,True,False,False,False,True,0.0972026064991951,-0.013073845766484737,0.06182979419827461,0.06142861023545265,0.20568808913230896,0.05999999865889549,0.09924869984388351,-0.019995559006929398,0.019995559006929398,-0.008831958286464214,0.043678298592567444,0.04456185922026634,0.021825535222887993,0.005039010662585497,0.00048828125,-0.04121268168091774,0.0716608390212059,0.0020568808540701866,-0.00957772321999073,0.0432097427546978,0.04425843805074692,0.02222268655896187,2-4deg,0.00-0.04,0.0,0.0,0.0,0.0
219,19,True,False,0.16604255139827728,0.16604255139827728,0.0,0.0,1.659999966621399,1.206780195236206,0.47858935594558716,-0.16603544354438782,-0.20561373233795166,0.39231985807418823,0.16319915652275085,-0.016758598387241364,0.031343478709459305,0.44944247603416443,0.2645692825317383,0.33412253856658936,0.16472238302230835,>=0.15,True,True,False,True,False,False,False,True,True,0.16319915652275085,-0.20176000893115997,0.3364636301994324,0.08166009187698364,0.08166009187698364,0.0,0.16319915652275085,-0.016758598387241364,0.016758598387241364,0.03757798671722412,0.0007701891590841115,0.03758559748530388,0.009694668464362621,0.04739288240671158,0.04739288240671158,-0.20176000893115997,0.3364636301994324,0.0008166009210981429,0.03757798671722412,0.0007701891590841115,0.03758559748530388,0.009694668464362621,2-4deg,0.00-0.04,0.0,0.0,0.0,0.0
220,23,True,False,0.13276132941246033,0.12952283024787903,0.0,0.0,2.759999990463257,1.0684032440185547,0.23379503190517426,-0.0012000808492302895,-0.03593159094452858,0.18042941391468048,0.1280645877122879,-0.019956335425376892,0.03528684750199318,0.9406135082244873,0.35572344064712524,0.17681542038917542,0.17598757147789001,>=0.15,True,True,False,True,False,False,False,True,True,0.1280645877122879,-0.030149515718221664,0.17789261043071747,0.08148074895143509,0.08148074895143509,0.0,0.1280645877122879,-0.019956335425376892,0.019956335425376892,0.014308621175587177,0.03450987488031387,0.037358082830905914,0.024070339277386665,0.0007720404537394643,0.0007720404537394643,-0.030149515718221664,0.17789261043071747,0.000814807484857738,0.014308621175587177,0.03450987488031387,0.037358082830905914,0.024070339277386665,2-4deg,0.00-0.04,0.0,0.0,0.0,0.0
221,56,True,False,0.1550280898809433,0.1550280898809433,0.0,0.0,2.5199999809265137,1.0637460947036743,0.33080655336380005,-0.3618253767490387,-0.4917758107185364,0.6985795497894287,0.15217594802379608,-0.014771155081689358,0.10364263504743576,0.7388709187507629,0.35083499550819397,0.49615514278411865,0.1845327466726303,>=0.15,True,True,False,True,False,False,False,True,True,0.15217594802379608,-0.4836503267288208,0.5040791034698486,0.3523131012916565,0.3523131012916565,0.0,0.15217594802379608,-0.014771155081689358,0.014771155081689358,0.005558537784963846,0.037728749215602875,0.038135167211294174,0.03898056223988533,0.10160502791404724,0.10160502791404724,-0.4836503267288208,0.5040791034698486,0.003523130901157856,0.005558537784963846,0.037728749215602875,0.038135167211294174,0.03898056223988533,2-4deg,0.00-0.04,0.0,0.0,0.0,0.0
222,44,True,True,0.09061899036169052,0.09061899036169052,0.08359547704458237,0.17489200830459595,3.379999876022339,0.9953900575637817,0.256065309047699,-0.01643707975745201,-0.06553097069263458,0.17489200830459595,0.08359547704458237,-0.0200018472969532,0.05007215589284897,0.8658519983291626,0.3254280090332031,0.16215088963508606,0.15956547856330872,>=0.15,False,True,False,True,True,False,False,False,True,0.08941805362701416,-0.011932136490941048,0.23595163226127625,0.3801165223121643,0.3801165223121643,0.05999999865889549,0.08359547704458237,-0.020006250590085983,0.020006250590085983,-0.012600851245224476,0.04047471657395363,0.042389530688524246,0.008344189263880253,0.00048828125,0.0,-0.060075461864471436,0.16425028443336487,0.003801165148615837,-0.012924843467772007,0.040431343019008636,0.04244575276970863,0.008027162402868271,2-4deg,0.00-0.04,0.0,0.0,0.0,0.0
223,30,True,True,0.08641745895147324,0.07576534152030945,0.07900113612413406,0.1866517961025238,2.3999998569488525,1.1522583961486816,0.3677164614200592,0.014059335924685001,-0.030116304755210876,0.1866517961025238,0.07900113612413406,-0.019982250407338142,0.04440273344516754,0.4931589961051941,0.2660660445690155,0.18420612812042236,0.17843075096607208,>=0.15,False,True,False,True,True,False,False,False,True,0.07187826186418533,-0.03783666715025902,0.17538519203662872,0.23610857129096985,0.27497363090515137,0.05999999865889549,0.07900113612413406,-0.019989527761936188,0.019989527761936188,-0.0028720961418002844,-0.0009607905521988869,0.0030297066550701857,0.009749281220138073,0.0003452669770922512,0.0,-0.030656272545456886,0.18411704897880554,0.002749736187979579,-0.002876329468563199,-0.0005705176736228168,0.0029296886641532183,0.009764260612428188,0-2deg,0.00-0.04,0.0,0.0,0.0,0.0
224,18,True,True,0.08959601074457169,0.07906102389097214,0.08248693495988846,0.2503718137741089,2.0999999046325684,1.1430071592330933,0.4037688374519348,-0.0072799306362867355,-0.13756050169467926,0.2503718137741089,0.08248693495988846,-0.02001320570707321,0.12514926493167877,1.0639941692352295,0.3991386890411377,0.20919643342494965,0.20495137572288513,>=0.15,False,True,False,True,True,False,False,False,True,0.07072671502828598,-0.47018733620643616,0.07133306562900543,0.16132879257202148,0.24596643447875977,0.07999999821186066,0.08248693495988846,-0.020023996010422707,0.020023996010422707,-0.01615666225552559,-0.012153762392699718,0.020218372344970703,0.06435435265302658,0.003126526717096567,0.001035800902172923,-0.1424752175807953,0.20588067173957825,0.002459664363414049,-0.019388630986213684,-0.014225786551833153,0.02404812164604664,0.06359443068504333,0-2deg,0.04-0.08,0.0,0.0,0.0,0.0
225,40,True,True,0.08458061516284943,0.08316344022750854,0.07703443616628647,0.09965070337057114,2.1599998474121094,1.1700578927993774,0.4112497568130493,-0.003250368172302842,-0.09666985273361206,0.09965070337057114,0.07703443616628647,-0.02001386508345604,0.09565716236829758,0.6824159026145935,0.2812337577342987,0.024190982803702354,0.024862509220838547,0.00-0.05,False,True,False,True,True,False,False,False,True,0.07579940557479858,-0.36866047978401184,0.12289007008075714,0.128627210855484,0.23684930801391602,0.07999999821186066,0.07703443616628647,-0.020024877041578293,0.020024877041578293,0.004755440633744001,0.02652578428387642,0.026949340477585793,0.04291030392050743,0.03312736004590988,0.0008457279182039201,-0.09597429633140564,0.026817865669727325,0.002368493005633354,0.007325430866330862,0.02645438350737095,0.027449045330286026,0.04277985543012619,0-2deg,0.04-0.08,0.0,0.0,0.0,0.0
226,1,True,True,0.06576482951641083,0.05854557827115059,0.05567579343914986,0.16495254635810852,2.740000009536743,1.2087539434432983,0.3664763271808624,0.00902999471873045,-0.005634244531393051,0.16495254635810852,0.05567579343914986,-0.019973259419202805,0.0148702347651124,1.0621912479400635,0.433698832988739,0.16485628485679626,0.15753178298473358,>=0.15,False,True,False,True,True,False,False,False,True,0.04549859091639519,-0.30815258622169495,0.11897222697734833,0.1622210592031479,0.27564293146133423,0.07999999821186066,0.05567579343914986,-0.01998293027281761,0.01998293027281761,0.023957088589668274,-0.07145614922046661,0.07535885274410248,0.012136890552937984,0.02914491854608059,0.0003452669770922512,-0.012139168567955494,0.1645052582025528,0.002756429137662053,0.023682503029704094,-0.07072913646697998,0.07458216696977615,0.013767741620540619,4-6deg,0.00-0.04,0.0,0.0,0.0,0.0
227,53,True,False,0.1758512258529663,0.17538411915302277,0.0,0.0,2.5999999046325684,1.1473802328109741,0.28498971462249756,0.02870819717645645,-0.07992962002754211,0.10756771266460419,0.17238834500312805,-0.01970948651432991,0.11707127839326859,0.7544089555740356,0.3875880539417267,0.07198658585548401,0.21442681550979614,>=0.15,True,True,False,True,False,False,False,True,True,0.17238834500312805,-0.08155763149261475,0.07013675570487976,0.05533165857195854,0.05533165857195854,0.0,0.17238834500312805,-0.01970948651432991,0.01970948651432991,0.02520945481956005,-0.011730882339179516,0.02780507318675518,0.06796116381883621,0.005828785710036755,0.005828785710036755,-0.08155763149261475,0.07013675570487976,0.0005533165531232953,0.02520945481956005,-0.011730882339179516,0.02780507318675518,0.06796116381883621,0-2deg,0.04-0.08,0.0,0.0,0.0,0.0
228,3,True,True,0.09595230221748352,0.09595230221748352,0.08933276683092117,0.26201319694519043,4.5,1.1149768829345703,0.22624221444129944,-0.02068977802991867,-0.1377430111169815,0.26201319694519043,0.08933276683092117,-0.019981782883405685,0.11909031867980957,0.5869817733764648,0.31604304909706116,0.2228851020336151,0.21867607533931732,>=0.15,False,True,False,True,True,False,False,False,True,0.0956399142742157,-0.24980106949806213,0.4730325937271118,0.07277427613735199,0.08502978831529617,0.2199999988079071,0.08933276683092117,-0.019981782883405685,0.019981782883405685,-0.05662445351481438,-0.0002693192509468645,0.05662503466010094,0.026790687814354897,0.19234053790569305,0.0003452669770922512,-0.13082143664360046,0.227016881108284,0.0008502978598698974,-0.061027731746435165,0.0004048333503305912,0.06102899834513664,0.01766306534409523,2-4deg,0.00-0.04,0.0,0.0,0.0,0.0
229,12,True,False,0.13063378632068634,0.13063378632068634,0.0,0.0,2.5399999618530273,1.241990566253662,0.3223014771938324,-0.17110848426818848,-0.16391730308532715,0.343583881855011,0.1267876774072647,-0.015119259245693684,-0.014355325140058994,1.0621737241744995,0.35695356130599976,0.30196189880371094,0.05855720862746239,0.05-0.10,True,True,False,True,False,False,False,True,True,0.1267876774072647,-0.17201080918312073,0.29742589592933655,0.09372945129871368,0.09372945129871368,0.0,0.1267876774072647,-0.015119259245693684,0.015119259245693684,0.01897270604968071,-0.01927090995013714,0.02704208344221115,0.052962224930524826,0.06879886239767075,0.06879886239767075,-0.17201080918312073,0.29742589592933655,0.0009372945060022175,0.01897270604968071,-0.01927090995013714,0.02704208344221115,0.052962224930524826,0-2deg,0.04-0.08,0.0,0.0,0.0,0.0
230,20,True,True,0.12484025210142136,0.12015257775783539,0.11985080689191818,0.24589958786964417,2.2200000286102295,1.214583396911621,0.32577669620513916,-0.006473011802881956,-0.1640506535768509,0.24589958786964417,0.11985080689191818,-0.020026104524731636,0.1597273051738739,0.48360931873321533,0.24933846294879913,0.18317750096321106,0.188413605093956,>=0.15,False,True,False,True,True,False,False,False,True,0.11558330804109573,-0.2681039571762085,0.16191665828227997,0.07600522041320801,0.3719017207622528,0.07999999821186066,0.11985080689191818,-0.020026104524731636,0.020026104524731636,0.039881374686956406,0.0351359024643898,0.05314485356211662,0.0649406909942627,0.04798801988363266,0.0013372133253142238,-0.15341757237911224,0.19217093288898468,0.003719017142429948,0.04184848815202713,0.03841541334986687,0.05679959058761597,0.06250425428152084,2-4deg,0.04-0.08,0.0,0.0,0.0,0.0
231,2,True,False,0.24522802233695984,0.08179080486297607,0.0,0.0,5.0,1.003109097480774,0.16663959622383118,0.008593494072556496,0.0013955691829323769,0.2254771739244461,0.24272167682647705,-0.019982261583209038,0.007826482877135277,0.7955642342567444,0.2251526415348053,0.2254728525876999,0.22078973054885864,>=0.15,True,True,False,True,False,False,False,True,True,0.07513455301523209,-0.07067712396383286,0.10001277178525925,0.09118953347206116,0.7947736382484436,0.0,0.24272167682647705,-0.020204709842801094,0.020204709842801094,0.004037578124552965,0.009517449885606766,0.010340777225792408,0.006170562468469143,0.03329966962337494,0.0,-0.000582219916395843,0.22547641396522522,0.007947736419737339,0.0017627141205593944,0.01295235101133585,0.01307016983628273,0.003382983850315213,0-2deg,0.00-0.04,0.0,0.0,0.0,0.0
232,32,True,True,0.06485924124717712,0.0635596513748169,0.05463486537337303,0.1274198442697525,2.259999990463257,1.175423502922058,0.3403388261795044,0.0012322766706347466,-0.12086927890777588,0.1274198442697525,0.05463486537337303,-0.02000902220606804,0.12152592837810516,0.9117730259895325,0.4233960211277008,0.04032907634973526,0.0460057407617569,0.00-0.05,False,True,False,True,True,False,False,False,True,0.05302002653479576,-0.09505046904087067,0.06278083473443985,0.08596674352884293,0.28394055366516113,0.05999999865889549,0.05463486537337303,-0.02001182734966278,0.02001182734966278,-0.022842813283205032,0.06800606846809387,0.07173456996679306,0.00471729738637805,0.0028471453115344048,0.0008457279182039201,-0.11992194503545761,0.04306444525718689,0.002839405555278063,-0.02302401140332222,0.06797032058238983,0.0717586800456047,0.004701141268014908,4-6deg,0.00-0.04,0.0,0.0,0.0,0.0
233,46,True,True,0.06877937912940979,0.06126536801457405,0.05921142175793648,0.2077520489692688,3.3399999141693115,1.2790335416793823,0.2778489887714386,0.00639330642297864,0.05477102845907211,0.2077520489692688,0.05921142175793648,-0.020027337595820427,-0.049095816910266876,1.0611180067062378,0.35644182562828064,0.20040221512317657,0.20581576228141785,>=0.15,False,True,False,True,True,False,False,False,True,0.05024920403957367,-0.15616223216056824,0.16463163495063782,0.11599569767713547,0.35999926924705505,0.07999999821186066,0.05921142175793648,-0.0200322475284338,0.0200322475284338,0.0002651521936058998,0.03979838266968727,0.03979979455471039,0.04252657666802406,0.004128795117139816,0.0011960400734096766,0.05146043747663498,0.20127776265144348,0.0035999927204102278,5.648667138302699e-05,0.03723382204771042,0.037233393639326096,0.043233346194028854,2-4deg,0.04-0.08,0.0,0.0,0.0,0.0
234,48,True,True,0.06825943291187286,0.06419013440608978,0.058608878403902054,0.10731171816587448,2.2200000286102295,1.0725200176239014,0.3449927270412445,0.008825287222862244,-0.06031501293182373,0.10731171816587448,0.058608878403902054,-0.020001627504825592,0.06931894272565842,0.5928952693939209,0.28615477681159973,0.08875755965709686,0.09384259581565857,0.05-0.10,False,True,False,True,True,False,False,False,True,0.05380721017718315,-0.3271152675151825,0.13460174202919006,0.1374340057373047,0.26721689105033875,0.07999999821186066,0.058608878403902054,-0.020001627504825592,0.020001627504825592,-0.037292465567588806,-0.023462772369384766,0.04405589401721954,0.007293823175132275,0.0022902425844222307,0.00048828125,-0.06297224760055542,0.08689247071743011,0.002672168891876936,-0.037065308541059494,-0.02304341457784176,0.043641168624162674,0.008614711463451385,2-4deg,0.00-0.04,0.0,0.0,0.0,0.0
235,27,True,True,0.10497541725635529,0.10497541725635529,0.09883970767259598,0.14966805279254913,2.5799999237060547,0.8529961109161377,0.2965489625930786,-0.020104466006159782,-0.1396702080965042,0.14966805279254913,0.09883970767259598,-0.019848501309752464,0.11794484406709671,0.30861514806747437,0.18709897994995117,0.05378434807062149,0.09989231824874878,0.05-0.10,False,True,False,True,True,False,False,False,True,0.11206918954849243,-0.07621321082115173,0.24554479122161865,0.05470174551010132,0.07016878575086594,0.25999999046325684,0.09883970767259598,-0.019968515262007713,0.019968515262007713,0.010027962736785412,0.06873538345098495,0.06946156173944473,0.027248011901974678,0.0003452669770922512,0.0021836606319993734,-0.14088521897792816,0.050516095012426376,0.0007016878225840628,0.012034355662763119,0.07402485609054565,0.07499459385871887,0.019832657650113106,2-4deg,0.00-0.04,0.0,0.0,0.0,0.0
236,34,True,True,0.0768243670463562,0.0768243670463562,0.06831256300210953,0.04923725500702858,3.0399999618530273,1.0051885843276978,0.24820959568023682,-0.0703413113951683,0.003857359290122986,0.04923725500702858,0.06831256300210953,-0.019900884479284286,-0.07299745082855225,0.8658640384674072,0.2859470844268799,0.04908592626452446,0.02603987045586109,0.00-0.05,False,True,False,True,True,False,False,False,True,0.07893367111682892,-0.02546488493680954,0.14069442451000214,0.07196470350027084,0.4384896457195282,0.47999998927116394,0.06831256300210953,-0.020137490704655647,0.020137490704655647,-0.004966231994330883,-0.022485526278614998,0.023027513176202774,0.03213139995932579,0.023868979886174202,0.0019834081176668406,0.003675982588902116,0.049099843949079514,0.004384896252304316,0.0014873883919790387,-0.03428066149353981,0.03431364893913269,0.02593027800321579,0-2deg,0.00-0.04,0.0,0.0,0.0,0.0
237,60,True,True,0.07242154330015182,0.06919443607330322,0.06337683647871017,0.245188370347023,1.2400000095367432,1.374584674835205,0.6279698610305786,-0.015328149311244488,-0.19861242175102234,0.245188370347023,0.06337683647871017,-0.019672714173793793,0.18729621171951294,0.5285243988037109,0.3177309036254883,0.1437721699476242,0.14543911814689636,0.10-0.15,False,True,False,True,True,False,False,False,True,0.05859040468931198,-0.4336395561695099,0.2032434195280075,0.07065697014331818,1.0965561866760254,0.09999999403953552,0.06337683647871017,-0.020027101039886475,0.020027101039886475,-0.0012771766632795334,0.008424204774200916,0.008520498871803284,0.06967205554246902,0.09388169646263123,0.006712769623845816,-0.1989261358976364,0.14333781599998474,0.010965561494231224,-0.004537526983767748,0.01292484812438488,0.013698115013539791,0.06922335922718048,0-2deg,0.04-0.08,0.0,0.0,0.0,0.0
238,7,True,True,0.06369513273239136,0.0550786554813385,0.05321500822901726,0.21610011160373688,2.5,1.238268256187439,0.306241899728775,-0.02513563074171543,-0.1460602879524231,0.21610011160373688,0.05321500822901726,-0.02000550739467144,0.12147080153226852,1.387101411819458,0.4668891727924347,0.15926598012447357,0.16585931181907654,>=0.15,False,True,False,True,True,False,False,False,True,0.03959183767437935,-0.4528929889202118,0.2246645838022232,0.13618801534175873,0.23810169100761414,0.09999999403953552,0.05321500822901726,-0.020009486004710197,0.020009486004710197,0.0034346203319728374,-0.06775650382041931,0.06784369796514511,0.03643296658992767,0.0337548702955246,0.0,-0.14854535460472107,0.15695074200630188,0.002381016965955496,0.004060619510710239,-0.06472445279359818,0.06485173106193542,0.04093959182500839,2-4deg,0.00-0.04,0.0,0.0,0.0,0.0
239,39,True,True,0.12049275636672974,0.10709388554096222,0.1153377816081047,0.3022938370704651,3.379999876022339,1.0698962211608887,0.2430162876844406,-0.022546229884028435,-0.15248803794384003,0.3022938370704651,0.1153377816081047,-0.019865743815898895,0.12855879962444305,0.9030486345291138,0.3580494225025177,0.26101526618003845,0.26198717951774597,>=0.15,False,True,False,True,True,False,False,False,True,0.09902714937925339,-0.550538957118988,0.15119242668151855,0.10473355650901794,0.21530622243881226,0.07999999821186066,0.1153377816081047,-0.01998165063560009,0.01998165063560009,-0.03814919665455818,0.04080373793840408,0.05585199221968651,0.031424734741449356,0.03824133053421974,0.0026966221630573273,-0.16684019565582275,0.2520831823348999,0.0021530622616410255,-0.03958287462592125,0.03959868848323822,0.05598210543394089,0.031025642529129982,2-4deg,0.00-0.04,0.0,0.0,0.0,0.0
240,41,True,False,0.1328970342874527,0.1328970342874527,0.0,0.0,2.3999998569488525,1.1111958026885986,0.33186838030815125,-0.13322117924690247,-0.13106544315814972,0.17629556357860565,0.1288815587759018,-0.01564054563641548,-0.004368544090539217,0.4729054272174835,0.2633911967277527,0.11790663748979568,0.07911176979541779,0.05-0.10,True,True,False,True,False,False,False,True,True,0.1288815587759018,-0.13124358654022217,0.11770832538604736,0.04657001793384552,0.04657001793384552,0.0,0.1288815587759018,-0.01564054563641548,0.01564054563641548,0.005778283812105656,-0.004247778560966253,0.007167944218963385,0.026230255141854286,0.06235063076019287,0.06235063076019287,-0.13124358654022217,0.11770832538604736,0.00046570017002522945,0.005778283812105656,-0.004247778560966253,0.007167944218963385,0.026230255141854286,0-2deg,0.00-0.04,0.0,0.0,0.0,0.0
241,24,True,True,0.12455109506845474,0.1146155372262001,0.11953767389059067,0.20814548432826996,2.919999837875366,1.1704210042953491,0.3172554671764374,0.009788868017494678,-0.01298682764172554,0.20814548432826996,0.11953767389059067,-0.01997695304453373,0.022999582812190056,0.9305252432823181,0.36544346809387207,0.2077399492263794,0.19960936903953552,>=0.15,False,True,False,True,True,False,False,False,True,0.10920029878616333,-0.2351643294095993,0.08532241731882095,0.22166091203689575,0.29098400473594666,0.07999999821186066,0.11953767389059067,-0.019982455298304558,0.019982455298304558,0.0022199538070708513,0.007878227159380913,0.008185109123587608,0.04377403482794762,0.0038291984237730503,0.00048828125,-0.013589608483016491,0.20770138502120972,0.0029098400846123695,0.004807570017874241,0.008314855396747589,0.00960566010326147,0.04369264096021652,0-2deg,0.04-0.08,0.0,0.0,0.0,0.0
242,21,True,True,0.039192333817481995,0.03833799436688423,0.01688884012401104,0.14916729927062988,2.8999998569488525,1.0007156133651733,0.23370495438575745,-0.0896388590335846,0.008575201034545898,0.14916729927062988,0.01688884012401104,-0.0196413341909647,-0.0986868143081665,1.1614196300506592,0.3982785940170288,0.14892062544822693,0.16495586931705475,>=0.15,False,True,False,True,True,False,False,False,True,0.017629677429795265,-0.1276140809059143,0.07031139731407166,0.09184800088405609,0.8719190955162048,0.07999999821186066,0.01688884012401104,-0.020300688222050667,0.020300688222050667,0.052189916372299194,-0.002641066676005721,0.05225660279393196,0.02423723042011261,0.047553651034832,0.007673960644751787,0.0012593730352818966,0.14916199445724487,0.008719190955162048,0.05327142775058746,-0.0017060560639947653,0.05329835042357445,0.023419013246893883,2-4deg,0.00-0.04,0.0,0.0,0.0,0.0
243,4,True,True,0.0769045427441597,0.07414114475250244,0.06847186386585236,0.12738104164600372,2.3999998569488525,1.0240232944488525,0.28037795424461365,0.004419982433319092,0.012119511142373085,0.12738104164600372,0.06847186386585236,-0.019994882866740227,-0.00802498497068882,1.2376073598861694,0.4631466269493103,0.1268031746149063,0.1290711909532547,0.10-0.15,False,True,False,True,True,False,False,False,True,0.06461261212825775,-0.2552957236766815,0.06681035459041595,0.026103317737579346,0.1459408402442932,0.07999999821186066,0.06847186386585236,-0.019994882866740227,0.019994882866740227,-0.010033506900072098,0.026740096509456635,0.028560206294059753,0.021061785519123077,0.02220786176621914,0.0,0.010893231257796288,0.12691441178321838,0.0014594083186239004,-0.011279728263616562,0.026825908571481705,0.029099885374307632,0.020569927990436554,0-2deg,0.00-0.04,0.0,0.0,0.0,0.0
244,8,True,True,0.080294169485569,0.08025209605693817,0.07225671410560608,0.10559188574552536,3.559999942779541,0.9832084774971008,0.22755266726016998,0.004417903255671263,-0.003984701354056597,0.10559188574552536,0.07225671410560608,-0.01999097317457199,0.008154976181685925,0.6350926756858826,0.267703652381897,0.10551667213439941,0.10642167180776596,0.10-0.15,False,True,False,True,True,False,False,False,True,0.07363226264715195,-0.18611595034599304,0.16474363207817078,0.08762127161026001,0.15922175347805023,0.09999999403953552,0.07225671410560608,-0.019994504749774933,0.019994504749774933,0.02841257117688656,0.05069153755903244,0.058105435222387314,0.00392207782715559,0.07758475095033646,0.0,-0.005637290887534618,0.10544130206108093,0.0015922174789011478,0.02819807268679142,0.0503339022397995,0.05768825486302376,0.006508675403892994,2-4deg,0.00-0.04,0.0,0.0006905339541845024,0.0,0.0
245,58,True,True,0.0892457365989685,0.08177348971366882,0.08210624754428864,0.2534928321838379,2.7200000286102295,1.181573510169983,0.3176293671131134,-0.036793842911720276,-0.2251637876033783,0.2534928321838379,0.08210624754428864,-0.019957924261689186,0.19056585431098938,0.7811949849128723,0.3711225390434265,0.11644692718982697,0.14081718027591705,0.10-0.15,False,True,False,True,True,False,False,False,True,0.07392212003469467,-0.12417469918727875,0.19570282101631165,1.2490324974060059,1.2490324974060059,0.07999999821186066,0.08210624754428864,-0.019997281953692436,0.019997281953692436,0.011323889717459679,-0.051842689514160156,0.053063999861478806,0.025664513930678368,0.0026294756680727005,0.0007720404537394643,-0.22360052168369293,0.11942122131586075,0.012490324676036835,0.011765357106924057,-0.0532819963991642,0.05456441640853882,0.02451256848871708,2-4deg,0.00-0.04,0.0,0.0,0.0,0.0
246,10,True,True,0.04878918081521988,0.04271535202860832,0.0339684896171093,0.23610271513462067,1.2999999523162842,1.1650593280792236,0.6054807305335999,0.017550228163599968,0.06190228462219238,0.23610271513462067,0.0339684896171093,-0.019992390647530556,-0.046243295073509216,0.355231910943985,0.17506343126296997,0.22784337401390076,0.21206910908222198,>=0.15,False,True,False,True,True,False,False,False,True,0.024954142048954964,-0.0071952324360609055,0.2966458797454834,0.9156443476676941,0.9156443476676941,0.05999999865889549,0.0339684896171093,-0.02028440497815609,0.02028440497815609,0.010383601300418377,0.021585118025541306,0.023951252922415733,0.05275119096040726,0.0034179703798145056,0.00048828125,0.06281594932079315,0.22759316861629486,0.009156443178653717,0.012321827001869678,0.020756470039486885,0.024137193337082863,0.052637506276369095,0-2deg,0.04-0.08,0.0,0.0,0.0,0.0
247,9,True,True,0.0881776511669159,0.08021334558725357,0.08093466609716415,0.18553243577480316,2.6399998664855957,1.136939287185669,0.3385404050350189,0.0036036039236932993,0.014421152882277966,0.18553243577480316,0.08093466609716415,-0.019988147541880608,-0.0065275221131742,1.517930269241333,0.5542656779289246,0.18497112393379211,0.18761548399925232,>=0.15,False,True,False,True,True,False,False,False,True,0.07214821130037308,-0.28373393416404724,0.19398552179336548,0.4133884310722351,0.4133884310722351,0.07999999821186066,0.08093466609716415,-0.020097631961107254,0.020097631961107254,-0.030579181388020515,0.05675894394516945,0.06446428596973419,0.05053534731268883,0.004186143167316914,0.0,0.008215753361582756,0.1853504329919815,0.004133884329348803,-0.027717236429452896,0.0555843859910965,0.06210526451468468,0.05257537215948105,2-4deg,0.04-0.08,0.0,0.0,0.0,0.0
248,33,True,False,0.14184167981147766,0.13981394469738007,0.0,0.0,2.359999895095825,1.174429178237915,0.3434183597564697,0.034680936485528946,-0.04792485386133194,0.13475927710533142,0.13704250752925873,-0.019505254924297333,0.0788896307349205,0.45138344168663025,0.2617247402667999,0.12594948709011078,0.1728457659482956,>=0.15,True,True,False,True,False,False,False,True,True,0.13704250752925873,-0.0549786239862442,0.12303420156240463,0.046867359429597855,0.046867359429597855,0.0,0.13704250752925873,-0.019505254924297333,0.019505254924297333,0.011880388483405113,-0.05811130627989769,0.059312254190444946,0.027920151129364967,0.008206925354897976,0.008206925354897976,-0.0549786239862442,0.12303420156240463,0.0004686735919676721,0.011880388483405113,-0.05811130627989769,0.059312254190444946,0.027920151129364967,2-4deg,0.00-0.04,0.0,0.0,0.0,0.0
249,22,True,True,0.1012810468673706,0.09884176403284073,0.09504643082618713,0.2007235735654831,2.0,1.1662840843200684,0.2834224998950958,-0.030930085107684135,-0.18927600979804993,0.2007235735654831,0.09504643082618713,-0.02000497654080391,0.16017930209636688,0.8766458630561829,0.335825115442276,0.06681724637746811,0.05552056431770325,0.05-0.10,False,True,False,True,True,False,False,False,True,0.0921638011932373,-0.43685051798820496,0.19873563945293427,0.11482518166303635,0.19989889860153198,0.07999999821186066,0.09504643082618713,-0.02000497654080391,0.02000497654080391,0.039730530232191086,0.04260988160967827,0.05825100094079971,0.01563863269984722,0.06604290008544922,0.0006905339541845024,-0.1916440725326538,0.059686724096536636,0.001998988911509514,0.03923248499631882,0.04173693060874939,0.057273246347904205,0.01785571128129959,2-4deg,0.00-0.04,0.0,0.0,0.0,0.0
250,29,True,True,0.06617727130651474,0.06268694251775742,0.056146375834941864,0.16562670469284058,2.5799999237060547,1.1397950649261475,0.30713555216789246,0.01282015722244978,-0.09145287424325943,0.16562670469284058,0.056146375834941864,-0.02000417187809944,0.10188130289316177,1.1115809679031372,0.4812874495983124,0.13808901607990265,0.12699007987976074,0.10-0.15,False,True,False,True,True,False,False,False,True,0.0518399178981781,-0.04310274124145508,0.1343836933374405,0.9615636467933655,0.9615636467933655,0.05999999865889549,0.056146375834941864,-0.020015453919768333,0.020015453919768333,-0.014910979196429253,-0.0475914292037487,0.04987085238099098,0.03968778997659683,0.005258955992758274,0.0007720404537394643,-0.08774924278259277,0.14047162234783173,0.009615636430680752,-0.014823080971837044,-0.045974649488925934,0.04830383509397507,0.04126309975981712,2-4deg,0.00-0.04,0.0,0.0,0.0,0.0
251,6,True,True,0.08269692957401276,0.07738879323005676,0.07483633607625961,0.21898731589317322,3.359999895095825,1.0683467388153076,0.24401932954788208,-0.01794428378343582,-0.11757929623126984,0.21898731589317322,0.07483633607625961,-0.019862744957208633,0.10043779015541077,0.9381222128868103,0.42112454771995544,0.18474456667900085,0.1918955147266388,>=0.15,False,True,False,True,True,False,False,False,True,0.06937787681818008,-0.04126381874084473,0.17704243957996368,0.8694713711738586,0.8694713711738586,0.05999999865889549,0.07483633607625961,-0.02010560967028141,0.02010560967028141,0.04308918118476868,0.018833212554454803,0.047022800892591476,0.014966349117457867,0.008652392774820328,0.002560569206252694,-0.11460879445075989,0.1866019070148468,0.008694713935256004,0.04337189346551895,0.019344275817275047,0.04748714715242386,0.014241638593375683,2-4deg,0.00-0.04,0.0,0.0,0.0,0.0
252,28,True,True,0.05935180187225342,0.05935180187225342,0.04794357717037201,0.15451405942440033,3.3399999141693115,1.0276949405670166,0.25004279613494873,0.01844635047018528,0.08511820435523987,0.15451405942440033,0.04794357717037201,-0.020022474229335785,-0.06440793722867966,0.7032294869422913,0.2659156620502472,0.12895536422729492,0.11085700988769531,0.10-0.15,False,True,False,True,True,False,False,False,True,0.05313585326075554,-0.10158447176218033,0.02478446252644062,0.06430357694625854,0.7026723623275757,0.11999999731779099,0.04794357717037201,-0.020064938813447952,0.020064938813447952,0.01030113734304905,0.08633017539978027,0.08694075793027878,0.013419329188764095,0.12071928381919861,0.0,0.07729881256818771,0.13378897309303284,0.007026723586022854,0.008939659222960472,0.08597807586193085,0.08644028007984161,0.01504907663911581,4-6deg,0.00-0.04,0.0,0.0,0.0,0.0
253,54,True,True,0.04289672151207924,0.04289672151207924,0.024409187957644463,0.1205071285367012,2.4800000190734863,0.9817690849304199,0.2797633111476898,-0.04850035533308983,-0.0019310303032398224,0.1205071285367012,0.024409187957644463,-0.01979798637330532,-0.0415925495326519,0.5024765133857727,0.2648584246635437,0.12049165368080139,0.1521320641040802,>=0.15,False,True,False,True,True,False,False,False,True,0.027290375903248787,-0.11660732328891754,0.12939943373203278,0.27189725637435913,0.41820526123046875,0.07999999821186066,0.024409187957644463,-0.02006029523909092,0.02006029523909092,-0.07112819701433182,-0.05869932845234871,0.09218982607126236,0.06540382653474808,0.034583620727062225,0.004143206402659416,0.009199421852827072,0.12015547603368759,0.004182052332907915,-0.06878510862588882,-0.0618414580821991,0.09246459603309631,0.06528376042842865,4-6deg,0.04-0.08,0.0,0.0,0.0,0.0
254,49,True,True,0.08910350501537323,0.08547678589820862,0.08197256177663803,0.10561849921941757,2.0999999046325684,0.9729066491127014,0.26623937487602234,-0.0009414029773324728,-0.06917113810777664,0.10561849921941757,0.08197256177663803,-0.020013878121972084,0.06874378025531769,0.44106873869895935,0.25307193398475647,0.07981617003679276,0.07571499794721603,0.05-0.10,False,True,False,True,True,False,False,False,True,0.07815860211849213,-0.014760867692530155,0.12322889268398285,1.038297414779663,1.038297414779663,0.07999999821186066,0.08197256177663803,-0.020032376050949097,0.020032376050949097,0.013658050447702408,-0.002115922048687935,0.013819418847560883,0.00852936040610075,0.004632247146219015,0.0006905339541845024,-0.06849008798599243,0.08040133863687515,0.010382973589003086,0.014101691544055939,-0.0023294303100556135,0.014294342137873173,0.007879657670855522,0-2deg,0.00-0.04,0.0,0.0,0.0,0.0
255,62,True,True,0.08559675514698029,0.07369658350944519,0.07805517315864563,0.18842770159244537,2.5799999237060547,1.1813864707946777,0.34506163001060486,0.0014656457351520658,-0.1437767595052719,0.18842770159244537,0.07805517315864563,-0.020027801394462585,0.14792494475841522,0.5681232810020447,0.30198031663894653,0.12179180979728699,0.14864614605903625,0.10-0.15,False,True,False,True,True,False,False,False,True,0.07146741449832916,-0.16666679084300995,0.2642715871334076,0.08325373381376266,0.3435806930065155,0.05999999865889549,0.07805517315864563,-0.020027801394462585,0.020027801394462585,0.012527692131698132,0.034238237887620926,0.036456719040870667,0.02427699975669384,0.002674427116289735,0.002042627427726984,-0.1391541212797165,0.12704777717590332,0.0034358068369328976,0.01218939758837223,0.03513576462864876,0.03718853369355202,0.023679738864302635,2-4deg,0.00-0.04,0.0,0.0,0.0,0.0
