episode,env_id,align_success,success,final_distance,min_distance,touchdown_distance,touchdown_rel_vel,landing_time,max_descent_speed,mean_descent_speed,final_vertical_speed,terminal_vertical_relative_speed,terminal_relative_speed,terminal_horizontal_error,terminal_surface_clearance,terminal_pad_vertical_speed,max_horizontal_speed,mean_horizontal_speed,final_horizontal_speed,pad_speed,pad_speed_bucket,crash,terminated,time_out,contact_success,settled_landing,hard_contact,ground_crash,deck_miss,first_contact_seen,first_contact_xy_error_deck_frame,first_contact_normal_rel_speed,first_contact_tangential_rel_speed,first_contact_force,max_contact_force,settle_time,terminal_xy_error,minimum_surface_clearance,maximum_penetration,first_contact_deck_roll,first_contact_deck_pitch,first_contact_deck_tilt,first_contact_deck_angular_speed,first_contact_body_deck_normal_angle,terminal_body_deck_normal_angle,terminal_normal_relative_speed,terminal_tangential_relative_speed,max_contact_impulse,terminal_deck_roll,terminal_deck_pitch,terminal_deck_tilt,terminal_deck_angular_speed,deck_tilt_bucket,deck_angular_speed_bucket,max_deck_position_consistency_error,max_deck_orientation_consistency_error,max_deck_linear_velocity_consistency_error,max_deck_angular_velocity_consistency_error
0,22,True,False,0.12766176462173462,0.12766176462173462,0.0,0.0,0.9599999785423279,1.8816745281219482,1.034070372581482,-0.34803250432014465,-0.2726486921310425,0.463276743888855,0.12393515557050705,-0.016746900975704193,-0.10017099231481552,0.7470040917396545,0.45963260531425476,0.3745504319667816,0.16084575653076172,>=0.15,True,True,False,True,False,False,False,True,True,0.12393515557050705,-0.2711862027645111,0.37561067938804626,0.28737732768058777,0.28737732768058777,0.0,0.12393515557050705,-0.016746900975704193,0.016746900975704193,-0.050378791987895966,0.037473734468221664,0.06277866661548615,0.047562409192323685,0.06380771845579147,0.06380771845579147,-0.2711862027645111,0.37561067938804626,0.002873773220926523,-0.050378791987895966,0.037473734468221664,0.06277866661548615,0.047562409192323685,2-4deg,0.04-0.08,0.0,0.0,0.0,0.0
1,26,True,True,0.10758693516254425,0.0979013442993164,0.10172093659639359,0.22586306929588318,1.0,1.73210871219635,0.8375358581542969,0.008004063740372658,-0.10491151362657547,0.22586306929588318,0.10172093659639359,-0.01999843306839466,0.10967477411031723,0.37665730714797974,0.23928233981132507,0.2000192403793335,0.1920006275177002,>=0.15,False,True,False,True,True,False,False,False,True,0.0941108837723732,-0.11026125401258469,0.1483559012413025,0.09005539119243622,0.35295161604881287,0.05999999865889549,0.10172093659639359,-0.01999843306839466,0.01999843306839466,0.002026755129918456,-0.020184239372611046,0.020286068320274353,0.05892028659582138,0.0037025781348347664,0.0006905339541845024,-0.10695409029722214,0.19893454015254974,0.0035295160487294197,0.0023236768320202827,-0.022512303665280342,0.022630618885159492,0.05841607600450516,0-2deg,0.04-0.08,0.0,0.0,0.0,0.0
2,44,True,True,0.08485394716262817,0.07958977669477463,0.07733060419559479,0.15921904146671295,1.1399999856948853,1.4141740798950195,0.6217474937438965,0.0032408847473561764,-0.09788717329502106,0.15921904146671295,0.07733060419559479,-0.020013239234685898,0.10481628775596619,0.4885108768939972,0.28676638007164,0.12557391822338104,0.1305621713399887,0.10-0.15,False,True,False,True,True,False,False,False,True,0.07281101495027542,-0.09974047541618347,0.12808522582054138,0.06567439436912537,0.24760614335536957,0.05999999865889549,0.07733060419559479,-0.020013239234685898,0.020013239234685898,0.06422143429517746,-0.023334911093115807,0.06832382082939148,0.054244138300418854,0.0005980199784971774,0.0007720404537394643,-0.09566640108823776,0.12727391719818115,0.002476061461493373,0.06250514090061188,-0.024683164432644844,0.06719613075256348,0.054881855845451355,2-4deg,0.04-0.08,0.0,0.0,0.0,0.0
3,61,True,True,0.04162619635462761,0.039706096053123474,0.02251531183719635,0.15614910423755646,1.159999966621399,1.2077045440673828,0.5325070023536682,0.0071905674412846565,-0.025680290535092354,0.15614910423755646,0.02251531183719635,-0.019987236708402634,0.031095869839191437,0.5121575593948364,0.33295562863349915,0.1540229320526123,0.14679941534996033,0.10-0.15,False,True,False,True,True,False,False,False,True,0.019220568239688873,-0.25336822867393494,0.16030120849609375,0.07831534743309021,0.6157053709030151,0.07999999821186066,0.02251531183719635,-0.019988564774394035,0.019988564774394035,0.05137946456670761,0.00970711000263691,0.052287403494119644,0.0629969984292984,0.036767736077308655,0.0,-0.018570229411125183,0.1550409346818924,0.006157053634524345,0.04863123968243599,0.007042029872536659,0.04913850873708725,0.0645914077758789,2-4deg,0.04-0.08,0.0,0.0,0.0,0.0
4,32,True,True,0.06843496859073639,0.06771238893270493,0.058716606348752975,0.028801588341593742,1.1999999284744263,1.3203336000442505,0.5699991583824158,-0.06399323791265488,0.0016158968210220337,0.028801588341593742,0.058716606348752975,-0.019784163683652878,-0.06786328554153442,0.5001344084739685,0.3426092267036438,0.028756223618984222,0.12257841229438782,0.10-0.15,False,True,False,True,True,False,False,False,True,0.060984328389167786,-0.15035051107406616,0.21374505758285522,0.05680401623249054,0.7025150060653687,0.09999999403953552,0.058716606348752975,-0.020008789375424385,0.020008789375424385,0.03795802965760231,-0.022867484018206596,0.04431094229221344,0.03536771610379219,0.0748552456498146,0.004895009100437164,0.00035421596840023994,0.02879941090941429,0.007025150116533041,0.038608986884355545,-0.0255826935172081,0.04631241038441658,0.03442869707942009,2-4deg,0.00-0.04,0.0,0.0,0.0,0.0
5,33,True,True,0.08925508707761765,0.08538993448019028,0.08209934830665588,0.17528018355369568,1.7999999523162842,1.3935133218765259,0.39684101939201355,-0.018258582800626755,-0.12344533205032349,0.17528018355369568,0.08209934830665588,-0.019923575222492218,0.1083659902215004,0.6141226291656494,0.36714786291122437,0.12443629652261734,0.1618409901857376,>=0.15,False,True,False,True,True,False,False,False,True,0.07809345424175262,-0.1012442484498024,0.031135786324739456,0.054603058844804764,0.06183145195245743,0.05999999865889549,0.08209934830665588,-0.019923575222492218,0.019923575222492218,0.011410444974899292,0.04349111393094063,0.04496147483587265,0.04411013424396515,0.005270277615636587,0.0013372133253142238,-0.1239299401640892,0.123953677713871,0.0006183144869282842,0.010371493175625801,0.04205334931612015,0.04331203177571297,0.044580861926078796,2-4deg,0.04-0.08,0.0,0.0,0.0,0.0
6,17,True,True,0.045516449958086014,0.042695097625255585,0.02916346676647663,0.2400975525379181,1.8399999141693115,1.2227799892425537,0.35122236609458923,-0.006221400108188391,-0.12761057913303375,0.2400975525379181,0.02916346676647663,-0.02001682110130787,0.12169390916824341,0.5274096727371216,0.3014097511768341,0.20337741076946259,0.16736295819282532,>=0.15,False,True,False,True,True,False,False,False,True,0.02460084855556488,-0.24076180160045624,0.14014828205108643,0.29713311791419983,0.29713311791419983,0.05999999865889549,0.02916346676647663,-0.020053673535585403,0.020053673535585403,-0.004735608585178852,-0.05530137941241264,0.05550388991832733,0.024385826662182808,0.005201977677643299,0.0013810680247843266,-0.13823388516902924,0.19631154835224152,0.002971331123262644,-0.004985108971595764,-0.05623166263103485,0.05645204707980156,0.023770872503519058,2-4deg,0.00-0.04,0.0,0.0,0.0,0.0
7,38,True,True,0.06702987104654312,0.06571516394615173,0.05687088146805763,0.10751380771398544,1.8399999141693115,1.2861961126327515,0.38784459233283997,-0.003389878198504448,-0.0971316322684288,0.10751380771398544,0.05687088146805763,-0.019775263965129852,0.09364897012710571,0.4677927792072296,0.3110562860965729,0.04609408974647522,0.10975375026464462,0.10-0.15,False,True,False,True,True,False,False,False,True,0.05574414134025574,-0.039788056164979935,0.0841190442442894,0.7719317078590393,0.7719317078590393,0.05999999865889549,0.05687088146805763,-0.020014306530356407,0.020014306530356407,0.00014210653898771852,-0.046414218842983246,0.046414006501436234,0.006274002138525248,0.0035714711993932724,0.004501734394580126,-0.09705052524805069,0.046264614909887314,0.007719316985458136,0.00020257622236385942,-0.04664652422070503,0.04664722830057144,0.005728388205170631,2-4deg,0.00-0.04,0.0,0.0,0.0,0.0
8,3,True,True,0.09393434971570969,0.09327703714370728,0.0872536227107048,0.15347149968147278,1.8600000143051147,1.4645774364471436,0.37051934003829956,0.023878825828433037,-0.06285173445940018,0.15347149968147278,0.0872536227107048,-0.019585443660616875,0.08743149042129517,0.5582627058029175,0.39878952503204346,0.1400112807750702,0.22255516052246094,>=0.15,False,True,False,True,True,False,False,False,True,0.09920220077037811,-0.2652234435081482,0.38980239629745483,0.07967288792133331,0.07967288792133331,0.14000000059604645,0.0872536227107048,-0.01978745497763157,0.01978745497763157,0.03161366656422615,-0.04208126291632652,0.05262729898095131,0.03334537148475647,0.1386827975511551,0.00715962378308177,-0.059065330773591995,0.1416502296924591,0.000796728883869946,0.0353633388876915,-0.04288695007562637,0.0555790513753891,0.030545884743332863,2-4deg,0.00-0.04,0.0,0.0,0.0,0.0
9,51,True,True,0.07193326205015182,0.070109061896801,0.06280525773763657,0.11075656116008759,1.9399999380111694,1.4907845258712769,0.48806506395339966,-0.011585358530282974,-0.06663286685943604,0.11075656116008759,0.06280525773763657,-0.019958704710006714,0.057038966566324234,0.5360387563705444,0.3119394779205322,0.08847077190876007,0.08423212915658951,0.05-0.10,False,True,False,True,True,False,False,False,True,0.06152142956852913,-0.014465824700891972,0.16734641790390015,0.02977428212761879,0.08005908131599426,0.05999999865889549,0.06280525773763657,-0.019995950162410736,0.019995950162410736,0.0064591336995363235,-0.0338258370757103,0.03443678095936775,0.04415914788842201,0.004833742510527372,0.0008457279182039201,-0.06972169131040573,0.08605755865573883,0.0008005907875485718,0.008088400587439537,-0.03449036553502083,0.03542496636509895,0.04381458833813667,0-2deg,0.04-0.08,0.0,0.0,0.0,0.0
10,24,True,True,0.10715866088867188,0.0961160734295845,0.10126590728759766,0.23726460337638855,2.0,1.413691759109497,0.4061129093170166,-0.02390444651246071,-0.18277572095394135,0.23726460337638855,0.10126590728759766,-0.020007198676466942,0.15606693923473358,0.48510345816612244,0.26715758442878723,0.15128624439239502,0.16151095926761627,>=0.15,False,True,False,True,True,False,False,False,True,0.09015560150146484,-0.26902446150779724,0.08682466298341751,0.15464888513088226,0.15464888513088226,0.09999999403953552,0.10126590728759766,-0.020007198676466942,0.020007198676466942,0.03469749912619591,-0.015362006612122059,0.03794553130865097,0.03313254192471504,0.048824429512023926,0.0009134905994869769,-0.17797504365444183,0.1569056212902069,0.0015464888419955969,0.03276340663433075,-0.013485454954206944,0.03543001413345337,0.034224722534418106,2-4deg,0.00-0.04,0.0,0.0,0.0,0.0
11,48,True,True,0.097833551466465,0.097833551466465,0.09098494797945023,0.1857161968946457,2.0199999809265137,1.3217787742614746,0.3468650281429291,0.04100654274225235,-0.13917817175388336,0.1857161968946457,0.09098494797945023,-0.01906266249716282,0.18044456839561462,0.7067660093307495,0.4231469929218292,0.12296316027641296,0.16799427568912506,>=0.15,False,True,False,True,True,False,False,False,True,0.0946514904499054,-0.1618538796901703,0.41750526428222656,0.17266064882278442,0.17266064882278442,0.14000000059604645,0.09098494797945023,-0.020015345886349678,0.020015345886349678,0.0006813963991589844,0.0012321373214945197,0.001423572306521237,0.000901851337403059,0.0003452669770922512,0.013832351192831993,-0.13902920484542847,0.12313157320022583,0.0017266063950955868,0.0005767439724877477,0.001197952195070684,0.0013372133253142238,0.0009327284642495215,0-2deg,0.00-0.04,0.0,0.0,0.0,0.0
12,58,True,True,0.03799182176589966,0.03597806766629219,0.01439719833433628,0.20355011522769928,2.0399999618530273,1.4307516813278198,0.42499810457229614,-0.009876099415123463,-0.05187114700675011,0.20355011522769928,0.01439719833433628,-0.019848398864269257,0.04179468750953674,0.6073693037033081,0.344645231962204,0.19682995975017548,0.15906748175621033,>=0.15,False,True,False,True,True,False,False,False,True,0.011251028627157211,-0.25376126170158386,0.28838297724723816,0.09365877509117126,0.09365877509117126,0.11999999731779099,0.01439719833433628,-0.02001781575381756,0.02001781575381756,0.05237803980708122,-0.003243102692067623,0.05247865244746208,0.037177663296461105,0.09508462250232697,0.002341714920476079,-0.04922167584300041,0.19750918447971344,0.0009365877485834062,0.048466771841049194,-0.0028735336381942034,0.048551321029663086,0.041342612355947495,2-4deg,0.00-0.04,0.0,0.0,0.0,0.0
13,63,True,True,0.10203748941421509,0.10203748941421509,0.09585892409086227,0.12294923514127731,2.0399999618530273,1.592435359954834,0.38093215227127075,-0.001497883116826415,-0.06729958951473236,0.12294923514127731,0.09585892409086227,-0.01984376460313797,0.06956595182418823,1.110111117362976,0.4864007830619812,0.10289451479911804,0.17842906713485718,>=0.15,False,True,False,True,True,False,False,False,True,0.10081157833337784,-0.3223583996295929,0.38897281885147095,0.09317507594823837,0.5547979474067688,0.07999999821186066,0.09585892409086227,-0.020162053406238556,0.020162053406238556,0.0055654034949839115,0.02717885933816433,0.02774282917380333,0.044241417199373245,0.06282045692205429,0.0024657000321894884,-0.06795734912157059,0.10246127843856812,0.0055479793809354305,0.005070796702057123,0.0245401281863451,0.025058096274733543,0.04523120075464249,0-2deg,0.04-0.08,0.0,0.0,0.0,0.0
14,43,True,True,0.051889508962631226,0.04909290000796318,0.03767094388604164,0.18223193287849426,2.059999942779541,1.3881008625030518,0.4053671360015869,0.013267087750136852,-0.11302506923675537,0.18223193287849426,0.03767094388604164,-0.019556397572159767,0.12547644972801208,0.5894351601600647,0.31370946764945984,0.14294688403606415,0.23724840581417084,>=0.15,False,True,False,True,True,False,False,False,True,0.036869026720523834,-0.41328272223472595,0.3396202325820923,0.07909119874238968,0.07925595343112946,0.11999999731779099,0.03767094388604164,-0.019626742228865623,0.019626742228865623,0.03292209282517433,-0.06005936861038208,0.06848166137933731,0.016365837305784225,0.1144740954041481,0.008910326287150383,-0.12198130041360855,0.13538476824760437,0.0007925595273263752,0.032297611236572266,-0.061341542750597,0.06931541860103607,0.012334239669144154,2-4deg,0.00-0.04,0.0,0.0,0.0,0.0
15,41,True,True,0.10828699171543121,0.10050678253173828,0.10247401893138885,0.20100776851177216,2.0799999237060547,1.2988868951797485,0.33090490102767944,0.003883352968841791,-0.0029681783635169268,0.20100776851177216,0.10247401893138885,-0.019991399720311165,0.013125116005539894,0.387920618057251,0.23429521918296814,0.200985848903656,0.19968540966510773,>=0.15,False,True,False,True,True,False,False,False,True,0.09441208094358444,-0.08336463570594788,0.04417875409126282,0.020763874053955078,0.1710289865732193,0.07999999821186066,0.10247401893138885,-0.019994346424937248,0.019994346424937248,0.005740053486078978,-0.00475684180855751,0.007453307043761015,0.07130702584981918,0.012482330203056335,0.0003452669770922512,-0.0010330576915293932,0.20100511610507965,0.0017102898564189672,0.010007895529270172,-0.00481492979452014,0.011107784695923328,0.07093419134616852,0-2deg,0.04-0.08,0.0,0.0,0.0,0.0
16,45,True,True,0.07368408143520355,0.06630769371986389,0.06485550105571747,0.24835780262947083,2.0799999237060547,1.3191735744476318,0.42465147376060486,-0.019606374204158783,-0.11926447600126266,0.24835780262947083,0.06485550105571747,-0.02001257799565792,0.0960337370634079,0.8159928321838379,0.40903016924858093,0.21784760057926178,0.21144290268421173,>=0.15,False,True,False,True,True,False,False,False,True,0.05636655539274216,-0.2453511506319046,0.19734905660152435,0.07117507606744766,0.14807607233524323,0.07999999821186066,0.06485550105571747,-0.020014427602291107,0.020014427602291107,0.002152250846847892,0.002630810486152768,0.0034004871267825365,0.056923866271972656,0.005404289811849594,0.0003452669770922512,-0.11961980909109116,0.21765270829200745,0.0014807606348767877,0.0020871623419225216,-0.0007854091818444431,0.0022375863045454025,0.05695311352610588,0-2deg,0.04-0.08,0.0,0.0,0.0,0.0
17,14,True,True,0.08954750746488571,0.08541031181812286,0.08242946118116379,0.0749397799372673,2.119999885559082,1.454422950744629,0.43233397603034973,0.003775280434638262,-0.02030005119740963,0.0749397799372673,0.08242946118116379,-0.019999563694000244,0.023069487884640694,0.8513405323028564,0.3196542263031006,0.07213790714740753,0.07521156966686249,0.05-0.10,False,True,False,True,True,False,False,False,True,0.07938077300786972,0.0012915937695652246,0.09718596935272217,0.24922873079776764,0.24922873079776764,0.05999999865889549,0.08242946118116379,-0.020042797550559044,0.020042797550559044,0.006311407778412104,0.010222231037914753,0.012015164829790592,0.02651597373187542,0.0021283691748976707,0.0003452669770922512,-0.02053251303732395,0.0720720887184143,0.0024922871962189674,0.0068398118019104,0.01113698910921812,0.01307016983628273,0.026301102712750435,0-2deg,0.00-0.04,0.0,0.0,0.0,0.0
18,5,True,True,0.08761391788721085,0.08264325559139252,0.08029959350824356,0.2019519954919815,2.1399998664855957,1.4005299806594849,0.3182484209537506,-0.01665901392698288,-0.17743967473506927,0.2019519954919815,0.08029959350824356,-0.019714606925845146,0.15807799994945526,1.20876145362854,0.48620861768722534,0.09643532335758209,0.10256898403167725,0.10-0.15,False,True,False,True,True,False,False,False,True,0.07516074925661087,-0.4672539234161377,0.5077880024909973,0.16916325688362122,0.16916325688362122,0.14000000059604645,0.08029959350824356,-0.0199144184589386,0.0199144184589386,-0.04610220342874527,-0.00045421329559758306,0.046104658395051956,0.03959689289331436,0.04126919433474541,0.004214523825794458,-0.17310196161270142,0.10402076691389084,0.0016916325548663735,-0.04473001882433891,0.004139586351811886,0.044921670109033585,0.04029029607772827,2-4deg,0.00-0.04,0.0,0.0,0.0,0.0
19,2,True,True,0.037999216467142105,0.03718210384249687,0.014749321155250072,0.17188119888305664,2.180000066757202,1.2809940576553345,0.34938913583755493,0.007116442080587149,-0.07146085798740387,0.17188119888305664,0.014749321155250072,-0.01998741924762726,0.07835652679204941,0.6256958246231079,0.35949116945266724,0.15632176399230957,0.15349459648132324,>=0.15,False,True,False,True,True,False,False,False,True,0.02202974632382393,-0.27912262082099915,0.3341614305973053,0.08801215142011642,0.2934440076351166,0.11999999731779099,0.014749321155250072,-0.020010465756058693,0.020010465756058693,-0.002964296378195286,-0.0080231549218297,0.008555404841899872,0.024338044226169586,0.08025135844945908,0.00048828125,-0.07064688950777054,0.1566912978887558,0.002934440039098263,-0.001019829884171486,-0.00654076412320137,0.006623381283134222,0.02455023117363453,0-2deg,0.00-0.04,0.0,0.0,0.0,0.0
20,31,True,True,0.05145925283432007,0.047425586730241776,0.03770310431718826,0.1640262007713318,2.180000066757202,1.1065700054168701,0.3578929305076599,0.012257341295480728,-0.05014456436038017,0.1640262007713318,0.03770310431718826,-0.019997453317046165,0.06324084848165512,0.7097457051277161,0.3261297941207886,0.15617336332798004,0.1577574610710144,>=0.15,False,True,False,True,True,False,False,False,True,0.03188661113381386,-0.06578012555837631,0.14496475458145142,0.4659755527973175,0.4659755527973175,0.07999999821186066,0.03770310431718826,-0.019997453317046165,0.019997453317046165,0.032534997910261154,0.02683214098215103,0.042169541120529175,0.062257979065179825,0.0019834081176668406,0.0007720404537394643,-0.056032173335552216,0.15415897965431213,0.0046597556211054325,0.03613297641277313,0.02596084401011467,0.0444895476102829,0.06112181022763252,2-4deg,0.04-0.08,0.0,0.0,0.0,0.0
21,4,True,True,0.0931379497051239,0.08266054093837738,0.08631118386983871,0.2325768619775772,2.200000047683716,1.3648128509521484,0.3721677362918854,-0.019054856151342392,-0.11344332247972488,0.2325768619775772,0.08631118386983871,-0.020007306709885597,0.09487565606832504,1.0177680253982544,0.3923848867416382,0.20303352177143097,0.20815837383270264,>=0.15,False,True,False,True,True,False,False,False,True,0.0771278366446495,-0.18629369139671326,0.13360843062400818,0.04226937144994736,0.2324550896883011,0.07999999821186066,0.08631118386983871,-0.020007306709885597,0.020007306709885597,-0.004704740829765797,0.046245601028203964,0.046484608203172684,0.004933090414851904,0.03379899635910988,0.0003452669770922512,-0.11166487634181976,0.2040170431137085,0.0023245508782565594,-0.004886554554104805,0.04644547402858734,0.04670216143131256,0.004095420241355896,2-4deg,0.00-0.04,0.0,0.0,0.0,0.0
22,36,True,True,0.05232878029346466,0.05232878029346466,0.038716454058885574,0.22869381308555603,2.200000047683716,1.177662968635559,0.329332560300827,-0.023960841819643974,-0.18681007623672485,0.22869381308555603,0.038716454058885574,-0.019879331812262535,0.16203457117080688,0.6175879240036011,0.3364005982875824,0.13191986083984375,0.17132847011089325,>=0.15,False,True,False,True,True,False,False,False,True,0.0521467961370945,-0.2851128578186035,0.35924628376960754,0.08868483453989029,0.08868483453989029,0.11999999731779099,0.038716454058885574,-0.019879331812262535,0.019879331812262535,-0.013322333805263042,0.04768676310777664,0.04951085150241852,0.04988768696784973,0.1648554503917694,0.0024168696254491806,-0.19188745319843292,0.12441887706518173,0.0008868483128026128,-0.014840538613498211,0.05230847746133804,0.05437062680721283,0.047367654740810394,2-4deg,0.04-0.08,0.0,0.0,0.0,0.0
23,44,True,True,0.05899389088153839,0.052662890404462814,0.04747249186038971,0.18184949457645416,1.0799999237060547,1.3408684730529785,0.6417744755744934,0.011639717034995556,-0.07269885390996933,0.18184949457645416,0.04747249186038971,-0.02000628411769867,0.08283627778291702,0.3681069612503052,0.24345561861991882,0.16668568551540375,0.15558701753616333,>=0.15,False,True,False,True,True,False,False,False,True,0.04190341383218765,-0.08137641847133636,0.16246140003204346,0.23251162469387054,0.34301984310150146,0.05999999865889549,0.04747249186038971,-0.02001170814037323,0.02001170814037323,0.024049336090683937,-0.07452987134456635,0.07830733805894852,0.02855064533650875,0.0006905339541845024,0.0005980199784971774,-0.07611499726772308,0.16515371203422546,0.003430198412388563,0.023534469306468964,-0.07552165538072586,0.07909730821847916,0.027333887293934822,4-6deg,0.00-0.04,0.0,0.0006905339541845024,0.0,0.0
24,7,True,True,0.05813702195882797,0.05813702195882797,0.0463746041059494,0.10118038207292557,2.240000009536743,1.2749544382095337,0.3582937717437744,-0.008753777481615543,-0.035166747868061066,0.10118038207292557,0.0463746041059494,-0.019965367391705513,0.0261079128831625,0.6095336079597473,0.3376501202583313,0.094872385263443,0.13736093044281006,0.10-0.15,False,True,False,True,True,False,False,False,True,0.049688395112752914,-0.05336713418364525,0.10594120621681213,0.16137491166591644,0.16137491166591644,0.05999999865889549,0.0463746041059494,-0.020070336759090424,0.020070336759090424,-0.025685027241706848,-0.022487880662083626,0.03413597494363785,0.030011197552084923,0.0024168696254491806,0.0008457279182039201,-0.03266402706503868,0.09576289355754852,0.0016137490747496486,-0.026867980137467384,-0.02249268628656864,0.035039160400629044,0.029131246730685234,0-2deg,0.00-0.04,0.0,0.0,0.0,0.0
25,21,True,True,0.07327193021774292,0.06832099705934525,0.06427733600139618,0.25594082474708557,2.259999990463257,1.303904414176941,0.32815322279930115,-0.025955451652407646,-0.1700216829776764,0.25594082474708557,0.06427733600139618,-0.019925089552998543,0.14537310600280762,0.8521180152893066,0.43133217096328735,0.19130690395832062,0.1879909634590149,>=0.15,False,True,False,True,True,False,False,False,True,0.05901503190398216,-0.12901636958122253,0.19607099890708923,0.04063791409134865,0.08947079628705978,0.05999999865889549,0.06427733600139618,-0.019925089552998543,0.019925089552998543,0.0074855489656329155,-0.006435147486627102,0.009868879802525043,0.04322657361626625,0.004721459001302719,0.0015440810238942504,-0.17159408330917358,0.1898978054523468,0.0008947079186327755,0.005879164673388004,-0.005787213798612356,0.008250387385487556,0.04337557777762413,0-2deg,0.04-0.08,0.0,0.0,0.0,0.0
26,57,True,True,0.10485585033893585,0.09586503356695175,0.09885294735431671,0.2794936001300812,2.3399999141693115,1.4117616415023804,0.3352506160736084,-0.028589222580194473,-0.1654890924692154,0.2794936001300812,0.09885294735431671,-0.02000339701771736,0.1367410123348236,1.0073643922805786,0.4382878541946411,0.2252332717180252,0.2232877016067505,>=0.15,False,True,False,True,True,False,False,False,True,0.09401203691959381,-0.12367873638868332,0.2034856528043747,0.06919261813163757,0.10131648927927017,0.05999999865889549,0.09885294735431671,-0.02000339701771736,0.02000339701771736,-0.01720709726214409,-0.043138857930898666,0.04644226282835007,0.042767662554979324,0.010369558818638325,0.0003452669770922512,-0.1680886298418045,0.22329998016357422,0.0010131648741662502,-0.01877540908753872,-0.04376800358295441,0.04762256518006325,0.04172191768884659,2-4deg,0.04-0.08,0.0,0.0,0.0,0.0
27,0,True,True,0.10177037864923477,0.1009460911154747,0.09559118747711182,0.04876627400517464,2.359999895095825,1.6099501848220825,0.34437301754951477,0.026637762784957886,-0.04113428667187691,0.04876627400517464,0.09559118747711182,-0.019621793180704117,0.06896733492612839,0.9840584993362427,0.4577998220920563,0.0261938888579607,0.17374929785728455,>=0.15,False,True,False,True,True,False,False,False,True,0.10021142661571503,-0.38478758931159973,0.35331523418426514,0.11447717994451523,0.7263581156730652,0.07999999821186066,0.09559118747711182,-0.020071515813469887,0.020071515813469887,-0.03853222727775574,0.00629293080419302,0.03904208540916443,0.02531496249139309,0.06666675955057144,0.0066413553431630135,-0.041021618992090225,0.026369988918304443,0.0072635808028280735,-0.0397409126162529,0.005420349072664976,0.040108684450387955,0.024376915767788887,2-4deg,0.00-0.04,0.0,0.0,0.0,0.0
28,10,True,True,0.09335112571716309,0.08182915300130844,0.08653776347637177,0.11832805722951889,2.359999895095825,1.2340943813323975,0.30717363953590393,0.0022625087294727564,0.005521903280168772,0.11832805722951889,0.08653776347637177,-0.019994918256998062,-0.00196138396859169,1.0536458492279053,0.42104896903038025,0.11819913983345032,0.11743858456611633,0.10-0.15,False,True,False,True,True,False,False,False,True,0.08308442682027817,-0.03293311223387718,0.13853970170021057,0.17052148282527924,0.17052148282527924,0.05999999865889549,0.08653776347637177,-0.020069405436515808,0.020069405436515808,2.7128413421451114e-05,0.016277248039841652,0.01627907156944275,0.039608925580978394,0.0012918708380311728,0.0003452669770922512,0.0060957809910178185,0.11817093193531036,0.0017052148468792439,2.3564394723507576e-05,0.01468356978148222,0.014685145579278469,0.04006769508123398,0-2deg,0.00-0.04,0.0,0.0,0.0,0.0
29,56,True,True,0.061501458287239075,0.0560421459376812,0.050554729998111725,0.20116418600082397,2.379999876022339,1.369345784187317,0.4002571702003479,-0.006503828801214695,-0.1436888724565506,0.20116418600082397,0.050554729998111725,-0.020018121227622032,0.13828524947166443,1.0735499858856201,0.3896593451499939,0.14078541100025177,0.14289380609989166,0.10-0.15,False,True,False,True,True,False,False,False,True,0.04315952956676483,-0.36427536606788635,0.23286119103431702,0.05266948789358139,0.2712477445602417,0.09999999403953552,0.050554729998111725,-0.020018121227622032,0.020018121227622032,-0.005369092337787151,0.024031398817896843,0.024623751640319824,0.027819672599434853,0.007250622380524874,0.001091830083169043,-0.14675308763980865,0.13758838176727295,0.0027124774642288685,-0.004181514494121075,0.02212003991007805,0.02251177653670311,0.028425998985767365,0-2deg,0.00-0.04,0.0,0.0,0.0,0.0
30,34,True,True,0.09945017844438553,0.09569947421550751,0.09313486516475677,0.08949398249387741,2.419999837875366,1.4858323335647583,0.3391546905040741,-0.06922544538974762,0.012623488903045654,0.08949398249387741,0.09313486516475677,-0.01988319680094719,-0.08420747518539429,0.5104973316192627,0.3193632662296295,0.08859921246767044,0.1244201585650444,0.10-0.15,False,True,False,True,True,False,False,False,True,0.089146189391613,0.09663371741771698,0.20602139830589294,0.4147506356239319,0.4147506356239319,0.17999999225139618,0.09313486516475677,-0.020079275593161583,0.020079275593161583,-0.06448890268802643,0.0287382360547781,0.07059451937675476,0.0395696759223938,0.0015822122804820538,0.0026067092549055815,0.011744196526706219,0.08872005343437195,0.004147506318986416,-0.06799707561731339,0.02351442165672779,0.07194217294454575,0.03909968584775925,4-6deg,0.00-0.04,0.0,0.0,0.0,0.0
31,27,True,True,0.059864308685064316,0.05984069034457207,0.04857663810253143,0.08192651718854904,2.4800000190734863,1.4773250818252563,0.3855578601360321,0.014971629716455936,0.03386649489402771,0.08192651718854904,0.04857663810253143,-0.020002493634819984,-0.019327985122799873,0.7710296511650085,0.4362489581108093,0.07459902763366699,0.055307745933532715,0.05-0.10,False,True,False,True,True,False,False,False,True,0.050734180957078934,-0.11924292892217636,0.19628064334392548,0.026262985542416573,0.22368595004081726,0.07999999821186066,0.04857663810253143,-0.020032010972499847,0.020032010972499847,9.189810225507244e-05,-0.004065896384418011,0.004070640541613102,0.00963161326944828,0.008983608335256577,0.0005980199784971774,0.03387178108096123,0.07459662854671478,0.002236859407275915,9.903439786285162e-05,-0.004640212748199701,0.004645096138119698,0.009511076845228672,0-2deg,0.00-0.04,0.0,0.0,0.0,0.0
32,13,True,True,0.12366615980863571,0.09206913411617279,0.11861108243465424,0.26665329933166504,2.5199999809265137,1.2166391611099243,0.29205983877182007,0.017425674945116043,0.0722222700715065,0.26665329933166504,0.11861108243465424,-0.019985340535640717,-0.05797142535448074,1.3055871725082397,0.4206766188144684,0.25668641924858093,0.24930353462696075,>=0.15,False,True,False,True,True,False,False,False,True,0.1046905517578125,-0.04288143292069435,0.07425277680158615,0.02706223353743553,0.7518481016159058,0.14000000059604645,0.11861108243465424,-0.019985340535640717,0.019985340535640717,0.0461982786655426,-0.0028112060390412807,0.04628407582640648,0.05953742563724518,0.09246394038200378,0.0003452669770922512,0.07927774637937546,0.2545958161354065,0.007518480997532606,0.04339836537837982,-0.009447313845157623,0.04441443458199501,0.06045878306031227,2-4deg,0.04-0.08,0.0,0.0,0.0,0.0
33,47,True,True,0.06235949322581291,0.05044654384255409,0.05169251561164856,0.2402411252260208,2.5399999618530273,1.265921711921692,0.37621626257896423,-0.0175959300249815,0.05792182683944702,0.2402411252260208,0.05169251561164856,-0.020103882998228073,-0.07556033134460449,0.6612301468849182,0.3274628520011902,0.23315414786338806,0.23598137497901917,>=0.15,False,True,False,True,True,False,False,False,True,0.03566158562898636,-0.10609964281320572,0.03642270341515541,0.08637014776468277,0.591759204864502,0.11999999731779099,0.05169251561164856,-0.02010597661137581,0.02010597661137581,-0.01615022122859955,0.07124302536249161,0.07304734736680984,0.015834832563996315,0.01756478101015091,0.0018911053193733096,0.07262825220823288,0.22899985313415527,0.0059175919741392136,-0.017673157155513763,0.07114937156438828,0.07330822944641113,0.014740006066858768,4-6deg,0.00-0.04,0.0,0.0,0.0,0.0
34,1,True,True,0.05504070594906807,0.05267331004142761,0.04251229017972946,0.21224381029605865,2.6599998474121094,1.3992047309875488,0.42254769802093506,-0.028560418635606766,-0.1706034243106842,0.21224381029605865,0.04251229017972946,-0.020018765702843666,0.14123444259166718,1.2065101861953735,0.5223224759101868,0.12626124918460846,0.11633851379156113,0.10-0.15,False,True,False,True,True,False,False,False,True,0.03932536020874977,-0.1337871253490448,0.10345297306776047,0.34337353706359863,0.34337353706359863,0.05999999865889549,0.04251229017972946,-0.020018765702843666,0.020018765702843666,0.022209370508790016,0.004644609987735748,0.022688494995236397,0.036244239658117294,0.0,0.0005980199784971774,-0.173005148768425,0.12294978648424149,0.003433735342696309,0.023644473403692245,0.004502053372561932,0.024070419371128082,0.035860199481248856,0-2deg,0.00-0.04,0.0,0.0,0.0,0.0
35,18,True,True,0.03880785405635834,0.03855639323592186,0.01683003641664982,0.20703652501106262,2.6599998474121094,1.468623161315918,0.35941946506500244,-0.000578714651055634,-0.10615109652280807,0.20703652501106262,0.01683003641664982,-0.020023008808493614,0.10524965077638626,0.5961018204689026,0.2283019721508026,0.17775282263755798,0.18460047245025635,>=0.15,False,True,False,True,True,False,False,False,True,0.017301641404628754,-0.22880373895168304,0.054564468562603,0.04792104661464691,0.19733719527721405,0.07999999821186066,0.01683003641664982,-0.020023008808493614,0.020023008808493614,-0.024361534044146538,-0.0033870800398290157,0.024594683200120926,0.03719427436590195,0.02480945736169815,0.0005980199784971774,-0.11084215342998505,0.17486606538295746,0.0019733719527721405,-0.026536138728260994,-0.0038300591986626387,0.02681184560060501,0.0367753803730011,0-2deg,0.00-0.04,0.0,0.0,0.0,0.0
36,54,True,True,0.08805449306964874,0.07488364726305008,0.08077262341976166,0.27527356147766113,2.6599998474121094,1.2027409076690674,0.38126909732818604,0.00895677600055933,-0.0764990970492363,0.27527356147766113,0.08077262341976166,-0.020004235208034515,0.08258944749832153,1.7167747020721436,0.6764127016067505,0.26443037390708923,0.2572022080421448,>=0.15,False,True,False,True,True,False,False,False,True,0.06576443463563919,-0.3368154466152191,0.31181275844573975,0.05864233151078224,0.31317514181137085,0.07999999821186066,0.08077262341976166,-0.020011108368635178,0.020011108368635178,-0.0016764991451054811,0.03208254277706146,0.032126057893037796,0.049506641924381256,0.00749318627640605,0.0008457279182039201,-0.0829475000500679,0.2624790370464325,0.00313175143674016,-0.0017748611280694604,0.0350278802216053,0.0350731760263443,0.048715557903051376,0-2deg,0.04-0.08,0.0,0.0,0.0,0.0
37,6,True,True,0.12464970350265503,0.10706382244825363,0.11932355910539627,0.22010646760463715,2.679999828338623,1.2930585145950317,0.31471407413482666,0.010635561309754848,-0.10959449410438538,0.22010646760463715,0.11932355910539627,-0.019549451768398285,0.11913817375898361,0.4491192698478699,0.22632400691509247,0.1908819079399109,0.19339917600154877,>=0.15,False,True,False,True,True,False,False,False,True,0.10217463970184326,-0.08160199224948883,0.2385098934173584,0.02749963290989399,0.10851850360631943,0.17999999225139618,0.11932355910539627,-0.019837860018014908,0.019837860018014908,0.03923679515719414,0.006148009095340967,0.03971581906080246,0.016171738505363464,0.011662732809782028,0.008843177929520607,-0.11430013179779053,0.18810193240642548,0.0010851849801838398,0.04129468649625778,0.007163402624428272,0.041911423206329346,0.012495465576648712,2-4deg,0.00-0.04,0.0,0.0,0.0,0.0
38,40,True,True,0.035856690257787704,0.035292647778987885,0.007815897464752197,0.22095216810703278,2.679999828338623,0.9701299071311951,0.27377671003341675,0.0075082373805344105,0.03395012393593788,0.22095216810703278,0.007815897464752197,-0.02001197449862957,-0.026051249355077744,0.4737688899040222,0.17474575340747833,0.2183283120393753,0.21553075313568115,>=0.15,False,True,False,True,True,False,False,False,True,0.0062661501578986645,-0.1092999130487442,0.15941253304481506,0.10608828812837601,0.31114742159843445,0.07999999821186066,0.007815897464752197,-0.02001197449862957,0.02001197449862957,0.00927416980266571,0.008862198330461979,0.01282618660479784,0.054282307624816895,0.005015297792851925,0.0009765625,0.03388639912009239,0.21833820641040802,0.0031114742159843445,0.01080627366900444,0.005980192683637142,0.012352725490927696,0.05449124425649643,0-2deg,0.04-0.08,0.0,0.0,0.0,0.0
39,11,True,True,0.06277608126401901,0.04638078436255455,0.05210079625248909,0.1454770416021347,2.7200000286102295,1.5181843042373657,0.32821860909461975,0.013465001247823238,0.03611350804567337,0.1454770416021347,0.05210079625248909,-0.01999633200466633,-0.02390259876847267,0.6214256882667542,0.24340197443962097,0.14092332124710083,0.14202480018138885,0.10-0.15,False,True,False,True,True,False,False,False,True,0.031983375549316406,-0.029157789424061775,0.16683922708034515,0.07082607597112656,0.1932574212551117,1.0399999618530273,0.05210079625248909,-0.01999633200466633,0.01999633200466633,-0.03530874475836754,0.018761133775115013,0.039982136338949203,0.012199566699564457,0.020816853269934654,0.0,0.0419185608625412,0.13930685818195343,0.0019325742032378912,-0.034327246248722076,0.0239255353808403,0.04184023290872574,0.008662417531013489,2-4deg,0.00-0.04,0.0,0.0,0.0,0.0
40,61,True,True,0.05106286704540253,0.05106286704540253,0.036891575902700424,0.1895577311515808,1.559999942779541,1.4692438840866089,0.5321880578994751,-0.02466379851102829,-0.18729472160339355,0.1895577311515808,0.036891575902700424,-0.01976873353123665,0.16057926416397095,0.4337794780731201,0.2573161721229553,0.029203133657574654,0.028037872165441513,0.00-0.05,False,True,False,True,True,False,False,False,True,0.03857610374689102,-0.2652994692325592,0.18717995285987854,0.3383566737174988,0.3383566737174988,0.07999999821186066,0.036891575902700424,-0.020187418907880783,0.020187418907880783,0.010760368779301643,0.004528280813246965,0.011672950349748135,0.05247111991047859,0.0037505615036934614,0.004734066314995289,-0.18688379228115082,0.03172675520181656,0.003383566625416279,0.011240286752581596,0.007630668114870787,0.013584506697952747,0.05214787274599075,0-2deg,0.04-0.08,0.0,0.0,0.0,0.0
41,60,True,True,0.08780357241630554,0.08308028429746628,0.08049619197845459,0.15958306193351746,2.7799999713897705,1.4607740640640259,0.3908935785293579,-0.002736734226346016,-0.013780533336102962,0.15958306193351746,0.08049619197845459,-0.019958944991230965,0.011251415126025677,1.9240374565124512,0.6470851302146912,0.15898695588111877,0.14951546490192413,0.10-0.15,False,True,False,True,True,False,False,False,True,0.07543040812015533,-0.0890393853187561,0.3814385235309601,0.22739796340465546,0.22739796340465546,0.09999999403953552,0.08049619197845459,-0.02000877633690834,0.02000877633690834,-0.06543154269456863,-0.0039854818023741245,0.06555246561765671,0.03829913213849068,0.0035881216172128916,0.0007720404537394643,-0.01794525980949402,0.15857087075710297,0.0022739795967936516,-0.06439482420682907,-0.006887122057378292,0.06476153433322906,0.03873619809746742,2-4deg,0.00-0.04,0.0,0.0,0.0,0.0
42,62,True,True,0.07017688453197479,0.0654778853058815,0.06084199994802475,0.19085770845413208,2.799999952316284,1.3284143209457397,0.3043252229690552,-0.0005581728764809668,-0.04477949067950249,0.19085770845413208,0.06084199994802475,-0.02001172862946987,0.04045724496245384,0.5183407664299011,0.22926537692546844,0.18553021550178528,0.24869343638420105,>=0.15,False,True,False,True,True,False,False,False,True,0.054986726492643356,-0.16986659169197083,0.061013445258140564,0.05091799423098564,0.28949210047721863,0.07999999821186066,0.06084199994802475,-0.02001296542584896,0.02001296542584896,-0.005986901931464672,0.009104682132601738,0.01089649647474289,0.06511904299259186,0.030337540432810783,0.0003452669770922512,-0.047105468809604645,0.18495334684848785,0.0028949209954589605,-0.006313077639788389,0.012985886074602604,0.014439552091062069,0.06468688696622849,0-2deg,0.04-0.08,0.0,0.0,0.0,0.0
43,9,True,True,0.04879900440573692,0.046579595655202866,0.03399235010147095,0.16708266735076904,2.819999933242798,1.306067705154419,0.30683568120002747,0.009135466068983078,-0.05887889862060547,0.16708266735076904,0.03399235010147095,-0.020000139251351357,0.06689105182886124,0.7868385910987854,0.3752681612968445,0.15636461973190308,0.152670219540596,>=0.15,False,True,False,True,True,False,False,False,True,0.03302694857120514,-0.257744163274765,0.21110449731349945,0.07988805323839188,0.23663751780986786,0.09999999403953552,0.03399235010147095,-0.020015297457575798,0.020015297457575798,-0.0027548857033252716,0.002444144105538726,0.003686444601044059,0.04371530935168266,0.07696396857500076,0.0005980199784971774,-0.059921909123659134,0.15596790611743927,0.0023663751780986786,-0.006229219492524862,0.0027630405966192484,0.006818489637225866,0.04347856342792511,0-2deg,0.04-0.08,0.0,0.0,0.0,0.0
44,55,True,True,0.03870648145675659,0.03708672896027565,0.016500113531947136,0.16753262281417847,2.819999933242798,1.3208755254745483,0.2884492576122284,0.011753161437809467,0.039366692304611206,0.16753262281417847,0.016500113531947136,-0.01998838409781456,-0.02767403982579708,0.8647715449333191,0.33628928661346436,0.1628417670726776,0.15453587472438812,>=0.15,False,True,False,True,True,False,False,False,True,0.012421063147485256,-0.05262451991438866,0.12397940456867218,0.2998482584953308,0.2998482584953308,0.05999999865889549,0.016500113531947136,-0.02002863399684429,0.02002863399684429,0.00020837734336964786,0.007025367580354214,0.0070251584984362125,0.0022632821928709745,0.002156191971153021,0.0,0.03940693289041519,0.16283202171325684,0.002998482435941696,0.0002591914089862257,0.0069470782764256,0.006948377937078476,0.002404168015345931,0-2deg,0.00-0.04,0.0,0.0,0.0,0.0
45,16,True,False,0.2976441979408264,0.0584571473300457,0.0,0.0,2.879999876022339,1.5875377655029297,0.3009568452835083,0.0036344656255096197,0.010281141847372055,0.26197028160095215,0.29556676745414734,-0.02000357210636139,-0.0035048502031713724,0.9887728095054626,0.3842734694480896,0.2617684602737427,0.2610083222389221,>=0.15,True,True,False,True,False,False,False,True,True,0.04878045991063118,-0.09230205416679382,0.07306104153394699,0.15813492238521576,0.5556682348251343,0.0,0.29556676745414734,-0.02015705034136772,0.02015705034136772,-0.0033712536096572876,0.04483808949589729,0.044964127242565155,0.033815063536167145,0.00969829224050045,0.00048828125,0.02448541671037674,0.26082348823547363,0.005556682124733925,-0.0333876758813858,0.043484002351760864,0.054817382246255875,0.02762487903237343,2-4deg,0.00-0.04,0.0,0.0006905339541845024,0.0,0.0
46,15,True,True,0.06860804557800293,0.06610126793384552,0.05896841734647751,0.23082903027534485,2.93999981880188,1.3414232730865479,0.2892268896102905,0.015254761092364788,-0.19929061830043793,0.23082903027534485,0.05896841734647751,-0.019367918372154236,0.21664009988307953,0.8458437323570251,0.4015061557292938,0.11647012829780579,0.11385451257228851,0.10-0.15,False,True,False,True,True,False,False,False,True,0.05527493357658386,-0.4143403172492981,0.22845572233200073,0.0832362249493599,0.1529081016778946,0.09999999403953552,0.05896841734647751,-0.01972675509750843,0.01972675509750843,-0.008156771771609783,-0.030219992622733116,0.03130083158612251,0.04197124019265175,0.03030805103480816,0.013006165623664856,-0.19902954995632172,0.11691570281982422,0.0015290810260921717,-0.007081105839461088,-0.026987839490175247,0.027901383116841316,0.04316677525639534,0-2deg,0.04-0.08,0.0,0.0,0.0,0.0
47,43,True,True,0.08869905769824982,0.086068294942379,0.08120591938495636,0.16497309505939484,0.9199999570846558,1.3334556818008423,0.6103783249855042,-0.0031936336308717728,-0.10787075012922287,0.16497309505939484,0.08120591938495636,-0.019689789041876793,0.10119082033634186,0.5664103031158447,0.243605837225914,0.12481996417045593,0.1441061794757843,0.10-0.15,False,True,False,True,True,False,False,False,True,0.07924669235944748,-0.37730294466018677,0.4277077615261078,0.1950361728668213,0.1950361728668213,0.09999999403953552,0.08120591938495636,-0.019821390509605408,0.019821390509605408,0.028690040111541748,-0.04082954302430153,0.049897149205207825,0.04001743718981743,0.031220735982060432,0.004955518525093794,-0.10221439599990845,0.1294926255941391,0.001950361649505794,0.029407920315861702,-0.03768595680594444,0.04779753088951111,0.04060889407992363,2-4deg,0.04-0.08,0.0,0.0,0.0,0.0
48,49,True,True,0.052855316549539566,0.05063708499073982,0.03959837183356285,0.12625017762184143,3.0199999809265137,1.2048650979995728,0.3152133524417877,0.003117743181064725,0.0020089694298803806,0.12625017762184143,0.03959837183356285,-0.01998639851808548,0.0016404122579842806,0.802100419998169,0.3151567578315735,0.12623420357704163,0.1211991086602211,0.10-0.15,False,True,False,True,True,False,False,False,True,0.03656451031565666,-0.11316829919815063,0.03982580453157425,0.0629902109503746,0.14875483512878418,0.11999999731779099,0.03959837183356285,-0.020032331347465515,0.020032331347465515,0.03326072171330452,0.008384672924876213,0.034301482141017914,0.03203250840306282,0.023366713896393776,0.00048828125,0.001282877754420042,0.1262436807155609,0.001487548346631229,0.030518891289830208,0.01011066883802414,0.03215017169713974,0.0327526219189167,0-2deg,0.00-0.04,0.0,0.0,0.0,0.0
49,19,True,True,0.043230295181274414,0.043230295181274414,0.025365013629198074,0.14042125642299652,3.119999885559082,1.1740778684616089,0.271110862493515,0.006226894911378622,0.024661939591169357,0.14042125642299652,0.025365013629198074,-0.019994040951132774,-0.01783282682299614,1.214097023010254,0.4937557876110077,0.13823863863945007,0.13407279551029205,0.10-0.15,False,True,False,True,True,False,False,False,True,0.02966349385678768,-0.06450142711400986,0.14508472383022308,0.028770364820957184,0.4518992006778717,0.09999999403953552,0.025365013629198074,-0.020020028576254845,0.020020028576254845,0.02375645749270916,-0.03214511647820473,0.03996871039271355,0.038418613374233246,0.05613848194479942,0.0003452669770922512,0.029681028798222542,0.13724856078624725,0.004518991801887751,0.020655011758208275,-0.031990259885787964,0.038077279925346375,0.039219412952661514,2-4deg,0.00-0.04,0.0,0.0,0.0,0.0
50,22,True,True,0.04300791025161743,0.04300791025161743,0.02505112998187542,0.17664840817451477,2.1599998474121094,1.4092530012130737,0.4559735953807831,-0.01597229391336441,-0.16295264661312103,0.17664840817451477,0.02505112998187542,-0.020023616030812263,0.14725251495838165,0.7438033819198608,0.37363946437835693,0.06819894909858704,0.0644804909825325,0.05-0.10,False,True,False,True,True,False,False,False,True,0.02526814676821232,-0.1508474051952362,0.08679460734128952,0.4586937725543976,0.4586937725543976,0.05999999865889549,0.02505112998187542,-0.020067231729626656,0.020067231729626656,0.00026956433430314064,-0.0051061250269412994,0.0051094903610646725,0.05899571627378464,0.0013372133253142238,0.0007720404537394643,-0.16316862404346466,0.06768058240413666,0.004586937837302685,-0.0017731792759150267,-0.006284857168793678,0.006532769650220871,0.05891454964876175,0-2deg,0.04-0.08,0.0,0.0,0.0,0.0
51,20,True,True,0.08641297370195389,0.07772648334503174,0.07901124656200409,0.27159255743026733,3.1399998664855957,1.2281183004379272,0.2578771114349365,0.010366754606366158,0.013399616815149784,0.27159255743026733,0.07901124656200409,-0.019991286098957062,-0.002554486971348524,0.8694401979446411,0.32475826144218445,0.2712618112564087,0.2637602686882019,>=0.15,False,True,False,True,True,False,False,False,True,0.0704663097858429,-0.01671011745929718,0.2061297595500946,0.19659766554832458,0.19659766554832458,0.05999999865889549,0.07901124656200409,-0.02000238373875618,0.02000238373875618,-0.00019494716252665967,0.025988370180130005,0.02598995715379715,0.011497377417981625,0.0037505615036934614,0.0,0.008635957725346088,0.27145522832870483,0.0019659765530377626,-0.0003002431767527014,0.025533590465784073,0.025536449626088142,0.011842267587780952,0-2deg,0.00-0.04,0.0,0.0,0.0,0.0
52,26,True,True,0.0397053100168705,0.03717987984418869,0.01875799335539341,0.18447156250476837,2.1399998664855957,1.3506271839141846,0.3758944272994995,0.0011117119574919343,-0.02900969609618187,0.18447156250476837,0.01875799335539341,-0.02000470645725727,0.030190562829375267,0.788651704788208,0.373803973197937,0.18217627704143524,0.18564344942569733,>=0.15,False,True,False,True,True,False,False,False,True,0.012920813634991646,-0.16551867127418518,0.22188302874565125,0.041809648275375366,0.33478450775146484,0.07999999821186066,0.01875799335539341,-0.02013467252254486,0.02013467252254486,-0.00025387233472429216,0.012319905683398247,0.012323739938437939,0.0031268077436834574,0.046848755329847336,0.0,-0.030044278129935265,0.1820085197687149,0.003347845049574971,-0.0002571825752966106,0.01211327500641346,0.01211397722363472,0.0037600561045110226,0-2deg,0.00-0.04,0.0,0.0,0.0,0.0
53,52,True,True,0.11422006785869598,0.10504357516765594,0.10872723162174225,0.17707844078540802,3.179999828338623,1.394012451171875,0.4116629958152771,0.009791034273803234,-0.050516277551651,0.17707844078540802,0.10872723162174225,-0.01999679207801819,0.06085432320833206,1.3733437061309814,0.4954855442047119,0.16972000896930695,0.17207103967666626,>=0.15,False,True,False,True,True,False,False,False,True,0.09920850396156311,-0.09405004233121872,0.0023941502440720797,0.035946160554885864,0.32840651273727417,0.11999999731779099,0.10872723162174225,-0.01999679207801819,0.01999679207801819,-0.005267959088087082,-0.08462491631507874,0.08478827029466629,0.014294983819127083,0.10343843698501587,0.0003452669770922512,-0.038347817957401276,0.1728762984275818,0.0032840650528669357,-0.005266872700303793,-0.08581811934709549,0.08597923815250397,0.009560447186231613,4-6deg,0.00-0.04,0.0,0.0,0.0,0.0
54,12,True,True,0.07544592022895813,0.07544592022895813,0.06661370396614075,0.09026482701301575,3.3399999141693115,1.5135221481323242,0.32091084122657776,-0.0010718838311731815,-0.08489760756492615,0.09026482701301575,0.06661370396614075,-0.0197466928511858,0.08054029196500778,0.5929701328277588,0.24343588948249817,0.030661633238196373,0.07373140007257462,0.05-0.10,False,True,False,True,True,False,False,False,True,0.06789524853229523,-0.08011949807405472,0.05390835553407669,0.06447670608758926,0.06447670608758926,0.05999999865889549,0.06661370396614075,-0.020002851262688637,0.020002851262688637,-0.020458323881030083,-0.024982811883091927,0.03228894621133804,0.05016797408461571,0.0,0.00393665162846446,-0.08449114859104156,0.03176455572247505,0.0006447670748457313,-0.022304115816950798,-0.025736037641763687,0.03405379503965378,0.04950543865561485,0-2deg,0.04-0.08,0.0,0.0,0.0,0.0
55,35,True,True,0.04241647943854332,0.041881341487169266,0.023972008377313614,0.1470392942428589,3.359999895095825,1.2424089908599854,0.24703650176525116,0.03843710198998451,0.09392532706260681,0.1470392942428589,0.023972008377313614,-0.020016789436340332,-0.05510589852929115,0.8472227454185486,0.3761879801750183,0.1131308302283287,0.10632794350385666,0.10-0.15,False,True,False,True,True,False,False,False,True,0.02499360404908657,-0.1128135472536087,0.126727893948555,0.08087810128927231,0.6518275141716003,0.09999999403953552,0.023972008377313614,-0.020098838955163956,0.020098838955163956,-0.030103061348199844,-0.015040522441267967,0.03365050628781319,0.033593375235795975,0.07138694077730179,0.0015822122804820538,0.09760207682847977,0.10997448116540909,0.006518275011330843,-0.032297126948833466,-0.013520433567464352,0.03501192852854729,0.03312886133790016,0-2deg,0.00-0.04,0.0,0.0,0.0,0.0
56,39,True,True,0.0935402661561966,0.07940632849931717,0.08673172444105148,0.27796244621276855,3.359999895095825,1.3714938163757324,0.2761167883872986,0.023650411516427994,-0.0650593638420105,0.27796244621276855,0.08673172444105148,-0.019980991259217262,0.08738455176353455,1.3824383020401,0.5256978869438171,0.270241379737854,0.2567632496356964,>=0.15,False,True,False,True,True,False,False,False,True,0.07626720517873764,-0.05647353082895279,0.28255948424339294,0.03128882870078087,0.36638370156288147,0.05999999865889549,0.08673172444105148,-0.019984785467386246,0.019984785467386246,0.010444912128150463,-0.04417460784316063,0.045391734689474106,0.023938285186886787,0.00322043732739985,0.00048828125,-0.05540138855576515,0.2723853886127472,0.0036638369783759117,0.010472448542714119,-0.0432027205824852,0.044453345239162445,0.02467329241335392,2-4deg,0.00-0.04,0.0,0.0,0.0,0.0
57,53,True,False,0.2833081781864166,0.12237970530986786,0.0,0.0,3.4600000381469727,1.2452940940856934,0.2070816159248352,0.01331115048378706,-0.08601780235767365,0.1183047965168953,0.28111258149147034,-0.019982125610113144,0.10500003397464752,0.8249827027320862,0.16255557537078857,0.08122169226408005,0.07310791313648224,0.05-0.10,True,True,False,True,False,False,False,True,True,0.1185729056596756,-0.0003056644054595381,0.09055371582508087,0.18240974843502045,0.7058227062225342,0.0,0.28111258149147034,-0.02017483301460743,0.02017483301460743,0.0013735605170950294,-0.027830321341753006,0.027865039184689522,0.021945659071207047,0.026536965742707253,0.0008457279182039201,-0.08637665212154388,0.08083996921777725,0.007058226969093084,-0.01902391016483307,-0.012117953971028328,0.022554103285074234,0.02622278220951557,0-2deg,0.00-0.04,0.0,0.0,0.0,0.0
58,42,True,True,0.08051379770040512,0.07415207475423813,0.07229825854301453,0.23434676229953766,3.4800000190734863,1.147802472114563,0.252246230840683,-0.009771985933184624,-0.12840259075164795,0.23434676229953766,0.07229825854301453,-0.019809650257229805,0.11878862231969833,0.6802490949630737,0.3343767821788788,0.19603872299194336,0.2385348230600357,>=0.15,False,True,False,True,True,False,False,False,True,0.06934083998203278,-0.3014959692955017,0.2755562365055084,0.056345947086811066,0.13038212060928345,0.11999999731779099,0.07229825854301453,-0.020069947466254234,0.020069947466254234,-0.023228134959936142,-0.024710342288017273,0.03391169384121895,0.004134821705520153,0.09814564883708954,0.0037822125013917685,-0.13503333926200867,0.1915317177772522,0.001303821220062673,-0.02358189783990383,-0.0247967429459095,0.0342179574072361,0.003191242925822735,0-2deg,0.00-0.04,0.0,0.0,0.0,0.0
59,29,True,True,0.04705125093460083,0.04573387652635574,0.03143696486949921,0.15341630578041077,3.5999999046325684,1.4178736209869385,0.3192324638366699,0.013791472651064396,0.04270385950803757,0.15341630578041077,0.03143696486949921,-0.019990229979157448,-0.029133426025509834,1.23176908493042,0.4253520965576172,0.1473531275987625,0.14438891410827637,0.10-0.15,False,True,False,True,True,False,False,False,True,0.027610784396529198,-0.10013841837644577,0.10262612998485565,0.04007432982325554,0.2966643273830414,0.09999999403953552,0.03143696486949921,-0.0200058463960886,0.0200058463960886,-0.03161568567156792,-0.018333297222852707,0.03654491901397705,0.004020589869469404,0.03190820664167404,0.0003452669770922512,0.04049205407500267,0.14797620475292206,0.002966643311083317,-0.03166981786489487,-0.01862076297402382,0.03673691675066948,0.003396193264052272,2-4deg,0.00-0.04,0.0,0.0,0.0,0.0
60,33,True,True,0.0676119476556778,0.06749139726161957,0.05756820738315582,0.14691220223903656,1.7999999523162842,1.3027937412261963,0.4113866984844208,-0.0054570273496210575,-0.10059212148189545,0.14691220223903656,0.05756820738315582,-0.019774898886680603,0.09285381436347961,0.48667094111442566,0.24162565171718597,0.10707202553749084,0.22269409894943237,>=0.15,False,True,False,True,True,False,False,False,True,0.06093944236636162,-0.22838841378688812,0.28898555040359497,0.22702382504940033,0.22702382504940033,0.07999999821186066,0.05756820738315582,-0.020186929032206535,0.020186929032206535,-0.003029088955372572,0.030307795852422714,0.030459126457571983,0.04377566650509834,0.0035881216172128916,0.004619361832737923,-0.09716247022151947,0.11019368469715118,0.0022702382411807775,-0.0007407353259623051,0.031586773693561554,0.0315946601331234,0.04359542205929756,0-2deg,0.04-0.08,0.0,0.0,0.0,0.0
61,50,True,True,0.042700525373220444,0.042700525373220444,0.024463167414069176,0.12712924182415009,3.6399998664855957,1.3461116552352905,0.3164723515510559,0.010979552753269672,0.0446740947663784,0.12712924182415009,0.024463167414069176,-0.01999317668378353,-0.03339678421616554,1.0107206106185913,0.3354955315589905,0.11902130395174026,0.11809615045785904,0.10-0.15,False,True,False,True,True,False,False,False,True,0.029552651569247246,-0.059239961206912994,0.12375897914171219,0.06409227102994919,0.3696593940258026,0.07999999821186066,0.024463167414069176,-0.020032433792948723,0.020032433792948723,-0.023460453376173973,-0.0320173054933548,0.0396902896463871,0.06232106685638428,0.005236239172518253,0.0003452669770922512,0.04952971637248993,0.11708395183086395,0.0036965939216315746,-0.02712991088628769,-0.03145211189985275,0.0415327325463295,0.061415549367666245,2-4deg,0.04-0.08,0.0,0.0,0.0,0.0
62,59,True,True,0.07247558236122131,0.07247558236122131,0.06347149610519409,0.06803072243928909,3.6599998474121094,1.1630076169967651,0.28295791149139404,0.005809662863612175,-0.040126945823431015,0.06803072243928909,0.06347149610519409,-0.019996365532279015,0.04796183481812477,1.0386208295822144,0.3374004364013672,0.054936397820711136,0.05453728511929512,0.05-0.10,False,True,False,True,True,False,False,False,True,0.06405428051948547,-0.11726982146501541,0.13251899182796478,0.0343153141438961,0.16724984347820282,0.07999999821186066,0.06347149610519409,-0.02000020630657673,0.02000020630657673,-0.01879093050956726,-0.02401237189769745,0.03049042448401451,0.0356350839138031,0.006166675128042698,0.0003452669770922512,-0.03978196531534195,0.05518672987818718,0.0016724984161555767,-0.016850434243679047,-0.02303941361606121,0.0285435039550066,0.036707554012537,0-2deg,0.00-0.04,0.0,0.0,0.0,0.0
63,25,True,True,0.037855248898267746,0.037855248898267746,0.0144030237570405,0.19319839775562286,3.799999952316284,1.3340811729431152,0.2543070316314697,-0.012281496077775955,-0.07457984238862991,0.19319839775562286,0.0144030237570405,-0.01999260112643242,0.06316801905632019,0.6935887336730957,0.3949723541736603,0.17822307348251343,0.19708359241485596,>=0.15,False,True,False,True,True,False,False,False,True,0.023291321471333504,-0.1688288152217865,0.21166539192199707,0.03616173937916756,0.32087498903274536,0.07999999821186066,0.0144030237570405,-0.01999260112643242,0.01999260112643242,0.05898679420351982,-0.03160066157579422,0.06690968573093414,0.056662362068891525,0.03472468629479408,0.0003452669770922512,-0.06470146775245667,0.18204213678836823,0.0032087499275803566,0.056864846497774124,-0.02887551672756672,0.0637693777680397,0.05844650790095329,2-4deg,0.04-0.08,0.0,0.0,0.0,0.0
64,8,True,True,0.06649862974882126,0.06571871042251587,0.05630381405353546,0.05394064635038376,3.819999933242798,1.0743032693862915,0.1922515332698822,-0.010159566067159176,-0.03674507886171341,0.05394064635038376,0.05630381405353546,-0.01978152059018612,0.02783377468585968,0.9919536113739014,0.3880234956741333,0.03948914632201195,0.16441676020622253,>=0.15,False,True,False,True,True,False,False,False,True,0.057292431592941284,-0.1898012012243271,0.2751060426235199,0.05267094448208809,0.09356135129928589,0.07999999821186066,0.05630381405353546,-0.020003056153655052,0.020003056153655052,-0.02344171516597271,-0.05644255504012108,0.06111201271414757,0.03945966064929962,0.027494613081216812,0.003126526717096567,-0.03841736167669296,0.03786423057317734,0.0009356134687550366,-0.022265294566750526,-0.05434313416481018,0.05872311443090439,0.040751080960035324,2-4deg,0.00-0.04,0.0,0.0006905339541845024,0.0,0.0
65,32,True,True,0.04733612760901451,0.04627446085214615,0.031353503465652466,0.11264901608228683,2.740000009536743,1.1460368633270264,0.24851037561893463,0.0014768154360353947,-0.10146219283342361,0.11264901608228683,0.031353503465652466,-0.019681157544255257,0.10407150536775589,0.8073152303695679,0.3576107621192932,0.048941027373075485,0.10038291662931442,0.10-0.15,False,True,False,True,True,False,False,False,True,0.030913978815078735,-0.25119951367378235,0.29884612560272217,0.043568722903728485,0.057827241718769073,0.07999999821186066,0.031353503465652466,-0.019749822095036507,0.019749822095036507,0.009557193145155907,0.08491414785385132,0.08544870465993881,0.04749029129743576,0.027300966903567314,0.006403759587556124,-0.09751366078853607,0.05639936029911041,0.0005782723892480135,0.012267705984413624,0.08564603328704834,0.08651825040578842,0.04614131525158882,4-6deg,0.04-0.08,0.0,0.0,0.0,0.0
66,14,True,True,0.06647898256778717,0.06314994394779205,0.05636566877365112,0.210818350315094,2.059999942779541,1.3917902708053589,0.40467581152915955,-0.0229494646191597,-0.13967391848564148,0.210818350315094,0.05636566877365112,-0.019883552566170692,0.11634444445371628,0.7179376482963562,0.37175995111465454,0.15791001915931702,0.15502990782260895,>=0.15,False,True,False,True,True,False,False,False,True,0.05360127612948418,-0.1156221255660057,0.1611451506614685,0.06225598230957985,0.12107552587985992,0.05999999865889549,0.05636566877365112,-0.02001422643661499,0.02001422643661499,-0.005934740882366896,-0.02311127632856369,0.023861488327383995,0.0175611712038517,0.00048828125,0.002441406948491931,-0.14022624492645264,0.15741975605487823,0.0012107552029192448,-0.005387020297348499,-0.02354510687291622,0.02415447309613228,0.01737482286989689,0-2deg,0.00-0.04,0.0,0.0,0.0,0.0
67,24,True,True,0.0503448024392128,0.04951142147183418,0.035987719893455505,0.21924157440662384,2.180000066757202,1.4899665117263794,0.4373718798160553,-0.027030032128095627,-0.20484234392642975,0.21924157440662384,0.035987719893455505,-0.01987948641180992,0.17962132394313812,0.8704418540000916,0.3760097622871399,0.07814399898052216,0.0738486796617508,0.05-0.10,False,True,False,True,True,False,False,False,True,0.03511196747422218,-0.22490614652633667,0.1327352076768875,0.36991578340530396,0.36991578340530396,0.05999999865889549,0.035987719893455505,-0.020123543217778206,0.020123543217778206,-0.0028131799772381783,0.04875297099351883,0.04883420094847679,0.03727930784225464,0.0009134905994869769,0.002441406948491931,-0.2034665197134018,0.08165933936834335,0.003699157852679491,-0.002144082449376583,0.04740516096353531,0.04745322838425636,0.03795524314045906,2-4deg,0.00-0.04,0.0,0.0,0.0,0.0
68,48,True,True,0.1112937405705452,0.10350126773118973,0.10566886514425278,0.21482017636299133,2.180000066757202,1.605868935585022,0.44794970750808716,-0.009119397960603237,-0.13976356387138367,0.21482017636299133,0.10566886514425278,-0.019786469638347626,0.13057756423950195,0.5401203036308289,0.38308578729629517,0.1631375253200531,0.1931317299604416,>=0.15,False,True,False,True,True,False,False,False,True,0.0974472314119339,-0.2812064588069916,0.18497568368911743,0.17618195712566376,0.17618195712566376,0.14000000059604645,0.10566886514425278,-0.01994861103594303,0.01994861103594303,-0.05196172744035721,-0.01563265733420849,0.05426083505153656,0.0434296578168869,0.0028049631509929895,0.00417187949642539,-0.13225890696048737,0.16927874088287354,0.0017618195852264762,-0.046541713178157806,-0.016194218769669533,0.049276649951934814,0.04732662811875343,2-4deg,0.04-0.08,0.0,0.0,0.0,0.0
69,3,True,True,0.0503823347389698,0.046873245388269424,0.03621520474553108,0.2004258632659912,2.359999895095825,1.0091408491134644,0.29088759422302246,0.014921998605132103,0.04002676159143448,0.2004258632659912,0.03621520474553108,-0.0199836827814579,-0.02487252838909626,0.2975861728191376,0.11083737015724182,0.1963883489370346,0.18631477653980255,>=0.15,False,True,False,True,True,False,False,False,True,0.030985074117779732,-0.07428158819675446,0.1020844504237175,0.12731000781059265,0.3862851858139038,0.07999999821186066,0.03621520474553108,-0.019995376467704773,0.019995376467704773,-0.00157841423060745,-0.02309093438088894,0.0231437087059021,0.025591325014829636,0.00854843482375145,0.0003452669770922512,0.041697412729263306,0.19604043662548065,0.0038628517650067806,-0.002734220353886485,-0.024086784571409225,0.02424069680273533,0.025258557870984077,0-2deg,0.00-0.04,0.0,0.0,0.0,0.0
70,27,True,True,0.053147539496421814,0.053147539496421814,0.04000743851065636,0.1483837217092514,1.8799999952316284,1.3756320476531982,0.34836938977241516,-0.010190902277827263,-0.06850751489400864,0.1483837217092514,0.04000743851065636,-0.020006218925118446,0.05602230876684189,0.4354332983493805,0.29828622937202454,0.13162237405776978,0.22496163845062256,>=0.15,False,True,False,True,True,False,False,False,True,0.045797381550073624,-0.317210853099823,0.32971206307411194,0.10439718514680862,0.32422420382499695,0.07999999821186066,0.04000743851065636,-0.020103255286812782,0.020103255286812782,0.014860107563436031,0.0002642696781549603,0.01486266776919365,0.060646045953035355,0.05885398015379906,0.0003452669770922512,-0.06736002117395401,0.132213294506073,0.0032422419171780348,0.018473319709300995,0.00027834181673824787,0.018474465236067772,0.059763625264167786,0-2deg,0.04-0.08,0.0,0.0,0.0,0.0
71,30,True,True,0.05641952529549599,0.04781768471002579,0.04423055425286293,0.22547000646591187,4.420000076293945,1.239727258682251,0.18460407853126526,-0.0033792769536376,0.04679100587964058,0.22547000646591187,0.04423055425286293,-0.020035147666931152,-0.048406898975372314,1.0137156248092651,0.2352316528558731,0.22056140005588531,0.2200612872838974,>=0.15,False,True,False,True,True,False,False,False,True,0.031995128840208054,-0.19040285050868988,0.1805398315191269,0.04969450831413269,0.43355700373649597,0.07999999821186066,0.04423055425286293,-0.020035147666931152,0.020035147666931152,-0.0026949031744152308,-0.030523132532835007,0.030642550438642502,0.05910445377230644,0.006272096652537584,0.0013810680247843266,0.05233165994286537,0.219312846660614,0.004335570149123669,0.0008407792774960399,-0.030796142295002937,0.03080746904015541,0.05908781662583351,0-2deg,0.04-0.08,0.0,0.0,0.0,0.0
72,54,True,True,0.06996634602546692,0.06385663896799088,0.060588426887989044,0.24557563662528992,1.7599999904632568,1.4957852363586426,0.5356075763702393,-0.026801928877830505,-0.14102739095687866,0.24557563662528992,0.060588426887989044,-0.02000383846461773,0.11379998177289963,0.9921108484268188,0.44228067994117737,0.20104394853115082,0.2081729918718338,>=0.15,False,True,False,True,True,False,False,False,True,0.05340593680739403,-0.07429267466068268,0.12312968075275421,0.6973224878311157,0.6973224878311157,0.05999999865889549,0.060588426887989044,-0.020012926310300827,0.020012926310300827,0.02006620354950428,0.002996075665578246,0.02028900757431984,0.004219453316181898,0.0007720404537394643,0.0,-0.14196592569351196,0.2003823220729828,0.006973224692046642,0.020221764221787453,0.0030416767112910748,0.020449956879019737,0.003885590238496661,0-2deg,0.00-0.04,0.0,0.0,0.0,0.0
73,31,True,True,0.08514391630887985,0.07871859520673752,0.07756126672029495,0.1598784476518631,2.259999990463257,1.560684323310852,0.358133465051651,-0.01157668698579073,-0.1337743103504181,0.1598784476518631,0.07756126672029495,-0.019787484779953957,0.12112307548522949,1.0307942628860474,0.4255751967430115,0.08755313605070114,0.08768045902252197,0.05-0.10,False,True,False,True,True,False,False,False,True,0.07043370604515076,-0.39545881748199463,0.23585720360279083,0.14196328818798065,0.14196328818798065,0.09999999403953552,0.07756126672029495,-0.019821500405669212,0.019821500405669212,-0.04488416016101837,-0.0465073361992836,0.06462231278419495,0.02892487309873104,0.0013372133253142238,0.004312386270612478,-0.13196884095668793,0.09025157243013382,0.0014196328120306134,-0.04674302786588669,-0.04521965980529785,0.06502532958984375,0.02764669992029667,2-4deg,0.00-0.04,0.0,0.0,0.0,0.0
74,44,True,True,0.09489678591489792,0.08921629935503006,0.088196761906147,0.15052248537540436,2.2200000286102295,1.5547417402267456,0.423483669757843,-0.01731247268617153,-0.11190275847911835,0.15052248537540436,0.088196761906147,-0.019965175539255142,0.09510676562786102,0.4979751408100128,0.32006725668907166,0.10067170113325119,0.10084735602140427,0.10-0.15,False,True,False,True,True,False,False,False,True,0.08235476166009903,-0.3230876624584198,0.36546236276626587,0.30137038230895996,0.30137038230895996,0.14000000059604645,0.088196761906147,-0.020000344142317772,0.020000344142317772,-0.003137026447802782,0.009885037317872047,0.010369558818638325,0.01212187297642231,0.03159654513001442,0.0006905339541845024,-0.11070895940065384,0.10198307037353516,0.003013703739270568,-0.0037894342094659805,0.011156704276800156,0.011784753762185574,0.011689112521708012,0-2deg,0.00-0.04,0.0,0.0,0.0,0.0
75,5,True,True,0.10656087845563889,0.09763462096452713,0.10036523640155792,0.20552393794059753,2.319999933242798,1.4672938585281372,0.3570627272129059,0.0006144401850178838,-0.13598531484603882,0.20552393794059753,0.10036523640155792,-0.019599352031946182,0.13631348311901093,1.1691677570343018,0.4552198648452759,0.15410412847995758,0.15574507415294647,>=0.15,False,True,False,True,True,False,False,False,True,0.09665615111589432,-0.157425656914711,0.18769049644470215,0.05215999484062195,0.05215999484062195,0.05999999865889549,0.10036523640155792,-0.019790027290582657,0.019790027290582657,-0.003453272394835949,-0.027848053723573685,0.028061164543032646,0.00701569439843297,0.004128795117139816,0.005715193226933479,-0.14019149541854858,0.15028785169124603,0.0005215999553911388,-0.0034495526924729347,-0.028109388425946236,0.02831915393471718,0.006050975527614355,0-2deg,0.00-0.04,0.0,0.0,0.0,0.0
76,56,True,True,0.05837320163846016,0.05628121644258499,0.04671984910964966,0.11198435723781586,2.0799999237060547,1.2577393054962158,0.3571644127368927,0.00675859022885561,-0.048986226320266724,0.11198435723781586,0.04671984910964966,-0.020002180710434914,0.05689770728349686,0.8174680471420288,0.35570722818374634,0.10070176422595978,0.10289622098207474,0.10-0.15,False,True,False,True,True,False,False,False,True,0.044284719973802567,-0.05053604394197464,0.11778052896261215,0.37535151839256287,0.37535151839256287,0.05999999865889549,0.04671984910964966,-0.020007235929369926,0.020007235929369926,-0.05322689563035965,-0.017757056280970573,0.056107670068740845,0.04123473912477493,0.00048828125,0.0006905339541845024,-0.05365092307329178,0.09829584509134293,0.0037535151932388544,-0.05403679609298706,-0.019169876351952553,0.05733361095190048,0.0401933453977108,2-4deg,0.04-0.08,0.0,0.0,0.0,0.0
77,17,True,True,0.07956431061029434,0.06010475009679794,0.0714525356888771,0.1277809888124466,2.6399998664855957,1.3171473741531372,0.2640811502933502,0.007150221150368452,-0.04955035448074341,0.1277809888124466,0.0714525356888771,-0.019999295473098755,0.053155720233917236,0.38596585392951965,0.21757759153842926,0.1177826076745987,0.11017468571662903,0.10-0.15,False,True,False,True,True,False,False,False,True,0.0698331743478775,-0.052245911210775375,0.10366272926330566,0.3246430456638336,0.3246430456638336,0.05999999865889549,0.0714525356888771,-0.020053615793585777,0.020053615793585777,-0.04056541621685028,0.03489088639616966,0.05350048467516899,0.05773230642080307,0.0030297066550701857,0.0003452669770922512,-0.04428240656852722,0.1198626309633255,0.0032464303076267242,-0.04275355115532875,0.034227531403303146,0.05475969985127449,0.05658435821533203,2-4deg,0.04-0.08,0.0,0.0,0.0,0.0
78,45,True,True,0.11995291709899902,0.1155187338590622,0.11462350934743881,0.07865799218416214,2.3999998569488525,1.3560001850128174,0.2691955864429474,-0.015886789187788963,0.022368935868144035,0.07865799218416214,0.11462350934743881,-0.019331861287355423,-0.03607850521802902,0.9773035049438477,0.40862837433815,0.07541027665138245,0.1418711543083191,0.10-0.15,False,True,False,True,True,False,False,False,True,0.11054293811321259,-0.021997984498739243,0.3624285161495209,0.6090682744979858,0.6090682744979858,0.2800000011920929,0.11462350934743881,-0.020028820261359215,0.020028820261359215,-0.06644092500209808,0.017199480906128883,0.06862784177064896,0.01591307856142521,0.0011451211757957935,0.009392311796545982,0.01931343972682953,0.07625004649162292,0.006090682465583086,-0.06413211673498154,0.013169948011636734,0.0654686987400055,0.020033325999975204,2-4deg,0.00-0.04,0.0,0.0,0.0,0.0
79,38,True,True,0.0593327134847641,0.05736704543232918,0.047913528978824615,0.1980222910642624,2.6599998474121094,1.2306917905807495,0.29266107082366943,-0.02524418570101261,-0.15887045860290527,0.1980222910642624,0.047913528978824615,-0.01999695971608162,0.13540087640285492,1.158892273902893,0.5471826791763306,0.11820746958255768,0.12160726636648178,0.10-0.15,False,True,False,True,True,False,False,False,True,0.045562468469142914,-0.2712271809577942,0.21662163734436035,0.10189200192689896,0.12639933824539185,0.09999999403953552,0.047913528978824615,-0.020061343908309937,0.020061343908309937,-0.004345287568867207,-0.023266665637493134,0.02366834692656994,0.04149969667196274,0.0018593198619782925,0.0005980199784971774,-0.16051475703716278,0.11596482247114182,0.001263993326574564,-0.0058326986618340015,-0.02024945057928562,0.021072993054986,0.04257044568657875,0-2deg,0.04-0.08,0.0,0.0,0.0,0.0
80,34,True,True,0.04456118866801262,0.04456118866801262,0.027571912854909897,0.2124539464712143,2.119999885559082,1.2922630310058594,0.3492666184902191,-0.018559161573648453,-0.16095447540283203,0.2124539464712143,0.027571912854909897,-0.01999175362288952,0.1414521187543869,0.48589715361595154,0.3031857907772064,0.13867348432540894,0.16654130816459656,>=0.15,False,True,False,True,True,False,False,False,True,0.03573903813958168,-0.2934856712818146,0.4201048016548157,0.0505184642970562,0.05435898154973984,0.09999999403953552,0.027571912854909897,-0.01999175362288952,0.01999175362288952,0.03552865982055664,-0.0634605884552002,0.07271747291088104,0.03793596103787422,0.012323739938437939,0.0,-0.1610582321882248,0.1385529637336731,0.0005435898201540112,0.0330667570233345,-0.0652187168598175,0.07311183959245682,0.037723883986473083,4-6deg,0.00-0.04,0.0,0.0,0.0,0.0
81,46,True,True,0.0872110053896904,0.0872110053896904,0.07988003641366959,0.10542768239974976,4.599999904632568,1.17972993850708,0.17537584900856018,0.005905801896005869,-0.018823035061359406,0.10542768239974976,0.07988003641366959,-0.01999109797179699,0.027787763625383377,0.5288950800895691,0.29197487235069275,0.10373374819755554,0.09853850305080414,0.05-0.10,False,True,False,True,True,False,False,False,True,0.11338569968938828,-0.06656604260206223,0.3579247295856476,0.020163990557193756,0.1438911110162735,2.2799999713897705,0.07988003641366959,-0.01999667100608349,0.01999667100608349,0.01681017316877842,-0.03212852030992508,0.03625994920730591,0.07874123007059097,0.006147313863039017,0.0,-0.017855273559689522,0.10390469431877136,0.001438911072909832,0.06672903150320053,-0.06495846807956696,0.09309186786413193,0.043428827077150345,2-4deg,0.04-0.08,0.0,0.0,0.0,0.0
82,41,True,False,0.23746773600578308,0.12161138653755188,0.0,0.0,2.5799999237060547,1.622422218322754,0.37885919213294983,-0.019182059913873672,-0.12492432445287704,0.21978557109832764,0.23489154875278473,-0.019979244098067284,0.1057359054684639,0.5359711050987244,0.22153408825397491,0.18083034455776215,0.187441885471344,>=0.15,True,True,False,True,False,False,False,True,True,0.11648311465978622,-0.11351887881755829,0.04192473366856575,0.0263389702886343,0.09934098273515701,0.0,0.23489154875278473,-0.020007407292723656,0.020007407292723656,0.0005974171217530966,-0.06360805779695511,0.06361111253499985,0.04758447781205177,0.002042627427726984,0.0005980199784971774,-0.12603692710399628,0.180056631565094,0.0009934097761288285,0.0024130388628691435,-0.0846506878733635,0.08468473702669144,0.004793144762516022,2-4deg,0.04-0.08,0.0,0.0,0.0,0.0
83,18,True,True,0.07880909740924835,0.07880909740924835,0.07062584906816483,0.1605660766363144,2.0199999809265137,1.5148727893829346,0.41198572516441345,0.010034541599452496,-0.05748654901981354,0.1605660766363144,0.07062584906816483,-0.019744405522942543,0.0654260441660881,0.8163610696792603,0.44950249791145325,0.14992251992225647,0.11041238158941269,0.10-0.15,False,True,False,True,True,False,False,False,True,0.08583154529333115,-0.2891940176486969,0.38366666436195374,0.16128967702388763,0.16128967702388763,0.11999999731779099,0.07062584906816483,-0.019855301827192307,0.019855301827192307,0.06835626810789108,-0.007223444990813732,0.06873640418052673,0.03756151348352432,0.0989302545785904,0.005027168430387974,-0.05579609051346779,0.15055982768535614,0.0016128966817632318,0.06804675608873367,-0.0034592344891279936,0.06813409924507141,0.03816218674182892,2-4deg,0.00-0.04,0.0,0.0,0.0,0.0
84,40,True,True,0.05276823416352272,0.05030352249741554,0.03932352736592293,0.18107253313064575,2.0399999618530273,1.2189035415649414,0.3390236794948578,-0.00790052954107523,-0.0813770741224289,0.18107253313064575,0.03932352736592293,-0.019861876964569092,0.07440153509378433,0.8212659358978271,0.3860728442668915,0.16175609827041626,0.1941913366317749,>=0.15,False,True,False,True,True,False,False,False,True,0.03707318753004074,-0.3075065314769745,0.3010241687297821,0.09442859888076782,0.09442859888076782,0.07999999821186066,0.03932352736592293,-0.020015524700284004,0.020015524700284004,0.003706296207383275,-0.0026015383191406727,0.004528137855231762,0.024335868656635284,0.04951928183436394,0.0028471453115344048,-0.08117247372865677,0.16185887157917023,0.0009442859445698559,0.0033548821229487658,-0.0011811170261353254,0.003554743016138673,0.0244298055768013,0-2deg,0.00-0.04,0.0,0.0,0.0,0.0
85,62,True,True,0.09750910848379135,0.08846090734004974,0.09101611375808716,0.16255204379558563,1.9399999380111694,1.643953800201416,0.5044221878051758,0.0017544043948873878,-0.02401706948876381,0.16255204379558563,0.09101611375808716,-0.02000168338418007,0.025188066065311432,1.2335753440856934,0.4373699724674225,0.16076798737049103,0.159550279378891,>=0.15,False,True,False,True,True,False,False,False,True,0.08101443946361542,-0.34875378012657166,0.2975023686885834,0.1937362402677536,0.6042062640190125,0.09999999403953552,0.09101611375808716,-0.020159834995865822,0.020159834995865822,-0.027759049087762833,-0.024701664224267006,0.03715645894408226,0.02420808933675289,0.054551299661397934,0.0,-0.02409110590815544,0.160756915807724,0.006042062304913998,-0.02953183837234974,-0.02537747472524643,0.038935042917728424,0.023214560002088547,2-4deg,0.00-0.04,0.0,0.0,0.0,0.0
86,28,True,True,0.05271128937602043,0.04802851378917694,0.039416197687387466,0.20217061042785645,4.759999752044678,1.3223339319229126,0.22065868973731995,0.00459260493516922,0.005986032076179981,0.20217061042785645,0.039416197687387466,-0.01999450847506523,4.635958975995891e-05,1.0139586925506592,0.26735779643058777,0.20208197832107544,0.1991075724363327,>=0.15,False,True,False,True,True,False,False,False,True,0.032478660345077515,-0.14657466113567352,0.03315991535782814,0.031218288466334343,0.18372294306755066,0.07999999821186066,0.039416197687387466,-0.01999450847506523,0.01999450847506523,-0.02745501697063446,-0.0045289043337106705,0.027826502919197083,0.039137180894613266,0.013584506697952747,0.0,0.008917021565139294,0.20197385549545288,0.0018372293561697006,-0.027806006371974945,-0.0022077588364481926,0.027892835438251495,0.039108723402023315,0-2deg,0.00-0.04,0.0,0.0,0.0,0.0
87,37,True,True,0.07825661450624466,0.07054223865270615,0.06997628509998322,0.24668429791927338,4.759999752044678,1.277875542640686,0.1830318123102188,-0.0020138504914939404,-0.09625956416130066,0.24668429791927338,0.06997628509998322,-0.020019102841615677,0.09699628502130508,0.6146491765975952,0.2276277095079422,0.22712825238704681,0.2311120182275772,>=0.15,False,True,False,True,True,False,False,False,True,0.06217427924275398,-0.09459037333726883,0.14232538640499115,0.060068801045417786,0.21533431112766266,0.05999999865889549,0.06997628509998322,-0.020019102841615677,0.020019102841615677,-0.02073422260582447,0.009892163798213005,0.022973086684942245,0.03942492604255676,0.0003452669770922512,0.0008457279182039201,-0.098418690264225,0.22620104253292084,0.002153343055397272,-0.019590506330132484,0.010982878506183624,0.0224587544798851,0.03959337994456291,0-2deg,0.00-0.04,0.0,0.0,0.0,0.0
88,47,True,False,0.13350968062877655,0.13350968062877655,0.0,0.0,2.240000009536743,1.5901119709014893,0.4629950523376465,-0.3885277509689331,-0.33682748675346375,0.4080323874950409,0.12897007167339325,-0.019692376255989075,-0.06834343820810318,1.2638195753097534,0.5585619807243347,0.23029910027980804,0.18817616999149323,>=0.15,True,True,False,True,False,False,False,True,True,0.12897007167339325,-0.32472455501556396,0.24707168340682983,0.39004430174827576,0.39004430174827576,0.0,0.12897007167339325,-0.019692376255989075,0.019692376255989075,-0.05308626592159271,-0.0065347058698534966,0.053487103432416916,0.03469826281070709,0.007299779914319515,0.007299779914319515,-0.32472455501556396,0.24707168340682983,0.003900442970916629,-0.05308626592159271,-0.0065347058698534966,0.053487103432416916,0.03469826281070709,2-4deg,0.00-0.04,0.0,0.0,0.0,0.0
89,55,True,True,0.10771965235471725,0.10488817095756531,0.10179954767227173,0.11023399233818054,2.0399999618530273,1.4794960021972656,0.4403987228870392,-0.0024129811208695173,-0.0811019316315651,0.11023399233818054,0.10179954767227173,-0.0197665523737669,0.07988357543945312,0.738618791103363,0.26568153500556946,0.07465929538011551,0.13722094893455505,0.10-0.15,False,True,False,True,True,False,False,False,True,0.09884747862815857,-0.11637374013662338,0.0843125507235527,0.031606271862983704,0.043992504477500916,0.05999999865889549,0.10179954767227173,-0.0197665523737669,0.0197665523737669,-0.08433796465396881,-0.008029617369174957,0.08471855521202087,0.016851335763931274,0.011590961366891861,0.004619361832737923,-0.0861949697136879,0.06871651858091354,0.00043992503196932375,-0.08440984785556793,-0.008695862255990505,0.08485580235719681,0.016665371134877205,4-6deg,0.00-0.04,0.0,0.0,0.0,0.0
90,61,True,True,0.08042043447494507,0.07429961115121841,0.0722433477640152,0.1937035322189331,2.1399998664855957,1.2505075931549072,0.2973044216632843,-0.021153626963496208,-0.1487714946269989,0.1937035322189331,0.0722433477640152,-0.01986129768192768,0.12239766120910645,1.0207411050796509,0.3929747939109802,0.12404879182577133,0.10978326946496964,0.10-0.15,False,True,False,True,True,False,False,False,True,0.06870035827159882,-0.1447313129901886,0.11614464968442917,0.0441846065223217,0.056951288133859634,0.05999999865889549,0.0722433477640152,-0.019885756075382233,0.019885756075382233,-0.037439558655023575,-0.039855364710092545,0.05467577651143074,0.06648244708776474,0.003469891846179962,0.0027186358347535133,-0.14914926886558533,0.12359433621168137,0.0005695128929801285,-0.03840337321162224,-0.03735556825995445,0.05356843024492264,0.06746615469455719,2-4deg,0.04-0.08,0.0,0.0,0.0,0.0
91,36,True,True,0.0765395313501358,0.0765395313501358,0.06773405522108078,0.18622414767742157,2.7200000286102295,1.5076857805252075,0.2848843038082123,-0.00745990127325058,-0.11314453184604645,0.18622414767742157,0.06773405522108078,-0.019632745534181595,0.1048615351319313,0.4853186309337616,0.24812400341033936,0.14791129529476166,0.1230805441737175,0.10-0.15,False,True,False,True,True,False,False,False,True,0.07433267682790756,-0.14619745314121246,0.1853940784931183,0.0264296792447567,0.030596217140555382,0.17999999225139618,0.06773405522108078,-0.019943319261074066,0.019943319261074066,-0.03237266093492508,-0.010892224498093128,0.03415517881512642,0.040715038776397705,0.08934982866048813,0.007184555754065514,-0.10735048353672028,0.15216869115829468,0.00030596216674894094,-0.037691630423069,-0.01413542591035366,0.04025409743189812,0.037071261554956436,0-2deg,0.04-0.08,0.0,0.0,0.0,0.0
92,52,True,True,0.1112498939037323,0.10098174214363098,0.10560070723295212,0.21915538609027863,1.7599999904632568,1.4634969234466553,0.5184297561645508,-0.017136363312602043,-0.11603957414627075,0.21915538609027863,0.10560070723295212,-0.019904958084225655,0.09454040974378586,1.254858374595642,0.49190664291381836,0.18591368198394775,0.18706795573234558,>=0.15,False,True,False,True,True,False,False,False,True,0.09493512660264969,-0.19350917637348175,0.1793181449174881,0.44784191250801086,0.44784191250801086,0.07999999821186066,0.10560070723295212,-0.02022591046988964,0.02022591046988964,0.028225118294358253,-0.0514490008354187,0.058676376938819885,0.0475488118827343,0.0043945349752902985,0.0018911053193733096,-0.11679986864328384,0.18543696403503418,0.004478419199585915,0.031016865745186806,-0.051873765885829926,0.06043190136551857,0.04659595713019371,2-4deg,0.04-0.08,0.0,0.0,0.0,0.0
93,16,True,True,0.05264384672045708,0.05264384672045708,0.03917253389954567,0.1843353807926178,2.1599998474121094,1.426169991493225,0.40586531162261963,-0.05612577125430107,0.011976577341556549,0.1843353807926178,0.03917253389954567,-0.019869040697813034,-0.06595061719417572,0.7966338396072388,0.4149579703807831,0.1839459091424942,0.08617687225341797,0.05-0.10,False,True,False,True,True,False,False,False,True,0.04716788977384567,-0.09752954542636871,0.21709896624088287,0.0728396624326706,0.1173512190580368,0.1599999964237213,0.03917253389954567,-0.019869040697813034,0.019869040697813034,0.005848703905940056,-0.01842740923166275,0.019332170486450195,0.04618728160858154,0.06918793171644211,0.003257243661209941,0.008914219215512276,0.18411971628665924,0.001173512195236981,0.011226070113480091,-0.014776816591620445,0.018558166921138763,0.04657735675573349,0-2deg,0.04-0.08,0.0,0.0,0.0,0.0
94,58,True,True,0.06639799475669861,0.055703967809677124,0.05643871799111366,0.17611229419708252,3.059999942779541,1.1499184370040894,0.22098508477210999,-0.09202590584754944,0.014079183340072632,0.17611229419708252,0.05643871799111366,-0.02004219964146614,-0.10518410056829453,0.5279467701911926,0.20539851486682892,0.17554862797260284,0.1809699684381485,>=0.15,False,True,False,True,True,False,False,False,True,0.057299595326185226,-0.021456796675920486,0.09051483869552612,0.023632442578673363,0.46401262283325195,0.4599999785423279,0.05643871799111366,-0.02011297456920147,0.02011297456920147,0.04229261353611946,0.036853447556495667,0.05608959496021271,0.009975209832191467,0.038976363837718964,0.0013372133253142238,0.020384255796670914,0.17492862045764923,0.004640126135200262,0.03974093496799469,0.04017544537782669,0.05650273337960243,0.013528860174119473,2-4deg,0.00-0.04,0.0,0.0,0.0,0.0
95,63,True,True,0.04961381480097771,0.04961381480097771,0.033993277698755264,0.06372900307178497,3.119999885559082,1.444865107536316,0.2676689922809601,-0.040449026972055435,-0.025360524654388428,0.06372900307178497,0.033993277698755264,-0.01860969141125679,-0.014825536869466305,0.6527092456817627,0.2900293171405792,0.0584656298160553,0.068068727850914,0.05-0.10,False,True,False,True,True,False,False,False,True,0.032327570021152496,-0.09514075517654419,0.08044552057981491,0.04804224893450737,0.04804224893450737,0.09999999403953552,0.033993277698755264,-0.01860969141125679,0.01860969141125679,-0.03505634516477585,0.05523087829351425,0.0654076337814331,0.030708059668540955,0.08174242079257965,0.027699818834662437,-0.021638944745063782,0.0599428229033947,0.0004804224881809205,-0.032845836132764816,0.05399658903479576,0.0631934255361557,0.03259258344769478,2-4deg,0.00-0.04,0.0,0.0,0.0,0.0
96,15,True,True,0.08615034073591232,0.07671263813972473,0.07869414240121841,0.2419462651014328,2.240000009536743,1.1706619262695312,0.2861242890357971,0.01167339738458395,-0.130857452750206,0.2419462651014328,0.07869414240121841,-0.019987357780337334,0.14361126720905304,0.7979423403739929,0.4055876135826111,0.20350508391857147,0.1986374408006668,>=0.15,False,True,False,True,True,False,False,False,True,0.0686032772064209,-0.2604190409183502,0.09670057892799377,0.10231009870767593,0.4174984395503998,0.07999999821186066,0.07869414240121841,-0.020018121227622032,0.020018121227622032,0.017452366650104523,0.07752086222171783,0.07945706695318222,0.022925758734345436,0.04389319196343422,0.001091830083169043,-0.12616729736328125,0.20644564926624298,0.004174984525889158,0.01823527365922928,0.07855261117219925,0.08063706755638123,0.020253391936421394,4-6deg,0.00-0.04,0.0,0.0,0.0,0.0
97,6,True,True,0.03855040669441223,0.03797917813062668,0.01615007594227791,0.13042806088924408,2.5199999809265137,1.3036458492279053,0.2834409773349762,0.004975756164640188,0.014531353488564491,0.13042806088924408,0.01615007594227791,-0.01999453827738762,-0.009186138398945332,0.39682164788246155,0.2274678647518158,0.12961605191230774,0.125553697347641,0.10-0.15,False,True,False,True,True,False,False,False,True,0.016044026240706444,-0.10509691387414932,0.2004554271697998,0.10223185271024704,0.4827491044998169,0.07999999821186066,0.01615007594227791,-0.01999453827738762,0.01999453827738762,0.056472331285476685,0.012825618498027325,0.05790906399488449,0.026094678789377213,0.019513240084052086,0.0,0.014460395090281963,0.12962397933006287,0.004827491007745266,0.05724851414561272,0.01415152009576559,0.05896938964724541,0.025112945586442947,2-4deg,0.00-0.04,0.0,0.0,0.0,0.0
98,26,True,True,0.09965763241052628,0.09965763241052628,0.09338444471359253,0.0754820927977562,2.059999942779541,1.5629578828811646,0.41950663924217224,0.04975302889943123,-0.061611104756593704,0.0754820927977562,0.09338444471359253,-0.019197648391127586,0.11434072256088257,0.6175451874732971,0.3676615357398987,0.04360754415392876,0.23147784173488617,>=0.15,False,True,False,True,True,False,False,False,True,0.09658023715019226,-0.07631991058588028,0.31190019845962524,0.45680826902389526,0.45680826902389526,0.07999999821186066,0.09338444471359253,-0.0200516227632761,0.0200516227632761,-0.047862160950899124,0.004124659579247236,0.048038940876722336,0.046647340059280396,0.0007720404537394643,0.011744220741093159,-0.062218472361564636,0.042736489325761795,0.004568082746118307,-0.049685534089803696,0.0020562228746712208,0.04972836375236511,0.045266956090927124,2-4deg,0.04-0.08,0.0,0.0,0.0,0.0
99,51,True,True,0.03974178805947304,0.03951669856905937,0.018801717087626457,0.1327315717935562,3.319999933242798,1.3144882917404175,0.2734430134296417,0.00374739826656878,0.0020287418738007545,0.1327315717935562,0.018801717087626457,-0.01999187096953392,0.002088451525196433,1.1774154901504517,0.3787113130092621,0.1327160745859146,0.1321585476398468,0.10-0.15,False,True,False,True,True,False,False,False,True,0.01717798039317131,-0.14282134175300598,0.03350495547056198,0.03428054228425026,0.13385583460330963,0.09999999403953552,0.018801717087626457,-0.01999187096953392,0.01999187096953392,-0.055767349898815155,0.014523817226290703,0.05762619525194168,0.04449673369526863,0.044516343623399734,0.0003452669770922512,0.008866388350725174,0.13243511319160461,0.0013385582715272903,-0.05914442613720894,0.015182706527411938,0.06106026470661163,0.0414927713572979,2-4deg,0.04-0.08,0.0,0.0,0.0,0.0
100,1,True,False,0.14239287376403809,0.13719382882118225,0.0,0.0,2.6599998474121094,1.5816675424575806,0.44333580136299133,-0.052669133991003036,-0.05274619907140732,0.3304833173751831,0.1383490115404129,-0.018850145861506462,0.0009406974422745407,0.9206503629684448,0.3721849322319031,0.3262469172477722,0.21326042711734772,>=0.15,True,True,False,True,False,False,False,True,True,0.1383490115404129,-0.05148738622665405,0.3264479339122772,0.021838722750544548,0.021838722750544548,0.0,0.1383490115404129,-0.018850145861506462,0.018850145861506462,-0.025673873722553253,0.023554014042019844,0.03483952581882477,0.018051471561193466,0.02230428159236908,0.02230428159236908,-0.05148738622665405,0.3264479339122772,0.00021838722750544548,-0.025673873722553253,0.023554014042019844,0.03483952581882477,0.018051471561193466,0-2deg,0.00-0.04,0.0,0.0,0.0,0.0
101,4,True,True,0.04884916916489601,0.04630438610911369,0.03406604006886482,0.15741991996765137,3.1399998664855957,1.3349323272705078,0.2937602698802948,0.005859039723873138,0.013828324154019356,0.15741991996765137,0.03406604006886482,-0.01998244784772396,-0.008714456111192703,1.2276031970977783,0.5436756610870361,0.15681138634681702,0.1514030396938324,>=0.15,False,True,False,True,True,False,False,False,True,0.030635809525847435,-0.04962290823459625,0.07030236721038818,0.5307179093360901,0.5307179093360901,0.05999999865889549,0.03406604006886482,-0.020180853083729744,0.020180853083729744,0.07023555785417557,0.018467189744114876,0.07261896878480911,0.017485663294792175,0.003311685984954238,0.0,0.025071142241358757,0.15541066229343414,0.005307178944349289,0.07090425491333008,0.018379418179392815,0.07324390858411789,0.016241732984781265,4-6deg,0.00-0.04,0.0,0.0,0.0,0.0
102,9,True,True,0.05218124762177467,0.044960346072912216,0.038722164928913116,0.20717868208885193,2.5199999809265137,1.4875434637069702,0.31445497274398804,0.0010673720389604568,-0.049605999141931534,0.20717868208885193,0.038722164928913116,-0.020017370581626892,0.05172611400485039,1.3201125860214233,0.5120063424110413,0.20115230977535248,0.20206092298030853,>=0.15,False,True,False,True,True,False,False,False,True,0.02807578071951866,-0.13759300112724304,0.18191693723201752,0.025627465918660164,0.13024233281612396,0.07999999821186066,0.038722164928913116,-0.020017370581626892,0.020017370581626892,0.002470830688253045,0.034852780401706696,0.034940339624881744,0.06131937727332115,0.0028471453115344048,0.0,-0.05317740514874458,0.20023779571056366,0.0013024233048781753,-0.00014650345838163048,0.037404775619506836,0.03740433230996132,0.06052166968584061,2-4deg,0.04-0.08,0.0,0.0,0.0,0.0
103,21,True,True,0.03626016527414322,0.0351816788315773,0.009603839367628098,0.19705592095851898,3.1399998664855957,1.2086318731307983,0.24598270654678345,-0.006407903973013163,0.0377846322953701,0.19705592095851898,0.009603839367628098,-0.020031660795211792,-0.044583600014448166,0.6745710372924805,0.2417527735233307,0.19339947402477264,0.16593368351459503,>=0.15,False,True,False,True,True,False,False,False,True,0.0035090534947812557,-0.0935346707701683,0.1322976052761078,0.09544149041175842,0.6099137663841248,0.09999999403953552,0.009603839367628098,-0.020098241046071053,0.020098241046071053,0.0034280414693057537,-0.08401753753423691,0.08408717811107635,0.034990567713975906,0.07428721338510513,0.0003452669770922512,0.02246810682117939,0.19577082991600037,0.006099137477576733,0.0009178865584544837,-0.08510646224021912,0.08511141687631607,0.0334932804107666,4-6deg,0.00-0.04,0.0,0.0,0.0,0.0
104,13,True,True,0.07342109084129333,0.051945313811302185,0.06453687697649002,0.21308791637420654,2.8999998569488525,1.530014157295227,0.35691455006599426,0.00565576646476984,0.006883119698613882,0.21308791637420654,0.06453687697649002,-0.019989915192127228,-0.000897413061466068,1.2039958238601685,0.439980149269104,0.21297672390937805,0.20937687158584595,>=0.15,False,True,False,True,True,False,False,False,True,0.030801866203546524,-0.0301443450152874,0.23342351615428925,0.026874704286456108,0.3692256808280945,0.5999999642372131,0.06453687697649002,-0.02000385709106922,0.02000385709106922,0.052009131759405136,0.006651324685662985,0.052432041615247726,0.026951972395181656,0.10298429429531097,0.0,-0.004217528272420168,0.21304616332054138,0.0036922567524015903,0.06492400914430618,0.006668828893452883,0.0652652159333229,0.01733366586267948,2-4deg,0.00-0.04,0.0,0.0,0.0,0.0
105,33,True,True,0.05435638129711151,0.05369175970554352,0.04158647358417511,0.028074048459529877,1.8199999332427979,1.5750908851623535,0.5238373875617981,-0.06024888530373573,0.009564928710460663,0.028074048459529877,0.04158647358417511,-0.01999349147081375,-0.06952948123216629,1.0789202451705933,0.4094006419181824,0.026394400745630264,0.12029062956571579,0.10-0.15,False,True,False,True,True,False,False,False,True,0.044904112815856934,-0.1931147575378418,0.26151007413864136,0.22248534858226776,0.3329833447933197,0.07999999821186066,0.04158647358417511,-0.020078351721167564,0.020078351721167564,0.0021000332199037075,-0.005370287224650383,0.005767103750258684,0.007897133007645607,0.018654275685548782,0.0,0.009476769715547562,0.026426181197166443,0.003329833270981908,0.0016309036873281002,-0.005291449837386608,0.005535057745873928,0.007958333939313889,0-2deg,0.00-0.04,0.0,0.0,0.0,0.0
106,35,True,True,0.07493901997804642,0.07358748465776443,0.06622375547885895,0.2192327380180359,2.0799999237060547,1.425040602684021,0.40179094672203064,-0.026798605918884277,-0.21819257736206055,0.2192327380180359,0.06622375547885895,-0.019852466881275177,0.19118651747703552,0.9279378652572632,0.4416503608226776,0.021330490708351135,0.040675509721040726,0.00-0.05,False,True,False,True,True,False,False,False,True,0.07075630873441696,-0.39604422450065613,0.32698121666908264,0.09167814254760742,0.28546273708343506,0.14000000059604645,0.06622375547885895,-0.02010880596935749,0.02010880596935749,0.03541998565196991,0.004726450424641371,0.03573327884078026,0.009622477926313877,0.08390814065933228,0.0028471453115344048,-0.2173331379890442,0.02879767119884491,0.002854627324268222,0.03411124274134636,0.004523443058133125,0.03440907225012779,0.012433528900146484,2-4deg,0.00-0.04,0.0,0.0,0.0,0.0
107,50,True,True,0.095598004758358,0.09550751745700836,0.08876445889472961,0.1706891655921936,1.8199999332427979,1.4850456714630127,0.5019769072532654,0.0036078505218029022,-0.10068589448928833,0.1706891655921936,0.08876445889472961,-0.01970055140554905,0.10257428884506226,0.9766950011253357,0.4539318382740021,0.13783012330532074,0.07793640345335007,0.05-0.10,False,True,False,True,True,False,False,False,True,0.08904450386762619,-0.17423152923583984,0.28541260957717896,0.4054262936115265,0.4054262936115265,0.05999999865889549,0.08876445889472961,-0.020125607028603554,0.020125607028603554,-0.033155787736177444,-0.021950675174593925,0.03976082801818848,0.03423222899436951,0.0037979392800480127,0.004284653812646866,-0.10348972678184509,0.13573750853538513,0.0040542627684772015,-0.03420460969209671,-0.022799650207161903,0.04110416769981384,0.033230606466531754,2-4deg,0.00-0.04,0.0,0.0,0.0,0.0
108,10,True,True,0.04720067232847214,0.04572045058012009,0.03166752681136131,0.16044917702674866,3.2200000286102295,1.3227009773254395,0.27298834919929504,0.01811472326517105,0.055706433951854706,0.16044917702674866,0.03166752681136131,-0.020003732293844223,-0.03590213879942894,0.6517901420593262,0.26211073994636536,0.1504683792591095,0.13593582808971405,0.10-0.15,False,True,False,True,True,False,False,False,True,0.03044877015054226,-0.09123324602842331,0.07973270863294601,0.0923069566488266,0.3712284564971924,0.09999999403953552,0.03166752681136131,-0.020003732293844223,0.020003732293844223,-0.030030565336346626,-0.0012718548532575369,0.030057210475206375,0.06372148543596268,0.03805535286664963,0.0007720404537394643,0.057630378752946854,0.1497420370578766,0.003712284378707409,-0.03385651484131813,-0.004589955788105726,0.034165650606155396,0.06286359578371048,0-2deg,0.04-0.08,0.0,0.0006905339541845024,0.0,0.0
109,2,True,True,0.07696545869112015,0.0719505175948143,0.06857327371835709,0.21003244817256927,3.4600000381469727,1.253219723701477,0.22374564409255981,-0.006977090612053871,-0.1471969038248062,0.21003244817256927,0.06857327371835709,-0.020029529929161072,0.1405889093875885,0.9943591356277466,0.40122994780540466,0.14982223510742188,0.13131828606128693,0.10-0.15,False,True,False,True,True,False,False,False,True,0.06152861937880516,-0.07963717728853226,0.05529038608074188,0.15925906598567963,0.21353477239608765,0.09999999403953552,0.06857327371835709,-0.020029529929161072,0.020029529929161072,-0.04161817952990532,0.008673008531332016,0.0425117202103138,0.01199425756931305,0.024879038333892822,0.0,-0.15307030081748962,0.1438162624835968,0.0021353475749492645,-0.04133474454283714,0.009591617621481419,0.042431704699993134,0.012057378888130188,2-4deg,0.00-0.04,0.0,0.0,0.0,0.0
110,11,True,True,0.06371097266674042,0.06164140999317169,0.05321117863059044,0.18396493792533875,3.0799999237060547,1.2702819108963013,0.2573782801628113,-0.024867553263902664,-0.15928784012794495,0.18396493792533875,0.05321117863059044,-0.01995409093797207,0.1369570642709732,2.1966633796691895,0.6905459761619568,0.09203523397445679,0.11883536726236343,0.10-0.15,False,True,False,True,True,False,False,False,True,0.051179733127355576,-0.2809489071369171,0.23542556166648865,0.13172286748886108,0.15518583357334137,0.09999999403953552,0.05321117863059044,-0.020023692399263382,0.020023692399263382,0.03612187132239342,-0.01360358763486147,0.03859824314713478,0.052378199994564056,0.002868003910407424,0.0008457279182039201,-0.1571885645389557,0.0955764427781105,0.0015518582658842206,0.03990822657942772,-0.011990517377853394,0.041670314967632294,0.050483040511608124,2-4deg,0.04-0.08,0.0,0.0,0.0,0.0
111,20,True,True,0.09193767607212067,0.08878342062234879,0.08480766415596008,0.12749150395393372,2.6599998474121094,1.4000403881072998,0.40460991859436035,-0.0015049063367769122,-0.05714737996459007,0.12749150395393372,0.08480766415596008,-0.019763600081205368,0.0556897334754467,1.1166547536849976,0.5013933777809143,0.11396605521440506,0.16748321056365967,>=0.15,False,True,False,True,True,False,False,False,True,0.08160482347011566,-0.04833795130252838,0.05758151039481163,0.14823904633522034,0.14823904633522034,0.05999999865889549,0.08480766415596008,-0.019998544827103615,0.019998544827103615,0.043464381247758865,0.014851294457912445,0.04592973738908768,0.011107346042990685,0.0,0.003382913302630186,-0.062216535210609436,0.11127977073192596,0.0014823904493823647,0.04319384694099426,0.01448480412364006,0.045556943863630295,0.011669730767607689,2-4deg,0.00-0.04,0.0,0.0,0.0,0.0
112,59,True,False,0.13813410699367523,0.13813410699367523,0.0,0.0,2.1599998474121094,1.481308102607727,0.38349229097366333,-0.21285226941108704,-0.2653011083602905,0.5813149809837341,0.13487543165683746,-0.016995815560221672,0.03786686435341835,1.262010097503662,0.5697326064109802,0.5172450542449951,0.2472764551639557,>=0.15,True,True,False,True,False,False,False,True,True,0.13487543165683746,-0.26363426446914673,0.5180966258049011,0.2728636860847473,0.2728636860847473,0.0,0.13487543165683746,-0.016995815560221672,0.016995815560221672,0.0006851452053524554,0.0031548221595585346,0.00322043732739985,0.03814654052257538,0.059861741960048676,0.059861741960048676,-0.26363426446914673,0.5180966258049011,0.0027286368422210217,0.0006851452053524554,0.0031548221595585346,0.00322043732739985,0.03814654052257538,0-2deg,0.00-0.04,0.0,0.0,0.0,0.0
113,0,True,True,0.08598530292510986,0.04908698424696922,0.0785445123910904,0.30904310941696167,3.5999999046325684,1.3243896961212158,0.2663194537162781,-0.030546104535460472,0.09362839162349701,0.30904310941696167,0.0785445123910904,-0.02012249454855919,-0.12694503366947174,1.1901110410690308,0.3418388366699219,0.2945188581943512,0.2657706141471863,>=0.15,False,True,False,True,True,False,False,False,True,0.022749463096261024,-0.03103800117969513,0.3466545641422272,0.026259630918502808,0.42969125509262085,0.9199999570846558,0.0785445123910904,-0.02012249454855919,0.02012249454855919,0.040449026972055435,-0.010214552283287048,0.04171750694513321,0.04124195873737335,0.14342159032821655,0.0015822122804820538,0.07546481490135193,0.2996876835823059,0.004296912346035242,0.04983663558959961,-0.03545013442635536,0.06115005910396576,0.019208664074540138,2-4deg,0.04-0.08,0.0,0.0,0.0,0.0
114,19,True,True,0.06032012030482292,0.06032012030482292,0.04922031611204147,0.23653815686702728,3.0,1.6521743535995483,0.3364841341972351,-0.031219203025102615,0.043668508529663086,0.23653815686702728,0.04922031611204147,-0.02007756195962429,-0.07664696127176285,0.8373126983642578,0.40709641575813293,0.2324722707271576,0.2285827249288559,>=0.15,False,True,False,True,True,False,False,False,True,0.08345070481300354,-0.09474379569292068,0.24938178062438965,0.09773433208465576,0.3138156533241272,0.5999999642372131,0.04922031611204147,-0.02008393034338951,0.02008393034338951,0.0006352208438329399,0.0012625301023945212,0.001423572306521237,0.04421103745698929,0.11204759031534195,0.001091830083169043,0.04593413323163986,0.23203524947166443,0.0031381563749164343,-0.0239616259932518,0.0006667344714514911,0.023971155285835266,0.038740016520023346,0-2deg,0.04-0.08,0.0,0.0,0.0,0.0
115,56,True,True,0.09664303809404373,0.08218173682689667,0.09011900424957275,0.18588471412658691,1.659999966621399,1.562050223350525,0.5140554904937744,-0.004928064066916704,-0.10917531698942184,0.18588471412658691,0.09011900424957275,-0.02001792937517166,0.10207223892211914,0.5800069570541382,0.3428773880004883,0.1504455804824829,0.1546010822057724,>=0.15,False,True,False,True,True,False,False,False,True,0.08073325455188751,-0.1781366616487503,0.2911185920238495,0.04066743329167366,0.20518288016319275,0.09999999403953552,0.09011900424957275,-0.020034706220030785,0.020034706220030785,-0.0382576622068882,0.0416981503367424,0.05658183619379997,0.03576124459505081,0.10277999937534332,0.0009134905994869769,-0.1034732535481453,0.1544228345155716,0.0020518286619335413,-0.04102705791592598,0.042105741798877716,0.05877995863556862,0.034208934754133224,2-4deg,0.00-0.04,0.0,0.0,0.0,0.0
116,14,True,True,0.11112932860851288,0.09249859303236008,0.105255626142025,0.22785083949565887,2.0,1.166989803314209,0.3060236871242523,0.005220593418926001,-0.056406259536743164,0.22785083949565887,0.105255626142025,-0.019766727462410927,0.05799281597137451,0.9085835814476013,0.4572393298149109,0.22075854241847992,0.16211576759815216,>=0.15,False,True,False,True,True,False,False,False,True,0.09771078824996948,-0.06892037391662598,0.2561664581298828,0.05556081607937813,0.05556081607937813,0.05999999865889549,0.105255626142025,-0.01997239515185356,0.01997239515185356,0.04638220742344856,-0.019572149962186813,0.050339747220277786,0.06146718189120293,0.0,0.00460644019767642,-0.05388036370277405,0.22138859331607819,0.0005556081305257976,0.044099997729063034,-0.01858639344573021,0.04785488545894623,0.06282102316617966,2-4deg,0.04-0.08,0.0,0.0,0.0,0.0
117,31,True,True,0.08026903122663498,0.07743138074874878,0.07202696055173874,0.14178970456123352,1.7599999904632568,1.35712730884552,0.3744996190071106,-0.004562095273286104,-0.11328412592411041,0.14178970456123352,0.07202696055173874,-0.01979575864970684,0.111298106610775,0.4449910521507263,0.29992419481277466,0.08527032285928726,0.12738831341266632,0.10-0.15,False,True,False,True,True,False,False,False,True,0.06934938579797745,-0.09856100380420685,0.09380868822336197,0.06531822681427002,0.06531822681427002,0.05999999865889549,0.07202696055173874,-0.01979575864970684,0.01979575864970684,-0.03565768897533417,-0.05990903079509735,0.0697067454457283,0.05108211562037468,0.008822934702038765,0.0031644257251173258,-0.10959233343601227,0.08996578305959702,0.0006531822727993131,-0.03752291575074196,-0.05910694599151611,0.06999965757131577,0.050432976335287094,2-4deg,0.04-0.08,0.0,0.0006905339541845024,0.0,0.0
118,22,True,True,0.08079567551612854,0.06817540526390076,0.07282669842243195,0.10949358344078064,3.119999885559082,1.5153248310089111,0.30159792304039,0.01396755687892437,-0.04484684392809868,0.10949358344078064,0.07282669842243195,-0.019993791356682777,0.06009150296449661,1.896486520767212,0.4919176697731018,0.09988795965909958,0.09586942940950394,0.05-0.10,False,True,False,True,True,False,False,False,True,0.07609965652227402,-0.13501352071762085,0.16997210681438446,0.02201683260500431,0.32636991143226624,0.09999999403953552,0.07282669842243195,-0.019994979724287987,0.019994979724287987,0.0616634339094162,0.013502419926226139,0.06312260031700134,0.03723253682255745,0.06591905653476715,0.0003452669770922512,-0.04866432398557663,0.09808479994535446,0.003263699123635888,0.06456797569990158,0.01346732396632433,0.06595523655414581,0.03537335991859436,2-4deg,0.00-0.04,0.0,0.0,0.0,0.0
119,53,True,True,0.068455770611763,0.059917427599430084,0.058814533054828644,0.2254648357629776,2.7799999713897705,1.3741321563720703,0.37549906969070435,0.009496799670159817,-0.0419442281126976,0.2254648357629776,0.058814533054828644,-0.019994212314486504,0.0489523820579052,0.5188423991203308,0.2537730932235718,0.22152896225452423,0.21786990761756897,>=0.15,False,True,False,True,True,False,False,False,True,0.0516517236828804,-0.048292309045791626,0.2095034271478653,0.028402142226696014,0.28948137164115906,0.05999999865889549,0.058814533054828644,-0.019994212314486504,0.019994212314486504,0.07005363702774048,0.04590562731027603,0.08373373001813889,0.04518285393714905,0.0009765625,0.00048828125,-0.05102991312742233,0.21961407363414764,0.002894813660532236,0.07062502205371857,0.04417974501848221,0.08328568935394287,0.04574428126215935,4-6deg,0.04-0.08,0.0,0.0,0.0,0.0
120,26,True,True,0.09395013004541397,0.08669032901525497,0.08718062937259674,0.23115919530391693,1.100000023841858,1.605526328086853,0.7501953840255737,-0.028613826259970665,-0.17324917018413544,0.23115919530391693,0.08718062937259674,-0.019939027726650238,0.1461571902036667,0.29623323678970337,0.2209525853395462,0.15303365886211395,0.14727996289730072,0.10-0.15,False,True,False,True,True,False,False,False,True,0.08124270290136337,-0.09093008190393448,0.14800801873207092,0.042467277497053146,0.058912020176649094,0.05999999865889549,0.08718062937259674,-0.019939027726650238,0.019939027726650238,-0.03103664331138134,-0.011532338336110115,0.033109355717897415,0.04310891032218933,0.009716711938381195,0.001035800902172923,-0.17346300184726715,0.15279124677181244,0.0005891202017664909,-0.029359374195337296,-0.011992143467068672,0.03171331062912941,0.043841470032930374,0-2deg,0.04-0.08,0.0,0.0,0.0,0.0
121,7,True,True,0.03829697147011757,0.03829697147011757,0.015551833435893059,0.24703159928321838,4.099999904632568,1.3024178743362427,0.2531812787055969,0.008431368507444859,-0.08626498281955719,0.24703159928321838,0.015551833435893059,-0.020001757889986038,0.0952911525964737,1.4599475860595703,0.4594096839427948,0.2314799427986145,0.22446712851524353,>=0.15,False,True,False,True,True,False,False,False,True,0.02258734032511711,-0.27348488569259644,0.26801714301109314,0.0847470760345459,0.32194581627845764,0.07999999821186066,0.015551833435893059,-0.020007526502013206,0.020007526502013206,0.08202490210533142,0.0367751382291317,0.08987465500831604,0.05742582306265831,0.043161723762750626,0.0008457279182039201,-0.08922012150287628,0.2303570806980133,0.0032194580417126417,0.08052018284797668,0.03358951583504677,0.08723132312297821,0.060019563883543015,4-6deg,0.04-0.08,0.0,0.0,0.0,0.0
122,44,True,True,0.09772980958223343,0.09032290428876877,0.09125268459320068,0.1811324506998062,1.899999976158142,1.4963607788085938,0.4461325407028198,0.007463295012712479,-0.06818962842226028,0.1811324506998062,0.09125268459320068,-0.020006461068987846,0.07664652168750763,0.4624381363391876,0.21031488478183746,0.16780686378479004,0.1652051955461502,>=0.15,False,True,False,True,True,False,False,False,True,0.08337961882352829,-0.16228024661540985,0.04608507081866264,0.024500124156475067,0.22253255546092987,0.11999999731779099,0.09125268459320068,-0.020013650879263878,0.020013650879263878,-0.005232254043221474,-0.014308633282780647,0.015234991908073425,0.011923525482416153,0.08977366238832474,0.0005980199784971774,-0.06809113174676895,0.16784685850143433,0.0022253254428505898,-0.004404641222208738,-0.015142293646931648,0.015769455581903458,0.011572002433240414,0-2deg,0.00-0.04,0.0,0.0,0.0,0.0
123,50,True,True,0.12208327651023865,0.12038898468017578,0.1170271784067154,0.19461491703987122,0.9599999785423279,1.3008722066879272,0.7161526083946228,-0.01793207973241806,-0.16617728769779205,0.19461491703987122,0.1170271784067154,-0.019831689074635506,0.14834102988243103,0.6578947305679321,0.35268983244895935,0.10129201412200928,0.10222432762384415,0.10-0.15,False,True,False,True,True,False,False,False,True,0.1150398850440979,-0.4107277989387512,0.1215614378452301,0.5390148162841797,0.5390148162841797,0.07999999821186066,0.1170271784067154,-0.019854024052619934,0.019854024052619934,0.003842164296656847,-0.03873332217335701,0.03892279416322708,0.017334721982479095,0.0051094903610646725,0.003435364691540599,-0.16226592659950256,0.10744638741016388,0.005390148144215345,0.0038723016623407602,-0.0397515743970871,0.03994036093354225,0.016618384048342705,2-4deg,0.00-0.04,0.0,0.0,0.0,0.0
124,12,True,True,0.0465635284781456,0.0465635284781456,0.03071034885942936,0.09191838651895523,3.1599998474121094,1.293946385383606,0.26035067439079285,0.01341172493994236,0.052580125629901886,0.09191838651895523,0.03071034885942936,-0.019996831193566322,-0.03912876918911934,0.8613841533660889,0.31564897298812866,0.07539443671703339,0.0704566091299057,0.05-0.10,False,True,False,True,True,False,False,False,True,0.03233012557029724,-0.08552288264036179,0.046603769063949585,0.05139947310090065,0.30901262164115906,0.07999999821186066,0.03071034885942936,-0.020052744075655937,0.020052744075655937,0.00027119863079860806,0.003498657839372754,0.003504079068079591,0.0028797572012990713,0.011647391133010387,0.0,0.05259781703352928,0.07538209110498428,0.003090126207098365,0.0002674176066648215,0.00332270166836679,0.0033296358305960894,0.0029859263449907303,0-2deg,0.00-0.04,0.0,0.0,0.0,0.0
125,57,True,True,0.04879763722419739,0.04879763722419739,0.03402021527290344,0.20049424469470978,4.179999828338623,1.4964282512664795,0.26052629947662354,0.0017776399618014693,-0.08009647578001022,0.20049424469470978,0.03402021527290344,-0.020014911890029907,0.08458215743303299,1.2030184268951416,0.3861543536186218,0.18380016088485718,0.18110862374305725,>=0.15,False,True,False,True,True,False,False,False,True,0.035789649933576584,-0.06874891370534897,0.1525130718946457,0.27189087867736816,0.27189087867736816,0.05999999865889549,0.03402021527290344,-0.020014911890029907,0.020014911890029907,0.025611264631152153,0.009813212789595127,0.027427319437265396,0.07582274824380875,0.0003452669770922512,0.0003452669770922512,-0.07876650989055634,0.18437403440475464,0.0027189087122678757,0.02822004072368145,0.011326244100928307,0.03040819801390171,0.07495146989822388,0-2deg,0.04-0.08,0.0,0.0,0.0,0.0
126,18,True,True,0.08526517450809479,0.08526517450809479,0.07774970680475235,0.02459917962551117,1.9399999380111694,1.589892029762268,0.5215194821357727,-0.0002463033888489008,-0.022083377465605736,0.02459917962551117,0.07774970680475235,-0.020006543025374413,0.02308102324604988,0.903817355632782,0.44880786538124084,0.010837165638804436,0.07644177973270416,0.05-0.10,False,True,False,True,True,False,False,False,True,0.08640936017036438,-0.3022163212299347,0.33960163593292236,0.1848067343235016,0.1848067343235016,0.09999999403953552,0.07774970680475235,-0.020006543025374413,0.020006543025374413,0.004679395351558924,0.022564906626939774,0.023045627400279045,0.017848709598183632,0.05313250795006752,0.0003452669770922512,-0.021902475506067276,0.011198273859918118,0.0018480672733858228,0.006070413626730442,0.022255344316363335,0.023068895563483238,0.017773833125829697,0-2deg,0.00-0.04,0.0,0.0,0.0,0.0
127,61,True,True,0.09930658340454102,0.0907723680138588,0.09292849153280258,0.19740189611911774,1.8600000143051147,1.6908869743347168,0.5067576169967651,0.016532478854060173,0.052125848829746246,0.19740189611911774,0.09292849153280258,-0.019991964101791382,-0.03366728499531746,1.0720252990722656,0.4376630485057831,0.19039538502693176,0.18366864323616028,>=0.15,False,True,False,True,True,False,False,False,True,0.08384763449430466,-0.19472382962703705,0.19189657270908356,0.39909636974334717,0.39909636974334717,0.07999999821186066,0.09292849153280258,-0.019991964101791382,0.019991964101791382,0.038835953921079636,0.03821258619427681,0.05447690933942795,0.03309419006109238,0.007911080494523048,0.0,0.04501429200172424,0.19220098853111267,0.003990963567048311,0.03692493215203285,0.037560008466243744,0.052664678543806076,0.03422405198216438,2-4deg,0.00-0.04,0.0,0.0,0.0,0.0
128,47,True,True,0.04757959023118019,0.04748227074742317,0.032248228788375854,0.14017651975154877,1.959999918937683,1.0586515665054321,0.3496943414211273,0.023633377626538277,0.06881982088088989,0.14017651975154877,0.032248228788375854,-0.019998252391815186,-0.044301606714725494,0.5342497825622559,0.316639244556427,0.1221199706196785,0.11165554076433182,0.10-0.15,False,True,False,True,True,False,False,False,True,0.032381411641836166,-0.14623597264289856,0.24388188123703003,0.06600939482450485,0.3622869551181793,0.09999999403953552,0.032248228788375854,-0.019998252391815186,0.019998252391815186,0.03553835302591324,-0.02108479104936123,0.04131972789764404,0.033423349261283875,0.061056360602378845,0.0009134905994869769,0.06386770308017731,0.1247812956571579,0.0036228694953024387,0.033626019954681396,-0.02294822409749031,0.040707722306251526,0.03332942724227905,2-4deg,0.00-0.04,0.0,0.0,0.0,0.0
129,49,True,True,0.07457645982503891,0.06035803630948067,0.06590578705072403,0.06326279789209366,3.740000009536743,1.1559703350067139,0.2076573520898819,-0.02054821141064167,0.025113744661211967,0.06326279789209366,0.06590578705072403,-0.020042462274432182,-0.04509085789322853,0.9998490214347839,0.33275169134140015,0.05806446075439453,0.06127678602933884,0.05-0.10,False,True,False,True,True,False,False,False,True,0.06505647301673889,-0.02556256204843521,0.10939708352088928,0.06255131959915161,0.27593404054641724,0.09999999403953552,0.06590578705072403,-0.02006988786160946,0.02006988786160946,0.00539300125092268,-4.106390770175494e-05,0.005393248982727528,0.017238473519682884,0.012774964794516563,0.0008457279182039201,0.024933841079473495,0.05814193934202194,0.002759340452030301,0.006766547914594412,-1.0591709724394605e-05,0.006765836384147406,0.01710357330739498,0-2deg,0.00-0.04,0.0,0.0,0.0,0.0
130,24,True,True,0.11046258360147476,0.08105512708425522,0.10477647185325623,0.1482115238904953,2.5999999046325684,1.3753440380096436,0.32201138138771057,0.0036462140269577503,-0.022346796467900276,0.1482115238904953,0.10477647185325623,-0.020000092685222626,0.025196479633450508,0.8667817115783691,0.37676161527633667,0.14651715755462646,0.14184610545635223,0.10-0.15,False,True,False,True,True,False,False,False,True,0.09854751080274582,-0.06029399111866951,0.0649971142411232,0.0269077830016613,0.12247562408447266,0.07999999821186066,0.10477647185325623,-0.020000221207737923,0.020000221207737923,-0.00218401150777936,-0.01657162792980671,0.016716251149773598,0.011174637824296951,0.00918698962777853,0.0003452669770922512,-0.023739032447338104,0.14629802107810974,0.0012247562408447266,-0.0024788398295640945,-0.017163826152682304,0.01734279654920101,0.010873915627598763,0-2deg,0.00-0.04,0.0,0.0,0.0,0.0
131,60,True,True,0.07501548528671265,0.07273147255182266,0.06627412885427475,0.18342536687850952,4.019999980926514,1.464654803276062,0.272333562374115,-0.010182748548686504,-0.11497586965560913,0.18342536687850952,0.06627412885427475,-0.019927140325307846,0.10451474040746689,1.6677753925323486,0.6494300961494446,0.14291751384735107,0.19059154391288757,>=0.15,False,True,False,True,True,False,False,False,True,0.06660322099924088,-0.3843778967857361,0.3080662786960602,0.023033134639263153,0.6047160029411316,0.07999999821186066,0.06627412885427475,-0.020021528005599976,0.020021528005599976,0.0003354012151248753,0.0336674340069294,0.03366822004318237,0.0020864680409431458,0.055049698799848557,0.0015049839857965708,-0.11011095345020294,0.1466984897851944,0.0060471598990261555,0.00044522868120111525,0.0335923470556736,0.03359554335474968,0.0023700513411313295,0-2deg,0.00-0.04,0.0,0.0,0.0,0.0
132,35,True,True,0.04855602607131004,0.04855602607131004,0.033549726009368896,0.19350828230381012,1.4399999380111694,1.4649441242218018,0.45479434728622437,-0.02832954190671444,-0.17255836725234985,0.19350828230381012,0.033549726009368896,-0.019933024421334267,0.14525073766708374,0.3926656246185303,0.2584235668182373,0.08757319301366806,0.05383910611271858,0.05-0.10,False,True,False,True,True,False,False,False,True,0.040373120456933975,-0.4300917387008667,0.3114972710609436,0.11862557381391525,0.22086110711097717,0.07999999821186066,0.033549726009368896,-0.019933024421334267,0.019933024421334267,0.08013221621513367,-0.06791224330663681,0.1049923449754715,0.015592806041240692,0.11110006272792816,0.001423572306521237,-0.16470679640769958,0.10157327353954315,0.0022086109966039658,0.07975274324417114,-0.06699705868959427,0.10411337018013,0.017442364245653152,>=6deg,0.00-0.04,0.0,0.0,0.0,0.0
133,48,True,False,0.13016952574253082,0.13016952574253082,0.0,0.0,2.7200000286102295,1.5046855211257935,0.32303139567375183,-0.20127706229686737,-0.3188844919204712,0.5082966685295105,0.1229090690612793,-0.013728033751249313,0.11476310342550278,1.8132703304290771,0.7046513557434082,0.39582592248916626,0.26368841528892517,>=0.15,True,True,False,True,False,False,False,True,True,0.1229090690612793,-0.30491429567337036,0.40668511390686035,0.0905524417757988,0.0905524417757988,0.0,0.1229090690612793,-0.013728033751249313,0.013728033751249313,-0.013703843578696251,-0.03406895324587822,0.03672068193554878,0.034022245556116104,0.10694720596075058,0.10694720596075058,-0.30491429567337036,0.40668511390686035,0.0009055244154296815,-0.013703843578696251,-0.03406895324587822,0.03672068193554878,0.034022245556116104,2-4deg,0.00-0.04,0.0,0.0,0.0,0.0
134,58,True,True,0.066539466381073,0.0643608421087265,0.05661538988351822,0.25470778346061707,1.8399999141693115,1.3237920999526978,0.3411273658275604,-0.02246875688433647,-0.19024889171123505,0.25470778346061707,0.05661538988351822,-0.02000872790813446,0.16663414239883423,0.6739198565483093,0.35878124833106995,0.1693558543920517,0.17595867812633514,>=0.15,False,True,False,True,True,False,False,False,True,0.05371560528874397,-0.16717563569545746,0.11161637306213379,0.07745076715946198,0.13117758929729462,0.05999999865889549,0.05661538988351822,-0.020015805959701538,0.020015805959701538,0.022815080359578133,-0.026846425607800484,0.03522920981049538,0.023225946351885796,0.005704754497855902,0.0008457279182039201,-0.19558881223201752,0.16315963864326477,0.0013117758790031075,0.023275772109627724,-0.026033755391836166,0.0349198579788208,0.02348644658923149,2-4deg,0.00-0.04,0.0,0.0,0.0,0.0
135,20,True,True,0.07135020941495895,0.061158012598752975,0.06216986104846001,0.15215574204921722,1.1799999475479126,1.4102293252944946,0.5978296399116516,-0.07436225563287735,-0.0059034377336502075,0.15215574204921722,0.06216986104846001,-0.019995812326669693,-0.07176562398672104,0.5495327115058899,0.29796043038368225,0.15204116702079773,0.09362901747226715,0.05-0.10,False,True,False,True,True,False,False,False,True,0.05234584957361221,-0.11546368151903152,0.3072262108325958,0.07588544487953186,0.15585152804851532,0.23999999463558197,0.06216986104846001,-0.020020149648189545,0.020020149648189545,0.006885041017085314,0.013414174318313599,0.015077679418027401,0.043416377156972885,0.06265884637832642,0.0,-0.004734355490654707,0.15208207070827484,0.0015585152432322502,-0.00016503009828738868,0.019680339843034744,0.019680537283420563,0.04210963845252991,0-2deg,0.04-0.08,0.0,0.0,0.0,0.0
136,39,True,True,0.09352263063192368,0.0642697662115097,0.08669280260801315,0.2704325318336487,3.7200000286102295,1.2388168573379517,0.2800048589706421,-0.00021441173157654703,0.04774492233991623,0.2704325318336487,0.08669280260801315,-0.02003099024295807,-0.04777592793107033,1.0096280574798584,0.2802950441837311,0.2661844789981842,0.2604077160358429,>=0.15,False,True,False,True,True,False,False,False,True,0.06605957448482513,-0.1277618706226349,0.0918368399143219,0.1067110151052475,0.6364588141441345,0.11999999731779099,0.08669280260801315,-0.02012666128575802,0.02012666128575802,-0.004944282118231058,0.002936762059107423,0.005746395792812109,0.005361775867640972,0.027719181030988693,0.0013372133253142238,0.0482366606593132,0.2660958170890808,0.006364588160067797,-0.004982524085789919,0.0023962778504937887,0.0055242786183953285,0.005474337376654148,0-2deg,0.00-0.04,0.0,0.0,0.0,0.0
137,53,True,True,0.06895187497138977,0.06895187497138977,0.05938413366675377,0.21893642842769623,0.8799999952316284,1.7373783588409424,0.8676143288612366,-0.03476259112358093,-0.19457557797431946,0.21893642842769623,0.05938413366675377,-0.01994871161878109,0.1602536290884018,0.5120906233787537,0.2514128088951111,0.10036685317754745,0.0695858970284462,0.05-0.10,False,True,False,True,True,False,False,False,True,0.05986299738287926,-0.155208021402359,0.19927793741226196,0.8533781170845032,0.8533781170845032,0.05999999865889549,0.05938413366675377,-0.0201099943369627,0.0201099943369627,-0.0005568887572735548,0.08546213060617447,0.08546406775712967,0.03393420949578285,0.0036376153584569693,0.0007720404537394643,-0.1952209621667862,0.09910567849874496,0.00853378139436245,0.0007380740717053413,0.08499591797590256,0.08499915152788162,0.034935787320137024,4-6deg,0.00-0.04,0.0,0.0,0.0,0.0
138,19,True,True,0.05018852651119232,0.04975178465247154,0.03597258776426315,0.08476487547159195,1.159999966621399,1.7474727630615234,0.8271180391311646,0.016989918425679207,-0.07859192043542862,0.08476487547159195,0.03597258776426315,-0.019990170374512672,0.09431219846010208,0.2973812222480774,0.1671818345785141,0.031755223870277405,0.0185204166918993,0.00-0.05,False,True,False,True,True,False,False,False,True,0.035384293645620346,-0.05417422577738762,0.05116043984889984,0.5012356042861938,0.5012356042861938,0.05999999865889549,0.03597258776426315,-0.020012738183140755,0.020012738183140755,-0.06853029876947403,-0.05367923155426979,0.08702514320611954,0.019916590303182602,0.00048828125,0.0005980199784971774,-0.07565504312515259,0.038228243589401245,0.005012355744838715,-0.06786539405584335,-0.05413202941417694,0.08678410947322845,0.020322516560554504,4-6deg,0.00-0.04,0.0,0.0,0.0,0.0
139,52,True,True,0.04450573772192001,0.04279916360974312,0.027447864413261414,0.19384174048900604,2.3399999141693115,1.1408789157867432,0.32406023144721985,-0.02531774342060089,-0.15723012387752533,0.19384174048900604,0.027447864413261414,-0.019948534667491913,0.13117076456546783,1.1688897609710693,0.5374833345413208,0.11337245255708694,0.13862402737140656,0.10-0.15,False,True,False,True,True,False,False,False,True,0.025946637615561485,-0.33075422048568726,0.27372923493385315,0.07343383878469467,0.4280376732349396,0.07999999821186066,0.027447864413261414,-0.019992684945464134,0.019992684945464134,-0.06147294491529465,-0.049273788928985596,0.0787639394402504,0.04368050396442413,0.09742278605699539,0.0006905339541845024,-0.15370038151741028,0.11811356991529465,0.004280376713722944,-0.06270476430654526,-0.04692036658525467,0.0782974362373352,0.04487209394574165,4-6deg,0.04-0.08,0.0,0.0,0.0,0.0
140,51,True,True,0.03570499271154404,0.03541924059391022,0.007203663699328899,0.20960460603237152,2.0399999618530273,1.2823721170425415,0.3691111207008362,-0.0066656325943768024,-0.15185122191905975,0.20960460603237152,0.007203663699328899,-0.02002696506679058,0.1452121138572693,0.9183056950569153,0.4079364240169525,0.14448285102844238,0.12165619432926178,0.10-0.15,False,True,False,True,True,False,False,False,True,0.005402794573456049,-0.11337962001562119,0.14595927298069,0.523007869720459,0.523007869720459,0.05999999865889549,0.007203663699328899,-0.02002696506679058,0.02002696506679058,0.006600691005587578,0.020906591787934303,0.0219242125749588,0.04129722714424133,0.0008457279182039201,0.00048828125,-0.15448085963726044,0.14166775345802307,0.005230078473687172,0.0077362642623484135,0.01970081962645054,0.021166134625673294,0.04151371493935585,0-2deg,0.04-0.08,0.0,0.0,0.0,0.0
141,2,True,True,0.12366390973329544,0.1169208437204361,0.11854489892721176,0.25765085220336914,1.6799999475479126,1.6471564769744873,0.6010792851448059,-0.029519127681851387,-0.1705092489719391,0.25765085220336914,0.11854489892721176,-0.019889414310455322,0.134679913520813,0.3338869512081146,0.19136302173137665,0.19315940141677856,0.21645361185073853,>=0.15,False,True,False,True,True,False,False,False,True,0.11201981455087662,-0.1106863021850586,0.10481005907058716,0.05779941752552986,0.11188608407974243,0.14000000059604645,0.11854489892721176,-0.019889414310455322,0.019889414310455322,-0.02045031636953354,0.012709898874163628,0.024077847599983215,0.06456448882818222,0.0036376153584569693,0.002210787730291486,-0.17294354736804962,0.19098293781280518,0.0011188607895746827,-0.027040474116802216,0.016594575718045235,0.031724583357572556,0.0628560334444046,0-2deg,0.04-0.08,0.0,0.0,0.0,0.0
142,1,True,True,0.07490379363298416,0.07127083092927933,0.06621856242418289,0.20859898626804352,2.0999999046325684,1.2150938510894775,0.3450556695461273,-0.03142601624131203,-0.16159841418266296,0.20859898626804352,0.06621856242418289,-0.019979611039161682,0.12751570343971252,0.7123106122016907,0.3762984573841095,0.131907120347023,0.17213666439056396,>=0.15,False,True,False,True,True,False,False,False,True,0.06393599510192871,-0.35111111402511597,0.2664663791656494,0.08175510168075562,0.10707486420869827,0.11999999731779099,0.06621856242418289,-0.019979611039161682,0.019979611039161682,0.024984855204820633,-0.006790696177631617,0.025891141965985298,0.03802892938256264,0.00829362217336893,0.00048828125,-0.16484227776527405,0.12783019244670868,0.001070748665370047,0.028324490413069725,-0.008487449958920479,0.029569318518042564,0.036862824112176895,0-2deg,0.00-0.04,0.0,0.0,0.0,0.0
143,4,True,True,0.041932377964258194,0.0405472069978714,0.023114992305636406,0.2066430151462555,2.0799999237060547,1.5796781778335571,0.49164116382598877,-0.012445857748389244,-0.13740211725234985,0.2066430151462555,0.023114992305636406,-0.02001451887190342,0.12519291043281555,0.29107964038848877,0.20030373334884644,0.15434375405311584,0.1574094295501709,>=0.15,False,True,False,True,True,False,False,False,True,0.021179888397455215,-0.19185996055603027,0.08289962261915207,0.1633046567440033,0.25691819190979004,0.09999999403953552,0.023114992305636406,-0.020021317526698112,0.020021317526698112,-0.0005681582842953503,-0.0017822086811065674,0.0018593198619782925,0.012462520971894264,0.0021283691748976707,0.0006905339541845024,-0.13766837120056152,0.15410630404949188,0.0025691818445920944,0.0003120584296993911,-0.0022496378514915705,0.002264067530632019,0.012445538304746151,0-2deg,0.00-0.04,0.0,0.0,0.0,0.0
144,63,True,True,0.055138252675533295,0.055138252675533295,0.04204131290316582,0.1347498744726181,2.2799999713897705,1.1566013097763062,0.3593817949295044,0.009596128016710281,-0.11122020334005356,0.1347498744726181,0.04204131290316582,-0.019566502422094345,0.12017650157213211,0.982856035232544,0.4779001474380493,0.07607623934745789,0.17261043190956116,>=0.15,False,True,False,True,True,False,False,False,True,0.04345263913273811,-0.09997154027223587,0.2190413624048233,0.48778602480888367,0.48778602480888367,0.05999999865889549,0.04204131290316582,-0.01999381184577942,0.01999381184577942,0.0008176338160410523,-0.013396031223237514,0.013421175070106983,0.03489348664879799,0.00048828125,0.007291610352694988,-0.1108548641204834,0.07660762220621109,0.004877860192209482,0.0008428583387285471,-0.01199377328157425,0.012025082483887672,0.03522501885890961,0-2deg,0.00-0.04,0.0,0.0,0.0,0.0
145,27,True,True,0.113921158015728,0.06520980596542358,0.10837862640619278,0.07580462098121643,3.1599998474121094,1.244133710861206,0.2702862322330475,-0.08598538488149643,0.018334873020648956,0.07580462098121643,0.10837862640619278,-0.01947418972849846,-0.10643266886472702,0.8845277428627014,0.30464065074920654,0.07355388253927231,0.05676274746656418,0.05-0.10,False,True,False,True,True,False,False,False,True,0.0736142247915268,-0.023239796981215477,0.06566566228866577,0.05386210232973099,0.7899680733680725,0.7599999904632568,0.10837862640619278,-0.020055312663316727,0.020055312663316727,-0.05735165998339653,0.001456479192711413,0.05737000331282616,0.007271561771631241,0.10873645544052124,0.011477270163595676,0.01956341043114662,0.07323670387268066,0.00789968017488718,-0.04172968864440918,0.0012483461759984493,0.04174893721938133,0.033608581870794296,2-4deg,0.00-0.04,0.0,0.0,0.0,0.0
146,23,True,False,0.30145347118377686,0.04198961704969406,0.0,0.0,7.539999961853027,1.1826884746551514,0.12901172041893005,0.009926142171025276,0.06783702969551086,0.21976932883262634,0.29941526055336,-0.020001191645860672,-0.06214316189289093,1.01216459274292,0.2588428258895874,0.20903755724430084,0.2083991914987564,>=0.15,True,True,False,True,False,False,False,True,True,0.02144542895257473,-0.07076337933540344,0.25674983859062195,0.022710680961608887,0.956264853477478,0.0,0.29941526055336,-0.02022341825067997,0.02022341825067997,0.07453105598688126,-0.013112733140587807,0.07567328959703445,0.04739031568169594,0.11536763608455658,0.0003452669770922512,0.08016233146190643,0.2046278566122055,0.00956264790147543,0.03363596275448799,0.049331218004226685,0.059699129313230515,0.06878998875617981,4-6deg,0.04-0.08,0.0,0.0006905339541845024,0.0,0.0
147,62,True,True,0.06204642355442047,0.06162048503756523,0.05122179538011551,0.14325706660747528,2.819999933242798,1.4961421489715576,0.38295814394950867,-0.014521853998303413,-0.13110236823558807,0.14325706660747528,0.05122179538011551,-0.020018763840198517,0.11885054409503937,0.9686838388442993,0.42493245005607605,0.057747337967157364,0.06035425141453743,0.05-0.10,False,True,False,True,True,False,False,False,True,0.05137574300169945,-0.3779431879520416,0.2750013470649719,0.10637238621711731,0.23007266223430634,0.09999999403953552,0.05122179538011551,-0.020018763840198517,0.020018763840198517,0.005938827991485596,-0.023768208920955658,0.02449997514486313,0.044362638145685196,0.029042469337582588,0.0009134905994869769,-0.12994733452796936,0.0603015311062336,0.002300726482644677,0.007665322162210941,-0.020644042640924454,0.02202187478542328,0.044852856546640396,0-2deg,0.04-0.08,0.0,0.0,0.0,0.0
148,17,True,True,0.07403486222028732,0.06571706384420395,0.0652235895395279,0.2864280641078949,3.0999999046325684,1.3106340169906616,0.3361245095729828,-0.0033944672904908657,-0.13538862764835358,0.2864280641078949,0.0652235895395279,-0.02001652494072914,0.13192500174045563,1.5133627653121948,0.6323153376579285,0.25241029262542725,0.24922913312911987,>=0.15,False,True,False,True,True,False,False,False,True,0.055828094482421875,-0.19908805191516876,0.14237728714942932,0.6265721917152405,0.6265721917152405,0.05999999865889549,0.0652235895395279,-0.020129384472966194,0.020129384472966194,0.07296465337276459,0.059570278972387314,0.09416040778160095,0.019942916929721832,0.004657910671085119,0.0006905339541845024,-0.11114034801721573,0.2639864981174469,0.006265721749514341,0.07321856170892715,0.05881117284297943,0.09388042986392975,0.020119396969676018,4-6deg,0.00-0.04,0.0,0.0,0.0,0.0
149,3,True,True,0.03696320950984955,0.03696320950984955,0.011890145018696785,0.1445983648300171,3.379999876022339,1.269892930984497,0.3012503683567047,0.012969850562512875,0.05222173035144806,0.1445983648300171,0.011890145018696785,-0.01999977044761181,-0.03867022693157196,0.9988608956336975,0.2878682017326355,0.13483907282352448,0.13695529103279114,0.10-0.15,False,True,False,True,True,False,False,False,True,0.016907457262277603,-0.07589303702116013,0.06414079666137695,0.057025279849767685,0.39328938722610474,0.09999999403953552,0.011890145018696785,-0.020080136135220528,0.020080136135220528,0.009823637083172798,0.0004697801487054676,0.009832574985921383,0.07290986180305481,0.030630873516201973,0.0003452669770922512,0.05013318732380867,0.13562946021556854,0.003932893741875887,0.015629231929779053,0.0004498052003327757,0.01563660055398941,0.07217635214328766,0-2deg,0.04-0.08,0.0,0.0,0.0,0.0
150,13,True,True,0.08721326291561127,0.07562883198261261,0.07986815273761749,0.1160796731710434,2.200000047683716,1.2217838764190674,0.3506404459476471,-1.4976276361267082e-05,0.018680201843380928,0.1160796731710434,0.07986815273761749,-0.019990961998701096,-0.01972610503435135,0.6714121699333191,0.34263402223587036,0.11456675082445145,0.11462672799825668,0.10-0.15,False,True,False,True,True,False,False,False,True,0.07368849217891693,-0.0856139212846756,0.17742106318473816,0.03442058339715004,0.1546792984008789,0.07999999821186066,0.07986815273761749,-0.020089466124773026,0.020089466124773026,-0.02702770009636879,0.028394285589456558,0.03919905796647072,0.01171316858381033,0.023803960531949997,0.00048828125,0.014328155666589737,0.1151919960975647,0.0015467929188162088,-0.027390895411372185,0.028951076790690422,0.039852190762758255,0.010459917597472668,2-4deg,0.00-0.04,0.0,0.0,0.0,0.0
151,16,True,True,0.06546500325202942,0.060400065034627914,0.055336661636829376,0.23152689635753632,2.5999999046325684,1.4013829231262207,0.36873331665992737,0.0029052672907710075,-0.15203335881233215,0.23152689635753632,0.055336661636829376,-0.02001427486538887,0.15534953773021698,1.3651331663131714,0.5060926675796509,0.17461547255516052,0.18066458404064178,>=0.15,False,True,False,True,True,False,False,False,True,0.04911840334534645,-0.27332597970962524,0.1634485125541687,0.04168747365474701,0.27943041920661926,0.07999999821186066,0.055336661636829376,-0.020015021786093712,0.020015021786093712,0.002679494209587574,0.0554182194173336,0.055482398718595505,0.01840144209563732,0.009341403841972351,0.0014648438664153218,-0.15008746087551117,0.1762908399105072,0.0027943041641265154,0.0018364471616223454,0.056085679680109024,0.056116167455911636,0.01746002584695816,2-4deg,0.00-0.04,0.0,0.0,0.0,0.0
152,29,True,True,0.0954362228512764,0.08292587101459503,0.08879079669713974,0.21633100509643555,4.059999942779541,1.5069104433059692,0.2476288229227066,0.00324848759919405,-0.029674213379621506,0.21633100509643555,0.08879079669713974,-0.02000238187611103,0.029336562380194664,0.9348781108856201,0.3243390917778015,0.21428611874580383,0.213106170296669,>=0.15,False,True,False,True,True,False,False,False,True,0.11225501447916031,-0.034559138119220734,0.2813684344291687,0.04172053188085556,0.14552299678325653,2.359999895095825,0.08879079669713974,-0.02000238187611103,0.02000238187611103,-0.05131125822663307,-0.06312281638383865,0.08132527023553848,0.05057805776596069,0.022376324981451035,0.0,-0.024330124258995056,0.21495847404003143,0.001455229939892888,-0.01898212917149067,-0.01734372228384018,0.025710929185152054,0.0734972357749939,4-6deg,0.04-0.08,0.0,0.0,0.0,0.0
153,55,True,True,0.0738224908709526,0.04707707464694977,0.06496670842170715,0.23566077649593353,2.819999933242798,1.155187964439392,0.25592923164367676,0.02061348780989647,0.07737064361572266,0.23566077649593353,0.06496670842170715,-0.02002198062837124,-0.05629537254571915,0.41892072558403015,0.22051110863685608,0.22259780764579773,0.21595090627670288,>=0.15,False,True,False,True,True,False,False,False,True,0.031728774309158325,0.035423994064331055,0.20752671360969543,0.44329410791397095,0.45692598819732666,0.17999999225139618,0.06496670842170715,-0.020152410492300987,0.020152410492300987,-0.014711120165884495,-0.005186269525438547,0.015598433092236519,0.02038540691137314,0.002341714920476079,0.0013810680247843266,0.07770748436450958,0.2224804311990738,0.004569259937852621,-0.011779498308897018,-0.0035142344422638416,0.01229468546807766,0.021745603531599045,0-2deg,0.00-0.04,0.0,0.0,0.0,0.0
154,37,True,True,0.07996197789907455,0.07932012528181076,0.07132424414157867,0.15450936555862427,3.0,1.341930627822876,0.31039273738861084,0.01757585071027279,-0.15075621008872986,0.15450936555862427,0.07132424414157867,-0.019448868930339813,0.1678352952003479,0.6061864495277405,0.383266419172287,0.03384833037853241,0.17005616426467896,>=0.15,False,True,False,True,True,False,False,False,True,0.07444377988576889,-0.3572227656841278,0.29219502210617065,0.07310818135738373,0.5200982093811035,0.07999999821186066,0.07132424414157867,-0.020015092566609383,0.020015092566609383,-0.000203307528863661,0.012103726156055927,0.012104131281375885,0.01905246637761593,0.07594480365514755,0.008590169250965118,-0.1506350189447403,0.03438365086913109,0.005200982093811035,-0.0008741663186810911,0.011164761148393154,0.011198638007044792,0.019408106803894043,0-2deg,0.00-0.04,0.0,0.0,0.0,0.0
155,42,True,True,0.058885928243398666,0.058885928243398666,0.047284550964832306,0.19160960614681244,4.400000095367432,1.171504259109497,0.20339688658714294,-0.02056093141436577,-0.12643255293369293,0.19160960614681244,0.047284550964832306,-0.019946224987506866,0.10450585931539536,0.9138383865356445,0.31881633400917053,0.1439758688211441,0.14929769933223724,0.10-0.15,False,True,False,True,True,False,False,False,True,0.05872029811143875,-0.21377652883529663,0.14523576200008392,0.04681113734841347,0.14344272017478943,0.09999999403953552,0.047284550964832306,-0.02001560851931572,0.02001560851931572,-0.01653900183737278,-0.027744123712182045,0.03229817375540733,0.06160963699221611,0.059346433728933334,0.001091830083169043,-0.12813787162303925,0.14246025681495667,0.0014344272203743458,-0.017247134819626808,-0.03255343437194824,0.03683901205658913,0.05987674370408058,0-2deg,0.04-0.08,0.0,0.0,0.0,0.0
156,54,True,True,0.07684678584337234,0.07601150125265121,0.06836919486522675,0.058600280433893204,3.4600000381469727,1.5435433387756348,0.3202160596847534,-0.002160395961254835,-0.053242750465869904,0.058600280433893204,0.06836919486522675,-0.01984459161758423,0.04893220588564873,1.7863813638687134,0.8098907470703125,0.0244786124676466,0.16461509466171265,>=0.15,False,True,False,True,True,False,False,False,True,0.07352032512426376,-0.4066033363342285,0.2923505902290344,0.022434387356042862,0.1048303171992302,0.09999999403953552,0.06836919486522675,-0.01984459161758423,0.01984459161758423,-0.006001588422805071,-0.04689011350274086,0.04727194085717201,0.045169398188591,0.11320111155509949,0.0032018758356571198,-0.0536949597299099,0.02347007393836975,0.001048303092829883,-0.006010506302118301,-0.0504167266190052,0.05077379196882248,0.042970236390829086,2-4deg,0.04-0.08,0.0,0.0,0.0,0.0
157,32,True,True,0.1044343039393425,0.06745506078004837,0.09816614538431168,0.10564054548740387,3.9599997997283936,1.143365502357483,0.23593145608901978,-0.005664496682584286,-0.08723419159650803,0.10564054548740387,0.09816614538431168,-0.019762098789215088,0.08243359625339508,1.0465577840805054,0.29556259512901306,0.05958288162946701,0.12737920880317688,0.10-0.15,False,True,False,True,True,False,False,False,True,0.09494609385728836,-0.09361128509044647,0.14063537120819092,0.02945752814412117,0.07159978896379471,0.14000000059604645,0.09816614538431168,-0.02001957967877388,0.02001957967877388,0.0015522789908573031,0.020782815292477608,0.020839748904109,0.01403177808970213,0.00048828125,0.004784164484590292,-0.0883934497833252,0.057849131524562836,0.0007159978849813342,0.0029102866537868977,0.019666653126478195,0.019879432395100594,0.015294704586267471,0-2deg,0.00-0.04,0.0,0.0,0.0,0.0
158,6,True,True,0.04045351594686508,0.040092792361974716,0.020278912037611008,0.08224674314260483,2.7200000286102295,1.483141303062439,0.4527483880519867,-0.00178183289244771,-0.0784928947687149,0.08224674314260483,0.020278912037611008,-0.020004887133836746,0.07684586197137833,1.59389066696167,0.6633288264274597,0.024564044550061226,0.024530552327632904,0.00-0.05,False,True,False,True,True,False,False,False,True,0.022218842059373856,-0.3541206419467926,0.319856196641922,0.109856978058815,0.2357131391763687,0.07999999821186066,0.020278912037611008,-0.020004887133836746,0.020004887133836746,0.011614689603447914,0.06861130893230438,0.06958597898483276,0.019511017948389053,0.04520350322127342,0.0006905339541845024,-0.07675141096115112,0.029559222981333733,0.0023571313358843327,0.011098872870206833,0.06749933958053589,0.06840409338474274,0.021347740665078163,2-4deg,0.00-0.04,0.0,0.0,0.0,0.0
159,46,True,True,0.05952044203877449,0.05291220173239708,0.048021238297224045,0.027765842154622078,3.319999933242798,1.3893823623657227,0.31834155321121216,-0.03389158844947815,0.010239474475383759,0.027765842154622078,0.048021238297224045,-0.019863752648234367,-0.045702870935201645,1.1803945302963257,0.3967450261116028,0.025808820500969887,0.061385009437799454,0.05-0.10,False,True,False,True,True,False,False,False,True,0.047893278300762177,-0.0337352529168129,0.04076440632343292,0.04316967725753784,0.2050728052854538,0.09999999403953552,0.048021238297224045,-0.020051022991538048,0.020051022991538048,0.037916332483291626,0.04201604053378105,0.056587107479572296,0.06263327598571777,0.0262251365929842,0.0026294756680727005,0.011519174091517925,0.025263624265789986,0.0020507280714809895,0.042035359889268875,0.044648461043834686,0.0613127276301384,0.05954534187912941,2-4deg,0.04-0.08,0.0,0.0,0.0,0.0
160,28,True,True,0.08156716823577881,0.06521264463663101,0.07366828620433807,0.19571350514888763,3.1999998092651367,1.4780147075653076,0.2902679443359375,0.008846159093081951,-0.025800956413149834,0.19571350514888763,0.07366828620433807,-0.0199874360114336,0.03285811096429825,1.7707810401916504,0.5995405912399292,0.19400538504123688,0.19309769570827484,>=0.15,False,True,False,True,True,False,False,False,True,0.06598429381847382,-0.1094026193022728,0.1142243817448616,0.020346565172076225,0.26318979263305664,0.07999999821186066,0.07366828620433807,-0.020043885335326195,0.020043885335326195,-0.030101284384727478,0.002806626260280609,0.03023124299943447,0.0272498931735754,0.021614795550704002,0.0,-0.021803677082061768,0.19449518620967865,0.0026318978052586317,-0.028559675440192223,0.0034377502743154764,0.028766103088855743,0.02826894260942936,0-2deg,0.00-0.04,0.0,0.0,0.0,0.0
161,47,False,False,0.2025597244501114,0.2025597244501114,0.0,0.0,1.2400000095367432,2.023977279663086,0.7021554112434387,-0.2811920940876007,-0.6190456748008728,0.832929253578186,0.17521986365318298,0.02648952230811119,0.1160023882985115,1.8251317739486694,0.9212081432342529,0.557273268699646,0.2536236345767975,>=0.15,True,True,False,True,False,True,False,True,True,0.17521986365318298,-0.639453113079071,0.5337329506874084,3.166126012802124,3.166126012802124,0.0,0.17521986365318298,0.02648952230811119,0.0,0.02453715167939663,-0.02824566885828972,0.03741230443120003,0.03307289630174637,0.7420818209648132,0.7420818209648132,-0.639453113079071,0.5337329506874084,0.0316612608730793,0.02453715167939663,-0.02824566885828972,0.03741230443120003,0.03307289630174637,2-4deg,0.00-0.04,0.0,0.0,0.0,0.0
162,21,True,True,0.0781332328915596,0.06560803949832916,0.06985164433717728,0.20754610002040863,2.5999999046325684,1.381644368171692,0.3735824525356293,0.006677598692476749,-0.03990521654486656,0.20754610002040863,0.06985164433717728,-0.019995324313640594,0.04685290530323982,1.0427725315093994,0.46235647797584534,0.20367366075515747,0.20171622931957245,>=0.15,False,True,False,True,True,False,False,False,True,0.06215444952249527,-0.02875615656375885,0.2028089463710785,0.21691985428333282,0.24088497459888458,0.05999999865889549,0.06985164433717728,-0.019995324313640594,0.019995324313640594,0.06536418944597244,0.0039940690621733665,0.06548600643873215,0.007724438328295946,0.0,0.0003452669770922512,-0.036058519035577774,0.20438973605632782,0.002408849773928523,0.06522097438573837,0.0037109972909092903,0.06532642245292664,0.008152333088219166,2-4deg,0.00-0.04,0.0,0.0,0.0,0.0
163,40,True,True,0.04808591306209564,0.044390227645635605,0.03296876698732376,0.2096763402223587,3.2799999713897705,1.4607365131378174,0.2852831184864044,0.0039008099120110273,-0.03318893909454346,0.2096763402223587,0.03296876698732376,-0.019994009286165237,0.03765090927481651,0.9998498558998108,0.2868180572986603,0.20703299343585968,0.20530858635902405,>=0.15,False,True,False,True,True,False,False,False,True,0.02739240601658821,-0.13946297764778137,0.05529237538576126,0.10211201012134552,0.4802074134349823,0.07999999821186066,0.03296876698732376,-0.02004845254123211,0.02004845254123211,0.0013933124719187617,0.07104470580816269,0.07105860859155655,0.029691575095057487,0.04051099345088005,0.0,-0.019735950976610184,0.20874543488025665,0.004802073817700148,0.0021766277495771646,0.07258224487304688,0.07261484861373901,0.02782564051449299,4-6deg,0.00-0.04,0.0,0.0,0.0,0.0
164,9,True,True,0.03545276075601578,0.03545276075601578,0.0060838740319013596,0.1506592482328415,2.7200000286102295,1.4505294561386108,0.3516286611557007,-0.04763297364115715,0.020054806023836136,0.1506592482328415,0.0060838740319013596,-0.02007337659597397,-0.06692897528409958,0.9417145848274231,0.4127614498138428,0.14931850135326385,0.15713562071323395,>=0.15,False,True,False,True,True,False,False,False,True,0.015142167918384075,-0.06785400211811066,0.07052887231111526,0.0567740835249424,0.5090364813804626,0.09999999403953552,0.0060838740319013596,-0.02007337659597397,0.02007337659597397,-0.005265098065137863,-0.028946874663233757,0.02942178025841713,0.01814943738281727,0.03519026190042496,0.0015440810238942504,0.022034378722310066,0.14903923869132996,0.005090364720672369,-0.003812480019405484,-0.028772272169589996,0.029023990035057068,0.018428726121783257,0-2deg,0.00-0.04,0.0,0.0,0.0,0.0
165,36,True,True,0.03908505663275719,0.03894608095288277,0.017406579107046127,0.15179067850112915,3.1599998474121094,1.3397889137268066,0.2915796935558319,0.00414924044162035,-0.058901913464069366,0.15179067850112915,0.017406579107046127,-0.020005181431770325,0.0635228082537651,1.055249810218811,0.3518426716327667,0.13989628851413727,0.13687095046043396,0.10-0.15,False,True,False,True,True,False,False,False,True,0.017753779888153076,-0.17301885783672333,0.0900721624493599,0.09854433685541153,0.21855348348617554,0.07999999821186066,0.017406579107046127,-0.020006490871310234,0.020006490871310234,-0.05505259707570076,0.04494940862059593,0.0710577666759491,0.049063801765441895,0.028705943375825882,0.0,-0.04871773719787598,0.14376018941402435,0.0021855346858501434,-0.05609889701008797,0.04761580377817154,0.07356574386358261,0.04640235751867294,4-6deg,0.04-0.08,0.0,0.0,0.0,0.0
166,43,True,True,0.058749161660671234,0.03960669785737991,0.04640974849462509,0.23900659382343292,5.179999828338623,1.3801321983337402,0.2302139401435852,-0.09983625262975693,-0.004064135253429413,0.23900659382343292,0.04640974849462509,-0.019106116145849228,-0.09321604669094086,0.69224613904953,0.24740754067897797,0.2389720380306244,0.2531067728996277,>=0.15,False,True,False,True,True,False,False,False,True,0.11701031029224396,-0.40893852710723877,0.41861891746520996,0.22985786199569702,0.22985786199569702,3.3999998569488525,0.04640974849462509,-0.019730592146515846,0.019730592146515846,-0.04852858558297157,-0.07841449975967407,0.09219047427177429,0.0024063230957835913,0.153761088848114,0.0172670166939497,-0.014397723600268364,0.23857253789901733,0.00229857861995697,0.0484277717769146,0.07821919023990631,0.09197137504816055,0.006274128332734108,4-6deg,0.00-0.04,0.0,0.0,0.0,0.0
167,25,True,True,0.05542672798037529,0.05542672798037529,0.04296635091304779,0.05401568487286568,4.380000114440918,1.4494225978851318,0.22908033430576324,0.002807804848998785,0.0040400708094239235,0.05401568487286568,0.04296635091304779,-0.019993435591459274,-0.0020212752278894186,1.2914438247680664,0.36758512258529663,0.053864385932683945,0.05064815655350685,0.05-0.10,False,True,False,True,True,False,False,False,True,0.08003519475460052,-0.10356131941080093,0.41923752427101135,0.05959247797727585,0.11531428247690201,2.180000066757202,0.04296635091304779,-0.02004878781735897,0.02004878781735897,-0.0005495380610227585,-0.05762360244989395,0.05762619525194168,0.00298952660523355,0.030857739970088005,0.0,0.004016978200525045,0.05386611446738243,0.0011531427735462785,-0.0006209004786796868,-0.01760498806834221,0.017615612596273422,0.029788142070174217,2-4deg,0.00-0.04,0.0,0.0,0.0,0.0
168,15,True,False,0.2283308207988739,0.11938053369522095,0.0,0.0,3.0199999809265137,1.7532545328140259,0.37497106194496155,0.08133797347545624,0.021184556186199188,0.17632757127285004,0.2289935201406479,-0.009299180470407009,0.06378275901079178,0.9874364137649536,0.38140809535980225,0.17505036294460297,0.15415672957897186,>=0.15,True,True,False,True,False,False,False,True,True,0.11386694014072418,-0.07716517895460129,0.16545724868774414,0.1754060834646225,0.516204297542572,0.0,0.2289935201406479,-0.020100494846701622,0.020100494846701622,0.051830701529979706,0.00423816591501236,0.05200380086898804,0.038643743842840195,0.005940206348896027,0.149298757314682,0.03258581459522247,0.1732904613018036,0.005162043031305075,0.06641184538602829,-9.835738637775648e-06,0.06641217321157455,0.007383512798696756,2-4deg,0.00-0.04,0.0,0.0,0.0,0.0
169,56,True,True,0.06925015896558762,0.06925015896558762,0.05975605919957161,0.10179881751537323,2.0999999046325684,1.5483258962631226,0.5000594854354858,-0.011388112790882587,-0.05070707947015762,0.10179881751537323,0.05975605919957161,-0.019981665536761284,0.0399617962539196,0.5797527432441711,0.39473265409469604,0.0882711187005043,0.1694430261850357,>=0.15,False,True,False,True,True,False,False,False,True,0.07901202142238617,-0.2894228398799896,0.3590095639228821,0.07435481995344162,0.2640630006790161,0.11999999731779099,0.05975605919957161,-0.02002287283539772,0.02002287283539772,0.005299327429383993,0.021544773131608963,0.02218637801706791,0.02209298685193062,0.14757217466831207,0.0,-0.05044035613536835,0.08842380344867706,0.0026406298857182264,0.005265602841973305,0.019302207976579666,0.02000795118510723,0.022751836106181145,0-2deg,0.00-0.04,0.0,0.0,0.0,0.0
170,38,True,True,0.03743210434913635,0.03743210434913635,0.013242923654615879,0.12099581956863403,3.879999876022339,1.1634069681167603,0.2624916732311249,0.007241824641823769,-0.018643271178007126,0.12099581956863403,0.013242923654615879,-0.019989101216197014,0.025108380243182182,1.4416589736938477,0.4114019572734833,0.11955089122056961,0.11591982841491699,0.10-0.15,False,True,False,True,True,False,False,False,True,0.017840160056948662,0.009984674863517284,0.0894436463713646,0.41916412115097046,0.41916412115097046,0.05999999865889549,0.013242923654615879,-0.020046330988407135,0.020046330988407135,-0.0036938488483428955,0.011224953457713127,0.01181506272405386,0.06361336261034012,0.001035800902172923,0.0,-0.01915149576961994,0.11947052925825119,0.004191641230136156,-0.003948262892663479,0.00868794322013855,0.0095434058457613,0.06386221200227737,0-2deg,0.04-0.08,0.0,0.0,0.0,0.0
171,14,True,True,0.03748389706015587,0.03748389706015587,0.013411610387265682,0.23148103058338165,2.259999990463257,1.4889558553695679,0.37993207573890686,0.02601470798254013,0.0558665469288826,0.23148103058338165,0.013411610387265682,-0.0199888963252306,-0.030309930443763733,1.258750081062317,0.5343968272209167,0.22463835775852203,0.20207391679286957,>=0.15,False,True,False,True,True,False,False,False,True,0.020930610597133636,-0.14305883646011353,0.18344470858573914,0.03745841234922409,0.40989261865615845,0.07999999821186066,0.013411610387265682,-0.02001030184328556,0.02001030184328556,-0.03673847019672394,-0.04467187449336052,0.05783074349164963,0.008955906145274639,0.004708818159997463,0.0009765625,0.06859251856803894,0.22108489274978638,0.004098926205188036,-0.03666381910443306,-0.044093161821365356,0.057337768375873566,0.01053385715931654,2-4deg,0.00-0.04,0.0,0.0,0.0,0.0
172,45,True,True,0.039396196603775024,0.039396196603775024,0.018073340877890587,0.19746452569961548,3.9599997997283936,1.37285578250885,0.2908701002597809,0.004236430395394564,-0.02783782221376896,0.19746452569961548,0.018073340877890587,-0.019994953647255898,0.03240148350596428,1.404004454612732,0.4092877209186554,0.1954924464225769,0.1933830976486206,>=0.15,False,True,False,True,True,False,False,False,True,0.019719252362847328,-0.011445337906479836,0.1738274246454239,0.08661769330501556,0.13911007344722748,0.05999999865889549,0.018073340877890587,-0.01999809220433235,0.01999809220433235,-0.08348869532346725,0.0043019517324864864,0.08359892666339874,0.034810375422239304,0.0,0.0,-0.016758805140852928,0.19675208628177643,0.0013911006972193718,-0.08326370269060135,0.0056820884346961975,0.08345675468444824,0.035162873566150665,4-6deg,0.00-0.04,0.0,0.0,0.0,0.0
173,5,True,True,0.12150007486343384,0.10707852244377136,0.11635098606348038,0.18151913583278656,4.019999980926514,1.3914283514022827,0.22657886147499084,-0.01569119282066822,-0.07192782312631607,0.18151913583278656,0.11635098606348038,-0.02000005543231964,0.0599825456738472,0.7650383114814758,0.3050176799297333,0.16666008532047272,0.16626892983913422,>=0.15,False,True,False,True,True,False,False,False,True,0.11641720682382584,-0.06339960545301437,0.40048202872276306,0.048312388360500336,0.08983241766691208,2.0399999618530273,0.11635098606348038,-0.02001926489174366,0.02001926489174366,-0.012100175954401493,0.0705859586596489,0.07161388546228409,0.016404639929533005,0.0011960400734096766,0.0,-0.07718785107135773,0.16429007053375244,0.0008983241277746856,-0.032383233308792114,0.019542478024959564,0.0378212071955204,0.04107179120182991,4-6deg,0.00-0.04,0.0,0.0006905339541845024,0.0,0.0
174,57,True,True,0.040537986904382706,0.03693336993455887,0.020463766530156136,0.2387182116508484,2.0199999809265137,1.1080323457717896,0.3186577558517456,0.013546998612582684,-0.08611512184143066,0.2387182116508484,0.020463766530156136,-0.02000415325164795,0.10048895329236984,0.7250148057937622,0.36666855216026306,0.22264450788497925,0.21285785734653473,>=0.15,False,True,False,True,True,False,False,False,True,0.011788694187998772,-0.05065084248781204,0.25118038058280945,0.7317183017730713,0.7317183017730713,0.05999999865889549,0.020463766530156136,-0.020035233348608017,0.020035233348608017,-0.0270253736525774,0.06504164636135101,0.07042531669139862,0.0554216243326664,0.0003452669770922512,0.0006905339541845024,-0.07399115711450577,0.2269618660211563,0.007317183073610067,-0.02922123856842518,0.06518636643886566,0.07142788171768188,0.05462091788649559,4-6deg,0.04-0.08,0.0,0.0,0.0,0.0
175,44,True,True,0.08607438951730728,0.07472991943359375,0.07865990698337555,0.2590065896511078,2.2200000286102295,1.274956226348877,0.3391728103160858,-0.0058615258894860744,-0.13294267654418945,0.2590065896511078,0.07865990698337555,-0.02002510242164135,0.13024060428142548,1.0163657665252686,0.47829338908195496,0.22228509187698364,0.2176552414894104,>=0.15,False,True,False,True,True,False,False,False,True,0.06544876098632812,-0.25821131467819214,0.12692727148532867,0.0502670519053936,0.1844908446073532,0.09999999403953552,0.07865990698337555,-0.02002510242164135,0.02002510242164135,0.03052966110408306,0.046266108751297,0.05542540177702904,0.05928470194339752,0.07994817942380905,0.0008457279182039201,-0.13321726024150848,0.22212062776088715,0.0018449084600433707,0.02968168444931507,0.050818152725696564,0.05884486064314842,0.05644062161445618,2-4deg,0.04-0.08,0.0,0.0,0.0,0.0
176,7,True,True,0.1126047819852829,0.10781669616699219,0.10717698186635971,0.0942155197262764,2.2799999713897705,1.6329656839370728,0.4642404615879059,-0.05028296634554863,0.0035214126110076904,0.0942155197262764,0.10717698186635971,-0.018931563943624496,-0.05340339615941048,1.203712821006775,0.5100464820861816,0.09414968639612198,0.13865888118743896,0.10-0.15,False,True,False,True,True,False,False,False,True,0.1026424914598465,0.0857594683766365,0.1200154721736908,0.20074130594730377,0.20074130594730377,0.05999999865889549,0.10717698186635971,-0.019770905375480652,0.019770905375480652,0.015581760555505753,0.028352493420243263,0.03235165774822235,0.009931451641023159,0.004721459001302719,0.017547806724905968,0.004991730209439993,0.09408318996429443,0.0020074129570275545,0.01583288051187992,0.028642239049077034,0.032725412398576736,0.009238852187991142,0-2deg,0.00-0.04,0.0,0.0,0.0,0.0
177,37,True,True,0.04141718149185181,0.03858445957303047,0.022131340578198433,0.1482292264699936,0.85999995470047,1.203129529953003,0.5332923531532288,0.0043480717577040195,0.0001030629500746727,0.1482292264699936,0.022131340578198433,-0.019990723580121994,0.004317752085626125,0.3173524737358093,0.1826796978712082,0.1482291966676712,0.14622457325458527,0.10-0.15,False,True,False,True,True,False,False,False,True,0.014119143597781658,-0.2272678017616272,0.23755379021167755,0.15924003720283508,0.22641681134700775,0.07999999821186066,0.022131340578198433,-0.019999397918581963,0.019999397918581963,-0.019656691700220108,-0.027681823819875717,0.03395034745335579,0.020715387538075447,0.012491877190768719,0.0,-0.003865233389660716,0.148178830742836,0.0022641681134700775,-0.019031399860978127,-0.02873193845152855,0.03446101024746895,0.020025769248604774,0-2deg,0.00-0.04,0.0,0.0,0.0,0.0
178,48,True,True,0.05688650906085968,0.05657017603516579,0.04486078396439552,0.10979236662387848,1.7999999523162842,1.169664978981018,0.25805145502090454,0.01056053675711155,0.042607907205820084,0.10979236662387848,0.04486078396439552,-0.019994134083390236,-0.032886385917663574,0.4847474694252014,0.30666178464889526,0.10118759423494339,0.1568157970905304,>=0.15,False,True,False,True,True,False,False,False,True,0.04677784815430641,-0.1128302663564682,0.24451744556427002,0.06604234874248505,0.6526705026626587,0.09999999403953552,0.04486078396439552,-0.02011142671108246,0.02011142671108246,0.03292737528681755,0.002214261097833514,0.03300114721059799,0.00935433991253376,0.07632096111774445,0.0006905339541845024,0.04054919630289078,0.10203002393245697,0.006526704877614975,0.03339594230055809,0.002765114651992917,0.03351026028394699,0.0087309330701828,0-2deg,0.00-0.04,0.0,0.0,0.0,0.0
179,33,True,True,0.03934377059340477,0.0379011332988739,0.017925670370459557,0.17328189313411713,3.3399999141693115,1.3794502019882202,0.23957274854183197,0.009085475467145443,0.03331384435296059,0.17328189313411713,0.017925670370459557,-0.019970329478383064,-0.02407962456345558,0.8101195693016052,0.31591498851776123,0.17004941403865814,0.1601227968931198,>=0.15,False,True,False,True,True,False,False,False,True,0.01549929566681385,-0.14121542870998383,0.15171211957931519,0.05561896041035652,0.3321138024330139,0.09999999403953552,0.017925670370459557,-0.019993318244814873,0.019993318244814873,0.008914131671190262,0.032054271548986435,0.03327101469039917,0.05550462007522583,0.04966597259044647,0.00048828125,0.0321999117732048,0.17026387155056,0.0033211379777640104,0.011267703026533127,0.03576954826712608,0.03750143572688103,0.05441999435424805,0-2deg,0.04-0.08,0.0,0.0,0.0,0.0
180,30,True,False,0.2510378360748291,0.07047715038061142,0.0,0.0,4.480000019073486,1.259360432624817,0.20979714393615723,0.0015058998251333833,-0.053711846470832825,0.18363958597183228,0.24855734407901764,-0.020008079707622528,0.058003541082143784,1.2225583791732788,0.3263621926307678,0.1756090521812439,0.17400744557380676,>=0.15,True,True,False,True,False,False,False,True,True,0.07333719730377197,-0.03066841885447502,0.04834938049316406,0.040946993976831436,0.6696775555610657,0.0,0.24855734407901764,-0.02017054334282875,0.02017054334282875,0.00026428455021232367,-0.015066895633935928,0.015069770626723766,0.022324174642562866,0.03702465444803238,0.0009134905994869769,-0.05579874664545059,0.17495715618133545,0.006696775555610657,-0.014664435759186745,-0.023451386019587517,0.027658900246024132,0.01085560955107212,0-2deg,0.00-0.04,0.0,0.0,0.0,0.0
181,34,True,True,0.06413855403661728,0.0539119616150856,0.053744588047266006,0.21167771518230438,4.420000076293945,1.2703003883361816,0.19296158850193024,0.005644344724714756,0.004646219313144684,0.21167771518230438,0.053744588047266006,-0.019982215017080307,0.001458413782529533,0.664115846157074,0.27218562364578247,0.21162670850753784,0.2087828814983368,>=0.15,False,True,False,True,True,False,False,False,True,0.03827081620693207,-0.16952407360076904,0.16868512332439423,0.059969592839479446,0.9571794271469116,0.11999999731779099,0.053744588047266006,-0.02025860920548439,0.02025860920548439,-0.043192487210035324,-0.06918980926275253,0.08154655247926712,0.03637939319014549,0.11842629313468933,0.00048828125,0.007201993837952614,0.21155515313148499,0.009571794420480728,-0.04584247246384621,-0.07123054563999176,0.08468614518642426,0.030561095103621483,4-6deg,0.00-0.04,0.0,0.0,0.0,0.0
182,49,True,True,0.05518810451030731,0.05518810451030731,0.04222115874290466,0.13145431876182556,2.259999990463257,1.065779447555542,0.2745538353919983,0.008205922320485115,-0.06590477377176285,0.13145431876182556,0.04222115874290466,-0.019695058465003967,0.07445237785577774,0.48240479826927185,0.30944395065307617,0.11374005675315857,0.1419140100479126,0.10-0.15,False,True,False,True,True,False,False,False,True,0.04538145661354065,-0.06217796355485916,0.22220228612422943,0.1832563430070877,0.1832563430070877,0.05999999865889549,0.04222115874290466,-0.020014489069581032,0.020014489069581032,-0.055586282163858414,-0.05141354352235794,0.07570009678602219,0.04774461314082146,0.0008457279182039201,0.006262585986405611,-0.05788581073284149,0.11802318692207336,0.001832563430070877,-0.053651634603738785,-0.05120399594306946,0.07414734363555908,0.0495503768324852,4-6deg,0.04-0.08,0.0,0.0,0.0,0.0
183,53,True,True,0.08481679111719131,0.07797497510910034,0.07724931836128235,0.1417127251625061,1.959999918937683,1.1167234182357788,0.3145418167114258,0.002149054314941168,0.020360803231596947,0.1417127251625061,0.07724931836128235,-0.019989436492323875,-0.017873667180538177,0.6348921656608582,0.32717475295066833,0.14024241268634796,0.13977907598018646,0.10-0.15,False,True,False,True,True,False,False,False,True,0.06942902505397797,-0.1043870747089386,0.21810944378376007,0.03720109909772873,0.35766535997390747,0.07999999821186066,0.07724931836128235,-0.019991839304566383,0.019991839304566383,-0.03733181208372116,0.009590058587491512,0.03854259476065636,0.020512748509645462,0.02180425450205803,0.0003452669770922512,0.015520069748163223,0.14086028933525085,0.0035766535438597202,-0.036552488803863525,0.010572037659585476,0.03805065527558327,0.021290799602866173,2-4deg,0.00-0.04,0.0,0.0,0.0,0.0
184,0,True,True,0.03598521649837494,0.03505585715174675,0.007645502220839262,0.1375170648097992,3.2200000286102295,1.3255759477615356,0.28425920009613037,-0.056862398982048035,0.028712250292301178,0.1375170648097992,0.007645502220839262,-0.01980292797088623,-0.08653778582811356,0.36845171451568604,0.17979148030281067,0.13448624312877655,0.17299555242061615,>=0.15,False,True,False,True,True,False,False,False,True,0.0038147810846567154,-0.04450789839029312,0.043073512613773346,0.03395752236247063,0.31261658668518066,0.11999999731779099,0.007645502220839262,-0.02007463574409485,0.02007463574409485,-0.004612106829881668,0.0007365297642536461,0.004670689348131418,0.05204109102487564,0.017605457454919815,0.0043945349752902985,0.02751721628010273,0.1347358226776123,0.0031261658295989037,-0.009569422341883183,0.0022846406791359186,0.009838634170591831,0.05179852619767189,0-2deg,0.04-0.08,0.0,0.0,0.0,0.0
185,4,True,True,0.09691158682107925,0.08523774147033691,0.09037691354751587,0.2533781826496124,1.9199999570846558,1.423026442527771,0.4329841136932373,-0.03680039197206497,-0.1936231255531311,0.2533781826496124,0.09037691354751587,-0.019916730001568794,0.16111791133880615,0.4595007002353668,0.27400171756744385,0.1634337455034256,0.17894242703914642,>=0.15,False,True,False,True,True,False,False,False,True,0.07746587693691254,-0.13930441439151764,0.032050084322690964,0.05890848487615585,0.08685752749443054,0.14000000059604645,0.09037691354751587,-0.019991248846054077,0.019991248846054077,-0.013147125020623207,0.0204874686896801,0.024343760684132576,0.043211013078689575,0.014016423374414444,0.0015822122804820538,-0.18917259573936462,0.16856521368026733,0.0008685752400197089,-0.01822863519191742,0.019769271835684776,0.02688954956829548,0.042272452265024185,0-2deg,0.04-0.08,0.0,0.0,0.0,0.0
186,41,True,True,0.04873925819993019,0.04873925819993019,0.03390379250049591,0.22588729858398438,4.759999752044678,1.3559893369674683,0.2529985308647156,0.011766585521399975,-0.02152225375175476,0.22588729858398438,0.03390379250049591,-0.019988680258393288,0.03351151570677757,1.1152104139328003,0.3520894944667816,0.22485964000225067,0.21829722821712494,>=0.15,False,True,False,True,True,False,False,False,True,0.0773545652627945,-0.027728796005249023,0.325224906206131,0.06217893213033676,0.235725536942482,2.240000009536743,0.03390379250049591,-0.020043039694428444,0.020043039694428444,0.017236046493053436,-0.020130837336182594,0.026500999927520752,0.017973192036151886,0.00048828125,0.0003452669770922512,-0.0274506863206625,0.2242131233215332,0.0023572552017867565,0.021844398230314255,-0.015283158048987389,0.02666023001074791,0.016473177820444107,0-2deg,0.00-0.04,0.0,0.0,0.0,0.0
187,51,True,True,0.05423424392938614,0.05366329848766327,0.041372813284397125,0.14914998412132263,2.2200000286102295,1.5651631355285645,0.4771098792552948,-0.029297541826963425,-0.14616812765598297,0.14914998412132263,0.041372813284397125,-0.01994265243411064,0.11712736636400223,0.865716814994812,0.39590659737586975,0.02967483177781105,0.02329847775399685,0.00-0.05,False,True,False,True,True,False,False,False,True,0.040612854063510895,-0.42170098423957825,0.35182124376296997,0.16981063783168793,0.16981063783168793,0.07999999821186066,0.041372813284397125,-0.020003197714686394,0.020003197714686394,-0.07498660683631897,0.041476912796497345,0.08567468822002411,0.030192211270332336,0.05906135216355324,0.001091830083169043,-0.14795784652233124,0.01881999894976616,0.0016981062944978476,-0.07520626485347748,0.04324686899781227,0.08673389256000519,0.02926444448530674,4-6deg,0.00-0.04,0.0,0.0,0.0,0.0
188,22,True,True,0.044475965201854706,0.04411875829100609,0.027436908334493637,0.15738293528556824,3.299999952316284,1.2829251289367676,0.2465883195400238,0.009261696599423885,-0.06915347278118134,0.15738293528556824,0.027436908334493637,-0.01999852806329727,0.07837565243244171,0.4339742362499237,0.1674807071685791,0.14137603342533112,0.13515931367874146,0.10-0.15,False,True,False,True,True,False,False,False,True,0.026580391451716423,-0.22056962549686432,0.11876480281352997,0.05577128753066063,0.27011337876319885,0.07999999821186066,0.027436908334493637,-0.01999852806329727,0.01999852806329727,0.0007949238643050194,-0.01701708696782589,0.017034156247973442,0.023717449977993965,0.009076022543013096,0.0005980199784971774,-0.07101625949144363,0.14044955372810364,0.0027011337224394083,-0.00033599635935388505,-0.016138587146997452,0.01614302210509777,0.024013182148337364,0-2deg,0.00-0.04,0.0,0.0,0.0,0.0
189,1,True,True,0.06686068326234818,0.06686068326234818,0.05698609724640846,0.13355129957199097,2.1399998664855957,1.451527714729309,0.4439330995082855,-0.006504853721708059,-0.1303713619709015,0.13355129957199097,0.05698609724640846,-0.02002136968076229,0.12338024377822876,1.06960928440094,0.48385271430015564,0.028969909995794296,0.034499362111091614,0.00-0.05,False,True,False,True,True,False,False,False,True,0.05856107175350189,-0.11594405025243759,0.04057713970541954,0.8772784471511841,0.8772784471511841,0.05999999865889549,0.05698609724640846,-0.020248135551810265,0.020248135551810265,-0.055459097027778625,0.004716780036687851,0.055659469217061996,0.05100719630718231,0.00444845762103796,0.0003452669770922512,-0.128555029630661,0.03618771210312843,0.008772783912718296,-0.05684857442975044,0.003244297346100211,0.056941162794828415,0.050219904631376266,2-4deg,0.04-0.08,0.0,0.0,0.0,0.0
190,3,True,True,0.04422556981444359,0.03916715458035469,0.027009420096874237,0.22073251008987427,2.0399999618530273,1.156846523284912,0.35809874534606934,0.012774154543876648,-0.05293923616409302,0.22073251008987427,0.027009420096874237,-0.019989969208836555,0.0643312856554985,0.5399141907691956,0.3479465842247009,0.21429017186164856,0.20747633278369904,>=0.15,False,True,False,True,True,False,False,False,True,0.019113672897219658,-0.07906949520111084,0.1717943698167801,0.03914736956357956,0.20958147943019867,0.05999999865889549,0.027009420096874237,-0.019989969208836555,0.019989969208836555,-0.011729556135833263,-0.0704229399561882,0.07139112800359726,0.03249020129442215,0.00048828125,0.0,-0.04406416043639183,0.21628960967063904,0.0020958147943019867,-0.01131491083651781,-0.06914412975311279,0.07006268948316574,0.03472258523106575,4-6deg,0.00-0.04,0.0,0.0,0.0,0.0
191,38,True,True,0.10821811854839325,0.09320155531167984,0.10270056128501892,0.06204045191407204,1.2599999904632568,1.3756566047668457,0.5379490256309509,-0.04395916312932968,0.01993967592716217,0.06204045191407204,0.10270056128501892,-0.01903066784143448,-0.06549471616744995,0.46686986088752747,0.2998077869415283,0.05874884873628616,0.14863720536231995,0.10-0.15,False,True,False,True,True,False,False,False,True,0.0864727646112442,-0.11293333023786545,0.2573821544647217,0.15863123536109924,0.15863123536109924,0.2800000011920929,0.10270056128501892,-0.0199480801820755,0.0199480801820755,0.0033320640213787556,0.04656931012868881,0.04668811336159706,0.019390862435102463,0.0063005415722727776,0.01888294517993927,0.017118295654654503,0.05963205173611641,0.0015863123117014766,0.006437115371227264,0.05002083629369736,0.050433240830898285,0.01630690135061741,2-4deg,0.00-0.04,0.0,0.0,0.0,0.0
192,59,True,True,0.05691259726881981,0.05691259726881981,0.04454164579510689,0.18855240941047668,3.859999895095825,1.3580117225646973,0.2626711428165436,-0.006322785746306181,-0.12195173650979996,0.18855240941047668,0.04454164579510689,-0.019729122519493103,0.1159309446811676,1.3466527462005615,0.4023287296295166,0.143804669380188,0.1863594800233841,>=0.15,False,True,False,True,True,False,False,False,True,0.04896298795938492,-0.09567923843860626,0.14302070438861847,0.033569782972335815,0.07022440433502197,0.05999999865889549,0.04454164579510689,-0.0199337899684906,0.0199337899684906,0.026752036064863205,0.05410180985927582,0.06034894660115242,0.012092111632227898,0.0011451211757957935,0.005662806797772646,-0.11324383318424225,0.1507575660943985,0.0007022440549917519,0.026281896978616714,0.05394421145319939,0.06000006943941116,0.01271635852754116,2-4deg,0.00-0.04,0.0,0.0,0.0,0.0
193,11,True,True,0.07174111157655716,0.04478031396865845,0.06262783706188202,0.07826971262693405,3.919999837875366,1.2637859582901,0.22648504376411438,-0.05842842534184456,-0.01006438210606575,0.07826971262693405,0.06262783706188202,-0.020017322152853012,-0.048297248780727386,1.3428301811218262,0.39583295583724976,0.07761994749307632,0.0693732351064682,0.05-0.10,False,True,False,True,True,False,False,False,True,0.06107088550925255,-0.0351877324283123,0.12797877192497253,0.03966459259390831,0.35105863213539124,0.09999999403953552,0.06262783706188202,-0.020017322152853012,0.020017322152853012,-0.01677181012928486,0.03644511103630066,0.04011760279536247,0.04609538987278938,0.017770586535334587,0.0003452669770922512,-0.011453041806817055,0.07742723077535629,0.003510586218908429,-0.02038665860891342,0.03699669986963272,0.04224017262458801,0.04532473906874657,2-4deg,0.04-0.08,0.0,0.0,0.0,0.0
194,31,True,True,0.06796141713857651,0.06100793927907944,0.058233290910720825,0.23597396910190582,3.5399999618530273,1.4300905466079712,0.242931067943573,0.009066089056432247,-0.09696495532989502,0.23597396910190582,0.058233290910720825,-0.020006731152534485,0.10288112610578537,1.2647114992141724,0.37968915700912476,0.21513138711452484,0.21157941222190857,>=0.15,False,True,False,True,True,False,False,False,True,0.05236075073480606,-0.09577752649784088,0.2140045017004013,0.23355436325073242,0.3010939657688141,0.05999999865889549,0.058233290910720825,-0.020026614889502525,0.020026614889502525,0.020039966329932213,-0.017716048285365105,0.026747291907668114,0.05605049803853035,0.0003452669770922512,0.0009765625,-0.10286851227283478,0.2123718112707138,0.003010939573869109,0.01931472308933735,-0.019834112375974655,0.027684751898050308,0.055883731693029404,0-2deg,0.04-0.08,0.0,0.0,0.0,0.0
195,27,True,True,0.10736643522977829,0.09909588098526001,0.10145483165979385,0.23087455332279205,2.240000009536743,1.5384001731872559,0.4841941297054291,-0.02052333764731884,-0.15878331661224365,0.23087455332279205,0.10145483165979385,-0.0198085755109787,0.1393158733844757,0.9997343420982361,0.47332102060317993,0.16760346293449402,0.15713374316692352,>=0.15,False,True,False,True,True,False,False,False,True,0.09278733283281326,-0.3283317983150482,0.23007412254810333,0.09483768045902252,0.09483768045902252,0.09999999403953552,0.10145483165979385,-0.0198085755109787,0.0198085755109787,0.000880238541867584,-0.024126850068569183,0.024142131209373474,0.010552767664194107,0.008133972994983196,0.0028471453115344048,-0.1626204401254654,0.1638830453157425,0.0009483767789788544,0.0008121489663608372,-0.02325510047376156,0.023269573226571083,0.011302671395242214,0-2deg,0.00-0.04,0.0,0.0,0.0,0.0
196,58,True,True,0.09019785374403,0.0833689272403717,0.08316250145435333,0.2770746052265167,2.819999933242798,1.32217538356781,0.35821136832237244,-0.027389254420995712,-0.17112112045288086,0.2770746052265167,0.08316250145435333,-0.019879907369613647,0.14382191002368927,1.557572841644287,0.5673590898513794,0.21791717410087585,0.22443582117557526,>=0.15,False,True,False,True,True,False,False,False,True,0.07350045442581177,-0.41988545656204224,0.2347411960363388,0.06303542107343674,0.5068192481994629,0.07999999821186066,0.08316250145435333,-0.020031852647662163,0.020031852647662163,-0.058165524154901505,-0.04227760434150696,0.07189323753118515,0.027447020635008812,0.0732976421713829,0.002441406948491931,-0.1746668666601181,0.21508562564849854,0.005068192258477211,-0.05699426308274269,-0.041046157479286194,0.07022343575954437,0.029196307063102722,4-6deg,0.00-0.04,0.0,0.0,0.0,0.0
197,61,True,True,0.06054043769836426,0.05616017431020737,0.04938245192170143,0.21396921575069427,3.0799999237060547,1.2801744937896729,0.3126397430896759,0.015147841535508633,0.05908659100532532,0.21396921575069427,0.04938245192170143,-0.019980240613222122,-0.04484197869896889,0.8974500894546509,0.2963024377822876,0.2056492269039154,0.20202073454856873,>=0.15,False,True,False,True,True,False,False,False,True,0.04632177948951721,-0.0862961933016777,0.0593937411904335,0.07638795673847198,0.4836879074573517,0.11999999731779099,0.04938245192170143,-0.020056771114468575,0.020056771114468575,-0.045170705765485764,-0.033719878643751144,0.05636218190193176,0.014010375365614891,0.048322346061468124,0.0,0.06963524222373962,0.20232094824314117,0.00483687873929739,-0.04634477570652962,-0.03426433727145195,0.057628266513347626,0.011905251070857048,2-4deg,0.00-0.04,0.0,0.0006905339541845024,0.0,0.0
198,2,True,True,0.11486071348190308,0.10753198713064194,0.10950275510549545,0.11970686912536621,2.5399999618530273,1.5878052711486816,0.37982723116874695,-0.06204460188746452,-0.0052005089819431305,0.11970686912536621,0.10950275510549545,-0.01848079450428486,-0.0560225211083889,0.4050801992416382,0.23784960806369781,0.11959385126829147,0.15987935662269592,>=0.15,False,True,False,True,True,False,False,False,True,0.1019030511379242,0.04068800434470177,0.19221597909927368,0.8031130433082581,0.8031130433082581,0.85999995470047,0.10950275510549545,-0.020226329565048218,0.020226329565048218,-0.028850527480244637,0.03768141567707062,0.04745322838425636,0.01822810061275959,0.004256740678101778,0.02175772748887539,-0.0022323098964989185,0.1196860522031784,0.008031129837036133,-0.032138269394636154,0.01844065450131893,0.03705201670527458,0.03006969951093197,2-4deg,0.00-0.04,0.0,0.0,0.0,0.0
199,6,True,True,0.07997378706932068,0.07731719315052032,0.0718676894903183,0.12672501802444458,1.9399999380111694,1.290168046951294,0.38812971115112305,-0.004644967615604401,-0.060645997524261475,0.12672501802444458,0.0718676894903183,-0.019892729818820953,0.05802687257528305,0.5291529297828674,0.3341481387615204,0.11127125471830368,0.13021089136600494,0.10-0.15,False,True,False,True,True,False,False,False,True,0.06925559043884277,-0.3873574137687683,0.4417186379432678,0.04590875282883644,0.055283304303884506,0.09999999403953552,0.0718676894903183,-0.019892729818820953,0.019892729818820953,0.002933736890554428,0.05943476781249046,0.05950700864195824,0.051280081272125244,0.024456139653921127,0.0020716022700071335,-0.060362350195646286,0.11142539232969284,0.0005528330220840871,-0.0004118744400329888,0.06164916604757309,0.061650317162275314,0.04904814064502716,2-4deg,0.04-0.08,0.0,0.0,0.0,0.0
200,36,True,True,0.11589986830949783,0.10563887655735016,0.1104799211025238,0.19337372481822968,1.8199999332427979,1.5547568798065186,0.480966180562973,0.000803592789452523,-0.03646824508905411,0.19337372481822968,0.1104799211025238,-0.020005429163575172,0.03799957036972046,0.4376716911792755,0.2968136966228485,0.18990382552146912,0.19565708935260773,>=0.15,False,True,False,True,True,False,False,False,True,0.09995485097169876,-0.1665692925453186,0.3194088041782379,0.6055945754051208,0.6055945754051208,0.07999999821186066,0.1104799211025238,-0.020039953291416168,0.020039953291416168,0.07182678580284119,0.04018604755401611,0.08228737860918045,0.014134780503809452,0.007735848892480135,0.0005980199784971774,-0.035447221249341965,0.19009706377983093,0.006055945530533791,0.07153962552547455,0.03934909775853157,0.08163139224052429,0.015367535874247551,4-6deg,0.00-0.04,0.0,0.0,0.0,0.0
201,40,True,True,0.09877754747867584,0.09503155946731567,0.09233207255601883,0.15199021995067596,1.9399999380111694,1.3958289623260498,0.3713689148426056,-0.048421598970890045,0.028109591454267502,0.15199021995067596,0.09233207255601883,-0.019429972395300865,-0.08156579732894897,0.5248830914497375,0.34496456384658813,0.1493682563304901,0.19688789546489716,>=0.15,False,True,False,True,True,False,False,False,True,0.09358363598585129,-0.17998850345611572,0.43813592195510864,0.07051151245832443,0.273253470659256,0.1599999964237213,0.09233207255601883,-0.020012598484754562,0.020012598484754562,-0.01288796216249466,0.009402239695191383,0.01595359668135643,0.05075645074248314,0.06434760242700577,0.00875511672347784,0.026275819167494774,0.14970172941684723,0.002732534660026431,-0.013400409370660782,0.016420867294073105,0.021194277331233025,0.04970160126686096,0-2deg,0.04-0.08,0.0,0.0,0.0,0.0
202,56,True,True,0.09731969982385635,0.08921385556459427,0.0908203125,0.17617802321910858,1.7599999904632568,1.501415729522705,0.4965394139289856,-0.01349908672273159,-0.11001691222190857,0.17617802321910858,0.0908203125,-0.01986159384250641,0.0973811149597168,1.021289348602295,0.4118005633354187,0.13760441541671753,0.14176762104034424,0.10-0.15,False,True,False,True,True,False,False,False,True,0.08237111568450928,-0.21674251556396484,0.12592417001724243,0.7287137508392334,0.7287137508392334,0.07999999821186066,0.0908203125,-0.020237011834979057,0.020237011834979057,-0.01602734997868538,0.0019404885824769735,0.01614302210509777,0.008476035669445992,0.006328859366476536,0.0027836323715746403,-0.10832676291465759,0.13893887400627136,0.00728713721036911,-0.016478508710861206,0.0017441390082240105,0.016569407656788826,0.00792476162314415,0-2deg,0.00-0.04,0.0,0.0,0.0,0.0
203,18,True,True,0.05040998011827469,0.04542155563831329,0.036253176629543304,0.20965735614299774,3.379999876022339,1.5093748569488525,0.2659933865070343,0.016297677531838417,0.05139593780040741,0.20965735614299774,0.036253176629543304,-0.019992368295788765,-0.03557179123163223,1.3000521659851074,0.4554312527179718,0.20326009392738342,0.1958736777305603,>=0.15,False,True,False,True,True,False,False,False,True,0.0284038744866848,-0.07664424926042557,0.10014103353023529,0.07992307096719742,0.5977233648300171,0.07999999821186066,0.036253176629543304,-0.019997721537947655,0.019997721537947655,0.006192726548761129,-0.06531963497400284,0.06561249494552612,0.015529194846749306,0.018181761726737022,0.0006905339541845024,0.062144022434949875,0.20023569464683533,0.0059772334061563015,0.0066962880082428455,-0.06602689623832703,0.06636545807123184,0.013436892069876194,2-4deg,0.00-0.04,0.0,0.0,0.0,0.0
204,0,True,False,0.1360713690519333,0.1360713690519333,0.0,0.0,0.8399999737739563,1.1419358253479004,0.6345464587211609,-0.5705758333206177,-0.7706405520439148,0.9865617156028748,0.1348908692598343,-0.007943598553538322,0.12309888005256653,0.732265055179596,0.38347098231315613,0.6159684062004089,0.11530196666717529,0.10-0.15,True,True,False,True,False,False,False,True,True,0.1348908692598343,-0.7748634815216064,0.6106476783752441,0.43783125281333923,0.43783125281333923,0.0,0.1348908692598343,-0.007943598553538322,0.007943598553538322,0.0056192344054579735,-0.04101693630218506,0.04140045493841171,0.036256030201911926,0.22757594287395477,0.22757594287395477,-0.7748634815216064,0.6106476783752441,0.0043783122673630714,0.0056192344054579735,-0.04101693630218506,0.04140045493841171,0.036256030201911926,2-4deg,0.00-0.04,0.0,0.0,0.0,0.0
205,62,True,True,0.11570443958044052,0.11198398470878601,0.11172744631767273,0.07185500860214233,2.5399999618530273,1.5938441753387451,0.37248292565345764,-0.047779276967048645,0.00826219841837883,0.07185500860214233,0.11172744631767273,-0.015502420254051685,-0.054419293999671936,0.8860476016998291,0.4001189172267914,0.07137841731309891,0.23237136006355286,>=0.15,False,True,False,True,True,False,False,False,True,0.11081617325544357,-0.0956323891878128,0.3027135133743286,0.09178386628627777,0.12151262909173965,0.6599999666213989,0.11172744631767273,-0.016425196081399918,0.016425196081399918,0.02868279255926609,0.00854797475039959,0.029930010437965393,0.031869061291217804,0.09380918741226196,0.08510229736566544,0.005493156146258116,0.07164473831653595,0.0012151262490078807,0.03120323456823826,0.026042882353067398,0.040640298277139664,0.02245146408677101,0-2deg,0.00-0.04,0.0,0.0,0.0,0.0
206,50,True,True,0.04646368324756622,0.04521062225103378,0.03058321215212345,0.22183766961097717,3.6999998092651367,1.1633412837982178,0.2620435059070587,0.014554687775671482,0.04252233728766441,0.22183766961097717,0.03058321215212345,-0.020013349130749702,-0.028792399913072586,0.8483006358146667,0.29637232422828674,0.21772414445877075,0.20729243755340576,>=0.15,False,True,False,True,True,False,False,False,True,0.03089768812060356,-0.09179402887821198,0.046189211308956146,0.05583364516496658,0.27626511454582214,0.09999999403953552,0.03058321215212345,-0.020110033452510834,0.020110033452510834,0.02371079847216606,0.0034497412852942944,0.023961206898093224,0.044254835695028305,0.03245100751519203,0.0003452669770922512,0.037172526121139526,0.2187010645866394,0.0027626510709524155,0.02643062360584736,0.005645051132887602,0.027026649564504623,0.0430973544716835,0-2deg,0.04-0.08,0.0,0.0,0.0,0.0
207,10,True,True,0.07798095047473907,0.06561662256717682,0.06969383358955383,0.21279799938201904,4.639999866485596,1.2531434297561646,0.20056100189685822,-0.02039163000881672,0.026147641241550446,0.21279799938201904,0.06969383358955383,-0.02003832720220089,-0.044846247881650925,0.6411063075065613,0.22507625818252563,0.21118544042110443,0.2195587009191513,>=0.15,False,True,False,True,True,False,False,False,True,0.05624217912554741,-0.08174309879541397,0.10343564301729202,0.03705019876360893,0.4038362503051758,0.09999999403953552,0.06969383358955383,-0.02003832720220089,0.02003832720220089,0.00416539004072547,0.021284354850649834,0.021689128130674362,0.021016398444771767,0.03267983719706535,0.0013810680247843266,0.02424808219075203,0.2114119529724121,0.004038362298160791,0.004327292088419199,0.019576288759708405,0.020049618557095528,0.02186594344675541,0-2deg,0.00-0.04,0.0,0.0,0.0,0.0
208,28,True,True,0.0574985072016716,0.0530993677675724,0.04562612250447273,0.22462013363838196,2.259999990463257,1.1375062465667725,0.30759871006011963,-0.010799902491271496,-0.12950998544692993,0.22462013363838196,0.04562612250447273,-0.020013241097331047,0.11908292025327682,1.084641695022583,0.471252977848053,0.18352483212947845,0.1904686689376831,>=0.15,False,True,False,True,True,False,False,False,True,0.041864488273859024,-0.12036675214767456,0.2250969111919403,0.1241164281964302,0.16186879575252533,0.05999999865889549,0.04562612250447273,-0.020013241097331047,0.020013241097331047,-0.03752358630299568,-0.07234391570091248,0.08148140460252762,0.05612395703792572,0.0009134905994869769,0.0005980199784971774,-0.11557101458311081,0.19260723888874054,0.0016186878783628345,-0.035280197858810425,-0.07195798307657242,0.08012784272432327,0.05769898369908333,4-6deg,0.04-0.08,0.0,0.0006905339541845024,0.0,0.0
209,15,True,True,0.046644147485494614,0.046644147485494614,0.03083084337413311,0.12298784404993057,2.059999942779541,1.1516460180282593,0.33381929993629456,0.00690653920173645,-0.002409091219305992,0.12298784404993057,0.03083084337413311,-0.019998742267489433,0.009587541222572327,0.9380346536636353,0.41838088631629944,0.12296424806118011,0.07128230482339859,0.05-0.10,False,True,False,True,True,False,False,False,True,0.03101808950304985,-0.0013009156100451946,0.22884100675582886,0.03000563383102417,0.11619561165571213,0.05999999865889549,0.03083084337413311,-0.020003607496619225,0.020003607496619225,-0.015437927097082138,-0.020576829090714455,0.025722520425915718,0.0409071259200573,0.002042627427726984,0.0,-0.005332418251782656,0.12287218868732452,0.0011619561119005084,-0.014025282114744186,-0.019723953679203987,0.024201318621635437,0.04159140959382057,0-2deg,0.04-0.08,0.0,0.0,0.0,0.0
210,55,True,True,0.06876090168952942,0.06054551899433136,0.05870572850108147,0.12009777873754501,2.5999999046325684,1.2941572666168213,0.3385702669620514,-0.08005040884017944,-0.013400740921497345,0.12009777873754501,0.05870572850108147,-0.01957932487130165,-0.0677981898188591,1.4961453676223755,0.6127939820289612,0.11934778839349747,0.11378710716962814,0.10-0.15,False,True,False,True,True,False,False,False,True,0.05022776499390602,-0.06892850250005722,0.13103961944580078,0.051349084824323654,0.5346865653991699,0.09999999403953552,0.05870572850108147,-0.019975174218416214,0.019975174218416214,-0.007041960023343563,0.01205382402986288,0.013961030170321465,0.015780571848154068,0.034174371510744095,0.008527491241693497,-0.01188714150339365,0.1195080354809761,0.005346865393221378,-0.0069880858063697815,0.010777298361063004,0.01284476276487112,0.016154704615473747,0-2deg,0.00-0.04,0.0,0.0,0.0,0.0
211,54,True,True,0.06978132575750351,0.06789188832044601,0.06008748710155487,0.21158485114574432,2.4600000381469727,1.2777838706970215,0.24434210360050201,-0.008878417313098907,-0.1523604691028595,0.21158485114574432,0.06008748710155487,-0.019755061715841293,0.14235612750053406,1.0634934902191162,0.41133132576942444,0.1468142867088318,0.2067919373512268,>=0.15,False,True,False,True,True,False,False,False,True,0.06334484368562698,-0.41463056206703186,0.42176976799964905,0.10938084125518799,0.10938084125518799,0.11999999731779099,0.06008748710155487,-0.019755061715841293,0.019755061715841293,0.00607056450098753,-0.03475074842572212,0.03527655825018883,0.024121835827827454,0.04187726974487305,0.004955518525093794,-0.15592600405216217,0.14302180707454681,0.00109380844514817,0.008246541023254395,-0.035670194774866104,0.03661011531949043,0.023106317967176437,2-4deg,0.00-0.04,0.0,0.0,0.0,0.0
212,46,True,True,0.07543370872735977,0.048964254558086395,0.06681811064481735,0.19388508796691895,2.440000057220459,1.4385607242584229,0.40829867124557495,0.009131024591624737,-0.025610264390707016,0.19388508796691895,0.06681811064481735,-0.019990699365735054,0.03194471076130867,0.3957507312297821,0.2828623950481415,0.19218622148036957,0.18799863755702972,>=0.15,False,True,False,True,True,False,False,False,True,0.06441028416156769,-0.07784293591976166,0.09342961013317108,0.025055961683392525,0.1837378889322281,0.07999999821186066,0.06681811064481735,-0.02000638283789158,0.02000638283789158,-0.013708390295505524,-0.00745734479278326,0.015606073662638664,0.045631587505340576,0.0008457279182039201,0.0,-0.02495908923447132,0.1922718584537506,0.0018373788334429264,-0.013733059167861938,-0.010186110623180866,0.017097026109695435,0.045316316187381744,0-2deg,0.04-0.08,0.0,0.0,0.0,0.0
213,52,True,True,0.06804793328046799,0.06686791032552719,0.0583733506500721,0.10421936213970184,3.0799999237060547,1.2747057676315308,0.2880745530128479,0.007216726895421743,-0.09674538671970367,0.10421936213970184,0.0583733506500721,-0.019996799528598785,0.10326910763978958,0.7898082137107849,0.2970433235168457,0.03875572979450226,0.04057804122567177,0.00-0.05,False,True,False,True,True,False,False,False,True,0.056408293545246124,-0.2175191044807434,0.15918852388858795,0.04144242778420448,0.28414738178253174,0.07999999821186066,0.0583733506500721,-0.019996799528598785,0.019996799528598785,-0.04573949798941612,0.006620998028665781,0.04621574655175209,0.013855024240911007,0.03440387174487114,0.0008457279182039201,-0.09667520970106125,0.038930460810661316,0.00284147378988564,-0.04650590941309929,0.0064280894584953785,0.04694792628288269,0.012489384971559048,2-4deg,0.00-0.04,0.0,0.0,0.0,0.0
214,32,True,True,0.059754714369773865,0.048200126737356186,0.04818400368094444,0.1976807564496994,2.4800000190734863,1.3903279304504395,0.3060150444507599,-0.020446738228201866,0.011492161080241203,0.1976807564496994,0.04818400368094444,-0.019254568964242935,-0.03240545466542244,0.7421199083328247,0.38461074233055115,0.19734641909599304,0.1219378113746643,0.10-0.15,False,True,False,True,True,False,False,False,True,0.031956031918525696,-0.11450310051441193,0.3156925141811371,0.05612550303339958,0.05612550303339958,0.1599999964237213,0.04818400368094444,-0.019254568964242935,0.019254568964242935,-0.007446793373674154,-0.04483523964881897,0.04544949531555176,0.008459950797259808,0.047115277498960495,0.014294342137873173,0.0028172526508569717,0.19766069948673248,0.0005612550303339958,-0.00709248473867774,-0.04349583387374878,0.04406942427158356,0.011322719044983387,2-4deg,0.00-0.04,0.0,0.0,0.0,0.0
215,43,True,True,0.0713609829545021,0.06557618081569672,0.062175095081329346,0.1980259269475937,2.2200000286102295,1.2985374927520752,0.33605074882507324,-0.021617133170366287,-0.1182958111166954,0.1980259269475937,0.062175095081329346,-0.01999475061893463,0.09309472143650055,0.8099933862686157,0.41693589091300964,0.15880922973155975,0.16086579859256744,>=0.15,False,True,False,True,True,False,False,False,True,0.05671552196145058,-0.06820052117109299,0.16340969502925873,0.42085179686546326,0.42085179686546326,0.05999999865889549,0.062175095081329346,-0.020052315667271614,0.020052315667271614,0.023997202515602112,0.06281308084726334,0.06723517924547195,0.03795512020587921,0.0015822122804820538,0.0003452669770922512,-0.11996912956237793,0.1575489640235901,0.004208517726510763,0.024999430403113365,0.061642102897167206,0.06651268899440765,0.03912096843123436,2-4deg,0.00-0.04,0.0,0.0,0.0,0.0
216,16,True,True,0.036613453179597855,0.036613453179597855,0.010768742300570011,0.08710803091526031,2.759999990463257,1.683135747909546,0.4416751265525818,0.003511266317218542,-0.03169511258602142,0.08710803091526031,0.010768742300570011,-0.02000368759036064,0.03506312891840935,2.089474678039551,0.7256847023963928,0.08113709837198257,0.08290213346481323,0.05-0.10,False,True,False,True,True,False,False,False,True,0.01526940893381834,-0.2259972244501114,0.24541866779327393,0.1553727388381958,0.19203829765319824,0.07999999821186066,0.010768742300570011,-0.02000368759036064,0.02000368759036064,-0.015030751004815102,0.016949068754911423,0.02265431359410286,0.01381630077958107,0.01932908594608307,0.0,-0.03311959281563759,0.08056613802909851,0.001920382957905531,-0.014297875575721264,0.01651795022189617,0.021845221519470215,0.01452283188700676,0-2deg,0.00-0.04,0.0,0.0,0.0,0.0
217,26,True,True,0.051260869950056076,0.051260869950056076,0.037473712116479874,0.2464684396982193,4.199999809265137,0.9832261800765991,0.17070984840393066,-0.017230408266186714,-0.1452074944972992,0.2464684396982193,0.037473712116479874,-0.020008567720651627,0.12785683572292328,0.760576069355011,0.27996280789375305,0.1991519033908844,0.2016507387161255,>=0.15,False,True,False,True,True,False,False,False,True,0.043987736105918884,-0.23977695405483246,0.25168418884277344,0.05830967426300049,0.4367021918296814,0.07999999821186066,0.037473712116479874,-0.020010968670248985,0.020010968670248985,-0.04625812545418739,0.05254741013050079,0.06999369710683823,0.05190103128552437,0.04628407582640648,0.00048828125,-0.1342737227678299,0.2066815346479416,0.004367021843791008,-0.044090814888477325,0.050248123705387115,0.06683743745088577,0.05341244116425514,4-6deg,0.04-0.08,0.0,0.0006905339541845024,0.0,0.0
218,47,True,True,0.047951046377420425,0.04681381583213806,0.03277326002717018,0.1529928594827652,2.559999942779541,1.346042275428772,0.3108733296394348,0.004811789840459824,6.246240809559822e-05,0.1529928594827652,0.03277326002717018,-0.019997313618659973,0.0047380062751472,0.4156286418437958,0.23079298436641693,0.152992844581604,0.1745082587003708,>=0.15,False,True,False,True,True,False,False,False,True,0.03377263620495796,-0.13505536317825317,0.05253889411687851,0.0582689568400383,0.11717553436756134,0.09999999403953552,0.03277326002717018,-0.019997313618659973,0.019997313618659973,0.0022204099223017693,-0.02512241341173649,0.025219343602657318,0.0546167753636837,0.03384658694267273,0.0,-0.0031829937361180782,0.15295973420143127,0.0011717553716152906,-5.112358121550642e-05,-0.021334540098905563,0.021334439516067505,0.05576952174305916,0-2deg,0.04-0.08,0.0,0.0,0.0,0.0
219,12,True,True,0.07299236208200455,0.07245340943336487,0.06406240165233612,0.15539278090000153,4.059999942779541,1.6233235597610474,0.3225345015525818,0.0037738587707281113,-0.03788864240050316,0.15539278090000153,0.06406240165233612,-0.019995607435703278,0.04161086305975914,1.79506516456604,0.4754622280597687,0.15070290863513947,0.15236322581768036,>=0.15,False,True,False,True,True,False,False,False,True,0.09713804721832275,-0.14530839025974274,0.22949813306331635,0.11572867631912231,0.14649629592895508,1.3399999141693115,0.06406240165233612,-0.020009519532322884,0.020009519532322884,-5.060535477241501e-05,0.009039677679538727,0.00903653260320425,0.005086415912955999,0.09440669417381287,0.0003452669770922512,-0.036288704723119736,0.1510961502790451,0.0014649629592895508,0.0031401882879436016,0.012047364376485348,0.012448858469724655,0.0018544422928243876,0-2deg,0.00-0.04,0.0,0.0,0.0,0.0
220,39,True,True,0.04978514835238457,0.04175560921430588,0.035392820835113525,0.2216375768184662,3.4800000190734863,1.2862321138381958,0.30352821946144104,0.018037455156445503,0.08032478392124176,0.2216375768184662,0.035392820835113525,-0.01998814567923546,-0.061790212988853455,0.567097008228302,0.2448348104953766,0.20656995475292206,0.205592542886734,>=0.15,False,True,False,True,True,False,False,False,True,0.02326488494873047,-0.04496211186051369,0.13402490317821503,0.09186887741088867,0.514774739742279,0.14000000059604645,0.035392820835113525,-0.020078040659427643,0.020078040659427643,-0.002384912921115756,0.006750339176505804,0.00715962378308177,0.026340797543525696,0.008714172057807446,0.0,0.08133061975240707,0.2061759978532791,0.005147747229784727,-0.0019363721366971731,0.009838608093559742,0.01002468355000019,0.025624720379710197,0-2deg,0.00-0.04,0.0,0.0,0.0,0.0
221,25,True,True,0.0427175909280777,0.0427175909280777,0.024307936429977417,0.17209672927856445,2.419999837875366,1.6397885084152222,0.40495026111602783,-0.05875163897871971,-0.003041960299015045,0.17209672927856445,0.024307936429977417,-0.019807953387498856,-0.05571962520480156,1.0474590063095093,0.4393306076526642,0.17206983268260956,0.12787286937236786,0.10-0.15,False,True,False,True,True,False,False,False,True,0.03838270530104637,-0.1650974601507187,0.3106292188167572,0.12605464458465576,0.12605464458465576,0.09999999403953552,0.024307936429977417,-0.019807953387498856,0.019807953387498856,-0.0036815712228417397,-0.0009708363795652986,0.003813600866124034,0.0187001284211874,0.011367685161530972,0.003487027483060956,-0.0037900435272604227,0.1720549762248993,0.0012605463853105903,-0.005172165110707283,-0.0010173802729696035,0.005270277615636587,0.018576055765151978,0-2deg,0.00-0.04,0.0,0.0,0.0,0.0
222,37,True,True,0.03521857410669327,0.03521857410669327,0.004211712628602982,0.19959516823291779,2.0399999618530273,1.2122113704681396,0.3342691659927368,-0.01606626808643341,-0.14123335480690002,0.19959516823291779,0.004211712628602982,-0.020034238696098328,0.1248714029788971,0.6901915073394775,0.3856559097766876,0.1410367786884308,0.13963040709495544,0.10-0.15,False,True,False,True,True,False,False,False,True,0.009233878925442696,-0.17009657621383667,0.30196937918663025,0.1444454789161682,0.1444454789161682,0.07999999821186066,0.004211712628602982,-0.020034238696098328,0.020034238696098328,0.022393085062503815,0.021025460213422775,0.030716387555003166,0.02108844183385372,0.002762136748060584,0.0,-0.1442377269268036,0.1379626989364624,0.0014444547705352306,0.02131994254887104,0.021711023524403572,0.03042779676616192,0.021359384059906006,0-2deg,0.00-0.04,0.0,0.0,0.0,0.0
223,9,True,True,0.07171778380870819,0.059708863496780396,0.06259460002183914,0.17786505818367004,2.619999885559082,1.4019495248794556,0.3926834762096405,0.008777037262916565,-0.03777527064085007,0.17786505818367004,0.06259460002183914,-0.01998915895819664,0.046000342816114426,0.6101514101028442,0.2788684666156769,0.17380738258361816,0.16922536492347717,>=0.15,False,True,False,True,True,False,False,False,True,0.05906105041503906,-0.03314767777919769,0.18320131301879883,0.08000688999891281,0.2496156543493271,0.05999999865889549,0.06259460002183914,-0.01998915895819664,0.01998915895819664,-0.003965896554291248,0.04332520440220833,0.043505702167749405,0.033723849803209305,0.00048828125,0.0,-0.033594921231269836,0.17466355860233307,0.0024961563758552074,-0.005272078327834606,0.04296247288584709,0.04328449070453644,0.03406921401619911,2-4deg,0.00-0.04,0.0,0.0,0.0,0.0
224,23,True,True,0.04323605075478554,0.039837732911109924,0.025371301919221878,0.1567479372024536,3.1999998092651367,1.258778691291809,0.252666175365448,0.004823514260351658,0.004733589943498373,0.1567479372024536,0.025371301919221878,-0.019992895424365997,-0.00042871624464169145,0.6525407433509827,0.2919854521751404,0.15667644143104553,0.15610340237617493,>=0.15,False,True,False,True,True,False,False,False,True,0.016947468742728233,-0.13702484965324402,0.13604246079921722,0.1014850065112114,0.6413755416870117,0.07999999821186066,0.025371301919221878,-0.02000477910041809,0.02000477910041809,0.026174861937761307,-0.012705095112323761,0.029095787554979324,0.013917448930442333,0.029106032103300095,0.0003452669770922512,0.008219346404075623,0.15653228759765625,0.006413755472749472,0.0258152037858963,-0.011929763481020927,0.028438888490200043,0.014569618739187717,0-2deg,0.00-0.04,0.0,0.0,0.0,0.0
225,7,True,True,0.04208099842071533,0.04208099842071533,0.023343926295638084,0.1124000996351242,2.1399998664855957,1.3541722297668457,0.38267314434051514,0.005414770450443029,0.0071250637993216515,0.1124000996351242,0.023343926295638084,-0.019992949441075325,-0.001244941959157586,0.7593181729316711,0.39171648025512695,0.11217403411865234,0.11232312023639679,0.10-0.15,False,True,False,True,True,False,False,False,True,0.024065982550382614,0.03125842660665512,0.13802146911621094,0.5161815881729126,0.5161815881729126,0.05999999865889549,0.023343926295638084,-0.02008271962404251,0.02008271962404251,-0.03162156045436859,-0.05580206587910652,0.06413033604621887,0.04330381006002426,0.0003452669770922512,0.0,0.013009847141802311,0.11164464056491852,0.0051618157885968685,-0.03282899409532547,-0.05454665422439575,0.06365516781806946,0.04379405826330185,2-4deg,0.04-0.08,0.0,0.0,0.0,0.0
226,58,True,True,0.09431279450654984,0.0899684727191925,0.08755142241716385,0.20619438588619232,1.0,1.5499169826507568,0.848502516746521,0.011906935833394527,-0.08943597227334976,0.20619438588619232,0.08755142241716385,-0.02000221237540245,0.1023334264755249,0.49819427728652954,0.2544967830181122,0.18578840792179108,0.17825815081596375,>=0.15,False,True,False,True,True,False,False,False,True,0.08127187192440033,-0.47265300154685974,0.22996613383293152,0.16285182535648346,0.3202248811721802,0.07999999821186066,0.08755142241716385,-0.020017530769109726,0.020017530769109726,-0.011728566139936447,-0.0007677311659790576,0.011754367500543594,0.029935603961348534,0.040977783501148224,0.0009134905994869769,-0.0899822860956192,0.18552443385124207,0.0032022488303482533,-0.01349436491727829,-0.0005423691472969949,0.013505294919013977,0.02938912622630596,0-2deg,0.00-0.04,0.0,0.0,0.0,0.0
227,63,True,True,0.040082644671201706,0.040082644671201706,0.01950337551534176,0.16891330480575562,3.319999933242798,1.5465492010116577,0.3122137486934662,0.006180870812386274,0.013375901617109776,0.16891330480575562,0.01950337551534176,-0.019983921200037003,-0.008069646544754505,0.6936349868774414,0.26823148131370544,0.16838286817073822,0.16768823564052582,>=0.15,False,True,False,True,True,False,False,False,True,0.024196360260248184,0.0468900203704834,0.23559997975826263,0.052577726542949677,0.24821823835372925,0.05999999865889549,0.01950337551534176,-0.020009536296129227,0.020009536296129227,0.0380595363676548,0.035493988543748856,0.052035897970199585,0.030680198222398758,0.003435364691540599,0.0,0.02206697314977646,0.1674656867980957,0.0024821823462843895,0.039271894842386246,0.0355888307094574,0.05299202725291252,0.030128126963973045,2-4deg,0.00-0.04,0.0,0.0,0.0,0.0
228,30,True,True,0.07929626107215881,0.07850794494152069,0.07116957753896713,0.12541738152503967,1.9199999570846558,1.3629724979400635,0.42887941002845764,-0.009886144660413265,-0.12392611801624298,0.12541738152503967,0.07116957753896713,-0.020014697685837746,0.11699642241001129,0.7154534459114075,0.37973663210868835,0.01928306557238102,0.05536399781703949,0.05-0.10,False,True,False,True,True,False,False,False,True,0.07055751979351044,-0.158181294798851,0.12790903449058533,0.6177988648414612,0.6177988648414612,0.05999999865889549,0.07116957753896713,-0.020231051370501518,0.020231051370501518,-0.03137173503637314,-0.021642889827489853,0.03811171278357506,0.038566987961530685,0.004809017293155193,0.0,-0.12314435839653015,0.023769458755850792,0.006177988369017839,-0.03136889263987541,-0.02317257970571518,0.038997773081064224,0.03791128098964691,2-4deg,0.00-0.04,0.0,0.0,0.0,0.0
229,8,True,True,0.07706412672996521,0.07706412672996521,0.06868690997362137,0.18798066675662994,7.019999980926514,1.6924099922180176,0.19517113268375397,-0.006145992781966925,-0.11811113357543945,0.18798066675662994,0.06868690997362137,-0.02002088725566864,0.10815988481044769,1.5838149785995483,0.3031684458255768,0.1462412178516388,0.14134858548641205,0.10-0.15,False,True,False,True,True,False,False,False,True,0.09795969724655151,-0.23684893548488617,0.3352387845516205,0.10792035609483719,0.2699149549007416,4.559999942779541,0.06868690997362137,-0.02002088725566864,0.02002088725566864,0.04209476336836815,-0.06272535771131516,0.07552571594715118,0.01786731742322445,0.1199994683265686,0.0003452669770922512,-0.1258625090122223,0.13962578773498535,0.00269914953969419,-0.039261866360902786,0.0401538722217083,0.05615122616291046,0.04502875730395317,4-6deg,0.00-0.04,0.0,0.0,0.0,0.0
230,17,True,True,0.03921931982040405,0.03921931982040405,0.017678627744317055,0.07643871009349823,3.259999990463257,1.3141027688980103,0.29491597414016724,0.004583174362778664,0.011750828474760056,0.07643871009349823,0.017678627744317055,-0.01999271847307682,-0.0067451111972332,0.8983135223388672,0.3170603811740875,0.07553009688854218,0.07228678464889526,0.05-0.10,False,True,False,True,True,False,False,False,True,0.02441995218396187,-0.10648781061172485,0.11614110320806503,0.10131609439849854,0.23240458965301514,0.11999999731779099,0.017678627744317055,-0.020002249628305435,0.020002249628305435,0.06589873135089874,-0.05614204332232475,0.08654515445232391,0.011359251104295254,0.09424468874931335,0.0,0.005313700996339321,0.07625380158424377,0.002324045868590474,0.0653349757194519,-0.057112060487270355,0.08675109595060349,0.011422814801335335,4-6deg,0.00-0.04,0.0,0.0,0.0,0.0
231,5,True,True,0.05345442518591881,0.0457608699798584,0.04049691557884216,0.10043138265609741,2.4800000190734863,1.4933921098709106,0.4113198518753052,-0.041568852961063385,0.03557795658707619,0.10043138265609741,0.04049691557884216,-0.020113997161388397,-0.07612201571464539,1.2633051872253418,0.5163136720657349,0.09391843527555466,0.11348747462034225,0.10-0.15,False,True,False,True,True,False,False,False,True,0.03395635262131691,-0.013162972405552864,0.1368696242570877,0.04561438038945198,0.2609591782093048,0.11999999731779099,0.04049691557884216,-0.020113997161388397,0.020113997161388397,-0.045015525072813034,0.002204888965934515,0.04507008567452431,0.0016948197735473514,0.025900350883603096,0.00172633514739573,0.039741940796375275,0.09223362058401108,0.0026095916982740164,-0.044865768402814865,0.0020333670545369387,0.04491237923502922,0.003628829028457403,2-4deg,0.00-0.04,0.0,0.0,0.0,0.0
232,42,True,True,0.058037109673023224,0.053310222923755646,0.046297915279865265,0.1660017967224121,3.0999999046325684,1.2929099798202515,0.3146624267101288,-0.05403388291597366,0.011968083679676056,0.1660017967224121,0.046297915279865265,-0.01997200958430767,-0.0650029331445694,0.4816276431083679,0.18869811296463013,0.16556981205940247,0.19005174934864044,>=0.15,False,True,False,True,True,False,False,False,True,0.040254659950733185,-0.05438374727964401,0.03553115949034691,0.11879678070545197,0.31135353446006775,0.07999999821186066,0.046297915279865265,-0.02007158473134041,0.02007158473134041,0.011644968762993813,-0.061548590660095215,0.06263884902000427,0.004409238696098328,0.0030881629791110754,0.0005980199784971774,0.0037813358940184116,0.1659587323665619,0.0031135352328419685,0.011861804872751236,-0.06161949038505554,0.0627492144703865,0.003321734955534339,2-4deg,0.00-0.04,0.0,0.0,0.0,0.0
233,60,True,True,0.04885131120681763,0.04885131120681763,0.03406483680009842,0.15494534373283386,4.179999828338623,1.4093459844589233,0.25377532839775085,0.004444479010999203,-0.011667492799460888,0.15494534373283386,0.03406483680009842,-0.019988637417554855,0.015481249429285526,0.48863673210144043,0.24523863196372986,0.1545054316520691,0.15123715996742249,>=0.15,False,True,False,True,True,False,False,False,True,0.04244128614664078,-0.12701454758644104,0.0673055350780487,0.10904587805271149,0.15758948028087616,0.07999999821186066,0.03406483680009842,-0.019992021843791008,0.019992021843791008,0.01685166545212269,-0.04162561520934105,0.04490574076771736,0.014280545525252819,0.01959858648478985,0.0,-0.005000303033739328,0.15486463904380798,0.0015758947702124715,0.016604116186499596,-0.04238669574260712,0.04552159085869789,0.012408769689500332,2-4deg,0.00-0.04,0.0,0.0,0.0,0.0
234,19,True,True,0.07684897631406784,0.07476745545864105,0.06818730384111404,0.1241554394364357,3.7200000286102295,1.1205395460128784,0.26093995571136475,0.002397712552919984,-0.07215924561023712,0.1241554394364357,0.06818730384111404,-0.019735798239707947,0.07754988968372345,1.4479820728302002,0.5587136745452881,0.10103274881839752,0.22436641156673431,>=0.15,False,True,False,True,True,False,False,False,True,0.06878238171339035,-0.26208361983299255,0.25538432598114014,0.08000629395246506,0.6496099829673767,0.09999999403953552,0.06818730384111404,-0.01996108889579773,0.01996108889579773,0.02464834600687027,-0.018445923924446106,0.0307842418551445,0.04451623931527138,0.04912637174129486,0.0037505615036934614,-0.07097890228033066,0.10186544805765152,0.006496099755167961,0.02587755396962166,-0.01507008820772171,0.029945939779281616,0.04527106136083603,0-2deg,0.04-0.08,0.0,0.0,0.0,0.0
235,33,True,True,0.04392285645008087,0.04392285645008087,0.026584221050143242,0.15679797530174255,2.240000009536743,1.281014323234558,0.3545610010623932,-0.007725310046225786,-0.15612617135047913,0.15679797530174255,0.026584221050143242,-0.020026132464408875,0.14916834235191345,1.0511125326156616,0.480816125869751,0.014499129727482796,0.021058037877082825,0.00-0.05,False,True,False,True,True,False,False,False,True,0.02992071583867073,-0.33920830488204956,0.30958181619644165,0.027911914512515068,0.45525598526000977,0.09999999403953552,0.026584221050143242,-0.020026132464408875,0.020026132464408875,-0.008597486652433872,0.04062123969197273,0.04152124747633934,0.04786144942045212,0.06110810860991478,0.0003452669770922512,-0.15551415085792542,0.020023822784423828,0.004552559927105904,-0.005558056756854057,0.0428471714258194,0.043205905705690384,0.04632768779993057,2-4deg,0.04-0.08,0.0,0.0,0.0,0.0
236,50,True,True,0.040908169001340866,0.03801446408033371,0.020919915288686752,0.16666965186595917,0.8999999761581421,1.122229814529419,0.5069608688354492,-0.07364214211702347,-0.0007184892892837524,0.16666965186595917,0.020919915288686752,-0.01972976140677929,-0.0718638226389885,0.5083469748497009,0.29614561796188354,0.166668102145195,0.18732169270515442,>=0.15,False,True,False,True,True,False,False,False,True,0.020023474469780922,-0.17618370056152344,0.34519723057746887,0.08029733598232269,0.9417906403541565,0.09999999403953552,0.020919915288686752,-0.02017243020236492,0.02017243020236492,0.034188494086265564,0.04675016924738884,0.057910095900297165,0.034557025879621506,0.03251340985298157,0.005736013874411583,0.007431298494338989,0.1665038913488388,0.009417906403541565,0.034966789186000824,0.044065069407224655,0.05624566972255707,0.03533385694026947,2-4deg,0.00-0.04,0.0,0.0,0.0,0.0
237,35,True,False,0.23014314472675323,0.06938926875591278,0.0,0.0,4.299999713897705,1.237370252609253,0.20057904720306396,0.01968221180140972,0.05736513435840607,0.16624987125396729,0.22743669152259827,-0.02001955173909664,-0.03663911670446396,0.8572579026222229,0.2577199935913086,0.156039297580719,0.13413375616073608,0.10-0.15,True,True,False,True,False,False,False,True,True,0.06314577162265778,-0.014652936719357967,0.13539119064807892,0.03886769711971283,0.8693692088127136,0.0,0.22743669152259827,-0.020103035494685173,0.020103035494685173,0.0011690894607454538,-0.0019301947904750705,0.002264067530632019,0.023722488433122635,0.013509707525372505,0.0017940601101145148,0.06097891181707382,0.1546628326177597,0.008693692274391651,0.0247577503323555,-0.0022232020273804665,0.02485746517777443,0.005100559443235397,0-2deg,0.00-0.04,0.0,0.0,0.0,0.0
238,45,True,True,0.11477767676115036,0.08457674086093903,0.11040709167718887,0.026510188356041908,2.819999933242798,1.6483672857284546,0.4069281220436096,-0.11134924739599228,0.00828215479850769,0.026510188356041908,0.11040709167718887,-0.008692675270140171,-0.12786336243152618,0.9488415718078613,0.40384235978126526,0.02518324740231037,0.14837905764579773,0.10-0.15,False,True,False,True,True,False,False,False,True,0.0781589224934578,-0.15685853362083435,0.2876196801662445,0.18575234711170197,0.18575234711170197,0.5199999809265137,0.11040709167718887,-0.015273826196789742,0.015273826196789742,0.06799821555614471,-0.04959115386009216,0.08413825929164886,0.043466873466968536,0.10157270729541779,0.1622239500284195,0.009878851473331451,0.02460077777504921,0.001857523457147181,0.04181494936347008,-0.049594946205616,0.06485909223556519,0.061176832765340805,4-6deg,0.04-0.08,0.0,0.0006905339541845024,0.0,0.0
239,49,True,True,0.0918850377202034,0.08764687180519104,0.08486374467611313,0.1991713047027588,2.2799999713897705,1.5078991651535034,0.36689189076423645,-0.02183113433420658,-0.14109990000724792,0.1991713047027588,0.08486374467611313,-0.019898606464266777,0.11907806992530823,1.3627394437789917,0.5109906196594238,0.14057035744190216,0.13227087259292603,0.10-0.15,False,True,False,True,True,False,False,False,True,0.0823560506105423,-0.12577329576015472,0.14631903171539307,0.06744769215583801,0.10496403276920319,0.05999999865889549,0.08486374467611313,-0.019923286512494087,0.019923286512494087,-0.043240148574113846,0.010001794435083866,0.04438086226582527,0.02549690008163452,0.0014648438664153218,0.0020716022700071335,-0.13692250847816467,0.14464245736598969,0.001049640355631709,-0.042313843965530396,0.00954391248524189,0.04337668418884277,0.02616589516401291,2-4deg,0.00-0.04,0.0,0.0,0.0,0.0
240,13,True,True,0.03683285042643547,0.03683285042643547,0.011449945159256458,0.17009618878364563,3.7200000286102295,1.2047476768493652,0.23015287518501282,0.008755854330956936,-0.019794046878814697,0.17009618878364563,0.011449945159256458,-0.01999056339263916,0.028887933120131493,0.7687368988990784,0.2397076040506363,0.16894054412841797,0.16255918145179749,>=0.15,False,True,False,True,True,False,False,False,True,0.017822859808802605,-0.0035327200312167406,0.1256762444972992,0.030823199078440666,0.17364844679832458,0.05999999865889549,0.011449945159256458,-0.019993392750620842,0.019993392750620842,-0.0017467043362557888,-0.04309205710887909,0.04312717542052269,0.03646712377667427,0.003966818563640118,0.0003452669770922512,-0.02637738361954689,0.1680385321378708,0.0017364844679832458,-0.00028766790637746453,-0.043090980499982834,0.043092597275972366,0.03649327903985977,2-4deg,0.00-0.04,0.0,0.0,0.0,0.0
241,61,True,True,0.09468948841094971,0.07594013214111328,0.08795144408941269,0.17497608065605164,1.5399999618530273,1.5631142854690552,0.5534271001815796,-0.006610093638300896,-0.07300546765327454,0.17497608065605164,0.08795144408941269,-0.01992763951420784,0.06978711485862732,0.5212979316711426,0.2689991891384125,0.15901832282543182,0.13253538310527802,0.10-0.15,False,True,False,True,True,False,False,False,True,0.08329827338457108,-0.07264644652605057,0.18198572099208832,0.03362799808382988,0.03362799808382988,0.05999999865889549,0.08795144408941269,-0.01992763951420784,0.01992763951420784,-0.038167163729667664,-0.02083118073642254,0.04347965121269226,0.04581242799758911,0.004746641032397747,0.001423572306521237,-0.07973511517047882,0.15575282275676727,0.0003362799761816859,-0.03699588403105736,-0.022247903048992157,0.043167248368263245,0.04609537869691849,2-4deg,0.04-0.08,0.0,0.0,0.0,0.0
242,40,True,True,0.08481330424547195,0.0803961455821991,0.0770641341805458,0.20514187216758728,1.4199999570846558,1.5327333211898804,0.46894729137420654,0.0015956832794472575,-0.16996057331562042,0.20514187216758728,0.0770641341805458,-0.019580639898777008,0.17132194340229034,0.447908878326416,0.27545472979545593,0.11487642675638199,0.1220625638961792,0.10-0.15,False,True,False,True,True,False,False,False,True,0.07249148190021515,-0.127654030919075,0.12488248944282532,0.7302858829498291,0.7302858829498291,0.05999999865889549,0.0770641341805458,-0.020077085122466087,0.020077085122466087,-0.013863611035048962,-0.05631999298930168,0.0579996220767498,0.03704242408275604,0.0025135823525488377,0.008450253866612911,-0.1646343618631363,0.1223875880241394,0.007302858866751194,-0.014202067628502846,-0.054863572120666504,0.056670304387807846,0.03771770000457764,2-4deg,0.00-0.04,0.0,0.0,0.0,0.0
243,29,True,False,0.2355770319700241,0.04318005591630936,0.0,0.0,3.7200000286102295,1.1128833293914795,0.22620663046836853,-0.10922642797231674,0.010715983808040619,0.14643581211566925,0.23292915523052216,-0.020001253113150597,-0.12140955775976181,0.848538875579834,0.28792011737823486,0.14604319632053375,0.21239672601222992,>=0.15,True,True,False,True,False,False,False,True,True,0.06767388433218002,-0.04184626415371895,0.10924449563026428,0.06940989941358566,0.6784029006958008,0.0,0.23292915523052216,-0.02017800882458687,0.02017800882458687,-0.008345079608261585,-0.013994318433105946,0.016293710097670555,0.013316208496689796,0.048976849764585495,0.001035800902172923,0.011188563890755177,0.1460077464580536,0.006784028839319944,0.0022371301893144846,-0.019366739317774773,0.019494904205203056,0.011163557879626751,0-2deg,0.00-0.04,0.0,0.0,0.0,0.0
244,22,True,True,0.10026483982801437,0.09480422735214233,0.09393654763698578,0.15501447021961212,1.899999976158142,1.2262300252914429,0.2819840908050537,0.022481152787804604,-0.07571271061897278,0.15501447021961212,0.09393654763698578,-0.01954929530620575,0.09776324033737183,0.857164740562439,0.4311400055885315,0.13526666164398193,0.2144099920988083,>=0.15,False,True,False,True,True,False,False,False,True,0.08817605674266815,-0.06480327248573303,0.2649095952510834,0.5412691831588745,0.5412691831588745,0.09999999403953552,0.09393654763698578,-0.020043961703777313,0.020043961703777313,-0.02824575826525688,-0.027764465659856796,0.03960457444190979,0.01376254577189684,0.0014648438664153218,0.008870097808539867,-0.07416357100009918,0.1361221969127655,0.005412691738456488,-0.029059916734695435,-0.027028454467654228,0.03968428075313568,0.013686126098036766,2-4deg,0.00-0.04,0.0,0.0,0.0,0.0
245,57,True,True,0.03622722253203392,0.03622722253203392,0.009320560842752457,0.13844384253025055,2.8999998569488525,1.3857791423797607,0.33936595916748047,0.01869402639567852,0.06379690021276474,0.13844384253025055,0.009320560842752457,-0.019988656044006348,-0.04576403275132179,0.9045467972755432,0.3671097159385681,0.12286843359470367,0.11102297902107239,0.10-0.15,False,True,False,True,True,False,False,False,True,0.01609349064528942,-0.04896123334765434,0.0534907691180706,0.0893910825252533,0.6421740055084229,0.09999999403953552,0.009320560842752457,-0.020013898611068726,0.020013898611068726,0.02079605497419834,-0.034797992557287216,0.040536001324653625,0.01872284524142742,0.047882288694381714,0.0003452669770922512,0.06642429530620575,0.12146814167499542,0.00642173970118165,0.02093782275915146,-0.03624192252755165,0.04185305908322334,0.017544787377119064,2-4deg,0.00-0.04,0.0,0.0,0.0,0.0
246,20,True,True,0.08929204195737839,0.06784381717443466,0.08211587369441986,0.26946115493774414,4.480000019073486,1.1949671506881714,0.1895080804824829,0.0035312524996697903,0.09173768013715744,0.26946115493774414,0.08211587369441986,-0.020053904503583908,-0.08541131764650345,1.057110071182251,0.3226735293865204,0.2533643841743469,0.24513816833496094,>=0.15,False,True,False,True,True,False,False,False,True,0.05730482190847397,-0.10832696408033371,0.10039611905813217,0.06936950981616974,0.480439692735672,0.1599999964237213,0.08211587369441986,-0.02010289393365383,0.02010289393365383,0.04158331826329231,-0.03268856555223465,0.05288727208971977,0.05852702260017395,0.02733806148171425,0.0015822122804820538,0.09273236989974976,0.25300201773643494,0.004804397001862526,0.03391509875655174,-0.029202211648225784,0.04475145414471626,0.0617142915725708,2-4deg,0.04-0.08,0.0,0.0,0.0,0.0
247,24,True,True,0.036862704902887344,0.036862704902887344,0.011566046625375748,0.21010442078113556,4.71999979019165,1.199697732925415,0.19721223413944244,0.011234567500650883,-0.0352155938744545,0.21010442078113556,0.011566046625375748,-0.019994746893644333,0.04714524373412132,1.0465396642684937,0.3205915689468384,0.20713214576244354,0.19820962846279144,>=0.15,False,True,False,True,True,False,False,False,True,0.024959299713373184,-0.18803825974464417,0.14177058637142181,0.036995526403188705,0.26178649067878723,0.09999999403953552,0.011566046625375748,-0.020053155720233917,0.020053155720233917,0.0147542804479599,0.061220139265060425,0.06297123432159424,0.05392104759812355,0.07164720445871353,0.0,-0.04868584871292114,0.20438578724861145,0.0026178648695349693,0.014191953465342522,0.06532857567071915,0.06684993207454681,0.049706291407346725,2-4deg,0.04-0.08,0.0,0.0,0.0,0.0
248,14,True,True,0.05128783732652664,0.050642117857933044,0.037476796656847,0.0921967402100563,3.119999885559082,1.2790398597717285,0.2558755874633789,0.0034284398425370455,0.0011070624459534883,0.0921967402100563,0.037476796656847,-0.01999102719128132,0.0032053543254733086,0.958745002746582,0.37116673588752747,0.09219009429216385,0.09458087384700775,0.05-0.10,False,True,False,True,True,False,False,False,True,0.0363059937953949,-0.10597573965787888,0.16528044641017914,0.07940062880516052,0.1353932023048401,0.07999999821186066,0.037476796656847,-0.019994519650936127,0.019994519650936127,-0.0037589326966553926,0.0422273650765419,0.042393747717142105,0.027655236423015594,0.011718817055225372,0.0,-0.0010398468002676964,0.09219086915254593,0.0013539319625124335,-0.002132117748260498,0.04252595454454422,0.042578987777233124,0.027490174397826195,2-4deg,0.00-0.04,0.0,0.0,0.0,0.0
249,34,True,True,0.10080694407224655,0.09691508114337921,0.09453599154949188,0.2703883945941925,2.6399998664855957,1.4905391931533813,0.37377238273620605,-0.02991432696580887,-0.1751258671283722,0.2703883945941925,0.09453599154949188,-0.019999247044324875,0.14067178964614868,1.5812017917633057,0.6385707259178162,0.20601166784763336,0.17859701812267303,>=0.15,False,True,False,True,True,False,False,False,True,0.09037262946367264,-0.10592271387577057,0.20135541260242462,0.5958037376403809,0.5958037376403809,0.05999999865889549,0.09453599154949188,-0.020013203844428062,0.020013203844428062,-0.034155745059251785,-0.03198573738336563,0.04679017513990402,0.05079171434044838,0.0029499635566025972,0.0,-0.17581774294376373,0.20542152225971222,0.0059580374509096146,-0.03415893390774727,-0.03400447964668274,0.04819384217262268,0.05013977363705635,2-4deg,0.04-0.08,0.0,0.0,0.0,0.0
250,28,True,True,0.11905290186405182,0.10780587047338486,0.11351653188467026,0.23361973464488983,1.399999976158142,1.6473088264465332,0.6286054253578186,0.026358239352703094,-0.1524796187877655,0.23361973464488983,0.11351653188467026,-0.01926496811211109,0.1747056096792221,0.7009762525558472,0.4117629826068878,0.1769975870847702,0.17734429240226746,>=0.15,False,True,False,True,True,False,False,False,True,0.10199786722660065,-0.16094648838043213,0.3102777898311615,0.5063785910606384,0.5063785910606384,0.14000000059604645,0.11351653188467026,-0.0200420543551445,0.0200420543551445,-0.021789807826280594,-0.06773170083761215,0.07114503532648087,0.04450604319572449,0.0007720404537394643,0.011461677961051464,-0.16502851247787476,0.1653595119714737,0.005063785705715418,-0.02695290930569172,-0.0681675374507904,0.07329520583152771,0.041785288602113724,4-6deg,0.04-0.08,0.0,0.0,0.0,0.0
251,3,True,True,0.043111953884363174,0.042149513959884644,0.02516893669962883,0.10759542137384415,2.0399999618530273,1.1047403812408447,0.3126145601272583,0.008188231848180294,-0.03171011433005333,0.10759542137384415,0.02516893669962883,-0.019996358081698418,0.039384108036756516,0.8047608137130737,0.4092814028263092,0.10281655192375183,0.09612205624580383,0.05-0.10,False,True,False,True,True,False,False,False,True,0.022260373458266258,-0.191891148686409,0.21254470944404602,0.03767070174217224,0.4461383521556854,0.07999999821186066,0.02516893669962883,-0.019996358081698418,0.019996358081698418,0.00518396170809865,0.016140669584274292,0.0169534794986248,0.026169748976826668,0.03875085711479187,0.0003452669770922512,-0.03247703239321709,0.10257688164710999,0.004461383447051048,0.005248627159744501,0.014562313444912434,0.015479517169296741,0.026481380686163902,0-2deg,0.00-0.04,0.0,0.0,0.0,0.0
252,1,True,True,0.08921869099140167,0.08402524143457413,0.08201423287391663,0.2952347695827484,2.2200000286102295,1.313109278678894,0.3188495934009552,-0.03962597995996475,-0.2194327861070633,0.2952347695827484,0.08201423287391663,-0.019951170310378075,0.1804686188697815,1.1489235162734985,0.47339174151420593,0.19751662015914917,0.19417086243629456,>=0.15,False,True,False,True,True,False,False,False,True,0.07787453383207321,-0.2084634155035019,0.2041778713464737,0.16339583694934845,0.16339583694934845,0.05999999865889549,0.08201423287391663,-0.019951170310378075,0.019951170310378075,-0.07171287387609482,-0.015913257375359535,0.07345455884933472,0.016916727647185326,0.0035881216172128916,0.0009134905994869769,-0.2141944020986557,0.20318542420864105,0.0016339583089575171,-0.07227083295583725,-0.016260497272014618,0.07407408952713013,0.015943938866257668,4-6deg,0.00-0.04,0.0,0.0,0.0,0.0
253,48,True,True,0.07704352587461472,0.07072801142930984,0.0683060809969902,0.20580820739269257,3.119999885559082,1.9216673374176025,0.3199661672115326,-0.0018799029057845473,-0.10996786504983902,0.20580820739269257,0.0683060809969902,-0.019710227847099304,0.10678693652153015,1.7718652486801147,0.6168729066848755,0.17396576702594757,0.19002677500247955,>=0.15,False,True,False,True,True,False,False,False,True,0.05995779484510422,-0.3638891279697418,0.3928316831588745,0.0205316673964262,0.12534447014331818,0.09999999403953552,0.0683060809969902,-0.019710227847099304,0.019710227847099304,0.07316643744707108,0.032479286193847656,0.08003991842269897,0.02158309333026409,0.11290787160396576,0.00578773720189929,-0.11833783984184265,0.16838401556015015,0.0012534447014331818,0.07409801334142685,0.031041517853736877,0.08032641559839249,0.021406516432762146,4-6deg,0.00-0.04,0.0,0.0,0.0,0.0
254,38,True,True,0.06657092273235321,0.05738697201013565,0.056606173515319824,0.220176562666893,2.2799999713897705,1.2740988731384277,0.3429533839225769,0.01149778813123703,-0.11021345853805542,0.220176562666893,0.056606173515319824,-0.02000395394861698,0.12002869695425034,0.8711260557174683,0.45396915078163147,0.19060617685317993,0.19093593955039978,>=0.15,False,True,False,True,True,False,False,False,True,0.045563954859972,-0.07751309871673584,0.24593670666217804,0.747266411781311,0.747266411781311,0.07999999821186066,0.056606173515319824,-0.02010200545191765,0.02010200545191765,-0.021863648667931557,0.05004787817597389,0.05461139231920242,0.023979241028428078,0.0009765625,0.0011960400734096766,-0.11386074125766754,0.18845012784004211,0.00747266411781311,-0.02051028236746788,0.050515834242105484,0.05451739579439163,0.023814741522073746,2-4deg,0.00-0.04,0.0,0.0,0.0,0.0
255,42,True,True,0.0720137506723404,0.053643327206373215,0.0626935139298439,0.2607508897781372,1.0199999809265137,1.5386254787445068,0.7066037058830261,-0.0017789078410714865,-0.1496020257472992,0.2607508897781372,0.0626935139298439,-0.019720423966646194,0.1477363556623459,0.7285464406013489,0.29686811566352844,0.21356560289859772,0.19247321784496307,>=0.15,False,True,False,True,True,False,False,False,True,0.04197515547275543,-0.3976936340332031,0.5699952840805054,0.1366736888885498,0.1366736888885498,0.1599999964237213,0.0626935139298439,-0.019720423966646194,0.019720423966646194,0.030549047514796257,-0.027574678882956505,0.04115055501461029,0.018081823363900185,0.09380409121513367,0.004501734394580126,-0.14441819489002228,0.21710461378097534,0.0013667368330061436,0.030737290158867836,-0.024884846061468124,0.03954582288861275,0.02045256458222866,2-4deg,0.00-0.04,0.0,0.0,0.0,0.0
