run,iteration,term,logged_episode_reward_rate,approx_episode_contribution,absolute_contribution,relative_total_magnitude_pct,negative_rank,episode_length_source_iteration,episode_length_steps,episode_length_seconds,approx_contribution_per_step,approx_contribution_per_second
S0,1,align_bonus,0.007333334535360336,0.07333334535360336,0.07333334535360336,8.39060492198838,,1,22.33333396911621,0.8933333587646485,0.0032835825342966184,0.08208956335741546
S0,1,align_hold,0.0024999999441206455,0.024999999441206455,0.024999999441206455,2.860432963335232,,1,22.33333396911621,0.8933333587646485,0.0011194029281869809,0.027985073204674523
S0,1,ang_vel,-1.1052337868022732e-05,-0.00011052337868022732,0.00011052337868022732,0.012645788906499594,9,1,22.33333396911621,0.8933333587646485,-4.948807859725076e-06,-0.00012372019649312688
S0,1,center_precision,0.0,0.0,0.0,0.0,,1,22.33333396911621,0.8933333587646485,0.0,0.0
S0,1,center_precision_square,0.0,0.0,0.0,0.0,,1,22.33333396911621,0.8933333587646485,0.0,0.0
S0,1,contact_clearance,-0.03710934519767761,-0.3710934519767761,0.3710934519767761,42.459518649533415,1,1,22.33333396911621,0.8933333587646485,-0.016616124242352037,-0.41540310605880093
S0,1,crash_penalty,0.0,0.0,0.0,0.0,,1,22.33333396911621,0.8933333587646485,0.0,0.0
S0,1,descent_horizontal_rel_vel,-0.0016066436655819416,-0.016066436655819416,0.016066436655819416,1.8382786416344628,6,1,22.33333396911621,0.8933333587646485,-0.0007193926656018751,-0.017984816640046877
S0,1,descent_vel,0.0,0.0,0.0,0.0,,1,22.33333396911621,0.8933333587646485,0.0,0.0
S0,1,height_tracking,-0.013550056144595146,-0.13550056144595146,0.13550056144595146,15.50361124694994,2,1,22.33333396911621,0.8933333587646485,-0.006067189145755365,-0.15167972864388413
S0,1,horizontal_error,-0.013482886366546154,-0.13482886366546154,0.13482886366546154,15.426757386323624,3,1,22.33333396911621,0.8933333587646485,-0.006037113126589629,-0.15092782816474073
S0,1,landing_bonus,0.0,0.0,0.0,0.0,,1,22.33333396911621,0.8933333587646485,0.0,0.0
S0,1,lin_vel,-1.87707701115869e-05,-0.00018770770111586899,0.00018770770111586899,0.021477012309797,8,1,22.33333396911621,0.8933333587646485,-8.40482219875643e-06,-0.00021012055496891075
S0,1,near_pad_horizontal_rel_vel,0.0,0.0,0.0,0.0,,1,22.33333396911621,0.8933333587646485,0.0,0.0
S0,1,off_center_contact,0.0,0.0,0.0,0.0,,1,22.33333396911621,0.8933333587646485,0.0,0.0
S0,1,post_align_descent,-0.0011382073862478137,-0.011382073862478137,0.011382073862478137,1.3023063998027695,7,1,22.33333396911621,0.8933333587646485,-0.0005096450838113964,-0.012741127095284908
S0,1,predicted_pad_error,-0.0047113774344325066,-0.047113774344325066,0.047113774344325066,5.390631846955818,4,1,22.33333396911621,0.8933333587646485,-0.0021095719255117325,-0.05273929813779331
S0,1,progress_to_pad,0.003910533618181944,0.03910533618181944,0.03910533618181944,4.47432780628031,,1,22.33333396911621,0.8933333587646485,0.0017509851523241668,0.04377462880810417
S0,1,rel_vel,-0.0020177015103399754,-0.020177015103399754,0.020177015103399754,2.308600015740331,5,1,22.33333396911621,0.8933333587646485,-0.0009034484117463905,-0.022586210293659762
S0,1,tilt,-9.44552812143229e-06,-9.44552812143229e-05,9.44552812143229e-05,0.010807320239424364,10,1,22.33333396911621,0.8933333587646485,-4.229340829494645e-06,-0.00010573352073736612
S0,2,align_bonus,0.0059999991208314896,0.059999991208314896,0.059999991208314896,1.3072158054850618,,2,33.181819915771484,1.3272727966308595,0.001808218818636786,0.04520547046591965
S0,2,align_hold,0.009000000543892384,0.09000000543892384,0.09000000543892384,1.9608241140408487,,2,33.181819915771484,1.3272727966308595,0.002712328789300263,0.06780821973250657
S0,2,ang_vel,-0.00016722368309274316,-0.0016722368309274316,0.0016722368309274316,0.036432912270154695,9,2,33.181819915771484,1.3272727966308595,-5.03961758327972e-05,-0.0012599043958199298
S0,2,center_precision,0.0,0.0,0.0,0.0,,2,33.181819915771484,1.3272727966308595,0.0,0.0
S0,2,center_precision_square,0.0,0.0,0.0,0.0,,2,33.181819915771484,1.3272727966308595,0.0,0.0
S0,2,contact_clearance,-0.06954322755336761,-0.6954322755336761,0.6954322755336761,15.15133659046407,3,2,33.181819915771484,1.3272727966308595,-0.020958231866092844,-0.5239557966523211
S0,2,crash_penalty,0.0,0.0,0.0,0.0,,2,33.181819915771484,1.3272727966308595,0.0,0.0
S0,2,descent_horizontal_rel_vel,-0.016945645213127136,-0.16945645213127136,0.16945645213127136,3.691936417096052,7,2,33.181819915771484,1.3272727966308595,-0.005106906509691709,-0.1276726627422927
S0,2,descent_vel,-3.779674443649128e-05,-0.0003779674443649128,0.0003779674443649128,0.00823475149383253,11,2,33.181819915771484,1.3272727966308595,-1.1390799097950109e-05,-0.0002847699774487527
S0,2,height_tracking,-0.04655618593096733,-0.4655618593096733,0.4655618593096733,10.143165168268862,4,2,33.181819915771484,1.3272727966308595,-0.014030630643269492,-0.35076576608173726
S0,2,horizontal_error,-0.15283845365047455,-1.5283845365047455,1.5283845365047455,33.298811928843875,1,2,33.181819915771484,1.3272727966308595,-0.04606090143290473,-1.1515225358226182
S0,2,landing_bonus,0.0,0.0,0.0,0.0,,2,33.181819915771484,1.3272727966308595,0.0,0.0
S0,2,lin_vel,-0.000536405190359801,-0.0053640519035980105,0.0053640519035980105,0.11686624095461237,8,2,33.181819915771484,1.3272727966308595,-0.00016165635029103542,-0.004041408757275885
S0,2,near_pad_horizontal_rel_vel,0.0,0.0,0.0,0.0,,2,33.181819915771484,1.3272727966308595,0.0,0.0
S0,2,off_center_contact,0.0,0.0,0.0,0.0,,2,33.181819915771484,1.3272727966308595,0.0,0.0
S0,2,post_align_descent,0.0006618082989007235,0.006618082989007235,0.006618082989007235,0.14418773254825365,,2,33.181819915771484,1.3272727966308595,0.00019944906595860423,0.0049862266489651055
S0,2,predicted_pad_error,-0.09632622450590134,-0.9632622450590134,0.9632622450590134,20.98653026791888,2,2,33.181819915771484,1.3272727966308595,-0.02902981956698433,-0.7257454891746081
S0,2,progress_to_pad,-0.03288968652486801,-0.3288968652486801,0.3288968652486801,7.165654060428988,5,2,33.181819915771484,1.3272727966308595,-0.009911959804602332,-0.2477989951150583
S0,2,rel_vel,-0.027332764118909836,-0.27332764118909836,0.27332764118909836,5.954971083209496,6,2,33.181819915771484,1.3272727966308595,-0.008237270947853719,-0.20593177369634294
S0,2,tilt,-0.00015528999210800976,-0.0015528999210800976,0.0015528999210800976,0.03383292697701415,10,2,33.181819915771484,1.3272727966308595,-4.679972120341707e-05,-0.0011699930300854266
S0,3,align_bonus,0.01733332686126232,0.17333326861262321,0.17333326861262321,3.1776658132252638,,3,39.076927185058594,1.5630770874023439,0.004435693415497079,0.11089233538742697
S0,3,align_hold,0.010749995708465576,0.10749995708465576,0.10749995708465576,1.9707638428865133,,3,39.076927185058594,1.5630770874023439,0.002750982864531869,0.06877457161329673
S0,3,ang_vel,-0.000218946544919163,-0.00218946544919163,0.00218946544919163,0.04013880060545663,10,3,39.076927185058594,1.5630770874023439,-5.6029621746430235e-05,-0.0014007405436607559
S0,3,center_precision,0.0,0.0,0.0,0.0,,3,39.076927185058594,1.5630770874023439,0.0,0.0
S0,3,center_precision_square,0.0,0.0,0.0,0.0,,3,39.076927185058594,1.5630770874023439,0.0,0.0
S0,3,contact_clearance,-0.12740997970104218,-1.2740997970104218,1.2740997970104218,23.357681996094406,2,3,39.076927185058594,1.5630770874023439,-0.03260491263749073,-0.815122815937268
S0,3,crash_penalty,0.0,0.0,0.0,0.0,,3,39.076927185058594,1.5630770874023439,0.0,0.0
S0,3,descent_horizontal_rel_vel,-0.01027710735797882,-0.10277107357978821,0.10277107357978821,1.8840706675462073,6,3,39.076927185058594,1.5630770874023439,-0.002629968141893297,-0.06574920354733242
S0,3,descent_vel,-0.0002195202832808718,-0.002195202832808718,0.002195202832808718,0.0402439823049844,9,3,39.076927185058594,1.5630770874023439,-5.617644454009355e-05,-0.0014044111135023388
S0,3,height_tracking,-0.04353800415992737,-0.4353800415992737,0.4353800415992737,7.9816891761415185,4,3,39.076927185058594,1.5630770874023439,-0.011141614066464906,-0.2785403516616226
S0,3,horizontal_error,-0.1888078898191452,-1.888078898191452,1.888078898191452,34.61357312117326,1,3,39.076927185058594,1.5630770874023439,-0.04831697459859064,-1.207924364964766
S0,3,landing_bonus,0.0,0.0,0.0,0.0,,3,39.076927185058594,1.5630770874023439,0.0,0.0
S0,3,lin_vel,-0.00048155206604860723,-0.004815520660486072,0.004815520660486072,0.08828146782314897,7,3,39.076927185058594,1.5630770874023439,-0.00012323181497053148,-0.003080795374263287
S0,3,near_pad_horizontal_rel_vel,0.0,0.0,0.0,0.0,,3,39.076927185058594,1.5630770874023439,0.0,0.0
S0,3,off_center_contact,0.0,0.0,0.0,0.0,,3,39.076927185058594,1.5630770874023439,0.0,0.0
S0,3,post_align_descent,-0.00040936036384664476,-0.004093603638466448,0.004093603638466448,0.07504678379959917,8,3,39.076927185058594,1.5630770874023439,-0.00010475756241221733,-0.002618939060305433
S0,3,predicted_pad_error,-0.07217571884393692,-0.7217571884393692,0.7217571884393692,13.23175384339542,3,3,39.076927185058594,1.5630770874023439,-0.01847016232932817,-0.46175405823320426
S0,3,progress_to_pad,0.04301920533180237,0.4301920533180237,0.4301920533180237,7.886579373316622,,3,39.076927185058594,1.5630770874023439,0.011008850600783968,0.2752212650195992
S0,3,rel_vel,-0.030726460739970207,-0.30726460739970207,0.30726460739970207,5.6329880949179145,5,3,39.076927185058594,1.5630770874023439,-0.007863069835163175,-0.19657674587907936
S0,3,tilt,-0.00010649300384102389,-0.001064930038410239,0.001064930038410239,0.01952303676967896,11,3,39.076927185058594,1.5630770874023439,-2.7252143787227577e-05,-0.0006813035946806893
S0,4,align_bonus,0.023999996483325958,0.23999996483325958,0.23999996483325958,2.00939596424891,,4,58.3636474609375,2.3345458984375003,0.004112148148278265,0.1028037037069566
S0,4,align_hold,0.016249991953372955,0.16249991953372955,0.16249991953372955,1.360528043113272,,4,58.3636474609375,2.3345458984375003,0.0027842660046648034,0.06960665011662008
S0,4,ang_vel,-0.0004822481132578105,-0.004822481132578105,0.004822481132578105,0.04037614810569365,12,4,58.3636474609375,2.3345458984375003,-8.262816568833823e-05,-0.0020657041422084558
S0,4,center_precision,0.0,0.0,0.0,0.0,,4,58.3636474609375,2.3345458984375003,0.0,0.0
S0,4,center_precision_square,0.0,0.0,0.0,0.0,,4,58.3636474609375,2.3345458984375003,0.0,0.0
S0,4,contact_clearance,-0.19450631737709045,-1.9450631737709045,1.9450631737709045,16.285011101146623,2,4,58.3636474609375,2.3345458984375003,-0.03332662125122878,-0.8331655312807195
S0,4,crash_penalty,-0.125,-1.25,1.25,10.465605513968207,4,4,58.3636474609375,2.3345458984375003,-0.021417441410539306,-0.5354360352634826
S0,4,descent_horizontal_rel_vel,-0.019879698753356934,-0.19879698753356934,0.19879698753356934,1.6644246791132737,8,4,58.3636474609375,2.3345458984375003,-0.003406178266473547,-0.08515445666183867
S0,4,descent_vel,-0.0018512480892241001,-0.018512480892241,0.018512480892241,0.1549954576824548,10,4,58.3636474609375,2.3345458984375003,-0.00031719197989864,-0.007929799497466
S0,4,height_tracking,-0.12062142789363861,-1.206214278936386,1.206214278936386,10.099010246931062,5,4,58.3636474609375,2.3345458984375003,-0.020667218918140773,-0.5166804729535193
S0,4,horizontal_error,-0.3785087466239929,-3.785087466239929,3.785087466239929,31.690585806026043,1,4,58.3636474609375,2.3345458984375003,-0.06485351123356828,-1.6213377808392069
S0,4,landing_bonus,0.0,0.0,0.0,0.0,,4,58.3636474609375,2.3345458984375003,0.0,0.0
S0,4,lin_vel,-0.0014659188454970717,-0.014659188454970717,0.014659188454970717,0.1227338268197125,11,4,58.3636474609375,2.3345458984375003,-0.0002511698478883116,-0.0062792461972077905
S0,4,near_pad_horizontal_rel_vel,0.0,0.0,0.0,0.0,,4,58.3636474609375,2.3345458984375003,0.0,0.0
S0,4,off_center_contact,0.0,0.0,0.0,0.0,,4,58.3636474609375,2.3345458984375003,0.0,0.0
S0,4,post_align_descent,-0.01030530221760273,-0.1030530221760273,0.1030530221760273,0.8628098216932154,9,4,58.3636474609375,2.3345458984375003,-0.0017657056517072578,-0.044142641292681445
S0,4,predicted_pad_error,-0.14694444835186005,-1.4694444835186005,1.4694444835186005,12.302901031345943,3,4,58.3636474609375,2.3345458984375003,-0.02517739290543985,-0.6294348226359963
S0,4,progress_to_pad,-0.07717466354370117,-0.7717466354370117,0.7717466354370117,6.461436674572801,6,4,58.3636474609375,2.3345458984375003,-0.013223070678602428,-0.33057676696506066
S0,4,rel_vel,-0.07700378447771072,-0.7700378447771072,0.7700378447771072,6.44712985141079,7,4,58.3636474609375,2.3345458984375003,-0.013193792339529324,-0.32984480848823305
S0,4,tilt,-0.0003948151133954525,-0.003948151133954525,0.003948151133954525,0.033055833821995444,13,4,58.3636474609375,2.3345458984375003,-6.764743647314029e-05,-0.001691185911828507
S0,5,align_bonus,0.05966664105653763,0.5966664105653763,0.5966664105653763,1.6932704843730035,,5,77.37144470214844,3.0948577880859376,0.007711713447542852,0.1927928361885713
S0,5,align_hold,0.06124996393918991,0.6124996393918991,0.6124996393918991,1.7382033623925168,,5,77.37144470214844,3.0948577880859376,0.007916352625310243,0.19790881563275609
S0,5,ang_vel,-0.0005960570415481925,-0.005960570415481925,0.005960570415481925,0.01691541165355513,13,5,77.37144470214844,3.0948577880859376,-7.703837557160689e-05,-0.001925959389290172
S0,5,center_precision,-0.004492726642638445,-0.04492726642638445,0.04492726642638445,0.12749840251820846,9,5,77.37144470214844,3.0948577880859376,-0.0005806698659865778,-0.014516746649664444
S0,5,center_precision_square,-0.0030580766033381224,-0.030580766033381224,0.030580766033381224,0.0867846883902429,10,5,77.37144470214844,3.0948577880859376,-0.0003952461551041978,-0.009881153877604944
S0,5,contact_clearance,-0.7450229525566101,-7.450229525566101,7.450229525566101,21.142892467319676,2,5,77.37144470214844,3.0948577880859376,-0.0962917204693119,-2.4072930117327975
S0,5,crash_penalty,-1.1875,-11.875,11.875,33.69988094834483,1,5,77.37144470214844,3.0948577880859376,-0.15348039636217697,-3.8370099090544243
S0,5,descent_horizontal_rel_vel,-0.0640806332230568,-0.6408063322305679,0.6408063322305679,1.818534493230791,8,5,77.37144470214844,3.0948577880859376,-0.00828220714628551,-0.20705517865713774
S0,5,descent_vel,-0.0020935656502842903,-0.020935656502842903,0.020935656502842903,0.05941297951336817,11,5,77.37144470214844,3.0948577880859376,-0.00027058634595020773,-0.006764658648755193
S0,5,height_tracking,-0.3211548328399658,-3.211548328399658,3.211548328399658,9.11400390121468,5,5,77.37144470214844,3.0948577880859376,-0.041508186137184544,-1.0377046534296135
S0,5,horizontal_error,-0.4363766610622406,-4.363766610622406,4.363766610622406,12.383866548575773,3,5,77.37144470214844,3.0948577880859376,-0.05640022139203035,-1.4100055348007587
S0,5,landing_bonus,0.0,0.0,0.0,0.0,,5,77.37144470214844,3.0948577880859376,0.0,0.0
S0,5,lin_vel,-0.0014459582744166255,-0.014459582744166255,0.014459582744166255,0.04103462880346476,12,5,77.37144470214844,3.0948577880859376,-0.00018688526238369108,-0.0046721315595922765
S0,5,near_pad_horizontal_rel_vel,-0.0002255339059047401,-0.002255339059047401,0.002255339059047401,0.006400392234783112,15,5,77.37144470214844,3.0948577880859376,-2.914950170220584e-05,-0.000728737542555146
S0,5,off_center_contact,0.0,0.0,0.0,0.0,,5,77.37144470214844,3.0948577880859376,0.0,0.0
S0,5,post_align_descent,0.020850859582424164,0.20850859582424164,0.20850859582424164,0.5917233562933467,,5,77.37144470214844,3.0948577880859376,0.002694903741644258,0.06737259354110645
S0,5,predicted_pad_error,-0.4199279248714447,-4.199279248714447,4.199279248714447,11.917070378992149,4,5,77.37144470214844,3.0948577880859376,-0.05427427734973963,-1.3568569337434906
S0,5,progress_to_pad,-0.10007455945014954,-1.0007455945014954,1.0007455945014954,2.8400006226762917,6,5,77.37144470214844,3.0948577880859376,-0.012934301515940374,-0.32335753789850935
S0,5,rel_vel,-0.09554088115692139,-0.9554088115692139,0.9554088115692139,2.7113400595269157,7,5,77.37144470214844,3.0948577880859376,-0.012348338786320792,-0.3087084696580198
S0,5,tilt,-0.0003934928681701422,-0.003934928681701422,0.003934928681701422,0.011166873946405505,14,5,77.37144470214844,3.0948577880859376,-5.085763483995223e-05,-0.0012714408709988056
S0,6,align_bonus,0.026499994099140167,0.2649999409914017,0.2649999409914017,0.49001204447555086,,6,86.83723449707031,3.4734893798828126,0.003051685633774325,0.07629214084435812
S0,6,align_hold,0.03824998065829277,0.3824998065829277,0.3824998065829277,0.7072813357391827,,6,86.83723449707031,3.4734893798828126,0.004404790281475769,0.11011975703689422
S0,6,ang_vel,-0.0007518334314227104,-0.007518334314227104,0.007518334314227104,0.013902170523444182,14,6,86.83723449707031,3.4734893798828126,-8.657961481351362e-05,-0.00216449037033784
S0,6,center_precision,-0.262614905834198,-2.62614905834198,2.62614905834198,4.856018700839824,6,6,86.83723449707031,3.4734893798828126,-0.030242200520913413,-0.7560550130228353
S0,6,center_precision_square,-0.3540407121181488,-3.540407121181488,3.540407121181488,6.546575539736554,3,6,86.83723449707031,3.4734893798828126,-0.040770611151843314,-1.019265278796083
S0,6,contact_clearance,-0.2357300966978073,-2.357300966978073,2.357300966978073,4.358891032019504,7,6,86.83723449707031,3.4734893798828126,-0.027146200367051107,-0.6786550091762776
S0,6,crash_penalty,-2.75,-27.5,27.5,50.85031782522124,1,6,86.83723449707031,3.4734893798828126,-0.3166844287392384,-7.91711071848096
S0,6,descent_horizontal_rel_vel,-0.04141058772802353,-0.4141058772802353,0.4141058772802353,0.7657241990178919,10,6,86.83723449707031,3.4734893798828126,-0.004768759388510999,-0.11921898471277498
S0,6,descent_vel,-0.010721281170845032,-0.10721281170845032,0.10721281170845032,0.19824747455673816,12,6,86.83723449707031,3.4734893798828126,-0.001234641019251568,-0.0308660254812892
S0,6,height_tracking,-0.2836724817752838,-2.836724817752838,2.836724817752838,5.2453948569245314,5,6,86.83723449707031,3.4734893798828126,-0.03266714830547192,-0.816678707636798
S0,6,horizontal_error,-0.7451043128967285,-7.451043128967285,7.451043128967285,13.777742226815178,2,6,86.83723449707031,3.4734893798828126,-0.08580470315667027,-2.1451175789167567
S0,6,landing_bonus,0.0,0.0,0.0,0.0,,6,86.83723449707031,3.4734893798828126,0.0,0.0
S0,6,lin_vel,-0.0028702598065137863,-0.028702598065137863,0.028702598065137863,0.05307404487352147,13,6,86.83723449707031,3.4734893798828126,-0.00033053330442146014,-0.008263332610536503
S0,6,near_pad_horizontal_rel_vel,-0.028499122709035873,-0.28499122709035873,0.28499122709035873,0.5269779809070743,11,6,86.83723449707031,3.4734893798828126,-0.003281901234429266,-0.08204753086073166
S0,6,off_center_contact,0.0,0.0,0.0,0.0,,6,86.83723449707031,3.4734893798828126,0.0,0.0
S0,6,post_align_descent,0.08711694180965424,0.8711694180965424,0.8711694180965424,1.610881519629899,,6,86.83723449707031,3.4734893798828126,0.010032210527454483,0.25080526318636204
S0,6,predicted_pad_error,-0.29967769980430603,-2.9967769980430603,2.9967769980430603,5.541347738247346,4,6,86.83723449707031,3.4734893798828126,-0.03451027678851478,-0.8627569197128694
S0,6,progress_to_pad,-0.10855893790721893,-1.0855893790721893,1.0855893790721893,2.0073659983092873,9,6,86.83723449707031,3.4734893798828126,-0.012501427358431303,-0.3125356839607826
S0,6,rel_vel,-0.13203221559524536,-1.3203221559524536,1.3203221559524536,2.441410954976858,8,6,86.83723449707031,3.4734893798828126,-0.015204562462165908,-0.3801140615541477
S0,6,tilt,-0.00047776460996828973,-0.004777646099682897,0.004777646099682897,0.00883435718637469,15,6,86.83723449707031,3.4734893798828126,-5.501840457441196e-05,-0.001375460114360299
S0,7,align_bonus,0.05783331021666527,0.5783331021666527,0.5783331021666527,1.1943393504282627,,7,102.04691314697266,4.081876525878906,0.005667325785089754,0.14168314462724385
S0,7,align_hold,0.05699996277689934,0.5699996277689934,0.5699996277689934,1.177129551505076,,7,102.04691314697266,4.081876525878906,0.005585662615272387,0.13964156538180966
S0,7,ang_vel,-0.0007933239685371518,-0.007933239685371518,0.007933239685371518,0.016383257844175797,14,7,102.04691314697266,4.081876525878906,-7.774110397583219e-05,-0.001943527599395805
S0,7,center_precision,-0.19965939223766327,-1.9965939223766327,1.9965939223766327,4.123247795062532,7,7,102.04691314697266,4.081876525878906,-0.019565451426257707,-0.48913628565644274
S0,7,center_precision_square,-0.2337949275970459,-2.337949275970459,2.337949275970459,4.828194701523679,6,7,102.04691314697266,4.081876525878906,-0.022910534026671016,-0.5727633506667754
S0,7,contact_clearance,-0.4204709529876709,-4.204709529876709,4.204709529876709,8.683317675987665,3,7,102.04691314697266,4.081876525878906,-0.04120369152000603,-1.0300922880001508
S0,7,crash_penalty,-2.1041667461395264,-21.041667461395264,21.041667461395264,43.454008345053374,1,7,102.04691314697266,4.081876525878906,-0.2061960211485289,-5.154900528713222
S0,7,descent_horizontal_rel_vel,-0.051005031913518906,-0.5100503191351891,0.5100503191351891,1.053325781559898,10,7,102.04691314697266,4.081876525878906,-0.00499819449120025,-0.12495486228000624
S0,7,descent_vel,-0.012538067996501923,-0.12538067996501923,0.12538067996501923,0.2589287718525297,12,7,102.04691314697266,4.081876525878906,-0.0012286572528111674,-0.030716431320279187
S0,7,height_tracking,-0.3417682349681854,-3.4176823496818542,3.4176823496818542,7.0579956467941045,4,7,102.04691314697266,4.081876525878906,-0.03349128596138475,-0.8372821490346188
S0,7,horizontal_error,-0.656753420829773,-6.5675342082977295,6.5675342082977295,13.56288358883081,2,7,102.04691314697266,4.081876525878906,-0.06435798992605357,-1.6089497481513393
S0,7,landing_bonus,0.0,0.0,0.0,0.0,,7,102.04691314697266,4.081876525878906,0.0,0.0
S0,7,lin_vel,-0.0030909625347703695,-0.030909625347703695,0.030909625347703695,0.06383273190044636,13,7,102.04691314697266,4.081876525878906,-0.0003028962307089704,-0.007572405767724261
S0,7,near_pad_horizontal_rel_vel,-0.023635804653167725,-0.23635804653167725,0.23635804653167725,0.4881126719282813,11,7,102.04691314697266,4.081876525878906,-0.002316170467510992,-0.0579042616877748
S0,7,off_center_contact,0.0,0.0,0.0,0.0,,7,102.04691314697266,4.081876525878906,0.0,0.0
S0,7,post_align_descent,0.09467043727636337,0.9467043727636337,0.9467043727636337,1.955077932385574,,7,102.04691314697266,4.081876525878906,0.009277148554215908,0.2319287138553977
S0,7,predicted_pad_error,-0.2967696785926819,-2.967696785926819,2.967696785926819,6.128712048978503,5,7,102.04691314697266,4.081876525878906,-0.02908169090477637,-0.7270422726194092
S0,7,progress_to_pad,-0.14857333898544312,-1.4857333898544312,1.4857333898544312,3.068248808689132,8,7,102.04691314697266,4.081876525878906,-0.014559317318247634,-0.3639829329561909
S0,7,rel_vel,-0.1391305923461914,-1.391305923461914,1.391305923461914,2.87324278456339,9,7,102.04691314697266,4.081876525878906,-0.013633983435227396,-0.3408495858806849
S0,7,tilt,-0.0006303954869508743,-0.006303954869508743,0.006303954869508743,0.013018555112566563,15,7,102.04691314697266,4.081876525878906,-6.177506673258698e-05,-0.0015443766683146745
S0,8,align_bonus,0.02066667005419731,0.20666670054197311,0.20666670054197311,0.4307714995781678,,8,104.3194808959961,4.172779235839844,0.0019810940273755255,0.04952735068438814
S0,8,align_hold,0.022999992594122887,0.22999992594122887,0.22999992594122887,0.4794067585186444,,8,104.3194808959961,4.172779235839844,0.002204764862380144,0.05511912155950359
S0,8,ang_vel,-0.0007157978834584355,-0.007157978834584355,0.007157978834584355,0.014919932763413198,15,8,104.3194808959961,4.172779235839844,-6.861593609462725e-05,-0.001715398402365681
S0,8,center_precision,-0.1240253746509552,-1.240253746509552,1.240253746509552,2.585157477427542,7,8,104.3194808959961,4.172779235839844,-0.011888994614017049,-0.2972248653504262
S0,8,center_precision_square,-0.10787971317768097,-1.0787971317768097,1.0787971317768097,2.2486208807583927,9,8,104.3194808959961,4.172779235839844,-0.010341281633220007,-0.25853204083050013
S0,8,contact_clearance,-0.11153169721364975,-1.1153169721364975,1.1153169721364975,2.3247420282622837,8,8,104.3194808959961,4.172779235839844,-0.010691358532050601,-0.267283963301265
S0,8,crash_penalty,-2.625,-26.25,26.25,54.71491940536569,1,8,104.3194808959961,4.172779235839844,-0.2516308533606546,-6.290771334016364
S0,8,descent_horizontal_rel_vel,-0.020360391587018967,-0.20360391587018967,0.20360391587018967,0.4243874989506394,10,8,104.3194808959961,4.172779235839844,-0.0019517343656375904,-0.04879335914093976
S0,8,descent_vel,-0.013991143554449081,-0.13991143554449081,0.13991143554449081,0.2916283017030793,11,8,104.3194808959961,4.172779235839844,-0.0013411822446085502,-0.03352955611521376
S0,8,height_tracking,-0.24727460741996765,-2.4727460741996765,2.4727460741996765,5.154137225134084,4,8,104.3194808959961,4.172779235839844,-0.02370358875409802,-0.5925897188524506
S0,8,horizontal_error,-0.8167238235473633,-8.167238235473633,8.167238235473633,17.02361073593756,2,8,104.3194808959961,4.172779235839844,-0.07829063340159989,-1.957265835039997
S0,8,landing_bonus,0.0,0.0,0.0,0.0,,8,104.3194808959961,4.172779235839844,0.0,0.0
S0,8,lin_vel,-0.0029578504618257284,-0.029578504618257284,0.029578504618257284,0.06165278081215939,13,8,104.3194808959961,4.172779235839844,-0.0002835376898371102,-0.007088442245927755
S0,8,near_pad_horizontal_rel_vel,-0.011783137917518616,-0.11783137917518616,0.11783137917518616,0.24560512057117698,12,8,104.3194808959961,4.172779235839844,-0.0011295242093148554,-0.028238105232871385
S0,8,off_center_contact,-0.0023389868438243866,-0.023389868438243866,0.023389868438243866,0.04875332443811885,14,8,104.3194808959961,4.172779235839844,-0.00022421381162319028,-0.005605345290579757
S0,8,post_align_descent,0.06179884076118469,0.6179884076118469,0.6179884076118469,1.2881213682259993,,8,104.3194808959961,4.172779235839844,0.00592399810949947,0.14809995273748675
S0,8,predicted_pad_error,-0.1352107673883438,-1.352107673883438,1.352107673883438,2.818303329672716,6,8,104.3194808959961,4.172779235839844,-0.012961219345324921,-0.32403048363312303
S0,8,progress_to_pad,-0.3220934271812439,-3.220934271812439,3.220934271812439,6.713644155893251,3,8,104.3194808959961,4.172779235839844,-0.03087567388322829,-0.7718918470807072
S0,8,rel_vel,-0.14969240128993988,-1.4969240128993988,1.4969240128993988,3.1201553036856073,5,8,104.3194808959961,4.172779235839844,-0.014349419686930714,-0.35873549217326783
S0,8,tilt,-0.0005499421386048198,-0.005499421386048198,0.005499421386048198,0.011462872301477014,16,8,104.3194808959961,4.172779235839844,-5.27171084328054e-05,-0.001317927710820135
S0,9,align_bonus,0.043416671454906464,0.43416671454906464,0.43416671454906464,0.5727381748831382,,9,109.16473388671875,4.36658935546875,0.00397717009047632,0.099429252261908
S0,9,align_hold,0.07412496209144592,0.7412496209144592,0.7412496209144592,0.9778316503518799,,9,109.16473388671875,4.36658935546875,0.00679019308271901,0.16975482706797526
S0,9,ang_vel,-0.0006972418050281703,-0.0069724180502817035,0.0069724180502817035,0.009197780149471375,14,9,109.16473388671875,4.36658935546875,-6.387060914303191e-05,-0.0015967652285757976
S0,9,center_precision,-0.46356087923049927,-4.635608792304993,4.635608792304993,6.115139715246302,6,9,109.16473388671875,4.36658935546875,-0.04246434381560813,-1.0616085953902032
S0,9,center_precision_square,-0.7884689569473267,-7.884689569473267,7.884689569473267,10.401218154713938,2,9,109.16473388671875,4.36658935546875,-0.07222744277153903,-1.805686069288476
S0,9,contact_clearance,-0.5704803466796875,-5.704803466796875,5.704803466796875,7.525585486289049,5,9,109.16473388671875,4.36658935546875,-0.05225866691267532,-1.306466672816883
S0,9,crash_penalty,-2.875,-28.75,28.75,37.92603618863877,1,9,109.16473388671875,4.36658935546875,-0.26336344143736146,-6.584086035934036
S0,9,descent_horizontal_rel_vel,-0.10901439189910889,-1.0901439189910889,1.0901439189910889,1.4380813120862792,10,9,109.16473388671875,4.36658935546875,-0.009986227971043664,-0.2496556992760916
S0,9,descent_vel,-0.0240608062595129,-0.240608062595129,0.240608062595129,0.3174020900612565,12,9,109.16473388671875,4.36658935546875,-0.0022040823444392783,-0.05510205861098196
S0,9,height_tracking,-0.3132985234260559,-3.132985234260559,3.132985234260559,4.132929091236065,8,9,109.16473388671875,4.36658935546875,-0.028699609504949528,-0.7174902376237382
S0,9,horizontal_error,-0.7559622526168823,-7.559622526168823,7.559622526168823,9.972400608693134,4,9,109.16473388671875,4.36658935546875,-0.06924967667684248,-1.731241916921062
S0,9,landing_bonus,0.0,0.0,0.0,0.0,,9,109.16473388671875,4.36658935546875,0.0,0.0
S0,9,lin_vel,-0.004349354654550552,-0.043493546545505524,0.043493546545505524,0.05737522853068129,13,9,109.16473388671875,4.36658935546875,-0.00039842122081879645,-0.009960530520469912
S0,9,near_pad_horizontal_rel_vel,-0.04799385368824005,-0.4799385368824005,0.4799385368824005,0.6331188284564961,11,9,109.16473388671875,4.36658935546875,-0.004396461382669949,-0.10991153456674872
S0,9,off_center_contact,0.0,0.0,0.0,0.0,,9,109.16473388671875,4.36658935546875,0.0,0.0
S0,9,post_align_descent,0.212956964969635,2.12956964969635,2.12956964969635,2.8092568904560196,,9,109.16473388671875,4.36658935546875,0.019507853625203027,0.4876963406300757
S0,9,predicted_pad_error,-0.7743282318115234,-7.743282318115234,7.743282318115234,10.21467844924122,3,9,109.16473388671875,4.36658935546875,-0.07093208623721384,-1.7733021559303461
S0,9,progress_to_pad,-0.35181254148483276,-3.5181254148483276,3.5181254148483276,4.640993106076781,7,9,109.16473388671875,4.36658935546875,-0.03222767362305045,-0.8056918405762613
S0,9,rel_vel,-0.1704319417476654,-1.704319417476654,1.704319417476654,2.2482810401467592,9,9,109.16473388671875,4.36658935546875,-0.015612362681571157,-0.3903090670392789
S0,9,tilt,-0.0005864464328624308,-0.005864464328624308,0.005864464328624308,0.007736204742761275,15,9,109.16473388671875,4.36658935546875,-5.3721235052978894e-05,-0.0013430308763244725
S0,10,align_bonus,0.010833333246409893,0.10833333246409893,0.10833333246409893,0.18595883929037174,,10,111.57295227050781,4.462918090820312,0.0009709641114581744,0.024274102786454362
S0,10,align_hold,0.032333314418792725,0.32333314418792725,0.32333314418792725,0.5550152924282931,,10,111.57295227050781,4.462918090820312,0.00289795275295762,0.0724488188239405
S0,10,ang_vel,-0.0008755655726417899,-0.008755655726417899,0.008755655726417899,0.015029460823152863,14,10,111.57295227050781,4.462918090820312,-7.847471585398112e-05,-0.0019618678963495284
S0,10,center_precision,-0.2503751516342163,-2.503751516342163,2.503751516342163,4.297797503873449,7,10,111.57295227050781,4.462918090820312,-0.02244048817738403,-0.5610122044346008
S0,10,center_precision_square,-0.32762807607650757,-3.2762807607650757,3.2762807607650757,5.6238772832281585,3,10,111.57295227050781,4.462918090820312,-0.02936447135343122,-0.7341117838357806
S0,10,contact_clearance,-0.18972937762737274,-1.8972937762737274,1.8972937762737274,3.256786627011873,8,10,111.57295227050781,4.462918090820312,-0.017004961665563464,-0.4251240416390866
S0,10,crash_penalty,-2.875,-28.75,28.75,49.350615438419446,1,10,111.57295227050781,4.462918090820312,-0.25767893933913155,-6.4419734834782885
S0,10,descent_horizontal_rel_vel,-0.04115276038646698,-0.4115276038646698,0.4115276038646698,0.706404887673723,10,10,111.57295227050781,4.462918090820312,-0.003688417268612953,-0.09221043171532382
S0,10,descent_vel,-0.011124934069812298,-0.11124934069812298,0.11124934069812298,0.1909642932372443,12,10,111.57295227050781,4.462918090820312,-0.0009970995517659133,-0.024927488794147832
S0,10,height_tracking,-0.31963682174682617,-3.1963682174682617,3.1963682174682617,5.486703954777824,4,10,111.57295227050781,4.462918090820312,-0.028648235548331555,-0.7162058887082889
S0,10,horizontal_error,-0.9295557737350464,-9.295557737350464,9.295557737350464,15.956225919360248,2,10,111.57295227050781,4.462918090820312,-0.08331372028960435,-2.0828430072401085
S0,10,landing_bonus,0.0,0.0,0.0,0.0,,10,111.57295227050781,4.462918090820312,0.0,0.0
S0,10,lin_vel,-0.003924359567463398,-0.03924359567463398,0.03924359567463398,0.0673633251672933,13,10,111.57295227050781,4.462918090820312,-0.00035173036901890134,-0.008793259225472534
S0,10,near_pad_horizontal_rel_vel,-0.029492095112800598,-0.294920951128006,0.294920951128006,0.5062445371774302,11,10,111.57295227050781,4.462918090820312,-0.002643301491323563,-0.06608253728308908
S0,10,off_center_contact,-0.0004619660903699696,-0.004619660903699696,0.004619660903699696,0.00792984725963078,16,10,111.57295227050781,4.462918090820312,-4.140484597467101e-05,-0.0010351211493667752
S0,10,post_align_descent,0.07765359431505203,0.7765359431505203,0.7765359431505203,1.3329574505924062,,10,111.57295227050781,4.462918090820312,0.006959894197903938,0.17399735494759846
S0,10,predicted_pad_error,-0.2720326781272888,-2.720326781272888,2.720326781272888,4.669558290415015,6,10,111.57295227050781,4.462918090820312,-0.024381597205364574,-0.6095399301341143
S0,10,progress_to_pad,-0.3006082773208618,-3.006082773208618,3.006082773208618,5.160070779710469,5,10,111.57295227050781,4.462918090820312,-0.02694275549794893,-0.6735688874487233
S0,10,rel_vel,-0.15261465311050415,-1.5261465311050415,1.5261465311050415,2.6196963672780087,9,10,111.57295227050781,4.462918090820312,-0.013678463283869288,-0.34196158209673216
S0,10,tilt,-0.0006291657919064164,-0.006291657919064164,0.006291657919064164,0.010799902275959023,15,10,111.57295227050781,4.462918090820312,-5.639053006153396e-05,-0.001409763251538349
S0,11,align_bonus,0.007666667457669973,0.07666667457669973,0.07666667457669973,0.14536749632706866,,11,111.28340911865234,4.451336364746094,0.0006889317570686243,0.017223293926715608
S0,11,align_hold,0.015624991618096828,0.15624991618096828,0.15624991618096828,0.29626508834445714,,11,111.28340911865234,4.451336364746094,0.0014040719763929218,0.03510179940982304
S0,11,ang_vel,-0.0006428762571886182,-0.006428762571886182,0.006428762571886182,0.012189561171344728,14,11,111.28340911865234,4.451336364746094,-5.776928135829952e-05,-0.0014442320339574878
S0,11,center_precision,-0.10964930057525635,-1.0964930057525635,1.0964930057525635,2.0790577374910018,8,11,111.28340911865234,4.451336364746094,-0.009853157936449117,-0.24632894841122793
S0,11,center_precision_square,-0.11616089940071106,-1.1616089940071106,1.1616089940071106,2.2025240054058375,6,11,111.28340911865234,4.451336364746094,-0.010438294470010193,-0.2609573617502548
S0,11,contact_clearance,-0.0696704089641571,-0.696704089641571,0.696704089641571,1.3210189401224517,9,11,111.28340911865234,4.451336364746094,-0.006260628562328934,-0.15651571405822334
S0,11,crash_penalty,-3.0,-30.0,30.0,56.882927476515945,1,11,111.28340911865234,4.451336364746094,-0.2695819640824758,-6.739549102061895
S0,11,descent_horizontal_rel_vel,-0.027863923460245132,-0.2786392346024513,0.2786392346024513,0.5283271791334384,11,11,111.28340911865234,4.451336364746094,-0.002503870404485553,-0.06259676011213881
S0,11,descent_vel,-0.03510303795337677,-0.3510303795337677,0.3510303795337677,0.6655878540357726,10,11,111.28340911865234,4.451336364746094,-0.003154381972244334,-0.07885954930610835
S0,11,height_tracking,-0.21948663890361786,-2.1948663890361786,2.1948663890361786,4.1616808542729125,4,11,111.28340911865234,4.451336364746094,-0.019723213068499484,-0.4930803267124871
S0,11,horizontal_error,-0.9237626791000366,-9.237626791000366,9.237626791000366,17.51544182691982,2,11,111.28340911865234,4.451336364746094,-0.08300991912595924,-2.075247978148981
S0,11,landing_bonus,0.0,0.0,0.0,0.0,,11,111.28340911865234,4.451336364746094,0.0,0.0
S0,11,lin_vel,-0.003822753205895424,-0.03822753205895424,0.03822753205895424,0.07248313112385608,13,11,111.28340911865234,4.451336364746094,-0.0003435151058159565,-0.008587877645398912
S0,11,near_pad_horizontal_rel_vel,-0.026478424668312073,-0.2647842466831207,0.2647842466831207,0.5020567700333288,12,11,111.28340911865234,4.451336364746094,-0.0023793685759644825,-0.059484214399112056
S0,11,off_center_contact,0.0,0.0,0.0,0.0,,11,111.28340911865234,4.451336364746094,0.0,0.0
S0,11,post_align_descent,0.03560660034418106,0.3560660034418106,0.3560660034418106,0.6751358883544464,,11,111.28340911865234,4.451336364746094,0.0031996324183613633,0.07999081045903408
S0,11,predicted_pad_error,-0.11062493920326233,-1.1062493920326233,1.1062493920326233,2.0975567979310523,7,11,111.28340911865234,4.451336364746094,-0.009940829462306646,-0.24852073655766613
S0,11,progress_to_pad,-0.3918526768684387,-3.918526768684387,3.918526768684387,7.429909133262012,3,11,111.28340911865234,4.451336364746094,-0.035212138087056484,-0.880303452176412
S0,11,rel_vel,-0.17936860024929047,-1.7936860024929047,1.7936860024929047,3.4010036931815235,5,11,111.28340911865234,4.451336364746094,-0.01611817984997606,-0.40295449624940155
S0,11,tilt,-0.000604745582677424,-0.0060474558267742395,0.0060474558267742395,0.011466566373727761,15,11,111.28340911865234,4.451336364746094,-5.434283398279374e-05,-0.0013585708495698434
S0,12,align_bonus,0.024833332747220993,0.24833332747220993,0.24833332747220993,0.3677174594315191,,12,112.02127075195312,4.480850830078125,0.0022168408357203014,0.055421020893007544
S0,12,align_hold,0.060666631907224655,0.6066663190722466,0.6066663190722466,0.8983159845787598,,12,112.02127075195312,4.480850830078125,0.00541563503966651,0.13539087599166277
S0,12,ang_vel,-0.0008533934014849365,-0.008533934014849365,0.008533934014849365,0.012636550103198706,14,12,112.02127075195312,4.480850830078125,-7.618137124819729e-05,-0.0019045342812049322
S0,12,center_precision,-0.38111361861228943,-3.8111361861228943,3.8111361861228943,5.6433074455762195,5,12,112.02127075195312,4.480850830078125,-0.034021540378361095,-0.8505385094590275
S0,12,center_precision_square,-0.5061959028244019,-5.0619590282440186,5.0619590282440186,7.495452714942705,3,12,112.02127075195312,4.480850830078125,-0.045187480862028714,-1.129687021550718
S0,12,contact_clearance,-0.3243831396102905,-3.2438313961029053,3.2438313961029053,4.803275709872818,7,12,112.02127075195312,4.480850830078125,-0.028957280830045826,-0.7239320207511457
S0,12,crash_penalty,-3.0,-30.0,30.0,44.42224446970402,1,12,112.02127075195312,4.480850830078125,-0.2678062817768646,-6.695157044421616
S0,12,descent_horizontal_rel_vel,-0.09370197355747223,-0.9370197355747223,0.9370197355747223,1.3874839922212576,10,12,112.02127075195312,4.480850830078125,-0.008364659044526908,-0.20911647611317272
S0,12,descent_vel,-0.022184327244758606,-0.22184327244758606,0.22184327244758606,0.3284925360875274,12,12,112.02127075195312,4.480850830078125,-0.0019803673977133326,-0.049509184942833316
S0,12,height_tracking,-0.26147890090942383,-2.6147890090942383,2.6147890090942383,3.871826553289312,8,12,112.02127075195312,4.480850830078125,-0.023341897405218005,-0.5835474351304502
S0,12,horizontal_error,-0.8713757395744324,-8.713757395744324,8.713757395744324,12.902822042781525,2,12,112.02127075195312,4.480850830078125,-0.07778663228199807,-1.944665807049952
S0,12,landing_bonus,0.0,0.0,0.0,0.0,,12,112.02127075195312,4.480850830078125,0.0,0.0
S0,12,lin_vel,-0.0052834972739219666,-0.052834972739219666,0.052834972739219666,0.0782349358523921,13,12,112.02127075195312,4.480850830078125,-0.0004716512532357474,-0.011791281330893686
S0,12,near_pad_horizontal_rel_vel,-0.053348224610090256,-0.5334822461009026,0.5334822461009026,0.7899492918847032,11,12,112.02127075195312,4.480850830078125,-0.004762329890741764,-0.11905824726854412
S0,12,off_center_contact,0.0,0.0,0.0,0.0,,12,112.02127075195312,4.480850830078125,0.0,0.0
S0,12,post_align_descent,0.09772321581840515,0.9772321581840515,0.9772321581840515,1.4470281944836134,,12,112.02127075195312,4.480850830078125,0.008723630357201721,0.21809075893004304
S0,12,predicted_pad_error,-0.4846770763397217,-4.846770763397217,4.846770763397217,7.176814524674837,4,12,112.02127075195312,4.480850830078125,-0.04326652189234081,-1.0816630473085203
S0,12,progress_to_pad,-0.37288928031921387,-3.7288928031921387,3.7288928031921387,5.521526256824036,6,12,112.02127075195312,4.480850830078125,-0.03328736389224655,-0.8321840973061637
S0,12,rel_vel,-0.19190697371959686,-1.9190697371959686,1.9190697371959686,2.8416461673376654,9,12,112.02127075195312,4.480850830078125,-0.017131297692965237,-0.42828244232413093
S0,12,tilt,-0.0007580776582472026,-0.007580776582472026,0.007580776582472026,0.011225170353892656,15,12,112.02127075195312,4.480850830078125,-6.7672652984432e-05,-0.0016918163246108003
S0,13,align_bonus,0.0625000149011612,0.6250001490116119,0.6250001490116119,1.2467019147395346,,13,112.34976959228516,4.493990783691406,0.005562985587595984,0.1390746396898996
S0,13,align_hold,0.05949997901916504,0.5949997901916504,0.5949997901916504,1.1868595213531223,,13,112.34976959228516,4.493990783691406,0.005295959149279002,0.13239897873197506
S0,13,ang_vel,-0.0006319265230558813,-0.006319265230558813,0.006319265230558813,0.012605181094986056,14,13,112.34976959228516,4.493990783691406,-5.624635683269567e-05,-0.0014061589208173918
S0,13,center_precision,-0.18037474155426025,-1.8037474155426025,1.8037474155426025,3.5979757128372625,7,13,112.34976959228516,4.493990783691406,-0.016054749574372626,-0.4013687393593156
S0,13,center_precision_square,-0.09846867620944977,-0.9846867620944977,0.9846867620944977,1.9641769264587408,9,13,112.34976959228516,4.493990783691406,-0.008764475135711486,-0.21911187839278717
S0,13,contact_clearance,-0.31459689140319824,-3.1459689140319824,3.1459689140319824,6.275335253979049,3,13,112.34976959228516,4.493990783691406,-0.028001560888363496,-0.7000390222090874
S0,13,crash_penalty,-2.375,-23.75,23.75,47.37466146510285,1,13,112.34976959228516,4.493990783691406,-0.2113934019285329,-5.284835048213322
S0,13,descent_horizontal_rel_vel,-0.07261591404676437,-0.7261591404676437,0.7261591404676437,1.4484860399766184,10,13,112.34976959228516,4.493990783691406,-0.006463378991366509,-0.16158447478416274
S0,13,descent_vel,-0.02266678586602211,-0.2266678586602211,0.2266678586602211,0.452139497644116,12,13,112.34976959228516,4.493990783691406,-0.002017519568422737,-0.050437989210568426
S0,13,height_tracking,-0.2692524790763855,-2.692524790763855,2.692524790763855,5.370840018898295,4,13,112.34976959228516,4.493990783691406,-0.02396555685458874,-0.5991389213647185
S0,13,horizontal_error,-0.6748230457305908,-6.748230457305908,6.748230457305908,13.460847722246887,2,13,112.34976959228516,4.493990783691406,-0.06006447972074254,-1.5016119930185634
S0,13,landing_bonus,0.0,0.0,0.0,0.0,,13,112.34976959228516,4.493990783691406,0.0,0.0
S0,13,lin_vel,-0.0025610667653381824,-0.025610667653381824,0.025610667653381824,0.05108617726207258,13,13,112.34976959228516,4.493990783691406,-0.00022795478572250192,-0.005698869643062548
S0,13,near_pad_horizontal_rel_vel,-0.06870661675930023,-0.6870661675930023,0.6870661675930023,1.3705064039513306,11,13,112.34976959228516,4.493990783691406,-0.006115421242841443,-0.15288553107103608
S0,13,off_center_contact,0.0,0.0,0.0,0.0,,13,112.34976959228516,4.493990783691406,0.0,0.0
S0,13,post_align_descent,0.2254181206226349,2.254181206226349,2.254181206226349,4.496466169514545,,13,112.34976959228516,4.493990783691406,0.020063959315686386,0.5015989828921597
S0,13,predicted_pad_error,-0.19117245078086853,-1.9117245078086853,1.9117245078086853,3.8133600577674454,6,13,112.34976959228516,4.493990783691406,-0.017015829358140132,-0.42539573395350333
S0,13,progress_to_pad,-0.2454463243484497,-2.454463243484497,2.454463243484497,4.895973273204898,5,13,112.34976959228516,4.493990783691406,-0.02184662462942016,-0.546165615735504
S0,13,rel_vel,-0.14896517992019653,-1.4896517992019653,1.4896517992019653,2.9714420921294513,8,13,112.34976959228516,4.493990783691406,-0.013259055221990031,-0.3314763805497508
S0,13,tilt,-0.0005282224155962467,-0.005282224155962467,0.005282224155962467,0.010536571838800442,15,13,112.34976959228516,4.493990783691406,-4.701588775065176e-05,-0.001175397193766294
S0,14,align_bonus,0.10099996626377106,1.0099996626377106,1.0099996626377106,1.282868893618901,,14,115.59837341308594,4.623934936523438,0.008737144241887549,0.21842860604718872
S0,14,align_hold,0.16008323431015015,1.6008323431015015,1.6008323431015015,2.033325448347826,,14,115.59837341308594,4.623934936523438,0.013848225505569998,0.34620563763924994
S0,14,ang_vel,-0.0029671890661120415,-0.029671890661120415,0.029671890661120415,0.03768827550357966,15,14,115.59837341308594,4.623934936523438,-0.00025668086656452474,-0.006417021664113118
S0,14,center_precision,-0.4330705404281616,-4.330705404281616,4.330705404281616,5.5007218874418635,5,14,115.59837341308594,4.623934936523438,-0.03746337665847617,-0.9365844164619043
S0,14,center_precision_square,-0.316250205039978,-3.1625020503997803,3.1625020503997803,4.016907783779286,7,14,115.59837341308594,4.623934936523438,-0.027357669117875145,-0.6839417279468786
S0,14,contact_clearance,-1.0457453727722168,-10.457453727722168,10.457453727722168,13.28271938103209,2,14,115.59837341308594,4.623934936523438,-0.09046367538713453,-2.261591884678363
S0,14,crash_penalty,-2.375,-23.75,23.75,30.166481584635832,1,14,115.59837341308594,4.623934936523438,-0.20545271787804809,-5.136317946951202
S0,14,descent_horizontal_rel_vel,-0.20133952796459198,-2.01339527964592,2.01339527964592,2.5573495421486885,9,14,115.59837341308594,4.623934936523438,-0.017417159257519448,-0.4354289814379862
S0,14,descent_vel,-0.023646540939807892,-0.23646540939807892,0.23646540939807892,0.30035071233728505,12,14,115.59837341308594,4.623934936523438,-0.00204557730715708,-0.051139432678926997
S0,14,height_tracking,-0.4101410508155823,-4.101410508155823,4.101410508155823,5.209478929065875,6,14,115.59837341308594,4.623934936523438,-0.03547982888565053,-0.8869957221412632
S0,14,horizontal_error,-0.9758492708206177,-9.758492708206177,9.758492708206177,12.394921708459144,3,14,115.59837341308594,4.623934936523438,-0.08441721470711887,-2.1104303676779717
S0,14,landing_bonus,0.0,0.0,0.0,0.0,,14,115.59837341308594,4.623934936523438,0.0,0.0
S0,14,lin_vel,-0.003403149312362075,-0.03403149312362075,0.03403149312362075,0.04322570149942595,14,14,115.59837341308594,4.623934936523438,-0.0002943942212924626,-0.007359855532311565
S0,14,near_pad_horizontal_rel_vel,-0.12042663991451263,-1.2042663991451263,1.2042663991451263,1.5296202169603015,11,14,115.59837341308594,4.623934936523438,-0.010417675989624273,-0.26044189974060683
S0,14,off_center_contact,-0.010259421542286873,-0.10259421542286873,0.10259421542286873,0.13031185306291077,13,14,115.59837341308594,4.623934936523438,-0.0008875057009344985,-0.02218764252336246
S0,14,post_align_descent,0.36703118681907654,3.6703118681907654,3.6703118681907654,4.661911384490402,,14,115.59837341308594,4.623934936523438,0.031750549422309426,0.7937637355577357
S0,14,predicted_pad_error,-0.8474539518356323,-8.474539518356323,8.474539518356323,10.764085908158512,4,14,115.59837341308594,4.623934936523438,-0.07331019691836763,-1.8327549229591906
S0,14,progress_to_pad,-0.29062697291374207,-2.9062697291374207,2.9062697291374207,3.6914497795372028,8,14,115.59837341308594,4.623934936523438,-0.025141095357388704,-0.6285273839347175
S0,14,rel_vel,-0.1878076195716858,-1.878076195716858,1.878076195716858,2.385471619900443,10,14,115.59837341308594,4.623934936523438,-0.016246562475456566,-0.40616406188641413
S0,14,tilt,-0.0008746396633796394,-0.008746396633796394,0.008746396633796394,0.011109390020435357,16,14,115.59837341308594,4.623934936523438,-7.566193516012126e-05,-0.0018915483790030315
S0,15,align_bonus,0.10733331739902496,1.0733331739902496,1.0733331739902496,1.114184477350419,,15,116.17069244384766,4.646827697753906,0.009239276717826716,0.2309819179456679
S0,15,align_hold,0.14616659283638,1.4616659283638,1.4616659283638,1.5172972641854912,,15,116.17069244384766,4.646827697753906,0.012582054024256693,0.3145513506064173
S0,15,ang_vel,-0.00041635692468844354,-0.004163569246884435,0.004163569246884435,0.004322035634104377,15,15,116.17069244384766,4.646827697753906,-3.5840100108699456e-05,-0.0008960025027174864
S0,15,center_precision,-0.9554789066314697,-9.554789066314697,9.554789066314697,9.918446499206077,5,15,116.17069244384766,4.646827697753906,-0.08224784466127812,-2.056196116531953
S0,15,center_precision_square,-1.3817050457000732,-13.817050457000732,13.817050457000732,14.34293052242656,3,15,116.17069244384766,4.646827697753906,-0.11893748902012743,-2.973437225503186
S0,15,contact_clearance,-1.0023800134658813,-10.023800134658813,10.023800134658813,10.405308234888624,4,15,116.17069244384766,4.646827697753906,-0.08628510275518865,-2.1571275688797162
S0,15,crash_penalty,-3.0,-30.0,30.0,31.141806785165304,1,15,116.17069244384766,4.646827697753906,-0.25824069194130717,-6.456017298532679
S0,15,descent_horizontal_rel_vel,-0.18658769130706787,-1.8658769130706787,1.8658769130706787,1.9368926103915918,9,15,116.17069244384766,4.646827697753906,-0.01606151150362274,-0.4015377875905686
S0,15,descent_vel,-0.029796745628118515,-0.29796745628118515,0.29796745628118515,0.3093081650591953,12,15,116.17069244384766,4.646827697753906,-0.0025649107362014814,-0.06412276840503703
S0,15,height_tracking,-0.2837650179862976,-2.837650179862976,2.837650179862976,2.9456517875060793,7,15,116.17069244384766,4.646827697753906,-0.024426558197839652,-0.6106639549459913
S0,15,horizontal_error,-0.38775452971458435,-3.8775452971458435,3.8775452971458435,4.0251255481480746,6,15,116.17069244384766,4.646827697753906,-0.03337799935229013,-0.8344499838072533
S0,15,landing_bonus,0.0,0.0,0.0,0.0,,15,116.17069244384766,4.646827697753906,0.0,0.0
S0,15,lin_vel,-0.002327287569642067,-0.02327287569642067,0.02327287569642067,0.0241586466091034,13,15,116.17069244384766,4.646827697753906,-0.00020033345077692346,-0.005008336269423087
S0,15,near_pad_horizontal_rel_vel,-0.07703474164009094,-0.7703474164009094,0.7703474164009094,0.7996670133002801,11,15,116.17069244384766,4.646827697753906,-0.00663116832821897,-0.16577920820547426
S0,15,off_center_contact,0.0,0.0,0.0,0.0,,15,116.17069244384766,4.646827697753906,0.0,0.0
S0,15,post_align_descent,0.3291308879852295,3.291308879852295,3.291308879852295,3.416576840221967,,15,116.17069244384766,4.646827697753906,0.02833166275085417,0.7082915687713544
S0,15,predicted_pad_error,-1.4087255001068115,-14.087255001068115,14.087255001068115,14.623419112553897,2,15,116.17069244384766,4.646827697753906,-0.12126341596764899,-3.0315853991912247
S0,15,progress_to_pad,-0.22249150276184082,-2.224915027618408,2.224915027618408,2.30959579678344,8,15,116.17069244384766,4.646827697753906,-0.019152119874759673,-0.47880299686899186
S0,15,rel_vel,-0.11182434856891632,-1.1182434856891632,1.1182434856891632,1.160804085670056,10,15,116.17069244384766,4.646827697753906,-0.00962586571677429,-0.24064664291935725
S0,15,tilt,-0.00043394157546572387,-0.004339415754657239,0.004339415754657239,0.004504574899734601,14,15,116.17069244384766,4.646827697753906,-3.7353790903456496e-05,-0.0009338447725864124
S0,16,align_bonus,0.030833330005407333,0.30833330005407333,0.30833330005407333,0.5052187354809873,,16,119.1179428100586,4.764717712402343,0.002588470660089648,0.06471176650224121
S0,16,align_hold,0.025416655465960503,0.254166554659605,0.254166554659605,0.41646395418258525,,16,119.1179428100586,4.764717712402343,0.0021337386179082216,0.053343465447705546
S0,16,ang_vel,-0.0007129363948479295,-0.007129363948479295,0.007129363948479295,0.011681800954365858,15,16,119.1179428100586,4.764717712402343,-5.9851301829880784e-05,-0.0014962825457470197
S0,16,center_precision,-0.15150615572929382,-1.5150615572929382,1.5150615572929382,2.482500216542153,8,16,119.1179428100586,4.764717712402343,-0.012719003716415786,-0.31797509291039466
S0,16,center_precision_square,-0.19570469856262207,-1.9570469856262207,1.9570469856262207,3.2067143029363336,7,16,119.1179428100586,4.764717712402343,-0.016429489457745767,-0.4107372364436442
S0,16,contact_clearance,-0.1486353576183319,-1.486353576183319,1.486353576183319,2.435460827958856,9,16,119.1179428100586,4.764717712402343,-0.01247799904128136,-0.31194997603203406
S0,16,crash_penalty,-2.875,-28.75,28.75,47.1082385280185,1,16,119.1179428100586,4.764717712402343,-0.24135742543710453,-6.033935635927614
S0,16,descent_horizontal_rel_vel,-0.026233144104480743,-0.26233144104480743,0.26233144104480743,0.4298425077613082,10,16,119.1179428100586,4.764717712402343,-0.0022022831729314888,-0.05505707932328722
S0,16,descent_vel,-0.007879736833274364,-0.07879736833274364,0.07879736833274364,0.12911322514083545,12,16,119.1179428100586,4.764717712402343,-0.0006615071287655735,-0.01653767821913934
S0,16,height_tracking,-0.40442606806755066,-4.044260680675507,4.044260680675507,6.626712932686894,4,16,119.1179428100586,4.764717712402343,-0.03395173376293399,-0.8487933440733498
S0,16,horizontal_error,-1.3110485076904297,-13.110485076904297,13.110485076904297,21.4821515902899,2,16,119.1179428100586,4.764717712402343,-0.1100630582397635,-2.751576455994088
S0,16,landing_bonus,0.0,0.0,0.0,0.0,,16,119.1179428100586,4.764717712402343,0.0,0.0
S0,16,lin_vel,-0.005929861217737198,-0.05929861217737198,0.05929861217737198,0.09716358841155136,13,16,119.1179428100586,4.764717712402343,-0.00049781427363909,-0.01244535684097725
S0,16,near_pad_horizontal_rel_vel,-0.01771128550171852,-0.1771128550171852,0.1771128550171852,0.29020781288792763,11,16,119.1179428100586,4.764717712402343,-0.0014868696590874082,-0.03717174147718521
S0,16,off_center_contact,0.0,0.0,0.0,0.0,,16,119.1179428100586,4.764717712402343,0.0,0.0
S0,16,post_align_descent,0.06113433837890625,0.6113433837890625,0.6113433837890625,1.0017151285586474,,16,119.1179428100586,4.764717712402343,0.005132252701542116,0.1283063175385529
S0,16,predicted_pad_error,-0.19901642203330994,-1.9901642203330994,1.9901642203330994,3.260978462656682,5,16,119.1179428100586,4.764717712402343,-0.016707509997100498,-0.4176877499275125
S0,16,progress_to_pad,-0.44271719455718994,-4.427171945571899,4.427171945571899,7.254131200575748,3,16,119.1179428100586,4.764717712402343,-0.03716628948697777,-0.9291572371744442
S0,16,rel_vel,-0.19828520715236664,-1.9828520715236664,1.9828520715236664,3.248997160038695,6,16,119.1179428100586,4.764717712402343,-0.016646124208889796,-0.4161531052222449
S0,16,tilt,-0.0007755664992146194,-0.007755664992146194,0.007755664992146194,0.012708024918032195,14,16,119.1179428100586,4.764717712402343,-6.510912469763781e-05,-0.0016277281174409454
S0,17,align_bonus,0.0,0.0,0.0,0.0,,17,124.84944915771484,4.993977966308594,0.0,0.0
S0,17,align_hold,0.0,0.0,0.0,0.0,,17,124.84944915771484,4.993977966308594,0.0,0.0
S0,17,ang_vel,-0.0011416354682296515,-0.011416354682296515,0.011416354682296515,0.02356348671178071,8,17,124.84944915771484,4.993977966308594,-9.144096957828717e-05,-0.002286024239457179
S0,17,center_precision,0.0,0.0,0.0,0.0,,17,124.84944915771484,4.993977966308594,0.0,0.0
S0,17,center_precision_square,0.0,0.0,0.0,0.0,,17,124.84944915771484,4.993977966308594,0.0,0.0
S0,17,contact_clearance,0.0,0.0,0.0,0.0,,17,124.84944915771484,4.993977966308594,0.0,0.0
S0,17,crash_penalty,-1.5,-15.0,15.0,30.96017165836776,2,17,124.84944915771484,4.993977966308594,-0.12014470308997036,-3.003617577249259
S0,17,descent_horizontal_rel_vel,0.0,0.0,0.0,0.0,,17,124.84944915771484,4.993977966308594,0.0,0.0
S0,17,descent_vel,-0.009611761197447777,-0.09611761197447777,0.09611761197447777,0.1983878510748144,6,17,124.84944915771484,4.993977966308594,-0.0007698681301593741,-0.01924670325398435
S0,17,height_tracking,-0.6301363110542297,-6.301363110542297,6.301363110542297,13.006085572273049,3,17,124.84944915771484,4.993977966308594,-0.05047169333187976,-1.2617923332969938
S0,17,horizontal_error,-1.8883074522018433,-18.883074522018433,18.883074522018433,38.974881909296094,1,17,124.84944915771484,4.993977966308594,-0.15124675879157923,-3.781168969789481
S0,17,landing_bonus,0.0,0.0,0.0,0.0,,17,124.84944915771484,4.993977966308594,0.0,0.0
S0,17,lin_vel,-0.0058684758841991425,-0.058684758841991425,0.058684758841991425,0.12112601383186464,7,17,124.84944915771484,4.993977966308594,-0.0004700441951318382,-0.011751104878295953
S0,17,near_pad_horizontal_rel_vel,0.0,0.0,0.0,0.0,,17,124.84944915771484,4.993977966308594,0.0,0.0
S0,17,off_center_contact,0.0,0.0,0.0,0.0,,17,124.84944915771484,4.993977966308594,0.0,0.0
S0,17,post_align_descent,0.0,0.0,0.0,0.0,,17,124.84944915771484,4.993977966308594,0.0,0.0
S0,17,predicted_pad_error,0.0,0.0,0.0,0.0,,17,124.84944915771484,4.993977966308594,0.0,0.0
S0,17,progress_to_pad,-0.5268800258636475,-5.268800258636475,5.268800258636475,10.874864029402513,4,17,124.84944915771484,4.993977966308594,-0.042201229514282554,-1.0550307378570638
S0,17,rel_vel,-0.2819828689098358,-2.819828689098358,2.819828689098358,5.820158684111687,5,17,124.84944915771484,4.993977966308594,-0.02258583204108684,-0.5646458010271709
S0,17,tilt,-0.0010058468906208873,-0.010058468906208873,0.010058468906208873,0.020760794930438753,9,17,124.84944915771484,4.993977966308594,-8.056478401841093e-05,-0.002014119600460273
S0,18,align_bonus,0.0,0.0,0.0,0.0,,18,131.18247985839844,5.2472991943359375,0.0,0.0
S0,18,align_hold,0.0,0.0,0.0,0.0,,18,131.18247985839844,5.2472991943359375,0.0,0.0
S0,18,ang_vel,-0.001057508634403348,-0.01057508634403348,0.01057508634403348,0.017191262486690326,8,18,131.18247985839844,5.2472991943359375,-8.061355720252038e-05,-0.0020153389300630094
S0,18,center_precision,0.0,0.0,0.0,0.0,,18,131.18247985839844,5.2472991943359375,0.0,0.0
S0,18,center_precision_square,0.0,0.0,0.0,0.0,,18,131.18247985839844,5.2472991943359375,0.0,0.0
S0,18,contact_clearance,0.0,0.0,0.0,0.0,,18,131.18247985839844,5.2472991943359375,0.0,0.0
S0,18,crash_penalty,-2.625,-26.25,26.25,42.67299817653313,1,18,131.18247985839844,5.2472991943359375,-0.20010294079159724,-5.002573519789931
S0,18,descent_horizontal_rel_vel,0.0,0.0,0.0,0.0,,18,131.18247985839844,5.2472991943359375,0.0,0.0
S0,18,descent_vel,-0.002371958689764142,-0.02371958689764142,0.02371958689764142,0.03855946241642558,7,18,131.18247985839844,5.2472991943359375,-0.00018081367971732902,-0.004520341992933226
S0,18,height_tracking,-0.5879939794540405,-5.879939794540405,5.879939794540405,9.558653719258945,4,18,131.18247985839844,5.2472991943359375,-0.04482259979295524,-1.1205649948238812
S0,18,horizontal_error,-1.9660695791244507,-19.660695791244507,19.660695791244507,31.96117469139617,2,18,131.18247985839844,5.2472991943359375,-0.1498728779366478,-3.7468219484161946
S0,18,landing_bonus,0.0,0.0,0.0,0.0,,18,131.18247985839844,5.2472991943359375,0.0,0.0
S0,18,lin_vel,-0.007838564924895763,-0.07838564924895763,0.07838564924895763,0.12742669209398608,6,18,131.18247985839844,5.2472991943359375,-0.0005975313878314316,-0.014938284695785788
S0,18,near_pad_horizontal_rel_vel,0.0,0.0,0.0,0.0,,18,131.18247985839844,5.2472991943359375,0.0,0.0
S0,18,off_center_contact,0.0,0.0,0.0,0.0,,18,131.18247985839844,5.2472991943359375,0.0,0.0
S0,18,post_align_descent,0.0,0.0,0.0,0.0,,18,131.18247985839844,5.2472991943359375,0.0,0.0
S0,18,predicted_pad_error,0.0,0.0,0.0,0.0,,18,131.18247985839844,5.2472991943359375,0.0,0.0
S0,18,progress_to_pad,-0.6597604751586914,-6.597604751586914,6.597604751586914,10.725317163198275,3,18,131.18247985839844,5.2472991943359375,-0.050293337637072645,-1.257333440926816
S0,18,rel_vel,-0.3003179430961609,-3.003179430961609,3.003179430961609,4.8820826811895826,5,18,131.18247985839844,5.2472991943359375,-0.022893144223247754,-0.5723286055811938
S0,18,tilt,-0.0010209007887169719,-0.010209007887169719,0.010209007887169719,0.01659615142679641,9,18,131.18247985839844,5.2472991943359375,-7.782295241094368e-05,-0.0019455738102735918
S0,19,align_bonus,0.0,0.0,0.0,0.0,,19,141.77951049804688,5.671180419921875,0.0,0.0
S0,19,align_hold,0.0,0.0,0.0,0.0,,19,141.77951049804688,5.671180419921875,0.0,0.0
S0,19,ang_vel,-0.0012414667289704084,-0.012414667289704084,0.012414667289704084,0.020946290827851714,7,19,141.77951049804688,5.671180419921875,-8.756319757413118e-05,-0.0021890799393532796
S0,19,center_precision,0.0,0.0,0.0,0.0,,19,141.77951049804688,5.671180419921875,0.0,0.0
S0,19,center_precision_square,0.0,0.0,0.0,0.0,,19,141.77951049804688,5.671180419921875,0.0,0.0
S0,19,contact_clearance,0.0,0.0,0.0,0.0,,19,141.77951049804688,5.671180419921875,0.0,0.0
S0,19,crash_penalty,-1.375,-13.75,13.75,23.19929259174098,2,19,141.77951049804688,5.671180419921875,-0.0969815733719113,-2.4245393342977826
S0,19,descent_horizontal_rel_vel,0.0,0.0,0.0,0.0,,19,141.77951049804688,5.671180419921875,0.0,0.0
S0,19,descent_vel,-0.00031507882522419095,-0.0031507882522419095,0.0031507882522419095,0.005316076986064018,9,19,141.77951049804688,5.671180419921875,-2.2223156513756718e-05,-0.000555578912843918
S0,19,height_tracking,-0.7895666360855103,-7.8956663608551025,7.8956663608551025,13.32173629907231,4,19,141.77951049804688,5.671180419921875,-0.055689756108756434,-1.3922439027189109
S0,19,horizontal_error,-2.6020426750183105,-26.020426750183105,26.020426750183105,43.90221771196086,1,19,141.77951049804688,5.671180419921875,-0.18352741280300552,-4.588185320075138
S0,19,landing_bonus,0.0,0.0,0.0,0.0,,19,141.77951049804688,5.671180419921875,0.0,0.0
S0,19,lin_vel,-0.007713071070611477,-0.07713071070611477,0.07713071070611477,0.13013657639855164,6,19,141.77951049804688,5.671180419921875,-0.0005440187403325625,-0.01360046850831406
S0,19,near_pad_horizontal_rel_vel,0.0,0.0,0.0,0.0,,19,141.77951049804688,5.671180419921875,0.0,0.0
S0,19,off_center_contact,0.0,0.0,0.0,0.0,,19,141.77951049804688,5.671180419921875,0.0,0.0
S0,19,post_align_descent,0.0,0.0,0.0,0.0,,19,141.77951049804688,5.671180419921875,0.0,0.0
S0,19,predicted_pad_error,0.0,0.0,0.0,0.0,,19,141.77951049804688,5.671180419921875,0.0,0.0
S0,19,progress_to_pad,-0.8151601552963257,-8.151601552963257,8.151601552963257,13.753555601344347,3,19,141.77951049804688,5.671180419921875,-0.05749491957143943,-1.4373729892859857
S0,19,rel_vel,-0.3346906304359436,-3.346906304359436,3.346906304359436,5.6469715368710585,5,19,141.77951049804688,5.671180419921875,-0.023606417405465242,-0.5901604351366311
S0,19,tilt,-0.001175146084278822,-0.01175146084278822,0.01175146084278822,0.019827314797980434,8,19,141.77951049804688,5.671180419921875,-8.288546632378241e-05,-0.0020721366580945606
S0,20,align_bonus,0.004500000271946192,0.04500000271946192,0.04500000271946192,0.0593098214009324,,20,144.71554565429688,5.788621826171875,0.00031095486332173317,0.007773871583043329
S0,20,align_hold,0.011083326302468777,0.11083326302468777,0.11083326302468777,0.14607779195608453,,20,144.71554565429688,5.788621826171875,0.0007658697793908842,0.019146744484772105
S0,20,ang_vel,-0.001227363245561719,-0.01227363245561719,0.01227363245561719,0.016176597886482243,12,20,144.71554565429688,5.788621826171875,-8.481212160120659e-05,-0.0021203030400301645
S0,20,center_precision,-0.0054681869223713875,-0.054681869223713875,0.054681869223713875,0.07207048225632622,11,20,144.71554565429688,5.788621826171875,-0.00037785760317927714,-0.009446440079481928
S0,20,center_precision_square,-0.026082754135131836,-0.26082754135131836,0.26082754135131836,0.3437696435360566,9,20,144.71554565429688,5.788621826171875,-0.0018023463904451229,-0.04505865976112807
S0,20,contact_clearance,-0.11439772695302963,-1.1439772695302963,1.1439772695302963,1.5077574098284294,7,20,144.71554565429688,5.788621826171875,-0.007905006088724438,-0.19762515221811097
S0,20,crash_penalty,-1.625,-16.25,16.25,21.417434211583437,2,20,144.71554565429688,5.788621826171875,-0.11228924941359614,-2.8072312353399034
S0,20,descent_horizontal_rel_vel,-0.02874939516186714,-0.2874939516186714,0.2874939516186714,0.3789158643089875,8,20,144.71554565429688,5.788621826171875,-0.0019866141561974975,-0.04966535390493744
S0,20,descent_vel,-0.000985544640570879,-0.00985544640570879,0.00985544640570879,0.012989438462772583,14,20,144.71554565429688,5.788621826171875,-6.8102195663567e-05,-0.001702554891589175
S0,20,height_tracking,-0.8178803324699402,-8.178803324699402,8.178803324699402,10.779629669921805,4,20,144.71554565429688,5.788621826171875,-0.05651641147273356,-1.4129102868183392
S0,20,horizontal_error,-3.209225654602051,-32.09225654602051,32.09225654602051,42.2974642015786,1,20,144.71554565429688,5.788621826171875,-0.22176094766407448,-5.544023691601861
S0,20,landing_bonus,0.0,0.0,0.0,0.0,,20,144.71554565429688,5.788621826171875,0.0,0.0
S0,20,lin_vel,-0.00592435896396637,-0.059243589639663696,0.059243589639663696,0.07808281129634113,10,20,144.71554565429688,5.788621826171875,-0.00040937958235107304,-0.010234489558776826
S0,20,near_pad_horizontal_rel_vel,-0.00010669707990018651,-0.001066970799001865,0.001066970799001865,0.0014062631934340347,15,20,144.71554565429688,5.788621826171875,-7.372883087147346e-06,-0.00018432207717868367
S0,20,off_center_contact,0.0,0.0,0.0,0.0,,20,144.71554565429688,5.788621826171875,0.0,0.0
S0,20,post_align_descent,0.008660146035254002,0.08660146035254002,0.08660146035254002,0.11414037413708168,,20,144.71554565429688,5.788621826171875,0.0005984254142220322,0.014960635355550804
S0,20,predicted_pad_error,-0.2516425848007202,-2.516425848007202,2.516425848007202,3.3166390798782963,6,20,144.71554565429688,5.788621826171875,-0.017388773518627748,-0.4347193379656937
S0,20,progress_to_pad,-1.1275862455368042,-11.275862455368042,11.275862455368042,14.861541065643614,3,20,144.71554565429688,5.788621826171875,-0.07791742348333702,-1.9479355870834256
S0,20,rel_vel,-0.3476165235042572,-3.476165235042572,3.476165235042572,4.581571706468786,5,20,144.71554565429688,5.788621826171875,-0.024020676004957994,-0.6005169001239499
S0,20,tilt,-0.0011398795759305358,-0.011398795759305358,0.011398795759305358,0.01502356666253531,13,20,144.71554565429688,5.788621826171875,-7.876690584807885e-05,-0.001969172646201971
S0,21,align_bonus,0.006750000175088644,0.06750000175088644,0.06750000175088644,0.07999246493337138,,21,148.8133087158203,5.952532348632813,0.0004535884749379981,0.011339711873449952
S0,21,align_hold,0.015708323568105698,0.15708323568105698,0.15708323568105698,0.18615518364297592,,21,148.8133087158203,5.952532348632813,0.00105557249574384,0.026389312393595998
S0,21,ang_vel,-0.0009237876511178911,-0.00923787651117891,0.00923787651117891,0.010947562869797848,15,21,148.8133087158203,5.952532348632813,-6.207695125454082e-05,-0.00155192378136352
S0,21,center_precision,-0.21332459151744843,-2.1332459151744843,2.1332459151744843,2.528053253889163,8,21,148.8133087158203,5.952532348632813,-0.014335047944187664,-0.3583761986046916
S0,21,center_precision_square,-0.9469026923179626,-9.469026923179626,9.469026923179626,11.22149310308201,3,21,148.8133087158203,5.952532348632813,-0.06363024251588982,-1.5907560628972452
S0,21,contact_clearance,-0.14297078549861908,-1.4297078549861908,1.4297078549861908,1.6943089257541621,9,21,148.8133087158203,5.952532348632813,-0.009607392425609033,-0.24018481064022582
S0,21,crash_penalty,-2.5,-25.0,25.0,29.62683809571934,1,21,148.8133087158203,5.952532348632813,-0.16799572710086685,-4.199893177521671
S0,21,descent_horizontal_rel_vel,-0.040122389793395996,-0.40122389793395996,0.40122389793395996,0.4754798185689141,10,21,148.8133087158203,5.952532348632813,-0.002696156018546384,-0.06740390046365959
S0,21,descent_vel,-0.002115229144692421,-0.02115229144692421,0.02115229144692421,0.0250670205620597,13,21,148.8133087158203,5.952532348632813,-0.0001421397832590192,-0.0035534945814754792
S0,21,height_tracking,-0.5959639549255371,-5.959639549255371,5.959639549255371,7.062611041385386,5,21,148.8133087158203,5.952532348632813,-0.04004775917344954,-1.0011939793362383
S0,21,horizontal_error,-2.3418312072753906,-23.418312072753906,23.418312072753906,27.75242161018038,2,21,148.8133087158203,5.952532348632813,-0.15736705456549202,-3.9341763641373007
S0,21,landing_bonus,0.0,0.0,0.0,0.0,,21,148.8133087158203,5.952532348632813,0.0,0.0
S0,21,lin_vel,-0.006924751214683056,-0.06924751214683056,0.06924751214683056,0.08206339323622029,12,21,148.8133087158203,5.952532348632813,-0.00046533144612131636,-0.011633286153032909
S0,21,near_pad_horizontal_rel_vel,-0.01212048064917326,-0.1212048064917326,0.1212048064917326,0.14363660713414214,11,21,148.8133087158203,5.952532348632813,-0.0008144755837879394,-0.020361889594698483
S0,21,off_center_contact,0.0,0.0,0.0,0.0,,21,148.8133087158203,5.952532348632813,0.0,0.0
S0,21,post_align_descent,0.023442436009645462,0.23442436009645462,0.23442436009645462,0.2778101024908108,,21,148.8133087158203,5.952532348632813,0.0015752916329823733,0.03938229082455933
S0,21,predicted_pad_error,-0.34773480892181396,-3.4773480892181396,3.4773480892181396,4.120913153668993,6,21,148.8133087158203,5.952532348632813,-0.023367184825240455,-0.5841796206310114
S0,21,progress_to_pad,-0.9305161833763123,-9.305161833763123,9.305161833763123,11.027300924134675,4,21,148.8133087158203,5.952532348632813,-0.06252909712217085,-1.5632274280542713
S0,21,rel_vel,-0.3099684417247772,-3.099684417247772,3.099684417247772,3.673353935104956,7,21,148.8133087158203,5.952532348632813,-0.02082934949835065,-0.5207337374587662
S0,21,tilt,-0.000974944035988301,-0.00974944035988301,0.00974944035988301,0.011553803642645025,14,21,148.8133087158203,5.952532348632813,-6.551457288340334e-05,-0.0016378643220850832
S0,22,align_bonus,0.013583334162831306,0.13583334162831306,0.13583334162831306,0.19143168827974522,,22,153.4658203125,6.1386328125,0.000885104848439332,0.0221276212109833
S0,22,align_hold,0.023708319291472435,0.23708319291472435,0.23708319291472435,0.33412441554009537,,22,153.4658203125,6.1386328125,0.001544859907124307,0.03862149767810768
S0,22,ang_vel,-0.0007142734248191118,-0.007142734248191118,0.007142734248191118,0.010066347920721206,15,22,153.4658203125,6.1386328125,-4.654283431741662e-05,-0.0011635708579354157
S0,22,center_precision,-0.2607981562614441,-2.607981562614441,2.607981562614441,3.6754622064724853,8,22,153.4658203125,6.1386328125,-0.016993891912243715,-0.42484729780609287
S0,22,center_precision_square,-0.6651743650436401,-6.651743650436401,6.651743650436401,9.374388509792047,4,22,153.4658203125,6.1386328125,-0.04334348610584143,-1.0835871526460357
S0,22,contact_clearance,-0.15231603384017944,-1.5231603384017944,1.5231603384017944,2.1466095997172054,9,22,153.4658203125,6.1386328125,-0.00992507866116512,-0.248126966529128
S0,22,crash_penalty,-1.8125,-18.125,18.125,25.54379733633203,2,22,153.4658203125,6.1386328125,-0.11810447409783072,-2.952611852445768
S0,22,descent_horizontal_rel_vel,-0.06206537410616875,-0.6206537410616875,0.6206537410616875,0.8746953587705402,10,22,153.4658203125,6.1386328125,-0.004044247375720927,-0.10110618439302317
S0,22,descent_vel,-0.0036535661201924086,-0.036535661201924086,0.036535661201924086,0.051490180705701404,13,22,153.4658203125,6.1386328125,-0.00023807034770040067,-0.005951758692510017
S0,22,height_tracking,-0.6111815571784973,-6.111815571784973,6.111815571784973,8.613460872977303,5,22,153.4658203125,6.1386328125,-0.039825255938681206,-0.9956313984670301
S0,22,horizontal_error,-1.9970366954803467,-19.970366954803467,19.970366954803467,28.14449689521004,1,22,153.4658203125,6.1386328125,-0.13012908616484198,-3.253227154121049
S0,22,landing_bonus,0.0,0.0,0.0,0.0,,22,153.4658203125,6.1386328125,0.0,0.0
S0,22,lin_vel,-0.006259332410991192,-0.06259332410991192,0.06259332410991192,0.08821358265770679,12,22,153.4658203125,6.1386328125,-0.0004078649172985498,-0.010196622932463746
S0,22,near_pad_horizontal_rel_vel,-0.04021098464727402,-0.4021098464727402,0.4021098464727402,0.5666986165651454,11,22,153.4658203125,6.1386328125,-0.0026201915557088236,-0.06550478889272059
S0,22,off_center_contact,0.0,0.0,0.0,0.0,,22,153.4658203125,6.1386328125,0.0,0.0
S0,22,post_align_descent,0.053772252053022385,0.5377225205302238,0.5377225205302238,0.7578193151782442,,22,153.4658203125,6.1386328125,0.0035038585102224592,0.08759646275556147
S0,22,predicted_pad_error,-0.3397153317928314,-3.397153317928314,3.397153317928314,4.78765218613014,6,22,153.4658203125,6.1386328125,-0.022136221023096512,-0.5534055255774128
S0,22,progress_to_pad,-0.7755990028381348,-7.755990028381348,7.755990028381348,10.930617237384014,3,22,153.4658203125,6.1386328125,-0.05053887577434473,-1.2634718943586183
S0,22,rel_vel,-0.2766490578651428,-2.7664905786514282,2.7664905786514282,3.8988510164934627,7,22,153.4658203125,6.1386328125,-0.01802675392486788,-0.450668848121697
S0,22,tilt,-0.0007184091955423355,-0.007184091955423355,0.007184091955423355,0.010124633873374204,14,22,153.4658203125,6.1386328125,-4.681232564224726e-05,-0.0011703081410561816
S0,23,align_bonus,0.010222222656011581,0.10222222656011581,0.10222222656011581,0.15811353861902455,,23,155.7106475830078,6.228425903320312,0.0006564883528958554,0.016412208822396388
S0,23,align_hold,0.013166660442948341,0.1316666044294834,0.1316666044294834,0.20365700733444647,,23,155.7106475830078,6.228425903320312,0.0008455851059208603,0.02113962764802151
S0,23,ang_vel,-0.0008727757958695292,-0.008727757958695292,0.008727757958695292,0.013499771444012886,14,23,155.7106475830078,6.228425903320312,-5.605113133989511e-05,-0.0014012782834973779
S0,23,center_precision,-0.16157832741737366,-1.6157832741737366,1.6157832741737366,2.499233480996421,8,23,155.7106475830078,6.228425903320312,-0.010376832279965815,-0.2594208069991454
S0,23,center_precision_square,-0.43171414732933044,-4.317141473293304,4.317141473293304,6.677593885708648,5,23,155.7106475830078,6.228425903320312,-0.027725409535605962,-0.6931352383901491
S0,23,contact_clearance,-0.07928742468357086,-0.7928742468357086,0.7928742468357086,1.226388399722075,9,23,155.7106475830078,6.228425903320312,-0.005091971930904951,-0.12729929827262376
S0,23,crash_penalty,-2.5416667461395264,-25.416667461395264,25.416667461395264,39.31355603823459,1,23,155.7106475830078,6.228425903320312,-0.16323011853024302,-4.080752963256075
S0,23,descent_horizontal_rel_vel,-0.035185690969228745,-0.35185690969228745,0.35185690969228745,0.5442391831123415,10,23,155.7106475830078,6.228425903320312,-0.0022596843257280527,-0.05649210814320132
S0,23,descent_vel,-0.003321466501802206,-0.03321466501802206,0.03321466501802206,0.05137520866811224,13,23,155.7106475830078,6.228425903320312,-0.00021331017199909628,-0.005332754299977407
S0,23,height_tracking,-0.5045487284660339,-5.045487284660339,5.045487284660339,7.804172101121138,4,23,155.7106475830078,6.228425903320312,-0.032402968987529514,-0.8100742246882379
S0,23,horizontal_error,-1.5913093090057373,-15.913093090057373,15.913093090057373,24.61378061808546,2,23,155.7106475830078,6.228425903320312,-0.10219656354312097,-2.554914088578024
S0,23,landing_bonus,0.0,0.0,0.0,0.0,,23,155.7106475830078,6.228425903320312,0.0,0.0
S0,23,lin_vel,-0.0073345862329006195,-0.0733458623290062,0.0733458623290062,0.11344865227605781,12,23,155.7106475830078,6.228425903320312,-0.00047103947910759434,-0.011775986977689858
S0,23,near_pad_horizontal_rel_vel,-0.022281324490904808,-0.22281324490904808,0.22281324490904808,0.34463924128123624,11,23,155.7106475830078,6.228425903320312,-0.0014309441799108089,-0.03577360449777022
S0,23,off_center_contact,0.0,0.0,0.0,0.0,,23,155.7106475830078,6.228425903320312,0.0,0.0
S0,23,post_align_descent,0.0353265255689621,0.35326525568962097,0.35326525568962097,0.5464175603276664,,23,155.7106475830078,6.228425903320312,0.002268728960884314,0.056718224022107855
S0,23,predicted_pad_error,-0.21279871463775635,-2.1279871463775635,2.1279871463775635,3.2914913827638657,7,23,155.7106475830078,6.228425903320312,-0.0136662918009069,-0.3416572950226725
S0,23,progress_to_pad,-0.5367542505264282,-5.367542505264282,5.367542505264282,8.302315139812176,3,23,155.7106475830078,6.228425903320312,-0.034471261847414114,-0.8617815461853529
S0,23,rel_vel,-0.276932030916214,-2.76932030916214,2.76932030916214,4.283481669161765,6,23,155.7106475830078,6.228425903320312,-0.017785041370955976,-0.44462603427389935
S0,23,tilt,-0.0008144184248521924,-0.008144184248521924,0.008144184248521924,0.012597121330964519,15,23,155.7106475830078,6.228425903320312,-5.2303322701039695e-05,-0.0013075830675259924
S0,24,align_bonus,0.012000001035630703,0.12000001035630703,0.12000001035630703,0.17766169341523802,,24,153.52676391601562,6.141070556640625,0.0007816227431325989,0.01954056857831497
S0,24,align_hold,0.02204165607690811,0.22041656076908112,0.22041656076908112,0.32632980052855054,,24,153.52676391601562,6.141070556640625,0.0014356881832646227,0.035892204581615565
S0,24,ang_vel,-0.0006772843189537525,-0.006772843189537525,0.006772843189537525,0.010027289053695121,15,24,153.52676391601562,6.141070556640625,-4.411506513120085e-05,-0.0011028766282800211
S0,24,center_precision,-0.3747428357601166,-3.7474283576011658,3.7474283576011658,5.548120087547269,6,24,153.52676391601562,6.141070556640625,-0.024408958164787064,-0.6102239541196766
S0,24,center_precision_square,-0.9879299402236938,-9.879299402236938,9.879299402236938,14.626440917347086,3,24,153.52676391601562,6.141070556640625,-0.06434903693821914,-1.6087259234554785
S0,24,contact_clearance,-0.10820481181144714,-1.0820481181144714,1.0820481181144714,1.6019873702526286,9,24,153.52676391601562,6.141070556640625,-0.0070479445440951825,-0.17619861360237957
S0,24,crash_penalty,-2.25,-22.5,22.5,33.31156464048387,1,24,153.52676391601562,6.141070556640625,-0.1465542516893554,-3.6638562922338846
S0,24,descent_horizontal_rel_vel,-0.07030545175075531,-0.7030545175075531,0.7030545175075531,1.0408820446994247,10,24,153.52676391601562,6.141070556640625,-0.004579361276006234,-0.11448403190015584
S0,24,descent_vel,-0.0035844421945512295,-0.035844421945512295,0.035844421945512295,0.053068167939498284,13,24,153.52676391601562,6.141070556640625,-0.00023347344157609168,-0.005836836039402292
S0,24,height_tracking,-0.3356373906135559,-3.356373906135559,3.356373906135559,4.969158503638579,7,24,153.52676391601562,6.141070556640625,-0.021861816275705583,-0.5465454068926395
S0,24,horizontal_error,-1.324437141418457,-13.24437141418457,13.24437141418457,19.608477088274938,2,24,153.52676391601562,6.141070556640625,-0.08626750852007598,-2.156687713001899
S0,24,landing_bonus,0.0,0.0,0.0,0.0,,24,153.52676391601562,6.141070556640625,0.0,0.0
S0,24,lin_vel,-0.007627803832292557,-0.07627803832292557,0.07627803832292557,0.1129307024108196,12,24,153.52676391601562,6.141070556640625,-0.0004968387034110369,-0.012420967585275921
S0,24,near_pad_horizontal_rel_vel,-0.05735132843255997,-0.5735132843255997,0.5735132843255997,0.849094437466152,11,24,153.52676391601562,6.141070556640625,-0.0037355915652552345,-0.09338978913138087
S0,24,off_center_contact,0.0,0.0,0.0,0.0,,24,153.52676391601562,6.141070556640625,0.0,0.0
S0,24,post_align_descent,0.06352779269218445,0.6352779269218445,0.6352779269218445,0.9405378545479828,,24,153.52676391601562,6.141070556640625,0.00413789694199093,0.10344742354977324
S0,24,predicted_pad_error,-0.3913401961326599,-3.913401961326599,3.913401961326599,5.793846328841217,5,24,153.52676391601562,6.141070556640625,-0.025490030933416688,-0.6372507733354171
S0,24,progress_to_pad,-0.4949035346508026,-4.949035346508026,4.949035346508026,7.327116037921849,4,24,153.52676391601562,6.141070556640625,-0.03223565207962904,-0.805891301990726
S0,24,rel_vel,-0.24930696189403534,-2.4930696189403534,2.4930696189403534,3.691024433980359,8,24,153.52676391601562,6.141070556640625,-0.016238664551700883,-0.4059666137925221
S0,24,tilt,-0.0007924681412987411,-0.007924681412987411,0.007924681412987411,0.011732601650843165,14,24,153.52676391601562,6.141070556640625,-5.161758908252949e-05,-0.0012904397270632373
S0,25,align_bonus,0.009277778677642345,0.09277778677642345,0.09277778677642345,0.13621475625954851,,25,156.40921020507812,6.256368408203125,0.0005931734240891349,0.014829335602228374
S0,25,align_hold,0.009861106984317303,0.09861106984317303,0.09861106984317303,0.144779082471005,,25,156.40921020507812,6.256368408203125,0.0006304684341406605,0.015761710853516513
S0,25,ang_vel,-0.0006819763220846653,-0.006819763220846653,0.006819763220846653,0.01001265946464164,14,25,156.40921020507812,6.256368408203125,-4.360205650233017e-05,-0.0010900514125582544
S0,25,center_precision,-0.14290693402290344,-1.4290693402290344,1.4290693402290344,2.098135109930845,8,25,156.40921020507812,6.256368408203125,-0.009136733945240758,-0.22841834863101895
S0,25,center_precision_square,-0.42959722876548767,-4.295972287654877,4.295972287654877,6.307272876328062,5,25,156.40921020507812,6.256368408203125,-0.027466236048517556,-0.686655901212939
S0,25,contact_clearance,-0.06206827983260155,-0.6206827983260155,0.6206827983260155,0.9112758455018183,9,25,156.40921020507812,6.256368408203125,-0.003968326401701016,-0.0992081600425254
S0,25,crash_penalty,-2.5416667461395264,-25.416667461395264,25.416667461395264,37.31631550477709,1,25,156.40921020507812,6.256368408203125,-0.16250109202693272,-4.062527300673318
S0,25,descent_horizontal_rel_vel,-0.032591186463832855,-0.32591186463832855,0.32591186463832855,0.47849821327152225,10,25,156.40921020507812,6.256368408203125,-0.002083712744351849,-0.05209281860879623
S0,25,descent_vel,-0.002199162496253848,-0.02199162496253848,0.02199162496253848,0.03228772681592804,13,25,156.40921020507812,6.256368408203125,-0.00014060313285709872,-0.003515078321427468
S0,25,height_tracking,-0.4527628421783447,-4.527628421783447,4.527628421783447,6.647386441683894,4,25,156.40921020507812,6.256368408203125,-0.02894732615711686,-0.7236831539279215
S0,25,horizontal_error,-1.8646912574768066,-18.646912574768066,18.646912574768066,27.37707741925354,2,25,156.40921020507812,6.256368408203125,-0.11921876307871453,-2.980469076967863
S0,25,landing_bonus,0.0,0.0,0.0,0.0,,25,156.40921020507812,6.256368408203125,0.0,0.0
S0,25,lin_vel,-0.008158819749951363,-0.08158819749951363,0.08158819749951363,0.1197863930817145,12,25,156.40921020507812,6.256368408203125,-0.0005216329485491176,-0.013040823713727938
S0,25,near_pad_horizontal_rel_vel,-0.021265437826514244,-0.21265437826514244,0.21265437826514244,0.3122155131024657,11,25,156.40921020507812,6.256368408203125,-0.0013596026601395,-0.0339900665034875
S0,25,off_center_contact,0.0,0.0,0.0,0.0,,25,156.40921020507812,6.256368408203125,0.0,0.0
S0,25,post_align_descent,0.02847590669989586,0.2847590669989586,0.2847590669989586,0.41807838116932133,,25,156.40921020507812,6.256368408203125,0.0018206029339678446,0.04551507334919612
S0,25,predicted_pad_error,-0.17767047882080078,-1.7767047882080078,1.7767047882080078,2.608527515903479,7,25,156.40921020507812,6.256368408203125,-0.011359336102256744,-0.2839834025564186
S0,25,progress_to_pad,-0.7438535690307617,-7.438535690307617,7.438535690307617,10.921130598048357,3,25,156.40921020507812,6.256368408203125,-0.047558169244346145,-1.1889542311086536
S0,25,rel_vel,-0.28281843662261963,-2.8281843662261963,2.8281843662261963,4.152291809147399,6,25,156.40921020507812,6.256368408203125,-0.01808195542013148,-0.452048885503287
S0,25,tilt,-0.0005935332737863064,-0.005935332737863064,0.005935332737863064,0.008714153789372195,15,25,156.40921020507812,6.256368408203125,-3.7947463132643334e-05,-0.0009486865783160834
S0,26,align_bonus,0.036000002175569534,0.36000002175569534,0.36000002175569534,0.4929455257625255,,26,157.15487670898438,6.286195068359375,0.0022907340153518413,0.05726835038379603
S0,26,align_hold,0.04533331096172333,0.4533331096172333,0.4533331096172333,0.6207458737807487,,26,157.15487670898438,6.286195068359375,0.002884626421467688,0.07211566053669219
S0,26,ang_vel,-0.0007412646664306521,-0.007412646664306521,0.007412646664306521,0.010150085517795114,15,26,157.15487670898438,6.286195068359375,-4.716778008762071e-05,-0.0011791945021905178
S0,26,center_precision,-0.4072958827018738,-4.072958827018738,4.072958827018738,5.5770741918354,6,26,157.15487670898438,6.286195068359375,-0.02591684656761206,-0.6479211641903014
S0,26,center_precision_square,-0.9304465651512146,-9.304465651512146,9.304465651512146,12.740540098179737,3,26,157.15487670898438,6.286195068359375,-0.059205707429251034,-1.4801426857312756
S0,26,contact_clearance,-0.3279641568660736,-3.279641568660736,3.279641568660736,4.490790387988425,8,26,157.15487670898438,6.286195068359375,-0.020868850126324095,-0.5217212531581024
S0,26,crash_penalty,-2.375,-23.75,23.75,32.520709803748126,1,26,157.15487670898438,6.286195068359375,-0.1511248043799473,-3.7781201094986825
S0,26,descent_horizontal_rel_vel,-0.13029539585113525,-1.3029539585113525,1.3029539585113525,1.7841257925217926,10,26,157.15487670898438,6.286195068359375,-0.008290891035625522,-0.207272275890638
S0,26,descent_vel,-0.014436449855566025,-0.14436449855566025,0.14436449855566025,0.19767730372598916,12,26,157.15487670898438,6.286195068359375,-0.0009186129096266669,-0.022965322740666674
S0,26,height_tracking,-0.4004209041595459,-4.004209041595459,4.004209041595459,5.482935588853488,7,26,157.15487670898438,6.286195068359375,-0.025479381394001265,-0.6369845348500316
S0,26,horizontal_error,-1.105576515197754,-11.055765151977539,11.055765151977539,15.138582322772752,2,26,157.15487670898438,6.286195068359375,-0.07034948824687343,-1.7587372061718356
S0,26,landing_bonus,0.0,0.0,0.0,0.0,,26,157.15487670898438,6.286195068359375,0.0,0.0
S0,26,lin_vel,-0.006969537120312452,-0.06969537120312452,0.06969537120312452,0.09543338701310806,13,26,157.15487670898438,6.286195068359375,-0.00044348207744252655,-0.011087051936063163
S0,26,near_pad_horizontal_rel_vel,-0.06751883029937744,-0.6751883029937744,0.6751883029937744,0.92453064692824,11,26,157.15487670898438,6.286195068359375,-0.00429632421935001,-0.10740810548375025
S0,26,off_center_contact,0.0,0.0,0.0,0.0,,26,157.15487670898438,6.286195068359375,0.0,0.0
S0,26,post_align_descent,0.143572598695755,1.43572598695755,1.43572598695755,1.9659296075598465,,26,157.15487670898438,6.286195068359375,0.009135739323038591,0.22839348307596474
S0,26,predicted_pad_error,-0.6534082889556885,-6.534082889556885,6.534082889556885,8.94707425199644,4,26,157.15487670898438,6.286195068359375,-0.04157734730470084,-1.039433682617521
S0,26,progress_to_pad,-0.43022167682647705,-4.3022167682647705,4.3022167682647705,5.890995496149798,5,26,157.15487670898438,6.286195068359375,-0.027375649158069157,-0.6843912289517289
S0,26,rel_vel,-0.2270825207233429,-2.270825207233429,2.270825207233429,3.1094251612410333,9,26,157.15487670898438,6.286195068359375,-0.014449600641019168,-0.36124001602547917
S0,26,tilt,-0.0007547306595370173,-0.0075473065953701735,0.0075473065953701735,0.010334474424755692,14,26,157.15487670898438,6.286195068359375,-4.802464138192857e-05,-0.0012006160345482142
S0,27,align_bonus,0.0,0.0,0.0,0.0,,27,158.9825897216797,6.359303588867188,0.0,0.0
S0,27,align_hold,0.0,0.0,0.0,0.0,,27,158.9825897216797,6.359303588867188,0.0,0.0
S0,27,ang_vel,-0.0011130449129268527,-0.011130449129268527,0.011130449129268527,0.0319473007704847,7,27,158.9825897216797,6.359303588867188,-7.001049076350982e-05,-0.0017502622690877454
S0,27,center_precision,0.0,0.0,0.0,0.0,,27,158.9825897216797,6.359303588867188,0.0,0.0
S0,27,center_precision_square,0.0,0.0,0.0,0.0,,27,158.9825897216797,6.359303588867188,0.0,0.0
S0,27,contact_clearance,0.0,0.0,0.0,0.0,,27,158.9825897216797,6.359303588867188,0.0,0.0
S0,27,crash_penalty,-0.4375,-4.375,4.375,12.55739451729168,4,27,158.9825897216797,6.359303588867188,-0.027518736533723744,-0.6879684133430937
S0,27,descent_horizontal_rel_vel,0.0,0.0,0.0,0.0,,27,158.9825897216797,6.359303588867188,0.0,0.0
S0,27,descent_vel,-0.00017940960242412984,-0.0017940960242412984,0.0017940960242412984,0.005149524932183424,9,27,158.9825897216797,6.359303588867188,-1.1284858470239437e-05,-0.00028212146175598596
S0,27,height_tracking,-0.5345671772956848,-5.345671772956848,5.345671772956848,15.343476437250107,2,27,158.9825897216797,6.359303588867188,-0.033624258997888776,-0.8406064749472194
S0,27,horizontal_error,-1.7294416427612305,-17.294416427612305,17.294416427612305,49.639499434938955,1,27,158.9825897216797,6.359303588867188,-0.10878182609736385,-2.719545652434096
S0,27,landing_bonus,0.0,0.0,0.0,0.0,,27,158.9825897216797,6.359303588867188,0.0,0.0
S0,27,lin_vel,-0.005314930342137814,-0.053149303421378136,0.053149303421378136,0.15255240488719674,6,27,158.9825897216797,6.359303588867188,-0.0003343089549265936,-0.00835772387316484
S0,27,near_pad_horizontal_rel_vel,0.0,0.0,0.0,0.0,,27,158.9825897216797,6.359303588867188,0.0,0.0
S0,27,off_center_contact,0.0,0.0,0.0,0.0,,27,158.9825897216797,6.359303588867188,0.0,0.0
S0,27,post_align_descent,0.0,0.0,0.0,0.0,,27,158.9825897216797,6.359303588867188,0.0,0.0
S0,27,predicted_pad_error,0.0,0.0,0.0,0.0,,27,158.9825897216797,6.359303588867188,0.0,0.0
S0,27,progress_to_pad,-0.4800776243209839,-4.800776243209839,4.800776243209839,13.779483720051973,3,27,158.9825897216797,6.359303588867188,-0.0301968677929718,-0.7549216948242949
S0,27,rel_vel,-0.2948039770126343,-2.9480397701263428,2.9480397701263428,8.461645359118254,5,27,158.9825897216797,6.359303588867188,-0.01854316108001059,-0.4635790270002648
S0,27,tilt,-0.0010051801800727844,-0.010051801800727844,0.010051801800727844,0.028851300759168565,8,27,158.9825897216797,6.359303588867188,-6.322580238707187e-05,-0.0015806450596767968
S0,28,align_bonus,0.027500001713633537,0.2750000171363354,0.2750000171363354,0.4330405100571905,,28,158.2436981201172,6.329747924804687,0.0017378260265858588,0.04344565066464647
S0,28,align_hold,0.04724998399615288,0.4724998399615288,0.4724998399615288,0.7440420325408272,,28,158.2436981201172,6.329747924804687,0.002985899884637876,0.0746474971159469
S0,28,ang_vel,-0.0005036126240156591,-0.005036126240156591,0.005036126240156591,0.007930351054009658,15,28,158.2436981201172,6.329747924804687,-3.1825129847090946e-05,-0.0007956282461772737
S0,28,center_precision,-0.3333894908428192,-3.333894908428192,3.333894908428192,5.249859860579838,5,28,158.2436981201172,6.329747924804687,-0.02106810538450353,-0.5267026346125883
S0,28,center_precision_square,-0.45418524742126465,-4.5418524742126465,4.5418524742126465,7.152021779920412,4,28,158.2436981201172,6.329747924804687,-0.028701632533670234,-0.7175408133417558
S0,28,contact_clearance,-0.28667208552360535,-2.8667208552360535,2.8667208552360535,4.514204305403953,6,28,158.2436981201172,6.329747924804687,-0.018115861100895324,-0.45289652752238313
S0,28,crash_penalty,-2.8125,-28.125,28.125,44.28823122334727,1,28,158.2436981201172,6.329747924804687,-0.1777321961892682,-4.443304904731705
S0,28,descent_horizontal_rel_vel,-0.06807199865579605,-0.6807199865579605,0.6807199865579605,1.0719247702411663,10,28,158.2436981201172,6.329747924804687,-0.004301719402697794,-0.10754298506744485
S0,28,descent_vel,-0.020227773115038872,-0.20227773115038872,0.20227773115038872,0.31852525968079964,12,28,158.2436981201172,6.329747924804687,-0.001278267214134789,-0.031956680353369724
S0,28,height_tracking,-0.19547638297080994,-1.9547638297080994,1.9547638297080994,3.078152265854156,8,28,158.2436981201172,6.329747924804687,-0.012352869990590761,-0.30882174976476906
S0,28,horizontal_error,-0.9594966173171997,-9.594966173171997,9.594966173171997,15.10912286071598,2,28,158.2436981201172,6.329747924804687,-0.06063411236691901,-1.5158528091729755
S0,28,landing_bonus,0.0,0.0,0.0,0.0,,28,158.2436981201172,6.329747924804687,0.0,0.0
S0,28,lin_vel,-0.005635546054691076,-0.05635546054691076,0.05635546054691076,0.08874253039643763,13,28,158.2436981201172,6.329747924804687,-0.00035613083627591497,-0.008903270906897874
S0,28,near_pad_horizontal_rel_vel,-0.0386275053024292,-0.386275053024292,0.386275053024292,0.6082644929475759,11,28,158.2436981201172,6.329747924804687,-0.002441013813586967,-0.06102534533967417
S0,28,off_center_contact,0.0,0.0,0.0,0.0,,28,158.2436981201172,6.329747924804687,0.0,0.0
S0,28,post_align_descent,0.16007407009601593,1.6007407009601593,1.6007407009601593,2.5206746415198764,,28,158.2436981201172,6.329747924804687,0.010115667922175919,0.252891698054398
S0,28,predicted_pad_error,-0.4876325726509094,-4.876325726509094,4.876325726509094,7.678714357190813,3,28,158.2436981201172,6.329747924804687,-0.030815291758460095,-0.7703822939615024
S0,28,progress_to_pad,-0.25961750745773315,-2.5961750745773315,2.5961750745773315,4.088177848859439,7,28,158.2436981201172,6.329747924804687,-0.01640618302920769,-0.41015457573019226
S0,28,rel_vel,-0.1930672824382782,-1.930672824382782,1.930672824382782,3.040216336458581,9,28,158.2436981201172,6.329747924804687,-0.012200630087128503,-0.3050157521782126
S0,28,tilt,-0.000517851731274277,-0.00517851731274277,0.00517851731274277,0.008154573231674978,14,28,158.2436981201172,6.329747924804687,-3.272495128881493e-05,-0.0008181237822203732
S0,29,align_bonus,0.006333333905786276,0.06333333905786276,0.06333333905786276,0.1526018482941491,,29,161.9310760498047,6.477243041992188,0.00039111293892954495,0.009777823473238623
S0,29,align_hold,0.005249997600913048,0.05249997600913048,0.05249997600913048,0.12649883131966602,,29,161.9310760498047,6.477243041992188,0.000324211864021599,0.008105296600539973
S0,29,ang_vel,-0.0009498595027253032,-0.009498595027253032,0.009498595027253032,0.022886889889575025,15,29,161.9310760498047,6.477243041992188,-5.865825917399311e-05,-0.0014664564793498277
S0,29,center_precision,-0.05168246850371361,-0.5168246850371361,0.5168246850371361,1.2452904481895783,8,29,161.9310760498047,6.477243041992188,-0.003191633734825413,-0.07979084337063531
S0,29,center_precision_square,-0.12617722153663635,-1.2617722153663635,1.2617722153663635,3.0402434966391616,6,29,161.9310760498047,6.477243041992188,-0.007792032549566235,-0.19480081373915586
S0,29,contact_clearance,-0.037952110171318054,-0.37952110171318054,0.37952110171318054,0.9144571003141032,9,29,161.9310760498047,6.477243041992188,-0.0023437200009493687,-0.058593000023734215
S0,29,crash_penalty,-0.875,-8.75,8.75,21.08314818762162,2,29,161.9310760498047,6.477243041992188,-0.054035335362736595,-1.3508833840684147
S0,29,descent_horizontal_rel_vel,-0.013234080746769905,-0.13234080746769905,0.13234080746769905,0.3188755262984001,10,29,161.9310760498047,6.477243041992188,-0.0008172662758505684,-0.020431656896264208
S0,29,descent_vel,-0.008113928139209747,-0.08113928139209747,0.08113928139209747,0.19550531353448233,11,29,161.9310760498047,6.477243041992188,-0.0005010729464129646,-0.012526823660324113
S0,29,height_tracking,-0.43977946043014526,-4.397794604301453,4.397794604301453,10.596497753281179,3,29,161.9310760498047,6.477243041992188,-0.027158435005698568,-0.6789608751424642
S0,29,horizontal_error,-1.827519178390503,-18.27519178390503,18.27519178390503,44.03412303283141,1,29,161.9310760498047,6.477243041992188,-0.11285784192704419,-2.821446048176105
S0,29,landing_bonus,0.0,0.0,0.0,0.0,,29,161.9310760498047,6.477243041992188,0.0,0.0
S0,29,lin_vel,-0.006929726805537939,-0.06929726805537939,0.06929726805537939,0.16697195101816018,12,29,161.9310760498047,6.477243041992188,-0.00042794298503930046,-0.01069857462598251
S0,29,near_pad_horizontal_rel_vel,-0.006805276498198509,-0.06805276498198509,0.06805276498198509,0.16397331756486616,13,29,161.9310760498047,6.477243041992188,-0.0004202575975043499,-0.010506439937608747
S0,29,off_center_contact,0.0,0.0,0.0,0.0,,29,161.9310760498047,6.477243041992188,0.0,0.0
S0,29,post_align_descent,0.018617136403918266,0.18617136403918266,0.18617136403918266,0.448580395009113,,29,161.9310760498047,6.477243041992188,0.0011496950960908977,0.02874237740227244
S0,29,predicted_pad_error,-0.08124484121799469,-0.8124484121799469,0.8124484121799469,1.957596602147167,7,29,161.9310760498047,6.477243041992188,-0.005017248276236146,-0.12543120690590365
S0,29,progress_to_pad,-0.343331903219223,-3.4333190321922302,3.4333190321922302,8.272591306410336,4,29,161.9310760498047,6.477243041992188,-0.021202348035631244,-0.5300587008907811
S0,29,rel_vel,-0.30029529333114624,-3.0029529333114624,3.0029529333114624,7.2356230506809815,5,29,161.9310760498047,6.477243041992188,-0.018544636437714108,-0.46361591094285265
S0,29,tilt,-0.001018257811665535,-0.01018257811665535,0.01018257811665535,0.024534948956054604,14,29,161.9310760498047,6.477243041992188,-6.288217410179824e-05,-0.001572054352544956
S0,30,align_bonus,0.0,0.0,0.0,0.0,,29,161.9310760498047,6.477243041992188,0.0,0.0
S0,30,align_hold,0.0,0.0,0.0,0.0,,29,161.9310760498047,6.477243041992188,0.0,0.0
S0,30,ang_vel,-0.0014550948981195688,-0.014550948981195688,0.014550948981195688,0.03796812583283137,9,29,161.9310760498047,6.477243041992188,-8.985890377656908e-05,-0.002246472594414227
S0,30,center_precision,0.0,0.0,0.0,0.0,,29,161.9310760498047,6.477243041992188,0.0,0.0
S0,30,center_precision_square,0.0,0.0,0.0,0.0,,29,161.9310760498047,6.477243041992188,0.0,0.0
S0,30,contact_clearance,0.0,0.0,0.0,0.0,,29,161.9310760498047,6.477243041992188,0.0,0.0
S0,30,crash_penalty,-1.125,-11.25,11.25,29.354883737916428,2,29,161.9310760498047,6.477243041992188,-0.06947400260923277,-1.736850065230819
S0,30,descent_horizontal_rel_vel,0.0,0.0,0.0,0.0,,29,161.9310760498047,6.477243041992188,0.0,0.0
S0,30,descent_vel,-0.010257872752845287,-0.10257872752845287,0.10257872752845287,0.2676610329405459,6,29,161.9310760498047,6.477243041992188,-0.0006334715363523121,-0.0158367884088078
S0,30,height_tracking,-0.43391284346580505,-4.3391284346580505,4.3391284346580505,11.322187619846611,3,29,161.9310760498047,6.477243041992188,-0.026796144016998175,-0.6699036004249543
S0,30,horizontal_error,-1.677430510520935,-16.77430510520935,16.77430510520935,43.76958010202298,1,29,161.9310760498047,6.477243041992188,-0.10358916592421163,-2.589729148105291
S0,30,landing_bonus,0.0,0.0,0.0,0.0,,29,161.9310760498047,6.477243041992188,0.0,0.0
S0,30,lin_vel,-0.008561687543988228,-0.08561687543988228,0.08561687543988228,0.22340208218145927,7,29,161.9310760498047,6.477243041992188,-0.0005287241802404212,-0.013218104506010528
S0,30,near_pad_horizontal_rel_vel,0.0,0.0,0.0,0.0,,29,161.9310760498047,6.477243041992188,0.0,0.0
S0,30,off_center_contact,0.0,0.0,0.0,0.0,,29,161.9310760498047,6.477243041992188,0.0,0.0
S0,30,post_align_descent,0.0,0.0,0.0,0.0,,29,161.9310760498047,6.477243041992188,0.0,0.0
S0,30,predicted_pad_error,0.0,0.0,0.0,0.0,,29,161.9310760498047,6.477243041992188,0.0,0.0
S0,30,progress_to_pad,-0.2516839802265167,-2.5168398022651672,2.5168398022651672,6.567247980662628,5,29,161.9310760498047,6.477243041992188,-0.015542660887963654,-0.3885665221990913
S0,30,rel_vel,-0.32265374064445496,-3.2265374064445496,3.2265374064445496,8.419078261530503,4,29,161.9310760498047,6.477243041992188,-0.019925374950588066,-0.49813437376470165
S0,30,tilt,-0.0014559737173840404,-0.014559737173840404,0.014559737173840404,0.03799105706601822,8,29,161.9310760498047,6.477243041992188,-8.991317496934502e-05,-0.0022478293742336252
S1,1,align_bonus,0.007333334535360336,0.07333334535360336,0.07333334535360336,8.50936085753751,,1,22.33333396911621,0.8933333587646485,0.0032835825342966184,0.08208956335741546
S1,1,align_hold,0.0024999999441206455,0.024999999441206455,0.024999999441206455,2.900917933822431,,1,22.33333396911621,0.8933333587646485,0.0011194029281869809,0.027985073204674523
S1,1,ang_vel,-6.119603312981781e-06,-6.11960331298178e-05,6.11960331298178e-05,0.007100986958122631,9,1,22.33333396911621,0.8933333587646485,-2.7401208084042947e-06,-6.850302021010737e-05
S1,1,center_precision,0.0,0.0,0.0,0.0,,1,22.33333396911621,0.8933333587646485,0.0,0.0
S1,1,center_precision_square,0.0,0.0,0.0,0.0,,1,22.33333396911621,0.8933333587646485,0.0,0.0
S1,1,contact_clearance,-0.036438021808862686,-0.36438021808862686,0.36438021808862686,42.28148532040189,1,1,22.33333396911621,0.8933333587646485,-0.016315531688753337,-0.4078882922188334
S1,1,crash_penalty,0.0,0.0,0.0,0.0,,1,22.33333396911621,0.8933333587646485,0.0,0.0
S1,1,descent_horizontal_rel_vel,-0.0014285114593803883,-0.014285114593803883,0.014285114593803883,1.6575978415251675,6,1,22.33333396911621,0.8933333587646485,-0.0006396319785285145,-0.01599079946321286
S1,1,descent_vel,0.0,0.0,0.0,0.0,,1,22.33333396911621,0.8933333587646485,0.0,0.0
S1,1,height_tracking,-0.013288605026900768,-0.13288605026900768,0.13288605026900768,15.419661399864028,3,1,22.33333396911621,0.8933333587646485,-0.005950121484448761,-0.148753037111219
S1,1,horizontal_error,-0.013340729288756847,-0.13340729288756847,0.13340729288756847,15.480144683618159,2,1,22.33333396911621,0.8933333587646485,-0.005973460705510945,-0.1493365176377736
S1,1,landing_bonus,0.0,0.0,0.0,0.0,,1,22.33333396911621,0.8933333587646485,0.0,0.0
S1,1,lin_vel,-1.2905776202387642e-05,-0.00012905776202387642,0.00012905776202387642,0.014975439388889178,8,1,22.33333396911621,0.8933333587646485,-5.778705597755568e-06,-0.00014446763994388918
S1,1,near_pad_horizontal_rel_vel,0.0,0.0,0.0,0.0,,1,22.33333396911621,0.8933333587646485,0.0,0.0
S1,1,off_center_contact,0.0,0.0,0.0,0.0,,1,22.33333396911621,0.8933333587646485,0.0,0.0
S1,1,post_align_descent,-0.0002611190138850361,-0.002611190138850361,0.002611190138850361,0.30299393886889414,7,1,22.33333396911621,0.8933333587646485,-0.0001169189581126249,-0.0029229739528156226
S1,1,predicted_pad_error,-0.004801269620656967,-0.04801269620656967,0.04801269620656967,5.57123578359907,4,1,22.33333396911621,0.8933333587646485,-0.0021498221570037113,-0.05374555392509278
S1,1,progress_to_pad,0.005036894232034683,0.05036894232034683,0.05036894232034683,5.844646854028507,,1,22.33333396911621,0.8933333587646485,0.0022553257113335536,0.056383142783338835
S1,1,rel_vel,-0.0017269810196012259,-0.01726981019601226,0.01726981019601226,2.0039321292442307,5,1,22.33333396911621,0.8933333587646485,-0.0007732750613900245,-0.019331876534750613
S1,1,tilt,-5.12495626026066e-06,-5.12495626026066e-05,5.12495626026066e-05,0.005946831143100309,10,1,22.33333396911621,0.8933333587646485,-2.294756469118197e-06,-5.7368911727954917e-05
S1,2,align_bonus,0.0059999991208314896,0.059999991208314896,0.059999991208314896,1.5464412158021208,,2,33.181819915771484,1.3272727966308595,0.001808218818636786,0.04520547046591965
S1,2,align_hold,0.009000000543892384,0.09000000543892384,0.09000000543892384,2.31966230378179,,2,33.181819915771484,1.3272727966308595,0.002712328789300263,0.06780821973250657
S1,2,ang_vel,-9.424515155842528e-05,-0.0009424515155842528,0.0009424515155842528,0.024290768019190778,10,2,33.181819915771484,1.3272727966308595,-2.8402646930655567e-05,-0.0007100661732663892
S1,2,center_precision,0.0,0.0,0.0,0.0,,2,33.181819915771484,1.3272727966308595,0.0,0.0
S1,2,center_precision_square,0.0,0.0,0.0,0.0,,2,33.181819915771484,1.3272727966308595,0.0,0.0
S1,2,contact_clearance,-0.07101155817508698,-0.7101155817508698,0.7101155817508698,18.30253607521632,2,2,33.181819915771484,1.3272727966308595,-0.02140074244129534,-0.5350185610323834
S1,2,crash_penalty,0.0,0.0,0.0,0.0,,2,33.181819915771484,1.3272727966308595,0.0,0.0
S1,2,descent_horizontal_rel_vel,-0.009404443204402924,-0.09404443204402924,0.09404443204402924,2.4239034523297396,7,2,33.181819915771484,1.3272727966308595,-0.0028342156121258875,-0.07085539030314718
S1,2,descent_vel,0.0,0.0,0.0,0.0,,2,33.181819915771484,1.3272727966308595,0.0,0.0
S1,2,height_tracking,-0.049426253885030746,-0.49426253885030746,0.49426253885030746,12.739134558392868,4,2,33.181819915771484,1.3272727966308595,-0.014895582584226552,-0.37238956460566375
S1,2,horizontal_error,-0.149184912443161,-1.49184912443161,1.49184912443161,38.45095519713398,1,2,33.181819915771484,1.3272727966308595,-0.04495983427727925,-1.1239958569319812
S1,2,landing_bonus,0.0,0.0,0.0,0.0,,2,33.181819915771484,1.3272727966308595,0.0,0.0
S1,2,lin_vel,-0.0002955786185339093,-0.002955786185339093,0.002955786185339093,0.07618250419799145,9,2,33.181819915771484,1.3272727966308595,-8.907848312244601e-05,-0.0022269620780611503
S1,2,near_pad_horizontal_rel_vel,0.0,0.0,0.0,0.0,,2,33.181819915771484,1.3272727966308595,0.0,0.0
S1,2,off_center_contact,0.0,0.0,0.0,0.0,,2,33.181819915771484,1.3272727966308595,0.0,0.0
S1,2,post_align_descent,-0.00106134417001158,-0.0106134417001158,0.0106134417001158,0.2735511015257859,8,2,33.181819915771484,1.3272727966308595,-0.00031985713041228275,-0.007996428260307067
S1,2,predicted_pad_error,-0.062178052961826324,-0.6217805296182632,0.6217805296182632,16.02578631797701,3,2,33.181819915771484,1.3272727966308595,-0.018738590324357943,-0.46846475810894855
S1,2,progress_to_pad,-0.01219238992780447,-0.1219238992780447,0.1219238992780447,3.142469511041286,6,2,33.181819915771484,1.3272727966308595,-0.003674418690341143,-0.09186046725852856
S1,2,rel_vel,-0.018067296594381332,-0.18067296594381332,0.18067296594381332,4.6566693676116095,5,2,33.181819915771484,1.3272727966308595,-0.005444938415145173,-0.13612346037862932
S1,2,tilt,-7.145809649955481e-05,-0.0007145809649955481,0.0007145809649955481,0.018417626970312417,11,2,33.181819915771484,1.3272727966308595,-2.1535315627938305e-05,-0.0005383828906984576
S1,3,align_bonus,0.02033332549035549,0.20333325490355492,0.20333325490355492,4.133690777555288,,3,39.076927185058594,1.5630770874023439,0.005203409519397963,0.13008523798494906
S1,3,align_hold,0.010749995708465576,0.10749995708465576,0.10749995708465576,2.1854348488111563,,3,39.076927185058594,1.5630770874023439,0.002750982864531869,0.06877457161329673
S1,3,ang_vel,-0.00010623203706927598,-0.0010623203706927598,0.0010623203706927598,0.02159658498175648,8,3,39.076927185058594,1.5630770874023439,-2.7185360958958596e-05,-0.0006796340239739649
S1,3,center_precision,0.0,0.0,0.0,0.0,,3,39.076927185058594,1.5630770874023439,0.0,0.0
S1,3,center_precision_square,0.0,0.0,0.0,0.0,,3,39.076927185058594,1.5630770874023439,0.0,0.0
S1,3,contact_clearance,-0.12270490825176239,-1.227049082517624,1.227049082517624,24.945459503988403,2,3,39.076927185058594,1.5630770874023439,-0.03140085904673684,-0.785021476168421
S1,3,crash_penalty,0.0,0.0,0.0,0.0,,3,39.076927185058594,1.5630770874023439,0.0,0.0
S1,3,descent_horizontal_rel_vel,-0.005204080604016781,-0.05204080604016781,0.05204080604016781,1.057970571940243,6,3,39.076927185058594,1.5630770874023439,-0.0013317527704702961,-0.033293819261757396
S1,3,descent_vel,0.0,0.0,0.0,0.0,,3,39.076927185058594,1.5630770874023439,0.0,0.0
S1,3,height_tracking,-0.04761015996336937,-0.4761015996336937,0.4761015996336937,9.678971560842859,3,3,39.076927185058594,1.5630770874023439,-0.012183701071964925,-0.3045925267991231
S1,3,horizontal_error,-0.19393253326416016,-1.9393253326416016,1.9393253326416016,39.42577541495784,1,3,39.076927185058594,1.5630770874023439,-0.04962839896436687,-1.2407099741091716
S1,3,landing_bonus,0.0,0.0,0.0,0.0,,3,39.076927185058594,1.5630770874023439,0.0,0.0
S1,3,lin_vel,-0.0003027249767910689,-0.003027249767910689,0.003027249767910689,0.06154288167424611,7,3,39.076927185058594,1.5630770874023439,-7.74689819794271e-05,-0.0019367245494856774
S1,3,near_pad_horizontal_rel_vel,0.0,0.0,0.0,0.0,,3,39.076927185058594,1.5630770874023439,0.0,0.0
S1,3,off_center_contact,0.0,0.0,0.0,0.0,,3,39.076927185058594,1.5630770874023439,0.0,0.0
S1,3,post_align_descent,0.0006683706305921078,0.006683706305921078,0.006683706305921078,0.13587730708279264,,3,39.076927185058594,1.5630770874023439,0.0001710397103198189,0.004275992757995472
S1,3,predicted_pad_error,-0.037368785589933395,-0.37368785589933395,0.37368785589933395,7.596937571024345,4,3,39.076927185058594,1.5630770874023439,-0.009562877196808268,-0.2390719299202067
S1,3,progress_to_pad,0.0349978432059288,0.349978432059288,0.349978432059288,7.114933647390534,,3,39.076927185058594,1.5630770874023439,0.00895614003634107,0.22390350090852673
S1,3,rel_vel,-0.01787215657532215,-0.1787215657532215,0.1787215657532215,3.633344129836268,5,3,39.076927185058594,1.5630770874023439,-0.004573582894756302,-0.11433957236890754
S1,3,tilt,-4.1639705159468576e-05,-0.00041639705159468576,0.00041639705159468576,0.008465199914271736,9,3,39.076927185058594,1.5630770874023439,-1.0655828940252468e-05,-0.00026639572350631166
S1,4,align_bonus,0.030749989673495293,0.3074998967349529,0.3074998967349529,3.3994553754837944,,4,56.571441650390625,2.262857666015625,0.00543560297853625,0.13589007446340623
S1,4,align_hold,0.016249991953372955,0.16249991953372955,0.16249991953372955,1.7964598714996234,,4,56.571441650390625,2.262857666015625,0.0028724726609933846,0.0718118165248346
S1,4,ang_vel,-0.0002958306868094951,-0.002958306868094951,0.002958306868094951,0.03270450589368569,10,4,56.571441650390625,2.262857666015625,-5.2293291134017334e-05,-0.0013073322783504332
S1,4,center_precision,0.0,0.0,0.0,0.0,,4,56.571441650390625,2.262857666015625,0.0,0.0
S1,4,center_precision_square,0.0,0.0,0.0,0.0,,4,56.571441650390625,2.262857666015625,0.0,0.0
S1,4,contact_clearance,-0.18214654922485352,-1.8214654922485352,1.8214654922485352,20.136561750522002,2,4,56.571441650390625,2.262857666015625,-0.032197614893838544,-0.8049403723459635
S1,4,crash_penalty,0.0,0.0,0.0,0.0,,4,56.571441650390625,2.262857666015625,0.0,0.0
S1,4,descent_horizontal_rel_vel,-0.007790289353579283,-0.07790289353579283,0.07790289353579283,0.8612276394494485,7,4,56.571441650390625,2.262857666015625,-0.0013770710320099278,-0.03442677580024819
S1,4,descent_vel,0.0,0.0,0.0,0.0,,4,56.571441650390625,2.262857666015625,0.0,0.0
S1,4,height_tracking,-0.09806927293539047,-0.9806927293539047,0.9806927293539047,10.841698504287844,3,4,56.571441650390625,2.262857666015625,-0.01733547353123063,-0.43338683828076574
S1,4,horizontal_error,-0.3757290244102478,-3.757290244102478,3.757290244102478,41.5373814859403,1,4,56.571441650390625,2.262857666015625,-0.06641673138405045,-1.6604182846012612
S1,4,landing_bonus,0.0,0.0,0.0,0.0,,4,56.571441650390625,2.262857666015625,0.0,0.0
S1,4,lin_vel,-0.0010139795485883951,-0.010139795485883951,0.010139795485883951,0.11209689055767542,9,4,56.571441650390625,2.262857666015625,-0.00017923876765502114,-0.004480969191375528
S1,4,near_pad_horizontal_rel_vel,0.0,0.0,0.0,0.0,,4,56.571441650390625,2.262857666015625,0.0,0.0
S1,4,off_center_contact,0.0,0.0,0.0,0.0,,4,56.571441650390625,2.262857666015625,0.0,0.0
S1,4,post_align_descent,-0.006058341823518276,-0.06058341823518276,0.06058341823518276,0.6697583608045647,8,4,56.571441650390625,2.262857666015625,-0.0010709187616180264,-0.026772969040450654
S1,4,predicted_pad_error,-0.07068320363759995,-0.7068320363759995,0.7068320363759995,7.814129341622708,4,4,56.571441650390625,2.262857666015625,-0.012494502804863888,-0.3123625701215972
S1,4,progress_to_pad,-0.06519277393817902,-0.6519277393817902,0.6519277393817902,7.207154479075029,5,4,56.571441650390625,2.262857666015625,-0.011523972526821554,-0.28809931317053883
S1,4,rel_vel,-0.05039049685001373,-0.5039049685001373,0.5039049685001373,5.570741558255848,6,4,56.571441650390625,2.262857666015625,-0.008907409000008361,-0.22268522500020901
S1,4,tilt,-0.0001866121165221557,-0.001866121165221557,0.001866121165221557,0.020630236607475965,11,4,56.571441650390625,2.262857666015625,-3.2986982667935446e-05,-0.0008246745666983861
S1,5,align_bonus,0.18066656589508057,1.8066656589508057,1.8066656589508057,7.1781525987085315,,5,69.6071548461914,2.7842861938476564,0.02595517174840624,0.648879293710156
S1,5,align_hold,0.101749949157238,1.01749949157238,1.01749949157238,4.042677505619078,,5,69.6071548461914,2.7842861938476564,0.01461774287170212,0.365443571792553
S1,5,ang_vel,-0.000383920269086957,-0.0038392026908695698,0.0038392026908695698,0.015253725909883244,11,5,69.6071548461914,2.7842861938476564,-5.515528826530731e-05,-0.0013788822066326826
S1,5,center_precision,-0.00041961827082559466,-0.004196182708255947,0.004196182708255947,0.0166720608556956,9,5,69.6071548461914,2.7842861938476564,-6.028378429671649e-05,-0.0015070946074179122
S1,5,center_precision_square,-0.0004168778832536191,-0.004168778832536191,0.004168778832536191,0.016563181163020926,10,5,69.6071548461914,2.7842861938476564,-5.989009092165599e-05,-0.0014972522730413997
S1,5,contact_clearance,-0.9790310859680176,-9.790310859680176,9.790310859680176,38.898367825505446,1,5,69.6071548461914,2.7842861938476564,-0.14065092706796445,-3.516273176699111
S1,5,crash_penalty,0.0,0.0,0.0,0.0,,5,69.6071548461914,2.7842861938476564,0.0,0.0
S1,5,descent_horizontal_rel_vel,-0.07415753602981567,-0.7415753602981567,0.7415753602981567,2.946389705970149,5,5,69.6071548461914,2.7842861938476564,-0.010653723197518861,-0.2663430799379715
S1,5,descent_vel,0.0,0.0,0.0,0.0,,5,69.6071548461914,2.7842861938476564,0.0,0.0
S1,5,height_tracking,-0.31633228063583374,-3.1633228063583374,3.1633228063583374,12.568354144840342,3,5,69.6071548461914,2.7842861938476564,-0.045445368559427914,-1.1361342139856978
S1,5,horizontal_error,-0.2845868468284607,-2.845868468284607,2.845868468284607,11.307060628507836,4,5,69.6071548461914,2.7842861938476564,-0.040884711845686365,-1.022117796142159
S1,5,landing_bonus,0.0,0.0,0.0,0.0,,5,69.6071548461914,2.7842861938476564,0.0,0.0
S1,5,lin_vel,-0.0012683961540460587,-0.012683961540460587,0.012683961540460587,0.05039527432344658,8,5,69.6071548461914,2.7842861938476564,-0.00018222209438796788,-0.004555552359699197
S1,5,near_pad_horizontal_rel_vel,0.0,0.0,0.0,0.0,,5,69.6071548461914,2.7842861938476564,0.0,0.0
S1,5,off_center_contact,0.0,0.0,0.0,0.0,,5,69.6071548461914,2.7842861938476564,0.0,0.0
S1,5,post_align_descent,0.025185516104102135,0.25185516104102135,0.25185516104102135,1.000658184743849,,5,69.6071548461914,2.7842861938476564,0.0036182366826734585,0.09045591706683646
S1,5,predicted_pad_error,-0.4714910387992859,-4.714910387992859,4.714910387992859,18.733043430904306,2,5,69.6071548461914,2.7842861938476564,-0.06773600211661054,-1.6934000529152635
S1,5,progress_to_pad,-0.017162460833787918,-0.17162460833787918,0.17162460833787918,0.6818902115283005,7,5,69.6071548461914,2.7842861938476564,-0.0024656173451868893,-0.06164043362967223
S1,5,rel_vel,-0.06379817426204681,-0.6379817426204681,0.6379817426204681,2.5347967849121598,6,5,69.6071548461914,2.7842861938476564,-0.009165462142939113,-0.2291365535734778
S1,5,tilt,-0.00024476140970364213,-0.0024476140970364213,0.0024476140970364213,0.009724736507960616,12,5,69.6071548461914,2.7842861938476564,-3.5163254444817235e-05,-0.0008790813611204307
S1,6,align_bonus,0.03416666015982628,0.3416666015982628,0.3416666015982628,2.1424173176791537,,6,77.90626525878906,3.1162506103515626,0.004385611355688975,0.10964028389222437
S1,6,align_hold,0.014166664332151413,0.14166664332151413,0.14166664332151413,0.8883193984127212,,6,77.90626525878906,3.1162506103515626,0.001818424267302839,0.04546060668257098
S1,6,ang_vel,-0.0003744817222468555,-0.003744817222468555,0.003744817222468555,0.023481842332348627,10,6,77.90626525878906,3.1162506103515626,-4.806824213725327e-05,-0.0012017060534313317
S1,6,center_precision,0.0,0.0,0.0,0.0,,6,77.90626525878906,3.1162506103515626,0.0,0.0
S1,6,center_precision_square,0.0,0.0,0.0,0.0,,6,77.90626525878906,3.1162506103515626,0.0,0.0
S1,6,contact_clearance,-0.12308179587125778,-1.2308179587125778,1.2308179587125778,7.7178328151514,4,6,77.90626525878906,3.1162506103515626,-0.01579870315466986,-0.39496757886674655
S1,6,crash_penalty,0.0,0.0,0.0,0.0,,6,77.90626525878906,3.1162506103515626,0.0,0.0
S1,6,descent_horizontal_rel_vel,-0.005177927203476429,-0.05177927203476429,0.05177927203476429,0.324681454333472,7,6,77.90626525878906,3.1162506103515626,-0.0006646355317221777,-0.016615888293054444
S1,6,descent_vel,-2.629848694368775e-08,-2.629848694368775e-07,2.629848694368775e-07,1.6490442318141472e-06,12,6,77.90626525878906,3.1162506103515626,-3.3756575105133617e-09,-8.439143776283404e-08
S1,6,height_tracking,-0.19810166954994202,-1.9810166954994202,1.9810166954994202,12.421947170709554,3,6,77.90626525878906,3.1162506103515626,-0.025428207717554913,-0.6357051929388727
S1,6,horizontal_error,-0.840242862701416,-8.40242862701416,8.40242862701416,52.68735228105404,1,6,77.90626525878906,3.1162506103515626,-0.10785305391168437,-2.6963263477921093
S1,6,landing_bonus,0.0,0.0,0.0,0.0,,6,77.90626525878906,3.1162506103515626,0.0,0.0
S1,6,lin_vel,-0.0015962542966008186,-0.015962542966008186,0.015962542966008186,0.10009298048038238,9,6,77.90626525878906,3.1162506103515626,-0.00020489421374498962,-0.005122355343624741
S1,6,near_pad_horizontal_rel_vel,0.0,0.0,0.0,0.0,,6,77.90626525878906,3.1162506103515626,0.0,0.0
S1,6,off_center_contact,0.0,0.0,0.0,0.0,,6,77.90626525878906,3.1162506103515626,0.0,0.0
S1,6,post_align_descent,-0.0042564645409584045,-0.042564645409584045,0.042564645409584045,0.26690122189229815,8,6,77.90626525878906,3.1162506103515626,-0.0005463571545650763,-0.013658928864126906
S1,6,predicted_pad_error,-0.04690208286046982,-0.4690208286046982,0.4690208286046982,2.9409908397673505,6,6,77.90626525878906,3.1162506103515626,-0.006020322332827849,-0.15050805832069622
S1,6,progress_to_pad,-0.2398020625114441,-2.398020625114441,2.398020625114441,15.036766518483995,2,6,77.90626525878906,3.1162506103515626,-0.030780844353771743,-0.7695211088442935
S1,6,rel_vel,-0.08668868243694305,-0.8668868243694305,0.8668868243694305,5.43580594740343,5,6,77.90626525878906,3.1162506103515626,-0.011127305634403157,-0.27818264086007893
S1,6,tilt,-0.000213835941394791,-0.00213835941394791,0.00213835941394791,0.013408563255623585,11,6,77.90626525878906,3.1162506103515626,-2.7447849115147633e-05,-0.0006861962278786908
S1,7,align_bonus,0.05499996989965439,0.5499996989965439,0.5499996989965439,2.583328010878191,,7,92.30770874023438,3.692308349609375,0.005958329011765561,0.14895822529413902
S1,7,align_hold,0.03649997338652611,0.3649997338652611,0.3649997338652611,1.7143900954446507,,7,92.30770874023438,3.692308349609375,0.0039541630796233575,0.09885407699058395
S1,7,ang_vel,-0.0004575363709591329,-0.004575363709591329,0.004575363709591329,0.021490312181092854,9,7,92.30770874023438,3.692308349609375,-4.9566431363462656e-05,-0.0012391607840865665
S1,7,center_precision,0.0,0.0,0.0,0.0,,7,92.30770874023438,3.692308349609375,0.0,0.0
S1,7,center_precision_square,0.0,0.0,0.0,0.0,,7,92.30770874023438,3.692308349609375,0.0,0.0
S1,7,contact_clearance,-0.3888949751853943,-3.888949751853943,3.888949751853943,18.26625150012166,2,7,92.30770874023438,3.692308349609375,-0.04213028147841847,-1.0532570369604617
S1,7,crash_penalty,0.0,0.0,0.0,0.0,,7,92.30770874023438,3.692308349609375,0.0,0.0
S1,7,descent_horizontal_rel_vel,-0.02207726240158081,-0.2207726240158081,0.2207726240158081,1.0369607559707048,7,7,92.30770874023438,3.692308349609375,-0.0023917030010688527,-0.05979257502672131
S1,7,descent_vel,-0.00011118232941953465,-0.0011118232941953465,0.0011118232941953465,0.005222192419890308,11,7,92.30770874023438,3.692308349609375,-1.2044750209586055e-05,-0.0003011187552396514
S1,7,height_tracking,-0.31638631224632263,-3.1638631224632263,3.1638631224632263,14.860546727126751,3,7,92.30770874023438,3.692308349609375,-0.034275177725045035,-0.856879443126126
S1,7,horizontal_error,-0.8426936864852905,-8.426936864852905,8.426936864852905,39.5810072052664,1,7,92.30770874023438,3.692308349609375,-0.09129179978421278,-2.2822949946053197
S1,7,landing_bonus,0.0,0.0,0.0,0.0,,7,92.30770874023438,3.692308349609375,0.0,0.0
S1,7,lin_vel,-0.0020601372234523296,-0.020601372234523296,0.020601372234523296,0.09676387469496904,8,7,92.30770874023438,3.692308349609375,-0.00022318149281007696,-0.005579537320251924
S1,7,near_pad_horizontal_rel_vel,0.0,0.0,0.0,0.0,,7,92.30770874023438,3.692308349609375,0.0,0.0
S1,7,off_center_contact,0.0,0.0,0.0,0.0,,7,92.30770874023438,3.692308349609375,0.0,0.0
S1,7,post_align_descent,0.014792929403483868,0.14792929403483868,0.14792929403483868,0.6948183600952047,,7,92.30770874023438,3.692308349609375,0.0016025670667563694,0.040064176668909234
S1,7,predicted_pad_error,-0.1687597632408142,-1.687597632408142,1.687597632408142,7.926582946946422,5,7,92.30770874023438,3.692308349609375,-0.018282304429820227,-0.45705761074550566
S1,7,progress_to_pad,-0.17998802661895752,-1.7998802661895752,1.7998802661895752,8.453970277361265,4,7,92.30770874023438,3.692308349609375,-0.019498699412577414,-0.4874674853144354
S1,7,rel_vel,-0.10106070339679718,-1.0106070339679718,1.0106070339679718,4.746783432069468,6,7,92.30770874023438,3.692308349609375,-0.010948240918989209,-0.27370602297473023
S1,7,tilt,-0.0002530211640987545,-0.0025302116409875453,0.0025302116409875453,0.011884309423329834,10,7,92.30770874023438,3.692308349609375,-2.7410621231081388e-05,-0.0006852655307770346
S1,8,align_bonus,0.013166661374270916,0.13166661374270916,0.13166661374270916,0.28451492185550564,,8,114.66670227050781,4.586668090820313,0.0011482549958757619,0.028706374896894045
S1,8,align_hold,0.015249989926815033,0.15249989926815033,0.15249989926815033,0.3295330204818368,,8,114.66670227050781,4.586668090820313,0.0013299405690449788,0.03324851422612447
S1,8,ang_vel,-0.0005131232901476324,-0.005131232901476324,0.005131232901476324,0.011087946188384268,14,8,114.66670227050781,4.586668090820313,-4.474911024624515e-05,-0.0011187277561561287
S1,8,center_precision,-0.07089023292064667,-0.7089023292064667,0.7089023292064667,1.5318483939405805,9,8,114.66670227050781,4.586668090820313,-0.006182285835116371,-0.15455714587790928
S1,8,center_precision_square,-0.23726430535316467,-2.3726430535316467,2.3726430535316467,5.1269819567600505,5,8,114.66670227050781,4.586668090820313,-0.020691648111885126,-0.5172912027971281
S1,8,contact_clearance,-0.12220954895019531,-1.2220954895019531,1.2220954895019531,2.640793993343417,8,8,114.66670227050781,4.586668090820313,-0.010657806192236463,-0.2664451548059116
S1,8,crash_penalty,-1.875,-18.75,18.75,40.51638173983288,1,8,114.66670227050781,4.586668090820313,-0.1635173910885417,-4.087934777213543
S1,8,descent_horizontal_rel_vel,-0.02860119938850403,-0.2860119938850403,0.2860119938850403,0.6180357934089088,10,8,114.66670227050781,4.586668090820313,-0.0024942898698727322,-0.06235724674681831
S1,8,descent_vel,-0.002860455308109522,-0.02860455308109522,0.02860455308109522,0.0618108262469849,13,8,114.66670227050781,4.586668090820313,-0.0002494582342973012,-0.0062364558574325305
S1,8,height_tracking,-0.34957700967788696,-3.4957700967788696,3.4957700967788696,7.553917638175212,3,8,114.66670227050781,4.586668090820313,-0.03048635765709972,-0.762158941427493
S1,8,horizontal_error,-1.2681918144226074,-12.681918144226074,12.681918144226074,27.404023291988086,2,8,114.66670227050781,4.586668090820313,-0.11059808901025536,-2.7649522252563843
S1,8,landing_bonus,0.0,0.0,0.0,0.0,,8,114.66670227050781,4.586668090820313,0.0,0.0
S1,8,lin_vel,-0.002892580581828952,-0.02892580581828952,0.02892580581828952,0.06250501283552519,12,8,114.66670227050781,4.586668090820313,-0.00025225985613549134,-0.006306496403387284
S1,8,near_pad_horizontal_rel_vel,-0.004513599444180727,-0.04513599444180727,0.04513599444180727,0.09753318298726606,11,8,114.66670227050781,4.586668090820313,-0.00039362773628326636,-0.00984069340708166
S1,8,off_center_contact,0.0,0.0,0.0,0.0,,8,114.66670227050781,4.586668090820313,0.0,0.0
S1,8,post_align_descent,0.019054293632507324,0.19054293632507324,0.19054293632507324,0.411739218452018,,8,114.66670227050781,4.586668090820313,0.0016617111380387254,0.04154277845096813
S1,8,predicted_pad_error,-0.21014177799224854,-2.1014177799224854,2.1014177799224854,4.540898398197949,6,8,114.66670227050781,4.586668090820313,-0.018326312157866672,-0.45815780394666683
S1,8,progress_to_pad,-0.2652727961540222,-2.652727961540222,2.652727961540222,5.732210066223593,4,8,114.66670227050781,4.586668090820313,-0.0231342482953964,-0.57835620738491
S1,8,rel_vel,-0.14202842116355896,-1.4202842116355896,1.4202842116355896,3.0690547892098743,7,8,114.66670227050781,4.586668090820313,-0.012386195674181219,-0.3096548918545305
S1,8,tilt,-0.0003299503296148032,-0.003299503296148032,0.003299503296148032,0.0071298098719237615,15,8,114.66670227050781,4.586668090820313,-2.8774729113289078e-05,-0.0007193682278322269
S1,9,align_bonus,0.0404166541993618,0.404166541993618,0.404166541993618,0.6286439102154362,,9,122.96829223632812,4.918731689453125,0.0032867541269652307,0.08216885317413077
S1,9,align_hold,0.06154162436723709,0.6154162436723709,0.6154162436723709,0.9572234057870231,,9,122.96829223632812,4.918731689453125,0.0050046742333350915,0.12511685583337728
S1,9,ang_vel,-0.0006709526060149074,-0.006709526060149074,0.006709526060149074,0.010436051132137223,14,9,122.96829223632812,4.918731689453125,-5.456305798940664e-05,-0.0013640764497351659
S1,9,center_precision,-0.361989825963974,-3.61989825963974,3.61989825963974,5.6304190477941924,8,9,122.96829223632812,4.918731689453125,-0.029437655787581354,-0.7359413946895339
S1,9,center_precision_square,-1.0825121402740479,-10.825121402740479,10.825121402740479,16.837481434282203,2,9,122.96829223632812,4.918731689453125,-0.08803181052507492,-2.200795263126873
S1,9,contact_clearance,-0.5372369289398193,-5.372369289398193,5.372369289398193,8.356226669702743,5,9,122.96829223632812,4.918731689453125,-0.04368906155965181,-1.0922265389912953
S1,9,crash_penalty,-0.75,-7.5,7.5,11.665560695249784,4,9,122.96829223632812,4.918731689453125,-0.06099133251022168,-1.5247833127555421
S1,9,descent_horizontal_rel_vel,-0.08011473715305328,-0.8011473715305328,0.8011473715305328,1.246111105123901,10,9,122.96829223632812,4.918731689453125,-0.006515072763561178,-0.16287681908902946
S1,9,descent_vel,-0.0009103365009650588,-0.009103365009650588,0.009103365009650588,0.014159447606812274,13,9,122.96829223632812,4.918731689453125,-7.403018163540219e-05,-0.0018507545408850547
S1,9,height_tracking,-0.4228981137275696,-4.228981137275696,4.228981137275696,6.577791484794145,6,9,122.96829223632812,4.918731689453125,-0.03439082596307166,-0.8597706490767913
S1,9,horizontal_error,-1.6249234676361084,-16.249234676361084,16.249234676361084,25.274191115793027,1,9,122.96829223632812,4.918731689453125,-0.1321416633576751,-3.3035415839418776
S1,9,landing_bonus,0.0,0.0,0.0,0.0,,9,122.96829223632812,4.918731689453125,0.0,0.0
S1,9,lin_vel,-0.0031712183263152838,-0.03171218326315284,0.03171218326315284,0.0493253864846925,12,9,122.96829223632812,4.918731689453125,-0.0002578891085370722,-0.006447227713426805
S1,9,near_pad_horizontal_rel_vel,-0.021969139575958252,-0.21969139575958252,0.21969139575958252,0.3417097748610068,11,9,122.96829223632812,4.918731689453125,-0.0017865694624543205,-0.04466423656135801
S1,9,off_center_contact,0.0,0.0,0.0,0.0,,9,122.96829223632812,4.918731689453125,0.0,0.0
S1,9,post_align_descent,0.06777425855398178,0.6777425855398178,0.6777425855398178,1.054166302316035,,9,122.96829223632812,4.918731689453125,0.005511523118799519,0.13778807796998796
S1,9,predicted_pad_error,-0.8212823867797852,-8.212823867797852,8.212823867797852,12.774292707892256,3,9,122.96829223632812,4.918731689453125,-0.06678814284916583,-1.6697035712291457
S1,9,progress_to_pad,-0.39652013778686523,-3.9652013778686523,3.9652013778686523,6.1675063123219775,7,9,122.96829223632812,4.918731689453125,-0.03224572209434349,-0.8061430523585872
S1,9,rel_vel,-0.15485575795173645,-1.5485575795173645,1.5485575795173645,2.408638991193188,9,9,122.96829223632812,4.918731689453125,-0.012593145365809017,-0.31482863414522544
S1,9,tilt,-0.00039321882650256157,-0.003932188265025616,0.003932188265025616,0.006116157449440701,15,9,122.96829223632812,4.918731689453125,-3.19772535953292e-05,-0.00079943133988323
S1,10,align_bonus,0.0044999984093010426,0.044999984093010426,0.044999984093010426,0.12268975586568416,,10,131.9041290283203,5.276165161132813,0.00034115675092588464,0.008528918773147116
S1,10,align_hold,0.007166661322116852,0.07166661322116852,0.07166661322116852,0.19539471973260772,,10,131.9041290283203,5.276165161132813,0.0005433235013119371,0.013583087532798428
S1,10,ang_vel,-0.0006455817492678761,-0.0064558174926787615,0.0064558174926787615,0.017601398935009775,14,10,131.9041290283203,5.276165161132813,-4.8943255531391845e-05,-0.001223581388284796
S1,10,center_precision,-0.04161771759390831,-0.4161771759390831,0.4161771759390831,1.1346820924936045,9,10,131.9041290283203,5.276165161132813,-0.0031551489631513226,-0.07887872407878306
S1,10,center_precision_square,-0.1293155699968338,-1.293155699968338,1.293155699968338,3.525711404641952,6,10,131.9041290283203,5.276165161132813,-0.009803754510904603,-0.24509386277261505
S1,10,contact_clearance,-0.06413057446479797,-0.6413057446479797,0.6413057446479797,1.748481623537786,8,10,131.9041290283203,5.276165161132813,-0.004861908034056227,-0.12154770085140568
S1,10,crash_penalty,-0.8125,-8.125,8.125,22.152324861899654,2,10,131.9041290283203,5.276165161132813,-0.06159776846906386,-1.5399442117265965
S1,10,descent_horizontal_rel_vel,-0.009309125132858753,-0.09309125132858753,0.09309125132858753,0.2538077096900454,10,10,131.9041290283203,5.276165161132813,-0.0007057493348718484,-0.01764373337179621
S1,10,descent_vel,-0.0014568481128662825,-0.014568481128662825,0.014568481128662825,0.0397200894408115,13,10,131.9041290283203,5.276165161132813,-0.00011044749877037524,-0.002761187469259381
S1,10,height_tracking,-0.409247487783432,-4.09247487783432,4.09247487783432,11.157887136362948,3,10,131.9041290283203,5.276165161132813,-0.031026131691113706,-0.7756532922778426
S1,10,horizontal_error,-1.6145579814910889,-16.14557981491089,16.14557981491089,44.01995435613978,1,10,131.9041290283203,5.276165161132813,-0.12240389996771346,-3.0600974991928362
S1,10,landing_bonus,0.0,0.0,0.0,0.0,,10,131.9041290283203,5.276165161132813,0.0,0.0
S1,10,lin_vel,-0.0027590617537498474,-0.027590617537498474,0.027590617537498474,0.07522416280998055,11,10,131.9041290283203,5.276165161132813,-0.0002091717502761014,-0.005229293756902535
S1,10,near_pad_horizontal_rel_vel,-0.0021409981418401003,-0.021409981418401003,0.021409981418401003,0.05837302937448051,12,10,131.9041290283203,5.276165161132813,-0.00016231471733386146,-0.004057867933346537
S1,10,off_center_contact,0.0,0.0,0.0,0.0,,10,131.9041290283203,5.276165161132813,0.0,0.0
S1,10,post_align_descent,0.007630856707692146,0.07630856707692146,0.07630856707692146,0.20805072832418764,,10,131.9041290283203,5.276165161132813,0.0005785153780935677,0.014462884452339193
S1,10,predicted_pad_error,-0.0983971506357193,-0.983971506357193,0.983971506357193,2.682739257067975,7,10,131.9041290283203,5.276165161132813,-0.007459747572768784,-0.1864936893192196
S1,10,progress_to_pad,-0.30710819363594055,-3.0710819363594055,3.0710819363594055,8.373120582368664,4,10,131.9041290283203,5.276165161132813,-0.023282682346509657,-0.5820670586627414
S1,10,rel_vel,-0.15487408638000488,-1.5487408638000488,1.5487408638000488,4.22254901437511,5,10,131.9041290283203,5.276165161132813,-0.011741413064237954,-0.29353532660594883
S1,10,tilt,-0.00042869371827691793,-0.004286937182769179,0.004286937182769179,0.011688076939724276,15,10,131.9041290283203,5.276165161132813,-3.2500401726232226e-05,-0.0008125100431558055
S1,11,align_bonus,0.001999999862164259,0.01999999862164259,0.01999999862164259,0.04806833935184889,,11,134.5421905517578,5.381687622070313,0.0001486522446202381,0.0037163061155059524
S1,11,align_hold,0.0,0.0,0.0,0.0,,11,134.5421905517578,5.381687622070313,0.0,0.0
S1,11,ang_vel,-0.0006048862705938518,-0.006048862705938518,0.006048862705938518,0.014537940264013666,8,11,134.5421905517578,5.381687622070313,-4.495885403033888e-05,-0.0011239713507584718
S1,11,center_precision,0.0,0.0,0.0,0.0,,11,134.5421905517578,5.381687622070313,0.0,0.0
S1,11,center_precision_square,0.0,0.0,0.0,0.0,,11,134.5421905517578,5.381687622070313,0.0,0.0
S1,11,contact_clearance,0.0,0.0,0.0,0.0,,11,134.5421905517578,5.381687622070313,0.0,0.0
S1,11,crash_penalty,-2.75,-27.5,27.5,66.09397116384797,1,11,134.5421905517578,5.381687622070313,-0.20439685043942307,-5.109921260985576
S1,11,descent_horizontal_rel_vel,0.0,0.0,0.0,0.0,,11,134.5421905517578,5.381687622070313,0.0,0.0
S1,11,descent_vel,-0.003885598387569189,-0.03885598387569189,0.03885598387569189,0.09338713737537896,6,11,134.5421905517578,5.381687622070313,-0.000288801480906052,-0.007220037022651299
S1,11,height_tracking,-0.3559645414352417,-3.559645414352417,3.559645414352417,8.555312777081175,3,11,134.5421905517578,5.381687622070313,-0.02645746586817342,-0.6614366467043356
S1,11,horizontal_error,-0.7963838577270508,-7.963838577270508,7.963838577270508,19.140426082896617,2,11,134.5421905517578,5.381687622070313,-0.05919212809462064,-1.4798032023655159
S1,11,landing_bonus,0.0,0.0,0.0,0.0,,11,134.5421905517578,5.381687622070313,0.0,0.0
S1,11,lin_vel,-0.003089839592576027,-0.03089839592576027,0.03089839592576027,0.07426173415732207,7,11,134.5421905517578,5.381687622070313,-0.00022965581130384366,-0.005741395282596091
S1,11,near_pad_horizontal_rel_vel,0.0,0.0,0.0,0.0,,11,134.5421905517578,5.381687622070313,0.0,0.0
S1,11,off_center_contact,0.0,0.0,0.0,0.0,,11,134.5421905517578,5.381687622070313,0.0,0.0
S1,11,post_align_descent,0.0,0.0,0.0,0.0,,11,134.5421905517578,5.381687622070313,0.0,0.0
S1,11,predicted_pad_error,0.0,0.0,0.0,0.0,,11,134.5421905517578,5.381687622070313,0.0,0.0
S1,11,progress_to_pad,-0.11293333023786545,-1.1293333023786545,1.1293333023786545,2.7142590080650177,5,11,134.5421905517578,5.381687622070313,-0.008393897094638166,-0.20984742736595416
S1,11,rel_vel,-0.13549816608428955,-1.3549816608428955,1.3549816608428955,3.256586138883388,4,11,134.5421905517578,5.381687622070313,-0.010071053959253323,-0.25177634898133305
S1,11,tilt,-0.0003823588485829532,-0.003823588485829532,0.003823588485829532,0.009189678077266844,9,11,134.5421905517578,5.381687622070313,-2.8419252504727234e-05,-0.0007104813126181808
S1,12,align_bonus,0.0,0.0,0.0,0.0,,12,140.0978546142578,5.603914184570312,0.0,0.0
S1,12,align_hold,0.0,0.0,0.0,0.0,,12,140.0978546142578,5.603914184570312,0.0,0.0
S1,12,ang_vel,-0.0009048769134096801,-0.009048769134096801,0.009048769134096801,0.025968864206272518,8,12,140.0978546142578,5.603914184570312,-6.458892007312655e-05,-0.0016147230018281637
S1,12,center_precision,0.0,0.0,0.0,0.0,,12,140.0978546142578,5.603914184570312,0.0,0.0
S1,12,center_precision_square,0.0,0.0,0.0,0.0,,12,140.0978546142578,5.603914184570312,0.0,0.0
S1,12,contact_clearance,0.0,0.0,0.0,0.0,,12,140.0978546142578,5.603914184570312,0.0,0.0
S1,12,crash_penalty,-1.4375,-14.375,14.375,41.25449742755852,1,12,140.0978546142578,5.603914184570312,-0.10260685318543808,-2.565171329635952
S1,12,descent_horizontal_rel_vel,0.0,0.0,0.0,0.0,,12,140.0978546142578,5.603914184570312,0.0,0.0
S1,12,descent_vel,-0.002212952356785536,-0.022129523567855358,0.022129523567855358,0.06350903465065631,7,12,140.0978546142578,5.603914184570312,-0.0001579576191854349,-0.003948940479635872
S1,12,height_tracking,-0.34309571981430054,-3.4309571981430054,3.4309571981430054,9.846428862946365,3,12,140.0978546142578,5.603914184570312,-0.024489719757591746,-0.6122429939397936
S1,12,horizontal_error,-1.3566358089447021,-13.566358089447021,13.566358089447021,38.93379373234295,2,12,140.0978546142578,5.603914184570312,-0.09683487393008493,-2.420871848252123
S1,12,landing_bonus,0.0,0.0,0.0,0.0,,12,140.0978546142578,5.603914184570312,0.0,0.0
S1,12,lin_vel,-0.003001868724822998,-0.03001868724822998,0.03001868724822998,0.08614997258162,6,12,140.0978546142578,5.603914184570312,-0.00021426942854251935,-0.005356735713562984
S1,12,near_pad_horizontal_rel_vel,0.0,0.0,0.0,0.0,,12,140.0978546142578,5.603914184570312,0.0,0.0
S1,12,off_center_contact,0.0,0.0,0.0,0.0,,12,140.0978546142578,5.603914184570312,0.0,0.0
S1,12,post_align_descent,0.0,0.0,0.0,0.0,,12,140.0978546142578,5.603914184570312,0.0,0.0
S1,12,predicted_pad_error,0.0,0.0,0.0,0.0,,12,140.0978546142578,5.603914184570312,0.0,0.0
S1,12,progress_to_pad,-0.17738577723503113,-1.7738577723503113,1.7738577723503113,5.090755541306477,4,12,140.0978546142578,5.603914184570312,-0.012661562714392808,-0.3165390678598202
S1,12,rel_vel,-0.16320650279521942,-1.6320650279521942,1.6320650279521942,4.683827651983445,5,12,140.0978546142578,5.603914184570312,-0.011649464814760256,-0.29123662036900644
S1,12,tilt,-0.0005250715184956789,-0.005250715184956789,0.005250715184956789,0.015068912423696856,9,12,140.0978546142578,5.603914184570312,-3.747891214618515e-05,-0.0009369728036546288
S1,13,align_bonus,0.0,0.0,0.0,0.0,,13,141.1414337158203,5.645657348632812,0.0,0.0
S1,13,align_hold,0.0,0.0,0.0,0.0,,13,141.1414337158203,5.645657348632812,0.0,0.0
S1,13,ang_vel,-0.0004936206969432533,-0.004936206969432533,0.004936206969432533,0.010794088081005586,8,13,141.1414337158203,5.645657348632812,-3.4973479009511024e-05,-0.0008743369752377756
S1,13,center_precision,0.0,0.0,0.0,0.0,,13,141.1414337158203,5.645657348632812,0.0,0.0
S1,13,center_precision_square,0.0,0.0,0.0,0.0,,13,141.1414337158203,5.645657348632812,0.0,0.0
S1,13,contact_clearance,0.0,0.0,0.0,0.0,,13,141.1414337158203,5.645657348632812,0.0,0.0
S1,13,crash_penalty,-2.75,-27.5,27.5,60.134719647255416,1,13,141.1414337158203,5.645657348632812,-0.19484002164360592,-4.871000541090148
S1,13,descent_horizontal_rel_vel,0.0,0.0,0.0,0.0,,13,141.1414337158203,5.645657348632812,0.0,0.0
S1,13,descent_vel,-0.003863222897052765,-0.03863222897052765,0.03863222897052765,0.0844777548542276,6,13,141.1414337158203,5.645657348632812,-0.0002737128846821217,-0.006842822117053043
S1,13,height_tracking,-0.3101186752319336,-3.101186752319336,3.101186752319336,6.781418033618392,3,13,141.1414337158203,5.645657348632812,-0.021972192507009578,-0.5493048126752395
S1,13,horizontal_error,-1.0645588636398315,-10.645588636398315,10.645588636398315,23.278890477448027,2,13,141.1414337158203,5.645657348632812,-0.07542497164817356,-1.885624291204339
S1,13,landing_bonus,0.0,0.0,0.0,0.0,,13,141.1414337158203,5.645657348632812,0.0,0.0
S1,13,lin_vel,-0.0034723139833658934,-0.034723139833658934,0.034723139833658934,0.07592968287889189,7,13,141.1414337158203,5.645657348632812,-0.0002460166296990568,-0.00615041574247642
S1,13,near_pad_horizontal_rel_vel,0.0,0.0,0.0,0.0,,13,141.1414337158203,5.645657348632812,0.0,0.0
S1,13,off_center_contact,0.0,0.0,0.0,0.0,,13,141.1414337158203,5.645657348632812,0.0,0.0
S1,13,post_align_descent,0.0,0.0,0.0,0.0,,13,141.1414337158203,5.645657348632812,0.0,0.0
S1,13,predicted_pad_error,0.0,0.0,0.0,0.0,,13,141.1414337158203,5.645657348632812,0.0,0.0
S1,13,progress_to_pad,-0.2908328175544739,-2.9083281755447388,2.9083281755447388,6.359690890130789,4,13,141.1414337158203,5.645657348632812,-0.02060577180617621,-0.5151442951544053
S1,13,rel_vel,-0.1494121253490448,-1.494121253490448,1.494121253490448,3.26722046173287,5,13,141.1414337158203,5.645657348632812,-0.0105859860861182,-0.264649652152955
S1,13,tilt,-0.0003136649029329419,-0.003136649029329419,0.003136649029329419,0.006858964000384016,9,13,141.1414337158203,5.645657348632812,-2.2223445991379617e-05,-0.0005555861497844905
S1,14,align_bonus,0.005277776625007391,0.05277776625007391,0.05277776625007391,0.11860337498375831,,14,143.2509307861328,5.730037231445313,0.00036842878409543275,0.00921071960238582
S1,14,align_hold,0.002444443292915821,0.02444443292915821,0.02444443292915821,0.05493207558700385,,14,143.2509307861328,5.730037231445313,0.00017064065688796569,0.004266016422199142
S1,14,ang_vel,-0.0004598656087182462,-0.004598656087182462,0.004598656087182462,0.010334202659224528,11,14,143.2509307861328,5.730037231445313,-3.2102102666600114e-05,-0.0008025525666650027
S1,14,center_precision,0.0,0.0,0.0,0.0,,14,143.2509307861328,5.730037231445313,0.0,0.0
S1,14,center_precision_square,0.0,0.0,0.0,0.0,,14,143.2509307861328,5.730037231445313,0.0,0.0
S1,14,contact_clearance,-0.026117710396647453,-0.26117710396647453,0.26117710396647453,0.5869230208064069,6,14,143.2509307861328,5.730037231445313,-0.0018232140100813738,-0.04558035025203434
S1,14,crash_penalty,-2.375,-23.75,23.75,53.37153040008235,1,14,143.2509307861328,5.730037231445313,-0.16579298905539175,-4.144824726384794
S1,14,descent_horizontal_rel_vel,-0.004193299449980259,-0.04193299449980259,0.04193299449980259,0.09423276171421895,8,14,143.2509307861328,5.730037231445313,-0.00029272406308065573,-0.007318101577016393
S1,14,descent_vel,-0.0036701865028589964,-0.036701865028589964,0.036701865028589964,0.08247725074160457,9,14,143.2509307861328,5.730037231445313,-0.0002562068171367361,-0.006405170428418401
S1,14,height_tracking,-0.311806857585907,-3.11806857585907,3.11806857585907,7.006993338358056,4,14,143.2509307861328,5.730037231445313,-0.02176648039037321,-0.5441620097593302
S1,14,horizontal_error,-1.1934144496917725,-11.934144496917725,11.934144496917725,26.81867603436715,2,14,143.2509307861328,5.730037231445313,-0.08330936791422923,-2.0827341978557303
S1,14,landing_bonus,0.0,0.0,0.0,0.0,,14,143.2509307861328,5.730037231445313,0.0,0.0
S1,14,lin_vel,-0.0025276150554418564,-0.025276150554418564,0.025276150554418564,0.0568011300089351,10,14,143.2509307861328,5.730037231445313,-0.00017644667588341689,-0.004411166897085422
S1,14,near_pad_horizontal_rel_vel,0.0,0.0,0.0,0.0,,14,143.2509307861328,5.730037231445313,0.0,0.0
S1,14,off_center_contact,0.0,0.0,0.0,0.0,,14,143.2509307861328,5.730037231445313,0.0,0.0
S1,14,post_align_descent,0.0006830330239608884,0.006830330239608884,0.006830330239608884,0.015349270653721572,,14,143.2509307861328,5.730037231445313,4.76808785962184e-05,0.00119202196490546
S1,14,predicted_pad_error,-0.02543998509645462,-0.2543998509645462,0.2543998509645462,0.5716930265065556,7,14,143.2509307861328,5.730037231445313,-0.0017759036508066654,-0.04439759127016663
S1,14,progress_to_pad,-0.352390855550766,-3.52390855550766,3.52390855550766,7.91900600410052,3,14,143.2509307861328,5.730037231445313,-0.024599550845283487,-0.6149887711320872
S1,14,rel_vel,-0.14622445404529572,-1.4622445404529572,1.4622445404529572,3.2859885870795558,5,14,143.2509307861328,5.730037231445313,-0.010207574445963093,-0.2551893611490773
S1,14,tilt,-0.0002874447382055223,-0.002874447382055223,0.002874447382055223,0.00645952235093884,12,14,143.2509307861328,5.730037231445313,-2.0065819930668678e-05,-0.0005016454982667168
S1,15,align_bonus,0.006166665814816952,0.06166665814816952,0.06166665814816952,0.1318657207391782,,15,144.5576934814453,5.782307739257813,0.0004265885589554231,0.010664713973885577
S1,15,align_hold,0.012916658073663712,0.12916658073663712,0.12916658073663712,0.2762050802773637,,15,144.5576934814453,5.782307739257813,0.0008935296187000679,0.022338240467501696
S1,15,ang_vel,-0.0007742185844108462,-0.007742185844108462,0.007742185844108462,0.016555606337171524,12,15,144.5576934814453,5.782307739257813,-5.355775716705254e-05,-0.0013389439291763136
S1,15,center_precision,0.0,0.0,0.0,0.0,,15,144.5576934814453,5.782307739257813,0.0,0.0
S1,15,center_precision_square,0.0,0.0,0.0,0.0,,15,144.5576934814453,5.782307739257813,0.0,0.0
S1,15,contact_clearance,-0.14331047236919403,-1.4331047236919403,1.4331047236919403,3.0644985955018558,7,15,144.5576934814453,5.782307739257813,-0.00991372156803184,-0.24784303920079603
S1,15,crash_penalty,-2.625,-26.25,26.25,56.13203752806535,1,15,144.5576934814453,5.782307739257813,-0.18158839815308284,-4.539709953827071
S1,15,descent_horizontal_rel_vel,-0.01969355344772339,-0.1969355344772339,0.1969355344772339,0.42111972616707427,8,15,144.5576934814453,5.782307739257813,-0.0013623317426720808,-0.03405829356680202
S1,15,descent_vel,-0.004521915689110756,-0.04521915689110756,0.04521915689110756,0.09669498710853806,9,15,144.5576934814453,5.782307739257813,-0.00031281044821672985,-0.007820261205418247
S1,15,height_tracking,-0.32419073581695557,-3.2419073581695557,3.2419073581695557,6.932375828239417,3,15,144.5576934814453,5.782307739257813,-0.02242639101450294,-0.5606597753625735
S1,15,horizontal_error,-1.0564074516296387,-10.564074516296387,10.564074516296387,22.58982960754391,2,15,144.5576934814453,5.782307739257813,-0.07307860454796436,-1.826965113699109
S1,15,landing_bonus,0.0,0.0,0.0,0.0,,15,144.5576934814453,5.782307739257813,0.0,0.0
S1,15,lin_vel,-0.0041847433894872665,-0.041847433894872665,0.041847433894872665,0.08948501827962767,10,15,144.5576934814453,5.782307739257813,-0.00028948603762997914,-0.007237150940749478
S1,15,near_pad_horizontal_rel_vel,0.0,0.0,0.0,0.0,,15,144.5576934814453,5.782307739257813,0.0,0.0
S1,15,off_center_contact,0.0,0.0,0.0,0.0,,15,144.5576934814453,5.782307739257813,0.0,0.0
S1,15,post_align_descent,-0.00394198764115572,-0.0394198764115572,0.0394198764115572,0.08429401836515149,11,15,144.5576934814453,5.782307739257813,-0.00027269303668446353,-0.006817325917111587
S1,15,predicted_pad_error,-0.1469188630580902,-1.469188630580902,1.469188630580902,3.141659098955205,6,15,144.5576934814453,5.782307739257813,-0.01016333752426314,-0.25408343810657846
S1,15,progress_to_pad,-0.17499572038650513,-1.7499572038650513,1.7499572038650513,3.742044321518528,4,15,144.5576934814453,5.782307739257813,-0.012105597161382953,-0.3026399290345738
S1,15,rel_vel,-0.15292395651340485,-1.5292395651340485,1.5292395651340485,3.2700698156002566,5,15,144.5576934814453,5.782307739257813,-0.010578749067619386,-0.2644687266904846
S1,15,tilt,-0.0005268069799058139,-0.005268069799058139,0.005268069799058139,0.011265047301379016,13,15,144.5576934814453,5.782307739257813,-3.64426802350324e-05,-0.00091106700587581
S1,16,align_bonus,0.014833330176770687,0.14833330176770687,0.14833330176770687,0.24593529146015874,,16,145.77642822265625,5.8310571289062505,0.001017539691267132,0.0254384922816783
S1,16,align_hold,0.018999988213181496,0.18999988213181496,0.18999988213181496,0.3150181101116475,,16,145.77642822265625,5.8310571289062505,0.001303364916045361,0.03258412290113402
S1,16,ang_vel,-0.0006994721479713917,-0.006994721479713917,0.006994721479713917,0.011597185832821422,11,16,145.77642822265625,5.8310571289062505,-4.79825275251655e-05,-0.0011995631881291375
S1,16,center_precision,0.0,0.0,0.0,0.0,,16,145.77642822265625,5.8310571289062505,0.0,0.0
S1,16,center_precision_square,0.0,0.0,0.0,0.0,,16,145.77642822265625,5.8310571289062505,0.0,0.0
S1,16,contact_clearance,-0.2328108549118042,-2.328108549118042,2.328108549118042,3.859983211827109,5,16,145.77642822265625,5.8310571289062505,-0.015970404663517557,-0.3992601165879389
S1,16,crash_penalty,-3.0,-30.0,30.0,49.73973245306007,1,16,145.77642822265625,5.8310571289062505,-0.20579458809471274,-5.144864702367818
S1,16,descent_horizontal_rel_vel,-0.02653372287750244,-0.2653372287750244,0.2653372287750244,0.43992675897020356,8,16,145.77642822265625,5.8310571289062505,-0.0018201655233982903,-0.045504138084957256
S1,16,descent_vel,-0.0030674003064632416,-0.030674003064632416,0.030674003064632416,0.05085722352330537,9,16,145.77642822265625,5.8310571289062505,-0.00021041812753006613,-0.005260453188251653
S1,16,height_tracking,-0.37479472160339355,-3.7479472160339355,3.7479472160339355,6.214063059123976,4,16,145.77642822265625,5.8310571289062505,-0.025710241784147637,-0.6427560446036908
S1,16,horizontal_error,-1.5162315368652344,-15.162315368652344,15.162315368652344,25.138983660189616,2,16,145.77642822265625,5.8310571289062505,-0.10401074819513138,-2.6002687048782844
S1,16,landing_bonus,0.0,0.0,0.0,0.0,,16,145.77642822265625,5.8310571289062505,0.0,0.0
S1,16,lin_vel,-0.002823418704792857,-0.02823418704792857,0.02823418704792857,0.046812030326454035,10,16,145.77642822265625,5.8310571289062505,-0.00019368142979058446,-0.004842035744764611
S1,16,near_pad_horizontal_rel_vel,0.0,0.0,0.0,0.0,,16,145.77642822265625,5.8310571289062505,0.0,0.0
S1,16,off_center_contact,0.0,0.0,0.0,0.0,,16,145.77642822265625,5.8310571289062505,0.0,0.0
S1,16,post_align_descent,0.004030499141663313,0.04030499141663313,0.04030499141663313,0.06682531631954049,,16,145.77642822265625,5.8310571289062505,0.0002764849702248982,0.006912124255622456
S1,16,predicted_pad_error,-0.2219751924276352,-2.219751924276352,2.219751924276352,3.6803288941890333,6,16,145.77642822265625,5.8310571289062505,-0.015227097764296595,-0.38067744410741483
S1,16,progress_to_pad,-0.44372889399528503,-4.43728893995285,4.43728893995285,7.356985489672577,3,16,145.77642822265625,5.8310571289062505,-0.03043900165516071,-0.7609750413790177
S1,16,rel_vel,-0.1704227179288864,-1.7042271792888641,1.7042271792888641,2.8255934645687115,7,16,145.77642822265625,5.8310571289062505,-0.011690691012718865,-0.2922672753179716
S1,16,tilt,-0.0004437810857780278,-0.004437810857780278,0.004437810857780278,0.007357850824775867,12,16,145.77642822265625,5.8310571289062505,-3.0442581917304536e-05,-0.0007610645479326133
S1,17,align_bonus,0.10291662067174911,1.0291662067174911,1.0291662067174911,0.9066946669749099,,17,148.72256469726562,5.948902587890625,0.006920040740370672,0.17300101850926677
S1,17,align_hold,0.17054155468940735,1.7054155468940735,1.7054155468940735,1.5024698355349484,,17,148.72256469726562,5.948902587890625,0.011467093445877274,0.2866773361469318
S1,17,ang_vel,-0.0008692086557857692,-0.008692086557857692,0.008692086557857692,0.007657721829042959,15,17,148.72256469726562,5.948902587890625,-5.8444974880247626e-05,-0.0014611243720061907
S1,17,center_precision,-0.4129132926464081,-4.129132926464081,4.129132926464081,3.63776305442099,8,17,148.72256469726562,5.948902587890625,-0.02776399758079211,-0.6940999395198026
S1,17,center_precision_square,-0.9412025213241577,-9.412025213241577,9.412025213241577,8.291987251989207,5,17,148.72256469726562,5.948902587890625,-0.0632857914493363,-1.5821447862334073
S1,17,contact_clearance,-2.1794095039367676,-21.794095039367676,21.794095039367676,19.200581611365852,2,17,148.72256469726562,5.948902587890625,-0.14654195268707854,-3.663548817176963
S1,17,crash_penalty,-1.8125,-18.125,18.125,15.968111595245347,3,17,148.72256469726562,5.948902587890625,-0.12187121730246252,-3.0467804325615626
S1,17,descent_horizontal_rel_vel,-0.2638428211212158,-2.638428211212158,2.638428211212158,2.3244533027685135,9,17,148.72256469726562,5.948902587890625,-0.017740604571894313,-0.4435151142973578
S1,17,descent_vel,-0.0023243434261530638,-0.023243434261530638,0.023243434261530638,0.020477448394199745,14,17,148.72256469726562,5.948902587890625,-0.00015628720704786222,-0.003907180176196555
S1,17,height_tracking,-0.7347903251647949,-7.347903251647949,7.347903251647949,6.473497330393413,6,17,148.72256469726562,5.948902587890625,-0.04940678145649976,-1.235169536412494
S1,17,horizontal_error,-1.2775408029556274,-12.775408029556274,12.775408029556274,11.255125025696445,4,17,148.72256469726562,5.948902587890625,-0.08590093948125116,-2.147523487031279
S1,17,landing_bonus,0.0,0.0,0.0,0.0,,17,148.72256469726562,5.948902587890625,0.0,0.0
S1,17,lin_vel,-0.004049315117299557,-0.04049315117299557,0.04049315117299557,0.03567443623578115,13,17,148.72256469726562,5.948902587890625,-0.00027227308280637836,-0.006806827070159459
S1,17,near_pad_horizontal_rel_vel,-0.025944827124476433,-0.25944827124476433,0.25944827124476433,0.22857373508578654,12,17,148.72256469726562,5.948902587890625,-0.0017445118148203538,-0.04361279537050884
S1,17,off_center_contact,0.0,0.0,0.0,0.0,,17,148.72256469726562,5.948902587890625,0.0,0.0
S1,17,post_align_descent,-0.12712398171424866,-1.2712398171424866,1.2712398171424866,1.1199613387283043,11,17,148.72256469726562,5.948902587890625,-0.008547726565435294,-0.21369316413588232
S1,17,predicted_pad_error,-2.6616411209106445,-26.616411209106445,26.616411209106445,23.44903859045246,1,17,148.72256469726562,5.948902587890625,-0.17896686533940473,-4.474171633485118
S1,17,progress_to_pad,-0.43039584159851074,-4.303958415985107,4.303958415985107,3.79178418139286,7,17,148.72256469726562,5.948902587890625,-0.028939511800015635,-0.7234877950003908
S1,17,rel_vel,-0.20216411352157593,-2.0216411352157593,2.0216411352157593,1.7810643449745507,10,17,148.72256469726562,5.948902587890625,-0.01359337192261941,-0.3398342980654852
S1,17,tilt,-0.0005771319847553968,-0.005771319847553968,0.005771319847553968,0.005084528517384614,16,17,148.72256469726562,5.948902587890625,-3.880594622142149e-05,-0.0009701486555355372
S1,18,align_bonus,0.049166660755872726,0.49166660755872726,0.49166660755872726,0.395741314898655,,18,150.33837890625,6.013535156250001,0.003270399821627232,0.0817599955406808
S1,18,align_hold,0.14354157447814941,1.4354157447814941,1.4354157447814941,1.1553628119806965,,18,150.33837890625,6.013535156250001,0.009547899579764723,0.23869748949411806
S1,18,ang_vel,-0.0008525106823071837,-0.008525106823071837,0.008525106823071837,0.006861838758107987,15,18,150.33837890625,6.013535156250001,-5.6706124444697096e-05,-0.0014176531111174272
S1,18,center_precision,-0.14935138821601868,-1.4935138821601868,1.4935138821601868,1.2021258683403053,11,18,150.33837890625,6.013535156250001,-0.009934348720705123,-0.24835871801762804
S1,18,center_precision_square,-0.5873975157737732,-5.873975157737732,5.873975157737732,4.727949014368451,6,18,150.33837890625,6.013535156250001,-0.039071694137401226,-0.9767923534350305
S1,18,contact_clearance,-2.7187719345092773,-27.187719345092773,27.187719345092773,21.88333239905349,2,18,150.33837890625,6.013535156250001,-0.18084350478494152,-4.521087619623538
S1,18,crash_penalty,-2.9375,-29.375,29.375,23.643869537671318,1,18,150.33837890625,6.013535156250001,-0.19539255520586699,-4.884813880146674
S1,18,descent_horizontal_rel_vel,-0.2266170233488083,-2.266170233488083,2.266170233488083,1.8240351778977493,9,18,150.33837890625,6.013535156250001,-0.01507379718987958,-0.37684492974698947
S1,18,descent_vel,-0.009661378338932991,-0.09661378338932991,0.09661378338932991,0.07776421072334137,12,18,150.33837890625,6.013535156250001,-0.0006426421788782065,-0.016066054471955162
S1,18,height_tracking,-0.846369743347168,-8.46369743347168,8.46369743347168,6.812410482496271,5,18,150.33837890625,6.013535156250001,-0.056297649974991315,-1.4074412493747828
S1,18,horizontal_error,-1.3787139654159546,-13.787139654159546,13.787139654159546,11.097236809552449,4,18,150.33837890625,6.013535156250001,-0.09170738539596142,-2.2926846348990355
S1,18,landing_bonus,0.0,0.0,0.0,0.0,,18,150.33837890625,6.013535156250001,0.0,0.0
S1,18,lin_vel,-0.00459322752431035,-0.045932275243103504,0.045932275243103504,0.036970782073748064,14,18,150.33837890625,6.013535156250001,-0.0003055259447206529,-0.007638148618016321
S1,18,near_pad_horizontal_rel_vel,-0.00707769300788641,-0.0707769300788641,0.0707769300788641,0.05696818727018035,13,18,150.33837890625,6.013535156250001,-0.0004707841776250635,-0.011769604440626587
S1,18,off_center_contact,0.0,0.0,0.0,0.0,,18,150.33837890625,6.013535156250001,0.0,0.0
S1,18,post_align_descent,-0.25535887479782104,-2.5535887479782104,2.5535887479782104,2.0553776752361617,8,18,150.33837890625,6.013535156250001,-0.01698560784382683,-0.4246401960956708
S1,18,predicted_pad_error,-2.4710323810577393,-24.710323810577393,24.710323810577393,19.889282465052087,3,18,150.33837890625,6.013535156250001,-0.1643647084021478,-4.109117710053695
S1,18,progress_to_pad,-0.41947218775749207,-4.194721877574921,4.194721877574921,3.3763219343045825,7,18,150.33837890625,6.013535156250001,-0.027901869822546915,-0.6975467455636728
S1,18,rel_vel,-0.2178364098072052,-2.178364098072052,2.178364098072052,1.7533602226506433,10,18,150.33837890625,6.013535156250001,-0.014489740503524154,-0.36224351258810383
S1,18,tilt,-0.0006248331628739834,-0.006248331628739834,0.006248331628739834,0.005029267671762722,16,18,150.33837890625,6.013535156250001,-4.156178664555277e-05,-0.0010390446661388193
S1,19,align_bonus,0.01966666430234909,0.1966666430234909,0.1966666430234909,0.18285517696734052,,19,150.72938537597656,6.029175415039063,0.0013047664364379203,0.032619160910948006
S1,19,align_hold,0.14833323657512665,1.4833323657512665,1.4833323657512665,1.3791611941453332,,19,150.72938537597656,6.029175415039063,0.009841029750444945,0.2460257437611236
S1,19,ang_vel,-0.0007457569008693099,-0.007457569008693099,0.007457569008693099,0.006933840329332558,12,19,150.72938537597656,6.029175415039063,-4.9476543608872806e-05,-0.00123691359022182
S1,19,center_precision,0.0,0.0,0.0,0.0,,19,150.72938537597656,6.029175415039063,0.0,0.0
S1,19,center_precision_square,0.0,0.0,0.0,0.0,,19,150.72938537597656,6.029175415039063,0.0,0.0
S1,19,contact_clearance,-2.7772128582000732,-27.772128582000732,27.772128582000732,25.82175303625284,1,19,150.72938537597656,6.029175415039063,-0.1842515877891126,-4.606289694727815
S1,19,crash_penalty,-2.0,-20.0,20.0,18.595443961027932,3,19,150.72938537597656,6.029175415039063,-0.13268812813183292,-3.3172032032958225
S1,19,descent_horizontal_rel_vel,-0.21080170571804047,-2.1080170571804047,2.1080170571804047,1.9599756527844616,8,19,150.72938537597656,6.029175415039063,-0.013985441869362144,-0.3496360467340536
S1,19,descent_vel,-0.0026815920136868954,-0.026815920136868954,0.026815920136868954,0.024932697008427356,11,19,150.72938537597656,6.029175415039063,-0.00017790771235469332,-0.004447692808867332
S1,19,height_tracking,-0.8686435222625732,-8.686435222625732,8.686435222625732,8.0764059701718,5,19,150.72938537597656,6.029175415039063,-0.057629341491431486,-1.440733537285787
S1,19,horizontal_error,-1.215545415878296,-12.155454158782959,12.155454158782959,11.301803331524622,4,19,150.72938537597656,6.029175415039063,-0.08064422294606073,-2.016105573651518
S1,19,landing_bonus,0.0,0.0,0.0,0.0,,19,150.72938537597656,6.029175415039063,0.0,0.0
S1,19,lin_vel,-0.0034089141990989447,-0.03408914199098945,0.03408914199098945,0.031695136478648425,10,19,150.72938537597656,6.029175415039063,-0.00022616122202023266,-0.005654030550505816
S1,19,near_pad_horizontal_rel_vel,0.0,0.0,0.0,0.0,,19,150.72938537597656,6.029175415039063,0.0,0.0
S1,19,off_center_contact,0.0,0.0,0.0,0.0,,19,150.72938537597656,6.029175415039063,0.0,0.0
S1,19,post_align_descent,-0.22328516840934753,-2.2328516840934753,2.2328516840934753,2.0760434182423535,7,19,150.72938537597656,6.029175415039063,-0.014813645517918698,-0.3703411379479674
S1,19,predicted_pad_error,-2.7542972564697266,-27.542972564697266,27.542972564697266,25.608690142347893,2,19,150.72938537597656,6.029175415039063,-0.18273127363980546,-4.5682818409951365
S1,19,progress_to_pad,-0.35622912645339966,-3.5622912645339966,3.5622912645339966,3.3121193791250634,6,19,150.72938537597656,6.029175415039063,-0.0236336879875698,-0.590842199689245
S1,19,rel_vel,-0.17400674521923065,-1.7400674521923065,1.7400674521923065,1.6178663397825344,9,19,150.72938537597656,6.029175415039063,-0.011544314652726241,-0.288607866318156
S1,19,tilt,-0.00046470778761431575,-0.0046470778761431575,0.0046470778761431575,0.00432072381141764,13,19,150.72938537597656,6.029175415039063,-3.083060323341446e-05,-0.0007707650808353615
S1,20,align_bonus,0.04783331975340843,0.4783331975340843,0.4783331975340843,0.43442019128815584,,20,151.3636474609375,6.0545458984375005,0.0031601590312992957,0.07900397578248239
S1,20,align_hold,0.16533321142196655,1.6533321142196655,1.6533321142196655,1.5015492485674253,,20,151.3636474609375,6.0545458984375005,0.010922914067899572,0.2730728516974893
S1,20,ang_vel,-0.0008472761837765574,-0.008472761837765574,0.008472761837765574,0.007694926543413979,12,20,151.3636474609375,6.0545458984375005,-5.5976200229663105e-05,-0.0013994050057415774
S1,20,center_precision,0.0,0.0,0.0,0.0,,20,151.3636474609375,6.0545458984375005,0.0,0.0
S1,20,center_precision_square,0.0,0.0,0.0,0.0,,20,151.3636474609375,6.0545458984375005,0.0,0.0
S1,20,contact_clearance,-2.859513759613037,-28.59513759613037,28.59513759613037,25.96998328458464,2,20,151.3636474609375,6.0545458984375005,-0.18891681110888883,-4.722920277722221
S1,20,crash_penalty,-2.0,-20.0,20.0,18.163915593886856,3,20,151.3636474609375,6.0545458984375005,-0.1321321224447991,-3.3033030611199776
S1,20,descent_horizontal_rel_vel,-0.22463828325271606,-2.2463828325271606,2.2463828325271606,2.040155408078991,7,20,151.3636474609375,6.0545458984375005,-0.014840966574268673,-0.37102416435671676
S1,20,descent_vel,-0.001911940868012607,-0.01911940868012607,0.01911940868012607,0.017364166273541884,11,20,151.3636474609375,6.0545458984375005,-0.00012631440243972866,-0.003157860060993216
S1,20,height_tracking,-0.9149223566055298,-9.149223566055298,9.149223566055298,8.309286230171447,5,20,151.3636474609375,6.0545458984375005,-0.060445316425243006,-1.5111329106310751
S1,20,horizontal_error,-1.239936351776123,-12.39936351776123,12.39936351776123,11.26104961772675,4,20,151.3636474609375,6.0545458984375005,-0.08191771092832009,-2.0479427732080024
S1,20,landing_bonus,0.0,0.0,0.0,0.0,,20,151.3636474609375,6.0545458984375005,0.0,0.0
S1,20,lin_vel,-0.0035969256423413754,-0.035969256423413754,0.035969256423413754,0.032667126882488004,10,20,151.3636474609375,6.0545458984375005,-0.00023763470969934416,-0.005940867742483603
S1,20,near_pad_horizontal_rel_vel,0.0,0.0,0.0,0.0,,20,151.3636474609375,6.0545458984375005,0.0,0.0
S1,20,off_center_contact,0.0,0.0,0.0,0.0,,20,151.3636474609375,6.0545458984375005,0.0,0.0
S1,20,post_align_descent,-0.1885516345500946,-1.885516345500946,1.885516345500946,1.7124179875286596,8,20,151.3636474609375,6.0545458984375005,-0.012456863831770058,-0.31142159579425144
S1,20,predicted_pad_error,-2.861546516418457,-28.61546516418457,28.61546516418457,25.988444696102913,1,20,151.3636474609375,6.0545458984375005,-0.18905110734444597,-4.726277683611149
S1,20,progress_to_pad,-0.3238620162010193,-3.238620162010193,3.238620162010193,2.941301163170666,6,20,151.3636474609375,6.0545458984375005,-0.021396287789946296,-0.5349071947486573
S1,20,rel_vel,-0.17785297334194183,-1.7785297334194183,1.7785297334194183,1.6152531979524203,9,20,151.3636474609375,6.0545458984375005,-0.011750045425394526,-0.2937511356348631
S1,20,tilt,-0.0004951753071509302,-0.004951753071509302,0.004951753071509302,0.004497161241633247,13,20,151.3636474609375,6.0545458984375005,-3.271428215805386e-05,-0.0008178570539513464
S1,21,align_bonus,0.09433329105377197,0.9433329105377197,0.9433329105377197,0.639195614429707,,21,154.35015869140625,6.17400634765625,0.006111641986865295,0.15279104967163237
S1,21,align_hold,0.22774982452392578,2.277498245239258,2.277498245239258,1.5432164763534741,,21,154.35015869140625,6.17400634765625,0.01475539944077856,0.368884986019464
S1,21,ang_vel,-0.0007713036611676216,-0.007713036611676216,0.007713036611676216,0.005226298288807629,12,21,154.35015869140625,6.17400634765625,-4.997103130355029e-05,-0.0012492757825887572
S1,21,center_precision,0.0,0.0,0.0,0.0,,21,154.35015869140625,6.17400634765625,0.0,0.0
S1,21,center_precision_square,0.0,0.0,0.0,0.0,,21,154.35015869140625,6.17400634765625,0.0,0.0
S1,21,contact_clearance,-4.586951732635498,-45.86951732635498,45.86951732635498,31.08085595603865,1,21,154.35015869140625,6.17400634765625,-0.2971782971604347,-7.429457429010868
S1,21,crash_penalty,-2.2083334922790527,-22.083334922790527,22.083334922790527,14.96350935809493,3,21,154.35015869140625,6.17400634765625,-0.14307296545734008,-3.576824136433502
S1,21,descent_horizontal_rel_vel,-0.3546304404735565,-3.546304404735565,3.546304404735565,2.4029504299257534,7,21,154.35015869140625,6.17400634765625,-0.02297570948291492,-0.574392737072873
S1,21,descent_vel,-0.0018631673883646727,-0.018631673883646727,0.018631673883646727,0.012624688593895182,11,21,154.35015869140625,6.17400634765625,-0.00012071042907637828,-0.003017760726909457
S1,21,height_tracking,-1.3205434083938599,-13.205434083938599,13.205434083938599,8.947907423565516,4,21,154.35015869140625,6.17400634765625,-0.08555504053831489,-2.1388760134578724
S1,21,horizontal_error,-1.218475103378296,-12.184751033782959,12.184751033782959,8.256299909299603,5,21,154.35015869140625,6.17400634765625,-0.07894226437527704,-1.9735566093819263
S1,21,landing_bonus,0.0,0.0,0.0,0.0,,21,154.35015869140625,6.17400634765625,0.0,0.0
S1,21,lin_vel,-0.004129088018089533,-0.04129088018089533,0.04129088018089533,0.02797840426507145,10,21,154.35015869140625,6.17400634765625,-0.0002675143357866485,-0.006687858394666212
S1,21,near_pad_horizontal_rel_vel,0.0,0.0,0.0,0.0,,21,154.35015869140625,6.17400634765625,0.0,0.0
S1,21,off_center_contact,0.0,0.0,0.0,0.0,,21,154.35015869140625,6.17400634765625,0.0,0.0
S1,21,post_align_descent,-0.31456947326660156,-3.1456947326660156,3.1456947326660156,2.131500189374923,8,21,154.35015869140625,6.17400634765625,-0.020380249423359732,-0.5095062355839933
S1,21,predicted_pad_error,-3.7032203674316406,-37.032203674316406,37.032203674316406,25.092755608195475,2,21,154.35015869140625,6.17400634765625,-0.23992332750596806,-5.998083187649202
S1,21,progress_to_pad,-0.5289556384086609,-5.289556384086609,5.289556384086609,3.584165468222181,6,21,154.35015869140625,6.17400634765625,-0.03426984739719037,-0.8567461849297593
S1,21,rel_vel,-0.19311141967773438,-1.9311141967773438,1.9311141967773438,1.3085091294434041,9,21,154.35015869140625,6.17400634765625,-0.012511255013596966,-0.3127813753399242
S1,21,tilt,-0.0004877628234680742,-0.004877628234680742,0.004877628234680742,0.0033050459086063854,13,21,154.35015869140625,6.17400634765625,-3.160105746591833e-05,-0.0007900264366479582
S1,22,align_bonus,0.009083330631256104,0.09083330631256104,0.09083330631256104,0.17880931576067696,,22,156.45420837402344,6.258168334960938,0.0005805743882287436,0.01451435970571859
S1,22,align_hold,0.03016664646565914,0.3016664646565914,0.3016664646565914,0.5938435616069638,,22,156.45420837402344,6.258168334960938,0.001928145415784661,0.04820363539461652
S1,22,ang_vel,-0.0009069269290193915,-0.009069269290193915,0.009069269290193915,0.017853251214358132,12,22,156.45420837402344,6.258168334960938,-5.796756370089252e-05,-0.001449189092522313
S1,22,center_precision,0.0,0.0,0.0,0.0,,22,156.45420837402344,6.258168334960938,0.0,0.0
S1,22,center_precision_square,0.0,0.0,0.0,0.0,,22,156.45420837402344,6.258168334960938,0.0,0.0
S1,22,contact_clearance,-0.4286928176879883,-4.286928176879883,4.286928176879883,8.439004646438324,4,22,156.45420837402344,6.258168334960938,-0.027400529659332925,-0.6850132414833231
S1,22,crash_penalty,-2.0,-20.0,20.0,39.3708702280168,1,22,156.45420837402344,6.258168334960938,-0.12783293084828684,-3.1958232712071712
S1,22,descent_horizontal_rel_vel,-0.05446120351552963,-0.5446120351552963,0.5446120351552963,1.0720924880357645,8,22,156.45420837402344,6.258168334960938,-0.0034809676314575882,-0.0870241907864397
S1,22,descent_vel,-0.0012793622445315123,-0.012793622445315123,0.012793622445315123,0.02518480245203723,11,22,156.45420837402344,6.258168334960938,-8.177231266755293e-05,-0.0020443078166888233
S1,22,height_tracking,-0.34611010551452637,-3.4611010551452637,3.4611010551452637,6.813328024408809,5,22,156.45420837402344,6.258168334960938,-0.022122134592065856,-0.5530533648016465
S1,22,horizontal_error,-1.212944507598877,-12.12944507598877,12.12944507598877,23.87734040123056,2,22,156.45420837402344,6.258168334960938,-0.07752712568134829,-1.9381781420337072
S1,22,landing_bonus,0.0,0.0,0.0,0.0,,22,156.45420837402344,6.258168334960938,0.0,0.0
S1,22,lin_vel,-0.0032027801498770714,-0.032027801498770714,0.032027801498770714,0.06304812082483918,10,22,156.45420837402344,6.258168334960938,-0.00020471038671075073,-0.005117759667768769
S1,22,near_pad_horizontal_rel_vel,0.0,0.0,0.0,0.0,,22,156.45420837402344,6.258168334960938,0.0,0.0
S1,22,off_center_contact,0.0,0.0,0.0,0.0,,22,156.45420837402344,6.258168334960938,0.0,0.0
S1,22,post_align_descent,-0.014951184391975403,-0.14951184391975403,0.14951184391975403,0.2943205702258069,9,22,156.45420837402344,6.258168334960938,-0.0009556268602396887,-0.023890671505992216
S1,22,predicted_pad_error,-0.6041707396507263,-6.041707396507263,6.041707396507263,11.893363893176833,3,22,156.45420837402344,6.258168334960938,-0.038616458191164806,-0.9654114547791202
S1,22,progress_to_pad,-0.22813594341278076,-2.2813594341278076,2.2813594341278076,4.490955311225387,6,22,156.45420837402344,6.258168334960938,-0.014581643139147343,-0.36454107847868356
S1,22,rel_vel,-0.14524748921394348,-1.4524748921394348,1.4524748921394348,2.859260024393719,7,22,156.45420837402344,6.258168334960938,-0.009283706122286664,-0.2320926530571666
S1,22,tilt,-0.0005448373849503696,-0.005448373849503696,0.005448373849503696,0.010725360989126517,13,22,156.45420837402344,6.258168334960938,-3.482407987696102e-05,-0.0008706019969240255
S1,23,align_bonus,0.021999992430210114,0.21999992430210114,0.21999992430210114,0.33369812589100184,,23,157.9701385498047,6.318805541992187,0.0013926677935573231,0.03481669483893308
S1,23,align_hold,0.04924996197223663,0.49249961972236633,0.49249961972236633,0.7470284393266726,,23,157.9701385498047,6.318805541992187,0.003117675430582037,0.07794188576455092
S1,23,ang_vel,-0.0006812179344706237,-0.006812179344706237,0.006812179344706237,0.010332783012417399,12,23,157.9701385498047,6.318805541992187,-4.312320928020519e-05,-0.0010780802320051299
S1,23,center_precision,0.0,0.0,0.0,0.0,,23,157.9701385498047,6.318805541992187,0.0,0.0
S1,23,center_precision_square,0.0,0.0,0.0,0.0,,23,157.9701385498047,6.318805541992187,0.0,0.0
S1,23,contact_clearance,-0.45649755001068115,-4.5649755001068115,4.5649755001068115,6.924201333052155,5,23,157.9701385498047,6.318805541992187,-0.028897711567604723,-0.7224427891901181
S1,23,crash_penalty,-2.75,-27.5,27.5,41.71228008879323,1,23,157.9701385498047,6.318805541992187,-0.1740835340935643,-4.352088352339107
S1,23,descent_horizontal_rel_vel,-0.07610032707452774,-0.7610032707452774,0.7610032707452774,1.1542975119205365,8,23,157.9701385498047,6.318805541992187,-0.004817386866476344,-0.12043467166190859
S1,23,descent_vel,-0.0011728762183338404,-0.011728762183338404,0.011728762183338404,0.017790305937682088,11,23,157.9701385498047,6.318805541992187,-7.424670441521813e-05,-0.0018561676103804534
S1,23,height_tracking,-0.48657211661338806,-4.865721166133881,4.865721166133881,7.380375422390764,4,23,157.9701385498047,6.318805541992187,-0.03080152496416163,-0.7700381241040408
S1,23,horizontal_error,-1.3332618474960327,-13.332618474960327,13.332618474960327,20.223051496165976,2,23,157.9701385498047,6.318805541992187,-0.0843996124669906,-2.109990311674765
S1,23,landing_bonus,0.0,0.0,0.0,0.0,,23,157.9701385498047,6.318805541992187,0.0,0.0
S1,23,lin_vel,-0.003059070324525237,-0.03059070324525237,0.03059070324525237,0.04640029025014992,10,23,157.9701385498047,6.318805541992187,-0.00019364864477603634,-0.004841216119400908
S1,23,near_pad_horizontal_rel_vel,0.0,0.0,0.0,0.0,,23,157.9701385498047,6.318805541992187,0.0,0.0
S1,23,off_center_contact,0.0,0.0,0.0,0.0,,23,157.9701385498047,6.318805541992187,0.0,0.0
S1,23,post_align_descent,-0.0046633570455014706,-0.046633570455014706,0.046633570455014706,0.0707342746312744,9,23,157.9701385498047,6.318805541992187,-0.0002952049728076431,-0.007380124320191078
S1,23,predicted_pad_error,-0.9399828910827637,-9.399828910827637,9.399828910827637,14.257756229642856,3,23,157.9701385498047,6.318805541992187,-0.05950383406079034,-1.4875958515197585
S1,23,progress_to_pad,-0.3212684392929077,-3.212684392929077,3.212684392929077,4.873032408536447,6,23,157.9701385498047,6.318805541992187,-0.020337289201757487,-0.5084322300439372
S1,23,rel_vel,-0.14782361686229706,-1.4782361686229706,1.4782361686229706,2.242203676472215,7,23,157.9701385498047,6.318805541992187,-0.009357693689411518,-0.23394234223528798
S1,23,tilt,-0.0004494704771786928,-0.004494704771786928,0.004494704771786928,0.006817613976625883,13,23,157.9701385498047,6.318805541992187,-2.8452876050177304e-05,-0.0007113219012544326
S1,24,align_bonus,0.1268332600593567,1.268332600593567,1.268332600593567,0.820997710873559,,24,159.87612915039062,6.395045166015625,0.007933220596055869,0.19833051490139672
S1,24,align_hold,0.2340831607580185,2.340831607580185,2.340831607580185,1.5152314073330715,,24,159.87612915039062,6.395045166015625,0.014641532916888647,0.36603832292221616
S1,24,ang_vel,-0.0009190739947371185,-0.009190739947371185,0.009190739947371185,0.005949209579959281,11,24,159.87612915039062,6.395045166015625,-5.7486630407005506e-05,-0.0014371657601751377
S1,24,center_precision,0.0,0.0,0.0,0.0,,24,159.87612915039062,6.395045166015625,0.0,0.0
S1,24,center_precision_square,0.0,0.0,0.0,0.0,,24,159.87612915039062,6.395045166015625,0.0,0.0
S1,24,contact_clearance,-4.231304168701172,-42.31304168701172,42.31304168701172,27.38943266843148,2,24,159.87612915039062,6.395045166015625,-0.26466140950416134,-6.616535237604033
S1,24,crash_penalty,-2.125,-21.25,21.25,13.755225835792977,3,24,159.87612915039062,6.395045166015625,-0.13291540214868955,-3.322885053717239
S1,24,descent_horizontal_rel_vel,-0.39489662647247314,-3.9489662647247314,3.9489662647247314,2.5561846018454832,7,24,159.87612915039062,6.395045166015625,-0.024700161842235113,-0.6175040460558778
S1,24,descent_vel,-2.067539526251494e-06,-2.067539526251494e-05,2.067539526251494e-05,1.3383281462596576e-05,13,24,159.87612915039062,6.395045166015625,-1.2932134004236632e-07,-3.2330335010591577e-06
S1,24,height_tracking,-1.2659317255020142,-12.659317255020142,12.659317255020142,8.194436130341312,5,24,159.87612915039062,6.395045166015625,-0.07918203500606338,-1.9795508751515847
S1,24,horizontal_error,-1.4808086156845093,-14.808086156845093,14.808086156845093,9.585344436860423,4,24,159.87612915039062,6.395045166015625,-0.09262224595715333,-2.3155561489288337
S1,24,landing_bonus,0.0,0.0,0.0,0.0,,24,159.87612915039062,6.395045166015625,0.0,0.0
S1,24,lin_vel,-0.003909074701368809,-0.03909074701368809,0.03909074701368809,0.02530362603591198,10,24,159.87612915039062,6.395045166015625,-0.00024450646398197824,-0.006112661599549456
S1,24,near_pad_horizontal_rel_vel,0.0,0.0,0.0,0.0,,24,159.87612915039062,6.395045166015625,0.0,0.0
S1,24,off_center_contact,0.0,0.0,0.0,0.0,,24,159.87612915039062,6.395045166015625,0.0,0.0
S1,24,post_align_descent,-0.3142355680465698,-3.1423556804656982,3.1423556804656982,2.034061743114946,8,24,159.87612915039062,6.395045166015625,-0.019654939715920815,-0.4913734928980204
S1,24,predicted_pad_error,-4.451411724090576,-44.51411724090576,44.51411724090576,28.81419931904116,1,24,159.87612915039062,6.395045166015625,-0.2784287903232426,-6.960719758081065
S1,24,progress_to_pad,-0.6026667952537537,-6.026667952537537,6.026667952537537,3.901090763505407,6,24,159.87612915039062,6.395045166015625,-0.03769585856603041,-0.9423964641507603
S1,24,rel_vel,-0.21602103114128113,-2.1602103114128113,2.1602103114128113,1.3983143852372657,9,24,159.87612915039062,6.395045166015625,-0.01351177516551434,-0.3377943791378585
S1,24,tilt,-0.0006511274259537458,-0.006511274259537458,0.006511274259537458,0.004214778725586985,12,24,159.87612915039062,6.395045166015625,-4.0726994668556805e-05,-0.0010181748667139202
S1,25,align_bonus,0.05883330851793289,0.5883330851793289,0.5883330851793289,0.7229671243303665,,25,166.1351776123047,6.645407104492188,0.003541291456962059,0.08853228642405148
S1,25,align_hold,0.10466659069061279,1.046665906906128,1.046665906906128,1.2861847479135193,,25,166.1351776123047,6.645407104492188,0.006300086001946209,0.1575021500486552
S1,25,ang_vel,-0.0009300988167524338,-0.009300988167524338,0.009300988167524338,0.01142942465466855,13,25,166.1351776123047,6.645407104492188,-5.5984459770640815e-05,-0.0013996114942660203
S1,25,center_precision,-0.004847650416195393,-0.048476504161953926,0.048476504161953926,0.059569858800094966,10,25,166.1351776123047,6.645407104492188,-0.00029178952259634834,-0.007294738064908709
S1,25,center_precision_square,-0.0027768881991505623,-0.027768881991505623,0.027768881991505623,0.03412350803482144,12,25,166.1351776123047,6.645407104492188,-0.00016714631055625957,-0.004178657763906489
S1,25,contact_clearance,-1.6667884588241577,-16.667884588241577,16.667884588241577,20.4821603492831,1,25,166.1351776123047,6.645407104492188,-0.10032724452336024,-2.508181113084006
S1,25,crash_penalty,-1.625,-16.25,16.25,19.968647125781644,3,25,166.1351776123047,6.645407104492188,-0.09781191577572584,-2.445297894393146
S1,25,descent_horizontal_rel_vel,-0.16509515047073364,-1.6509515047073364,1.6509515047073364,2.028754955032556,8,25,166.1351776123047,6.645407104492188,-0.009937398740199497,-0.24843496850498745
S1,25,descent_vel,-0.0002001937828026712,-0.002001937828026712,0.002001937828026712,0.00246006092649964,15,25,166.1351776123047,6.645407104492188,-1.2050053798350049e-05,-0.00030125134495875117
S1,25,height_tracking,-0.7377660274505615,-7.377660274505615,7.377660274505615,9.065962746799999,5,25,166.1351776123047,6.645407104492188,-0.04440757448565302,-1.1101893621413255
S1,25,horizontal_error,-1.6389691829681396,-16.389691829681396,16.389691829681396,20.140306009059344,2,25,166.1351776123047,6.645407104492188,-0.09865274811291684,-2.466318702822921
S1,25,landing_bonus,0.0,0.0,0.0,0.0,,25,166.1351776123047,6.645407104492188,0.0,0.0
S1,25,lin_vel,-0.0036694039590656757,-0.03669403959065676,0.03669403959065676,0.04509109712032529,11,25,166.1351776123047,6.645407104492188,-0.00022086857291769035,-0.0055217143229422585
S1,25,near_pad_horizontal_rel_vel,-8.023079135455191e-05,-0.0008023079135455191,0.0008023079135455191,0.0009859079145730831,16,25,166.1351776123047,6.645407104492188,-4.829247634825394e-06,-0.00012073119087063484
S1,25,off_center_contact,0.0,0.0,0.0,0.0,,25,166.1351776123047,6.645407104492188,0.0,0.0
S1,25,post_align_descent,-0.11565403640270233,-1.1565403640270233,1.1565403640270233,1.4212028563679187,9,25,166.1351776123047,6.645407104492188,-0.006961441764765447,-0.17403604411913617
S1,25,predicted_pad_error,-1.4569448232650757,-14.569448232650757,14.569448232650757,17.903518189239755,4,25,166.1351776123047,6.645407104492188,-0.0876963472880513,-2.1924086822012825
S1,25,progress_to_pad,-0.37286826968193054,-3.7286826968193054,3.7286826968193054,4.581953785648774,6,25,166.1351776123047,6.645407104492188,-0.022443667562812075,-0.5610916890703018
S1,25,rel_vel,-0.18210062384605408,-1.8210062384605408,1.8210062384605408,2.2377249839794167,7,25,166.1351776123047,6.645407104492188,-0.010960991312207615,-0.2740247828051904
S1,25,tilt,-0.0005661656614392996,-0.005661656614392996,0.005661656614392996,0.006957269112625313,14,25,166.1351776123047,6.645407104492188,-3.407861414880547e-05,-0.0008519653537201366
S1,26,align_bonus,0.0,0.0,0.0,0.0,,26,166.98712158203125,6.6794848632812505,0.0,0.0
S1,26,align_hold,0.0,0.0,0.0,0.0,,26,166.98712158203125,6.6794848632812505,0.0,0.0
S1,26,ang_vel,-0.0007284194580279291,-0.007284194580279291,0.007284194580279291,0.014763613711663043,7,26,166.98712158203125,6.6794848632812505,-4.3621295530272266e-05,-0.0010905323882568064
S1,26,center_precision,0.0,0.0,0.0,0.0,,26,166.98712158203125,6.6794848632812505,0.0,0.0
S1,26,center_precision_square,0.0,0.0,0.0,0.0,,26,166.98712158203125,6.6794848632812505,0.0,0.0
S1,26,contact_clearance,0.0,0.0,0.0,0.0,,26,166.98712158203125,6.6794848632812505,0.0,0.0
S1,26,crash_penalty,-2.75,-27.5,27.5,55.73703071715128,1,26,166.98712158203125,6.6794848632812505,-0.164683358449836,-4.1170839612459
S1,26,descent_horizontal_rel_vel,0.0,0.0,0.0,0.0,,26,166.98712158203125,6.6794848632812505,0.0,0.0
S1,26,descent_vel,-0.0003661702503450215,-0.003661702503450215,0.003661702503450215,0.0074215427240681585,9,26,166.98712158203125,6.6794848632812505,-2.192805330590377e-05,-0.0005482013326475942
S1,26,height_tracking,-0.5205739736557007,-5.205739736557007,5.205739736557007,10.550999112799014,3,26,166.98712158203125,6.6794848632812505,-0.031174498292071726,-0.7793624573017931
S1,26,horizontal_error,-1.274616003036499,-12.74616003036499,12.74616003036499,25.833931386842885,2,26,166.98712158203125,6.6794848632812505,-0.07633019785962074,-1.9082549464905183
S1,26,landing_bonus,0.0,0.0,0.0,0.0,,26,166.98712158203125,6.6794848632812505,0.0,0.0
S1,26,lin_vel,-0.0024133322294801474,-0.024133322294801474,0.024133322294801474,0.048913444583718595,6,26,166.98712158203125,6.6794848632812505,-0.000144522056947644,-0.0036130514236911
S1,26,near_pad_horizontal_rel_vel,0.0,0.0,0.0,0.0,,26,166.98712158203125,6.6794848632812505,0.0,0.0
S1,26,off_center_contact,0.0,0.0,0.0,0.0,,26,166.98712158203125,6.6794848632812505,0.0,0.0
S1,26,post_align_descent,0.0,0.0,0.0,0.0,,26,166.98712158203125,6.6794848632812505,0.0,0.0
S1,26,predicted_pad_error,0.0,0.0,0.0,0.0,,26,166.98712158203125,6.6794848632812505,0.0,0.0
S1,26,progress_to_pad,-0.24353092908859253,-2.4353092908859253,2.4353092908859253,4.935887590977189,4,26,166.98712158203125,6.6794848632812505,-0.014583815014079375,-0.36459537535198433
S1,26,rel_vel,-0.14122247695922852,-1.4122247695922852,1.4122247695922852,2.862298740446803,5,26,166.98712158203125,6.6794848632812505,-0.00845708792518194,-0.2114271981295485
S1,26,tilt,-0.0004319047729950398,-0.004319047729950398,0.004319047729950398,0.008753850763385012,8,26,166.98712158203125,6.6794848632812505,-2.5864555835395345e-05,-0.0006466138958848835
S1,27,align_bonus,0.07333330810070038,0.7333330810070038,0.7333330810070038,0.8815846828492179,,27,169.76187133789062,6.790474853515625,0.004319774960228804,0.1079943740057201
S1,27,align_hold,0.13891658186912537,1.3891658186912537,1.3891658186912537,1.6700014487471437,,27,169.76187133789062,6.790474853515625,0.008183026069065213,0.20457565172663034
S1,27,ang_vel,-0.0008608223870396614,-0.008608223870396614,0.008608223870396614,0.010348473984369713,15,27,169.76187133789062,6.790474853515625,-5.0707640075803464e-05,-0.0012676910018950866
S1,27,center_precision,-0.3230783939361572,-3.2307839393615723,3.2307839393615723,3.883923565298994,7,27,169.76187133789062,6.790474853515625,-0.019031269588982585,-0.4757817397245646
S1,27,center_precision_square,-0.29145559668540955,-2.9145559668540955,2.9145559668540955,3.5037665206062396,8,27,169.76187133789062,6.790474853515625,-0.017168495751634486,-0.4292123937908622
S1,27,contact_clearance,-1.5900330543518066,-15.900330543518066,15.900330543518066,19.114762748949587,2,27,169.76187133789062,6.790474853515625,-0.09366255460197165,-2.341563865049291
S1,27,crash_penalty,-0.875,-8.75,8.75,10.518911766994163,4,27,169.76187133789062,6.790474853515625,-0.051542787146733174,-1.2885696786683294
S1,27,descent_horizontal_rel_vel,-0.23068515956401825,-2.3068515956401825,2.3068515956401825,2.7732078164672886,9,27,169.76187133789062,6.790474853515625,-0.013588749802649567,-0.33971874506623917
S1,27,descent_vel,-0.002089193556457758,-0.02089193556457758,0.02089193556457758,0.025115477353773594,14,27,169.76187133789062,6.790474853515625,-0.00012306612433008994,-0.0030766531082522487
S1,27,height_tracking,-0.69554203748703,-6.9554203748703,6.9554203748703,8.36153751149876,5,27,169.76187133789062,6.790474853515625,-0.040971628788341825,-1.0242907197085456
S1,27,horizontal_error,-1.3478338718414307,-13.478338718414307,13.478338718414307,16.20313779938986,3,27,169.76187133789062,6.790474853515625,-0.07939555927483441,-1.9848889818708602
S1,27,landing_bonus,0.0,0.0,0.0,0.0,,27,169.76187133789062,6.790474853515625,0.0,0.0
S1,27,lin_vel,-0.004563808906823397,-0.04563808906823397,0.04563808906823397,0.05486434652833988,13,27,169.76187133789062,6.790474853515625,-0.0002688359212145867,-0.006720898030364668
S1,27,near_pad_horizontal_rel_vel,-0.03429284319281578,-0.3429284319281578,0.3429284319281578,0.4122553048966807,12,27,169.76187133789062,6.790474853515625,-0.002020055676964116,-0.0505013919241029
S1,27,off_center_contact,0.0,0.0,0.0,0.0,,27,169.76187133789062,6.790474853515625,0.0,0.0
S1,27,post_align_descent,-0.0430515855550766,-0.430515855550766,0.430515855550766,0.5175495198663442,11,27,169.76187133789062,6.790474853515625,-0.0025359985263939265,-0.06339996315984817
S1,27,predicted_pad_error,-2.05887508392334,-20.5887508392334,20.5887508392334,24.751000396631216,1,27,169.76187133789062,6.790474853515625,-0.12128018309985499,-3.0320045774963744
S1,27,progress_to_pad,-0.39398524165153503,-3.9398524165153503,3.9398524165153503,4.736338279348995,6,27,169.76187133789062,6.790474853515625,-0.023208111370742062,-0.5802027842685515
S1,27,rel_vel,-0.21412861347198486,-2.1412861347198486,2.1412861347198486,2.574171419314979,10,27,169.76187133789062,6.790474853515625,-0.01261346919567042,-0.3153367298917605
S1,27,tilt,-0.0006257829954847693,-0.0062578299548476934,0.0062578299548476934,0.007522921274045252,16,27,169.76187133789062,6.790474853515625,-3.686239969864749e-05,-0.0009215599924661873
S1,28,align_bonus,0.11316664516925812,1.1316664516925812,1.1316664516925812,0.8774214732569781,,28,173.32843017578125,6.93313720703125,0.006529029603192622,0.16322574007981555
S1,28,align_hold,0.18891654908657074,1.8891654908657074,1.8891654908657074,1.4647375697516205,,28,173.32843017578125,6.93313720703125,0.010899339992578297,0.2724834998144574
S1,28,ang_vel,-0.0009217405458912253,-0.009217405458912253,0.009217405458912253,0.007146584106358837,14,28,173.32843017578125,6.93313720703125,-5.31788434797708e-05,-0.00132947108699427
S1,28,center_precision,-0.7430719137191772,-7.4307191371917725,7.4307191371917725,5.761302301541372,6,28,173.32843017578125,6.93313720703125,-0.042870746187777156,-1.0717686546944287
S1,28,center_precision_square,-1.4843273162841797,-14.843273162841797,14.843273162841797,11.508520542441909,5,28,173.32843017578125,6.93313720703125,-0.085636690690549,-2.140917267263725
S1,28,contact_clearance,-2.2205963134765625,-22.205963134765625,22.205963134765625,17.217077399135494,2,28,173.32843017578125,6.93313720703125,-0.12811494982240026,-3.202873745560007
S1,28,crash_penalty,-1.5,-15.0,15.0,11.630036464516458,3,28,173.32843017578125,6.93313720703125,-0.08654090955989004,-2.163522738997251
S1,28,descent_horizontal_rel_vel,-0.3490067422389984,-3.490067422389984,3.490067422389984,2.705974092401098,9,28,173.32843017578125,6.93313720703125,-0.020135573943931343,-0.5033893485982835
S1,28,descent_vel,-0.0005205881898291409,-0.005205881898291409,0.005205881898291409,0.004036306420473016,16,28,173.32843017578125,6.93313720703125,-3.003478363596703e-05,-0.0007508695908991758
S1,28,height_tracking,-0.7007991671562195,-7.007991671562195,7.007991671562195,5.433546578886397,7,28,173.32843017578125,6.93313720703125,-0.04043186489634177,-1.010796622408544
S1,28,horizontal_error,-1.4900031089782715,-14.900031089782715,14.900031089782715,11.55252699310679,4,28,173.32843017578125,6.93313720703125,-0.08596414953202905,-2.149103738300726
S1,28,landing_bonus,0.0,0.0,0.0,0.0,,28,173.32843017578125,6.93313720703125,0.0,0.0
S1,28,lin_vel,-0.004588977433741093,-0.04588977433741093,0.04588977433741093,0.035579983259501374,13,28,173.32843017578125,6.93313720703125,-0.0002647561873771761,-0.006618904684429402
S1,28,near_pad_horizontal_rel_vel,-0.0325341522693634,-0.32534152269363403,0.32534152269363403,0.2522489181565515,12,28,173.32843017578125,6.93313720703125,-0.0018770234194337796,-0.04692558548584449
S1,28,off_center_contact,0.0,0.0,0.0,0.0,,28,173.32843017578125,6.93313720703125,0.0,0.0
S1,28,post_align_descent,-0.07087252289056778,-0.7087252289056778,0.7087252289056778,0.5495000170330537,11,28,173.32843017578125,6.93313720703125,-0.004088915062502575,-0.10222287656256437
S1,28,predicted_pad_error,-3.336846113204956,-33.36846113204956,33.36846113204956,25.8717613153691,1,28,173.32843017578125,6.93313720703125,-0.19251579846542713,-4.812894961635678
S1,28,progress_to_pad,-0.44125378131866455,-4.4125378131866455,4.4125378131866455,3.4211983778945596,8,28,173.32843017578125,6.93313720703125,-0.025457669054705364,-0.6364417263676341
S1,28,rel_vel,-0.21961942315101624,-2.1961942315101624,2.1961942315101624,1.7027879330415925,10,28,173.32843017578125,6.93313720703125,-0.012670709757671544,-0.3167677439417886
S1,28,tilt,-0.0005929237231612206,-0.0059292372316122055,0.0059292372316122055,0.004597149680694571,15,28,173.32843017578125,6.93313720703125,-3.420810553467231e-05,-0.0008552026383668077
S1,29,align_bonus,0.04633331298828125,0.4633331298828125,0.4633331298828125,0.5494702779236019,,29,173.8246307373047,6.952985229492188,0.0026655205762124256,0.06663801440531064
S1,29,align_hold,0.10049992799758911,1.0049992799758911,1.0049992799758911,1.191836279484355,,29,173.8246307373047,6.952985229492188,0.005781685113973938,0.14454212784934845
S1,29,ang_vel,-0.0008125345921143889,-0.00812534592114389,0.00812534592114389,0.009635909443051366,13,29,173.8246307373047,6.952985229492188,-4.674450270182625e-05,-0.0011686125675456562
S1,29,center_precision,-0.5626775026321411,-5.626775026321411,5.626775026321411,6.672835241262331,7,29,173.8246307373047,6.952985229492188,-0.032370412653572475,-0.809260316339312
S1,29,center_precision_square,-1.2418067455291748,-12.418067455291748,12.418067455291748,14.726680515289239,3,29,173.8246307373047,6.952985229492188,-0.07144020615846298,-1.7860051539615744
S1,29,contact_clearance,-0.9921016693115234,-9.921016693115234,9.921016693115234,11.765409050351053,5,29,173.8246307373047,6.952985229492188,-0.05707486131875369,-1.4268715329688422
S1,29,crash_penalty,-1.2916667461395264,-12.916667461395264,12.916667461395264,15.317974049588633,2,29,173.8246307373047,6.952985229492188,-0.07430861441561633,-1.857715360390408
S1,29,descent_horizontal_rel_vel,-0.1398874670267105,-1.398874670267105,1.398874670267105,1.6589360964676967,10,29,173.8246307373047,6.952985229492188,-0.00804762054913367,-0.2011905137283417
S1,29,descent_vel,-0.0005827087443321943,-0.005827087443321943,0.005827087443321943,0.006910387258034085,14,29,173.8246307373047,6.952985229492188,-3.352279489164125e-05,-0.0008380698722910311
S1,29,height_tracking,-0.801868200302124,-8.01868200302124,8.01868200302124,9.509415892395717,6,29,173.8246307373047,6.952985229492188,-0.0461308732198005,-1.1532718304950125
S1,29,horizontal_error,-1.1726431846618652,-11.726431846618652,11.726431846618652,13.906464593721998,4,29,173.8246307373047,6.952985229492188,-0.06746127862823086,-1.6865319657057711
S1,29,landing_bonus,0.0,0.0,0.0,0.0,,29,173.8246307373047,6.952985229492188,0.0,0.0
S1,29,lin_vel,-0.0023492248728871346,-0.023492248728871346,0.023492248728871346,0.02785963620034709,12,29,173.8246307373047,6.952985229492188,-0.00013514913639813445,-0.0033787284099533613
S1,29,near_pad_horizontal_rel_vel,-0.01970617100596428,-0.1970617100596428,0.1970617100596428,0.2336969787201674,11,29,173.8246307373047,6.952985229492188,-0.0011336811660336878,-0.028342029150842194
S1,29,off_center_contact,0.0,0.0,0.0,0.0,,29,173.8246307373047,6.952985229492188,0.0,0.0
S1,29,post_align_descent,0.023606296628713608,0.23606296628713608,0.23606296628713608,0.27994886471008246,,29,173.8246307373047,6.952985229492188,0.0013580524537048497,0.03395131134262124
S1,29,predicted_pad_error,-1.5655698776245117,-15.655698776245117,15.655698776245117,18.56621208987867,1,29,173.8246307373047,6.952985229492188,-0.09006605513751988,-2.251651378437997
S1,29,progress_to_pad,-0.2993549108505249,-2.993549108505249,2.993549108505249,3.5500726249477434,8,29,173.8246307373047,6.952985229492188,-0.01722166240657401,-0.4305415601643502
S1,29,rel_vel,-0.1703941524028778,-1.703941524028778,1.703941524028778,2.0207171954452323,9,29,173.8246307373047,6.952985229492188,-0.009802647166867207,-0.24506617917168014
S1,29,tilt,-0.0004995597410015762,-0.004995597410015762,0.004995597410015762,0.005924316912045643,15,29,173.8246307373047,6.952985229492188,-2.8739295396895967e-05,-0.0007184823849223992
S1,30,align_bonus,0.03158331662416458,0.3158331662416458,0.3158331662416458,0.6352820012545897,,29,173.8246307373047,6.952985229492188,0.0018169644020067206,0.04542411005016801
S1,30,align_hold,0.031291645020246506,0.31291645020246506,0.31291645020246506,0.6294151785123435,,29,173.8246307373047,6.952985229492188,0.0018001847544572964,0.04500461886143241
S1,30,ang_vel,-0.0008248829981312156,-0.008248829981312156,0.008248829981312156,0.016592092847295955,13,29,173.8246307373047,6.952985229492188,-4.745489719335768e-05,-0.001186372429833942
S1,30,center_precision,-0.054346781224012375,-0.5434678122401237,0.5434678122401237,1.0931572623794759,9,29,173.8246307373047,6.952985229492188,-0.0031265293643076876,-0.07816323410769219
S1,30,center_precision_square,-0.1356915980577469,-1.3569159805774689,1.3569159805774689,2.7293659812030273,8,29,173.8246307373047,6.952985229492188,-0.007806235369647529,-0.1951558842411882
S1,30,contact_clearance,-0.3306651711463928,-3.3066517114639282,3.3066517114639282,6.651158083579778,4,29,173.8246307373047,6.952985229492188,-0.01902291808380804,-0.47557295209520095
S1,30,crash_penalty,-1.75,-17.5,17.5,35.20034059199883,1,29,173.8246307373047,6.952985229492188,-0.10067618107842934,-2.516904526960733
S1,30,descent_horizontal_rel_vel,-0.029304606840014458,-0.2930460684001446,0.2930460684001446,0.5894469381046443,10,29,173.8246307373047,6.952985229492188,-0.0016858719455185567,-0.04214679863796392
S1,30,descent_vel,-0.0001898511400213465,-0.001898511400213465,0.001898511400213465,0.003818757023160376,15,29,173.8246307373047,6.952985229492188,-1.0921993000420185e-05,-0.0002730498250105046
S1,30,height_tracking,-0.6139017343521118,-6.139017343521118,6.139017343521118,12.348314365264642,3,29,173.8246307373047,6.952985229492188,-0.035317304098282876,-0.8829326024570718
S1,30,horizontal_error,-1.3099778890609741,-13.099778890609741,13.099778890609741,26.349524493105115,2,29,173.8246307373047,6.952985229492188,-0.07536204066733786,-1.8840510166834463
S1,30,landing_bonus,0.0,0.0,0.0,0.0,,29,173.8246307373047,6.952985229492188,0.0,0.0
S1,30,lin_vel,-0.004054153338074684,-0.04054153338074684,0.04054153338074684,0.08154718760709592,11,29,173.8246307373047,6.952985229492188,-0.0002332323860478432,-0.00583080965119608
S1,30,near_pad_horizontal_rel_vel,-0.001611348008736968,-0.01611348008736968,0.01611348008736968,0.0324114278398745,12,29,173.8246307373047,6.952985229492188,-9.269963651883973e-05,-0.0023174909129709933
S1,30,off_center_contact,0.0,0.0,0.0,0.0,,29,173.8246307373047,6.952985229492188,0.0,0.0
S1,30,post_align_descent,0.010925296694040298,0.10925296694040298,0.10925296694040298,0.2197566655422042,,29,173.8246307373047,6.952985229492188,0.0006285240847455809,0.015713102118639518
S1,30,predicted_pad_error,-0.27060389518737793,-2.7060389518737793,2.7060389518737793,5.443056729209861,5,29,173.8246307373047,6.952985229492188,-0.01556763814423587,-0.38919095360589673
S1,30,progress_to_pad,-0.2175903171300888,-2.175903171300888,2.175903171300888,4.376716155714379,6,29,173.8246307373047,6.952985229492188,-0.012517806953315249,-0.3129451738328812
S1,30,rel_vel,-0.17840233445167542,-1.7840233445167542,1.7840233445167542,3.5884702486323783,7,29,173.8246307373047,6.952985229492188,-0.01026335184461222,-0.2565837961153055
S1,30,tilt,-0.0005779836210422218,-0.005779836210422218,0.005779836210422218,0.011625840181304565,14,29,173.8246307373047,6.952985229492188,-3.3250962109950284e-05,-0.0008312740527487571
D1,1,align_bonus,0.007333334535360336,0.07333334535360336,0.07333334535360336,8.50936085753751,,1,22.33333396911621,0.8933333587646485,0.0032835825342966184,0.08208956335741546
D1,1,align_hold,0.0024999999441206455,0.024999999441206455,0.024999999441206455,2.900917933822431,,1,22.33333396911621,0.8933333587646485,0.0011194029281869809,0.027985073204674523
D1,1,ang_vel,-6.119603312981781e-06,-6.11960331298178e-05,6.11960331298178e-05,0.007100986958122631,9,1,22.33333396911621,0.8933333587646485,-2.7401208084042947e-06,-6.850302021010737e-05
D1,1,center_precision,0.0,0.0,0.0,0.0,,1,22.33333396911621,0.8933333587646485,0.0,0.0
D1,1,center_precision_square,0.0,0.0,0.0,0.0,,1,22.33333396911621,0.8933333587646485,0.0,0.0
D1,1,contact_clearance,-0.036438021808862686,-0.36438021808862686,0.36438021808862686,42.28148532040189,1,1,22.33333396911621,0.8933333587646485,-0.016315531688753337,-0.4078882922188334
D1,1,crash_penalty,0.0,0.0,0.0,0.0,,1,22.33333396911621,0.8933333587646485,0.0,0.0
D1,1,descent_horizontal_rel_vel,-0.0014285114593803883,-0.014285114593803883,0.014285114593803883,1.6575978415251675,6,1,22.33333396911621,0.8933333587646485,-0.0006396319785285145,-0.01599079946321286
D1,1,descent_vel,0.0,0.0,0.0,0.0,,1,22.33333396911621,0.8933333587646485,0.0,0.0
D1,1,height_tracking,-0.013288605026900768,-0.13288605026900768,0.13288605026900768,15.419661399864028,3,1,22.33333396911621,0.8933333587646485,-0.005950121484448761,-0.148753037111219
D1,1,horizontal_error,-0.013340729288756847,-0.13340729288756847,0.13340729288756847,15.480144683618159,2,1,22.33333396911621,0.8933333587646485,-0.005973460705510945,-0.1493365176377736
D1,1,landing_bonus,0.0,0.0,0.0,0.0,,1,22.33333396911621,0.8933333587646485,0.0,0.0
D1,1,lin_vel,-1.2905776202387642e-05,-0.00012905776202387642,0.00012905776202387642,0.014975439388889178,8,1,22.33333396911621,0.8933333587646485,-5.778705597755568e-06,-0.00014446763994388918
D1,1,near_pad_horizontal_rel_vel,0.0,0.0,0.0,0.0,,1,22.33333396911621,0.8933333587646485,0.0,0.0
D1,1,off_center_contact,0.0,0.0,0.0,0.0,,1,22.33333396911621,0.8933333587646485,0.0,0.0
D1,1,post_align_descent,-0.0002611190138850361,-0.002611190138850361,0.002611190138850361,0.30299393886889414,7,1,22.33333396911621,0.8933333587646485,-0.0001169189581126249,-0.0029229739528156226
D1,1,predicted_pad_error,-0.004801269620656967,-0.04801269620656967,0.04801269620656967,5.57123578359907,4,1,22.33333396911621,0.8933333587646485,-0.0021498221570037113,-0.05374555392509278
D1,1,progress_to_pad,0.005036894232034683,0.05036894232034683,0.05036894232034683,5.844646854028507,,1,22.33333396911621,0.8933333587646485,0.0022553257113335536,0.056383142783338835
D1,1,rel_vel,-0.0017269810196012259,-0.01726981019601226,0.01726981019601226,2.0039321292442307,5,1,22.33333396911621,0.8933333587646485,-0.0007732750613900245,-0.019331876534750613
D1,1,tilt,-5.12495626026066e-06,-5.12495626026066e-05,5.12495626026066e-05,0.005946831143100309,10,1,22.33333396911621,0.8933333587646485,-2.294756469118197e-06,-5.7368911727954917e-05
D1,2,align_bonus,0.0059999991208314896,0.059999991208314896,0.059999991208314896,2.449022997926975,,2,33.181819915771484,1.3272727966308595,0.001808218818636786,0.04520547046591965
D1,2,align_hold,0.009000000543892384,0.09000000543892384,0.09000000543892384,3.673535257167375,,2,33.181819915771484,1.3272727966308595,0.002712328789300263,0.06780821973250657
D1,2,ang_vel,-9.351874177809805e-05,-0.0009351874177809805,0.0009351874177809805,0.038171597151837086,9,2,33.181819915771484,1.3272727966308595,-2.818372892610635e-05,-0.0007045932231526586
D1,2,center_precision,0.0,0.0,0.0,0.0,,2,33.181819915771484,1.3272727966308595,0.0,0.0
D1,2,center_precision_square,0.0,0.0,0.0,0.0,,2,33.181819915771484,1.3272727966308595,0.0,0.0
D1,2,contact_clearance,-0.005273413844406605,-0.05273413844406605,0.05273413844406605,2.15245227915109,5,2,33.181819915771484,1.3272727966308595,-0.001589247924855419,-0.03973119812138547
D1,2,crash_penalty,0.0,0.0,0.0,0.0,,2,33.181819915771484,1.3272727966308595,0.0,0.0
D1,2,descent_horizontal_rel_vel,-0.0004505329707171768,-0.004505329707171768,0.004505329707171768,0.18389429471413324,7,2,33.181819915771484,1.3272727966308595,-0.00013577705257300737,-0.003394426314325184
D1,2,descent_vel,0.0,0.0,0.0,0.0,,2,33.181819915771484,1.3272727966308595,0.0,0.0
D1,2,height_tracking,-0.03939657658338547,-0.3939657658338547,0.3939657658338547,16.080522704965254,2,2,33.181819915771484,1.3272727966308595,-0.011872940267709691,-0.29682350669274227
D1,2,horizontal_error,-0.1491956114768982,-1.491956114768982,1.491956114768982,60.89725620594191,1,2,33.181819915771484,1.3272727966308595,-0.044963058643442515,-1.1240764660860627
D1,2,landing_bonus,0.0,0.0,0.0,0.0,,2,33.181819915771484,1.3272727966308595,0.0,0.0
D1,2,lin_vel,-0.0002947788452729583,-0.002947788452729583,0.002947788452729583,0.12032004619290466,8,2,33.181819915771484,1.3272727966308595,-8.883745557694634e-05,-0.0022209363894236584
D1,2,near_pad_horizontal_rel_vel,0.0,0.0,0.0,0.0,,2,33.181819915771484,1.3272727966308595,0.0,0.0
D1,2,off_center_contact,0.0,0.0,0.0,0.0,,2,33.181819915771484,1.3272727966308595,0.0,0.0
D1,2,post_align_descent,0.0004881143686361611,0.004881143686361611,0.004881143686361611,0.19923391492812467,,2,33.181819915771484,1.3272727966308595,0.0001471029527238673,0.003677573818096682
D1,2,predicted_pad_error,-0.004266831092536449,-0.042668310925364494,0.042668310925364494,1.741594834174497,6,2,33.181819915771484,1.3272727966308595,-0.0012858942346644475,-0.03214735586661118
D1,2,progress_to_pad,-0.012354250065982342,-0.12354250065982342,0.12354250065982342,5.042641161177153,4,2,33.181819915771484,1.3272727966308595,-0.0037231984554621446,-0.0930799613865536
D1,2,rel_vel,-0.018111012876033783,-0.18111012876033783,0.18111012876033783,7.392382258051333,3,2,33.181819915771484,1.3272727966308595,-0.005458113184269778,-0.13645282960674443
D1,2,tilt,-7.098123023752123e-05,-0.0007098123023752123,0.0007098123023752123,0.02897244845741724,10,2,33.181819915771484,1.3272727966308595,-2.139160251538328e-05,-0.0005347900628845819
D1,3,align_bonus,0.02049999311566353,0.20499993115663528,0.20499993115663528,4.464106240998465,,3,39.076927185058594,1.5630770874023439,0.0052460606788708505,0.13115151697177127
D1,3,align_hold,0.010749995708465576,0.10749995708465576,0.10749995708465576,2.340933612128904,,3,39.076927185058594,1.5630770874023439,0.002750982864531869,0.06877457161329673
D1,3,ang_vel,-0.00010398487211205065,-0.0010398487211205065,0.0010398487211205065,0.02264388646112029,8,3,39.076927185058594,1.5630770874023439,-2.661029912091199e-05,-0.0006652574780227997
D1,3,center_precision,0.0,0.0,0.0,0.0,,3,39.076927185058594,1.5630770874023439,0.0,0.0
D1,3,center_precision_square,0.0,0.0,0.0,0.0,,3,39.076927185058594,1.5630770874023439,0.0,0.0
D1,3,contact_clearance,-0.10259678959846497,-1.0259678959846497,1.0259678959846497,22.3416157346397,2,3,39.076927185058594,1.5630770874023439,-0.026255081192180778,-0.6563770298045194
D1,3,crash_penalty,0.0,0.0,0.0,0.0,,3,39.076927185058594,1.5630770874023439,0.0,0.0
D1,3,descent_horizontal_rel_vel,-0.004493681248277426,-0.04493681248277426,0.04493681248277426,0.9785501093737188,6,3,39.076927185058594,1.5630770874023439,-0.0011499576788616133,-0.02874894197154033
D1,3,descent_vel,0.0,0.0,0.0,0.0,,3,39.076927185058594,1.5630770874023439,0.0,0.0
D1,3,height_tracking,-0.042854469269514084,-0.42854469269514084,0.42854469269514084,9.33204721783745,3,3,39.076927185058594,1.5630770874023439,-0.01096669373888228,-0.27416734347205696
D1,3,horizontal_error,-0.1942005455493927,-1.942005455493927,1.942005455493927,42.28937358666476,1,3,39.076927185058594,1.5630770874023439,-0.04969698477818056,-1.2424246194545139
D1,3,landing_bonus,0.0,0.0,0.0,0.0,,3,39.076927185058594,1.5630770874023439,0.0,0.0
D1,3,lin_vel,-0.00030391442123800516,-0.0030391442123800516,0.0030391442123800516,0.06618081561897649,7,3,39.076927185058594,1.5630770874023439,-7.777336733739123e-05,-0.0019443341834347806
D1,3,near_pad_horizontal_rel_vel,0.0,0.0,0.0,0.0,,3,39.076927185058594,1.5630770874023439,0.0,0.0
D1,3,off_center_contact,0.0,0.0,0.0,0.0,,3,39.076927185058594,1.5630770874023439,0.0,0.0
D1,3,post_align_descent,0.0009220972424373031,0.00922097242437303,0.00922097242437303,0.20079714327448467,,3,39.076927185058594,1.5630770874023439,0.00023596974195808185,0.005899243548952046
D1,3,predicted_pad_error,-0.031119853258132935,-0.31119853258132935,0.31119853258132935,6.776701356179509,4,3,39.076927185058594,1.5630770874023439,-0.007963741138282717,-0.1990935284570679
D1,3,progress_to_pad,0.03339195251464844,0.3339195251464844,0.3339195251464844,7.271476764832154,,3,39.076927185058594,1.5630770874023439,0.008545183800280014,0.21362959500700032
D1,3,rel_vel,-0.01794261485338211,-0.1794261485338211,0.1794261485338211,3.9072080900170727,5,3,39.076927185058594,1.5630770874023439,-0.004591613554569006,-0.11479033886422514
D1,3,tilt,-3.841564102913253e-05,-0.0003841564102913253,0.0003841564102913253,0.008365441973688999,9,3,39.076927185058594,1.5630770874023439,-9.830773245604913e-06,-0.00024576933114012277
D1,4,align_bonus,0.031249990686774254,0.31249990686774254,0.31249990686774254,2.442171026645915,,4,58.27273941040039,2.3309095764160155,0.005362711793363334,0.13406779483408338
D1,4,align_hold,0.016249991953372955,0.16249991953372955,0.16249991953372955,1.2699286834844543,,4,58.27273941040039,2.3309095764160155,0.002788609582763616,0.0697152395690904
D1,4,ang_vel,-0.00027534394757822156,-0.0027534394757822156,0.0027534394757822156,0.021517990769272,11,4,58.27273941040039,2.3309095764160155,-4.725090159895225e-05,-0.0011812725399738063
D1,4,center_precision,0.0,0.0,0.0,0.0,,4,58.27273941040039,2.3309095764160155,0.0,0.0
D1,4,center_precision_square,0.0,0.0,0.0,0.0,,4,58.27273941040039,2.3309095764160155,0.0,0.0
D1,4,contact_clearance,-0.12240233272314072,-1.2240233272314072,1.2240233272314072,9.565680629045458,4,4,58.27273941040039,2.3309095764160155,-0.02100507612334673,-0.5251269030836683
D1,4,crash_penalty,-0.375,-3.75,3.75,29.306061053637773,2,4,58.27273941040039,2.3309095764160155,-0.06435256069891762,-1.6088140174729406
D1,4,descent_horizontal_rel_vel,-0.00481352349743247,-0.0481352349743247,0.0481352349743247,0.3761744359970027,9,4,58.27273941040039,2.3309095764160155,-0.0008260335014511714,-0.020650837536279287
D1,4,descent_vel,0.0,0.0,0.0,0.0,,4,58.27273941040039,2.3309095764160155,0.0,0.0
D1,4,height_tracking,-0.08750589936971664,-0.8750589936971664,0.8750589936971664,6.838541945286398,5,4,58.27273941040039,2.3309095764160155,-0.015016609868541513,-0.3754152467135378
D1,4,horizontal_error,-0.4072510004043579,-4.072510004043579,4.072510004043579,31.826460485347134,1,4,58.27273941040039,2.3309095764160155,-0.06988705259524364,-1.7471763148810913
D1,4,landing_bonus,0.0,0.0,0.0,0.0,,4,58.27273941040039,2.3309095764160155,0.0,0.0
D1,4,lin_vel,-0.0012848422629758716,-0.012848422629758716,0.012848422629758716,0.10040977547484004,10,4,58.27273941040039,2.3309095764160155,-0.00022048770591117186,-0.005512192647779297
D1,4,near_pad_horizontal_rel_vel,0.0,0.0,0.0,0.0,,4,58.27273941040039,2.3309095764160155,0.0,0.0
D1,4,off_center_contact,0.0,0.0,0.0,0.0,,4,58.27273941040039,2.3309095764160155,0.0,0.0
D1,4,post_align_descent,-0.00608794903382659,-0.060879490338265896,0.060879490338265896,0.475770149538019,8,4,58.27273941040039,2.3309095764160155,-0.00104473362594998,-0.0261183406487495
D1,4,predicted_pad_error,-0.046638935804367065,-0.46638935804367065,0.46638935804367065,3.644809333758597,7,4,58.27273941040039,2.3309095764160155,-0.008003559859422544,-0.2000889964855636
D1,4,progress_to_pad,-0.1268598735332489,-1.268598735332489,1.268598735332489,9.914035197392424,3,4,58.27273941040039,2.3309095764160155,-0.021770020564814432,-0.5442505141203609
D1,4,rel_vel,-0.05379705876111984,-0.5379705876111984,0.5379705876111984,4.204213036158712,6,4,58.27273941040039,2.3309095764160155,-0.009231942638261874,-0.23079856595654685
D1,4,tilt,-0.0001820390170905739,-0.001820390170905739,0.001820390170905739,0.014226257464001517,12,4,58.27273941040039,2.3309095764160155,-3.123913839171323e-05,-0.0007809784597928306
D1,5,align_bonus,0.16099993884563446,1.6099993884563446,1.6099993884563446,7.246586312041538,,5,69.17858123779297,2.7671432495117188,0.023273090596093136,0.5818272649023284
D1,5,align_hold,0.10791660845279694,1.0791660845279694,1.0791660845279694,4.857312513676083,,5,69.17858123779297,2.7671432495117188,0.015599714033140793,0.3899928508285198
D1,5,ang_vel,-0.00034538027830421925,-0.0034538027830421925,0.0034538027830421925,0.015545521415434482,10,5,69.17858123779297,2.7671432495117188,-4.9925897889842014e-05,-0.0012481474472460503
D1,5,center_precision,0.0,0.0,0.0,0.0,,5,69.17858123779297,2.7671432495117188,0.0,0.0
D1,5,center_precision_square,0.0,0.0,0.0,0.0,,5,69.17858123779297,2.7671432495117188,0.0,0.0
D1,5,contact_clearance,-0.6895523071289062,-6.8955230712890625,6.8955230712890625,31.036659678908237,1,5,69.17858123779297,2.7671432495117188,-0.0996771391940887,-2.491928479852217
D1,5,crash_penalty,-0.25,-2.5,2.5,11.25246749160183,5,5,69.17858123779297,2.7671432495117188,-0.036138353161747475,-0.9034588290436868
D1,5,descent_horizontal_rel_vel,-0.04385271668434143,-0.4385271668434143,0.4385271668434143,1.9738050756359087,8,5,69.17858123779297,2.7671432495117188,-0.006339059850563145,-0.15847649626407864
D1,5,descent_vel,0.0,0.0,0.0,0.0,,5,69.17858123779297,2.7671432495117188,0.0,0.0
D1,5,height_tracking,-0.26584184169769287,-2.6584184169769287,2.6584184169769287,11.965506726443397,4,5,69.17858123779297,2.7671432495117188,-0.038428345441762365,-0.9607086360440591
D1,5,horizontal_error,-0.2938530445098877,-2.938530445098877,2.938530445098877,13.22628732262295,2,5,69.17858123779297,2.7671432495117188,-0.04247746040061209,-1.0619365100153022
D1,5,landing_bonus,0.0,0.0,0.0,0.0,,5,69.17858123779297,2.7671432495117188,0.0,0.0
D1,5,lin_vel,-0.0014194989344105124,-0.014194989344105124,0.014194989344105124,0.06389146245527093,9,5,69.17858123779297,2.7671432495117188,-0.00020519341521780526,-0.005129835380445131
D1,5,near_pad_horizontal_rel_vel,0.0,0.0,0.0,0.0,,5,69.17858123779297,2.7671432495117188,0.0,0.0
D1,5,off_center_contact,0.0,0.0,0.0,0.0,,5,69.17858123779297,2.7671432495117188,0.0,0.0
D1,5,post_align_descent,0.023031167685985565,0.23031167685985565,0.23031167685985565,1.0366298627207327,,5,69.17858123779297,2.7671432495117188,0.003329233886254291,0.08323084715635727
D1,5,predicted_pad_error,-0.2659095525741577,-2.659095525741577,2.659095525741577,11.96855438418839,3,5,69.17858123779297,2.7671432495117188,-0.03843813328002867,-0.9609533320007169
D1,5,progress_to_pad,-0.05227193236351013,-0.5227193236351013,0.5227193236351013,2.35275287857443,7,5,69.17858123779297,2.7671432495117188,-0.007556086208798026,-0.18890215521995066
D1,5,rel_vel,-0.06652899086475372,-0.6652899086475372,0.6652899086475372,2.994461227818866,6,5,69.17858123779297,2.7671432495117188,-0.009616992669460566,-0.24042481673651414
D1,5,tilt,-0.00021194333385210484,-0.0021194333385210484,0.0021194333385210484,0.009539541896930095,11,5,69.17858123779297,2.7671432495117188,-3.063713219610205e-05,-0.0007659283049025514
D1,6,align_bonus,0.05333331227302551,0.5333331227302551,0.5333331227302551,2.9142528561663035,,6,77.53125762939453,3.1012503051757814,0.0068789432680123564,0.17197358170030888
D1,6,align_hold,0.02374999038875103,0.2374999038875103,0.2374999038875103,1.297753212289164,,6,77.53125762939453,3.1012503051757814,0.003063279394006201,0.07658198485015501
D1,6,ang_vel,-0.0003907087375409901,-0.003907087375409901,0.003907087375409901,0.02134920944866657,10,6,77.53125762939453,3.1012503051757814,-5.039370564690288e-05,-0.001259842641172572
D1,6,center_precision,0.0,0.0,0.0,0.0,,6,77.53125762939453,3.1012503051757814,0.0,0.0
D1,6,center_precision_square,0.0,0.0,0.0,0.0,,6,77.53125762939453,3.1012503051757814,0.0,0.0
D1,6,contact_clearance,-0.1961635798215866,-1.961635798215866,1.961635798215866,10.71882184711037,4,6,77.53125762939453,3.1012503051757814,-0.025301225056771792,-0.6325306264192948
D1,6,crash_penalty,0.0,0.0,0.0,0.0,,6,77.53125762939453,3.1012503051757814,0.0,0.0
D1,6,descent_horizontal_rel_vel,-0.014809365384280682,-0.14809365384280682,0.14809365384280682,0.8092172327158946,7,6,77.53125762939453,3.1012503051757814,-0.001910115460150357,-0.047752886503758925
D1,6,descent_vel,0.0,0.0,0.0,0.0,,6,77.53125762939453,3.1012503051757814,0.0,0.0
D1,6,height_tracking,-0.21007505059242249,-2.100750505924225,2.100750505924225,11.478976086544083,3,6,77.53125762939453,3.1012503051757814,-0.02709552985669311,-0.6773882464173276
D1,6,horizontal_error,-0.8645159602165222,-8.645159602165222,8.645159602165222,47.23910814623462,1,6,77.53125762939453,3.1012503051757814,-0.11150547361800528,-2.7876368404501317
D1,6,landing_bonus,0.0,0.0,0.0,0.0,,6,77.53125762939453,3.1012503051757814,0.0,0.0
D1,6,lin_vel,-0.0018537044525146484,-0.018537044525146484,0.018537044525146484,0.10129060553325638,9,6,77.53125762939453,3.1012503051757814,-0.00023909123999709905,-0.005977280999927476
D1,6,near_pad_horizontal_rel_vel,0.0,0.0,0.0,0.0,,6,77.53125762939453,3.1012503051757814,0.0,0.0
D1,6,off_center_contact,0.0,0.0,0.0,0.0,,6,77.53125762939453,3.1012503051757814,0.0,0.0
D1,6,post_align_descent,-0.009823307394981384,-0.09823307394981384,0.09823307394981384,0.5367677425747117,8,6,77.53125762939453,3.1012503051757814,-0.0012670125179624406,-0.031675312949061014
D1,6,predicted_pad_error,-0.07676903903484344,-0.7676903903484344,0.7676903903484344,4.19483399281744,6,6,77.53125762939453,3.1012503051757814,-0.009901688864871179,-0.24754222162177947
D1,6,progress_to_pad,-0.2821553349494934,-2.821553349494934,2.821553349494934,15.417605914849643,2,6,77.53125762939453,3.1012503051757814,-0.036392462031019535,-0.9098115507754884
D1,6,rel_vel,-0.0962008461356163,-0.962008461356163,0.962008461356163,5.256631899799141,5,6,77.53125762939453,3.1012503051757814,-0.012408007954090448,-0.3102001988522612
D1,6,tilt,-0.00024507136549800634,-0.0024507136549800634,0.0024507136549800634,0.013391253916707575,11,6,77.53125762939453,3.1012503051757814,-3.1609362854587836e-05,-0.000790234071364696
D1,7,align_bonus,0.05566663667559624,0.5566663667559624,0.5566663667559624,1.6073246956920415,,7,97.0465316772461,3.881861267089844,0.005736076881215122,0.14340192203037808
D1,7,align_hold,0.03649997338652611,0.3649997338652611,0.3649997338652611,1.0539043154009144,,7,97.0465316772461,3.881861267089844,0.0037610796342435423,0.09402699085608855
D1,7,ang_vel,-0.0004988125874660909,-0.004988125874660909,0.004988125874660909,0.014402770460673012,10,7,97.0465316772461,3.881861267089844,-5.139932142294627e-05,-0.0012849830355736568
D1,7,center_precision,0.0,0.0,0.0,0.0,,7,97.0465316772461,3.881861267089844,0.0,0.0
D1,7,center_precision_square,0.0,0.0,0.0,0.0,,7,97.0465316772461,3.881861267089844,0.0,0.0
D1,7,contact_clearance,-0.2793576717376709,-2.793576717376709,2.793576717376709,8.066204669983858,4,7,97.0465316772461,3.881861267089844,-0.028785951121545354,-0.7196487780386338
D1,7,crash_penalty,-1.0,-10.0,10.0,28.874111886064036,2,7,97.0465316772461,3.881861267089844,-0.103043352783154,-2.5760838195788502
D1,7,descent_horizontal_rel_vel,-0.013623228296637535,-0.13623228296637535,0.13623228296637535,0.39335861808650574,8,7,97.0465316772461,3.881861267089844,-0.0014037831194158678,-0.0350945779853967
D1,7,descent_vel,-2.7019500521419104e-06,-2.7019500521419104e-05,2.7019500521419104e-05,7.801640811610208e-05,12,7,97.0465316772461,3.881861267089844,-2.784179924253202e-07,-6.960449810633006e-06
D1,7,height_tracking,-0.2420293539762497,-2.420293539762497,2.420293539762497,6.988382646422031,5,7,97.0465316772461,3.881861267089844,-0.024939516105653557,-0.6234879026413389
D1,7,horizontal_error,-1.1958775520324707,-11.958775520324707,11.958775520324707,34.52990223941792,1,7,97.0465316772461,3.881861267089844,-0.1232272324795365,-3.080680811988412
D1,7,landing_bonus,0.0,0.0,0.0,0.0,,7,97.0465316772461,3.881861267089844,0.0,0.0
D1,7,lin_vel,-0.0028568485286086798,-0.028568485286086798,0.028568485286086798,0.08248896405658443,9,7,97.0465316772461,3.881861267089844,-0.00029437925078145864,-0.007359481269536466
D1,7,near_pad_horizontal_rel_vel,0.0,0.0,0.0,0.0,,7,97.0465316772461,3.881861267089844,0.0,0.0
D1,7,off_center_contact,0.0,0.0,0.0,0.0,,7,97.0465316772461,3.881861267089844,0.0,0.0
D1,7,post_align_descent,0.007297450210899115,0.07297450210899115,0.07297450210899115,0.21070739387248263,,7,97.0465316772461,3.881861267089844,0.0007519537364991791,0.018798843412479477
D1,7,predicted_pad_error,-0.08992405980825424,-0.8992405980825424,0.8992405980825424,2.596477364152647,7,7,97.0465316772461,3.881861267089844,-0.009266076618515383,-0.23165191546288455
D1,7,progress_to_pad,-0.4065200984477997,-4.065200984477997,4.065200984477997,11.737906806515534,3,7,97.0465316772461,3.881861267089844,-0.04188919391779912,-1.047229847944978
D1,7,rel_vel,-0.13285261392593384,-1.3285261392593384,1.3285261392593384,3.8360012388534823,6,7,97.0465316772461,3.881861267089844,-0.01368957876493416,-0.342239469123354
D1,7,tilt,-0.00030298333149403334,-0.0030298333149403334,0.0030298333149403334,0.008748374613171147,11,7,97.0465316772461,3.881861267089844,-3.1220418314554975e-05,-0.0007805104578638743
D1,8,align_bonus,0.023999987170100212,0.23999987170100212,0.23999987170100212,0.5422934282553669,,8,114.78185272216797,4.591274108886719,0.0020909217442405914,0.052273043606014785
D1,8,align_hold,0.01541665755212307,0.1541665755212307,0.1541665755212307,0.34834818939384055,,8,114.78185272216797,4.591274108886719,0.0013431267388094381,0.03357816847023595
D1,8,ang_vel,-0.0005158325657248497,-0.005158325657248497,0.005158325657248497,0.011655531667166413,10,8,114.78185272216797,4.591274108886719,-4.494025436001925e-05,-0.0011235063590004815
D1,8,center_precision,0.0,0.0,0.0,0.0,,8,114.78185272216797,4.591274108886719,0.0,0.0
D1,8,center_precision_square,0.0,0.0,0.0,0.0,,8,114.78185272216797,4.591274108886719,0.0,0.0
D1,8,contact_clearance,-0.10706911981105804,-1.0706911981105804,1.0706911981105804,2.4192879617435583,6,8,114.78185272216797,4.591274108886719,-0.009328052934484446,-0.23320132336211116
D1,8,crash_penalty,-1.875,-18.75,18.75,42.366696730803596,1,8,114.78185272216797,4.591274108886719,-0.16335334859409173,-4.083833714852293
D1,8,descent_horizontal_rel_vel,-0.0087298434227705,-0.087298434227705,0.087298434227705,0.19725580202662307,8,8,114.78185272216797,4.591274108886719,-0.0007605595497662232,-0.01901398874415558
D1,8,descent_vel,-3.0715698358108057e-06,-3.071569835810806e-05,3.071569835810806e-05,6.940387611801632e-05,12,8,114.78185272216797,4.591274108886719,-2.676006496641598e-07,-6.690016241603995e-06
D1,8,height_tracking,-0.2677241563796997,-2.677241563796997,2.677241563796997,6.04938034178612,4,8,114.78185272216797,4.591274108886719,-0.02332460663688118,-0.5831151659220295
D1,8,horizontal_error,-1.4889295101165771,-14.889295101165771,14.889295101165771,33.64321333794826,2,8,114.78185272216797,4.591274108886719,-0.12971819802565518,-3.2429549506413795
D1,8,landing_bonus,0.0,0.0,0.0,0.0,,8,114.78185272216797,4.591274108886719,0.0,0.0
D1,8,lin_vel,-0.003706833813339472,-0.03706833813339472,0.03706833813339472,0.0837580288006622,9,8,114.78185272216797,4.591274108886719,-0.00032294598191509816,-0.008073649547877454
D1,8,near_pad_horizontal_rel_vel,0.0,0.0,0.0,0.0,,8,114.78185272216797,4.591274108886719,0.0,0.0
D1,8,off_center_contact,0.0,0.0,0.0,0.0,,8,114.78185272216797,4.591274108886719,0.0,0.0
D1,8,post_align_descent,0.0031817066483199596,0.031817066483199596,0.031817066483199596,0.0718924803497351,,8,114.78185272216797,4.591274108886719,0.00027719596546514646,0.006929899136628661
D1,8,predicted_pad_error,-0.042550574988126755,-0.42550574988126755,0.42550574988126755,0.961454563329751,7,8,114.78185272216797,4.591274108886719,-0.0037070820847544053,-0.09267705211886014
D1,8,progress_to_pad,-0.4425014853477478,-4.425014853477478,4.425014853477478,9.998573990751021,3,8,114.78185272216797,4.591274108886719,-0.03855151967435414,-0.9637879918588536
D1,8,rel_vel,-0.14597934484481812,-1.4597934484481812,1.4597934484481812,3.29848673706763,5,8,114.78185272216797,4.591274108886719,-0.012717981229852106,-0.31794953074630267
D1,8,tilt,-0.00033783045364543796,-0.0033783045364543796,0.0033783045364543796,0.007633472200547239,11,8,114.78185272216797,4.591274108886719,-2.94323924586898e-05,-0.000735809811467245
D1,9,align_bonus,0.0,0.0,0.0,0.0,,9,122.75414276123047,4.910165710449219,0.0,0.0
D1,9,align_hold,0.0,0.0,0.0,0.0,,9,122.75414276123047,4.910165710449219,0.0,0.0
D1,9,ang_vel,-0.0006011545192450285,-0.006011545192450285,0.006011545192450285,0.025606328265330488,7,9,122.75414276123047,4.910165710449219,-4.897223879558479e-05,-0.0012243059698896198
D1,9,center_precision,0.0,0.0,0.0,0.0,,9,122.75414276123047,4.910165710449219,0.0,0.0
D1,9,center_precision_square,0.0,0.0,0.0,0.0,,9,122.75414276123047,4.910165710449219,0.0,0.0
D1,9,contact_clearance,0.0,0.0,0.0,0.0,,9,122.75414276123047,4.910165710449219,0.0,0.0
D1,9,crash_penalty,-0.125,-1.25,1.25,5.324406505645315,5,9,122.75414276123047,4.910165710449219,-0.010182955718499698,-0.25457389296249244
D1,9,descent_horizontal_rel_vel,0.0,0.0,0.0,0.0,,9,122.75414276123047,4.910165710449219,0.0,0.0
D1,9,descent_vel,-1.737495040288195e-05,-0.0001737495040288195,0.0001737495040288195,0.0007400903916829546,9,9,122.75414276123047,4.910165710449219,-1.415426804509403e-06,-3.538567011273508e-05
D1,9,height_tracking,-0.3514852523803711,-3.514852523803711,3.514852523803711,14.971602915299465,2,9,122.75414276123047,4.910165710449219,-0.028633270085560072,-0.7158317521390019
D1,9,horizontal_error,-1.408337950706482,-14.08337950706482,14.08337950706482,59.98850997511026,1,9,122.75414276123047,4.910165710449219,-0.11472834390981372,-2.868208597745343
D1,9,landing_bonus,0.0,0.0,0.0,0.0,,9,122.75414276123047,4.910165710449219,0.0,0.0
D1,9,lin_vel,-0.002457420574501157,-0.024574205745011568,0.024574205745011568,0.10467444875184484,6,9,122.75414276123047,4.910165710449219,-0.00020019043913500293,-0.005004760978375073
D1,9,near_pad_horizontal_rel_vel,0.0,0.0,0.0,0.0,,9,122.75414276123047,4.910165710449219,0.0,0.0
D1,9,off_center_contact,0.0,0.0,0.0,0.0,,9,122.75414276123047,4.910165710449219,0.0,0.0
D1,9,post_align_descent,0.0,0.0,0.0,0.0,,9,122.75414276123047,4.910165710449219,0.0,0.0
D1,9,predicted_pad_error,0.0,0.0,0.0,0.0,,9,122.75414276123047,4.910165710449219,0.0,0.0
D1,9,progress_to_pad,-0.31798163056373596,-3.1798163056373596,3.1798163056373596,13.544507699594085,3,9,122.75414276123047,4.910165710449219,-0.025903942906614824,-0.6475985726653707
D1,9,rel_vel,-0.14141181111335754,-1.4141181111335754,1.4141181111335754,6.023471736536378,4,9,122.75414276123047,4.910165710449219,-0.011519921685121306,-0.28799804212803265
D1,9,tilt,-0.00038690463406965137,-0.0038690463406965137,0.0038690463406965137,0.016480300405638172,8,9,122.75414276123047,4.910165710449219,-3.151866204810871e-05,-0.0007879665512027179
D1,10,align_bonus,0.0,0.0,0.0,0.0,,10,130.33828735351562,5.213531494140625,0.0,0.0
D1,10,align_hold,0.0,0.0,0.0,0.0,,10,130.33828735351562,5.213531494140625,0.0,0.0
D1,10,ang_vel,-0.0006512121763080359,-0.0065121217630803585,0.0065121217630803585,0.018144883702356535,7,10,130.33828735351562,5.213531494140625,-4.996322949539437e-05,-0.0012490807373848592
D1,10,center_precision,0.0,0.0,0.0,0.0,,10,130.33828735351562,5.213531494140625,0.0,0.0
D1,10,center_precision_square,0.0,0.0,0.0,0.0,,10,130.33828735351562,5.213531494140625,0.0,0.0
D1,10,contact_clearance,0.0,0.0,0.0,0.0,,10,130.33828735351562,5.213531494140625,0.0,0.0
D1,10,crash_penalty,-1.125,-11.25,11.25,31.346149393090222,2,10,130.33828735351562,5.213531494140625,-0.0863138547270205,-2.1578463681755125
D1,10,descent_horizontal_rel_vel,0.0,0.0,0.0,0.0,,10,130.33828735351562,5.213531494140625,0.0,0.0
D1,10,descent_vel,-4.0258586523123085e-05,-0.00040258586523123085,0.00040258586523123085,0.0011217348155630798,9,10,130.33828735351562,5.213531494140625,-3.0887767010418054e-06,-7.721941752604513e-05
D1,10,height_tracking,-0.28226739168167114,-2.8226739168167114,2.8226739168167114,7.864885180845845,4,10,130.33828735351562,5.213531494140625,-0.021656521457588226,-0.5414130364397057
D1,10,horizontal_error,-1.5891908407211304,-15.891908407211304,15.891908407211304,44.28001200655574,1,10,130.33828735351562,5.213531494140625,-0.1219281665417913,-3.0482041635447823
D1,10,landing_bonus,0.0,0.0,0.0,0.0,,10,130.33828735351562,5.213531494140625,0.0,0.0
D1,10,lin_vel,-0.0028191888704895973,-0.028191888704895973,0.028191888704895973,0.07855174711262596,6,10,130.33828735351562,5.213531494140625,-0.00021629782988041965,-0.005407445747010491
D1,10,near_pad_horizontal_rel_vel,0.0,0.0,0.0,0.0,,10,130.33828735351562,5.213531494140625,0.0,0.0
D1,10,off_center_contact,0.0,0.0,0.0,0.0,,10,130.33828735351562,5.213531494140625,0.0,0.0
D1,10,post_align_descent,0.0,0.0,0.0,0.0,,10,130.33828735351562,5.213531494140625,0.0,0.0
D1,10,predicted_pad_error,0.0,0.0,0.0,0.0,,10,130.33828735351562,5.213531494140625,0.0,0.0
D1,10,progress_to_pad,-0.43538498878479004,-4.3538498878479,4.3538498878479,12.131238135072834,3,10,130.33828735351562,5.213531494140625,-0.03340422815315183,-0.8351057038287959
D1,10,rel_vel,-0.15320336818695068,-1.5320336818695068,1.5320336818695068,4.268742814855789,5,10,130.33828735351562,5.213531494140625,-0.011754287347003284,-0.2938571836750821
D1,10,tilt,-0.0004003160574939102,-0.004003160574939102,0.004003160574939102,0.011154103949028448,8,10,130.33828735351562,5.213531494140625,-3.0713619583487064e-05,-0.0007678404895871766
D1,11,align_bonus,0.017666663974523544,0.17666663974523544,0.17666663974523544,0.48837956573650104,,11,134.4794921875,5.3791796875,0.0013137069219365835,0.03284267304841459
D1,11,align_hold,0.018499987199902534,0.18499987199902534,0.18499987199902534,0.5114160617900638,,11,134.4794921875,5.3791796875,0.0013756734873826455,0.034391837184566135
D1,11,ang_vel,-0.0007613057969138026,-0.007613057969138026,0.007613057969138026,0.021045636857394922,10,11,134.4794921875,5.3791796875,-5.6611293255951685e-05,-0.0014152823313987922
D1,11,center_precision,0.0,0.0,0.0,0.0,,11,134.4794921875,5.3791796875,0.0,0.0
D1,11,center_precision_square,0.0,0.0,0.0,0.0,,11,134.4794921875,5.3791796875,0.0,0.0
D1,11,contact_clearance,-0.05770287662744522,-0.5770287662744522,0.5770287662744522,1.5951458560426155,6,11,134.4794921875,5.3791796875,-0.00429083094298067,-0.10727077357451674
D1,11,crash_penalty,-1.375,-13.75,13.75,38.01067954063463,1,11,134.4794921875,5.3791796875,-0.1022460731843697,-2.556151829609243
D1,11,descent_horizontal_rel_vel,-0.003183809109032154,-0.03183809109032154,0.03183809109032154,0.08801363473598157,8,11,134.4794921875,5.3791796875,-0.0002367505303033924,-0.005918763257584811
D1,11,descent_vel,-0.00048489682376384735,-0.0048489682376384735,0.0048489682376384735,0.013404551111533955,12,11,134.4794921875,5.3791796875,-3.605730627594673e-05,-0.0009014326568986684
D1,11,height_tracking,-0.45071446895599365,-4.5071446895599365,4.5071446895599365,12.45960963186443,3,11,134.4794921875,5.3791796875,-0.03351547969318462,-0.8378869923296156
D1,11,horizontal_error,-1.3332473039627075,-13.332473039627075,13.332473039627075,36.85646255952114,2,11,134.4794921875,5.3791796875,-0.09914131011915243,-2.4785327529788113
D1,11,landing_bonus,0.0,0.0,0.0,0.0,,11,134.4794921875,5.3791796875,0.0,0.0
D1,11,lin_vel,-0.003128587733954191,-0.03128587733954191,0.03128587733954191,0.08648708783279493,9,11,134.4794921875,5.3791796875,-0.00023264422575243755,-0.005816105643810939
D1,11,near_pad_horizontal_rel_vel,0.0,0.0,0.0,0.0,,11,134.4794921875,5.3791796875,0.0,0.0
D1,11,off_center_contact,0.0,0.0,0.0,0.0,,11,134.4794921875,5.3791796875,0.0,0.0
D1,11,post_align_descent,0.005258155055344105,0.05258155055344105,0.05258155055344105,0.14535712493356562,,11,134.4794921875,5.3791796875,0.00039100051389343775,0.009775012847335944
D1,11,predicted_pad_error,-0.0214387234300375,-0.21438723430037498,0.21438723430037498,0.5926548698614187,7,11,134.4794921875,5.3791796875,-0.0015942002071324187,-0.03985500517831047
D1,11,progress_to_pad,-0.16333810985088348,-1.6333810985088348,1.6333810985088348,4.515340036592661,5,11,134.4794921875,5.3791796875,-0.012145949333534583,-0.3036487333383646
D1,11,rel_vel,-0.16642363369464874,-1.6642363369464874,1.6642363369464874,4.600636660622005,4,11,134.4794921875,5.3791796875,-0.012375391294801304,-0.3093847823700326
D1,11,tilt,-0.0005558931152336299,-0.005558931152336299,0.005558931152336299,0.015367181863265881,11,11,134.4794921875,5.3791796875,-4.1336645922083634e-05,-0.0010334161480520909
D1,12,align_bonus,0.0,0.0,0.0,0.0,,12,141.53662109375,5.66146484375,0.0,0.0
D1,12,align_hold,0.0,0.0,0.0,0.0,,12,141.53662109375,5.66146484375,0.0,0.0
D1,12,ang_vel,-0.000746152363717556,-0.00746152363717556,0.00746152363717556,0.018598634855374514,7,12,141.53662109375,5.66146484375,-5.271797206627711e-05,-0.0013179493016569276
D1,12,center_precision,0.0,0.0,0.0,0.0,,12,141.53662109375,5.66146484375,0.0,0.0
D1,12,center_precision_square,0.0,0.0,0.0,0.0,,12,141.53662109375,5.66146484375,0.0,0.0
D1,12,contact_clearance,0.0,0.0,0.0,0.0,,12,141.53662109375,5.66146484375,0.0,0.0
D1,12,crash_penalty,-1.5208333730697632,-15.208333730697632,15.208333730697632,37.9083763008745,2,12,141.53662109375,5.66146484375,-0.10745158117505184,-2.6862895293762956
D1,12,descent_horizontal_rel_vel,0.0,0.0,0.0,0.0,,12,141.53662109375,5.66146484375,0.0,0.0
D1,12,descent_vel,-0.00027408168534748256,-0.0027408168534748256,0.0027408168534748256,0.006831775163085958,9,12,141.53662109375,5.66146484375,-1.936471870173715e-05,-0.0004841179675434288
D1,12,height_tracking,-0.40123113989830017,-4.012311398983002,4.012311398983002,10.001109460264239,3,12,141.53662109375,5.66146484375,-0.028348220891364618,-0.7087055222841154
D1,12,horizontal_error,-1.5391569137573242,-15.391569137573242,15.391569137573242,38.36510988382211,1,12,141.53662109375,5.66146484375,-0.10874619599247241,-2.7186548998118103
D1,12,landing_bonus,0.0,0.0,0.0,0.0,,12,141.53662109375,5.66146484375,0.0,0.0
D1,12,lin_vel,-0.002843619091436267,-0.02843619091436267,0.02843619091436267,0.07088020586826774,6,12,141.53662109375,5.66146484375,-0.00020091048305814302,-0.005022762076453575
D1,12,near_pad_horizontal_rel_vel,0.0,0.0,0.0,0.0,,12,141.53662109375,5.66146484375,0.0,0.0
D1,12,off_center_contact,0.0,0.0,0.0,0.0,,12,141.53662109375,5.66146484375,0.0,0.0
D1,12,post_align_descent,0.0,0.0,0.0,0.0,,12,141.53662109375,5.66146484375,0.0,0.0
D1,12,predicted_pad_error,0.0,0.0,0.0,0.0,,12,141.53662109375,5.66146484375,0.0,0.0
D1,12,progress_to_pad,-0.3904409408569336,-3.904409408569336,3.904409408569336,9.732152365513073,4,12,141.53662109375,5.66146484375,-0.027585859959050184,-0.6896464989762546
D1,12,rel_vel,-0.15584427118301392,-1.5584427118301392,1.5584427118301392,3.884582874727738,5,12,141.53662109375,5.66146484375,-0.011010879727006265,-0.2752719931751566
D1,12,tilt,-0.0004958064528182149,-0.004958064528182149,0.004958064528182149,0.01235849891161778,8,12,141.53662109375,5.66146484375,-3.5030259235156265e-05,-0.0008757564808789066
D1,13,align_bonus,0.0046666646376252174,0.046666646376252174,0.046666646376252174,0.08181826723523292,,13,145.18186950683594,5.8072747802734375,0.0003214357724884846,0.008035894312212116
D1,13,align_hold,0.0059583294205367565,0.059583294205367565,0.059583294205367565,0.10446437159305001,,13,145.18186950683594,5.8072747802734375,0.0004104045113054703,0.010260112782636758
D1,13,ang_vel,-0.0005492805503308773,-0.005492805503308773,0.005492805503308773,0.00963025765591703,11,13,145.18186950683594,5.8072747802734375,-3.783396316611106e-05,-0.0009458490791527765
D1,13,center_precision,0.0,0.0,0.0,0.0,,13,145.18186950683594,5.8072747802734375,0.0,0.0
D1,13,center_precision_square,0.0,0.0,0.0,0.0,,13,145.18186950683594,5.8072747802734375,0.0,0.0
D1,13,contact_clearance,-0.02646733820438385,-0.2646733820438385,0.2646733820438385,0.4640384339495966,6,13,145.18186950683594,5.8072747802734375,-0.0018230470715310376,-0.04557617678827594
D1,13,crash_penalty,-3.0,-30.0,30.0,52.59748037746426,1,13,145.18186950683594,5.8072747802734375,-0.2066373721588386,-5.165934303970965
D1,13,descent_horizontal_rel_vel,-0.0013038963079452515,-0.013038963079452515,0.013038963079452515,0.022860553490466153,10,13,145.18186950683594,5.8072747802734375,-8.981123554713952e-05,-0.002245280888678488
D1,13,descent_vel,-0.004462178330868483,-0.044621783308684826,0.044621783308684826,0.07823311239953375,8,13,145.18186950683594,5.8072747802734375,-0.0003073509347982586,-0.007683773369956466
D1,13,height_tracking,-0.3328481912612915,-3.328481912612915,3.328481912612915,5.835658736180084,4,13,145.18186950683594,5.8072747802734375,-0.022926291856685262,-0.5731572964171315
D1,13,horizontal_error,-1.542406439781189,-15.42406439781189,15.42406439781189,27.042230816821867,2,13,145.18186950683594,5.8072747802734375,-0.10623960450575161,-2.6559901126437904
D1,13,landing_bonus,0.0,0.0,0.0,0.0,,13,145.18186950683594,5.8072747802734375,0.0,0.0
D1,13,lin_vel,-0.0038456402253359556,-0.038456402253359556,0.038456402253359556,0.06742366209696506,9,13,145.18186950683594,5.8072747802734375,-0.00026488433014391525,-0.006622108253597882
D1,13,near_pad_horizontal_rel_vel,0.0,0.0,0.0,0.0,,13,145.18186950683594,5.8072747802734375,0.0,0.0
D1,13,off_center_contact,0.0,0.0,0.0,0.0,,13,145.18186950683594,5.8072747802734375,0.0,0.0
D1,13,post_align_descent,-0.0005226299399510026,-0.005226299399510026,0.005226299399510026,0.009163006003749394,12,13,145.18186950683594,5.8072747802734375,-3.5998292467668935e-05,-0.0008999573116917233
D1,13,predicted_pad_error,-0.008453776128590107,-0.08453776128590107,0.08453776128590107,0.14821577467966465,7,13,145.18186950683594,5.8072747802734375,-0.0005822886946769933,-0.014557217366924832
D1,13,progress_to_pad,-0.5801836252212524,-5.801836252212524,5.801836252212524,10.172065614300301,3,13,145.18186950683594,5.8072747802734375,-0.03996253989510269,-0.9990634973775674
D1,13,rel_vel,-0.19158904254436493,-1.9158904254436493,1.9158904254436493,3.3590336352548,5,13,145.18186950683594,5.8072747802734375,-0.0131964854285985,-0.3299121357149625
D1,13,tilt,-0.00043823663145303726,-0.004382366314530373,0.004382366314530373,0.007683380874512388,13,13,145.18186950683594,5.8072747802734375,-3.018535530239902e-05,-0.0007546338825599755
D1,14,align_bonus,0.0,0.0,0.0,0.0,,14,152.33006286621094,6.093202514648437,0.0,0.0
D1,14,align_hold,0.0,0.0,0.0,0.0,,14,152.33006286621094,6.093202514648437,0.0,0.0
D1,14,ang_vel,-0.000752343563362956,-0.0075234356336295605,0.0075234356336295605,0.016796699044032918,8,14,152.33006286621094,6.093202514648437,-4.9389040430169545e-05,-0.0012347260107542387
D1,14,center_precision,0.0,0.0,0.0,0.0,,14,152.33006286621094,6.093202514648437,0.0,0.0
D1,14,center_precision_square,0.0,0.0,0.0,0.0,,14,152.33006286621094,6.093202514648437,0.0,0.0
D1,14,contact_clearance,0.0,0.0,0.0,0.0,,14,152.33006286621094,6.093202514648437,0.0,0.0
D1,14,crash_penalty,-1.8958333730697632,-18.958333730697632,18.958333730697632,42.3260650529738,1,14,152.33006286621094,6.093202514648437,-0.12445562861316767,-3.111390715329192
D1,14,descent_horizontal_rel_vel,0.0,0.0,0.0,0.0,,14,152.33006286621094,6.093202514648437,0.0,0.0
D1,14,descent_vel,-0.0033937206026166677,-0.03393720602616668,0.03393720602616668,0.07576764975150838,7,14,152.33006286621094,6.093202514648437,-0.00022278731714286224,-0.005569682928571556
D1,14,height_tracking,-0.31036701798439026,-3.1036701798439026,3.1036701798439026,6.929203156833229,4,14,152.33006286621094,6.093202514648437,-0.02037463991969731,-0.5093659979924329
D1,14,horizontal_error,-1.5411462783813477,-15.411462783813477,15.411462783813477,34.40737913021063,2,14,152.33006286621094,6.093202514648437,-0.10117151200383287,-2.529287800095822
D1,14,landing_bonus,0.0,0.0,0.0,0.0,,14,152.33006286621094,6.093202514648437,0.0,0.0
D1,14,lin_vel,-0.005592373665422201,-0.05592373665422201,0.05592373665422201,0.12485441754827015,6,14,152.33006286621094,6.093202514648437,-0.0003671221267947545,-0.009178053169868862
D1,14,near_pad_horizontal_rel_vel,0.0,0.0,0.0,0.0,,14,152.33006286621094,6.093202514648437,0.0,0.0
D1,14,off_center_contact,0.0,0.0,0.0,0.0,,14,152.33006286621094,6.093202514648437,0.0,0.0
D1,14,post_align_descent,0.0,0.0,0.0,0.0,,14,152.33006286621094,6.093202514648437,0.0,0.0
D1,14,predicted_pad_error,0.0,0.0,0.0,0.0,,14,152.33006286621094,6.093202514648437,0.0,0.0
D1,14,progress_to_pad,-0.504902720451355,-5.04902720451355,5.04902720451355,11.272375354720111,3,14,152.33006286621094,6.093202514648437,-0.03314531031834491,-0.8286327579586227
D1,14,rel_vel,-0.21655675768852234,-2.1655675768852234,2.1655675768852234,4.834810666268501,5,14,152.33006286621094,6.093202514648437,-0.014216284928518718,-0.35540712321296797
D1,14,tilt,-0.0005709919496439397,-0.005709919496439397,0.005709919496439397,0.012747872649915844,9,14,152.33006286621094,6.093202514648437,-3.748386489838403e-05,-0.0009370966224596009
D1,15,align_bonus,0.010999995283782482,0.10999995283782482,0.10999995283782482,0.21522952300821685,,15,155.36032104492188,6.214412841796875,0.0007080311890319712,0.01770077972579928
D1,15,align_hold,0.020166652277112007,0.20166652277112007,0.20166652277112007,0.3945873464759221,,15,155.36032104492188,6.214412841796875,0.0012980568102251085,0.03245142025562771
D1,15,ang_vel,-0.0006784318829886615,-0.006784318829886615,0.006784318829886615,0.013274421197661255,11,15,155.36032104492188,6.214412841796875,-4.3668285339890316e-05,-0.0010917071334972579
D1,15,center_precision,0.0,0.0,0.0,0.0,,15,155.36032104492188,6.214412841796875,0.0,0.0
D1,15,center_precision_square,0.0,0.0,0.0,0.0,,15,155.36032104492188,6.214412841796875,0.0,0.0
D1,15,contact_clearance,-0.039943356066942215,-0.39943356066942215,0.39943356066942215,0.7815448326882517,6,15,155.36032104492188,6.214412841796875,-0.002571014001405979,-0.06427535003514948
D1,15,crash_penalty,-2.5,-25.0,25.0,48.91582165619974,1,15,155.36032104492188,6.214412841796875,-0.16091624831781431,-4.022906207945358
D1,15,descent_horizontal_rel_vel,-0.004024157766252756,-0.04024157766252756,0.04024157766252756,0.07873799344417237,10,15,155.36032104492188,6.214412841796875,-0.00025902094815375576,-0.006475523703843894
D1,15,descent_vel,-0.006995280738919973,-0.06995280738919973,0.06995280738919973,0.1368719620240234,8,15,155.36032104492188,6.214412841796875,-0.000450261732974748,-0.0112565433243687
D1,15,height_tracking,-0.25766363739967346,-2.5766363739967346,2.5766363739967346,5.0415314137320575,4,15,155.36032104492188,6.214412841796875,-0.01658490634331085,-0.4146226585827712
D1,15,horizontal_error,-1.4545854330062866,-14.545854330062866,14.545854330062866,28.460896649856636,2,15,155.36032104492188,6.214412841796875,-0.09362657229484603,-2.3406643073711506
D1,15,landing_bonus,0.0,0.0,0.0,0.0,,15,155.36032104492188,6.214412841796875,0.0,0.0
D1,15,lin_vel,-0.006084026303142309,-0.06084026303142309,0.06084026303142309,0.11904205823845496,9,15,155.36032104492188,6.214412841796875,-0.00039160747494742463,-0.009790186873685616
D1,15,near_pad_horizontal_rel_vel,0.0,0.0,0.0,0.0,,15,155.36032104492188,6.214412841796875,0.0,0.0
D1,15,off_center_contact,0.0,0.0,0.0,0.0,,15,155.36032104492188,6.214412841796875,0.0,0.0
D1,15,post_align_descent,0.0010420933831483126,0.010420933831483126,0.010420933831483126,0.02038994163167547,,15,155.36032104492188,6.214412841796875,6.707590304521803e-05,0.0016768975761304507
D1,15,predicted_pad_error,-0.026007693260908127,-0.26007693260908127,0.26007693260908127,0.5088750740958919,7,15,155.36032104492188,6.214412841796875,-0.0016740241707783351,-0.04185060426945838
D1,15,progress_to_pad,-0.5743778347969055,-5.743778347969055,5.743778347969055,11.238465492079834,3,15,155.36032104492188,6.214412841796875,-0.036970690516970946,-0.9242672629242736
D1,15,rel_vel,-0.2076892852783203,-2.076892852783203,2.076892852783203,4.063716815431162,5,15,155.36032104492188,6.214412841796875,-0.013368232241118227,-0.33420580602795563
D1,15,tilt,-0.0005629477091133595,-0.0056294770911335945,0.0056294770911335945,0.01101481989630212,12,15,155.36032104492188,6.214412841796875,-3.6234973339852015e-05,-0.0009058743334963004
D1,16,align_bonus,0.0,0.0,0.0,0.0,,16,155.65097045898438,6.226038818359375,0.0,0.0
D1,16,align_hold,0.0,0.0,0.0,0.0,,16,155.65097045898438,6.226038818359375,0.0,0.0
D1,16,ang_vel,-0.0007143799448385835,-0.007143799448385835,0.007143799448385835,0.012279157351093207,8,16,155.65097045898438,6.226038818359375,-4.589627309948767e-05,-0.0011474068274871917
D1,16,center_precision,0.0,0.0,0.0,0.0,,16,155.65097045898438,6.226038818359375,0.0,0.0
D1,16,center_precision_square,0.0,0.0,0.0,0.0,,16,155.65097045898438,6.226038818359375,0.0,0.0
D1,16,contact_clearance,0.0,0.0,0.0,0.0,,16,155.65097045898438,6.226038818359375,0.0,0.0
D1,16,crash_penalty,-3.0,-30.0,30.0,51.56565818991905,1,16,155.65097045898438,6.226038818359375,-0.1927389203648127,-4.818473009120317
D1,16,descent_horizontal_rel_vel,0.0,0.0,0.0,0.0,,16,155.65097045898438,6.226038818359375,0.0,0.0
D1,16,descent_vel,-0.0015992358094081283,-0.015992358094081283,0.015992358094081283,0.027488549037672692,7,16,155.65097045898438,6.226038818359375,-0.00010274499443802333,-0.002568624860950583
D1,16,height_tracking,-0.32909730076789856,-3.2909730076789856,3.2909730076789856,5.656706307540814,4,16,155.65097045898438,6.226038818359375,-0.02114328614832627,-0.5285821537081568
D1,16,horizontal_error,-1.6460371017456055,-16.460371017456055,16.460371017456055,28.2929955188463,2,16,155.65097045898438,6.226038818359375,-0.10575180462362443,-2.643795115590611
D1,16,landing_bonus,0.0,0.0,0.0,0.0,,16,155.65097045898438,6.226038818359375,0.0,0.0
D1,16,lin_vel,-0.004841716960072517,-0.048417169600725174,0.048417169600725174,0.08322210727181113,6,16,155.65097045898438,6.226038818359375,-0.00031106243319879327,-0.0077765608299698325
D1,16,near_pad_horizontal_rel_vel,0.0,0.0,0.0,0.0,,16,155.65097045898438,6.226038818359375,0.0,0.0
D1,16,off_center_contact,0.0,0.0,0.0,0.0,,16,155.65097045898438,6.226038818359375,0.0,0.0
D1,16,post_align_descent,0.0,0.0,0.0,0.0,,16,155.65097045898438,6.226038818359375,0.0,0.0
D1,16,predicted_pad_error,0.0,0.0,0.0,0.0,,16,155.65097045898438,6.226038818359375,0.0,0.0
D1,16,progress_to_pad,-0.6109082698822021,-6.1090826988220215,6.1090826988220215,10.500629010046818,3,16,155.65097045898438,6.226038818359375,-0.03924860012634375,-0.9812150031585938
D1,16,rel_vel,-0.22399362921714783,-2.2399362921714783,2.2399362921714783,3.85012630697697,5,16,155.65097045898438,6.226038818359375,-0.014390763421303078,-0.35976908553257697
D1,16,tilt,-0.0006338435341604054,-0.006338435341604054,0.006338435341604054,0.010894853009468582,9,16,155.65097045898438,6.226038818359375,-4.072210615143127e-05,-0.0010180526537857818
D1,17,align_bonus,0.06066664308309555,0.6066664308309555,0.6066664308309555,1.2730670541788993,,17,158.6017303466797,6.344069213867187,0.0038250933927698855,0.09562733481924714
D1,17,align_hold,0.10358326137065887,1.0358326137065887,1.0358326137065887,2.173656406779694,,17,158.6017303466797,6.344069213867187,0.006531029714760447,0.16327574286901117
D1,17,ang_vel,-0.0007170764729380608,-0.007170764729380608,0.007170764729380608,0.01504758441593455,10,17,158.6017303466797,6.344069213867187,-4.5212399093669326e-05,-0.0011303099773417333
D1,17,center_precision,-9.235657489625737e-05,-0.0009235657489625737,0.0009235657489625737,0.0019380685457770653,13,17,158.6017303466797,6.344069213867187,-5.8231757430628085e-06,-0.00014557939357657022
D1,17,center_precision_square,-6.12264484516345e-05,-0.000612264484516345,0.000612264484516345,0.0012848143626703755,14,17,158.6017303466797,6.344069213867187,-3.860389689179471e-06,-9.650974222948676e-05
D1,17,contact_clearance,-0.26094621419906616,-2.6094621419906616,2.6094621419906616,5.4758597365362975,5,17,158.6017303466797,6.344069213867187,-0.016452923535492124,-0.41132308838730314
D1,17,crash_penalty,-2.0,-20.0,20.0,41.969259859497086,1,17,158.6017303466797,6.344069213867187,-0.12610202900235065,-3.1525507250587665
D1,17,descent_horizontal_rel_vel,-0.021790459752082825,-0.21790459752082825,0.21790459752082825,0.45726473389653827,8,17,158.6017303466797,6.344069213867187,-0.0013739105938158514,-0.03434776484539629
D1,17,descent_vel,-0.0004887281684204936,-0.004887281684204936,0.004887281684204936,0.010255779750547877,12,17,158.6017303466797,6.344069213867187,-3.08148068342134e-05,-0.000770370170855335
D1,17,height_tracking,-0.3441731929779053,-3.4417319297790527,3.4417319297790527,7.222347086381272,4,17,158.6017303466797,6.344069213867187,-0.02170046898136572,-0.542511724534143
D1,17,horizontal_error,-1.1821281909942627,-11.821281909942627,11.821281909942627,24.806522617537706,2,17,158.6017303466797,6.344069213867187,-0.07453438171262741,-1.8633595428156855
D1,17,landing_bonus,0.0,0.0,0.0,0.0,,17,158.6017303466797,6.344069213867187,0.0,0.0
D1,17,lin_vel,-0.004899733699858189,-0.048997336998581886,0.048997336998581886,0.10281909844584171,9,17,158.6017303466797,6.344069213867187,-0.00030893318056165607,-0.0077233295140414025
D1,17,near_pad_horizontal_rel_vel,0.0,0.0,0.0,0.0,,17,158.6017303466797,6.344069213867187,0.0,0.0
D1,17,off_center_contact,0.0,0.0,0.0,0.0,,17,158.6017303466797,6.344069213867187,0.0,0.0
D1,17,post_align_descent,0.016168931499123573,0.16168931499123573,0.16168931499123573,0.3392990438685625,,17,158.6017303466797,6.344069213867187,0.0010194675344197509,0.025486688360493774
D1,17,predicted_pad_error,-0.12383006513118744,-1.2383006513118744,1.2383006513118744,2.5985280909546273,7,17,158.6017303466797,6.344069213867187,-0.007807611232267984,-0.19519028080669962
D1,17,progress_to_pad,-0.4529646635055542,-4.529646635055542,4.529646635055542,9.50529583491713,3,17,158.6017303466797,6.344069213867187,-0.0285598815672087,-0.7139970391802175
D1,17,rel_vel,-0.19230620563030243,-1.9230620563030243,1.9230620563030243,4.035474558346022,6,17,158.6017303466797,6.344069213867187,-0.012125101359862204,-0.30312753399655507
D1,17,tilt,-0.0005756418686360121,-0.005756418686360121,0.005756418686360121,0.012079631585395637,11,17,158.6017303466797,6.344069213867187,-3.629480380685286e-05,-0.0009073700951713216
D1,18,align_bonus,0.028666645288467407,0.2866664528846741,0.2866664528846741,0.441774601857606,,18,161.07107543945312,6.4428430175781255,0.0017797512812437416,0.04449378203109354
D1,18,align_hold,0.020166652277112007,0.20166652277112007,0.20166652277112007,0.31078330550614086,,18,161.07107543945312,6.4428430175781255,0.0012520343719125836,0.031300859297814586
D1,18,ang_vel,-0.0004544683906715363,-0.004544683906715363,0.004544683906715363,0.007003700304847171,11,18,161.07107543945312,6.4428430175781255,-2.8215394317794305e-05,-0.0007053848579448575
D1,18,center_precision,0.0,0.0,0.0,0.0,,18,161.07107543945312,6.4428430175781255,0.0,0.0
D1,18,center_precision_square,0.0,0.0,0.0,0.0,,18,161.07107543945312,6.4428430175781255,0.0,0.0
D1,18,contact_clearance,-0.17039957642555237,-1.7039957642555237,1.7039957642555237,2.6259858548006494,6,18,161.07107543945312,6.4428430175781255,-0.01057915432430361,-0.26447885810759025
D1,18,crash_penalty,-2.875,-28.75,28.75,44.3059160763251,1,18,161.07107543945312,6.4428430175781255,-0.1784926307939576,-4.4623157698489395
D1,18,descent_horizontal_rel_vel,-0.011509436182677746,-0.11509436182677746,0.11509436182677746,0.17736908298975293,8,18,161.07107543945312,6.4428430175781255,-0.0007145563628526316,-0.017863909071315787
D1,18,descent_vel,-0.00043480106978677213,-0.004348010697867721,0.004348010697867721,0.006700612072302294,12,18,161.07107543945312,6.4428430175781255,-2.6994360632441085e-05,-0.0006748590158110271
D1,18,height_tracking,-0.36324450373649597,-3.6324450373649597,3.6324450373649597,5.597871477473234,4,18,161.07107543945312,6.4428430175781255,-0.022551814641173125,-0.563795366029328
D1,18,horizontal_error,-1.885657787322998,-18.85657787322998,18.85657787322998,29.059407190887523,2,18,161.07107543945312,6.4428430175781255,-0.11706991973439823,-2.926747993359956
D1,18,landing_bonus,0.0,0.0,0.0,0.0,,18,161.07107543945312,6.4428430175781255,0.0,0.0
D1,18,lin_vel,-0.00613935012370348,-0.0613935012370348,0.0613935012370348,0.09461201090225477,9,18,161.07107543945312,6.4428430175781255,-0.00038115782780697154,-0.009528945695174288
D1,18,near_pad_horizontal_rel_vel,0.0,0.0,0.0,0.0,,18,161.07107543945312,6.4428430175781255,0.0,0.0
D1,18,off_center_contact,0.0,0.0,0.0,0.0,,18,161.07107543945312,6.4428430175781255,0.0,0.0
D1,18,post_align_descent,-0.002234669169411063,-0.022346691694110632,0.022346691694110632,0.03443793554027049,10,18,161.07107543945312,6.4428430175781255,-0.00013873807965298393,-0.003468451991324598
D1,18,predicted_pad_error,-0.04749557003378868,-0.4749557003378868,0.4749557003378868,0.7319425182310477,7,18,161.07107543945312,6.4428430175781255,-0.0029487336509181217,-0.07371834127295304
D1,18,progress_to_pad,-0.8430498838424683,-8.430498838424683,8.430498838424683,12.992033878845223,3,18,161.07107543945312,6.4428430175781255,-0.05234024057655045,-1.308506014413761
D1,18,rel_vel,-0.23416493833065033,-2.3416493833065033,2.3416493833065033,3.608658123720221,5,18,161.07107543945312,6.4428430175781255,-0.014537988132988738,-0.36344970332471843
D1,18,tilt,-0.00035712923272512853,-0.0035712923272512853,0.0035712923272512853,0.0055036305438337105,13,18,161.07107543945312,6.4428430175781255,-2.217215175044721e-05,-0.0005543037937611802
D1,19,align_bonus,0.0,0.0,0.0,0.0,,19,163.50643920898438,6.540257568359375,0.0,0.0
D1,19,align_hold,0.0,0.0,0.0,0.0,,19,163.50643920898438,6.540257568359375,0.0,0.0
D1,19,ang_vel,-0.0008963719010353088,-0.008963719010353088,0.008963719010353088,0.018823178668712325,7,19,163.50643920898438,6.540257568359375,-5.4821810405253743e-05,-0.0013705452601313437
D1,19,center_precision,0.0,0.0,0.0,0.0,,19,163.50643920898438,6.540257568359375,0.0,0.0
D1,19,center_precision_square,0.0,0.0,0.0,0.0,,19,163.50643920898438,6.540257568359375,0.0,0.0
D1,19,contact_clearance,0.0,0.0,0.0,0.0,,19,163.50643920898438,6.540257568359375,0.0,0.0
D1,19,crash_penalty,-2.625,-26.25,26.25,55.123151393188884,1,19,163.50643920898438,6.540257568359375,-0.16054413591900674,-4.013603397975168
D1,19,descent_horizontal_rel_vel,0.0,0.0,0.0,0.0,,19,163.50643920898438,6.540257568359375,0.0,0.0
D1,19,descent_vel,-0.00019853089179378003,-0.0019853089179378003,0.0019853089179378003,0.004169008916027938,9,19,163.50643920898438,6.540257568359375,-1.2142083990957044e-05,-0.0003035520997739261
D1,19,height_tracking,-0.18996083736419678,-1.8996083736419678,1.8996083736419678,3.9890438083061146,4,19,163.50643920898438,6.540257568359375,-0.011617942283080359,-0.29044855707700895
D1,19,horizontal_error,-1.4474260807037354,-14.474260807037354,14.474260807037354,30.394928372221727,2,19,163.50643920898438,6.540257568359375,-0.08852410264122502,-2.2131025660306256
D1,19,landing_bonus,0.0,0.0,0.0,0.0,,19,163.50643920898438,6.540257568359375,0.0,0.0
D1,19,lin_vel,-0.005092021077871323,-0.050920210778713226,0.050920210778713226,0.1069288566753561,6,19,163.50643920898438,6.540257568359375,-0.00031142633296313174,-0.007785658324078294
D1,19,near_pad_horizontal_rel_vel,0.0,0.0,0.0,0.0,,19,163.50643920898438,6.540257568359375,0.0,0.0
D1,19,off_center_contact,0.0,0.0,0.0,0.0,,19,163.50643920898438,6.540257568359375,0.0,0.0
D1,19,post_align_descent,0.0,0.0,0.0,0.0,,19,163.50643920898438,6.540257568359375,0.0,0.0
D1,19,predicted_pad_error,0.0,0.0,0.0,0.0,,19,163.50643920898438,6.540257568359375,0.0,0.0
D1,19,progress_to_pad,-0.3108814060688019,-3.108814060688019,3.108814060688019,6.528290595069713,3,19,163.50643920898438,6.540257568359375,-0.019013404461181584,-0.47533511152953956
D1,19,rel_vel,-0.18191330134868622,-1.8191330134868622,1.8191330134868622,3.8200512193060656,5,19,163.50643920898438,6.540257568359375,-0.011125757629409034,-0.2781439407352258
D1,19,tilt,-0.0006959075108170509,-0.006959075108170509,0.006959075108170509,0.014613567647400202,8,19,163.50643920898438,6.540257568359375,-4.256147428711249e-05,-0.0010640368571778122
D1,20,align_bonus,0.04266666993498802,0.4266666993498802,0.4266666993498802,0.718486033539868,,20,165.12950134277344,6.605180053710938,0.00258383084718588,0.064595771179647
D1,20,align_hold,0.2679998278617859,2.679998278617859,2.679998278617859,4.512987153747414,,20,165.12950134277344,6.605180053710938,0.01622967584123419,0.40574189603085475
D1,20,ang_vel,-0.0008232253603637218,-0.008232253603637218,0.008232253603637218,0.013862715903969106,11,20,165.12950134277344,6.605180053710938,-4.985331837555075e-05,-0.0012463329593887687
D1,20,center_precision,0.0,0.0,0.0,0.0,,20,165.12950134277344,6.605180053710938,0.0,0.0
D1,20,center_precision_square,0.0,0.0,0.0,0.0,,20,165.12950134277344,6.605180053710938,0.0,0.0
D1,20,contact_clearance,-0.12446975708007812,-1.2446975708007812,1.2446975708007812,2.096010356477363,6,20,165.12950134277344,6.605180053710938,-0.007537705623037376,-0.18844264057593438
D1,20,crash_penalty,-2.375,-23.75,23.75,39.99384841276026,1,20,165.12950134277344,6.605180053710938,-0.1438265107498877,-3.5956627687471925
D1,20,descent_horizontal_rel_vel,-0.010577376931905746,-0.10577376931905746,0.10577376931905746,0.1781178987870592,9,20,165.12950134277344,6.605180053710938,-0.0006405504071588867,-0.01601376017897217
D1,20,descent_vel,-4.382164479466155e-05,-0.0004382164479466155,0.0004382164479466155,0.0007379352501539026,13,20,165.12950134277344,6.605180053710938,-2.653774427847221e-06,-6.634436069618052e-05
D1,20,height_tracking,-0.34601613879203796,-3.4601613879203796,3.4601613879203796,5.826744001354686,4,20,165.12950134277344,6.605180053710938,-0.020954229012887446,-0.5238557253221862
D1,20,horizontal_error,-1.8422496318817139,-18.42249631881714,18.42249631881714,31.02259053302764,2,20,165.12950134277344,6.605180053710938,-0.11156393115107874,-2.7890982787769683
D1,20,landing_bonus,0.0,0.0,0.0,0.0,,20,165.12950134277344,6.605180053710938,0.0,0.0
D1,20,lin_vel,-0.004018574487417936,-0.04018574487417936,0.04018574487417936,0.06767084584639102,10,20,165.12950134277344,6.605180053710938,-0.00024335896703740645,-0.00608397417593516
D1,20,near_pad_horizontal_rel_vel,0.0,0.0,0.0,0.0,,20,165.12950134277344,6.605180053710938,0.0,0.0
D1,20,off_center_contact,0.0,0.0,0.0,0.0,,20,165.12950134277344,6.605180053710938,0.0,0.0
D1,20,post_align_descent,-0.017669249325990677,-0.17669249325990677,0.17669249325990677,0.2975415912046052,8,20,165.12950134277344,6.605180053710938,-0.0010700237802640186,-0.026750594506600466
D1,20,predicted_pad_error,-0.07299937307834625,-0.7299937307834625,0.7299937307834625,1.2292740467881735,7,20,165.12950134277344,6.605180053710938,-0.0044207347860159285,-0.11051836965039821
D1,20,progress_to_pad,-0.6257613897323608,-6.257613897323608,6.257613897323608,10.53751838463757,3,20,165.12950134277344,6.605180053710938,-0.03789519041987624,-0.947379760496906
D1,20,rel_vel,-0.2075052261352539,-2.075052261352539,2.075052261352539,3.4942873932247926,5,20,165.12950134277344,6.605180053710938,-0.01256621163679999,-0.3141552909199997
D1,20,tilt,-0.0006130044348537922,-0.006130044348537922,0.006130044348537922,0.01032269745005993,12,20,165.12950134277344,6.605180053710938,-3.71226479744117e-05,-0.0009280661993602923
D1,21,align_bonus,0.32241642475128174,3.2241642475128174,3.2241642475128174,4.566626703498526,,21,167.02105712890625,6.68084228515625,0.019303938694534898,0.4825984673633725
D1,21,align_hold,0.3099997937679291,3.0999979376792908,3.0999979376792908,4.390760605300191,,21,167.02105712890625,6.68084228515625,0.01856052159511075,0.46401303987776876
D1,21,ang_vel,-0.000832308258395642,-0.00832308258395642,0.00832308258395642,0.011788608850383268,11,21,167.02105712890625,6.68084228515625,-4.983253445421972e-05,-0.001245813361355493
D1,21,center_precision,0.0,0.0,0.0,0.0,,21,167.02105712890625,6.68084228515625,0.0,0.0
D1,21,center_precision_square,0.0,0.0,0.0,0.0,,21,167.02105712890625,6.68084228515625,0.0,0.0
D1,21,contact_clearance,-1.6903022527694702,-16.903022527694702,16.903022527694702,23.941024128765616,2,21,167.02105712890625,6.68084228515625,-0.10120294301962782,-2.5300735754906953
D1,21,crash_penalty,-1.8125,-18.125,18.125,25.67180287566344,1,21,167.02105712890625,6.68084228515625,-0.10851925087512283,-2.712981271878071
D1,21,descent_horizontal_rel_vel,-0.11854030936956406,-1.1854030936956406,1.1854030936956406,1.6789756992858529,8,21,167.02105712890625,6.68084228515625,-0.007097327211746425,-0.17743318029366062
D1,21,descent_vel,-0.00016585734556429088,-0.0016585734556429088,0.0016585734556429088,0.0023491625273419406,13,21,167.02105712890625,6.68084228515625,-9.930325458081778e-06,-0.00024825813645204444
D1,21,height_tracking,-0.6025297045707703,-6.025297045707703,6.025297045707703,8.534082097915887,5,21,167.02105712890625,6.68084228515625,-0.03607507430070569,-0.9018768575176422
D1,21,horizontal_error,-1.1010184288024902,-11.010184288024902,11.010184288024902,15.594553416104944,3,21,167.02105712890625,6.68084228515625,-0.0659209352239178,-1.648023380597945
D1,21,landing_bonus,0.0,0.0,0.0,0.0,,21,167.02105712890625,6.68084228515625,0.0,0.0
D1,21,lin_vel,-0.003492934163659811,-0.03492934163659811,0.03492934163659811,0.04947305782463173,10,21,167.02105712890625,6.68084228515625,-0.00020913136485323388,-0.005228284121330847
D1,21,near_pad_horizontal_rel_vel,0.0,0.0,0.0,0.0,,21,167.02105712890625,6.68084228515625,0.0,0.0
D1,21,off_center_contact,0.0,0.0,0.0,0.0,,21,167.02105712890625,6.68084228515625,0.0,0.0
D1,21,post_align_descent,-0.020175935700535774,-0.20175935700535774,0.20175935700535774,0.28576697607515306,9,21,167.02105712890625,6.68084228515625,-0.0012079875464423662,-0.030199688661059158
D1,21,predicted_pad_error,-0.611637532711029,-6.1163753271102905,6.1163753271102905,8.663083128890861,4,21,167.02105712890625,6.68084228515625,-0.03662038447277755,-0.9155096118194388
D1,21,progress_to_pad,-0.2819164991378784,-2.819164991378784,2.819164991378784,3.9929957480081417,6,21,167.02105712890625,6.68084228515625,-0.016879099197671603,-0.42197747994179
D1,21,rel_vel,-0.18409278988838196,-1.8409278988838196,1.8409278988838196,2.607444862259569,7,21,167.02105712890625,6.68084228515625,-0.011022130565626813,-0.27555326414067033
D1,21,tilt,-0.0006546943332068622,-0.006546943332068622,0.006546943332068622,0.009272929029462336,12,21,167.02105712890625,6.68084228515625,-3.91983109471982e-05,-0.000979957773679955
D1,22,align_bonus,0.2169998735189438,2.169998735189438,2.169998735189438,3.870240227686717,,22,170.3124237060547,6.812496948242187,0.01274128268490077,0.31853206712251925
D1,22,align_hold,0.23624983429908752,2.3624983429908752,2.3624983429908752,4.213567490438324,,22,170.3124237060547,6.812496948242187,0.013871556117763636,0.34678890294409087
D1,22,ang_vel,-0.0012061407323926687,-0.012061407323926687,0.012061407323926687,0.021511783887515082,12,22,170.3124237060547,6.812496948242187,-7.081930408520103e-05,-0.0017704826021300258
D1,22,center_precision,0.0,0.0,0.0,0.0,,22,170.3124237060547,6.812496948242187,0.0,0.0
D1,22,center_precision_square,0.0,0.0,0.0,0.0,,22,170.3124237060547,6.812496948242187,0.0,0.0
D1,22,contact_clearance,-1.1243994235992432,-11.243994235992432,11.243994235992432,20.05390975871537,2,22,170.3124237060547,6.812496948242187,-0.06601981224457616,-1.6504953061144039
D1,22,crash_penalty,-1.5,-15.0,15.0,26.752828226986388,1,22,170.3124237060547,6.812496948242187,-0.0880734339491802,-2.2018358487295053
D1,22,descent_horizontal_rel_vel,-0.10245891660451889,-1.024589166045189,1.024589166045189,1.8273771974958781,8,22,170.3124237060547,6.812496948242187,-0.006015939082715104,-0.15039847706787762
D1,22,descent_vel,-0.0018166487570852041,-0.01816648757085204,0.01816648757085204,0.032400328098045855,11,22,170.3124237060547,6.812496948242187,-0.00010666566287733603,-0.002666641571933401
D1,22,height_tracking,-0.5302852988243103,-5.302852988243103,5.302852988243103,9.45775434049528,4,22,170.3124237060547,6.812496948242187,-0.031136031493482787,-0.7784007873370696
D1,22,horizontal_error,-0.9446754455566406,-9.446754455566406,9.446754455566406,16.84849328348576,3,22,170.3124237060547,6.812496948242187,-0.055467206971763446,-1.3866801742940862
D1,22,landing_bonus,0.0,0.0,0.0,0.0,,22,170.3124237060547,6.812496948242187,0.0,0.0
D1,22,lin_vel,-0.00396638922393322,-0.0396638922393322,0.0396638922393322,0.07074141972617018,10,22,170.3124237060547,6.812496948242187,-0.00023288901288721504,-0.0058222253221803764
D1,22,near_pad_horizontal_rel_vel,0.0,0.0,0.0,0.0,,22,170.3124237060547,6.812496948242187,0.0,0.0
D1,22,off_center_contact,0.0,0.0,0.0,0.0,,22,170.3124237060547,6.812496948242187,0.0,0.0
D1,22,post_align_descent,-0.005313690751791,-0.053136907517910004,0.053136907517910004,0.0947708372893272,9,22,170.3124237060547,6.812496948242187,-0.0003119966609694896,-0.007799916524237239
D1,22,predicted_pad_error,-0.5060970187187195,-5.060970187187195,5.060970187187195,9.02635107198121,5,22,170.3124237060547,6.812496948242187,-0.029715801566666773,-0.7428950391666693
D1,22,progress_to_pad,-0.2417566031217575,-2.417566031217575,2.417566031217575,4.311781917370733,6,22,170.3124237060547,6.812496948242187,-0.014194889477881521,-0.35487223694703807
D1,22,rel_vel,-0.19064746797084808,-1.9064746797084808,1.9064746797084808,3.400239308355992,7,22,170.3124237060547,6.812496948242187,-0.011193984785272625,-0.2798496196318156
D1,22,tilt,-0.0010110785951837897,-0.010110785951837897,0.010110785951837897,0.018032807987289755,13,22,170.3124237060547,6.812496948242187,-5.9366109246899606e-05,-0.0014841527311724903
D1,23,align_bonus,0.31016647815704346,3.1016647815704346,3.1016647815704346,4.206525159723028,,23,172.8981170654297,6.915924682617188,0.017939262926713506,0.4484815731678376
D1,23,align_hold,0.20174986124038696,2.0174986124038696,2.0174986124038696,2.736162438703712,,23,172.8981170654297,6.915924682617188,0.01166871361381217,0.29171784034530424
D1,23,ang_vel,-0.0012500633019953966,-0.012500633019953966,0.012500633019953966,0.016953549469093943,10,23,172.8981170654297,6.915924682617188,-7.23005734945243e-05,-0.0018075143373631076
D1,23,center_precision,0.0,0.0,0.0,0.0,,23,172.8981170654297,6.915924682617188,0.0,0.0
D1,23,center_precision_square,0.0,0.0,0.0,0.0,,23,172.8981170654297,6.915924682617188,0.0,0.0
D1,23,contact_clearance,-1.5839931964874268,-15.839931964874268,15.839931964874268,21.4823577113991,2,23,172.8981170654297,6.915924682617188,-0.09161425372191864,-2.290356343047966
D1,23,crash_penalty,-1.875,-18.75,18.75,25.42903643664295,1,23,172.8981170654297,6.915924682617188,-0.1084453683952177,-2.7111342098804423
D1,23,descent_horizontal_rel_vel,-0.14141839742660522,-1.4141839742660522,1.4141839742660522,1.917937909852159,8,23,172.8981170654297,6.915924682617188,-0.008179290776954406,-0.20448226942386014
D1,23,descent_vel,-0.00011952779459534213,-0.0011952779459534213,0.0011952779459534213,0.001621054210110149,12,23,172.8981170654297,6.915924682617188,-6.913192383125221e-06,-0.00017282980957813052
D1,23,height_tracking,-0.7562882304191589,-7.562882304191589,7.562882304191589,10.25689651623094,4,23,172.8981170654297,6.915924682617188,-0.04374184307241226,-1.0935460768103065
D1,23,horizontal_error,-1.173880934715271,-11.73880934715271,11.73880934715271,15.920352565949392,3,23,172.8981170654297,6.915924682617188,-0.06789437355590404,-1.6973593388976007
D1,23,landing_bonus,0.0,0.0,0.0,0.0,,23,172.8981170654297,6.915924682617188,0.0,0.0
D1,23,lin_vel,-0.0046409619972109795,-0.046409619972109795,0.046409619972109795,0.06294143558834839,9,23,172.8981170654297,6.915924682617188,-0.0002684217778644,-0.0067105444466099996
D1,23,near_pad_horizontal_rel_vel,0.0,0.0,0.0,0.0,,23,172.8981170654297,6.915924682617188,0.0,0.0
D1,23,off_center_contact,0.0,0.0,0.0,0.0,,23,172.8981170654297,6.915924682617188,0.0,0.0
D1,23,post_align_descent,0.031182553619146347,0.31182553619146347,0.31182553619146347,0.422902555823384,,23,172.8981170654297,6.915924682617188,0.0018035218745237093,0.04508804686309273
D1,23,predicted_pad_error,-0.6800524592399597,-6.800524592399597,6.800524592399597,9.222975341248842,5,23,172.8981170654297,6.915924682617188,-0.03933255438418731,-0.9833138596046826
D1,23,progress_to_pad,-0.39921092987060547,-3.9921092987060547,3.9921092987060547,5.414159616845728,6,23,172.8981170654297,6.915924682617188,-0.023089374057181457,-0.5772343514295364
D1,23,rel_vel,-0.21347007155418396,-2.1347007155418396,2.1347007155418396,2.8951137214315317,7,23,172.8981170654297,6.915924682617188,-0.012346581627225047,-0.30866454068062615
D1,23,tilt,-0.0010370025411248207,-0.010370025411248207,0.010370025411248207,0.014063986881682344,11,23,172.8981170654297,6.915924682617188,-5.997766538616431e-05,-0.0014994416346541077
D1,24,align_bonus,0.11533328145742416,1.1533328145742416,1.1533328145742416,2.1683894811206725,,24,177.61134338378906,7.104453735351562,0.006493576325708421,0.16233940814271053
D1,24,align_hold,0.21008317172527313,2.1008317172527313,2.1008317172527313,3.9497891152755913,,24,177.61134338378906,7.104453735351562,0.01182825194173087,0.29570629854327174
D1,24,ang_vel,-0.0015034773387014866,-0.015034773387014866,0.015034773387014866,0.02826698768253721,12,24,177.61134338378906,7.104453735351562,-8.464984893744753e-05,-0.0021162462234361884
D1,24,center_precision,-0.005039318464696407,-0.05039318464696407,0.05039318464696407,0.09474459594647619,9,24,177.61134338378906,7.104453735351562,-0.0002837272872716955,-0.0070931821817923875
D1,24,center_precision_square,-0.0025441907346248627,-0.025441907346248627,0.025441907346248627,0.04783351654623458,11,24,177.61134338378906,7.104453735351562,-0.00014324483370002346,-0.003581120842500587
D1,24,contact_clearance,-0.511582612991333,-5.11582612991333,5.11582612991333,9.618302216989653,4,24,177.61134338378906,7.104453735351562,-0.028803487617673533,-0.7200871904418383
D1,24,crash_penalty,-1.6875,-16.875,16.875,31.726811230476695,1,24,177.61134338378906,7.104453735351562,-0.09501082351218912,-2.375270587804728
D1,24,descent_horizontal_rel_vel,-0.04750620573759079,-0.4750620573759079,0.4750620573759079,0.8931676573112486,8,24,177.61134338378906,7.104453735351562,-0.0026747281357439906,-0.06686820339359976
D1,24,descent_vel,-0.0006494392873719335,-0.006494392873719335,0.006494392873719335,0.012210155659913862,14,24,177.61134338378906,7.104453735351562,-3.656519200851949e-05,-0.0009141298002129873
D1,24,height_tracking,-0.4583764970302582,-4.583764970302582,4.583764970302582,8.617970129639207,5,24,177.61134338378906,7.104453735351562,-0.025807839088282866,-0.6451959772070717
D1,24,horizontal_error,-1.3061718940734863,-13.061718940734863,13.061718940734863,24.557433551302935,2,24,177.61134338378906,7.104453735351562,-0.07354101766186535,-1.8385254415466339
D1,24,landing_bonus,0.0,0.0,0.0,0.0,,24,177.61134338378906,7.104453735351562,0.0,0.0
D1,24,lin_vel,-0.004556919913738966,-0.04556919913738966,0.04556919913738966,0.08567498541961263,10,24,177.61134338378906,7.104453735351562,-0.0002565669414420343,-0.006414173536050859
D1,24,near_pad_horizontal_rel_vel,-0.00013989293074700981,-0.0013989293074700981,0.0013989293074700981,0.0026301372481709806,15,24,177.61134338378906,7.104453735351562,-7.876351142996767e-06,-0.00019690877857491917
D1,24,off_center_contact,0.0,0.0,0.0,0.0,,24,177.61134338378906,7.104453735351562,0.0,0.0
D1,24,post_align_descent,0.005006746388971806,0.050067463889718056,0.050067463889718056,0.0941322059625359,,24,177.61134338378906,7.104453735351562,0.00028189339113060167,0.007047334778265042
D1,24,predicted_pad_error,-0.20541322231292725,-2.0541322231292725,2.0541322231292725,3.861989053965148,7,24,177.61134338378906,7.104453735351562,-0.011565321133181391,-0.2891330283295348
D1,24,progress_to_pad,-0.5257248878479004,-5.257248878479004,5.257248878479004,9.884192163504514,3,24,177.61134338378906,7.104453735351562,-0.029599736020908016,-0.7399934005227005
D1,24,rel_vel,-0.23043034970760345,-2.3043034970760345,2.3043034970760345,4.332337900412365,6,24,177.61134338378906,7.104453735351562,-0.012973853207656965,-0.32434633019142417
D1,24,tilt,-0.0012831669300794601,-0.012831669300794601,0.012831669300794601,0.02412491553648671,13,24,177.61134338378906,7.104453735351562,-7.224577584027088e-05,-0.0018061443960067718
D1,25,align_bonus,0.036666661500930786,0.36666661500930786,0.36666661500930786,0.7704014115353459,,25,183.40187072753906,7.3360748291015625,0.001999252317082556,0.0499813079270639
D1,25,align_hold,0.08137494325637817,0.8137494325637817,0.8137494325637817,1.709764908559537,,25,183.40187072753906,7.3360748291015625,0.004436974548491296,0.11092436371228241
D1,25,ang_vel,-0.0016845595091581345,-0.016845595091581345,0.016845595091581345,0.03539419654112147,10,25,183.40187072753906,7.3360748291015625,-9.185072662975766e-05,-0.0022962681657439418
D1,25,center_precision,0.0,0.0,0.0,0.0,,25,183.40187072753906,7.3360748291015625,0.0,0.0
D1,25,center_precision_square,0.0,0.0,0.0,0.0,,25,183.40187072753906,7.3360748291015625,0.0,0.0
D1,25,contact_clearance,-0.1974053978919983,-1.974053978919983,1.974053978919983,4.1476750529041615,6,25,183.40187072753906,7.3360748291015625,-0.010763543311140092,-0.2690885827785023
D1,25,crash_penalty,-1.1875,-11.875,11.875,24.950503775070977,2,25,183.40187072753906,7.3360748291015625,-0.0647485216638899,-1.6187130415972477
D1,25,descent_horizontal_rel_vel,-0.01557860430330038,-0.1557860430330038,0.1557860430330038,0.3273212846145963,8,25,183.40187072753906,7.3360748291015625,-0.0008494245037687691,-0.021235612594219227
D1,25,descent_vel,-0.0002440340322209522,-0.002440340322209522,0.002440340322209522,0.005127386982883925,12,25,183.40187072753906,7.3360748291015625,-1.3305972902723986e-05,-0.00033264932256809964
D1,25,height_tracking,-0.36091119050979614,-3.6091119050979614,3.6091119050979614,7.583087175814762,4,25,183.40187072753906,7.3360748291015625,-0.019678708242074808,-0.4919677060518702
D1,25,horizontal_error,-1.8642261028289795,-18.642261028289795,18.642261028289795,39.16916245576447,1,25,183.40187072753906,7.3360748291015625,-0.1016470603835042,-2.541176509587605
D1,25,landing_bonus,0.0,0.0,0.0,0.0,,25,183.40187072753906,7.3360748291015625,0.0,0.0
D1,25,lin_vel,-0.006070468574762344,-0.060704685747623444,0.060704685747623444,0.1275463150240485,9,25,183.40187072753906,7.3360748291015625,-0.0003309927292824948,-0.008274818232062369
D1,25,near_pad_horizontal_rel_vel,0.0,0.0,0.0,0.0,,25,183.40187072753906,7.3360748291015625,0.0,0.0
D1,25,off_center_contact,0.0,0.0,0.0,0.0,,25,183.40187072753906,7.3360748291015625,0.0,0.0
D1,25,post_align_descent,0.004226307384669781,0.04226307384669781,0.04226307384669781,0.08879873545752734,,25,183.40187072753906,7.3360748291015625,0.00023043970968804144,0.005760992742201036
D1,25,predicted_pad_error,-0.07851827144622803,-0.7851827144622803,0.7851827144622803,1.6497435184262401,7,25,183.40187072753906,7.3360748291015625,-0.0042812143155766605,-0.1070303578894165
D1,25,progress_to_pad,-0.6767153739929199,-6.767153739929199,6.767153739929199,14.218433257649613,3,25,183.40187072753906,7.3360748291015625,-0.03689795372906774,-0.9224488432266934
D1,25,rel_vel,-0.24688532948493958,-2.4688532948493958,2.4688532948493958,5.187295448693581,5,25,183.40187072753906,7.3360748291015625,-0.013461440088128176,-0.3365360022032044
D1,25,tilt,-0.001415694016031921,-0.014156940160319209,0.014156940160319209,0.029745076961136704,11,25,183.40187072753906,7.3360748291015625,-7.719081656124811e-05,-0.001929770414031203
D1,26,align_bonus,0.0280000027269125,0.280000027269125,0.280000027269125,0.8863404854973279,,26,185.98667907714844,7.439467163085937,0.0015054843102660016,0.03763710775665004
D1,26,align_hold,0.0939999371767044,0.9399993717670441,0.9399993717670441,2.9755693514214734,,26,185.98667907714844,7.439467163085937,0.0050541220286917776,0.12635305071729444
D1,26,ang_vel,-0.0015539692249149084,-0.015539692249149084,0.015539692249149084,0.04919091796855919,10,26,185.98667907714844,7.439467163085937,-8.35527163894524e-05,-0.00208881790973631
D1,26,center_precision,0.0,0.0,0.0,0.0,,26,185.98667907714844,7.439467163085937,0.0,0.0
D1,26,center_precision_square,0.0,0.0,0.0,0.0,,26,185.98667907714844,7.439467163085937,0.0,0.0
D1,26,contact_clearance,-0.12277083843946457,-1.2277083843946457,1.2277083843946457,3.886312641061233,5,26,185.98667907714844,7.439467163085937,-0.006601055465296978,-0.16502638663242444
D1,26,crash_penalty,0.0,0.0,0.0,0.0,,26,185.98667907714844,7.439467163085937,0.0,0.0
D1,26,descent_horizontal_rel_vel,-0.00417209742590785,-0.0417209742590785,0.0417209742590785,0.13206780349585615,8,26,185.98667907714844,7.439467163085937,-0.00022432237871064078,-0.00560805946776602
D1,26,descent_vel,-0.0002825752308126539,-0.002825752308126539,0.002825752308126539,0.008944922959856605,12,26,185.98667907714844,7.439467163085937,-1.5193304822408271e-05,-0.0003798326205602068
D1,26,height_tracking,-0.4810728430747986,-4.810728430747986,4.810728430747986,15.228367705859664,3,26,185.98667907714844,7.439467163085937,-0.025865983814639035,-0.6466495953659759
D1,26,horizontal_error,-1.6398396492004395,-16.398396492004395,16.398396492004395,51.909147473513656,1,26,185.98667907714844,7.439467163085937,-0.08816973652829317,-2.2042434132073296
D1,26,landing_bonus,0.0,0.0,0.0,0.0,,26,185.98667907714844,7.439467163085937,0.0,0.0
D1,26,lin_vel,-0.00455984054133296,-0.0455984054133296,0.0455984054133296,0.14434181734242674,7,26,185.98667907714844,7.439467163085937,-0.0002451702758476326,-0.006129256896190816
D1,26,near_pad_horizontal_rel_vel,0.0,0.0,0.0,0.0,,26,185.98667907714844,7.439467163085937,0.0,0.0
D1,26,off_center_contact,0.0,0.0,0.0,0.0,,26,185.98667907714844,7.439467163085937,0.0,0.0
D1,26,post_align_descent,-0.002570280572399497,-0.02570280572399497,0.02570280572399497,0.08136226816204051,9,26,185.98667907714844,7.439467163085937,-0.00013819702492420593,-0.003454925623105148
D1,26,predicted_pad_error,-0.04459167271852493,-0.44591672718524933,0.44591672718524933,1.4115500356179254,6,26,185.98667907714844,7.439467163085937,-0.0023975734681529544,-0.05993933670382386
D1,26,progress_to_pad,-0.4907063841819763,-4.907063841819763,4.907063841819763,15.533317586946191,2,26,185.98667907714844,7.439467163085937,-0.026383953228092654,-0.6595988307023164
D1,26,rel_vel,-0.24364304542541504,-2.4364304542541504,2.4364304542541504,7.7125240763939855,4,26,185.98667907714844,7.439467163085937,-0.013100026659670094,-0.32750066649175236
D1,26,tilt,-0.0012940418673679233,-0.012940418673679233,0.012940418673679233,0.040962913759802586,11,26,185.98667907714844,7.439467163085937,-6.957712637210682e-05,-0.0017394281593026706
D1,27,align_bonus,0.2545831799507141,2.545831799507141,2.545831799507141,5.147150028246694,,27,187.2469482421875,7.4898779296875,0.013596119047101002,0.3399029761775251
D1,27,align_hold,0.19120821356773376,1.9120821356773376,1.9120821356773376,3.865838120400146,,27,187.2469482421875,7.4898779296875,0.010211552997938462,0.2552888249484615
D1,27,ang_vel,-0.001861122203990817,-0.01861122203990817,0.01861122203990817,0.03762807584812326,9,27,187.2469482421875,7.4898779296875,-9.939399394555786e-05,-0.0024848498486389464
D1,27,center_precision,-0.00043359037954360247,-0.004335903795436025,0.004335903795436025,0.008766308656948206,12,27,187.2469482421875,7.4898779296875,-2.3156071894041837e-05,-0.0005789017973510459
D1,27,center_precision_square,-0.0002485727600287646,-0.002485727600287646,0.002485727600287646,0.005025631658191665,13,27,187.2469482421875,7.4898779296875,-1.3275130108249216e-05,-0.0003318782527062304
D1,27,contact_clearance,-1.1587010622024536,-11.587010622024536,11.587010622024536,23.42656025507825,2,27,187.2469482421875,7.4898779296875,-0.06188090503369782,-1.5470226258424455
D1,27,crash_penalty,0.0,0.0,0.0,0.0,,27,187.2469482421875,7.4898779296875,0.0,0.0
D1,27,descent_horizontal_rel_vel,-0.09430402517318726,-0.9430402517318726,0.9430402517318726,1.906634075070937,7,27,187.2469482421875,7.4898779296875,-0.005036345107809889,-0.12590862769524722
D1,27,descent_vel,-0.0008971219649538398,-0.008971219649538398,0.008971219649538398,0.018137967120007033,11,27,187.2469482421875,7.4898779296875,-4.7911166156550184e-05,-0.0011977791539137545
D1,27,height_tracking,-0.5888059735298157,-5.888059735298157,5.888059735298157,11.904449790722758,3,27,187.2469482421875,7.4898779296875,-0.031445424294352015,-0.7861356073588003
D1,27,horizontal_error,-1.4827144145965576,-14.827144145965576,14.827144145965576,29.977446045139025,1,27,187.2469482421875,7.4898779296875,-0.07918497089088986,-1.9796242722722464
D1,27,landing_bonus,0.0,0.0,0.0,0.0,,27,187.2469482421875,7.4898779296875,0.0,0.0
D1,27,lin_vel,-0.0037482744082808495,-0.037482744082808495,0.037482744082808495,0.07578242494336876,8,27,187.2469482421875,7.4898779296875,-0.00020017813072353976,-0.005004453268088494
D1,27,near_pad_horizontal_rel_vel,0.0,0.0,0.0,0.0,,27,187.2469482421875,7.4898779296875,0.0,0.0
D1,27,off_center_contact,0.0,0.0,0.0,0.0,,27,187.2469482421875,7.4898779296875,0.0,0.0
D1,27,post_align_descent,0.038150496780872345,0.38150496780872345,0.38150496780872345,0.771324840161506,,27,187.2469482421875,7.4898779296875,0.0020374429137038873,0.05093607284259718
D1,27,predicted_pad_error,-0.44036149978637695,-4.4036149978637695,4.4036149978637695,8.903206828129845,5,27,187.2469482421875,7.4898779296875,-0.02351768634524329,-0.5879421586310821
D1,27,progress_to_pad,-0.47179222106933594,-4.717922210693359,4.717922210693359,9.538671582599152,4,27,187.2469482421875,7.4898779296875,-0.02519625689488483,-0.6299064223721207
D1,27,rel_vel,-0.21687278151512146,-2.1687278151512146,2.1687278151512146,4.384723074468633,6,27,187.2469482421875,7.4898779296875,-0.011582179765868096,-0.28955449414670237
D1,27,tilt,-0.0014173025265336037,-0.014173025265336037,0.014173025265336037,0.028654951756411536,10,27,187.2469482421875,7.4898779296875,-7.569162220472866e-05,-0.0018922905551182164
D1,28,align_bonus,0.00833333469927311,0.0833333469927311,0.0833333469927311,0.19589830290066793,,28,190.63304138183594,7.625321655273438,0.0004371401011528494,0.010928502528821235
D1,28,align_hold,0.024333316832780838,0.24333316832780838,0.24333316832780838,0.5720225628165181,,28,190.63304138183594,7.625321655273438,0.0012764480205738032,0.031911200514345074
D1,28,ang_vel,-0.0020535984076559544,-0.020535984076559544,0.020535984076559544,0.048275565234936084,10,28,190.63304138183594,7.625321655273438,-0.00010772520822046892,-0.002693130205511723
D1,28,center_precision,-0.0013151199091225863,-0.013151199091225863,0.013151199091225863,0.03091556592950329,12,28,190.63304138183594,7.625321655273438,-6.898698670438852e-05,-0.001724674667609713
D1,28,center_precision_square,-0.0007166281575337052,-0.007166281575337052,0.007166281575337052,0.01684634602327095,13,28,190.63304138183594,7.625321655273438,-3.759202247097903e-05,-0.0009398005617744758
D1,28,contact_clearance,-0.03359190747141838,-0.3359190747141838,0.3359190747141838,0.7896715903443952,6,28,190.63304138183594,7.625321655273438,-0.0017621240907621123,-0.04405310226905281
D1,28,crash_penalty,-1.25,-12.5,12.5,29.384740618565868,2,28,190.63304138183594,7.625321655273438,-0.06557100442500224,-1.639275110625056
D1,28,descent_horizontal_rel_vel,-0.0042162444442510605,-0.042162444442510605,0.042162444442510605,0.09911459950302945,8,28,190.63304138183594,7.625321655273438,-0.00022117070648870193,-0.005529267662217548
D1,28,descent_vel,-9.391565981786698e-05,-0.0009391565981786698,0.0009391565981786698,0.002207749843015592,14,28,190.63304138183594,7.625321655273438,-4.926515316395489e-06,-0.00012316288290988722
D1,28,height_tracking,-0.37946316599845886,-3.7946316599845886,3.7946316599845886,8.920341365731613,4,28,190.63304138183594,7.625321655273438,-0.019905424749448244,-0.4976356187362061
D1,28,horizontal_error,-1.870740294456482,-18.70740294456482,18.70740294456482,43.9769746538426,1,28,190.63304138183594,7.625321655273438,-0.09813305610066878,-2.4533264025167196
D1,28,landing_bonus,0.0,0.0,0.0,0.0,,28,190.63304138183594,7.625321655273438,0.0,0.0
D1,28,lin_vel,-0.003638944588601589,-0.03638944588601589,0.03638944588601589,0.08554355428911327,9,28,190.63304138183594,7.625321655273438,-0.0001908874013772262,-0.004772185034430655
D1,28,near_pad_horizontal_rel_vel,-2.7862550268764608e-05,-0.0002786255026876461,0.0002786255026876461,0.0006549870500955205,15,28,190.63304138183594,7.625321655273438,-1.4615803255720092e-06,-3.6539508139300226e-05
D1,28,off_center_contact,0.0,0.0,0.0,0.0,,28,190.63304138183594,7.625321655273438,0.0,0.0
D1,28,post_align_descent,0.005492282100021839,0.05492282100021839,0.05492282100021839,0.12911142793050717,,28,190.63304138183594,7.625321655273438,0.0002881075631071141,0.007202689077677852
D1,28,predicted_pad_error,-0.019591379910707474,-0.19591379910707474,0.19591379910707474,0.460550093628737,7,28,190.63304138183594,7.625321655273438,-0.00102770116705352,-0.025692529176337995
D1,28,progress_to_pad,-0.4379177987575531,-4.379177987575531,4.379177987575531,10.29448074299522,3,28,190.63304138183594,7.625321655273438,-0.022971767936095004,-0.5742941984023751
D1,28,rel_vel,-0.21067015826702118,-2.106701582670212,2.106701582670212,4.95239036539891,5,28,190.63304138183594,7.625321655273438,-0.011051083103954215,-0.27627707759885534
D1,28,tilt,-0.0017126196762546897,-0.017126196762546897,0.017126196762546897,0.04025990797199704,11,28,190.63304138183594,7.625321655273438,-8.983855389603374e-05,-0.002245963847400843
D1,29,align_bonus,0.0,0.0,0.0,0.0,,29,192.36659240722656,7.694663696289063,0.0,0.0
D1,29,align_hold,0.0,0.0,0.0,0.0,,29,192.36659240722656,7.694663696289063,0.0,0.0
D1,29,ang_vel,-0.002415167400613427,-0.02415167400613427,0.02415167400613427,0.10791424906071269,6,29,192.36659240722656,7.694663696289063,-0.0001255502512359676,-0.0031387562808991897
D1,29,center_precision,0.0,0.0,0.0,0.0,,29,192.36659240722656,7.694663696289063,0.0,0.0
D1,29,center_precision_square,0.0,0.0,0.0,0.0,,29,192.36659240722656,7.694663696289063,0.0,0.0
D1,29,contact_clearance,0.0,0.0,0.0,0.0,,29,192.36659240722656,7.694663696289063,0.0,0.0
D1,29,crash_penalty,0.0,0.0,0.0,0.0,,29,192.36659240722656,7.694663696289063,0.0,0.0
D1,29,descent_horizontal_rel_vel,0.0,0.0,0.0,0.0,,29,192.36659240722656,7.694663696289063,0.0,0.0
D1,29,descent_vel,0.0,0.0,0.0,0.0,,29,192.36659240722656,7.694663696289063,0.0,0.0
D1,29,height_tracking,-0.21168206632137299,-2.11682066321373,2.11682066321373,9.458355234874789,2,29,192.36659240722656,7.694663696289063,-0.01100409710815363,-0.27510242770384075
D1,29,horizontal_error,-1.6412169933319092,-16.412169933319092,16.412169933319092,73.3326805156899,1,29,192.36659240722656,7.694663696289063,-0.08531715267158073,-2.132928816789518
D1,29,landing_bonus,0.0,0.0,0.0,0.0,,29,192.36659240722656,7.694663696289063,0.0,0.0
D1,29,lin_vel,-0.0046013034880161285,-0.046013034880161285,0.046013034880161285,0.20559494571000791,5,29,192.36659240722656,7.694663696289063,-0.00023919452075521993,-0.005979863018880498
D1,29,near_pad_horizontal_rel_vel,0.0,0.0,0.0,0.0,,29,192.36659240722656,7.694663696289063,0.0,0.0
D1,29,off_center_contact,0.0,0.0,0.0,0.0,,29,192.36659240722656,7.694663696289063,0.0,0.0
D1,29,post_align_descent,0.0,0.0,0.0,0.0,,29,192.36659240722656,7.694663696289063,0.0,0.0
D1,29,predicted_pad_error,0.0,0.0,0.0,0.0,,29,192.36659240722656,7.694663696289063,0.0,0.0
D1,29,progress_to_pad,-0.17945510149002075,-1.7945510149002075,1.7945510149002075,8.018393471397003,4,29,192.36659240722656,7.694663696289063,-0.00932880804532457,-0.23322020113311423
D1,29,rel_vel,-0.19685280323028564,-1.9685280323028564,1.9685280323028564,8.795755702357095,3,29,192.36659240722656,7.694663696289063,-0.010233211534649535,-0.25583028836623833
D1,29,tilt,-0.0018196606542915106,-0.018196606542915106,0.018196606542915106,0.08130588091049848,7,29,192.36659240722656,7.694663696289063,-9.459338191318671e-05,-0.0023648345478296676
D1,30,align_bonus,0.02633332833647728,0.2633332833647728,0.2633332833647728,0.9141584474177022,,29,192.36659240722656,7.694663696289063,0.0013689138018690623,0.034222845046726555
D1,30,align_hold,0.05933329090476036,0.5933329090476036,0.5933329090476036,2.0597483311118174,,29,192.36659240722656,7.694663696289063,0.0030843864395724155,0.07710966098931038
D1,30,ang_vel,-0.0019201029790565372,-0.01920102979056537,0.01920102979056537,0.06665615283370746,10,29,192.36659240722656,7.694663696289063,-9.981478358736084e-05,-0.002495369589684021
D1,30,center_precision,0.0,0.0,0.0,0.0,,29,192.36659240722656,7.694663696289063,0.0,0.0
D1,30,center_precision_square,0.0,0.0,0.0,0.0,,29,192.36659240722656,7.694663696289063,0.0,0.0
D1,30,contact_clearance,-0.1247992143034935,-1.247992143034935,1.247992143034935,4.332390289935241,6,29,192.36659240722656,7.694663696289063,-0.00648757212683283,-0.16218930317082075
D1,30,crash_penalty,-0.5,-5.0,5.0,17.357442168664218,2,29,192.36659240722656,7.694663696289063,-0.02599203914479782,-0.6498009786199455
D1,30,descent_horizontal_rel_vel,-0.010495401918888092,-0.10495401918888092,0.10495401918888092,0.3643466636879751,8,29,192.36659240722656,7.694663696289063,-0.0005455937950322509,-0.013639844875806271
D1,30,descent_vel,-4.562578794775618e-07,-4.562578794775618e-06,4.562578794775618e-06,1.5838939514058297e-05,12,29,192.36659240722656,7.694663696289063,-2.3718145327006464e-08,-5.929536331751616e-07
D1,30,height_tracking,-0.26435112953186035,-2.6435112953186035,2.6435112953186035,9.17691888614066,3,29,192.36659240722656,7.694663696289063,-0.013742049813527267,-0.34355124533818165
D1,30,horizontal_error,-1.4606292247772217,-14.606292247772217,14.606292247772217,50.70557459786295,1,29,192.36659240722656,7.694663696289063,-0.07592946397289048,-1.8982365993222619
D1,30,landing_bonus,0.0,0.0,0.0,0.0,,29,192.36659240722656,7.694663696289063,0.0,0.0
D1,30,lin_vel,-0.0031658420339226723,-0.03165842033922672,0.03165842033922672,0.10990184003787819,9,29,192.36659240722656,7.694663696289063,-0.0001645733801439289,-0.004114334503598222
D1,30,near_pad_horizontal_rel_vel,0.0,0.0,0.0,0.0,,29,192.36659240722656,7.694663696289063,0.0,0.0
D1,30,off_center_contact,0.0,0.0,0.0,0.0,,29,192.36659240722656,7.694663696289063,0.0,0.0
D1,30,post_align_descent,0.004312846343964338,0.04312846343964338,0.04312846343964338,0.14971996199539184,,29,192.36659240722656,7.694663696289063,0.0002241993419956385,0.005604983549890962
D1,30,predicted_pad_error,-0.05005006119608879,-0.5005006119608879,0.5005006119608879,1.7374820854984325,7,29,192.36659240722656,7.694663696289063,-0.0026018062996165324,-0.06504515749041331
D1,30,progress_to_pad,-0.21142342686653137,-2.1142342686653137,2.1142342686653137,7.339539809873254,4,29,192.36659240722656,7.694663696289063,-0.010990651974484365,-0.2747662993621091
D1,30,rel_vel,-0.1624511480331421,-1.624511480331421,1.624511480331421,5.639472814436748,5,29,192.36659240722656,7.694663696289063,-0.00844487319758955,-0.21112182993973871
D1,30,tilt,-0.001343288691714406,-0.01343288691714406,0.01343288691714406,0.04663211156450684,11,29,192.36659240722656,7.694663696289063,-6.982962451561019e-05,-0.0017457406128902546
