episode,env_id,align_success,success,final_distance,min_distance,touchdown_distance,touchdown_rel_vel,landing_time,max_descent_speed,mean_descent_speed,final_vertical_speed,terminal_vertical_relative_speed,terminal_relative_speed,terminal_horizontal_error,terminal_surface_clearance,terminal_pad_vertical_speed,max_horizontal_speed,mean_horizontal_speed,final_horizontal_speed,pad_speed,pad_speed_bucket,crash,terminated,time_out,contact_success,settled_landing,hard_contact,ground_crash,deck_miss,first_contact_seen,first_contact_xy_error_deck_frame,first_contact_normal_rel_speed,first_contact_tangential_rel_speed,first_contact_force,max_contact_force,settle_time,terminal_xy_error,minimum_surface_clearance,maximum_penetration,first_contact_deck_roll,first_contact_deck_pitch,first_contact_deck_tilt,first_contact_deck_angular_speed,first_contact_body_deck_normal_angle,terminal_body_deck_normal_angle,terminal_normal_relative_speed,terminal_tangential_relative_speed,max_contact_impulse,terminal_deck_roll,terminal_deck_pitch,terminal_deck_tilt,terminal_deck_angular_speed,deck_tilt_bucket,deck_angular_speed_bucket,max_deck_position_consistency_error,max_deck_orientation_consistency_error,max_deck_linear_velocity_consistency_error,max_deck_angular_velocity_consistency_error
0,22,True,False,0.14919285476207733,0.14919285476207733,0.0,0.0,0.8399999737739563,1.9477871656417847,1.1634835004806519,-0.5661641359329224,-0.4640589952468872,0.8299455046653748,0.14529848098754883,-0.0185064896941185,-0.12173298001289368,0.8160495162010193,0.4944930672645569,0.6880834698677063,0.16084575653076172,>=0.15,True,True,False,True,False,False,False,True,True,0.14529848098754883,-0.4745160937309265,0.6809142231941223,0.4494738280773163,0.4494738280773163,0.0,0.14529848098754883,-0.0185064896941185,0.0185064896941185,-0.05247042328119278,0.04260635003447533,0.06757764518260956,0.04481453821063042,0.022790729999542236,0.022790729999542236,-0.4745160937309265,0.6809142231941223,0.004494738299399614,-0.05247042328119278,0.04260635003447533,0.06757764518260956,0.04481453821063042,2-4deg,0.04-0.08,0.0,0.0,0.0,0.0
1,53,True,True,0.08431551605463028,0.08431551605463028,0.07670754939317703,0.15277612209320068,0.8799999952316284,1.254220962524414,0.6955692172050476,-0.018191469833254814,-0.13351665437221527,0.15277612209320068,0.07670754939317703,-0.020007776096463203,0.11708753556013107,0.6801666021347046,0.26366108655929565,0.07425528019666672,0.07310791313648224,0.05-0.10,False,True,False,True,True,False,False,False,True,0.07986430078744888,-0.1297469139099121,0.13064689934253693,1.69576096534729,1.69576096534729,0.07999999821186066,0.07670754939317703,-0.020397894084453583,0.020397894084453583,0.0021117881406098604,-0.026712650433182716,0.02679627761244774,0.0226996261626482,0.010137026198208332,0.0006905339541845024,-0.13551035523414612,0.0705513060092926,0.016957608982920647,0.0013735605170950294,-0.027830321341753006,0.027865039184689522,0.021945659071207047,0-2deg,0.00-0.04,0.0,0.0,0.0,0.0
2,32,True,False,0.1482713222503662,0.1482713222503662,0.0,0.0,0.8999999761581421,1.3307772874832153,0.7326316833496094,-0.4711867868900299,-0.4691829979419708,0.6041944026947021,0.14434291422367096,-0.018248841166496277,-0.027943434193730354,0.5936776399612427,0.39806514978408813,0.38068118691444397,0.12257841229438782,0.10-0.15,True,True,False,True,False,False,False,True,True,0.14434291422367096,-0.45460793375968933,0.397972971200943,0.40296393632888794,0.40296393632888794,0.0,0.14434291422367096,-0.018248841166496277,0.018248841166496277,0.035715267062187195,-0.01514855120331049,0.038793910294771194,0.037640880793333054,0.033962637186050415,0.033962637186050415,-0.45460793375968933,0.397972971200943,0.0040296390652656555,0.035715267062187195,-0.01514855120331049,0.038793910294771194,0.037640880793333054,2-4deg,0.00-0.04,0.0,0.0,0.0,0.0
3,6,True,False,0.16774868965148926,0.16774868965148926,0.0,0.0,0.9599999785423279,1.40902578830719,0.7901604771614075,-0.6653137803077698,-0.5739005208015442,0.7203231453895569,0.16594067215919495,-0.012206116691231728,-0.13712847232818604,0.5296084880828857,0.328978031873703,0.435320109128952,0.19339917600154877,>=0.15,True,True,False,True,False,False,False,True,True,0.16594067215919495,-0.5763558149337769,0.432064026594162,0.5686781406402588,0.5686781406402588,0.0,0.16594067215919495,-0.012206116691231728,0.012206116691231728,-0.003360869362950325,-0.006001490633934736,0.006879409309476614,0.033958110958337784,0.10902004688978195,0.10902004688978195,-0.5763558149337769,0.432064026594162,0.005686781369149685,-0.003360869362950325,-0.006001490633934736,0.006879409309476614,0.033958110958337784,0-2deg,0.00-0.04,0.0,0.0,0.0,0.0
4,26,True,True,0.06826362013816833,0.060567498207092285,0.058624252676963806,0.22471734881401062,0.9599999785423279,1.7432942390441895,0.8772297501564026,-0.009538518264889717,-0.11021039634943008,0.22471734881401062,0.058624252676963806,-0.020021962001919746,0.10067453980445862,0.4243312478065491,0.26023703813552856,0.19583553075790405,0.1920006275177002,>=0.15,False,True,False,True,True,False,False,False,True,0.046585455536842346,-0.4614706337451935,0.4303726255893707,0.1943359225988388,0.22902964055538177,0.09999999403953552,0.058624252676963806,-0.020021962001919746,0.020021962001919746,0.0014277608133852482,-0.015473396517336369,0.015541006810963154,0.059762150049209595,0.039591025561094284,0.0006905339541845024,-0.1120273545384407,0.19480183720588684,0.0022902963683009148,0.002026755129918456,-0.020184239372611046,0.020286068320274353,0.05892028659582138,0-2deg,0.04-0.08,0.0,0.0,0.0,0.0
5,44,True,True,0.12130449712276459,0.11609406024217606,0.1161588728427887,0.17801083624362946,1.0,1.4852817058563232,0.7216401696205139,-0.018503040075302124,-0.11970475316047668,0.17801083624362946,0.1161588728427887,-0.01999489590525627,0.10678496956825256,0.6423725485801697,0.35155409574508667,0.1317521631717682,0.1305621713399887,0.10-0.15,False,True,False,True,True,False,False,False,True,0.11125928163528442,-0.5765432119369507,0.47796475887298584,0.2572161853313446,0.2572161853313446,0.09999999403953552,0.1161588728427887,-0.01999489590525627,0.01999489590525627,0.07126516103744507,-0.016980154439806938,0.07325693964958191,0.051170606166124344,0.04174179583787918,0.0003452669770922512,-0.11856739968061447,0.1327766329050064,0.0025721618440002203,0.06827579438686371,-0.019858229905366898,0.07110057771205902,0.052574098110198975,4-6deg,0.04-0.08,0.0,0.0,0.0,0.0
6,61,True,True,0.04073267802596092,0.04073267802596092,0.02037435956299305,0.1645127385854721,1.5199999809265137,1.4772347211837769,0.4478670358657837,-0.0536658838391304,0.019922450184822083,0.1645127385854721,0.02037435956299305,-0.019543461501598358,-0.07402601093053818,0.5253168344497681,0.31177231669425964,0.1633019745349884,0.14679941534996033,0.10-0.15,False,True,False,True,True,False,False,False,True,0.03457273542881012,-0.3467208743095398,0.39476278424263,0.26869693398475647,0.4970504939556122,0.11999999731779099,0.02037435956299305,-0.020055875182151794,0.020055875182151794,0.03551660105586052,-0.004612046759575605,0.03581494092941284,0.06996140629053116,0.04137740656733513,0.009965047240257263,0.023822808638215065,0.16277872025966644,0.004970504902303219,0.030032413080334663,-0.009069462306797504,0.03137121722102165,0.07131701707839966,2-4deg,0.04-0.08,0.0,0.0,0.0,0.0
7,17,True,False,0.13414712250232697,0.1321759670972824,0.0,0.0,2.0799999237060547,1.3454662561416626,0.3575577139854431,0.014385842718183994,-0.0738234668970108,0.1800774782896042,0.12952929735183716,-0.02000483125448227,0.08792495727539062,0.6628419160842896,0.42847970128059387,0.16424980759620667,0.16736295819282532,>=0.15,True,True,False,True,False,False,False,True,True,0.12952929735183716,-0.08237507194280624,0.16013197600841522,0.5274059176445007,0.5274059176445007,0.0,0.12952929735183716,-0.02000483125448227,0.02000483125448227,-0.006386812310665846,-0.06128396838903427,0.0616154782474041,0.019862225279211998,0.0008457279182039201,0.0008457279182039201,-0.08237507194280624,0.16013197600841522,0.005274059250950813,-0.006386812310665846,-0.06128396838903427,0.0616154782474041,0.019862225279211998,2-4deg,0.00-0.04,0.0,0.0,0.0,0.0
8,4,True,False,0.18676602840423584,0.18246124684810638,0.0,0.0,2.200000047683716,1.387328028678894,0.38269558548927307,-0.003290813649073243,-0.09910747408866882,0.237118661403656,0.18345440924167633,-0.01998680643737316,0.09487565606832504,0.9340295195579529,0.46527791023254395,0.21541348099708557,0.20815837383270264,>=0.15,True,True,False,True,False,False,False,True,True,0.18345440924167633,-0.09680088609457016,0.21645979583263397,0.19859910011291504,0.19859910011291504,0.0,0.18345440924167633,-0.01998680643737316,0.01998680643737316,-0.004886554554104805,0.04644547402858734,0.04670216143131256,0.004095420241355896,0.00048828125,0.00048828125,-0.09680088609457016,0.21645979583263397,0.001985990907996893,-0.004886554554104805,0.04644547402858734,0.04670216143131256,0.004095420241355896,2-4deg,0.00-0.04,0.0,0.0,0.0,0.0
9,38,True,True,0.10737692564725876,0.10737692564725876,0.10154852271080017,0.13033561408519745,2.2200000286102295,1.3343802690505981,0.34716811776161194,-0.05126764252781868,-0.07534444332122803,0.13033561408519745,0.10154852271080017,-0.01980181224644184,0.024573149159550667,0.664326548576355,0.43190106749534607,0.10635125637054443,0.10975375026464462,0.10-0.15,False,True,False,True,True,False,False,False,True,0.11753952503204346,-0.7397220134735107,0.6381155848503113,0.37101542949676514,0.37101542949676514,0.11999999731779099,0.10154852271080017,-0.01980181224644184,0.01980181224644184,0.0006144455983303487,-0.04763631522655487,0.04764008894562721,0.0020858740899711847,0.1990327388048172,0.003487027483060956,-0.07858669757843018,0.10397838801145554,0.0037101542111486197,0.0007536148768849671,-0.04771728068590164,0.047722626477479935,0.0013665877049788833,2-4deg,0.00-0.04,0.0,0.0,0.0,0.0
10,40,True,True,0.04914975166320801,0.04914975166320801,0.03465862572193146,0.2028660625219345,2.3399999141693115,1.1381871700286865,0.3058052062988281,-0.023066794499754906,0.06327291578054428,0.2028660625219345,0.03465862572193146,-0.020078863948583603,-0.08821709454059601,0.5647271871566772,0.23810578882694244,0.19274640083312988,0.21553075313568115,>=0.15,False,True,False,True,True,False,False,False,True,0.060577310621738434,-0.057324185967445374,0.19292892515659332,0.043328505009412766,0.2741387188434601,0.2199999988079071,0.03465862572193146,-0.020078863948583603,0.020078863948583603,-0.0033343888353556395,0.03017006255686283,0.030353255569934845,0.04745662957429886,0.05136694014072418,0.0020716022700071335,0.05955743044614792,0.19392666220664978,0.002741387113928795,0.0019550216384232044,0.021796736866235733,0.021883390843868256,0.051360372453927994,0-2deg,0.04-0.08,0.0,0.0,0.0,0.0
11,44,False,False,0.22921626269817352,0.22921626269817352,0.0,0.0,1.3399999141693115,1.4148560762405396,0.5565536022186279,-0.7711557745933533,-0.690971851348877,0.700361967086792,0.24002666771411896,0.01631779968738556,-0.08493514358997345,2.021773338317871,0.992649495601654,0.11430138349533081,0.04259944334626198,0.00-0.05,True,True,False,True,False,False,False,True,True,0.24002666771411896,-0.6853978633880615,0.1440027952194214,1.5318504571914673,1.5318504571914673,0.0,0.24002666771411896,0.01631779968738556,0.0,-0.06859791278839111,0.06508651375770569,0.0945267528295517,0.011153355240821838,0.6245265007019043,0.6245265007019043,-0.6853978633880615,0.1440027952194214,0.01531850453466177,-0.06859791278839111,0.06508651375770569,0.0945267528295517,0.011153355240821838,4-6deg,0.00-0.04,0.0,0.0,0.0,0.0
12,13,True,False,0.19591280817985535,0.17763768136501312,0.0,0.0,2.3999998569488525,1.337374210357666,0.3284299075603485,-0.20966015756130219,-0.1829688847064972,0.4991799592971802,0.19574344158172607,-0.013387699611485004,-0.036548465490341187,1.158603549003601,0.5617240071296692,0.46443840861320496,0.24930353462696075,>=0.15,True,True,False,True,False,False,False,True,True,0.19574344158172607,-0.1742458939552307,0.4677809476852417,0.03458013758063316,0.03458013758063316,0.0,0.19574344158172607,-0.013387699611485004,0.013387699611485004,0.0461982786655426,-0.0028112060390412807,0.04628407582640648,0.05953742563724518,0.12672199308872223,0.12672199308872223,-0.1742458939552307,0.4677809476852417,0.0003458013816270977,0.0461982786655426,-0.0028112060390412807,0.04628407582640648,0.05953742563724518,2-4deg,0.04-0.08,0.0,0.0,0.0,0.0
13,28,True,True,0.05990279093384743,0.05990279093384743,0.04852943494915962,0.22360298037528992,2.419999837875366,1.4399938583374023,0.4143710136413574,-0.0024017186369746923,-0.13107115030288696,0.22360298037528992,0.04852943494915962,-0.01962575502693653,0.12890879809856415,0.979820191860199,0.569572389125824,0.18115916848182678,0.1991075724363327,>=0.15,False,True,False,True,True,False,False,False,True,0.05423087626695633,-0.6693310737609863,0.5227572321891785,0.1482890397310257,0.1482890397310257,0.11999999731779099,0.04852943494915962,-0.01983337476849556,0.01983337476849556,0.0063813417218625546,-0.0685766264796257,0.06887251883745193,0.01863672398030758,0.14370904862880707,0.005818550940603018,-0.1428687423467636,0.1720081865787506,0.0014828903367742896,0.004647701047360897,-0.06776124238967896,0.06792014092206955,0.01971157267689705,2-4deg,0.00-0.04,0.0,0.0,0.0,0.0
14,33,True,True,0.08344054967164993,0.08344054967164993,0.07575712352991104,0.20111694931983948,2.740000009536743,1.3860164880752563,0.26264068484306335,-0.013947976753115654,-0.12257051467895508,0.20111694931983948,0.07575712352991104,-0.020015470683574677,0.10559441894292831,0.763510525226593,0.47195345163345337,0.15945060551166534,0.1618409901857376,>=0.15,False,True,False,True,True,False,False,False,True,0.08495727181434631,-0.03205905109643936,0.11729613691568375,0.021265598013997078,0.19138206541538239,0.07999999821186066,0.07575712352991104,-0.020015470683574677,0.020015470683574677,-0.01281819213181734,0.0067643532529473305,0.014493117108941078,0.04969243332743645,0.034618079662323,0.00048828125,-0.12019623070955276,0.16124790906906128,0.0019138206262141466,-0.014355454593896866,0.004210576415061951,0.014958609826862812,0.0496581494808197,0-2deg,0.04-0.08,0.0,0.0,0.0,0.0
15,13,True,False,0.22147367894649506,0.22147367894649506,0.0,0.0,0.7400000095367432,1.706467628479004,0.8988237977027893,-0.6364177465438843,-0.7976775765419006,1.1524773836135864,0.22204604744911194,-0.010050286538898945,0.13143788278102875,0.7557783722877502,0.40948954224586487,0.8318141102790833,0.25023970007896423,>=0.15,True,True,False,True,False,True,False,True,True,0.22204604744911194,-0.8274978995323181,0.8021542429924011,0.31757089495658875,0.31757089495658875,0.0,0.22204604744911194,-0.010050286538898945,0.010050286538898945,-0.04232070595026016,0.016766807064414024,0.04551897197961807,0.04423392564058304,0.15389762818813324,0.15389762818813324,-0.8274978995323181,0.8021542429924011,0.003175708930939436,-0.04232070595026016,0.016766807064414024,0.04551897197961807,0.04423392564058304,2-4deg,0.04-0.08,0.0,0.0,0.0,0.0
16,7,True,False,0.1416405588388443,0.1416405588388443,0.0,0.0,3.1599998474121094,1.4785337448120117,0.31887125968933105,-0.5985944271087646,-0.5796027779579163,0.7251313328742981,0.13931342959403992,-0.009199581108987331,-0.06362978368997574,0.9849082827568054,0.5595449209213257,0.43574777245521545,0.13736093044281006,0.10-0.15,True,True,False,True,False,False,False,True,True,0.13931342959403992,-0.5986142158508301,0.40923890471458435,0.6061915755271912,0.6061915755271912,0.0,0.13931342959403992,-0.009199581108987331,0.009199581108987331,-0.041657984256744385,-0.01979587972164154,0.04612017795443535,0.005838384386152029,0.1516135185956955,0.1516135185956955,-0.5986142158508301,0.40923890471458435,0.006061915773898363,-0.041657984256744385,-0.01979587972164154,0.04612017795443535,0.005838384386152029,2-4deg,0.00-0.04,0.0,0.0,0.0,0.0
17,16,True,False,0.1672520935535431,0.16312779486179352,0.0,0.0,3.179999828338623,1.682173728942871,0.3020087480545044,0.024998996406793594,-0.023005906492471695,0.27933695912361145,0.16375048458576202,-0.019344689324498177,0.047412995249032974,1.0287262201309204,0.44396090507507324,0.27838796377182007,0.2610083222389221,>=0.15,True,True,False,True,False,False,False,True,True,0.16375048458576202,-0.007524299435317516,0.2792356014251709,0.4825565218925476,0.4825565218925476,0.0,0.16375048458576202,-0.019344689324498177,0.019344689324498177,-0.040113985538482666,0.038767408579587936,0.05577826872467995,0.02747192233800888,0.011662732809782028,0.011662732809782028,-0.007524299435317516,0.2792356014251709,0.004825565032660961,-0.040113985538482666,0.038767408579587936,0.05577826872467995,0.02747192233800888,2-4deg,0.00-0.04,0.0,0.0006905339541845024,0.0,0.0
18,48,True,False,0.16644805669784546,0.16429352760314941,0.0,0.0,3.319999933242798,1.3559249639511108,0.23068399727344513,0.03145236149430275,0.0930602103471756,0.19414660334587097,0.16271796822547913,-0.019970497116446495,-0.06147642433643341,0.9649221897125244,0.5877991914749146,0.17038984596729279,0.16799427568912506,>=0.15,True,True,False,True,False,False,False,True,True,0.16271796822547913,0.09296509623527527,0.17044176161289215,0.6621975898742676,0.6621975898742676,0.0,0.16271796822547913,-0.019970497116446495,0.019970497116446495,-0.0006099002785049379,0.0005723718204535544,0.0008457279182039201,0.0010742362355813384,0.0003452669770922512,0.0003452669770922512,0.09296509623527527,0.17044176161289215,0.006621975917369127,-0.0006099002785049379,0.0005723718204535544,0.0008457279182039201,0.0010742362355813384,0-2deg,0.00-0.04,0.0,0.0,0.0,0.0
19,18,True,False,0.2466202974319458,0.11077269166707993,0.0,0.0,3.359999895095825,1.5554430484771729,0.2828061580657959,0.1318197250366211,-0.0697125792503357,0.1773492991924286,0.24460285902023315,-0.017777567729353905,0.19907061755657196,0.5898602604866028,0.2791673541069031,0.16307339072227478,0.18460047245025635,>=0.15,True,True,False,True,False,False,False,True,True,0.1056012436747551,-0.42365762591362,0.4093160629272461,0.3478831648826599,0.39868277311325073,0.0,0.24460285902023315,-0.020203590393066406,0.020203590393066406,0.011310902424156666,0.003987465985119343,0.011995304375886917,0.038709841668605804,0.11321113258600235,0.029134690761566162,-0.07779321819543839,0.15937688946723938,0.003986827563494444,-0.0496034137904644,-0.0078078568913042545,0.050214026123285294,0.029403144493699074,0-2deg,0.00-0.04,0.0,0.0,0.0,0.0
20,3,True,False,0.17298808693885803,0.17298808693885803,0.0,0.0,3.419999837875366,1.4414088726043701,0.20688194036483765,-0.47372734546661377,-0.5160061120986938,0.6935489177703857,0.1713024079799652,-0.013665063306689262,0.0038797880988568068,0.7908786535263062,0.5065488219261169,0.4634089171886444,0.22255516052246094,>=0.15,True,True,False,True,False,False,False,True,True,0.1713024079799652,-0.4889427125453949,0.4918792247772217,0.3446059823036194,0.3446059823036194,0.0,0.1713024079799652,-0.013665063306689262,0.013665063306689262,0.048472803086042404,-0.03164684399962425,0.05788228288292885,0.024378836154937744,0.09647326171398163,0.09647326171398163,-0.4889427125453949,0.4918792247772217,0.0034460597671568394,0.048472803086042404,-0.03164684399962425,0.05788228288292885,0.024378836154937744,2-4deg,0.00-0.04,0.0,0.0,0.0,0.0
21,51,True,True,0.09717573970556259,0.09655289351940155,0.09066461771726608,0.2460464984178543,3.7200000286102295,1.279822826385498,0.23036497831344604,-0.024065371602773666,-0.0049012042582035065,0.2460464984178543,0.09066461771726608,-0.019966738298535347,-0.019845768809318542,0.8556059002876282,0.563885509967804,0.24599766731262207,0.08423212915658951,0.05-0.10,False,True,False,True,True,False,False,False,True,0.09932126104831696,-0.563254177570343,0.6403047442436218,0.33255553245544434,0.33255553245544434,0.14000000059604645,0.09066461771726608,-0.020007485523819923,0.020007485523819923,0.05424153432250023,-0.04067656397819519,0.06778740137815475,0.012275553308427334,0.17845332622528076,0.0006905339541845024,0.005216255318373442,0.24599120020866394,0.0033255552407354116,0.05494825914502144,-0.03941960260272026,0.06761383265256882,0.012086141854524612,2-4deg,0.00-0.04,0.0,0.0,0.0,0.0
22,45,True,True,0.062037911266088486,0.058305028825998306,0.05064407363533974,0.2301682084798813,3.819999933242798,1.2985037565231323,0.25582823157310486,-0.1282896250486374,0.005334824323654175,0.2301682084798813,0.05064407363533974,-0.019021598622202873,-0.1322663277387619,1.0704586505889893,0.5698825716972351,0.23010636866092682,0.21144290268421173,>=0.15,False,True,False,True,True,False,False,False,True,0.04489831626415253,-0.19206030666828156,0.677079975605011,0.17421627044677734,0.5177278518676758,0.17999999225139618,0.05064407363533974,-0.020088504999876022,0.020088504999876022,-0.0001878812036011368,-0.07222446799278259,0.07222438603639603,0.023637548089027405,0.02231229841709137,0.014160274527966976,-0.010113188065588474,0.22994591295719147,0.005177278537303209,-0.00044143121340312064,-0.07551400363445282,0.07551544159650803,0.017560983076691628,4-6deg,0.00-0.04,0.0,0.0,0.0,0.0
23,0,True,False,0.15317213535308838,0.15317213535308838,0.0,0.0,3.919999837875366,1.4521805047988892,0.19067583978176117,-0.49440574645996094,-0.5851463675498962,0.7439836263656616,0.1515173465013504,-0.009927203878760338,0.058015841990709305,0.9454994201660156,0.511117696762085,0.4594729542732239,0.17374929785728455,>=0.15,True,True,False,True,False,False,False,True,True,0.1515173465013504,-0.5923842787742615,0.450102835893631,0.44574248790740967,0.44574248790740967,0.0,0.1515173465013504,-0.009927203878760338,0.009927203878760338,-0.04066449776291847,-0.016235942021012306,0.04378438740968704,0.02136257104575634,0.1447751373052597,0.1447751373052597,-0.5923842787742615,0.450102835893631,0.004457424860447645,-0.04066449776291847,-0.016235942021012306,0.04378438740968704,0.02136257104575634,2-4deg,0.00-0.04,0.0,0.0,0.0,0.0
24,25,True,False,0.16838964819908142,0.16838964819908142,0.0,0.0,3.9800000190734863,1.384286642074585,0.26587173342704773,-0.5379858016967773,-0.6037048101425171,0.7164900898933411,0.16803424060344696,-0.007973768748342991,0.03408139944076538,0.8060058355331421,0.5647006630897522,0.38587379455566406,0.19708359241485596,>=0.15,True,True,False,True,False,False,False,True,True,0.16803424060344696,-0.5838295221328735,0.4153326153755188,0.17891493439674377,0.17891493439674377,0.0,0.16803424060344696,-0.007973768748342991,0.007973768748342991,0.050043605268001556,-0.020304612815380096,0.054003048688173294,0.06308344006538391,0.18618151545524597,0.18618151545524597,-0.5838295221328735,0.4153326153755188,0.0017891492461785674,0.050043605268001556,-0.020304612815380096,0.054003048688173294,0.06308344006538391,2-4deg,0.04-0.08,0.0,0.0,0.0,0.0
25,14,True,False,0.12883804738521576,0.12883804738521576,0.0,0.0,4.319999694824219,1.3845235109329224,0.19651059806346893,-0.6343317031860352,-0.5771960616111755,0.7396261096000671,0.1258854866027832,-0.011369113810360432,-0.08709682524204254,0.7909860610961914,0.5030234456062317,0.4624840021133423,0.07521156966686249,0.05-0.10,True,True,False,True,False,False,False,True,True,0.1258854866027832,-0.5654357671737671,0.47679051756858826,0.2523570954799652,0.2523570954799652,0.0,0.1258854866027832,-0.011369113810360432,0.011369113810360432,0.020769789814949036,0.035977356135845184,0.041539911180734634,0.005056324414908886,0.1304842233657837,0.1304842233657837,-0.5654357671737671,0.47679051756858826,0.0025235707871615887,0.020769789814949036,0.035977356135845184,0.041539911180734634,0.005056324414908886,2-4deg,0.00-0.04,0.0,0.0,0.0,0.0
26,24,True,False,0.14066821336746216,0.14066821336746216,0.0,0.0,4.319999694824219,1.552858591079712,0.22315861284732819,-0.6917946338653564,-0.6178285479545593,0.7466579675674438,0.1383649855852127,-0.01085548847913742,-0.14624041318893433,0.6183175444602966,0.4489279091358185,0.4192684292793274,0.16151095926761627,>=0.15,True,True,False,True,False,False,False,True,True,0.1383649855852127,-0.6179502010345459,0.4190891683101654,0.578028678894043,0.578028678894043,0.0,0.1383649855852127,-0.01085548847913742,0.01085548847913742,-0.03528022766113281,0.03560565784573555,0.05011893808841705,0.025514960289001465,0.14496341347694397,0.14496341347694397,-0.6179502010345459,0.4190891683101654,0.005780286621302366,-0.03528022766113281,0.03560565784573555,0.05011893808841705,0.025514960289001465,2-4deg,0.00-0.04,0.0,0.0,0.0,0.0
27,28,True,False,0.14127926528453827,0.139451801776886,0.0,0.0,2.180000066757202,1.6740806102752686,0.47614309191703796,0.01730031706392765,0.16809429228305817,0.24085929989814758,0.13691577315330505,-0.0199980977922678,-0.14945092797279358,1.4095970392227173,0.547187328338623,0.17250365018844604,0.15552715957164764,>=0.15,True,True,False,True,False,False,False,True,True,0.13691577315330505,0.16489315032958984,0.17556607723236084,0.7564732432365417,0.7564732432365417,0.0,0.13691577315330505,-0.0199980977922678,0.0199980977922678,0.01280144788324833,0.040795836597681046,0.04275645315647125,0.062090180814266205,0.0012448779307305813,0.0012448779307305813,0.16489315032958984,0.17556607723236084,0.00756473233923316,0.01280144788324833,0.040795836597681046,0.04275645315647125,0.062090180814266205,2-4deg,0.04-0.08,0.0,0.0,0.0,0.0
28,38,True,True,0.11985323578119278,0.11985323578119278,0.11464644968509674,0.19949768483638763,2.379999876022339,1.4843664169311523,0.32874342799186707,-0.024112431332468987,-0.18824727833271027,0.19949768483638763,0.11464644968509674,-0.01988995261490345,0.1617196500301361,0.8772968649864197,0.49099481105804443,0.06604764610528946,0.05286546051502228,0.05-0.10,False,True,False,True,True,False,False,False,True,0.11779555678367615,-0.41221946477890015,0.0478779599070549,1.0772587060928345,1.0772587060928345,0.07999999821186066,0.11464644968509674,-0.020312434062361717,0.020312434062361717,0.00981203280389309,-0.015778595581650734,0.018580634146928787,0.05785590782761574,0.009049714542925358,0.002316121943295002,-0.1894296556711197,0.06257584691047668,0.010772586800158024,0.006627129390835762,-0.017152225598692894,0.018387144431471825,0.05774687975645065,0-2deg,0.04-0.08,0.0,0.0,0.0,0.0
29,60,True,False,0.12510474026203156,0.12510474026203156,0.0,0.0,4.739999771118164,1.656590223312378,0.29009270668029785,-0.6832883954048157,-0.7221395373344421,0.812936544418335,0.12186035513877869,-0.011134001426398754,-0.015347875654697418,1.6923291683197021,0.6704373359680176,0.3733368515968323,0.14951546490192413,0.10-0.15,True,True,False,True,False,False,False,True,True,0.12186035513877869,-0.7379435896873474,0.3410353660583496,0.6298472881317139,0.6298472881317139,0.0,0.12186035513877869,-0.011134001426398754,0.011134001426398754,-0.004267532378435135,-0.05508042499423027,0.055245425552129745,0.040917426347732544,0.14607979357242584,0.14607979357242584,-0.7379435896873474,0.3410353660583496,0.006298472639173269,-0.004267532378435135,-0.05508042499423027,0.055245425552129745,0.040917426347732544,2-4deg,0.04-0.08,0.0,0.0,0.0,0.0
30,26,True,False,0.18401098251342773,0.18395422399044037,0.0,0.0,3.93999981880188,1.3659542798995972,0.2468978613615036,-0.3884592354297638,-0.4804130792617798,0.6424474120140076,0.1812599152326584,-0.012203533202409744,0.04903824254870415,0.8627473711967468,0.5275503993034363,0.426546573638916,0.23253151774406433,>=0.15,True,True,False,True,False,False,False,True,True,0.1812599152326584,-0.4760553538799286,0.4314046800136566,0.3050578236579895,0.3050578236579895,0.0,0.1812599152326584,-0.012203533202409744,0.012203533202409744,0.0052874828688800335,0.04769318923354149,0.047985535115003586,0.07867316156625748,0.11083146929740906,0.11083146929740906,-0.4760553538799286,0.4314046800136566,0.003050578059628606,0.0052874828688800335,0.04769318923354149,0.047985535115003586,0.07867316156625748,2-4deg,0.04-0.08,0.0,0.0006905339541845024,0.0,0.0
31,55,True,True,0.08894014358520508,0.08894014358520508,0.08175725489854813,0.14901606738567352,5.059999942779541,1.3420592546463013,0.17056913673877716,0.011972512118518353,0.009397713467478752,0.14901606738567352,0.08175725489854813,-0.019991116598248482,0.002365327440202236,0.9562670588493347,0.5326565504074097,0.1487194448709488,0.15453587472438812,>=0.15,False,True,False,True,True,False,False,False,True,0.09588810056447983,-0.598858118057251,0.6743331551551819,0.31427425146102905,0.46644648909568787,0.09999999403953552,0.08175725489854813,-0.020096009597182274,0.020096009597182274,0.0019793137907981873,-0.0034042384941130877,0.00393665162846446,0.005152877885848284,0.13815447688102722,0.0003452669770922512,0.009071970358490944,0.14873966574668884,0.004664464853703976,0.0019812637474387884,-0.003809534013271332,0.0042985426262021065,0.00497643556445837,0-2deg,0.00-0.04,0.0,0.0,0.0,0.0
32,52,True,False,0.15438731014728546,0.15243293344974518,0.0,0.0,5.119999885559082,1.4424691200256348,0.25155869126319885,0.02527790144085884,0.0736725926399231,0.19288799166679382,0.1503673940896988,-0.0199552271515131,-0.052352312952280045,1.3225626945495605,0.652683436870575,0.17826420068740845,0.17207103967666626,>=0.15,True,True,False,True,False,False,False,True,True,0.1503673940896988,0.07640653848648071,0.17710962891578674,0.5584722757339478,0.5584722757339478,0.0,0.1503673940896988,-0.0199552271515131,0.0199552271515131,-0.00017325900262221694,-0.023428108543157578,0.02342786081135273,0.062396664172410965,0.001091830083169043,0.001091830083169043,0.07640653848648071,0.17710962891578674,0.005584722850471735,-0.00017325900262221694,-0.023428108543157578,0.02342786081135273,0.062396664172410965,0-2deg,0.04-0.08,0.0,0.0,0.0,0.0
33,24,True,True,0.06254086643457413,0.05401857942342758,0.051828838884830475,0.24552161991596222,0.9199999570846558,1.4038246870040894,0.6608235239982605,0.00023917572980280966,-0.09712493419647217,0.24552161991596222,0.051828838884830475,-0.0200243778526783,0.0974738821387291,0.3502954840660095,0.22006046772003174,0.2254941612482071,0.23090912401676178,>=0.15,False,True,False,True,True,False,False,False,True,0.0382089763879776,-0.4486565887928009,0.3878696858882904,0.1666872501373291,0.23297517001628876,0.09999999403953552,0.051828838884830475,-0.0200243778526783,0.0200243778526783,-0.018533620983362198,-0.055000174790620804,0.05803560093045235,0.022900424897670746,0.11052495241165161,0.0009765625,-0.10706327855587006,0.2209486961364746,0.002329751616343856,-0.018680397421121597,-0.05309407785534859,0.05628170818090439,0.02488880231976509,2-4deg,0.00-0.04,0.0,0.0,0.0,0.0
34,30,True,False,0.17086561024188995,0.17086561024188995,0.0,0.0,5.480000019073486,1.515120506286621,0.2168194204568863,-0.6804583072662354,-0.644808828830719,0.7738499045372009,0.17130838334560394,-0.004562243819236755,-0.11056701838970184,1.174102544784546,0.5716621279716492,0.4278613030910492,0.2200612872838974,>=0.15,True,True,False,True,False,False,False,True,True,0.17130838334560394,-0.6307063102722168,0.4483896791934967,0.7489808797836304,0.7489808797836304,0.0,0.17130838334560394,-0.004562243819236755,0.004562243819236755,0.05788704752922058,-0.030091525986790657,0.06523321568965912,0.04440223053097725,0.224443718791008,0.224443718791008,-0.6307063102722168,0.4483896791934967,0.007489808835089207,0.05788704752922058,-0.030091525986790657,0.06523321568965912,0.04440223053097725,2-4deg,0.04-0.08,0.0,0.0,0.0,0.0
35,49,True,False,0.13012920320034027,0.12864646315574646,0.0,0.0,5.480000019073486,1.3435657024383545,0.17136313021183014,-0.2120848447084427,-0.09735111892223358,0.36441442370414734,0.12526953220367432,-0.019929811358451843,-0.1097724437713623,0.9526610374450684,0.5140216946601868,0.3511703610420227,0.1211991086602211,0.10-0.15,True,True,False,True,False,False,False,True,True,0.12526953220367432,-0.10940567404031754,0.34760361909866333,0.3844602108001709,0.3844602108001709,0.0,0.12526953220367432,-0.019929811358451843,0.019929811358451843,-0.04305105283856392,0.03539770469069481,0.0557279959321022,0.022150695323944092,0.0031455333810299635,0.0031455333810299635,-0.10940567404031754,0.34760361909866333,0.003844602033495903,-0.04305105283856392,0.03539770469069481,0.0557279959321022,0.022150695323944092,2-4deg,0.00-0.04,0.0,0.0,0.0,0.0
36,25,False,False,0.6522037982940674,0.6494903564453125,0.0,0.0,1.5199999809265137,3.143885612487793,0.6074146628379822,-2.7937259674072266,-2.3742661476135254,2.421593427658081,0.6332848072052002,-0.03485695272684097,0.026234272867441177,1.725621223449707,0.9059085845947266,0.4764181971549988,0.1357606053352356,0.10-0.15,True,True,False,False,False,False,False,True,False,0.0,0.0,0.0,0.0,0.0,0.0,0.6332848072052002,-0.03485695272684097,0.03485695272684097,0.0,0.0,0.0,0.0,0.0,0.6013133525848389,-2.403797149658203,0.29304081201553345,0.0,-0.04155518859624863,-0.06521569192409515,0.0773143470287323,0.02873827889561653,0-2deg,0.00-0.04,0.0,0.0,0.0,0.0
37,42,True,False,0.165054589509964,0.13272622227668762,0.0,0.0,5.559999942779541,1.3143408298492432,0.20149627327919006,-0.12303401529788971,-0.04892849922180176,0.35882437229156494,0.16231998801231384,-0.016519010066986084,-0.07882637530565262,1.1978766918182373,0.7058302760124207,0.3554728329181671,0.2385348230600357,>=0.15,True,True,False,True,False,False,False,True,True,0.16231998801231384,-0.05409636348485947,0.35472315549850464,0.08110859245061874,0.08110859245061874,0.0,0.16231998801231384,-0.016519010066986084,0.016519010066986084,-0.014553348533809185,-0.006601918488740921,0.01597972773015499,0.018693329766392708,0.05636429786682129,0.05636429786682129,-0.05409636348485947,0.35472315549850464,0.0008110859198495746,-0.014553348533809185,-0.006601918488740921,0.01597972773015499,0.018693329766392708,0-2deg,0.00-0.04,0.0,0.0,0.0,0.0
38,59,True,True,0.12264219671487808,0.12083551287651062,0.11786587536334991,0.07661361992359161,5.739999771118164,1.3167790174484253,0.19022782146930695,-0.04599910229444504,0.03954553231596947,0.07661361992359161,0.11786587536334991,-0.017907246947288513,-0.08969061821699142,1.103310465812683,0.5481855869293213,0.06561857461929321,0.05453728511929512,0.05-0.10,False,True,False,True,True,False,False,False,True,0.11788622289896011,-0.4710829555988312,0.5432116389274597,0.2988125681877136,0.946882963180542,0.07999999821186066,0.11786587536334991,-0.020084433257579803,0.020084433257579803,0.03919251263141632,0.019042080268263817,0.043571434915065765,0.019632574170827866,0.06547143310308456,0.029498672112822533,0.0412101149559021,0.06458617001771927,0.00946882925927639,0.03950193524360657,0.02014557085931301,0.04434053599834442,0.018603244796395302,2-4deg,0.00-0.04,0.0,0.0,0.0,0.0
39,3,True,True,0.10101773589849472,0.10101773589849472,0.09477127343416214,0.09754917770624161,2.3399999141693115,1.4390171766281128,0.37281477451324463,0.002344829263165593,-0.013828336261212826,0.09754917770624161,0.09477127343416214,-0.019934605807065964,0.011780904605984688,0.6974338889122009,0.4366989731788635,0.09656406193971634,0.09504301100969315,0.05-0.10,False,True,False,True,True,False,False,False,True,0.10979204624891281,-0.7459373474121094,0.6361481547355652,0.450541228055954,0.5459297895431519,0.14000000059604645,0.09477127343416214,-0.019952354952692986,0.019952354952692986,0.006656472571194172,-0.044101815670728683,0.04460064321756363,0.04459033161401749,0.15491344034671783,0.0011960400734096766,-0.016166675835847855,0.09620021283626556,0.00545929791405797,0.0024326276034116745,-0.04055304825305939,0.04062562435865402,0.04731372371315956,2-4deg,0.04-0.08,0.0,0.0006905339541845024,0.0,0.0
40,9,True,False,0.12914088368415833,0.12914088368415833,0.0,0.0,5.859999656677246,1.615005373954773,0.1752706617116928,-0.7045015692710876,-0.6800291538238525,0.7854247689247131,0.12532281875610352,-0.014821131713688374,-0.05634548142552376,0.9359743595123291,0.5421019196510315,0.39300432801246643,0.152670219540596,>=0.15,True,True,False,True,False,False,False,True,True,0.12532281875610352,-0.6821832060813904,0.3892534077167511,0.15486052632331848,0.15486052632331848,0.0,0.12532281875610352,-0.014821131713688374,0.014821131713688374,-0.03148515895009041,0.002244871109724045,0.03156445547938347,0.03591851517558098,0.0835382267832756,0.0835382267832756,-0.6821832060813904,0.3892534077167511,0.0015486052725464106,-0.03148515895009041,0.002244871109724045,0.03156445547938347,0.03591851517558098,0-2deg,0.00-0.04,0.0,0.0,0.0,0.0
41,21,True,False,0.30828917026519775,0.03562898933887482,0.0,0.0,5.940000057220459,1.2466682195663452,0.15629300475120544,0.0826735571026802,-0.028922095894813538,0.22258082032203674,0.3068613111972809,-0.018644651398062706,0.10241563618183136,0.9859501123428345,0.4601922333240509,0.22069375216960907,0.1879909634590149,>=0.15,True,True,False,True,False,False,False,True,True,0.072383351624012,-0.259183406829834,0.3372153341770172,0.5174275040626526,0.7270066738128662,0.0,0.3068613111972809,-0.020170705392956734,0.020170705392956734,-0.05382348224520683,0.01740846410393715,0.056566022336483,0.02847387082874775,0.009874917566776276,0.02620694786310196,-0.016128351911902428,0.22199571132659912,0.007270066533237696,-0.06953015923500061,0.0020398080814629793,0.06956025958061218,0.021996308118104935,2-4deg,0.00-0.04,0.0,0.0,0.0,0.0
42,23,True,False,0.1349988728761673,0.11962257325649261,0.0,0.0,6.059999942779541,1.3314406871795654,0.17293374240398407,-0.34548118710517883,-0.27124539017677307,0.5789186358451843,0.13274841010570526,-0.009993492625653744,-0.0963660255074501,1.1265679597854614,0.7049181461334229,0.5114418268203735,0.2083991914987564,>=0.15,True,True,False,True,False,False,False,True,True,0.13274841010570526,-0.2534923553466797,0.5204693675041199,0.18415731191635132,0.18415731191635132,0.0,0.13274841010570526,-0.009993492625653744,0.009993492625653744,0.07388650625944138,-0.015893861651420593,0.0755738914012909,0.047820448875427246,0.17569422721862793,0.17569422721862793,-0.2534923553466797,0.5204693675041199,0.0018415730446577072,0.07388650625944138,-0.015893861651420593,0.0755738914012909,0.047820448875427246,4-6deg,0.04-0.08,0.0,0.0006905339541845024,0.0,0.0
43,33,True,False,0.13076327741146088,0.13076327741146088,0.0,0.0,3.43999981880188,1.5304203033447266,0.25589418411254883,-0.6900525689125061,-0.6150121688842773,0.765493631362915,0.12841486930847168,-0.006861800327897072,-0.13222260773181915,0.917270302772522,0.5652387738227844,0.45578569173812866,0.1451345682144165,0.10-0.15,True,True,False,True,False,False,False,True,True,0.12841486930847168,-0.631435751914978,0.4327464699745178,0.5373298525810242,0.5373298525810242,0.0,0.12841486930847168,-0.006861800327897072,0.006861800327897072,-0.027946269139647484,-0.026913948357105255,0.038796983659267426,0.02634398452937603,0.20011207461357117,0.20011207461357117,-0.631435751914978,0.4327464699745178,0.005373298190534115,-0.027946269139647484,-0.026913948357105255,0.038796983659267426,0.02634398452937603,2-4deg,0.00-0.04,0.0,0.0,0.0,0.0
44,29,True,False,0.1354198157787323,0.13508382439613342,0.0,0.0,6.21999979019165,1.3416587114334106,0.19346380233764648,-0.4782029390335083,-0.36025774478912354,0.5823377966880798,0.13195419311523438,-0.011946598067879677,-0.14984415471553802,1.2477220296859741,0.6151763796806335,0.4575277268886566,0.14438891410827637,0.10-0.15,True,True,False,True,False,False,False,True,True,0.13195419311523438,-0.3567727506160736,0.46025046706199646,0.3316683769226074,0.3316683769226074,0.0,0.13195419311523438,-0.011946598067879677,0.011946598067879677,0.010282428935170174,-0.010481646284461021,0.01468108594417572,0.023395255208015442,0.11713741719722748,0.11713741719722748,-0.3567727506160736,0.46025046706199646,0.0033166836947202682,0.010282428935170174,-0.010481646284461021,0.01468108594417572,0.023395255208015442,0-2deg,0.00-0.04,0.0,0.0,0.0,0.0
45,34,True,True,0.11909123510122299,0.11294469237327576,0.1139371246099472,0.11503344774246216,6.259999752044678,1.5921375751495361,0.16084614396095276,-0.050711359828710556,-0.0027154535055160522,0.11503344774246216,0.1139371246099472,-0.01939970627427101,-0.043549682945013046,0.8935829401016235,0.5246493220329285,0.11500139534473419,0.1244201585650444,0.10-0.15,False,True,False,True,True,False,False,False,True,0.10891084372997284,-0.6719812750816345,0.32540005445480347,0.586053729057312,0.67994225025177,0.09999999403953552,0.1139371246099472,-0.01995660550892353,0.01995660550892353,-0.008122581988573074,-0.06029761582612991,0.06084205582737923,0.04187696427106857,0.18641546368598938,0.011580671183764935,-0.008028683252632618,0.11475293338298798,0.006799422204494476,-0.004830342251807451,-0.05958003178238869,0.05977500230073929,0.04236398637294769,2-4deg,0.04-0.08,0.0,0.0,0.0,0.0
46,41,True,False,0.157098650932312,0.15594984591007233,0.0,0.0,6.659999847412109,1.3736426830291748,0.17527763545513153,-0.555382490158081,-0.4564923346042633,0.6521680355072021,0.15250861644744873,-0.007472819648683071,-0.14837385714054108,0.8188977837562561,0.5281816720962524,0.46576589345932007,0.19968540966510773,>=0.15,True,True,False,True,False,False,False,True,True,0.15250861644744873,-0.48519518971443176,0.435785174369812,0.4113313555717468,0.4113313555717468,0.0,0.15250861644744873,-0.007472819648683071,0.007472819648683071,-0.06969742476940155,0.00312645616941154,0.06976748257875443,0.03597555309534073,0.18973760306835175,0.18973760306835175,-0.48519518971443176,0.435785174369812,0.004113313276320696,-0.06969742476940155,0.00312645616941154,0.06976748257875443,0.03597555309534073,2-4deg,0.00-0.04,0.0,0.0,0.0,0.0
47,57,True,False,0.1435193568468094,0.1412321925163269,0.0,0.0,6.699999809265137,1.4660229682922363,0.16729220747947693,-0.06415357440710068,-0.1748126596212387,0.2661234736442566,0.1391349583864212,-0.020185360684990883,0.1100301444530487,1.2373484373092651,0.7160638570785522,0.2006545215845108,0.2232877016067505,>=0.15,True,True,False,True,False,False,False,True,True,0.1391349583864212,-0.17781826853752136,0.1979958713054657,0.4755757451057434,0.4755757451057434,0.0,0.1391349583864212,-0.020185360684990883,0.020185360684990883,0.041982412338256836,0.04127596691250801,0.05886613950133324,0.029216745868325233,0.002970099914819002,0.002970099914819002,-0.17781826853752136,0.1979958713054657,0.004755757283419371,0.041982412338256836,0.04127596691250801,0.05886613950133324,0.029216745868325233,2-4deg,0.00-0.04,0.0,0.0,0.0,0.0
48,44,True,False,0.14295843243598938,0.14006267488002777,0.0,0.0,4.539999961853027,1.642704963684082,0.24922272562980652,-0.006007884629070759,0.015372025780379772,0.05227011814713478,0.13829417526721954,-0.0202203206717968,-0.02268112450838089,0.7025811672210693,0.4696280062198639,0.049958642572164536,0.17029355466365814,>=0.15,True,True,False,True,False,False,False,True,True,0.13829417526721954,0.015492494218051434,0.049921415746212006,1.348950982093811,1.348950982093811,0.0,0.13829417526721954,-0.0202203206717968,0.0202203206717968,0.028715306892991066,0.001960844499990344,0.0287826769053936,0.03823275491595268,0.011759437620639801,0.011759437620639801,0.015492494218051434,0.049921415746212006,0.01348950993269682,0.028715306892991066,0.001960844499990344,0.0287826769053936,0.03823275491595268,0-2deg,0.00-0.04,0.0,0.0,0.0,0.0
49,23,True,True,0.08788292109966278,0.08595424890518188,0.08060231059789658,0.22913667559623718,0.9399999976158142,1.4460433721542358,0.7546786665916443,-0.022530650720000267,-0.13993212580680847,0.22913667559623718,0.08060231059789658,-0.020012984052300453,0.11811776459217072,0.47730687260627747,0.2751908302307129,0.18144591152668,0.18155336380004883,>=0.15,False,True,False,True,True,False,False,False,True,0.08492806553840637,-0.6749931573867798,0.5097798705101013,0.26472339034080505,0.9790141582489014,0.07999999821186066,0.08060231059789658,-0.020236197859048843,0.020236197859048843,-0.005300647113472223,-0.007790117058902979,0.009423988871276379,0.02783042937517166,0.12824983894824982,0.00048828125,-0.14128302037715912,0.18039600551128387,0.009790141135454178,-0.004206709563732147,-0.006520357448607683,0.00775892985984683,0.028030002489686012,0-2deg,0.00-0.04,0.0,0.0,0.0,0.0
50,10,True,True,0.10483288764953613,0.10483288764953613,0.09880276024341583,0.08118847012519836,7.059999942779541,1.2949415445327759,0.15245388448238373,-0.0100091602653265,-0.012960350140929222,0.08118847012519836,0.09880276024341583,-0.01999007724225521,-0.00019236147636547685,1.0746442079544067,0.5692618489265442,0.08014734834432602,0.11743858456611633,0.10-0.15,False,True,False,True,True,False,False,False,True,0.09962731599807739,-0.42534855008125305,0.47415468096733093,0.21373561024665833,0.8025251626968384,0.07999999821186066,0.09880276024341583,-0.02006506361067295,0.02006506361067295,7.123179966583848e-05,0.025369588285684586,0.025370167568325996,0.03589346259832382,0.06479007750749588,0.0015440810238942504,-0.012036225758492947,0.08029132336378098,0.00802525132894516,7.511804142268375e-05,0.02748841419816017,0.027488108724355698,0.034718453884124756,0-2deg,0.00-0.04,0.0,0.0,0.0,0.0
51,18,True,True,0.0874863713979721,0.0874863713979721,0.08017755299806595,0.19542908668518066,3.799999952316284,1.3264272212982178,0.20956982672214508,-0.020553458482027054,-0.11908835172653198,0.19542908668518066,0.08017755299806595,-0.02000267431139946,0.09627377241849899,0.9242150783538818,0.5918375849723816,0.15495319664478302,0.14720000326633453,0.10-0.15,False,True,False,True,True,False,False,False,True,0.0884108915925026,-0.28492262959480286,0.10575105994939804,0.6972876191139221,0.6972876191139221,0.07999999821186066,0.08017755299806595,-0.02005927450954914,0.02005927450954914,-0.005051466636359692,-0.0017594352830201387,0.00534885935485363,0.06975290924310684,0.010568829253315926,0.0,-0.11830548942089081,0.1555517315864563,0.006972875911742449,-0.004845018498599529,0.002421473152935505,0.005415307357907295,0.06974554806947708,0-2deg,0.04-0.08,0.0,0.0,0.0,0.0
52,20,True,True,0.10019871592521667,0.10019871592521667,0.09389336407184601,0.26420265436172485,7.179999828338623,1.2777608633041382,0.17164380848407745,0.006923228036612272,-0.030060239136219025,0.26420265436172485,0.09389336407184601,-0.01999395154416561,0.03688569739460945,1.0684700012207031,0.5135865807533264,0.26248699426651,0.2637602686882019,>=0.15,False,True,False,True,True,False,False,False,True,0.09944358468055725,-0.04495616257190704,0.2172090858221054,0.16367211937904358,0.16367211937904358,0.05999999865889549,0.09389336407184601,-0.020060215145349503,0.020060215145349503,-0.0025905403308570385,-0.031929951161146164,0.03203500434756279,0.0033492243383079767,0.0011960400734096766,0.00048828125,-0.024825818836688995,0.2630336582660675,0.0016367211937904358,-0.0025051988195627928,-0.032025035470724106,0.03212234750390053,0.0030469552148133516,0-2deg,0.00-0.04,0.0,0.0,0.0,0.0
53,4,True,True,0.09457175433635712,0.09457175433635712,0.08784899860620499,0.13470277190208435,5.239999771118164,1.298569917678833,0.1781330555677414,0.009144041687250137,0.04254809021949768,0.13470277190208435,0.08784899860620499,-0.020022569224238396,-0.03088032826781273,1.119329571723938,0.543795108795166,0.12780648469924927,0.1321585476398468,0.10-0.15,False,True,False,True,True,False,False,False,True,0.0953703299164772,-0.03805394098162651,0.18696317076683044,1.4047125577926636,1.4047125577926636,0.07999999821186066,0.08784899860620499,-0.020441927015781403,0.020441927015781403,-0.055556993931531906,0.0148286372423172,0.05749979615211487,0.04461536929011345,0.00322043732739985,0.0008457279182039201,0.04859844222664833,0.12563052773475647,0.014047125354409218,-0.05286337807774544,0.01431970577687025,0.054766230285167694,0.0467437319457531,2-4deg,0.04-0.08,0.0,0.0,0.0,0.0
54,13,True,True,0.07669644802808762,0.07669644802808762,0.0682605430483818,0.15848350524902344,4.420000076293945,1.2529072761535645,0.20258156955242157,-0.00423807930201292,0.028859056532382965,0.15848350524902344,0.0682605430483818,-0.020033875480294228,-0.03330015018582344,0.7198312878608704,0.48757481575012207,0.15583381056785583,0.1677776277065277,>=0.15,False,True,False,True,True,False,False,False,True,0.08398164063692093,-0.5086961984634399,0.5649341940879822,0.38048359751701355,0.7652677893638611,0.09999999403953552,0.0682605430483818,-0.020033875480294228,0.020033875480294228,-0.009089603088796139,0.019375454634428024,0.02140139229595661,0.004083471838384867,0.0690653920173645,0.0005980199784971774,0.03209404647350311,0.15519985556602478,0.007652677595615387,-0.009360559284687042,0.01951286569237709,0.021642357110977173,0.0035122062545269728,0-2deg,0.00-0.04,0.0,0.0,0.0,0.0
55,58,True,True,0.08839652687311172,0.08839652687311172,0.08120062202215195,0.21692541241645813,7.579999923706055,1.3669066429138184,0.14919456839561462,-0.01404816098511219,-0.06283316016197205,0.21692541241645813,0.08120062202215195,-0.019932357594370842,0.050837308168411255,0.856484591960907,0.5000681281089783,0.20762617886066437,0.15906748175621033,>=0.15,False,True,False,True,True,False,False,False,True,0.09186814725399017,-0.7057115435600281,0.6177664995193481,0.17580503225326538,0.17580503225326538,0.11999999731779099,0.08120062202215195,-0.019975809380412102,0.019975809380412102,0.05522982403635979,-0.001703768502920866,0.05525622144341469,0.033654797822237015,0.22364504635334015,0.0018269813153892756,-0.06792763620615005,0.2060157209634781,0.0017580502899363637,0.058337315917015076,-0.002111815381795168,0.0583757720887661,0.02898763306438923,2-4deg,0.00-0.04,0.0,0.0,0.0,0.0
56,52,True,True,0.11036132276058197,0.10056287795305252,0.10463317483663559,0.19227640330791473,2.4800000190734863,1.558058738708496,0.3871530294418335,-0.07849375903606415,0.014385126531124115,0.19227640330791473,0.10463317483663559,-0.01964455284178257,-0.0952284187078476,1.6152573823928833,0.5294045805931091,0.19173753261566162,0.18039466440677643,>=0.15,False,True,False,True,True,False,False,False,True,0.09331187605857849,-0.4341987669467926,0.5252124667167664,0.5151929259300232,1.3689063787460327,0.29999998211860657,0.10463317483663559,-0.02028072439134121,0.02028072439134121,-0.07822216302156448,-0.03695769980549812,0.08649756014347076,0.02201016992330551,0.11276812106370926,0.005910027306526899,0.0020729294046759605,0.19226522743701935,0.013689063489437103,-0.08058855682611465,-0.040528226643800735,0.09018558263778687,0.008944210596382618,4-6deg,0.00-0.04,0.0,0.0,0.0,0.0
57,54,True,False,0.19242562353610992,0.19194631278514862,0.0,0.0,7.739999771118164,1.665036678314209,0.21766595542430878,-0.5777180790901184,-0.46085092425346375,0.6616591811180115,0.1923137754201889,-0.005149168893694878,-0.13807907700538635,1.6177639961242676,0.709758996963501,0.4747728705406189,0.2572022080421448,>=0.15,True,True,False,True,False,False,False,True,True,0.1923137754201889,-0.4599965512752533,0.4756006896495819,0.2891440689563751,0.2891440689563751,0.0,0.1923137754201889,-0.005149168893694878,0.005149168893694878,0.0012598016764968634,-0.03819187358021736,0.03821325674653053,0.047778692096471786,0.2179766148328781,0.2179766148328781,-0.4599965512752533,0.4756006896495819,0.0028914406429976225,0.0012598016764968634,-0.03819187358021736,0.03821325674653053,0.047778692096471786,2-4deg,0.04-0.08,0.0,0.0,0.0,0.0
58,6,True,False,0.12466422468423843,0.10560823976993561,0.0,0.0,6.920000076293945,1.2585707902908325,0.16364628076553345,-0.25426459312438965,-0.11857342720031738,0.5094617009162903,0.12009350210428238,-0.012628760188817978,-0.14313144981861115,0.8660410046577454,0.5389066338539124,0.4954710900783539,0.19103427231311798,>=0.15,True,True,False,True,False,False,False,True,True,0.12009350210428238,-0.1309068650007248,0.49235618114471436,0.10224192589521408,0.10224192589521408,0.0,0.12009350210428238,-0.012628760188817978,0.012628760188817978,0.0023531713522970676,-0.04825522378087044,0.0483124703168869,0.011096579022705555,0.12005024403333664,0.12005024403333664,-0.1309068650007248,0.49235618114471436,0.0010224191937595606,0.0023531713522970676,-0.04825522378087044,0.0483124703168869,0.011096579022705555,2-4deg,0.00-0.04,0.0,0.0,0.0,0.0
59,47,True,True,0.03810921311378479,0.03810921311378479,0.004448272287845612,0.09515461325645447,7.940000057220459,1.266752004623413,0.16947948932647705,-0.06878504157066345,-0.017548818141222,0.09515461325645447,0.004448272287845612,-0.01691943220794201,-0.051048021763563156,0.9966286420822144,0.4850729703903198,0.09352239966392517,0.23598137497901917,>=0.15,False,True,False,True,True,False,False,False,True,0.049197155982255936,-0.4477781355381012,0.6158836483955383,0.25177279114723206,0.25177279114723206,1.4800000190734863,0.004448272287845612,-0.019356494769454002,0.019356494769454002,0.02092844434082508,-0.04119843989610672,0.04620671272277832,0.03339267522096634,0.15094828605651855,0.06081067770719528,-0.01131880097091198,0.0944790244102478,0.002517727902159095,0.019002392888069153,-0.0703030452132225,0.07282158732414246,0.014733108691871166,2-4deg,0.00-0.04,0.0,0.0,0.0,0.0
60,59,True,False,0.13687318563461304,0.13687318563461304,0.0,0.0,2.200000047683716,1.6669197082519531,0.49803197383880615,-0.7277917265892029,-0.624657154083252,0.7102575302124023,0.13368596136569977,-0.011176547966897488,-0.12412597239017487,0.7493398785591125,0.442594438791275,0.33803725242614746,0.1589365303516388,>=0.15,True,True,False,True,False,False,False,True,True,0.13368596136569977,-0.6384099125862122,0.3112853467464447,0.6144084334373474,0.6144084334373474,0.0,0.13368596136569977,-0.011176547966897488,0.011176547966897488,0.06225661188364029,0.031103577464818954,0.06958512216806412,0.01823575608432293,0.11945302039384842,0.11945302039384842,-0.6384099125862122,0.3112853467464447,0.00614408403635025,0.06225661188364029,0.031103577464818954,0.06958512216806412,0.01823575608432293,2-4deg,0.00-0.04,0.0,0.0,0.0,0.0
61,25,True,False,0.12689632177352905,0.12689632177352905,0.0,0.0,2.5,1.6387275457382202,0.39893224835395813,-0.6788245439529419,-0.676986813545227,0.7738963961601257,0.12421266734600067,-0.004475184716284275,-0.055445872247219086,1.0092709064483643,0.5455562472343445,0.37497270107269287,0.17637157440185547,>=0.15,True,True,False,True,False,False,False,True,True,0.12421266734600067,-0.669268012046814,0.3885820806026459,0.7143922448158264,0.7143922448158264,0.0,0.12421266734600067,-0.004475184716284275,0.004475184716284275,0.04626872017979622,0.06125986948609352,0.07675204426050186,0.050973355770111084,0.21542423963546753,0.21542423963546753,-0.669268012046814,0.3885820806026459,0.00714392215013504,0.04626872017979622,0.06125986948609352,0.07675204426050186,0.050973355770111084,4-6deg,0.04-0.08,0.0,0.0,0.0,0.0
62,1,True,False,0.15212959051132202,0.15135110914707184,0.0,0.0,8.179999351501465,1.4708466529846191,0.16626547276973724,-0.0024600098840892315,0.07943793386220932,0.15065662562847137,0.1480538249015808,-0.020045025274157524,-0.08067382872104645,1.2753726243972778,0.5583116412162781,0.12801185250282288,0.11633851379156113,0.10-0.15,True,True,False,True,False,False,False,True,True,0.1480538249015808,0.08468086272478104,0.12460565567016602,0.47097718715667725,0.47097718715667725,0.0,0.1480538249015808,-0.020045025274157524,0.020045025274157524,-0.04627770185470581,0.00164210784714669,0.046307262033224106,0.024743275716900826,0.0019531252328306437,0.0019531252328306437,0.08468086272478104,0.12460565567016602,0.0047097718343138695,-0.04627770185470581,0.00164210784714669,0.046307262033224106,0.024743275716900826,2-4deg,0.00-0.04,0.0,0.0,0.0,0.0
63,14,True,True,0.08625888079404831,0.0676659569144249,0.07952005416154861,0.17993135750293732,3.859999895095825,1.3057633638381958,0.24305398762226105,-0.07952480018138885,0.03317273408174515,0.17993135750293732,0.07952005416154861,-0.015340212732553482,-0.1096283569931984,0.9437078833580017,0.5416995882987976,0.17684699594974518,0.16021807491779327,>=0.15,False,True,False,True,True,False,False,False,True,0.058138784021139145,-0.010750356130301952,0.38041284680366516,0.428241491317749,0.428241491317749,0.2199999988079071,0.07952005416154861,-0.02021295204758644,0.02021295204758644,0.06453604251146317,-0.0573885478079319,0.08633527159690857,0.051407523453235626,0.0050033992156386375,0.08260438591241837,0.03462672978639603,0.17656806111335754,0.00428241491317749,0.07245833426713943,-0.05123100429773331,0.08871432393789291,0.04938435181975365,4-6deg,0.04-0.08,0.0,0.0,0.0,0.0
64,56,True,False,0.15441767871379852,0.15074995160102844,0.0,0.0,8.179999351501465,1.3730522394180298,0.15682752430438995,0.1213785782456398,0.052892640233039856,0.3565903306007385,0.15080313384532928,-0.018861448392271996,0.06512956321239471,1.2592484951019287,0.5640795230865479,0.35264575481414795,0.14289380609989166,0.10-0.15,True,True,False,True,False,False,False,True,True,0.15080313384532928,0.0591815747320652,0.35164499282836914,0.020848317071795464,0.020848317071795464,0.0,0.15080313384532928,-0.018861448392271996,0.018861448392271996,-0.012206224724650383,-0.014079611748456955,0.018635094165802002,0.029056012630462646,0.01923324726521969,0.01923324726521969,0.0591815747320652,0.35164499282836914,0.00020848316489718854,-0.012206224724650383,-0.014079611748456955,0.018635094165802002,0.029056012630462646,0-2deg,0.00-0.04,0.0,0.0,0.0,0.0
65,46,True,True,0.0900367721915245,0.05551004037261009,0.08293337374925613,0.10378895699977875,8.260000228881836,1.4779126644134521,0.13677988946437836,-0.00029422109946608543,-0.017159080132842064,0.10378895699977875,0.08293337374925613,-0.019949529320001602,0.0130378482863307,0.9421464800834656,0.334992378950119,0.10236070305109024,0.09853850305080414,0.05-0.10,False,True,False,True,True,False,False,False,True,0.11507377028465271,-0.1636286824941635,0.5243498682975769,0.4378524720668793,0.4378524720668793,4.759999752044678,0.08293337374925613,-0.020004671066999435,0.020004671066999435,0.07794144749641418,-0.06211366131901741,0.09962483495473862,0.027406513690948486,0.050427328795194626,0.0009765625,-0.017493152990937233,0.10230414569377899,0.004378524608910084,-0.06261543184518814,0.048347778618335724,0.07908976078033447,0.054193612188100815,4-6deg,0.00-0.04,0.0,0.0,0.0,0.0
66,11,True,True,0.09279634058475494,0.09279634058475494,0.08594018965959549,0.14538143575191498,8.300000190734863,1.3525140285491943,0.1190035343170166,-0.0010762709425762296,-0.005418392829596996,0.14538143575191498,0.08594018965959549,-0.020000813528895378,0.002740453463047743,0.6667633056640625,0.46091580390930176,0.14528042078018188,0.14202480018138885,0.10-0.15,False,True,False,True,True,False,False,False,True,0.0972297340631485,-0.6341627240180969,0.6667496562004089,0.26396051049232483,0.9644966125488281,0.07999999821186066,0.08594018965959549,-0.02022343873977661,0.02022343873977661,0.02557544782757759,-0.019101040437817574,0.031919416040182114,0.019779549911618233,0.12023872137069702,0.0,-0.00967421941459179,0.14505918323993683,0.009644965641200542,0.024526560679078102,-0.018495414406061172,0.030718328431248665,0.02058730646967888,0-2deg,0.00-0.04,0.0,0.0,0.0,0.0
67,0,True,True,0.08195023983716965,0.08195023983716965,0.0740673691034317,0.15257126092910767,4.420000076293945,1.3634040355682373,0.18994471430778503,-0.012207172811031342,-0.08678556978702545,0.15257126092910767,0.0740673691034317,-0.01982785388827324,0.07217272371053696,0.8077725172042847,0.5481200814247131,0.12548407912254333,0.152506485581398,>=0.15,False,True,False,True,True,False,False,False,True,0.08443689346313477,-0.7178055047988892,0.6009703874588013,0.3668994605541229,0.3668994605541229,0.14000000059604645,0.0740673691034317,-0.01982785388827324,0.01982785388827324,0.043678514659404755,-0.0748404935002327,0.08663336932659149,0.04485124349594116,0.19552521407604218,0.002826133044436574,-0.09710684418678284,0.11767859011888504,0.0036689944099634886,0.0382714606821537,-0.07573767751455307,0.08484173566102982,0.04653347656130791,4-6deg,0.04-0.08,0.0,0.0,0.0,0.0
68,2,True,False,0.1701689213514328,0.16020114719867706,0.0,0.0,8.34000015258789,1.4502323865890503,0.11779649555683136,0.1076590046286583,0.13076800107955933,0.34886234998703003,0.16776859760284424,-0.015477226115763187,-0.01647351123392582,0.8675211668014526,0.48259133100509644,0.3234264552593231,0.15349459648132324,>=0.15,True,True,False,True,False,False,False,True,True,0.16776859760284424,0.13480447232723236,0.3217649757862091,0.028353529050946236,0.028353529050946236,0.0,0.16776859760284424,-0.018986670300364494,0.018986670300364494,-0.011018753983080387,-0.008066697977483273,0.013654530979692936,0.02357456088066101,0.06397202610969543,0.06397202610969543,0.13480447232723236,0.3217649757862091,0.0002835352788679302,-0.011018753983080387,-0.008066697977483273,0.013654530979692936,0.02357456088066101,0-2deg,0.00-0.04,0.0,0.0,0.0,0.0
69,27,True,True,0.11504919826984406,0.11466754972934723,0.1098293736577034,0.06766387075185776,8.65999984741211,1.3414314985275269,0.11726070940494537,-0.04407700523734093,0.02879442274570465,0.06766387075185776,0.1098293736577034,-0.018442068248987198,-0.07382418215274811,0.9676756262779236,0.5248225927352905,0.06123136729001999,0.055307745933532715,0.05-0.10,False,True,False,True,True,False,False,False,True,0.1091933622956276,0.09538932144641876,0.051614850759506226,0.5879374146461487,0.5879374146461487,0.05999999865889549,0.1098293736577034,-0.019964471459388733,0.019964471459388733,-5.31099722138606e-05,0.014388740062713623,0.014389930292963982,0.002213329542428255,0.00048828125,0.02256995625793934,0.028972335159778595,0.06114738807082176,0.005879374220967293,-4.758153227157891e-05,0.014471784234046936,0.01447253953665495,0.0019477498717606068,0-2deg,0.00-0.04,0.0,0.0,0.0,0.0
70,39,False,False,0.6210867166519165,0.6206747889518738,0.0,0.0,8.65999984741211,0.9680114984512329,0.10727787017822266,0.12022015452384949,0.06961305439472198,0.5856380462646484,0.34053370356559753,0.46704089641571045,0.04673363268375397,1.3912500143051147,0.8091081976890564,0.5814859867095947,0.2567632496356964,>=0.15,True,True,False,False,False,False,False,False,False,0.0,0.0,0.0,0.0,0.0,0.0,0.34053370356559753,0.3853265047073364,0.0,0.0,0.0,0.0,0.0,0.0,0.18994103372097015,0.08308305591344833,0.5797147154808044,0.0,-0.010298911482095718,0.029688427224755287,0.031424380838871,0.03205535188317299,0-2deg,0.00-0.04,0.0,0.0,0.0,0.0
71,43,True,False,0.2670724093914032,0.10284357517957687,0.0,0.0,8.699999809265137,1.485727071762085,0.15599805116653442,0.1435323804616928,0.03113793581724167,0.3173547089099884,0.26524168252944946,-0.014209834858775139,0.10882101207971573,0.853650689125061,0.46840882301330566,0.31582343578338623,0.23724840581417084,>=0.15,True,True,False,True,False,False,False,True,True,0.09944310039281845,0.1040341705083847,0.16110752522945404,0.9842844605445862,0.9842844605445862,0.0,0.26524168252944946,-0.020250272005796432,0.020250272005796432,-0.028870973736047745,-0.013461004942655563,0.03185398131608963,0.05686042085289955,0.0090299341827631,0.0840502604842186,0.04014744609594345,0.3148050010204315,0.009842844679951668,-0.0121683981269598,-0.05785422772169113,0.059118881821632385,0.028767410665750504,0-2deg,0.04-0.08,0.0,0.0006905339541845024,0.0,0.0
72,63,True,True,0.11847171932458878,0.11387462913990021,0.11358801275491714,0.19371002912521362,8.760000228881836,1.4760591983795166,0.12527847290039062,-0.034269195050001144,0.03280891478061676,0.19371002912521362,0.11358801275491714,-0.018419630825519562,-0.06781493872404099,1.106872797012329,0.4641781151294708,0.19091136753559113,0.17842906713485718,>=0.15,False,True,False,True,True,False,False,False,True,0.10960283875465393,-0.5083971619606018,0.3870766758918762,0.3695871829986572,0.6640385985374451,0.09999999403953552,0.11358801275491714,-0.020031103864312172,0.020031103864312172,-0.000641416700091213,0.05983639881014824,0.059839822351932526,0.01225582230836153,0.1330600082874298,0.02776430919766426,0.03032192401587963,0.19132211804389954,0.006640385836362839,5.3169485909165815e-05,0.059022221714258194,0.059021957218647,0.014564557000994682,2-4deg,0.00-0.04,0.0,0.0,0.0,0.0
73,49,True,False,0.169573575258255,0.169573575258255,0.0,0.0,3.379999876022339,1.3984209299087524,0.2504405975341797,-0.38902056217193604,-0.488911509513855,0.6382287740707397,0.168683722615242,-0.009330959990620613,0.08176501095294952,0.6398937106132507,0.4623125195503235,0.4102456867694855,0.23147784173488617,>=0.15,True,True,False,True,False,False,False,True,True,0.168683722615242,-0.47774210572242737,0.4232003092765808,0.15129278600215912,0.15129278600215912,0.0,0.168683722615242,-0.009330959990620613,0.009330959990620613,-0.05219138786196709,-0.04052852839231491,0.06606818735599518,0.0378241091966629,0.1724652200937271,0.1724652200937271,-0.47774210572242737,0.4232003092765808,0.0015129278181120753,-0.05219138786196709,-0.04052852839231491,0.06606818735599518,0.0378241091966629,2-4deg,0.00-0.04,0.0,0.0,0.0,0.0
74,44,True,False,0.1298169642686844,0.1298169642686844,0.0,0.0,2.0799999237060547,1.4004994630813599,0.4077916145324707,-0.4809868633747101,-0.5757303237915039,0.7187973260879517,0.12669344246387482,-0.01111048273742199,0.07079832255840302,0.6412674188613892,0.4069349467754364,0.430353581905365,0.12034686654806137,0.10-0.15,True,True,False,True,False,False,False,True,True,0.12669344246387482,-0.5768533945083618,0.4288470447063446,0.10088407248258591,0.10088407248258591,0.0,0.12669344246387482,-0.01111048273742199,0.01111048273742199,0.03545872122049332,-0.01870817504823208,0.040089357644319534,0.027003122493624687,0.13315387070178986,0.13315387070178986,-0.5768533945083618,0.4288470447063446,0.0010088407434523106,0.03545872122049332,-0.01870817504823208,0.040089357644319534,0.027003122493624687,2-4deg,0.00-0.04,0.0,0.0,0.0,0.0
75,16,True,True,0.03634882718324661,0.03634882718324661,0.010011108592152596,0.22674019634723663,5.819999694824219,1.316078782081604,0.2254379689693451,-0.033069711178541183,0.01748409867286682,0.22674019634723663,0.010011108592152596,-0.020051172003149986,-0.05053987354040146,0.9196900129318237,0.48943284153938293,0.22606508433818817,0.23764505982398987,>=0.15,False,True,False,True,True,False,False,False,True,0.09892536699771881,-0.31610307097435,0.4562291204929352,0.03597691282629967,0.3402370810508728,1.7999999523162842,0.010011108592152596,-0.020053483545780182,0.020053483545780182,0.0032645484898239374,0.006901224609464407,0.0076350262388587,0.027603289112448692,0.05993044748902321,0.0009134905994869769,0.011295583099126816,0.22645865380764008,0.0034023707266896963,-0.0011249236995354295,-0.03423212841153145,0.03425104543566704,0.011989661492407322,0-2deg,0.00-0.04,0.0,0.0,0.0,0.0
76,62,True,False,0.2003134936094284,0.19057369232177734,0.0,0.0,9.300000190734863,1.330064058303833,0.15295326709747314,-0.2796599864959717,-0.1582472026348114,0.4947633147239685,0.20094966888427734,-0.005517175421118736,-0.1418333500623703,0.9313744306564331,0.5561483502388,0.4687734544277191,0.24869343638420105,>=0.15,True,True,False,True,False,False,False,True,True,0.20094966888427734,-0.162425696849823,0.4673420786857605,0.1509370505809784,0.1509370505809784,0.0,0.20094966888427734,-0.005517175421118736,0.005517175421118736,0.006798513233661652,-0.06789235025644302,0.06823121011257172,0.03725430369377136,0.22688248753547668,0.22688248753547668,-0.162425696849823,0.4673420786857605,0.0015093705151230097,0.006798513233661652,-0.06789235025644302,0.06823121011257172,0.03725430369377136,2-4deg,0.00-0.04,0.0,0.0,0.0,0.0
77,4,True,False,0.17699778079986572,0.17699778079986572,0.0,0.0,1.899999976158142,1.4918309450149536,0.3456677198410034,-0.6060861945152283,-0.7850269675254822,0.8718902468681335,0.17688584327697754,-0.007352430373430252,0.1366693675518036,0.7510514259338379,0.4331297278404236,0.3793748915195465,0.21251460909843445,>=0.15,True,True,False,True,False,False,False,True,True,0.17688584327697754,-0.7863393425941467,0.3766472041606903,0.3112261891365051,0.3112261891365051,0.0,0.17688584327697754,-0.007352430373430252,0.007352430373430252,-0.005814923904836178,0.005968631710857153,0.008329478092491627,0.04435732215642929,0.18663530051708221,0.18663530051708221,-0.7863393425941467,0.3766472041606903,0.0031122618820518255,-0.005814923904836178,0.005968631710857153,0.008329478092491627,0.04435732215642929,0-2deg,0.04-0.08,0.0,0.0,0.0,0.0
78,40,True,True,0.0963025689125061,0.0963025689125061,0.08974113315343857,0.1853666603565216,7.059999942779541,1.3225536346435547,0.14261731505393982,-0.007180331740528345,-0.07759034633636475,0.1853666603565216,0.08974113315343857,-0.019867388531565666,0.06850184500217438,0.8332825303077698,0.481755793094635,0.16834646463394165,0.1380148082971573,0.10-0.15,False,True,False,True,True,False,False,False,True,0.10189596563577652,-0.6161441802978516,0.6171332001686096,0.44995635747909546,0.9842002391815186,0.07999999821186066,0.08974113315343857,-0.020129358395934105,0.020129358395934105,0.024009179323911667,0.046995360404253006,0.05276874452829361,0.038097720593214035,0.12899982929229736,0.002652046736329794,-0.07200188934803009,0.17081137001514435,0.00984200183302164,0.02194797620177269,0.04592319577932358,0.050894610583782196,0.03934285417199135,2-4deg,0.00-0.04,0.0,0.0,0.0,0.0
79,55,True,True,0.04668549448251724,0.04585874453186989,0.03073728457093239,0.10829725116491318,4.339999675750732,1.396974802017212,0.24405236542224884,-0.02401421032845974,-0.10716385394334793,0.10829725116491318,0.03073728457093239,-0.019895192235708237,0.08308809250593185,1.0503915548324585,0.46884769201278687,0.01562698744237423,0.24036774039268494,>=0.15,False,True,False,True,True,False,False,False,True,0.042579129338264465,-0.4275193512439728,0.5099899768829346,0.24425280094146729,0.24425280094146729,1.8399999141693115,0.03073728457093239,-0.01994367130100727,0.01994367130100727,0.05678064748644829,-0.04658614844083786,0.07343019545078278,0.03309842199087143,0.1796484738588333,0.00248975632712245,-0.10720060020685196,0.01537291705608368,0.0024425280280411243,0.023246968165040016,-0.023256780579686165,0.032881706953048706,0.06715453416109085,4-6deg,0.00-0.04,0.0,0.0,0.0,0.0
80,17,True,True,0.08197404444217682,0.06326358020305634,0.07418598234653473,0.05804820358753204,7.37999963760376,1.4229912757873535,0.1497863531112671,-0.004177797120064497,0.036523837596178055,0.05804820358753204,0.07418598234653473,-0.020035982131958008,-0.04093819484114647,0.740481972694397,0.11590062081813812,0.045117657631635666,0.07033444941043854,0.05-0.10,False,True,False,True,True,False,False,False,True,0.09569183737039566,-0.07127976417541504,0.39997556805610657,0.8536193370819092,0.8536193370819092,6.5,0.07418598234653473,-0.020210789516568184,0.020210789516568184,0.01525488868355751,0.005300658755004406,0.016150405630469322,0.04659191146492958,0.0023920803796499968,0.0017940601101145148,0.03874127194285393,0.043228551745414734,0.008536193519830704,0.055271971970796585,-0.0018476491095498204,0.055302608758211136,0.031549032777547836,0-2deg,0.04-0.08,0.0,0.0,0.0,0.0
81,19,True,True,0.11922167986631393,0.1167607232928276,0.11399171501398087,0.1973518580198288,9.460000038146973,1.8187922239303589,0.19055429100990295,-0.014644315466284752,-0.13517113029956818,0.1973518580198288,0.11399171501398087,-0.02000930905342102,0.12415411323308945,1.8596251010894775,0.5873726010322571,0.14379332959651947,0.13407279551029205,0.10-0.15,False,True,False,True,True,False,False,False,True,0.11699454486370087,-0.4440712630748749,0.4198727309703827,0.4953306019306183,0.4953306019306183,1.5399999618530273,0.11399171501398087,-0.02000930905342102,0.02000930905342102,-0.026601962745189667,0.01518281176686287,0.030628928914666176,0.0447692908346653,0.1432897448539734,0.0008457279182039201,-0.12923148274421692,0.1491542011499405,0.0049533057026565075,0.03358343243598938,-0.0232197605073452,0.040826182812452316,0.04014528915286064,0-2deg,0.04-0.08,0.0,0.0,0.0,0.0
82,27,True,True,0.07057984173297882,0.06470601260662079,0.06127447262406349,0.31450721621513367,0.9799999594688416,1.382403016090393,0.7123605608940125,-0.027400266379117966,-0.20896345376968384,0.31450721621513367,0.06127447262406349,-0.019855836406350136,0.18138602375984192,0.5097765326499939,0.2869246006011963,0.23505116999149323,0.2355305254459381,>=0.15,False,True,False,True,True,False,False,False,True,0.055484846234321594,-0.6833059787750244,0.4418421685695648,0.23777659237384796,0.9206870794296265,0.07999999821186066,0.06127447262406349,-0.020214932039380074,0.020214932039380074,-0.0027032913640141487,-0.04773999750614166,0.04781624302268028,0.019497100263834,0.12877073884010315,0.0028049631509929895,-0.21765051782131195,0.2270308881998062,0.009206870570778847,-0.0017711955588310957,-0.046992767602205276,0.047026604413986206,0.02032981812953949,2-4deg,0.00-0.04,0.0,0.0,0.0,0.0
83,38,True,True,0.05081230029463768,0.048117101192474365,0.03688540682196617,0.23827248811721802,5.039999961853027,1.175894021987915,0.19469526410102844,0.005996108986437321,0.03899054229259491,0.23827248811721802,0.03688540682196617,-0.020022405311465263,-0.0325825959444046,1.0035051107406616,0.47766050696372986,0.2350606769323349,0.21009908616542816,>=0.15,False,True,False,True,True,False,False,False,True,0.08238675445318222,-0.49277886748313904,0.7069553732872009,0.3154521882534027,0.384108304977417,1.3600000143051147,0.03688540682196617,-0.020097235217690468,0.020097235217690468,-0.009381500072777271,-0.020912911742925644,0.022921131923794746,0.012955608777701855,0.11289200931787491,0.0009134905994869769,0.04143635183572769,0.2346418797969818,0.0038410830311477184,-0.013627883978188038,-0.0030371437314897776,0.013961030170321465,0.015736140310764313,0-2deg,0.00-0.04,0.0,0.0,0.0,0.0
84,5,False,False,0.7306670546531677,0.6696251630783081,0.0,0.0,9.979999542236328,0.5664618611335754,0.03227662295103073,0.03567114844918251,0.15448889136314392,0.47366151213645935,0.24747785925865173,0.6332828998565674,-0.12563858926296234,1.2870293855667114,0.5502427220344543,0.4477593004703522,0.10256898403167725,0.10-0.15,False,False,True,False,False,False,False,False,False,0.0,0.0,0.0,0.0,0.0,0.0,0.24747785925865173,0.44877153635025024,0.0,0.0,0.0,0.0,0.0,0.0,0.08086613565683365,0.1381322294473648,0.45307251811027527,0.0,-0.04776432737708092,0.028053488582372665,0.05538773164153099,0.029583923518657684,0-2deg,0.00-0.04,0.0,0.0,0.0,0.0
85,8,True,False,0.2150525450706482,0.11102738976478577,0.0,0.0,9.979999542236328,1.3719518184661865,0.1419672966003418,-0.2771562337875366,-0.27020710706710815,0.6896175742149353,0.13895095884799957,0.11201822757720947,-0.01597861386835575,1.1954768896102905,0.6167245507240295,0.6344766020774841,0.16441676020622253,>=0.15,False,False,True,True,False,False,False,False,True,0.10844971984624863,-0.36782315373420715,0.5228865742683411,0.26746758818626404,0.26746758818626404,0.0,0.13895095884799957,-0.017786329612135887,0.017786329612135887,0.029305433854460716,0.06705930829048157,0.07317464053630829,0.03115871362388134,0.12245745211839676,0.09642498195171356,-0.27873802185058594,0.6307753920555115,0.002674675779417157,0.0008342883083969355,0.014518249779939651,0.01454238686710596,0.053211551159620285,4-6deg,0.00-0.04,0.0,0.0006905339541845024,0.0,0.0
86,12,False,False,0.8425843119621277,0.6383528113365173,0.0,0.0,9.979999542236328,0.3735904395580292,0.05975121632218361,-0.26089608669281006,-0.2429254651069641,0.8122831583023071,0.2502185106277466,0.7534729838371277,-0.021325115114450455,0.7770485877990723,0.4889395833015442,0.775107204914093,0.07373140007257462,0.05-0.10,False,False,True,False,False,False,False,False,False,0.0,0.0,0.0,0.0,0.0,0.0,0.2502185106277466,0.5454770922660828,0.0,0.0,0.0,0.0,0.0,0.0,0.29384055733680725,-0.27636992931365967,0.7638217210769653,0.0,0.07316651195287704,-0.02041315659880638,0.07595580071210861,0.023331087082624435,0-2deg,0.00-0.04,0.0,0.0,0.0,0.0
87,15,True,False,0.24479350447654724,0.10527107864618301,0.0,0.0,9.979999542236328,1.527169108390808,0.12369834631681442,0.15541976690292358,-0.03036026656627655,0.14895185828208923,0.24547651410102844,-0.011179068125784397,0.19095805287361145,1.0713251829147339,0.47395455837249756,0.14582493901252747,0.11385451257228851,0.10-0.15,False,False,True,True,False,False,False,False,True,0.10002835839986801,-0.4992107152938843,0.3570786714553833,0.1301892250776291,0.5544137358665466,0.0,0.24547651410102844,-0.020013077184557915,0.020013077184557915,-0.01037609577178955,-0.01810462959110737,0.0208683330565691,0.04507974535226822,0.10064559429883957,0.14892764389514923,-0.024426622316241264,0.1469353437423706,0.005544137209653854,-0.019318237900733948,-0.06298276782035828,0.06587470322847366,0.00778938876464963,0-2deg,0.04-0.08,0.0,0.0,0.0,0.0
88,31,True,False,0.7089965343475342,0.6072667837142944,0.0,0.0,9.979999542236328,0.7670776844024658,0.06706739217042923,0.17382973432540894,0.25424039363861084,0.36796024441719055,0.06709366291761398,0.6509683132171631,-0.07769770920276642,1.0534862279891968,0.5236865282058716,0.2660010755062103,0.1577574610710144,>=0.15,False,False,True,False,False,False,False,False,False,0.0,0.0,0.0,0.0,0.0,0.0,0.06709366291761398,0.47356855869293213,0.0,0.0,0.0,0.0,0.0,0.0,0.039409901946783066,0.24699437618255615,0.2727426290512085,0.0,0.027557753026485443,0.016335410997271538,0.03203500434756279,0.06485402584075928,0-2deg,0.00-0.04,0.0,0.0,0.0,0.0
89,35,False,False,0.7079237699508667,0.6135572791099548,0.0,0.0,9.979999542236328,0.29922932386398315,0.02969992347061634,0.08573169261217117,-0.0364285483956337,0.4631515145301819,0.16708897054195404,0.6341724395751953,0.12011907994747162,0.8289768695831299,0.526147186756134,0.4617166817188263,0.10632794350385666,0.10-0.15,False,False,True,False,False,False,False,False,False,0.0,0.0,0.0,0.0,0.0,0.0,0.16708897054195404,0.4695632755756378,0.0,0.0,0.0,0.0,0.0,0.0,0.12068314105272293,-0.06408677250146866,0.4586962163448334,0.0,0.054472435265779495,-0.02568933740258217,0.06022033840417862,0.012008790858089924,0-2deg,0.00-0.04,0.0,0.0,0.0,0.0
90,36,False,False,0.7054651379585266,0.6452310681343079,0.0,0.0,9.979999542236328,0.49973034858703613,0.044271718710660934,0.1830376386642456,0.2740589380264282,0.4045467674732208,0.11285359412431717,0.6412218809127808,-0.08634254336357117,0.9400165677070618,0.5189968943595886,0.29757314920425415,0.17132847011089325,>=0.15,False,False,True,False,False,False,False,False,False,0.0,0.0,0.0,0.0,0.0,0.0,0.11285359412431717,0.4885233938694,0.0,0.0,0.0,0.0,0.0,0.0,0.043378058820962906,0.28082275390625,0.2911986708641052,0.0,-0.02130988799035549,-0.033334746956825256,0.0395624041557312,0.052651628851890564,0-2deg,0.00-0.04,0.0,0.0,0.0,0.0
91,37,True,False,0.6346535086631775,0.6097412109375,0.0,0.0,9.979999542236328,0.8192887902259827,0.10327237099409103,-0.9451255202293396,-0.8075676560401917,0.8371954560279846,0.11281213164329529,0.5702365636825562,-0.13535176217556,1.1597474813461304,0.6555081009864807,0.22075039148330688,0.2311120182275772,>=0.15,False,False,True,False,False,False,False,False,False,0.0,0.0,0.0,0.0,0.0,0.0,0.11281213164329529,0.4437335431575775,0.0,0.0,0.0,0.0,0.0,0.0,0.09266384690999985,-0.8046947121620178,0.23100359737873077,0.0,-0.0003227833076380193,-0.012721095234155655,0.012723537161946297,0.041634153574705124,0-2deg,0.00-0.04,0.0,0.0,0.0,0.0
92,50,False,False,0.7214171886444092,0.6170817613601685,0.0,0.0,9.979999542236328,0.7529842853546143,0.07512917369604111,0.09858715534210205,0.009142294526100159,0.4623718857765198,0.16455966234207153,0.647845983505249,0.09231735020875931,1.0490065813064575,0.5452635288238525,0.4622815251350403,0.11809615045785904,0.10-0.15,False,False,True,False,False,False,False,False,False,0.0,0.0,0.0,0.0,0.0,0.0,0.16455966234207153,0.48177191615104675,0.0,0.0,0.0,0.0,0.0,0.0,0.05001770704984665,-0.007401693612337112,0.46231263875961304,0.0,0.04779669642448425,0.0012162851635366678,0.04781249910593033,0.05608155578374863,0-2deg,0.00-0.04,0.0,0.0,0.0,0.0
93,45,True,True,0.12251988798379898,0.11060219258069992,0.1175483986735344,0.13617102801799774,6.179999828338623,1.606031894683838,0.21161971986293793,-0.03582332283258438,0.021671205759048462,0.13617102801799774,0.1175483986735344,-0.019426172599196434,-0.06589958816766739,1.2045682668685913,0.5901818871498108,0.1344355195760727,0.13734382390975952,0.10-0.15,False,True,False,True,True,False,False,False,True,0.10539954900741577,-0.596688985824585,0.4212658107280731,0.04746688902378082,1.399385929107666,0.19999998807907104,0.1175483986735344,-0.02003476209938526,0.02003476209938526,-0.03134208917617798,0.034584201872348785,0.04666895419359207,0.06846712529659271,0.0552821159362793,0.009685992263257504,0.02375245839357376,0.13408346474170685,0.01399385929107666,-0.04312984272837639,0.03232895955443382,0.05389472469687462,0.06475117802619934,2-4deg,0.04-0.08,0.0,0.0006905339541845024,0.0,0.0
94,55,True,False,0.15955443680286407,0.15955443680286407,0.0,0.0,0.7400000095367432,1.5481233596801758,0.8117203712463379,-0.507163941860199,-0.7191492915153503,0.9291030764579773,0.15797771513462067,-0.010824468918144703,0.18461276590824127,0.4943549335002899,0.2990744113922119,0.5882659554481506,0.19466091692447662,>=0.15,True,True,False,True,False,False,False,True,True,0.15797771513462067,-0.7175331711769104,0.590236246585846,0.3403334319591522,0.3403334319591522,0.0,0.15797771513462067,-0.010824468918144703,0.010824468918144703,0.0009259498328901827,0.0032625559251755476,0.003382913302630186,0.03982357308268547,0.13901354372501373,0.13901354372501373,-0.7175331711769104,0.590236246585846,0.003403334179893136,0.0009259498328901827,0.0032625559251755476,0.003382913302630186,0.03982357308268547,0-2deg,0.00-0.04,0.0,0.0,0.0,0.0
95,30,True,True,0.11652979999780655,0.114090695977211,0.111271932721138,0.1645323932170868,4.819999694824219,1.4415260553359985,0.22857579588890076,-0.03329995647072792,0.017328128218650818,0.1645323932170868,0.111271932721138,-0.01851307600736618,-0.05014823377132416,1.0981762409210205,0.579980194568634,0.16361737251281738,0.16748321056365967,>=0.15,False,True,False,True,True,False,False,False,True,0.10949287563562393,-0.46490180492401123,0.4326881170272827,0.18437792360782623,1.0388835668563843,0.07999999821186066,0.111271932721138,-0.019992832094430923,0.019992832094430923,0.003814827650785446,-0.01153313834220171,0.01214837096631527,0.028040315955877304,0.05918239802122116,0.021504199132323265,0.017961720004677773,0.1635490357875824,0.010388835333287716,0.002266946714371443,-0.012187076732516289,0.012396077625453472,0.027966462075710297,0-2deg,0.00-0.04,0.0,0.0,0.0,0.0
96,19,True,True,0.03763723000884056,0.037171199917793274,0.013879592530429363,0.13473637402057648,1.0799999237060547,1.8039500713348389,0.9547681212425232,-0.0066373348236083984,-0.09732861071825027,0.13473637402057648,0.013879592530429363,-0.0200075414031744,0.0907278060913086,0.3843311071395874,0.22492319345474243,0.09317205846309662,0.0869642049074173,0.05-0.10,False,True,False,True,True,False,False,False,True,0.010352304205298424,-0.42763763666152954,0.30560198426246643,0.0668875202536583,0.15632784366607666,0.09999999403953552,0.013879592530429363,-0.020017724484205246,0.020017724484205246,0.07541750371456146,0.025783304125070572,0.07969551533460617,0.0162995383143425,0.04376395419239998,0.0008457279182039201,-0.10075343400239944,0.0894574448466301,0.0015632783761247993,0.07554984092712402,0.026992250233888626,0.08021864295005798,0.01435252744704485,4-6deg,0.00-0.04,0.0,0.0,0.0,0.0
97,37,True,False,0.17042483389377594,0.17042483389377594,0.0,0.0,0.7400000095367432,1.3189632892608643,0.6858695149421692,-0.4587671756744385,-0.669973611831665,0.7218133807182312,0.16688796877861023,-0.014436415396630764,0.19876030087471008,0.45145028829574585,0.2852421700954437,0.26860740780830383,0.18952615559101105,>=0.15,True,True,False,True,False,False,False,True,True,0.16688796877861023,-0.6531733274459839,0.30721208453178406,0.1777629554271698,0.1777629554271698,0.0,0.16688796877861023,-0.014436415396630764,0.014436415396630764,0.014369738288223743,-0.05984487757086754,0.06154380738735199,0.025083115324378014,0.08433378487825394,0.08433378487825394,-0.6531733274459839,0.30721208453178406,0.001777629484422505,0.014369738288223743,-0.05984487757086754,0.06154380738735199,0.025083115324378014,2-4deg,0.00-0.04,0.0,0.0,0.0,0.0
98,31,True,False,0.20422421395778656,0.20422421395778656,0.0,0.0,0.7599999904632568,1.4439786672592163,0.7548546195030212,-0.6296738386154175,-0.6900584697723389,1.2029063701629639,0.205730602145195,-0.008522060699760914,0.03311687335371971,0.8730606436729431,0.3679679036140442,0.9852933883666992,0.22379033267498016,>=0.15,True,True,False,True,False,False,False,True,True,0.205730602145195,-0.7295826077461243,0.9563957452774048,0.2872368097305298,0.2872368097305298,0.0,0.205730602145195,-0.008522060699760914,0.008522060699760914,-0.010846690274775028,-0.058318715542554855,0.05931728333234787,0.053621191531419754,0.19322842359542847,0.19322842359542847,-0.7295826077461243,0.9563957452774048,0.002872368087992072,-0.010846690274775028,-0.058318715542554855,0.05931728333234787,0.053621191531419754,2-4deg,0.04-0.08,0.0,0.0,0.0,0.0
99,22,False,False,0.7638012170791626,0.5975293517112732,0.0,0.0,9.979999542236328,0.18124622106552124,0.03142527863383293,0.0024803781416267157,0.15093979239463806,0.42705175280570984,0.19158677756786346,0.685356080532074,-0.15197406709194183,0.6797388792037964,0.4505145847797394,0.39948761463165283,0.04123411327600479,0.00-0.05,False,False,True,False,False,False,False,False,False,0.0,0.0,0.0,0.0,0.0,0.0,0.19158677756786346,0.5077446103096008,0.0,0.0,0.0,0.0,0.0,0.0,0.10900963097810745,0.17993175983428955,0.3872954249382019,0.0,0.03922322019934654,-0.06307370215654373,0.07426150888204575,0.030505608767271042,0-2deg,0.00-0.04,0.0,0.0006905339541845024,0.0,0.0
100,43,True,False,0.18209362030029297,0.18144921958446503,0.0,0.0,2.119999885559082,1.4094936847686768,0.4503714144229889,-0.4797077775001526,-0.5740900039672852,0.7135055065155029,0.1799202263355255,-0.009852396324276924,0.046829015016555786,0.7614395618438721,0.437999427318573,0.4236871898174286,0.23793835937976837,>=0.15,True,True,False,True,False,False,False,True,True,0.1799202263355255,-0.5912013053894043,0.39946356415748596,0.44376251101493835,0.44376251101493835,0.0,0.1799202263355255,-0.009852396324276924,0.009852396324276924,-0.05357499048113823,-0.038592152297496796,0.06601670384407043,0.0023716173600405455,0.14002889394760132,0.14002889394760132,-0.5912013053894043,0.39946356415748596,0.00443762494251132,-0.05357499048113823,-0.038592152297496796,0.06601670384407043,0.0023716173600405455,2-4deg,0.00-0.04,0.0,0.0,0.0,0.0
101,53,False,False,0.6446937322616577,0.6099812388420105,0.0,0.0,9.979999542236328,0.6118026971817017,0.0582469142973423,0.1375725418329239,-0.06522960960865021,0.5487406849861145,0.2639021575450897,0.5347533822059631,0.19580096006393433,1.1416404247283936,0.5813487768173218,0.5448498725891113,0.06239253655076027,0.05-0.10,False,False,True,False,False,False,False,False,False,0.0,0.0,0.0,0.0,0.0,0.0,0.2639021575450897,0.4656478464603424,0.0,0.0,0.0,0.0,0.0,0.0,0.10171838104724884,-0.09361383318901062,0.5406965017318726,0.0,0.06608032435178757,-0.009716923348605633,0.06679011881351471,0.02152811549603939,0-2deg,0.00-0.04,0.0,0.0,0.0,0.0
102,32,False,False,0.7694311141967773,0.611126184463501,0.0,0.0,9.979999542236328,0.4400201737880707,0.045365314930677414,-0.03518981486558914,0.14089694619178772,0.6131160855293274,0.22640405595302582,0.682352602481842,-0.17994585633277893,1.1863044500350952,0.5761619210243225,0.5967071056365967,0.13906504213809967,0.10-0.15,False,False,True,False,False,False,False,False,False,0.0,0.0,0.0,0.0,0.0,0.0,0.22640405595302582,0.4109872877597809,0.0,0.0,0.0,0.0,0.0,0.0,0.15225465595722198,0.14135122299194336,0.5965996980667114,0.0,-0.00693549495190382,0.0014287313679233193,0.007084301207214594,0.020910771563649178,0-2deg,0.00-0.04,0.0,0.0,0.0,0.0
103,38,True,True,0.06659939885139465,0.061133820563554764,0.05666439235210419,0.12275272607803345,1.2400000095367432,1.5329744815826416,0.5806768536567688,0.0063887303695082664,0.09072563797235489,0.12275272607803345,0.05666439235210419,-0.02005622535943985,-0.08554577082395554,0.6414339542388916,0.20521897077560425,0.08268669247627258,0.08901175111532211,0.05-0.10,False,True,False,True,True,False,False,False,True,0.079485684633255,-0.3559049665927887,0.4617668092250824,0.1733343005180359,0.7312523722648621,0.4599999785423279,0.05666439235210419,-0.020118670538067818,0.020118670538067818,-0.004923040978610516,-0.03044370748102665,0.030838415026664734,0.04636455699801445,0.03453359380364418,0.0009765625,0.09222797304391861,0.08100759983062744,0.007312523666769266,-0.01806805096566677,-0.014031427912414074,0.022876879200339317,0.04861554503440857,0-2deg,0.04-0.08,0.0,0.0,0.0,0.0
104,55,True,False,0.17349132895469666,0.16839520633220673,0.0,0.0,0.8199999928474426,1.5720220804214478,0.8405401706695557,0.17029480636119843,0.11448022723197937,0.4857916533946991,0.17040401697158813,-0.0183420293033123,0.04838193580508232,0.5734617710113525,0.4032520055770874,0.47210997343063354,0.2222026288509369,>=0.15,True,True,False,True,False,False,False,True,True,0.17040401697158813,0.1267707347869873,0.46895918250083923,0.02866266667842865,0.02866266667842865,0.0,0.17040401697158813,-0.0183420293033123,0.0183420293033123,-0.026275992393493652,0.007107297889888287,0.02722005546092987,0.04751906543970108,0.03155123069882393,0.03155123069882393,0.1267707347869873,0.46895918250083923,0.00028662665863521397,-0.026275992393493652,0.007107297889888287,0.02722005546092987,0.04751906543970108,0-2deg,0.04-0.08,0.0,0.0,0.0,0.0
105,58,True,False,0.14623768627643585,0.14353246986865997,0.0,0.0,3.43999981880188,1.5199297666549683,0.31723424792289734,-0.27960845828056335,-0.10180264711380005,0.4635537266731262,0.1412414312362671,-0.018692616373300552,-0.18367119133472443,1.2045619487762451,0.5907700061798096,0.45223695039749146,0.1814737319946289,>=0.15,True,True,False,True,False,False,False,True,True,0.1412414312362671,-0.07970960438251495,0.45664912462234497,0.5077680945396423,0.5077680945396423,0.0,0.1412414312362671,-0.018692616373300552,0.018692616373300552,0.010843826457858086,-0.05554791912436485,0.05659553408622742,0.044624894857406616,0.027699818834662437,0.027699818834662437,-0.07970960438251495,0.45664912462234497,0.005077681038528681,0.010843826457858086,-0.05554791912436485,0.05659553408622742,0.044624894857406616,2-4deg,0.04-0.08,0.0,0.0,0.0,0.0
106,10,True,True,0.0741991251707077,0.0741991251707077,0.06542717665433884,0.22763845324516296,4.039999961853027,1.2722212076187134,0.20967040956020355,-0.0038859990891069174,-0.1103842705488205,0.22763845324516296,0.06542717665433884,-0.020017672330141068,0.10476481169462204,0.7523267865180969,0.5201776623725891,0.1990843415260315,0.19910700619220734,>=0.15,False,True,False,True,True,False,False,False,True,0.08040431141853333,-0.7041342258453369,0.7018775939941406,0.31209734082221985,1.1611239910125732,0.07999999821186066,0.06542717665433884,-0.02007587067782879,0.02007587067782879,-0.03248440474271774,-0.05837654694914818,0.06679726392030716,0.037651415914297104,0.11128216236829758,0.0006905339541845024,-0.10986966639757156,0.19936880469322205,0.011611239984631538,-0.034154560416936874,-0.056839484721422195,0.06630250811576843,0.038012318313121796,2-4deg,0.00-0.04,0.0,0.0,0.0,0.0
107,47,True,False,0.13700148463249207,0.13700148463249207,0.0,0.0,3.240000009536743,1.393153429031372,0.24394160509109497,-0.5985596776008606,-0.5761369466781616,0.7659558653831482,0.13459402322769165,-0.008338776417076588,-0.06964728981256485,0.9075962901115417,0.5164117813110352,0.5047321915626526,0.09489978104829788,0.05-0.10,True,True,False,True,False,False,False,True,True,0.13459402322769165,-0.5938892364501953,0.4837189018726349,0.6328432559967041,0.6328432559967041,0.0,0.13459402322769165,-0.008338776417076588,0.008338776417076588,-0.0163577813655138,-0.04156506434082985,0.0446661040186882,0.005181468557566404,0.1621674746274948,0.1621674746274948,-0.5938892364501953,0.4837189018726349,0.006328432355076075,-0.0163577813655138,-0.04156506434082985,0.0446661040186882,0.005181468557566404,2-4deg,0.00-0.04,0.0,0.0,0.0,0.0
108,57,True,False,0.13146162033081055,0.13146162033081055,0.0,0.0,4.480000019073486,1.4961024522781372,0.24405579268932343,-0.5000373721122742,-0.6286271810531616,0.7586252689361572,0.1290537565946579,-0.009979861788451672,0.09776028245687485,1.355698823928833,0.6820465326309204,0.42466476559638977,0.17765860259532928,>=0.15,True,True,False,True,False,False,False,True,True,0.1290537565946579,-0.6284456253051758,0.42493346333503723,0.2373458445072174,0.2373458445072174,0.0,0.1290537565946579,-0.009979861788451672,0.009979861788451672,-4.092739618499763e-05,-0.0011304535437375307,0.0011451211757957935,0.0006786174490116537,0.15475110709667206,0.15475110709667206,-0.6284456253051758,0.42493346333503723,0.0023734583519399166,-4.092739618499763e-05,-0.0011304535437375307,0.0011451211757957935,0.0006786174490116537,0-2deg,0.00-0.04,0.0,0.0,0.0,0.0
109,41,True,False,0.16175788640975952,0.15944214165210724,0.0,0.0,4.539999961853027,1.5186456441879272,0.2456664741039276,0.030737584456801414,-0.13087451457977295,0.28940823674201965,0.15794014930725098,-0.020038671791553497,0.1624400019645691,0.7884849309921265,0.5410324931144714,0.2581259310245514,0.24041874706745148,>=0.15,True,True,False,True,False,False,False,True,True,0.15794014930725098,-0.11827470362186432,0.26413676142692566,0.704113245010376,0.704113245010376,0.0,0.15794014930725098,-0.020038671791553497,0.020038671791553497,-0.025388309732079506,0.04160419851541519,0.04873519390821457,0.015965407714247704,0.002100177574902773,0.002100177574902773,-0.11827470362186432,0.26413676142692566,0.00704113207757473,-0.025388309732079506,0.04160419851541519,0.04873519390821457,0.015965407714247704,2-4deg,0.00-0.04,0.0,0.0,0.0,0.0
110,4,True,True,0.11697719991207123,0.11697719991207123,0.11188541352748871,0.05776171758770943,1.9199999570846558,1.3980965614318848,0.33448705077171326,-0.03771179914474487,-0.04475922882556915,0.05776171758770943,0.11188541352748871,-0.018938101828098297,0.007095423061400652,0.5260932445526123,0.324360191822052,0.0365106500685215,0.03994120657444,0.00-0.05,False,True,False,True,True,False,False,False,True,0.11235897243022919,-0.5378124713897705,0.44016408920288086,0.1279916614294052,0.1279916614294052,0.09999999403953552,0.11188541352748871,-0.019173135980963707,0.019173135980963707,0.05207526683807373,0.0038790907710790634,0.052218932658433914,0.021811988204717636,0.03786059468984604,0.021087132394313812,-0.043349489569664,0.03817378729581833,0.0012799166142940521,0.0502370186150074,0.003839291865006089,0.0503835529088974,0.024141257628798485,2-4deg,0.00-0.04,0.0,0.0,0.0,0.0
111,61,True,True,0.08713321387767792,0.08713321387767792,0.07996577769517899,0.18686819076538086,9.9399995803833,1.353124737739563,0.15334640443325043,-0.06869914382696152,0.016577422618865967,0.18686819076538086,0.07996577769517899,-0.018316930159926414,-0.08525203168392181,0.8817732334136963,0.5091456174850464,0.18613143265247345,0.12287329882383347,0.10-0.15,False,True,False,True,True,False,False,False,True,0.08433600515127182,-0.5441972017288208,0.5420547723770142,0.07332098484039307,0.18174532055854797,0.09999999403953552,0.07996577769517899,-0.019754698500037193,0.019754698500037193,-0.008148660883307457,0.030870724469423294,0.03192688524723053,0.02417534962296486,0.13816788792610168,0.02646498568356037,0.021415404975414276,0.18563702702522278,0.0018174531869590282,-0.0071898410096764565,0.029118487611413002,0.029993679374456406,0.0257472712546587,0-2deg,0.00-0.04,0.0,0.0,0.0,0.0
112,59,True,False,0.15430016815662384,0.15430016815662384,0.0,0.0,3.5799999237060547,1.3631433248519897,0.2037164270877838,-0.44521164894104004,-0.4671144485473633,0.6393086910247803,0.15188941359519958,-0.007277578115463257,-0.012884310446679592,1.1337932348251343,0.5982020497322083,0.4364855885505676,0.18038150668144226,>=0.15,True,True,False,True,False,False,False,True,True,0.15188941359519958,-0.48267823457717896,0.419210284948349,0.4094659686088562,0.4094659686088562,0.0,0.15188941359519958,-0.007277578115463257,0.007277578115463257,-0.05032473802566528,-0.013071555644273758,0.0519934818148613,0.01691851206123829,0.18231090903282166,0.18231090903282166,-0.48267823457717896,0.419210284948349,0.0040946598164737225,-0.05032473802566528,-0.013071555644273758,0.0519934818148613,0.01691851206123829,2-4deg,0.00-0.04,0.0,0.0,0.0,0.0
113,20,True,False,0.13742710649967194,0.1364843249320984,0.0,0.0,4.420000076293945,1.4597108364105225,0.19371865689754486,0.043719954788684845,-0.07178357243537903,0.1337757408618927,0.1328972578048706,-0.01952655427157879,0.11407071352005005,0.848974347114563,0.5187702178955078,0.11288519948720932,0.11194447427988052,0.10-0.15,True,True,False,True,False,False,False,True,True,0.1328972578048706,-0.0714142844080925,0.11311918497085571,0.0770016759634018,0.0770016759634018,0.0,0.1328972578048706,-0.01952655427157879,0.01952655427157879,-0.006323792040348053,-0.011050385423004627,0.012732903473079205,0.0396464467048645,0.009449255652725697,0.009449255652725697,-0.0714142844080925,0.11311918497085571,0.0007700167479924858,-0.006323792040348053,-0.011050385423004627,0.012732903473079205,0.0396464467048645,0-2deg,0.00-0.04,0.0,0.0006905339541845024,0.0,0.0
114,51,True,False,0.1275203675031662,0.1275203675031662,0.0,0.0,7.899999618530273,1.4329478740692139,0.1247105598449707,-0.532490074634552,-0.4541810154914856,0.6202465295791626,0.1228361502289772,-0.01412256620824337,-0.10326115787029266,0.8076375126838684,0.4812082052230835,0.4224041998386383,0.16654130816459656,>=0.15,True,True,False,True,False,False,False,True,True,0.1228361502289772,-0.47887399792671204,0.3941895663738251,0.28359025716781616,0.28359025716781616,0.0,0.1228361502289772,-0.01412256620824337,0.01412256620824337,0.01892254687845707,0.06876548379659653,0.07131755352020264,0.039805032312870026,0.09503752738237381,0.09503752738237381,-0.47887399792671204,0.3941895663738251,0.0028359026182442904,0.01892254687845707,0.06876548379659653,0.07131755352020264,0.039805032312870026,4-6deg,0.00-0.04,0.0,0.0,0.0,0.0
115,9,True,False,0.1442704200744629,0.14227287471294403,0.0,0.0,5.799999713897705,1.393235683441162,0.20529627799987793,0.056550562381744385,-0.0506942979991436,0.16723662614822388,0.14001502096652985,-0.01999557763338089,0.10391676425933838,0.9435393810272217,0.5584278106689453,0.15936805307865143,0.12879982590675354,0.10-0.15,True,True,False,True,False,False,False,True,True,0.14001502096652985,-0.04909343272447586,0.15986846387386322,1.054334044456482,1.054334044456482,0.0,0.14001502096652985,-0.01999557763338089,0.01999557763338089,-0.03112473152577877,-0.06260757148265839,0.06990841776132584,0.02006566897034645,0.002156191971153021,0.002156191971153021,-0.04909343272447586,0.15986846387386322,0.010543339885771275,-0.03112473152577877,-0.06260757148265839,0.06990841776132584,0.02006566897034645,4-6deg,0.00-0.04,0.0,0.0,0.0,0.0
116,19,False,False,0.3195953965187073,0.3195953965187073,0.0,0.0,1.2799999713897705,2.36484432220459,0.6510060429573059,-0.4135791063308716,-0.2928459346294403,1.0304168462753296,0.33005857467651367,-0.002947615459561348,-0.13491660356521606,1.92835533618927,0.9726242423057556,0.9879271388053894,0.20948967337608337,>=0.15,True,True,False,False,False,False,False,True,False,0.0,0.0,0.0,0.0,0.0,0.0,0.33005857467651367,-0.002947615459561348,0.002947615459561348,0.0,0.0,0.0,0.0,0.0,0.4237808287143707,-0.28652849793434143,0.9897778034210205,0.0,0.006267560180276632,0.004717557691037655,0.007842978462576866,0.02079392597079277,0-2deg,0.00-0.04,0.0,0.0,0.0,0.0
117,56,True,False,0.1637633591890335,0.1637633591890335,0.0,0.0,3.6399998664855957,1.5800118446350098,0.32459044456481934,-0.7419650554656982,-0.7162366509437561,0.8255354762077332,0.16310614347457886,-0.008382406085729599,-0.11392423510551453,1.0002168416976929,0.5981602668762207,0.41050437092781067,0.2152620553970337,>=0.15,True,True,False,True,False,False,False,True,True,0.16310614347457886,-0.7087777256965637,0.42325279116630554,0.7066362500190735,0.7066362500190735,0.0,0.16310614347457886,-0.008382406085729599,0.008382406085729599,-0.0011941315606236458,0.019303662702441216,0.019341416656970978,0.07342099398374557,0.17225635051727295,0.17225635051727295,-0.7087777256965637,0.42325279116630554,0.007066362537443638,-0.0011941315606236458,0.019303662702441216,0.019341416656970978,0.07342099398374557,0-2deg,0.04-0.08,0.0,0.0,0.0,0.0
118,52,True,False,0.1495978981256485,0.14862462878227234,0.0,0.0,4.5,1.3762098550796509,0.2301420271396637,-0.4320754110813141,-0.5313621759414673,0.6858145594596863,0.14935961365699768,-0.008960520848631859,0.06450390815734863,1.1136707067489624,0.6638970971107483,0.43358486890792847,0.16901949048042297,>=0.15,True,True,False,True,False,False,False,True,True,0.14935961365699768,-0.5041677355766296,0.4649263322353363,0.2414253205060959,0.2414253205060959,0.0,0.14935961365699768,-0.008960520848631859,0.008960520848631859,0.0621415339410305,0.03814331814646721,0.07290101051330566,0.02554042637348175,0.1986081302165985,0.1986081302165985,-0.5041677355766296,0.4649263322353363,0.0024142530746757984,0.0621415339410305,0.03814331814646721,0.07290101051330566,0.02554042637348175,4-6deg,0.00-0.04,0.0,0.0,0.0,0.0
119,21,True,False,0.16932658851146698,0.16932658851146698,0.0,0.0,6.319999694824219,1.4791820049285889,0.1651519387960434,-0.10378044098615646,0.034984052181243896,0.43739432096481323,0.1660473495721817,-0.020208101719617844,-0.12829314172267914,0.9349085688591003,0.50777268409729,0.4359929859638214,0.213106170296669,>=0.15,True,True,False,True,False,False,False,True,True,0.1660473495721817,-0.0026816297322511673,0.43738609552383423,1.261896014213562,1.261896014213562,0.0,0.1660473495721817,-0.020208101719617844,0.020208101719617844,0.07322108000516891,0.04847583919763565,0.0877898633480072,0.026449723169207573,0.011283477768301964,0.011283477768301964,-0.0026816297322511673,0.43738609552383423,0.0126189598813653,0.07322108000516891,0.04847583919763565,0.0877898633480072,0.026449723169207573,4-6deg,0.00-0.04,0.0,0.0,0.0,0.0
120,6,True,True,0.10271569341421127,0.10271569341421127,0.09654837101697922,0.097008116543293,4.579999923706055,1.3589560985565186,0.231227308511734,0.005244223866611719,0.0650888979434967,0.097008116543293,0.09654837101697922,-0.02003313973546028,-0.06324795633554459,0.9480866193771362,0.5367974638938904,0.07193059474229813,0.09440935403108597,0.05-0.10,False,True,False,True,True,False,False,False,True,0.10138154774904251,0.028044279664754868,0.18763954937458038,0.6193172335624695,0.6193172335624695,0.07999999821186066,0.09654837101697922,-0.02003313973546028,0.02003313973546028,0.0448446087539196,-0.03216101974248886,0.055178459733724594,0.05932600423693657,0.002583742141723633,0.0016558425268158317,0.061546437442302704,0.07498408108949661,0.006193172186613083,0.046560827642679214,-0.02902759611606598,0.054863058030605316,0.059752531349658966,2-4deg,0.04-0.08,0.0,0.0,0.0,0.0
121,16,True,True,0.035466305911540985,0.035466305911540985,0.005790064577013254,0.11845032870769501,3.6999998092651367,1.3617929220199585,0.3149881064891815,0.012512629851698875,0.04747091978788376,0.11845032870769501,0.005790064577013254,-0.02000834047794342,-0.03527182340621948,0.9159523844718933,0.4183340072631836,0.10852184891700745,0.2010706216096878,>=0.15,False,True,False,True,True,False,False,False,True,0.054273102432489395,-0.4681237041950226,0.5797430872917175,0.2514653205871582,0.2853436768054962,1.5,0.005790064577013254,-0.020078927278518677,0.020078927278518677,0.022253405302762985,-0.0013108854182064533,0.022290915250778198,0.0386861190199852,0.15696552395820618,0.0003452669770922512,0.0503598228096962,0.10721179097890854,0.002853436628356576,-0.03572114557027817,-0.010045836679637432,0.03710668534040451,0.030383452773094177,0-2deg,0.00-0.04,0.0,0.0,0.0,0.0
122,11,True,True,0.09450375288724899,0.09450375288724899,0.08777938038110733,0.12484071403741837,4.460000038146973,1.3448219299316406,0.2155381590127945,0.0036215425934642553,-0.009243486449122429,0.12484071403741837,0.08777938038110733,-0.019990630447864532,0.014245967380702496,1.0347191095352173,0.5671260356903076,0.12449803948402405,0.12441101670265198,0.10-0.15,False,True,False,True,True,False,False,False,True,0.11624029278755188,-0.7546041011810303,0.6948326230049133,0.3195796310901642,0.3195796310901642,0.19999998807907104,0.08777938038110733,-0.019990630447864532,0.019990630447864532,0.00865521002560854,-0.013327881693840027,0.015889953821897507,0.03283451125025749,0.19231559336185455,0.0,-0.011282064951956272,0.12432987987995148,0.00319579616189003,0.013754444196820259,-0.0104300482198596,0.01726011000573635,0.032239969819784164,0-2deg,0.00-0.04,0.0,0.0,0.0,0.0
123,2,True,False,0.14135752618312836,0.14135752618312836,0.0,0.0,4.480000019073486,1.4230879545211792,0.2431388646364212,-0.6182942390441895,-0.5483592748641968,0.7066101431846619,0.1386137306690216,-0.005472274497151375,-0.12085997313261032,0.7317800521850586,0.4764016568660736,0.44564563035964966,0.1724015325307846,>=0.15,True,True,False,True,False,False,False,True,True,0.1386137306690216,-0.5478902459144592,0.4462222158908844,0.4267483055591583,0.4267483055591583,0.0,0.1386137306690216,-0.005472274497151375,0.005472274497151375,0.006391721777617931,-0.008560956455767155,0.01068102940917015,0.017633406445384026,0.21045412123203278,0.21045412123203278,-0.5478902459144592,0.4462222158908844,0.00426748301833868,0.006391721777617931,-0.008560956455767155,0.01068102940917015,0.017633406445384026,0-2deg,0.00-0.04,0.0,0.0,0.0,0.0
124,40,True,False,0.16418015956878662,0.15778125822544098,0.0,0.0,3.5199999809265137,1.3611325025558472,0.2963087558746338,-0.30750206112861633,-0.17133793234825134,0.2568477690219879,0.15973085165023804,-0.017212998121976852,-0.13080953061580658,0.9557281732559204,0.6134518980979919,0.1913480907678604,0.18011924624443054,>=0.15,True,True,False,True,False,False,False,True,True,0.15973085165023804,-0.1716751903295517,0.19104555249214172,0.15376120805740356,0.15376120805740356,0.0,0.15973085165023804,-0.017212998121976852,0.017212998121976852,0.006638348568230867,-0.045934710651636124,0.04641143977642059,0.0417717844247818,0.04978109896183014,0.04978109896183014,-0.1716751903295517,0.19104555249214172,0.0015376120572909713,0.006638348568230867,-0.045934710651636124,0.04641143977642059,0.0417717844247818,2-4deg,0.04-0.08,0.0,0.0,0.0,0.0
125,51,True,True,0.07937157154083252,0.07937157154083252,0.07124583423137665,0.2696284055709839,1.399999976158142,1.5295982360839844,0.578125536441803,-0.020628659054636955,-0.17065805196762085,0.2696284055709839,0.07124583423137665,-0.0200145673006773,0.15140880644321442,0.719565212726593,0.38531559705734253,0.2087469846010208,0.20338174700737,>=0.15,False,True,False,True,True,False,False,False,True,0.07803147286176682,-0.7608921527862549,0.4182738661766052,0.5297095775604248,0.5297095775604248,0.11999999731779099,0.07124583423137665,-0.0200145673006773,0.0200145673006773,-0.022776344791054726,0.014859916642308235,0.027193764224648476,0.03122127428650856,0.07267972826957703,0.0005980199784971774,-0.1659848839044571,0.21248173713684082,0.005297095514833927,-0.019736934453248978,0.013895074836909771,0.024137193337082863,0.03252888098359108,0-2deg,0.00-0.04,0.0,0.0,0.0,0.0
126,54,True,False,0.13597266376018524,0.13597266376018524,0.0,0.0,5.279999732971191,1.5930672883987427,0.20994403958320618,-0.6263933181762695,-0.5168286561965942,0.6321797370910645,0.13246698677539825,-0.014011024497449398,-0.14057129621505737,1.0452392101287842,0.5499841570854187,0.36405956745147705,0.20769469439983368,>=0.15,True,True,False,True,False,False,False,True,True,0.13246698677539825,-0.5046592354774475,0.3807497024536133,0.47991979122161865,0.47991979122161865,0.0,0.13246698677539825,-0.014011024497449398,0.014011024497449398,0.01579304412007332,-0.031038697808980942,0.03482411801815033,0.04425989091396332,0.08312360942363739,0.08312360942363739,-0.5046592354774475,0.3807497024536133,0.004799197893589735,0.01579304412007332,-0.031038697808980942,0.03482411801815033,0.04425989091396332,0-2deg,0.04-0.08,0.0,0.0,0.0,0.0
127,24,True,True,0.06882192939519882,0.06665536016225815,0.058713097125291824,0.2601296901702881,7.859999656677246,1.3530702590942383,0.15076276659965515,-0.01000429317355156,-0.17689606547355652,0.2601296901702881,0.058713097125291824,-0.01956569403409958,0.16574205458164215,0.9681318402290344,0.5482514500617981,0.19072291254997253,0.2044348269701004,>=0.15,False,True,False,True,True,False,False,False,True,0.1000785231590271,-0.2988101840019226,0.49682241678237915,0.2397221028804779,0.2397221028804779,1.8199999332427979,0.058713097125291824,-0.020006589591503143,0.020006589591503143,0.004027575720101595,0.004314876161515713,0.0058999331668019295,0.039593812078237534,0.11722000688314438,0.009147977456450462,-0.16763459146022797,0.19891226291656494,0.0023972210474312305,0.04196663573384285,-0.022601261734962463,0.04766261205077171,0.01197164598852396,0-2deg,0.00-0.04,0.0,0.0,0.0,0.0
128,44,True,False,0.13080298900604248,0.13080298900604248,0.0,0.0,4.159999847412109,1.4763954877853394,0.23261785507202148,-0.3995198905467987,-0.5815621614456177,0.6733715534210205,0.12678149342536926,-0.017555903643369675,0.17241477966308594,0.7655315399169922,0.5271661877632141,0.339432954788208,0.18881766498088837,>=0.15,True,True,False,True,False,False,False,True,True,0.12678149342536926,-0.5821620225906372,0.3384030759334564,0.08654306828975677,0.08654306828975677,0.0,0.12678149342536926,-0.017555903643369675,0.017555903643369675,0.002924277912825346,0.013409443199634552,0.013724199496209621,0.012020424008369446,0.042987313121557236,0.042987313121557236,-0.5821620225906372,0.3384030759334564,0.0008654306875541806,0.002924277912825346,0.013409443199634552,0.013724199496209621,0.012020424008369446,0-2deg,0.00-0.04,0.0,0.0,0.0,0.0
129,7,False,False,0.6733748316764832,0.66895592212677,0.0,0.0,9.979999542236328,0.4117668569087982,0.05374814197421074,0.0713493600487709,0.02090909332036972,0.45792463421821594,0.31951096653938293,0.53862065076828,0.04567108303308487,0.8327955007553101,0.5148019194602966,0.45744702219963074,0.18458111584186554,>=0.15,False,False,True,False,False,False,False,False,False,0.0,0.0,0.0,0.0,0.0,0.0,0.31951096653938293,0.5356276035308838,0.0,0.0,0.0,0.0,0.0,0.0,0.0789213553071022,0.04304523766040802,0.4558970034122467,0.0,0.018343916162848473,0.0607256218791008,0.0634327083826065,0.016182079911231995,0-2deg,0.00-0.04,0.0,0.0,0.0,0.0
130,52,True,True,0.06596986204385757,0.0447869673371315,0.0559212826192379,0.2388327270746231,1.059999942779541,1.7897076606750488,0.7601925134658813,0.004854436032474041,0.011366564780473709,0.2388327270746231,0.0559212826192379,-0.02000005915760994,-0.005225496832281351,0.7342889904975891,0.3690875172615051,0.23856209218502045,0.21064651012420654,>=0.15,False,True,False,True,True,False,False,False,True,0.04522224888205528,-0.2571149170398712,0.47171035408973694,0.03447242081165314,0.23075096309185028,0.23999999463558197,0.0559212826192379,-0.020029524341225624,0.020029524341225624,-0.008793270215392113,0.008982147090137005,0.012567991390824318,0.024384962394833565,0.0239188764244318,0.0003452669770922512,0.014855016022920609,0.23837029933929443,0.0023075095377862453,-0.009071080945432186,0.014129671268165112,0.0167909674346447,0.02233799546957016,0-2deg,0.00-0.04,0.0,0.0,0.0,0.0
131,27,True,False,0.13993434607982635,0.13864940404891968,0.0,0.0,3.5399999618530273,1.341106653213501,0.25761473178863525,-0.18203310668468475,-0.11801460385322571,0.20100390911102295,0.13543878495693207,-0.02013060823082924,-0.06338746845722198,1.0244497060775757,0.6498711109161377,0.16271176934242249,0.0841098204255104,0.05-0.10,True,True,False,True,False,False,False,True,True,0.13543878495693207,-0.11576060950756073,0.16432301700115204,0.4519399106502533,0.4519399106502533,0.0,0.13543878495693207,-0.02013060823082924,0.02013060823082924,-0.017851244658231735,-0.03328131139278412,0.03776441514492035,0.029514478519558907,0.002316121943295002,0.002316121943295002,-0.11576060950756073,0.16432301700115204,0.004519398789852858,-0.017851244658231735,-0.03328131139278412,0.03776441514492035,0.029514478519558907,2-4deg,0.00-0.04,0.0,0.0,0.0,0.0
132,39,True,False,0.1421358734369278,0.14085987210273743,0.0,0.0,4.519999980926514,1.4351035356521606,0.2323721945285797,0.16963478922843933,0.049385130405426025,0.19883882999420166,0.13831853866577148,-0.01824706792831421,0.12111757695674896,0.9183597564697266,0.585708498954773,0.19260838627815247,0.09564556181430817,0.05-0.10,True,True,False,True,False,False,False,True,True,0.13831853866577148,0.04855288192629814,0.19281986355781555,0.03423573076725006,0.03423573076725006,0.0,0.13831853866577148,-0.01824706792831421,0.01824706792831421,-0.0392904095351696,-0.023413589224219322,0.04573459550738335,0.042071081697940826,0.03257935121655464,0.03257935121655464,0.04855288192629814,0.19281986355781555,0.00034235729253850877,-0.0392904095351696,-0.023413589224219322,0.04573459550738335,0.042071081697940826,2-4deg,0.04-0.08,0.0,0.0,0.0,0.0
133,15,True,False,0.15846054255962372,0.1511063277721405,0.0,0.0,3.319999933242798,1.3666795492172241,0.2884877324104309,-0.3502613604068756,-0.20544444024562836,0.46436619758605957,0.15682847797870636,-0.012249071151018143,-0.15680478513240814,0.692622721195221,0.45350128412246704,0.41644755005836487,0.2324749380350113,>=0.15,True,True,False,True,False,False,False,True,True,0.15682847797870636,-0.20337890088558197,0.417460173368454,0.09862331300973892,0.09862331300973892,0.0,0.15682847797870636,-0.012249071151018143,0.012249071151018143,-0.02551942877471447,-0.0044522411189973354,0.025904953479766846,0.017324818298220634,0.13315744698047638,0.13315744698047638,-0.20337890088558197,0.417460173368454,0.0009862331207841635,-0.02551942877471447,-0.0044522411189973354,0.025904953479766846,0.017324818298220634,0-2deg,0.00-0.04,0.0,0.0,0.0,0.0
134,48,False,False,0.6931788325309753,0.5937607884407043,0.0,0.0,9.979999542236328,0.5302560329437256,0.06372250616550446,0.14635136723518372,0.2883260250091553,0.45087796449661255,0.12884421646595,0.626274824142456,-0.14976900815963745,1.024115800857544,0.5496983528137207,0.34663963317871094,0.16080215573310852,>=0.15,False,False,True,False,False,False,False,False,False,0.0,0.0,0.0,0.0,0.0,0.0,0.12884421646595,0.4487924575805664,0.0,0.0,0.0,0.0,0.0,0.0,0.10558614879846573,0.2943921983242035,0.3415028154850006,0.0,-0.030966995283961296,0.041298650205135345,0.051613613963127136,0.06373924016952515,0-2deg,0.00-0.04,0.0,0.0,0.0,0.0
135,63,True,False,0.1334458440542221,0.1334458440542221,0.0,0.0,4.759999752044678,1.4979274272918701,0.18054011464118958,-0.4823002517223358,-0.6384358406066895,0.7763717770576477,0.13162361085414886,-0.007381717674434185,0.12145082652568817,0.7591370344161987,0.5175206661224365,0.44176098704338074,0.1751229166984558,>=0.15,True,True,False,True,False,False,False,True,True,0.13162361085414886,-0.64549720287323,0.4313773512840271,0.31841227412223816,0.31841227412223816,0.0,0.13162361085414886,-0.007381717674434185,0.007381717674434185,-0.005418337881565094,0.04905709996819496,0.049355246126651764,0.022906750440597534,0.19308464229106903,0.19308464229106903,-0.64549720287323,0.4313773512840271,0.003184122731909156,-0.005418337881565094,0.04905709996819496,0.049355246126651764,0.022906750440597534,2-4deg,0.00-0.04,0.0,0.0,0.0,0.0
136,40,True,False,0.15744337439537048,0.15744337439537048,0.0,0.0,0.85999995470047,1.651885747909546,0.937380850315094,-0.5307183265686035,-0.578491747379303,0.7331222295761108,0.1527104526758194,-0.020063942298293114,0.04687454551458359,0.46951326727867126,0.304432213306427,0.45035040378570557,0.18576793372631073,>=0.15,True,True,False,True,False,False,False,True,True,0.1527104526758194,-0.5701558589935303,0.46085846424102783,0.4123043119907379,0.4123043119907379,0.0,0.1527104526758194,-0.020063942298293114,0.020063942298293114,0.017875252291560173,0.006954193580895662,0.01918048970401287,0.021532172337174416,0.023353956639766693,0.023353956639766693,-0.5701558589935303,0.46085846424102783,0.004123042803257704,0.017875252291560173,0.006954193580895662,0.01918048970401287,0.021532172337174416,0-2deg,0.00-0.04,0.0,0.0,0.0,0.0
137,16,True,True,0.07389457523822784,0.07094288617372513,0.06510136276483536,0.17992009222507477,1.100000023841858,1.8869328498840332,0.9435008764266968,0.006201126612722874,0.02384241670370102,0.17992009222507477,0.06510136276483536,-0.020014097914099693,-0.016208183020353317,0.4054196774959564,0.31011494994163513,0.1783333271741867,0.19670087099075317,>=0.15,False,True,False,True,True,False,False,False,True,0.06180243566632271,-0.1583443582057953,0.27043601870536804,0.06807641685009003,0.20332196354866028,0.09999999403953552,0.06510136276483536,-0.02002028003334999,0.02002028003334999,-0.00446523679420352,0.005450285505503416,0.007042106706649065,0.028342794626951218,0.016161473467946053,0.0005980199784971774,0.02502884343266487,0.17817068099975586,0.0020332196727395058,-0.006527897901833057,0.004513458348810673,0.00793365202844143,0.02828316017985344,0-2deg,0.00-0.04,0.0,0.0,0.0,0.0
138,34,True,False,0.12283097207546234,0.12283097207546234,0.0,0.0,7.539999961853027,1.319440245628357,0.1676432341337204,-0.12882587313652039,-0.2937975525856018,0.4357120990753174,0.09879455715417862,0.02470889315009117,0.1675163358449936,0.8847938179969788,0.5532441735267639,0.3217577338218689,0.2494027316570282,>=0.15,True,True,False,False,False,False,False,False,False,0.0,0.0,0.0,0.0,0.0,0.0,0.09879455715417862,0.02470889315009117,0.0,0.0,0.0,0.0,0.0,0.0,0.14798063039779663,-0.2955634891986847,0.32013633847236633,0.0,-0.020676760002970695,0.0088146161288023,0.022477326914668083,0.0406201146543026,0-2deg,0.00-0.04,0.0,0.0,0.0,0.0
139,51,True,False,0.14306147396564484,0.13958723843097687,0.0,0.0,0.8199999928474426,1.3017982244491577,0.6258159279823303,0.10867871344089508,-0.03519647568464279,0.26783663034439087,0.13915644586086273,-0.018805932253599167,0.14207591116428375,0.4976283013820648,0.32850587368011475,0.26551398634910583,0.1770777851343155,>=0.15,True,True,False,True,False,False,False,True,True,0.13915644586086273,-0.034521665424108505,0.2656025290489197,0.02590523101389408,0.02590523101389408,0.0,0.13915644586086273,-0.018805932253599167,0.018805932253599167,-0.0029873684979975224,0.03835258632898331,0.03846827521920204,0.03228788822889328,0.021387461572885513,0.021387461572885513,-0.034521665424108505,0.2656025290489197,0.00025905229267664254,-0.0029873684979975224,0.03835258632898331,0.03846827521920204,0.03228788822889328,2-4deg,0.00-0.04,0.0,0.0,0.0,0.0
140,33,True,False,0.16675998270511627,0.16675998270511627,0.0,0.0,7.759999752044678,1.6511402130126953,0.2169605791568756,-0.639167070388794,-0.5447033643722534,0.7269264459609985,0.1650884449481964,-0.00787001196295023,-0.13040129840373993,1.6040802001953125,0.7366359829902649,0.4813733398914337,0.20752042531967163,>=0.15,True,True,False,True,False,False,False,True,True,0.1650884449481964,-0.5372042655944824,0.4897281229496002,0.30623430013656616,0.30623430013656616,0.0,0.1650884449481964,-0.00787001196295023,0.00787001196295023,0.014608530327677727,0.010980905964970589,0.01827659085392952,0.008130953647196293,0.17806272208690643,0.17806272208690643,-0.5372042655944824,0.4897281229496002,0.003062342992052436,0.014608530327677727,0.010980905964970589,0.01827659085392952,0.008130953647196293,0-2deg,0.00-0.04,0.0,0.0,0.0,0.0
141,35,True,False,0.16449588537216187,0.1644769012928009,0.0,0.0,4.019999980926514,1.3859443664550781,0.2623244524002075,-0.580744206905365,-0.4916919469833374,0.6634551286697388,0.16130699217319489,-0.010246111080050468,-0.1315232664346695,1.4181040525436401,0.7233811020851135,0.4454343616962433,0.18793560564517975,>=0.15,True,True,False,True,False,False,False,True,True,0.16130699217319489,-0.5082563757896423,0.4264366328716278,0.4964402914047241,0.4964402914047241,0.0,0.16130699217319489,-0.010246111080050468,0.010246111080050468,-0.04036844149231911,0.000317458005156368,0.04036945849657059,0.015143816359341145,0.13947005569934845,0.13947005569934845,-0.5082563757896423,0.4264366328716278,0.004964402876794338,-0.04036844149231911,0.000317458005156368,0.04036945849657059,0.015143816359341145,2-4deg,0.00-0.04,0.0,0.0,0.0,0.0
142,8,True,False,0.15554143488407135,0.15554143488407135,0.0,0.0,4.139999866485596,1.4604246616363525,0.28720587491989136,-0.6253896355628967,-0.5786277055740356,0.7101734280586243,0.1534242480993271,-0.010908766649663448,-0.09811107814311981,1.1235586404800415,0.5963607430458069,0.4117478132247925,0.16608557105064392,>=0.15,True,True,False,True,False,False,False,True,True,0.1534242480993271,-0.5656176805496216,0.42944490909576416,0.4825604557991028,0.4825604557991028,0.0,0.1534242480993271,-0.010908766649663448,0.010908766649663448,0.006596076302230358,0.030530089512467384,0.031234100461006165,0.05589726194739342,0.12290312349796295,0.12290312349796295,-0.5656176805496216,0.42944490909576416,0.004825604613870382,0.006596076302230358,0.030530089512467384,0.031234100461006165,0.05589726194739342,0-2deg,0.04-0.08,0.0,0.0,0.0,0.0
143,46,True,False,0.12869250774383545,0.12869250774383545,0.0,0.0,5.920000076293945,1.4648001194000244,0.12996652722358704,-0.6226897835731506,-0.5736269950866699,0.7521599531173706,0.1252928376197815,-0.011484119109809399,-0.09379313886165619,0.9677429795265198,0.5760583281517029,0.4865148961544037,0.07688803970813751,0.05-0.10,True,True,False,True,False,False,False,True,True,0.1252928376197815,-0.5691149830818176,0.49178528785705566,0.4769243597984314,0.4769243597984314,0.0,0.1252928376197815,-0.011484119109809399,0.011484119109809399,0.008906749077141285,0.002583229448646307,0.009270950220525265,0.04446365684270859,0.12430032342672348,0.12430032342672348,-0.5691149830818176,0.49178528785705566,0.00476924329996109,0.008906749077141285,0.002583229448646307,0.009270950220525265,0.04446365684270859,0-2deg,0.04-0.08,0.0,0.0,0.0,0.0
144,14,True,False,0.1857668161392212,0.1857668161392212,0.0,0.0,6.039999961853027,1.388964056968689,0.19401827454566956,-0.43675222992897034,-0.5369236469268799,0.6769539713859558,0.1832786202430725,-0.011320212855935097,0.0666525661945343,1.2166696786880493,0.6425625681877136,0.41228586435317993,0.23250944912433624,>=0.15,True,True,False,True,False,False,False,True,True,0.1832786202430725,-0.5408041477203369,0.4071824550628662,0.36651432514190674,0.36651432514190674,0.0,0.1832786202430725,-0.011320212855935097,0.011320212855935097,-0.019090993329882622,0.03379076346755028,0.03880927711725235,0.020697958767414093,0.12018852680921555,0.12018852680921555,-0.5408041477203369,0.4071824550628662,0.00366514315828681,-0.019090993329882622,0.03379076346755028,0.03880927711725235,0.020697958767414093,2-4deg,0.00-0.04,0.0,0.0,0.0,0.0
145,28,False,False,0.7775230407714844,0.5703296661376953,0.0,0.0,9.979999542236328,0.8683663010597229,0.09484560787677765,-0.2438509613275528,-0.10866884887218475,1.2659856081008911,0.38664764165878296,0.6268083453178406,-0.1388169825077057,1.838680624961853,1.3735417127609253,1.2613130807876587,0.19059154391288757,>=0.15,False,False,True,False,False,False,False,False,False,0.0,0.0,0.0,0.0,0.0,0.0,0.38664764165878296,0.34919750690460205,0.0,0.0,0.0,0.0,0.0,0.0,0.3392021059989929,-0.14925731718540192,1.257156252861023,0.0,-0.0017451122403144836,-0.03372227028012276,0.03376723453402519,0.0010976006742566824,0-2deg,0.00-0.04,0.0,0.0,0.0,0.0
146,3,True,False,0.1480189710855484,0.1480189710855484,0.0,0.0,8.899999618530273,1.6724447011947632,0.13315488398075104,-0.6723548173904419,-0.5925575494766235,0.6952244639396667,0.14426881074905396,-0.014568734914064407,-0.13052834570407867,1.3842154741287231,0.5956583023071289,0.36361056566238403,0.21311989426612854,>=0.15,True,True,False,True,False,False,False,True,True,0.14426881074905396,-0.5743341445922852,0.3917618691921234,0.4594014883041382,0.4594014883041382,0.0,0.14426881074905396,-0.014568734914064407,0.014568734914064407,0.05370411276817322,0.003943846095353365,0.053848233073949814,0.09002664685249329,0.07891908288002014,0.07891908288002014,-0.5743341445922852,0.3917618691921234,0.004594014957547188,0.05370411276817322,0.003943846095353365,0.053848233073949814,0.09002664685249329,2-4deg,0.08-0.12,0.0,0.0,0.0,0.0
147,47,True,False,0.18443267047405243,0.18443267047405243,0.0,0.0,3.5,1.4931563138961792,0.25478997826576233,-0.6005706191062927,-0.5817113518714905,0.7420456409454346,0.18212945759296417,-0.015901830047369003,-0.03365030139684677,1.2504966259002686,0.6482129096984863,0.46069902181625366,0.22777299582958221,>=0.15,True,True,False,True,False,False,False,True,True,0.18212945759296417,-0.5779709815979004,0.4653829336166382,0.08048461377620697,0.08048461377620697,0.0,0.18212945759296417,-0.015901830047369003,0.015901830047369003,0.0104766134172678,0.017851293087005615,0.020699117332696915,0.059524498879909515,0.05633678287267685,0.05633678287267685,-0.5779709815979004,0.4653829336166382,0.0008048461168073118,0.0104766134172678,0.017851293087005615,0.020699117332696915,0.059524498879909515,0-2deg,0.04-0.08,0.0,0.0,0.0,0.0
148,30,True,False,0.13686370849609375,0.13531357049942017,0.0,0.0,4.420000076293945,1.3985259532928467,0.20491966605186462,0.030879594385623932,-0.037878695875406265,0.11220104992389679,0.13233326375484467,-0.020011356100440025,0.059593215584754944,0.8262747526168823,0.525535523891449,0.1056138277053833,0.12189676612615585,0.10-0.15,True,True,False,True,False,False,False,True,True,0.13233326375484467,-0.040211357176303864,0.10474789887666702,0.7625999450683594,0.7625999450683594,0.0,0.13233326375484467,-0.020011356100440025,0.020011356100440025,-0.05044242739677429,-0.03969171270728111,0.06417588889598846,0.07041474431753159,0.0008457279182039201,0.0008457279182039201,-0.040211357176303864,0.10474789887666702,0.007625999394804239,-0.05044242739677429,-0.03969171270728111,0.06417588889598846,0.07041474431753159,2-4deg,0.04-0.08,0.0,0.0,0.0,0.0
149,60,False,False,0.8056516051292419,0.6380329728126526,0.0,0.0,9.979999542236328,0.47441133856773376,0.04428548365831375,-0.06255592405796051,-0.11592233926057816,0.6174061298370361,0.2351146936416626,0.7176206111907959,0.036813654005527496,1.0090208053588867,0.5316371917724609,0.6064258813858032,0.06528370827436447,0.05-0.10,False,False,True,False,False,False,False,False,False,0.0,0.0,0.0,0.0,0.0,0.0,0.2351146936416626,0.5446722507476807,0.0,0.0,0.0,0.0,0.0,0.0,0.15548181533813477,-0.12338818609714508,0.6049509644508362,0.0,-0.007083291653543711,-0.012250042520463467,0.014151853509247303,0.07158248871564865,0-2deg,0.00-0.04,0.0,0.0,0.0,0.0
150,44,True,True,0.04594922438263893,0.04594922438263893,0.02980702742934227,0.15946964919567108,1.6200000047683716,1.5391325950622559,0.5024740099906921,-0.0036776389461010695,0.005392145365476608,0.15946964919567108,0.02980702742934227,-0.020005442202091217,-0.009776289574801922,0.7402416467666626,0.44533783197402954,0.15937845408916473,0.15644694864749908,>=0.15,False,True,False,True,True,False,False,False,True,0.032964833080768585,0.05263222008943558,0.27274957299232483,0.9010160565376282,0.9010160565376282,0.07999999821186066,0.02980702742934227,-0.02006744220852852,0.02006744220852852,0.049758072942495346,0.0025311140343546867,0.04982180520892143,0.009386391378939152,0.0020716022700071335,0.0007720404537394643,0.003797932295128703,0.15942440927028656,0.009010160341858864,0.04957447573542595,0.0019804632756859064,0.0496143214404583,0.010043695569038391,2-4deg,0.00-0.04,0.0,0.0,0.0,0.0
151,23,True,False,0.22988590598106384,0.09382779896259308,0.0,0.0,7.819999694824219,1.3896723985671997,0.13646210730075836,0.09221385419368744,-0.0878080278635025,0.1678217053413391,0.22849513590335846,-0.01686650887131691,0.17892448604106903,0.9782741069793701,0.4215324819087982,0.14301705360412598,0.08891434967517853,0.05-0.10,True,True,False,True,False,False,False,True,True,0.08922500908374786,-0.48710155487060547,0.403414249420166,0.196416437625885,0.196416437625885,0.0,0.22849513590335846,-0.019178170710802078,0.019178170710802078,0.015111842192709446,-0.06827440857887268,0.06992463022470474,0.04490045830607414,0.2297968864440918,0.05923880636692047,-0.07816474884748459,0.1485072374343872,0.0019641644321382046,0.06498648971319199,0.02427312731742859,0.06936530768871307,0.058065321296453476,4-6deg,0.04-0.08,0.0,0.0,0.0,0.0
152,26,True,False,0.1243487149477005,0.07095634937286377,0.0,0.0,9.979999542236328,1.372836709022522,0.12914809584617615,-0.017506279051303864,-0.048491403460502625,0.1514478623867035,0.1192912831902504,-0.020001033321022987,0.03407282009720802,1.4929375648498535,0.72169029712677,0.14347486197948456,0.1255303919315338,0.10-0.15,False,False,True,True,False,False,False,False,True,0.06676115840673447,-0.5095451474189758,0.5365283489227295,0.333640456199646,0.333640456199646,0.0,0.1192912831902504,-0.020001033321022987,0.020001033321022987,0.05372422933578491,-0.05926716327667236,0.0799720510840416,0.02642844244837761,0.2070673257112503,0.0009134905994869769,-0.03969908133149147,0.1461520940065384,0.003336404450237751,0.06794536113739014,-0.04292577505111694,0.08035167306661606,0.033089812844991684,4-6deg,0.00-0.04,0.0,0.0,0.0,0.0
153,49,True,True,0.07771053910255432,0.07771053910255432,0.06938778609037399,0.16006416082382202,6.460000038146973,1.2668324708938599,0.20184935629367828,0.001681876601651311,-0.04464002326130867,0.16006416082382202,0.06938778609037399,-0.01999831013381481,0.04364306852221489,0.8840864896774292,0.48512929677963257,0.1537133902311325,0.1536283940076828,>=0.15,False,True,False,True,True,False,False,False,True,0.08044208586215973,-0.41808757185935974,0.631712794303894,0.37456268072128296,0.37456268072128296,1.8399999141693115,0.06938778609037399,-0.0200998205691576,0.0200998205691576,0.07610085606575012,0.03341741859912872,0.08310206234455109,0.022088689729571342,0.1468997597694397,0.0003452669770922512,-0.04190399870276451,0.1544816792011261,0.0037456266582012177,0.02510303631424904,0.03897674381732941,0.046357449144124985,0.06021355092525482,4-6deg,0.00-0.04,0.0,0.0,0.0,0.0
154,55,True,False,0.1575242578983307,0.15597887337207794,0.0,0.0,4.360000133514404,1.4014148712158203,0.2127188891172409,-0.5970284342765808,-0.45691293478012085,0.6616116166114807,0.15317736566066742,-0.015235621482133865,-0.16794456541538239,0.7721326947212219,0.4970811605453491,0.4784981310367584,0.19232921302318573,>=0.15,True,True,False,True,False,False,False,True,True,0.15317736566066742,-0.4687976539134979,0.46686047315597534,0.07784486562013626,0.07784486562013626,0.0,0.15317736566066742,-0.015235621482133865,0.015235621482133865,-0.04262663796544075,0.03407572582364082,0.05456659942865372,0.009045740589499474,0.078734390437603,0.078734390437603,-0.4687976539134979,0.46686047315597534,0.0007784486515447497,-0.04262663796544075,0.03407572582364082,0.05456659942865372,0.009045740589499474,2-4deg,0.00-0.04,0.0,0.0,0.0,0.0
155,42,False,False,0.7026244401931763,0.6958960890769958,0.0,0.0,9.979999542236328,0.12377943098545074,0.03462981805205345,0.06222419813275337,-0.01701076701283455,0.3621653616428375,0.2283833622932434,0.6102771759033203,0.08731550723314285,1.0334135293960571,0.48952198028564453,0.36176565289497375,0.08606846630573273,0.05-0.10,False,False,True,False,False,False,False,False,False,0.0,0.0,0.0,0.0,0.0,0.0,0.2283833622932434,0.6087102293968201,0.0,0.0,0.0,0.0,0.0,0.0,0.06246817857027054,-0.006656395271420479,0.3621041774749756,0.0,0.02611241117119789,-0.01575051061809063,0.030494336038827896,0.07005266100168228,0-2deg,0.00-0.04,0.0,0.0,0.0,0.0
156,62,True,True,0.1075136661529541,0.10740192979574203,0.10165152698755264,0.1951821893453598,6.239999771118164,1.3749911785125732,0.16757504642009735,-0.02061731182038784,-0.122634656727314,0.1951821893453598,0.10165152698755264,-0.01997971162199974,0.10609525442123413,0.988425076007843,0.557509183883667,0.15184475481510162,0.1264534294605255,0.10-0.15,False,True,False,True,True,False,False,False,True,0.10330690443515778,-0.5532675385475159,0.3865705728530884,0.1679302453994751,0.7678967714309692,0.07999999821186066,0.10165152698755264,-0.02005079574882984,0.02005079574882984,0.029378490522503853,0.005159770138561726,0.029828257858753204,0.07472199201583862,0.10906440764665604,0.0003452669770922512,-0.11950535327196121,0.1543196737766266,0.00767896743491292,0.0333198644220829,0.007202045526355505,0.03408878669142723,0.07321193069219589,0-2deg,0.04-0.08,0.0,0.0006905339541845024,0.0,0.0
157,50,True,False,0.1763228178024292,0.16560399532318115,0.0,0.0,5.579999923706055,1.3018015623092651,0.180869922041893,-0.18368420004844666,-0.15616805851459503,0.42651107907295227,0.1734982579946518,-0.013428125530481339,-0.035273708403110504,1.0776398181915283,0.5793004631996155,0.3968919813632965,0.20394381880760193,>=0.15,True,True,False,True,False,False,False,True,True,0.1734982579946518,-0.16762468218803406,0.3921908438205719,0.10715599358081818,0.10715599358081818,0.0,0.1734982579946518,-0.013428125530481339,0.013428125530481339,-0.02920481562614441,0.000990323955193162,0.02922254055738449,0.007303826045244932,0.10352902859449387,0.10352902859449387,-0.16762468218803406,0.3921908438205719,0.001071559963747859,-0.02920481562614441,0.000990323955193162,0.02922254055738449,0.007303826045244932,0-2deg,0.00-0.04,0.0,0.0,0.0,0.0
158,29,True,False,0.13713407516479492,0.13713407516479492,0.0,0.0,9.399999618530273,1.3369909524917603,0.0905379131436348,-0.39450663328170776,-0.41683319211006165,0.49558988213539124,0.13239911198616028,-0.019968083128333092,0.03439893573522568,0.8881494998931885,0.5395739078521729,0.26806604862213135,0.05527978762984276,0.05-0.10,True,True,False,True,False,False,False,True,True,0.13239911198616028,-0.40903306007385254,0.2798236608505249,0.4603227972984314,0.4603227972984314,0.0,0.13239911198616028,-0.019968083128333092,0.019968083128333092,0.018352115526795387,0.03978632763028145,0.04381297528743744,0.03311874344944954,0.010346541181206703,0.010346541181206703,-0.40903306007385254,0.2798236608505249,0.004603228066116571,0.018352115526795387,0.03978632763028145,0.04381297528743744,0.03311874344944954,2-4deg,0.00-0.04,0.0,0.0,0.0,0.0
159,59,True,False,0.13004949688911438,0.13004949688911438,0.0,0.0,4.199999809265137,1.5120055675506592,0.23779532313346863,0.008099566213786602,-0.11606846749782562,0.16539634764194489,0.12528382241725922,-0.020015643909573555,0.1289432793855667,0.904492199420929,0.5802862644195557,0.11783066391944885,0.08205447345972061,0.05-0.10,True,True,False,True,False,False,False,True,True,0.12528382241725922,-0.1146511361002922,0.11921019852161407,0.6493815183639526,0.6493815183639526,0.0,0.12528382241725922,-0.020015643909573555,0.020015643909573555,0.05087883770465851,0.003987480420619249,0.051035016775131226,0.06679311394691467,0.0009134905994869769,0.0009134905994869769,-0.1146511361002922,0.11921019852161407,0.006493815220892429,0.05087883770465851,0.003987480420619249,0.051035016775131226,0.06679311394691467,2-4deg,0.04-0.08,0.0,0.0,0.0,0.0
160,60,True,True,0.08149366825819016,0.07188092917203903,0.07358239591121674,0.23642030358314514,1.0399999618530273,1.5878279209136963,0.805036187171936,0.004309914540499449,0.020007379353046417,0.23642030358314514,0.07358239591121674,-0.01999320462346077,-0.012258273549377918,0.6806365847587585,0.4166266620159149,0.2355722039937973,0.24071650207042694,>=0.15,False,True,False,True,True,False,False,False,True,0.06776288151741028,0.014956878498196602,0.19768987596035004,0.04408297687768936,0.2102898210287094,0.05999999865889549,0.07358239591121674,-0.019997447729110718,0.019997447729110718,0.057664211839437485,0.051967233419418335,0.07760627567768097,0.07357105612754822,0.0031644257251173258,0.0,0.02161286398768425,0.23543034493923187,0.0021028982009738684,0.05973692983388901,0.04988148435950279,0.07780590653419495,0.07345513999462128,4-6deg,0.04-0.08,0.0,0.0,0.0,0.0
161,41,True,True,0.06480482965707779,0.06480482965707779,0.05454657971858978,0.22757382690906525,4.699999809265137,1.2784757614135742,0.21227675676345825,0.004869581200182438,-0.009289432317018509,0.22757382690906525,0.05454657971858978,-0.019882161170244217,0.011089388281106949,0.8669558167457581,0.5258150100708008,0.22738416492938995,0.20062443614006042,>=0.15,False,True,False,True,True,False,False,False,True,0.07063863426446915,-0.5296520590782166,0.6342436075210571,0.35274964570999146,0.35274964570999146,0.14000000059604645,0.05454657971858978,-0.019910437986254692,0.019910437986254692,0.02288755029439926,0.01445056963711977,0.027066323906183243,0.05366947501897812,0.13947263360023499,0.002341714920476079,-0.009317727759480476,0.22738300263881683,0.003527496475726366,0.016414862126111984,0.013645072467625141,0.02134561352431774,0.05497404932975769,0-2deg,0.04-0.08,0.0,0.0,0.0,0.0
162,12,True,False,0.1569186896085739,0.1569186896085739,0.0,0.0,5.960000038146973,1.3813422918319702,0.1776445508003235,-0.04617735743522644,-0.11888688802719116,0.1935441941022873,0.15312281250953674,-0.020438985899090767,0.07323559373617172,1.0702224969863892,0.5644913911819458,0.15272611379623413,0.05092474818229675,0.05-0.10,True,True,False,True,False,False,False,True,True,0.15312281250953674,-0.12033730745315552,0.1515859067440033,1.3784618377685547,1.3784618377685547,0.0,0.15312281250953674,-0.020438985899090767,0.020438985899090767,0.017561564221978188,0.02176356129348278,0.027965405955910683,0.01814637891948223,0.0018593198619782925,0.0018593198619782925,-0.12033730745315552,0.1515859067440033,0.013784618116915226,0.017561564221978188,0.02176356129348278,0.027965405955910683,0.01814637891948223,0-2deg,0.00-0.04,0.0,0.0,0.0,0.0
163,43,True,False,0.16253121197223663,0.16160298883914948,0.0,0.0,5.460000038146973,1.3249872922897339,0.23585423827171326,-0.46160319447517395,-0.32315394282341003,0.574411153793335,0.16035842895507812,-0.012859702110290527,-0.15942230820655823,1.3757433891296387,0.6225879192352295,0.47488918900489807,0.1766124963760376,>=0.15,True,True,False,True,False,False,False,True,True,0.16035842895507812,-0.3260710835456848,0.4728909134864807,0.1305335909128189,0.1305335909128189,0.0,0.16035842895507812,-0.012859702110290527,0.012859702110290527,-0.002116374671459198,-0.0270612221211195,0.027143297716975212,0.014040062204003334,0.10524116456508636,0.10524116456508636,-0.3260710835456848,0.4728909134864807,0.0013053358998149633,-0.002116374671459198,-0.0270612221211195,0.027143297716975212,0.014040062204003334,0-2deg,0.00-0.04,0.0,0.0,0.0,0.0
164,55,True,True,0.10460098087787628,0.10078174620866776,0.09867280721664429,0.024494897574186325,1.0199999809265137,1.4905080795288086,0.7770276665687561,-0.09659097343683243,-0.004412055015563965,0.024494897574186325,0.09867280721664429,-0.019247524440288544,-0.09416031837463379,0.5699422359466553,0.31543630361557007,0.024094268679618835,0.06747803092002869,0.05-0.10,False,True,False,True,True,False,False,False,True,0.0940457284450531,-0.4255043864250183,0.3587922155857086,0.10550853610038757,0.49116069078445435,0.07999999821186066,0.09867280721664429,-0.01996440812945366,0.01996440812945366,0.0007989290170371532,0.011361273005604744,0.011388638988137245,0.022503964602947235,0.017513804137706757,0.011693358421325684,-0.004718240350484848,0.024036185815930367,0.004911606665700674,0.0007635749061591923,0.012702139094471931,0.012723537161946297,0.0222017839550972,0-2deg,0.00-0.04,0.0,0.0,0.0,0.0
165,6,True,True,0.07970083504915237,0.07951249927282333,0.07133621722459793,0.19923989474773407,3.93999981880188,1.2985084056854248,0.27149155735969543,-0.05887049064040184,0.027859944850206375,0.19923989474773407,0.07133621722459793,-0.018783487379550934,-0.08804167062044144,1.1973029375076294,0.6859198808670044,0.19728243350982666,0.15713374316692352,>=0.15,False,True,False,True,True,False,False,False,True,0.07141633331775665,-0.0013563318643718958,0.29837626218795776,0.5744430422782898,0.5744430422782898,0.07999999821186066,0.07133621722459793,-0.02023969404399395,0.02023969404399395,-0.0008163239690475166,0.00342572876252234,0.0035210479982197285,0.018353959545493126,0.003966818563640118,0.01740112714469433,0.028706828132271767,0.1971609741449356,0.005744430236518383,-0.0008675379795022309,0.004523038398474455,0.00460644019767642,0.018258506432175636,0-2deg,0.00-0.04,0.0,0.0,0.0,0.0
166,14,True,False,0.1624957174062729,0.15769806504249573,0.0,0.0,2.200000047683716,1.4647220373153687,0.4463195204734802,0.011641625314950943,0.11511483043432236,0.21558921039104462,0.15867577493190765,-0.01992017775774002,-0.10938022285699844,0.9332300424575806,0.4644548296928406,0.18228352069854736,0.19419124722480774,>=0.15,True,True,False,True,False,False,False,True,True,0.15867577493190765,0.1156671792268753,0.18193352222442627,0.4892953336238861,0.4892953336238861,0.0,0.15867577493190765,-0.01992017775774002,0.01992017775774002,-0.03178068622946739,0.04420516639947891,0.054437488317489624,0.046969737857580185,0.00172633514739573,0.00172633514739573,0.1156671792268753,0.18193352222442627,0.004892953205853701,-0.03178068622946739,0.04420516639947891,0.054437488317489624,0.046969737857580185,2-4deg,0.04-0.08,0.0,0.0,0.0,0.0
167,0,True,True,0.10797348618507385,0.10775046050548553,0.10214512050151825,0.09106054902076721,8.220000267028809,1.299217700958252,0.16536098718643188,-0.008605927228927612,-0.026434410363435745,0.09106054902076721,0.10214512050151825,-0.019988106563687325,0.01939273811876774,1.3271536827087402,0.5831117033958435,0.08713922649621964,0.09383193403482437,0.05-0.10,False,True,False,True,True,False,False,False,True,0.10345684736967087,-0.48649170994758606,0.4803712069988251,0.2483786940574646,0.7627249360084534,0.07999999821186066,0.10214512050151825,-0.02018696442246437,0.02018696442246437,-0.009049964137375355,0.01438658032566309,0.016995619982481003,0.015453561209142208,0.08302590996026993,0.00048828125,-0.027107566595077515,0.08693217486143112,0.007627249229699373,-0.008590812794864178,0.013565623201429844,0.016057871282100677,0.015896541997790337,0-2deg,0.00-0.04,0.0,0.0,0.0,0.0
168,11,True,True,0.1046660840511322,0.1046660840511322,0.09863806515932083,0.13000023365020752,3.859999895095825,1.2770957946777344,0.2557636797428131,0.0026227724738419056,0.00842677615582943,0.13000023365020752,0.09863806515932083,-0.019997460767626762,-0.0034224174451082945,1.003674864768982,0.5519493818283081,0.1297268271446228,0.12694613635540009,0.10-0.15,False,True,False,True,True,False,False,False,True,0.11257714778184891,0.05213754251599312,0.13609367609024048,0.02860916778445244,0.27859100699424744,0.11999999731779099,0.09863806515932083,-0.020081179216504097,0.020081179216504097,-0.00017283506167586893,0.05745435506105423,0.05745414271950722,0.023801876232028008,0.05534464865922928,0.0003452669770922512,0.011252178810536861,0.12951233983039856,0.0027859099209308624,-0.0001800973404897377,0.05492430925369263,0.05492497980594635,0.026777178049087524,2-4deg,0.00-0.04,0.0,0.0,0.0,0.0
169,25,True,False,0.1264084428548813,0.1264084428548813,0.0,0.0,8.619999885559082,1.47205650806427,0.12772904336452484,-0.6273753643035889,-0.5072431564331055,0.6569795608520508,0.1221701130270958,-0.014842613600194454,-0.15195761620998383,1.088663935661316,0.5756549835205078,0.4175243377685547,0.12637799978256226,0.10-0.15,True,True,False,True,False,False,False,True,True,0.1221701130270958,-0.5141147971153259,0.4090332090854645,0.09119367599487305,0.09119367599487305,0.0,0.1221701130270958,-0.014842613600194454,0.014842613600194454,-0.023786501958966255,0.014396457932889462,0.027802929282188416,0.04751398414373398,0.07913727313280106,0.07913727313280106,-0.5141147971153259,0.4090332090854645,0.0009119367459788918,-0.023786501958966255,0.014396457932889462,0.027802929282188416,0.04751398414373398,0-2deg,0.04-0.08,0.0,0.0,0.0,0.0
170,10,True,False,0.15840360522270203,0.15840360522270203,0.0,0.0,5.559999942779541,1.3223919868469238,0.1999426931142807,-0.04547961801290512,-0.09852379560470581,0.546728253364563,0.15459895133972168,-0.019740285351872444,0.05265486240386963,0.8210477232933044,0.5244705677032471,0.5377777218818665,0.2516932785511017,>=0.15,True,True,False,True,False,False,False,True,True,0.15459895133972168,-0.11542392522096634,0.5344054102897644,0.037812575697898865,0.037812575697898865,0.0,0.15459895133972168,-0.019740285351872444,0.019740285351872444,0.01908855512738228,0.025108978152275085,0.03153989091515541,0.013889875262975693,0.005213423166424036,0.005213423166424036,-0.11542392522096634,0.5344054102897644,0.0003781257546506822,0.01908855512738228,0.025108978152275085,0.03153989091515541,0.013889875262975693,0-2deg,0.00-0.04,0.0,0.0,0.0,0.0
171,2,True,True,0.08902955055236816,0.08902955055236816,0.08194535225629807,0.17331169545650482,3.859999895095825,1.2751210927963257,0.18009886145591736,0.006001632194966078,-0.07693516463041306,0.17331169545650482,0.08194535225629807,-0.019688768312335014,0.08377506583929062,0.859832763671875,0.5449993014335632,0.15529946982860565,0.11834018677473068,0.10-0.15,False,True,False,True,True,False,False,False,True,0.08840879052877426,-0.5438045263290405,0.4761219620704651,0.35407131910324097,0.35407131910324097,0.11999999731779099,0.08194535225629807,-0.019904734566807747,0.019904734566807747,0.03526513651013374,-0.03147309273481369,0.04726311191916466,0.06848685443401337,0.1370241492986679,0.00622439943253994,-0.07586055248975754,0.15582720935344696,0.003540713107213378,0.041411761194467545,-0.028687335550785065,0.050372906029224396,0.06642740219831467,2-4deg,0.04-0.08,0.0,0.0,0.0,0.0
172,52,True,False,0.1400369256734848,0.1400369256734848,0.0,0.0,3.5199999809265137,1.4393892288208008,0.2130325734615326,-0.624824047088623,-0.46966713666915894,0.6556088924407959,0.13669440150260925,-0.013103056699037552,-0.18557427823543549,1.0248866081237793,0.5552637577056885,0.45742300152778625,0.1287854164838791,0.10-0.15,True,True,False,True,False,False,False,True,True,0.13669440150260925,-0.4725535213947296,0.45444053411483765,0.39679864048957825,0.39679864048957825,0.0,0.13669440150260925,-0.013103056699037552,0.013103056699037552,-0.00897582434117794,-0.035010941326618195,0.03614302724599838,0.060573067516088486,0.09782212227582932,0.09782212227582932,-0.4725535213947296,0.45444053411483765,0.0039679864421486855,-0.00897582434117794,-0.035010941326618195,0.03614302724599838,0.060573067516088486,2-4deg,0.04-0.08,0.0,0.0,0.0,0.0
173,39,True,True,0.09087472409009933,0.09087472409009933,0.08388673514127731,0.12796436250209808,3.6599998474121094,1.1698129177093506,0.19329304993152618,-0.0021853710059076548,0.022217746824026108,0.12796436250209808,0.08388673514127731,-0.02000683918595314,-0.026088129729032516,0.9695119857788086,0.5775402188301086,0.12602083384990692,0.1369432806968689,0.10-0.15,False,True,False,True,True,False,False,False,True,0.09925764799118042,-0.6121655106544495,0.5993630290031433,0.46361249685287476,0.5138450860977173,0.11999999731779099,0.08388673514127731,-0.02000683918595314,0.02000683918595314,-0.0788254514336586,-0.061031077057123184,0.09965179860591888,0.0326925665140152,0.16240468621253967,0.00048828125,0.01925617828965187,0.1265072226524353,0.005138450767844915,-0.08068891614675522,-0.05844457074999809,0.09959426522254944,0.03148971498012543,4-6deg,0.00-0.04,0.0,0.0,0.0,0.0
174,13,True,True,0.12132330983877182,0.11024926602840424,0.11650136858224869,0.02766808681190014,9.559999465942383,1.5203425884246826,0.11761318892240524,-0.10087621957063675,0.002999812364578247,0.02766808681190014,0.11650136858224869,-0.01905643939971924,-0.10741519182920456,1.4094921350479126,0.574684202671051,0.02750498428940773,0.041553616523742676,0.00-0.05,False,True,False,True,True,False,False,False,True,0.10722532868385315,-0.5950373411178589,0.3252066671848297,0.5395061373710632,0.7414312362670898,0.3799999952316284,0.11650136858224869,-0.020161466673016548,0.020161466673016548,-0.07216391712427139,-0.06834869086742401,0.09935299307107925,0.02781231701374054,0.16456463932991028,0.019384516403079033,0.0009891190566122532,0.02765040099620819,0.0074143121019005775,-0.07444895058870316,-0.058228589594364166,0.09448254108428955,0.030987266451120377,4-6deg,0.00-0.04,0.0,0.0006905339541845024,0.0,0.0
175,18,False,False,0.726332426071167,0.7074084281921387,0.0,0.0,9.979999542236328,0.47288990020751953,0.05814029276371002,0.04425337538123131,-0.05744470655918121,0.4977179169654846,0.24510109424591064,0.6317428350448608,0.10402082651853561,0.8450509905815125,0.49605613946914673,0.4943917691707611,0.18431341648101807,>=0.15,False,False,True,False,False,False,False,False,False,0.0,0.0,0.0,0.0,0.0,0.0,0.24510109424591064,0.576841413974762,0.0,0.0,0.0,0.0,0.0,0.0,0.19278311729431152,-0.06913501024246216,0.49289295077323914,0.0,-0.014626271091401577,-0.07831651717424393,0.07966781407594681,0.019540628418326378,0-2deg,0.00-0.04,0.0,0.0006905339541845024,0.0,0.0
176,59,True,True,0.07832882553339005,0.059447746723890305,0.07038359344005585,0.24561002850532532,1.459999918937683,1.4643785953521729,0.4759030342102051,-0.0364207923412323,-0.004993796348571777,0.24561002850532532,0.07038359344005585,-0.018290508538484573,-0.0350784957408905,0.6840533018112183,0.3461865484714508,0.24555926024913788,0.18503747880458832,>=0.15,False,True,False,True,True,False,False,False,True,0.050462834537029266,-0.5325915813446045,0.6357643604278564,0.2803454101085663,0.2803454101085663,0.17999999225139618,0.07038359344005585,-0.019504720345139503,0.019504720345139503,0.056376997381448746,0.01900133490562439,0.05948996916413307,0.05494881793856621,0.12786713242530823,0.03383072838187218,-0.0021256213076412678,0.2456008493900299,0.002803453942760825,0.05106736347079277,0.011685430072247982,0.05238652974367142,0.057999756187200546,2-4deg,0.04-0.08,0.0,0.0,0.0,0.0
177,24,True,False,0.1629914790391922,0.1629914790391922,0.0,0.0,4.299999713897705,1.6496257781982422,0.25800374150276184,-0.5893154144287109,-0.5077349543571472,0.7316595315933228,0.158742755651474,-0.01931796222925186,-0.09135967493057251,0.7498783469200134,0.5082916021347046,0.5268120169639587,0.21725288033485413,>=0.15,True,True,False,True,False,False,False,True,True,0.158742755651474,-0.5256341099739075,0.5089542865753174,0.36538785696029663,0.36538785696029663,0.0,0.158742755651474,-0.01931796222925186,0.01931796222925186,-0.04556984454393387,-0.051108576357364655,0.06846074759960175,0.029146742075681686,0.011616644449532032,0.011616644449532032,-0.5256341099739075,0.5089542865753174,0.003653878578916192,-0.04556984454393387,-0.051108576357364655,0.06846074759960175,0.029146742075681686,2-4deg,0.00-0.04,0.0,0.0,0.0,0.0
178,38,True,False,0.17181718349456787,0.17181718349456787,0.0,0.0,6.519999980926514,1.4215304851531982,0.17947500944137573,-0.5315173864364624,-0.6859537959098816,0.8574790954589844,0.17164550721645355,-0.008404114283621311,0.10132203251123428,0.9084005951881409,0.5447813272476196,0.5145267248153687,0.17417819797992706,>=0.15,True,True,False,True,False,False,False,True,True,0.17164550721645355,-0.685774028301239,0.514766275882721,0.5191946625709534,0.5191946625709534,0.0,0.17164550721645355,-0.008404114283621311,0.008404114283621311,0.0057909730821847916,-0.0359216034412384,0.036384694278240204,0.04028857499361038,0.17566318809986115,0.17566318809986115,-0.685774028301239,0.514766275882721,0.005191946402192116,0.0057909730821847916,-0.0359216034412384,0.036384694278240204,0.04028857499361038,2-4deg,0.04-0.08,0.0,0.0,0.0,0.0
179,20,True,False,0.16962087154388428,0.1676989495754242,0.0,0.0,5.839999675750732,1.3405588865280151,0.163319393992424,-0.23287606239318848,-0.2354360669851303,0.2948141396045685,0.1658770740032196,-0.019882427528500557,0.0057673146948218346,0.839648962020874,0.5599147081375122,0.17744077742099762,0.19088847935199738,>=0.15,True,True,False,True,False,False,False,True,True,0.1658770740032196,-0.23530417680740356,0.17761562764644623,0.024113142862915993,0.024113142862915993,0.0,0.1658770740032196,-0.019882427528500557,0.019882427528500557,-0.0003108773671556264,-0.015818113461136818,0.015822285786271095,0.014625594951212406,0.0019834081176668406,0.0019834081176668406,-0.23530417680740356,0.17761562764644623,0.0002411314198980108,-0.0003108773671556264,-0.015818113461136818,0.015822285786271095,0.014625594951212406,0-2deg,0.00-0.04,0.0,0.0,0.0,0.0
180,35,True,True,0.05746360868215561,0.05746360868215561,0.045572228729724884,0.2535766661167145,3.559999942779541,1.2680528163909912,0.26545384526252747,0.022675147280097008,0.08965806663036346,0.2535766661167145,0.045572228729724884,-0.020028145983815193,-0.06688279658555984,0.6338397264480591,0.3325604796409607,0.23719729483127594,0.22651554644107819,>=0.15,False,True,False,True,True,False,False,False,True,0.0583919957280159,-0.17857341468334198,0.18779689073562622,0.21290497481822968,0.4243529736995697,0.25999999046325684,0.045572228729724884,-0.020059527829289436,0.020059527829289436,0.0047278632409870625,-0.035083744674921036,0.035401396453380585,0.043631747364997864,0.05684787034988403,0.0009134905994869769,0.08888307213783264,0.23748879134655,0.0042435298673808575,0.0124150225892663,-0.02762995846569538,0.03029034286737442,0.04547844082117081,2-4deg,0.04-0.08,0.0,0.0006905339541845024,0.0,0.0
181,10,True,False,0.16807006299495697,0.16807006299495697,0.0,0.0,0.9199999570846558,1.2643860578536987,0.758759617805481,-0.6240098476409912,-0.5106607675552368,0.8382848501205444,0.1651068776845932,-0.01752449758350849,-0.12498599290847778,0.5658044219017029,0.19372053444385529,0.6647910475730896,0.19800147414207458,>=0.15,True,True,False,True,False,False,False,True,True,0.1651068776845932,-0.5052244663238525,0.6689318418502808,0.6950081586837769,0.6950081586837769,0.0,0.1651068776845932,-0.01752449758350849,0.01752449758350849,0.04863961040973663,0.019395403563976288,0.05236148089170456,0.028753826394677162,0.04796440526843071,0.04796440526843071,-0.5052244663238525,0.6689318418502808,0.006950081326067448,0.04863961040973663,0.019395403563976288,0.05236148089170456,0.028753826394677162,2-4deg,0.00-0.04,0.0,0.0,0.0,0.0
182,0,False,False,0.44832199811935425,0.44832199811935425,0.0,0.0,1.0399999618530273,2.5125153064727783,0.6571085453033447,-1.6474472284317017,-1.6808403730392456,2.04708194732666,0.4503950774669647,-0.0070742396637797356,0.031844381242990494,2.245647668838501,1.056603193283081,1.1684691905975342,0.16222955286502838,>=0.15,True,True,False,False,False,False,False,True,False,0.0,0.0,0.0,0.0,0.0,0.0,0.4503950774669647,-0.0070742396637797356,0.0070742396637797356,0.0,0.0,0.0,0.0,0.0,0.3986935019493103,-1.696426510810852,1.1457234621047974,0.0,-0.015044392086565495,-0.0016641016118228436,0.015136863104999065,0.03985802084207535,0-2deg,0.00-0.04,0.0,0.0,0.0,0.0
183,7,True,False,0.1673620492219925,0.1673620492219925,0.0,0.0,4.539999961853027,1.4240037202835083,0.18771781027317047,-0.6289650201797485,-0.7656991481781006,1.0125247240066528,0.1657278835773468,-0.011898540891706944,0.08975045382976532,0.8159306645393372,0.49777495861053467,0.6625036001205444,0.0523197166621685,0.05-0.10,True,True,False,True,False,False,False,True,True,0.1657278835773468,-0.7819457054138184,0.6432472467422485,0.5508275032043457,0.5508275032043457,0.0,0.1657278835773468,-0.011898540891706944,0.011898540891706944,-0.039351459592580795,-0.005202814936637878,0.03969329223036766,0.021209055557847023,0.11314146220684052,0.11314146220684052,-0.7819457054138184,0.6432472467422485,0.005508274771273136,-0.039351459592580795,-0.005202814936637878,0.03969329223036766,0.021209055557847023,2-4deg,0.00-0.04,0.0,0.0,0.0,0.0
184,16,True,False,0.17149974405765533,0.16837558150291443,0.0,0.0,3.93999981880188,1.3166773319244385,0.21513691544532776,-0.308061808347702,-0.24625104665756226,0.48333093523979187,0.1697898656129837,-0.013692891225218773,-0.06583400815725327,0.7729803919792175,0.5029541850090027,0.4158956706523895,0.19565708935260773,>=0.15,True,True,False,True,False,False,False,True,True,0.1697898656129837,-0.2355491816997528,0.42204901576042175,0.0813957080245018,0.0813957080245018,0.0,0.1697898656129837,-0.013692891225218773,0.013692891225218773,0.023340141400694847,-0.012304055504500866,0.026383772492408752,0.04466479644179344,0.11018669605255127,0.11018669605255127,-0.2355491816997528,0.42204901576042175,0.0008139570709317923,0.023340141400694847,-0.012304055504500866,0.026383772492408752,0.04466479644179344,0-2deg,0.04-0.08,0.0,0.0,0.0,0.0
185,17,True,True,0.10744407773017883,0.10347826033830643,0.10151775181293488,0.15408144891262054,8.359999656677246,1.3235719203948975,0.16369853913784027,-0.027818745002150536,0.04463184252381325,0.15408144891262054,0.10151775181293488,-0.018003549426794052,-0.06696152687072754,1.239182472229004,0.5894242525100708,0.1474757343530655,0.1274360567331314,0.10-0.15,False,True,False,True,True,False,False,False,True,0.09747476130723953,-0.3929767608642578,0.4620892107486725,0.24186111986637115,0.6482146978378296,0.09999999403953552,0.10151775181293488,-0.020113876089453697,0.020113876089453697,-0.0026420115027576685,0.00348433549515903,0.004367323592305183,0.07278773188591003,0.10790614038705826,0.028302308171987534,0.04509495943784714,0.1473347693681717,0.006482146680355072,0.0028076074086129665,0.001423220383003354,0.0031455333810299635,0.0728180855512619,0-2deg,0.04-0.08,0.0,0.0,0.0,0.0
186,58,True,True,0.07061153650283813,0.07061153650283813,0.06133466586470604,0.22440564632415771,6.87999963760376,1.3180432319641113,0.16204258799552917,-0.01213040016591549,-0.05311540514230728,0.22440564632415771,0.06133466586470604,-0.019985901191830635,0.04047907516360283,0.9798012971878052,0.5131467580795288,0.21802900731563568,0.2033456563949585,>=0.15,False,True,False,True,True,False,False,False,True,0.06893892586231232,-0.48576077818870544,0.5307815670967102,0.08927083760499954,0.08927083760499954,0.07999999821186066,0.06133466586470604,-0.019986970350146294,0.019986970350146294,0.011616839095950127,0.0023053735494613647,0.011845293454825878,0.0161664467304945,0.056168217211961746,0.00048828125,-0.054802246391773224,0.2176111489534378,0.0008927083690650761,0.01077347993850708,0.0027964033652096987,0.011129229329526424,0.0163591206073761,0-2deg,0.00-0.04,0.0,0.0,0.0,0.0
187,49,True,True,0.09817163646221161,0.08010853081941605,0.09136271476745605,0.2496119886636734,2.619999885559082,1.5194451808929443,0.41298699378967285,-0.03998823091387749,0.05656987428665161,0.2496119886636734,0.09136271476745605,-0.015546509996056557,-0.09300786256790161,0.9402068853378296,0.569987416267395,0.24311724305152893,0.2429748922586441,>=0.15,False,True,False,True,True,False,False,False,True,0.06883972883224487,-0.537625789642334,0.5026459693908691,0.1270742267370224,0.8008028864860535,0.14000000059604645,0.09136271476745605,-0.019995030015707016,0.019995030015707016,0.046000055968761444,0.0006345795700326562,0.046004973351955414,0.04310119152069092,0.2116059958934784,0.0620226189494133,0.04804374277591705,0.24494478106498718,0.008008028380572796,0.04887116700410843,0.004783364478498697,0.04910451918840408,0.04099010303616524,2-4deg,0.04-0.08,0.0,0.0006905339541845024,0.0,0.0
188,62,True,True,0.10420388728380203,0.10420388728380203,0.098365418612957,0.15915963053703308,2.3999998569488525,1.4770666360855103,0.37115439772605896,-0.0642872303724289,0.009315870702266693,0.15915963053703308,0.098365418612957,-0.018776383250951767,-0.07743407040834427,0.6625627875328064,0.42766013741493225,0.15888676047325134,0.12078451365232468,0.10-0.15,False,True,False,True,True,False,False,False,True,0.10746058821678162,-0.6838231682777405,0.510721743106842,0.18135468661785126,0.6815263032913208,0.09999999403953552,0.098365418612957,-0.020247112959623337,0.020247112959623337,0.068708635866642,-0.055500246584415436,0.08829691261053085,0.053885892033576965,0.12064550817012787,0.024404900148510933,-0.003932204097509384,0.15911105275154114,0.006815263070166111,0.06500259041786194,-0.05786476284265518,0.08699976652860641,0.05609579384326935,4-6deg,0.04-0.08,0.0,0.0,0.0,0.0
189,11,True,True,0.043469108641147614,0.043469108641147614,0.02578871138393879,0.23692913353443146,1.399999976158142,1.4056607484817505,0.43529918789863586,-0.010239650495350361,-0.1729867160320282,0.23692913353443146,0.02578871138393879,-0.02002989873290062,0.16371187567710876,0.515519380569458,0.29233336448669434,0.1618981510400772,0.15385177731513977,>=0.15,False,True,False,True,True,False,False,False,True,0.037721484899520874,-0.5883815288543701,0.4905736446380615,0.21267814934253693,0.301101416349411,0.09999999403953552,0.02578871138393879,-0.02002989873290062,0.02002989873290062,0.022619232535362244,0.05588509514927864,0.06028467416763306,0.04975651204586029,0.04774510860443115,0.001423572306521237,-0.16672967374324799,0.16833488643169403,0.0030110140796750784,0.021604178473353386,0.059623487293720245,0.06341296434402466,0.04706880450248718,2-4deg,0.04-0.08,0.0,0.0,0.0,0.0
190,61,True,False,0.13269565999507904,0.13269565999507904,0.0,0.0,6.599999904632568,1.4411314725875854,0.14559300243854523,-0.6719143390655518,-0.8097130060195923,1.0662087202072144,0.12929590046405792,-0.012570474296808243,0.1022316962480545,0.9393014311790466,0.5269432067871094,0.6936612129211426,0.05283067375421524,0.05-0.10,True,True,False,True,False,True,False,True,True,0.12929590046405792,-0.8234871625900269,0.6772518754005432,0.422511488199234,0.422511488199234,0.0,0.12929590046405792,-0.012570474296808243,0.012570474296808243,0.00274539808742702,-0.01993940956890583,0.020126769319176674,0.0035866345278918743,0.10782309621572495,0.10782309621572495,-0.8234871625900269,0.6772518754005432,0.004225114826112986,0.00274539808742702,-0.01993940956890583,0.020126769319176674,0.0035866345278918743,0-2deg,0.00-0.04,0.0,0.0,0.0,0.0
191,18,True,False,0.16437436640262604,0.16437436640262604,0.0,0.0,1.0,0.974773645401001,0.615470826625824,-0.36137717962265015,-0.34842076897621155,0.5412963032722473,0.1618361473083496,-0.017595265060663223,-0.024913344532251358,0.33794981241226196,0.21403512358665466,0.4142519533634186,0.2045712023973465,>=0.15,True,True,False,True,False,False,False,True,True,0.1618361473083496,-0.3245882987976074,0.43317911028862,0.4991534352302551,0.4991534352302551,0.0,0.1618361473083496,-0.017595265060663223,0.017595265060663223,0.07436373829841614,-0.008946215733885765,0.07489906251430511,0.022728804498910904,0.050670333206653595,0.050670333206653595,-0.3245882987976074,0.43317911028862,0.004991534166038036,0.07436373829841614,-0.008946215733885765,0.07489906251430511,0.022728804498910904,4-6deg,0.00-0.04,0.0,0.0,0.0,0.0
192,1,False,False,0.7461200952529907,0.674869179725647,0.0,0.0,9.979999542236328,0.2596828043460846,0.04914310574531555,0.053001388907432556,-0.02693190425634384,0.48042207956314087,0.2638154625892639,0.6439709663391113,0.09196492284536362,1.0139216184616089,0.49395614862442017,0.4796665906906128,0.10300266742706299,0.10-0.15,False,False,True,False,False,False,False,False,False,0.0,0.0,0.0,0.0,0.0,0.0,0.2638154625892639,0.5810184478759766,0.0,0.0,0.0,0.0,0.0,0.0,0.08016432076692581,-0.049128271639347076,0.4779035151004791,0.0,-0.01593860052525997,0.05267978832125664,0.05503561347723007,0.06200557202100754,0-2deg,0.00-0.04,0.0,0.0,0.0,0.0
193,32,True,False,0.1576753854751587,0.15325549244880676,0.0,0.0,7.359999656677246,1.6281112432479858,0.22845135629177094,0.0593833401799202,0.026958636939525604,0.12027707695960999,0.15352070331573486,-0.020075326785445213,0.020450569689273834,1.0590399503707886,0.5702214241027832,0.11721692234277725,0.19381457567214966,>=0.15,True,True,False,True,False,False,False,True,True,0.15352070331573486,0.0344427227973938,0.11524007469415665,0.8547490835189819,0.8547490835189819,0.0,0.15352070331573486,-0.020075326785445213,0.020075326785445213,0.058527782559394836,-0.02683113142848015,0.06437817960977554,0.05490745231509209,0.007735848892480135,0.007735848892480135,0.0344427227973938,0.11524007469415665,0.00854749046266079,0.058527782559394836,-0.02683113142848015,0.06437817960977554,0.05490745231509209,2-4deg,0.04-0.08,0.0,0.0,0.0,0.0
194,35,True,False,0.14968271553516388,0.14968271553516388,0.0,0.0,0.8199999928474426,1.7662131786346436,1.019944667816162,-0.6368767619132996,-0.8020299077033997,0.9668725728988647,0.147756427526474,-0.007282028906047344,0.12147529423236847,0.5826456546783447,0.353403240442276,0.5399913191795349,0.14890098571777344,0.10-0.15,True,True,False,True,False,True,False,True,True,0.147756427526474,-0.8423107266426086,0.4747159779071808,0.6964768171310425,0.6964768171310425,0.0,0.147756427526474,-0.007282028906047344,0.007282028906047344,-0.058088697493076324,-0.05530659854412079,0.08018516004085541,0.04242045804858208,0.1808536797761917,0.1808536797761917,-0.8423107266426086,0.4747159779071808,0.0069647678174078465,-0.058088697493076324,-0.05530659854412079,0.08018516004085541,0.04242045804858208,4-6deg,0.04-0.08,0.0,0.0,0.0,0.0
195,17,True,False,0.13293546438217163,0.13293546438217163,0.0,0.0,0.7799999713897705,1.5386857986450195,0.8769004940986633,-0.6575859785079956,-0.5843872427940369,0.8773144483566284,0.12769681215286255,-0.012017210014164448,-0.07826186716556549,0.661773145198822,0.32733678817749023,0.6543487310409546,0.13757343590259552,0.10-0.15,True,True,False,True,False,False,False,True,True,0.12769681215286255,-0.5984862446784973,0.6414786577224731,0.047968339174985886,0.047968339174985886,0.0,0.12769681215286255,-0.012017210014164448,0.012017210014164448,-0.0011287308298051357,0.04701703041791916,0.04703040421009064,0.03904698044061661,0.1270037144422531,0.1270037144422531,-0.5984862446784973,0.6414786577224731,0.00047968336730264127,-0.0011287308298051357,0.04701703041791916,0.04703040421009064,0.03904698044061661,2-4deg,0.00-0.04,0.0,0.0,0.0,0.0
196,15,True,False,0.16207610070705414,0.16148565709590912,0.0,0.0,5.339999675750732,1.346690058708191,0.20574063062667847,-0.3498989939689636,-0.2915392518043518,0.52677321434021,0.15765072405338287,-0.018569190055131912,-0.07058362662792206,1.0157512426376343,0.5700628757476807,0.43874242901802063,0.18647892773151398,>=0.15,True,True,False,True,False,False,False,True,True,0.15765072405338287,-0.2807556986808777,0.44571995735168457,0.1931726187467575,0.1931726187467575,0.0,0.15765072405338287,-0.018569190055131912,0.018569190055131912,0.05505364015698433,0.05701204389333725,0.07923372834920883,0.04305898770689964,0.02738816849887371,0.02738816849887371,-0.2807556986808777,0.44571995735168457,0.001931726117618382,0.05505364015698433,0.05701204389333725,0.07923372834920883,0.04305898770689964,4-6deg,0.04-0.08,0.0,0.0,0.0,0.0
197,34,True,False,0.1618860512971878,0.15927839279174805,0.0,0.0,4.839999675750732,1.6139826774597168,0.2892494797706604,-0.3312264382839203,-0.44336268305778503,0.472358375787735,0.15807881951332092,-0.018694855272769928,0.12289454787969589,0.8551053404808044,0.5353345274925232,0.16294774413108826,0.21134737133979797,>=0.15,True,True,False,True,False,False,False,True,True,0.15807881951332092,-0.43658918142318726,0.18031173944473267,0.1559516340494156,0.1559516340494156,0.0,0.15807881951332092,-0.018694855272769928,0.018694855272769928,0.004040292464196682,0.07646621018648148,0.07657305151224136,0.019755765795707703,0.019891422241926193,0.019891422241926193,-0.43658918142318726,0.18031173944473267,0.00155951629858464,0.004040292464196682,0.07646621018648148,0.07657305151224136,0.019755765795707703,4-6deg,0.00-0.04,0.0,0.0,0.0,0.0
198,37,True,True,0.052172500640153885,0.052172500640153885,0.03872635215520859,0.11050545424222946,8.460000038146973,1.379828929901123,0.1372561901807785,-0.02970683015882969,0.027307381853461266,0.11050545424222946,0.03872635215520859,-0.020034654065966606,-0.05687619000673294,0.6201016306877136,0.3998384475708008,0.10707829892635345,0.05997065082192421,0.05-0.10,False,True,False,True,True,False,False,False,True,0.11330010741949081,-0.5582935810089111,0.6536688804626465,0.40961459279060364,0.40961459279060364,1.2999999523162842,0.03872635215520859,-0.020034654065966606,0.020034654065966606,0.06447426229715347,0.006716631352901459,0.06482229381799698,0.013430110178887844,0.15571796894073486,0.0018911053193733096,0.022958382964134216,0.1080942451953888,0.0040961457416415215,0.062315575778484344,0.0032306232023984194,0.062399398535490036,0.01707143895328045,2-4deg,0.00-0.04,0.0,0.0,0.0,0.0
199,51,True,False,0.1710713505744934,0.16420447826385498,0.0,0.0,5.400000095367432,1.3580232858657837,0.21806181967258453,0.09748271107673645,0.04865150526165962,0.21114036440849304,0.16757206618785858,-0.01888458989560604,0.054039087146520615,1.3113328218460083,0.6979958415031433,0.20545871555805206,0.18899740278720856,>=0.15,True,True,False,True,False,False,False,True,True,0.16757206618785858,0.05160638689994812,0.20473650097846985,0.051633551716804504,0.051633551716804504,0.0,0.16757206618785858,-0.0198704581707716,0.0198704581707716,0.0008343521039932966,-0.020522765815258026,0.02054012008011341,0.03236531838774681,0.015754327178001404,0.015754327178001404,0.05160638689994812,0.20473650097846985,0.0005163354799151421,0.0008343521039932966,-0.020522765815258026,0.02054012008011341,0.03236531838774681,0-2deg,0.00-0.04,0.0,0.0,0.0,0.0
200,40,True,True,0.09858084470033646,0.04031076282262802,0.09227132797241211,0.2071758508682251,5.480000019073486,1.3504371643066406,0.21375413239002228,-0.02438066154718399,0.08918201923370361,0.2071758508682251,0.09227132797241211,-0.020109053701162338,-0.11488508433103561,0.8185018301010132,0.44845080375671387,0.1869983971118927,0.16922536492347717,>=0.15,False,True,False,True,True,False,False,False,True,0.08019799739122391,-0.2827693223953247,0.28388988971710205,0.6074842214584351,0.7896990180015564,1.0399999618530273,0.09227132797241211,-0.020179040729999542,0.020179040729999542,-0.05140896514058113,-0.017056915909051895,0.054161831736564636,0.0403040312230587,0.012779629789292812,0.002970099914819002,0.09321232885122299,0.18502241373062134,0.007896989583969116,-0.054421316832304,-0.04318227246403694,0.0694589912891388,0.01122621912509203,2-4deg,0.04-0.08,0.0,0.0,0.0,0.0
201,54,True,True,0.06541707366704941,0.06416690349578857,0.0552607886493206,0.07483398914337158,6.299999713897705,1.349916934967041,0.17213377356529236,0.004110620357096195,-0.0036344127729535103,0.07483398914337158,0.0552607886493206,-0.019991014152765274,0.007140078581869602,1.3169890642166138,0.4556768536567688,0.07474568486213684,0.07283896207809448,0.05-0.10,False,True,False,True,True,False,False,False,True,0.1065610945224762,-0.5304093360900879,0.6447188854217529,0.36520224809646606,0.36520224809646606,1.4399999380111694,0.0552607886493206,-0.020006166771054268,0.020006166771054268,0.07896796613931656,0.01133149303495884,0.07977483421564102,0.01665162667632103,0.14792241156101227,0.0003452669770922512,-0.007086737547069788,0.07449767738580704,0.0036520224530249834,0.06152736023068428,-0.009235228411853313,0.06221560761332512,0.036933861672878265,4-6deg,0.00-0.04,0.0,0.0,0.0,0.0
202,19,True,True,0.0917992889881134,0.0917992889881134,0.0848589837551117,0.10592012107372284,7.599999904632568,1.2898824214935303,0.12441719323396683,-0.1492198407649994,0.023930564522743225,0.10592012107372284,0.0848589837551117,-0.016121940687298775,-0.17357057332992554,1.001538872718811,0.47968143224716187,0.103181391954422,0.05482926592230797,0.05-0.10,False,True,False,True,True,False,False,False,True,0.09343500435352325,-0.4753339886665344,0.47961100935935974,0.17193183302879333,0.5429750084877014,0.2199999988079071,0.0848589837551117,-0.020076751708984375,0.020076751708984375,-0.0641946941614151,-0.019784796983003616,0.0671703889966011,0.013226642273366451,0.10159033536911011,0.06895994395017624,0.018883531913161278,0.10422324389219284,0.005429749842733145,-0.06186966598033905,-0.021617170423269272,0.0655333623290062,0.01703011617064476,2-4deg,0.00-0.04,0.0,0.0,0.0,0.0
203,56,True,True,0.10146494209766388,0.10146494209766388,0.09525665640830994,0.22169291973114014,7.919999599456787,1.3063092231750488,0.15538230538368225,0.0029963136184960604,-0.05824640765786171,0.22169291973114014,0.09525665640830994,-0.020001042634248734,0.05792773887515068,1.0685118436813354,0.547613263130188,0.21390442550182343,0.21344146132469177,>=0.15,False,True,False,True,True,False,False,False,True,0.10478538274765015,-0.15053527057170868,0.22996433079242706,0.07782217860221863,0.37997543811798096,0.07999999821186066,0.09525665640830994,-0.020007966086268425,0.020007966086268425,0.003996279090642929,-0.020952017977833748,0.021328851580619812,0.04170927032828331,0.03792509809136391,0.0005980199784971774,-0.054642464965581894,0.21485331654548645,0.0037997541949152946,0.005782528314739466,-0.019193118438124657,0.020046643912792206,0.04184386879205704,0-2deg,0.04-0.08,0.0,0.0006905339541845024,0.0,0.0
204,31,False,False,0.6604276299476624,0.5819240212440491,0.0,0.0,9.179999351501465,0.3938654065132141,0.09284073114395142,0.10787490755319595,-0.05124785751104355,0.698608934879303,0.35244229435920715,0.5068479776382446,0.15791064500808716,0.9283410906791687,0.6055412888526917,0.6967266798019409,0.22284239530563354,>=0.15,True,True,False,False,False,False,False,False,False,0.0,0.0,0.0,0.0,0.0,0.0,0.35244229435920715,0.36963996291160583,0.0,0.0,0.0,0.0,0.0,0.0,0.18493738770484924,-0.05940718576312065,0.6960784792900085,0.0,0.002608532551676035,-0.026111917570233345,0.026241043582558632,0.007911693304777145,0-2deg,0.00-0.04,0.0,0.0,0.0,0.0
205,5,False,False,0.8021012544631958,0.6199263334274292,0.0,0.0,9.979999542236328,0.20971962809562683,0.04026647284626961,0.005589985754340887,0.012851080857217312,0.5696216225624084,0.2736835181713104,0.7003687024116516,-0.005870984401553869,0.6585156917572021,0.47820618748664856,0.5694766044616699,0.09988921880722046,0.05-0.10,False,False,True,False,False,False,False,False,False,0.0,0.0,0.0,0.0,0.0,0.0,0.2736835181713104,0.4768652617931366,0.0,0.0,0.0,0.0,0.0,0.0,0.10631098598241806,0.028359752148389816,0.5689151287078857,0.0,0.035000454634428024,0.034998729825019836,0.049491576850414276,0.030854806303977966,0-2deg,0.00-0.04,0.0,0.0,0.0,0.0
206,36,False,False,0.8204348683357239,0.5538462996482849,0.0,0.0,9.979999542236328,0.5284473299980164,0.054971616715192795,-0.037140585482120514,-0.049281977117061615,0.6284786462783813,0.24498948454856873,0.7295930981636047,0.01472379919141531,0.8898295164108276,0.49502113461494446,0.6265434622764587,0.0965079739689827,0.05-0.10,False,False,True,False,False,False,False,False,False,0.0,0.0,0.0,0.0,0.0,0.0,0.24498948454856873,0.3957640528678894,0.0,0.0,0.0,0.0,0.0,0.0,0.13322387635707855,-0.02004006877541542,0.6281590461730957,0.0,-0.030174212530255318,0.05614205077290535,0.06372914463281631,0.0492573119699955,0-2deg,0.00-0.04,0.0,0.0,0.0,0.0
207,45,True,False,0.13350971043109894,0.10974238067865372,0.0,0.0,9.979999542236328,1.7163065671920776,0.16062206029891968,-0.1823323369026184,-0.21680332720279694,0.36142945289611816,0.12421143054962158,0.0035325288772583008,0.027331119403243065,1.8572759628295898,0.6594962477684021,0.2891843318939209,0.12485532462596893,0.10-0.15,False,False,True,True,False,False,False,False,True,0.105259470641613,-0.489884614944458,0.46468523144721985,0.22520849108695984,0.6907245516777039,0.0,0.12421143054962158,-0.02024814672768116,0.02024814672768116,0.004636007826775312,0.059807244688272476,0.05998615175485611,0.01793961599469185,0.13691239058971405,0.1175609827041626,-0.22076332569122314,0.2861727178096771,0.006907245144248009,0.003175013465806842,0.013432827778160572,0.013802154920995235,0.05260397493839264,2-4deg,0.00-0.04,0.0,0.0,0.0,0.0
208,3,True,False,0.163176029920578,0.163176029920578,0.0,0.0,5.440000057220459,1.430809497833252,0.17302435636520386,-0.506178617477417,-0.6080797910690308,0.7335532903671265,0.16195370256900787,-0.012573260813951492,0.059843312948942184,1.0022269487380981,0.5537351965904236,0.4102918207645416,0.15544240176677704,>=0.15,True,True,False,True,False,False,False,True,True,0.16195370256900787,-0.5925715565681458,0.4323880076408386,0.5229505896568298,0.5229505896568298,0.0,0.16195370256900787,-0.012573260813951492,0.012573260813951492,0.0728243961930275,-0.06812602281570435,0.09968114644289017,0.034626174718141556,0.1444724053144455,0.1444724053144455,-0.5925715565681458,0.4323880076408386,0.005229505710303783,0.0728243961930275,-0.06812602281570435,0.09968114644289017,0.034626174718141556,4-6deg,0.00-0.04,0.0,0.0006905339541845024,0.0,0.0
209,41,True,True,0.11234939843416214,0.11029982566833496,0.10756459087133408,0.14210735261440277,4.199999809265137,1.3230619430541992,0.18848778307437897,-0.052362918853759766,-0.04148722440004349,0.14210735261440277,0.10756459087133408,-0.01743662729859352,-0.01099577359855175,0.7892343997955322,0.5079982280731201,0.1359165459871292,0.12724600732326508,0.10-0.15,False,True,False,True,True,False,False,False,True,0.10476301610469818,-0.34923282265663147,0.3807588815689087,0.08362673223018646,0.08362673223018646,0.14000000059604645,0.10756459087133408,-0.019311610609292984,0.019311610609292984,0.03698653355240822,0.008379376493394375,0.037923526018857956,0.02353678271174431,0.010042504407465458,0.05071738734841347,-0.03671390563249588,0.1372828632593155,0.0008362673106603324,0.036251749843358994,0.005600038915872574,0.03668169677257538,0.024355337023735046,2-4deg,0.00-0.04,0.0,0.0,0.0,0.0
210,54,True,True,0.10189198702573776,0.10129044950008392,0.09569808840751648,0.10268963128328323,0.85999995470047,1.6451728343963623,0.8240719437599182,-0.0007632276974618435,0.02249552123248577,0.10268963128328323,0.09569808840751648,-0.020003974437713623,-0.022586319595575333,0.5485456585884094,0.2812836766242981,0.10019536316394806,0.0963912308216095,0.05-0.10,False,True,False,True,True,False,False,False,True,0.0972919762134552,-0.582847535610199,0.5562549233436584,0.19520917534828186,1.1223458051681519,0.09999999403953552,0.09569808840751648,-0.02004409022629261,0.02004409022629261,-0.03118830919265747,0.005416001658886671,0.03165498003363609,0.047888703644275665,0.0731322318315506,0.0,0.018952814862132072,0.10092546790838242,0.011223457753658295,-0.03496875613927841,0.005352437496185303,0.03537612780928612,0.04661202058196068,0-2deg,0.04-0.08,0.0,0.0,0.0,0.0
211,63,True,False,0.13562393188476562,0.13562393188476562,0.0,0.0,6.779999732971191,1.4821670055389404,0.18718810379505157,-0.5450084209442139,-0.7087916135787964,0.8397707939147949,0.13379502296447754,-0.011040857993066311,0.12280650436878204,1.296919822692871,0.6311031579971313,0.45036590099334717,0.16918522119522095,>=0.15,True,True,False,True,False,False,False,True,True,0.13379502296447754,-0.6928118467330933,0.4745806157588959,0.3495563566684723,0.3495563566684723,0.0,0.13379502296447754,-0.011040857993066311,0.011040857993066311,0.004211793188005686,0.04401477053761482,0.044215306639671326,0.0221925787627697,0.15523913502693176,0.15523913502693176,-0.6928118467330933,0.4745806157588959,0.003495563520118594,0.004211793188005686,0.04401477053761482,0.044215306639671326,0.0221925787627697,2-4deg,0.00-0.04,0.0,0.0,0.0,0.0
212,35,True,True,0.10308129340410233,0.10308129340410233,0.09697028249502182,0.12386561185121536,2.0,1.5870832204818726,0.36378762125968933,-0.012456832453608513,-0.1023050993680954,0.12386561185121536,0.09697028249502182,-0.019917620345950127,0.09045714139938354,1.1196635961532593,0.4516732394695282,0.06983090192079544,0.0679764524102211,0.05-0.10,False,True,False,True,True,False,False,False,True,0.10477808862924576,-0.7665694952011108,0.6815658211708069,0.33007678389549255,0.33007678389549255,0.09999999403953552,0.09697028249502182,-0.019917620345950127,0.019917620345950127,-0.08463738113641739,0.06547814607620239,0.10696116834878922,0.004427012987434864,0.01670198328793049,0.0016558425268158317,-0.09503363817930222,0.07944366335868835,0.003300767857581377,-0.08423002809286118,0.06507184356451035,0.10639072209596634,0.009996835142374039,>=6deg,0.00-0.04,0.0,0.0,0.0,0.0
213,39,True,True,0.09168467670679092,0.09168467670679092,0.0847347155213356,0.09383484721183777,3.5799999237060547,1.3047735691070557,0.2649059295654297,0.0057860445231199265,0.017272457480430603,0.09383484721183777,0.0847347155213356,-0.0199897401034832,-0.013921567238867283,1.084173321723938,0.597339928150177,0.09223145246505737,0.09413983672857285,0.05-0.10,False,True,False,True,True,False,False,False,True,0.09396854788064957,-0.5713596343994141,0.6503055691719055,0.3192844092845917,1.0145262479782104,0.07999999821186066,0.0847347155213356,-0.02011376991868019,0.02011376991868019,0.018192771822214127,0.030654869973659515,0.03564474731683731,0.03290381655097008,0.10336856544017792,0.0,0.020078664645552635,0.0916614681482315,0.010145261883735657,0.017822345718741417,0.03256988525390625,0.03712595999240875,0.03210651874542236,2-4deg,0.00-0.04,0.0,0.0,0.0,0.0
214,13,True,False,0.15622572600841522,0.15622572600841522,0.0,0.0,3.5399999618530273,1.5250314474105835,0.28546667098999023,-0.6396443843841553,-0.6156335473060608,0.7526723742485046,0.1552351713180542,-0.006333689205348492,-0.10661811381578445,1.1807624101638794,0.642646074295044,0.43302541971206665,0.19283904135227203,>=0.15,True,True,False,True,False,False,False,True,True,0.1552351713180542,-0.610199511051178,0.4406498074531555,0.7268931269645691,0.7268931269645691,0.0,0.1552351713180542,-0.006333689205348492,0.006333689205348492,-0.004661655053496361,0.013711606152355671,0.014480773359537125,0.022226734086871147,0.1970456838607788,0.1970456838607788,-0.610199511051178,0.4406498074531555,0.007268931251019239,-0.004661655053496361,0.013711606152355671,0.014480773359537125,0.022226734086871147,0-2deg,0.00-0.04,0.0,0.0,0.0,0.0
215,22,False,False,0.6326876282691956,0.523958146572113,0.0,0.0,9.979999542236328,0.3034070134162903,0.04348687082529068,0.24877895414829254,0.10540635883808136,0.4036659002304077,0.16284900903701782,0.5561810731887817,0.13839028775691986,0.955340564250946,0.5754303336143494,0.38966095447540283,0.18252550065517426,>=0.15,False,False,True,False,False,False,False,False,False,0.0,0.0,0.0,0.0,0.0,0.0,0.16284900903701782,0.38514745235443115,0.0,0.0,0.0,0.0,0.0,0.0,0.19370737671852112,0.12549805641174316,0.38366180658340454,0.0,-0.07437311857938766,0.06598437577486038,0.09938423335552216,0.025020454078912735,0-2deg,0.00-0.04,0.0,0.0,0.0,0.0
216,33,True,False,0.14298635721206665,0.13691061735153198,0.0,0.0,6.87999963760376,1.498494029045105,0.156202033162117,-0.3423486053943634,-0.21972185373306274,0.5003373622894287,0.13686276972293854,-0.01792885549366474,-0.11861800402402878,0.8697695136070251,0.5406159162521362,0.4495106041431427,0.15008233487606049,>=0.15,True,True,False,True,False,False,False,True,True,0.13686276972293854,-0.20799794793128967,0.45505422353744507,0.2974042296409607,0.2974042296409607,0.0,0.13686276972293854,-0.01792885549366474,0.01792885549366474,0.014289790764451027,-0.05366254970431328,0.055530745536088943,0.043041761964559555,0.03550901263952255,0.03550901263952255,-0.20799794793128967,0.45505422353744507,0.0029740422032773495,0.014289790764451027,-0.05366254970431328,0.055530745536088943,0.043041761964559555,2-4deg,0.04-0.08,0.0,0.0,0.0,0.0
217,47,True,False,0.13537335395812988,0.13537335395812988,0.0,0.0,6.139999866485596,1.3373723030090332,0.16001483798027039,0.12730403244495392,0.12445085495710373,0.16158512234687805,0.13104839622974396,-0.018988296389579773,0.01165481936186552,0.8759797811508179,0.5117682218551636,0.10306179523468018,0.013512189500033855,0.00-0.05,True,True,False,True,False,False,False,True,True,0.13104839622974396,0.12378432601690292,0.10386139154434204,0.02244952693581581,0.02244952693581581,0.0,0.13104839622974396,-0.018988296389579773,0.018988296389579773,-0.029967885464429855,0.015107797458767891,0.03356003388762474,0.032997749745845795,0.020058535039424896,0.020058535039424896,0.12378432601690292,0.10386139154434204,0.0002244952629553154,-0.029967885464429855,0.015107797458767891,0.03356003388762474,0.032997749745845795,0-2deg,0.00-0.04,0.0,0.0,0.0,0.0
218,25,True,False,0.15998028218746185,0.15419867634773254,0.0,0.0,4.21999979019165,1.3254109621047974,0.2026999592781067,-0.07802243530750275,-0.09336171299219131,0.24493171274662018,0.1562427282333374,-0.019700059667229652,0.016281796619296074,0.8104763031005859,0.4733861982822418,0.22644014656543732,0.17253535985946655,>=0.15,True,True,False,True,False,False,False,True,True,0.1562427282333374,-0.08882387727499008,0.22825832664966583,0.03361617028713226,0.03361617028713226,0.0,0.1562427282333374,-0.019700059667229652,0.019700059667229652,0.0007358573493547738,-0.07909609377384186,0.07909958064556122,0.019511859863996506,0.005990167148411274,0.005990167148411274,-0.08882387727499008,0.22825832664966583,0.00033616169821470976,0.0007358573493547738,-0.07909609377384186,0.07909958064556122,0.019511859863996506,4-6deg,0.00-0.04,0.0,0.0,0.0,0.0
219,53,False,False,0.710662305355072,0.6370871663093567,0.0,0.0,9.979999542236328,0.3130919337272644,0.03099983185529709,0.04736540839076042,0.10353587567806244,0.5016098618507385,0.27289214730262756,0.6029460430145264,-0.05655553936958313,1.1545909643173218,0.5245581269264221,0.49080830812454224,0.17402037978172302,>=0.15,False,False,True,False,False,False,False,False,False,0.0,0.0,0.0,0.0,0.0,0.0,0.27289214730262756,0.47092825174331665,0.0,0.0,0.0,0.0,0.0,0.0,0.1098153218626976,0.10223322361707687,0.4910812973976135,0.0,-0.00280137755908072,-0.00020178586419206113,0.0028049631509929895,0.002396204974502325,0-2deg,0.00-0.04,0.0,0.0,0.0,0.0
220,37,True,True,0.0501948706805706,0.0501948706805706,0.03598528355360031,0.21419291198253632,1.9199999570846558,1.321326732635498,0.34096816182136536,-0.005990043748170137,-0.07036180049180984,0.21419291198253632,0.03598528355360031,-0.020007595419883728,0.06696541607379913,0.44964730739593506,0.26579710841178894,0.20230625569820404,0.23095804452896118,>=0.15,False,True,False,True,True,False,False,False,True,0.044127821922302246,-0.17641112208366394,0.2870487868785858,0.07566649466753006,0.14911353588104248,0.07999999821186066,0.03598528355360031,-0.020041117444634438,0.020041117444634438,0.018419299274683,-0.008918894454836845,0.02046452835202217,0.08352603763341904,0.04083056375384331,0.0003452669770922512,-0.07265151292085648,0.20149530470371246,0.0014911353355273604,0.019942454993724823,-0.013670898973941803,0.02417667582631111,0.08277131617069244,0-2deg,0.08-0.12,0.0,0.0,0.0,0.0
221,57,False,False,0.7684833407402039,0.6799491047859192,0.0,0.0,9.979999542236328,0.7680227756500244,0.06850798428058624,0.04709392040967941,-0.0073536112904548645,0.5174552798271179,0.22907012701034546,0.6805704832077026,0.04775431379675865,0.9963802099227905,0.5031086206436157,0.5174030065536499,0.14399702847003937,0.10-0.15,False,False,True,False,False,False,False,False,False,0.0,0.0,0.0,0.0,0.0,0.0,0.22907012701034546,0.5605034232139587,0.0,0.0,0.0,0.0,0.0,0.0,0.15382762253284454,-0.01027219370007515,0.5173532962799072,0.0,0.012466837652027607,-0.0265631265938282,0.02934265322983265,0.029044991359114647,0-2deg,0.00-0.04,0.0,0.0,0.0,0.0
222,4,True,False,0.07005275040864944,0.06543786078691483,0.0,0.0,9.979999542236328,1.2986055612564087,0.14909106492996216,-0.10915516316890717,-0.00021791458129882812,0.04884392395615578,0.05992627143859863,-0.018707945942878723,-0.10702932626008987,1.2359672784805298,0.5531731843948364,0.04884343966841698,0.18103468418121338,>=0.15,False,False,True,True,False,False,False,False,True,0.11949663609266281,-0.2752687335014343,0.46460896730422974,0.1419343799352646,0.16774792969226837,0.0,0.05992627143859863,-0.019969677552580833,0.019969677552580833,-0.017485303804278374,0.0636046901345253,0.0659615695476532,0.016962626948952675,0.022137964144349098,0.0060001094825565815,-0.0009037457057274878,0.04883556067943573,0.0016774792456999421,-0.0016227163141593337,0.02045721933245659,0.020522698760032654,0.03701528534293175,2-4deg,0.00-0.04,0.0,0.0,0.0,0.0
223,0,True,False,0.13451288640499115,0.13434655964374542,0.0,0.0,3.8999998569488525,1.4071464538574219,0.23972506821155548,-0.5815832614898682,-0.43123310804367065,0.6045640110969543,0.13089071214199066,-0.010387328453361988,-0.1784755140542984,0.7680965662002563,0.49895793199539185,0.4237164556980133,0.1703241765499115,>=0.15,True,True,False,True,False,False,False,True,True,0.13089071214199066,-0.4424211084842682,0.41202086210250854,0.5162173509597778,0.5162173509597778,0.0,0.13089071214199066,-0.010387328453361988,0.010387328453361988,-0.027454541996121407,-0.03245595470070839,0.042507514357566833,0.02611546590924263,0.1317833513021469,0.1317833513021469,-0.4424211084842682,0.41202086210250854,0.005162173416465521,-0.027454541996121407,-0.03245595470070839,0.042507514357566833,0.02611546590924263,2-4deg,0.00-0.04,0.0,0.0,0.0,0.0
224,21,True,True,0.11410050839185715,0.10615341365337372,0.10877230018377304,0.05615875497460365,9.34000015258789,1.5463672876358032,0.14178597927093506,-0.0860566571354866,0.017789170145988464,0.05615875497460365,0.10877230018377304,-0.019539374858140945,-0.1031704917550087,1.1008230447769165,0.4961201548576355,0.05326678976416588,0.04373341426253319,0.00-0.05,False,True,False,True,True,False,False,False,True,0.10489601641893387,-0.6262745261192322,0.42463770508766174,0.4378507137298584,0.6546328067779541,0.3999999761581421,0.10877230018377304,-0.020067758858203888,0.020067758858203888,0.01088372990489006,-0.03587303310632706,0.03748712316155434,0.00952302198857069,0.12710203230381012,0.011032402515411377,0.018192404881119728,0.05313042551279068,0.006546327844262123,0.013051397167146206,-0.03704317659139633,0.03927351534366608,0.00388087029568851,2-4deg,0.00-0.04,0.0,0.0,0.0,0.0
225,9,False,False,0.7735562324523926,0.6946849822998047,0.0,0.0,9.979999542236328,0.3428773581981659,0.04346730187535286,0.04033021628856659,0.10667876899242401,0.4425318241119385,0.219887837767601,0.6868212819099426,-0.07188881933689117,0.6967229843139648,0.47895270586013794,0.4294811487197876,0.10711322724819183,0.10-0.15,False,False,True,False,False,False,False,False,False,0.0,0.0,0.0,0.0,0.0,0.0,0.219887837767601,0.5893354415893555,0.0,0.0,0.0,0.0,0.0,0.0,0.10989904403686523,0.06992819905281067,0.4369719326496124,0.0,-0.07774170488119125,-0.07272201031446457,0.10640306770801544,0.043111711740493774,0-2deg,0.00-0.04,0.0,0.0,0.0,0.0
226,7,True,False,0.12742994725704193,0.12742994725704193,0.0,0.0,4.019999980926514,1.4327133893966675,0.2505558431148529,0.00010842512710951269,0.06099151447415352,0.07967494428157806,0.12254321575164795,-0.019956467673182487,-0.058434389531612396,0.6911115050315857,0.4874042570590973,0.05126531422138214,0.05686156451702118,0.05-0.10,True,True,False,True,False,False,False,True,True,0.12254321575164795,0.06205873563885689,0.04996809735894203,0.2456638067960739,0.2456638067960739,0.0,0.12254321575164795,-0.019956467673182487,0.019956467673182487,0.030372917652130127,-0.006527808029204607,0.03106568567454815,0.01936531439423561,0.0011451211757957935,0.0011451211757957935,0.06205873563885689,0.04996809735894203,0.002456638030707836,0.030372917652130127,-0.006527808029204607,0.03106568567454815,0.01936531439423561,0-2deg,0.00-0.04,0.0,0.0,0.0,0.0
227,19,True,True,0.06165623664855957,0.06165623664855957,0.05072696506977081,0.25236597657203674,2.2799999713897705,1.1965981721878052,0.2833593487739563,0.010568580590188503,-0.03635002672672272,0.25236597657203674,0.05072696506977081,-0.01979726180434227,0.04698579013347626,0.745239794254303,0.45344868302345276,0.24973438680171967,0.24315951764583588,>=0.15,False,True,False,True,True,False,False,False,True,0.053416162729263306,0.07487495988607407,0.26724860072135925,0.021168719977140427,0.04292912408709526,0.09999999403953552,0.05072696506977081,-0.01982608251273632,0.01982608251273632,0.0029437190387398005,0.008661603555083275,0.009147977456450462,0.003371786791831255,0.03109445795416832,0.0040559712797403336,-0.0349915586411953,0.2499283403158188,0.0004292912199161947,0.0031280117109417915,0.00846048817038536,0.009023331105709076,0.003449903102591634,0-2deg,0.00-0.04,0.0,0.0,0.0,0.0
228,22,True,True,0.08592703938484192,0.08592703938484192,0.07848384231328964,0.10436345636844635,1.0399999618530273,1.2769545316696167,0.6733531951904297,-0.012058104388415813,-0.10170928388834,0.10436345636844635,0.07848384231328964,-0.020029356703162193,0.08897871524095535,0.6695597767829895,0.3264879584312439,0.02338702231645584,0.02034568414092064,0.00-0.05,False,True,False,True,True,False,False,False,True,0.08008787781000137,-0.6472717523574829,0.3831974267959595,0.2401982545852661,0.2401982545852661,0.07999999821186066,0.07848384231328964,-0.020029356703162193,0.020029356703162193,0.08024325966835022,0.03856959193944931,0.08901320397853851,0.01731029711663723,0.06860089302062988,0.0022902425844222307,-0.09960565716028214,0.031151972711086273,0.002401982434093952,0.08077997714281082,0.03935626894235611,0.08983879536390305,0.014472356997430325,4-6deg,0.00-0.04,0.0,0.0,0.0,0.0
229,1,True,False,0.16886037588119507,0.16640813648700714,0.0,0.0,3.879999876022339,1.4938673973083496,0.3104332387447357,0.12496958673000336,0.03088858723640442,0.21416491270065308,0.16552361845970154,-0.018646448850631714,0.09619615226984024,1.2258632183074951,0.7623008489608765,0.2119257152080536,0.18825887143611908,>=0.15,True,True,False,True,False,False,False,True,True,0.16552361845970154,0.0307635348290205,0.21194389462471008,0.03503258526325226,0.03503258526325226,0.0,0.16552361845970154,-0.01922568678855896,0.01922568678855896,-0.0001549199369037524,-0.0008280283072963357,0.0008457279182039201,0.037838228046894073,0.01912134885787964,0.01912134885787964,0.0307635348290205,0.21194389462471008,0.0003503258340060711,-0.0001549199369037524,-0.0008280283072963357,0.0008457279182039201,0.037838228046894073,0-2deg,0.00-0.04,0.0,0.0,0.0,0.0
230,11,True,False,0.13732951879501343,0.13732951879501343,0.0,0.0,4.119999885559082,1.6223043203353882,0.30137762427330017,-0.6864654421806335,-0.7629050016403198,0.8854086995124817,0.13393639028072357,-0.012415938079357147,0.03716249018907547,0.9831482768058777,0.5567691326141357,0.4493601322174072,0.19222848117351532,>=0.15,True,True,False,True,False,False,False,True,True,0.13393639028072357,-0.7876743674278259,0.4043732285499573,0.14923416078090668,0.14923416078090668,0.0,0.13393639028072357,-0.012415938079357147,0.012415938079357147,0.024971039965748787,-0.05662582069635391,0.06188206374645233,0.03907227888703346,0.1159353032708168,0.1159353032708168,-0.7876743674278259,0.4043732285499573,0.0014923416310921311,0.024971039965748787,-0.05662582069635391,0.06188206374645233,0.03907227888703346,2-4deg,0.00-0.04,0.0,0.0,0.0,0.0
231,18,True,False,0.22732718288898468,0.07206360250711441,0.0,0.0,4.019999980926514,1.449210524559021,0.23779788613319397,0.1551719307899475,0.017261117696762085,0.17810961604118347,0.22688564658164978,-0.012807951308786869,0.14964435994625092,0.843524694442749,0.37063512206077576,0.17727123200893402,0.12054020911455154,0.10-0.15,True,True,False,True,False,False,False,True,True,0.0630362257361412,-0.47129133343696594,0.4464544653892517,0.32270973920822144,0.32270973920822144,0.0,0.22688564658164978,-0.01987711526453495,0.01987711526453495,0.051924120634794235,-0.031324587762355804,0.060633882880210876,0.038606420159339905,0.166960671544075,0.0996769592165947,0.024282708764076233,0.17644654214382172,0.003227097215130925,0.021319136023521423,0.03353020176291466,0.03973232954740524,0.0562862791121006,2-4deg,0.00-0.04,0.0,0.0,0.0,0.0
232,6,True,True,0.050566382706165314,0.050566382706165314,0.036503009498119354,0.21337080001831055,5.779999732971191,1.229706883430481,0.1659049242734909,0.0072191497310996056,-0.04324762150645256,0.21337080001831055,0.036503009498119354,-0.019999071955680847,0.0489286407828331,0.7671099901199341,0.46335700154304504,0.20894195139408112,0.20577342808246613,>=0.15,False,True,False,True,True,False,False,False,True,0.0644138902425766,-0.39718687534332275,0.574039101600647,0.3657529652118683,0.9272347688674927,1.6399999856948853,0.036503009498119354,-0.02004227228462696,0.02004227228462696,0.043734584003686905,0.011673484928905964,0.04526413604617119,0.054339852184057236,0.14661891758441925,0.0003452669770922512,-0.034698788076639175,0.21053050458431244,0.009272347204387188,-0.007438357919454575,0.06617364287376404,0.06658976525068283,0.03639189526438713,2-4deg,0.04-0.08,0.0,0.0,0.0,0.0
233,34,True,True,0.10667784512042999,0.10478024929761887,0.1008310541510582,0.19327515363693237,3.619999885559082,1.3979915380477905,0.2411511242389679,0.00448602857068181,-0.08139868080615997,0.19327515363693237,0.1008310541510582,-0.019667956978082657,0.08602440357208252,1.0095189809799194,0.5966106653213501,0.17529842257499695,0.15819571912288666,>=0.15,False,True,False,True,True,False,False,False,True,0.10140430927276611,-0.7340682148933411,0.5468896627426147,0.24433301389217377,0.648934543132782,0.09999999403953552,0.1008310541510582,-0.020099066197872162,0.020099066197872162,0.07183954119682312,-0.0401175431907177,0.08226489275693893,0.003619927214458585,0.2514879107475281,0.005050825886428356,-0.08678992837667465,0.17269277572631836,0.006489345338195562,0.07196085900068283,-0.03984205052256584,0.08223731815814972,0.004403476603329182,4-6deg,0.00-0.04,0.0,0.0,0.0,0.0
234,29,True,True,0.09093751758337021,0.08767037838697433,0.08412110060453415,0.24689757823944092,6.739999771118164,1.4303174018859863,0.1813592165708542,-0.09948410093784332,0.011340335011482239,0.24689757823944092,0.08412110060453415,-0.019197551533579826,-0.11345794051885605,1.073294758796692,0.5665459632873535,0.2466370016336441,0.17007839679718018,>=0.15,False,True,False,True,True,False,False,False,True,0.08091378211975098,-0.4511657655239105,0.5638179779052734,0.07620757818222046,0.6381758451461792,0.09999999403953552,0.08412110060453415,-0.020098764449357986,0.020098764449357986,-0.020188147202134132,0.04915114492177963,0.05313250795006752,0.03395747020840645,0.07613703608512878,0.015270163305103779,0.02364281564950943,0.24576295912265778,0.006381758488714695,-0.02002534084022045,0.04638053849339485,0.05051593855023384,0.03541911393404007,2-4deg,0.00-0.04,0.0,0.0,0.0,0.0
235,30,True,False,0.17346669733524323,0.17035894095897675,0.0,0.0,7.739999771118164,1.461501121520996,0.1572156399488449,-0.16534805297851562,-0.026190489530563354,0.28336167335510254,0.16997432708740234,-0.020207198336720467,-0.14715801179409027,0.9793839454650879,0.5392943620681763,0.28214868903160095,0.261461079120636,>=0.15,True,True,False,True,False,False,False,True,True,0.16997432708740234,-0.024817567318677902,0.2822727859020233,0.6736599206924438,0.6736599206924438,0.0,0.16997432708740234,-0.020207198336720467,0.020207198336720467,-0.0015590897528454661,-0.005926326382905245,0.006127891130745411,0.05478786677122116,0.002341714920476079,0.002341714920476079,-0.024817567318677902,0.2822727859020233,0.006736598908901215,-0.0015590897528454661,-0.005926326382905245,0.006127891130745411,0.05478786677122116,0-2deg,0.04-0.08,0.0,0.0,0.0,0.0
236,12,True,True,0.09062844514846802,0.09062844514846802,0.08355516195297241,0.12087002396583557,6.559999942779541,1.4893825054168701,0.17637775838375092,-0.1216772273182869,-0.00023242831230163574,0.12087002396583557,0.08355516195297241,-0.018619414418935776,-0.1267760992050171,1.3423171043395996,0.6098388433456421,0.12086980044841766,0.0840638279914856,0.05-0.10,False,True,False,True,True,False,False,False,True,0.09352719783782959,-0.5905836224555969,0.5850176811218262,0.37719982862472534,0.6936516165733337,0.09999999403953552,0.08355516195297241,-0.020129645243287086,0.020129645243287086,-0.00824384018778801,0.03074030950665474,0.031825896352529526,0.05609133467078209,0.10424577444791794,0.02210562862455845,0.003372273640707135,0.120822973549366,0.006936516147106886,-0.009000527672469616,0.0351053886115551,0.03624021261930466,0.054631128907203674,0-2deg,0.04-0.08,0.0,0.0,0.0,0.0
237,7,True,True,0.08321872353553772,0.08321872353553772,0.07548021525144577,0.23799754679203033,1.0399999618530273,1.462903618812561,0.6918766498565674,-0.03194449096918106,-0.19108283519744873,0.23799754679203033,0.07548021525144577,-0.019972726702690125,0.1599264293909073,0.4239543676376343,0.20470155775547028,0.14188088476657867,0.131651371717453,0.10-0.15,False,True,False,True,True,False,False,False,True,0.07499689608812332,-0.49797481298446655,0.34265291690826416,0.2190409004688263,0.2190409004688263,0.07999999821186066,0.07548021525144577,-0.019972726702690125,0.019972726702690125,-0.0464334562420845,0.02899087406694889,0.054734643548727036,0.04474582150578499,0.02161203883588314,0.0006905339541845024,-0.1963241845369339,0.13453494012355804,0.002190408995375037,-0.044037606567144394,0.030260667204856873,0.053426869213581085,0.045633748173713684,2-4deg,0.04-0.08,0.0,0.0,0.0,0.0
238,17,True,True,0.10297463834285736,0.09924586862325668,0.09688367694616318,0.27345186471939087,4.299999713897705,1.408244013786316,0.25935497879981995,-0.016739163547754288,-0.14449387788772583,0.27345186471939087,0.09688367694616318,-0.019839033484458923,0.12958784401416779,0.8974192142486572,0.5523272156715393,0.23215824365615845,0.22546076774597168,>=0.15,False,True,False,True,True,False,False,False,True,0.09374310821294785,-0.5169147849082947,0.35650143027305603,0.09091407060623169,0.09091407060623169,0.1599999964237213,0.09688367694616318,-0.019839033484458923,0.019839033484458923,0.04014916718006134,0.004765285179018974,0.0404314361512661,0.029676225036382675,0.06550513952970505,0.0031455333810299635,-0.15230780839920044,0.22710847854614258,0.0009091406827792525,0.043910808861255646,0.006127483677119017,0.044336505234241486,0.02744261734187603,2-4deg,0.00-0.04,0.0,0.0,0.0,0.0
239,26,True,True,0.04451374709606171,0.04451374709606171,0.027553653344511986,0.0982147827744484,8.079999923706055,1.3679929971694946,0.1402709186077118,-0.042718272656202316,0.029304668307304382,0.0982147827744484,0.027553653344511986,-0.02004682831466198,-0.06998322904109955,0.7266829609870911,0.43353691697120667,0.0937410295009613,0.07063046097755432,0.05-0.10,False,True,False,True,True,False,False,False,True,0.09850525110960007,-0.6420527100563049,0.5147925615310669,0.17046864330768585,1.2349330186843872,0.9799999594688416,0.027553653344511986,-0.020193791016936302,0.020193791016936302,-0.06490423530340195,-0.013248157687485218,0.06624040007591248,0.019170166924595833,0.17596885561943054,0.0018269813153892756,0.027773572131991386,0.09420600533485413,0.012349329888820648,-0.06680455058813095,-0.0038491515442728996,0.06691503524780273,0.01790880411863327,2-4deg,0.00-0.04,0.0,0.0,0.0,0.0
240,38,True,False,0.14376987516880035,0.1429130882024765,0.0,0.0,5.559999942779541,1.3936465978622437,0.1890285760164261,-0.4606765806674957,-0.3677292466163635,0.49962085485458374,0.1411902755498886,-0.015930190682411194,-0.11527134478092194,1.1200053691864014,0.5900725722312927,0.33822503685951233,0.17113927006721497,>=0.15,True,True,False,True,False,False,False,True,True,0.1411902755498886,-0.3395848274230957,0.366473913192749,0.37268519401550293,0.37268519401550293,0.0,0.1411902755498886,-0.015930190682411194,0.015930190682411194,0.07928399741649628,0.03641984239220619,0.08723269402980804,0.04465962573885918,0.08015166223049164,0.08015166223049164,-0.3395848274230957,0.366473913192749,0.0037268518935889006,0.07928399741649628,0.03641984239220619,0.08723269402980804,0.04465962573885918,4-6deg,0.04-0.08,0.0,0.0,0.0,0.0
241,46,True,True,0.12483765929937363,0.09479742497205734,0.11942445486783981,0.12394464015960693,8.880000114440918,1.4686535596847534,0.12510961294174194,0.01149777788668871,-0.118027463555336,0.12394464015960693,0.11942445486783981,-0.019564859569072723,0.13048647344112396,0.8997454047203064,0.46785128116607666,0.037839021533727646,0.13711276650428772,0.10-0.15,False,True,False,True,True,False,False,False,True,0.08800609409809113,-0.13490508496761322,0.43926483392715454,0.4025382101535797,0.49143561720848083,2.4800000190734863,0.11942445486783981,-0.020122723653912544,0.020122723653912544,0.007524572778493166,-0.005669760052114725,0.009423988871276379,0.04602009057998657,0.020344750955700874,0.008789090439677238,-0.11745831370353699,0.039570435881614685,0.004914355929940939,0.08032377809286118,0.002709388267248869,0.0803694948554039,0.004672779235988855,0-2deg,0.04-0.08,0.0,0.0,0.0,0.0
242,18,True,True,0.07879878580570221,0.07323318719863892,0.07058881223201752,0.2957184612751007,0.9399999976158142,1.5293437242507935,0.7545639872550964,-0.027045410126447678,-0.19072404503822327,0.2957184612751007,0.07058881223201752,-0.02001800388097763,0.1608947217464447,0.39801737666130066,0.2556098997592926,0.2259949892759323,0.2228112667798996,>=0.15,False,True,False,True,True,False,False,False,True,0.0665019080042839,-0.16092734038829803,0.20678769052028656,0.0637255609035492,0.20061133801937103,0.05999999865889549,0.07058881223201752,-0.02001800388097763,0.02001800388097763,-0.04493245482444763,-0.0034112543798983097,0.045062143355607986,0.05329025164246559,0.01357133686542511,0.0005980199784971774,-0.1975465714931488,0.22005626559257507,0.0020061132963746786,-0.04450198635458946,-0.005502629093825817,0.044840630143880844,0.05347084626555443,2-4deg,0.04-0.08,0.0,0.0,0.0,0.0
243,27,False,False,0.7689568400382996,0.5470722317695618,0.0,0.0,9.979999542236328,0.8588384985923767,0.051278743892908096,0.016330808401107788,0.0882033035159111,0.45630934834480286,0.1910734474658966,0.6905025839805603,-0.06800755858421326,1.2024579048156738,0.5528823733329773,0.44770348072052,0.10899745672941208,0.10-0.15,False,False,True,False,False,False,False,False,False,0.0,0.0,0.0,0.0,0.0,0.0,0.1910734474658966,0.3495633006095886,0.0,0.0,0.0,0.0,0.0,0.0,0.08608190715312958,0.11576548218727112,0.4413802921772003,0.0,-0.04983668029308319,0.04682236537337303,0.0683683305978775,0.01917513646185398,0-2deg,0.00-0.04,0.0,0.0,0.0,0.0
244,29,True,False,0.14362755417823792,0.14362755417823792,0.0,0.0,0.8399999737739563,1.2981410026550293,0.6550001502037048,0.06309419125318527,-0.12809067964553833,0.3159421980381012,0.13950073719024658,-0.020172949880361557,0.1908831000328064,0.4106976389884949,0.24945354461669922,0.2888118326663971,0.16310903429985046,>=0.15,True,True,False,True,False,False,False,True,True,0.13950073719024658,-0.13200917840003967,0.28704193234443665,1.347008466720581,1.347008466720581,0.0,0.13950073719024658,-0.020172949880361557,0.020172949880361557,0.009811051189899445,0.013668068684637547,0.01682288758456707,0.0032470638398081064,0.005132768303155899,0.005132768303155899,-0.13200917840003967,0.28704193234443665,0.01347008440643549,0.009811051189899445,0.013668068684637547,0.01682288758456707,0.0032470638398081064,0-2deg,0.00-0.04,0.0,0.0,0.0,0.0
245,48,False,False,0.6559782028198242,0.5905264616012573,0.0,0.0,9.979999542236328,0.5306480526924133,0.05799541994929314,0.17940258979797363,0.06756580621004105,0.4633328318595886,0.20127925276756287,0.5696045756340027,0.11592939496040344,0.9874427914619446,0.5424825549125671,0.45837995409965515,0.16554398834705353,>=0.15,False,False,True,False,False,False,False,False,False,0.0,0.0,0.0,0.0,0.0,0.0,0.20127925276756287,0.4223696291446686,0.0,0.0,0.0,0.0,0.0,0.0,0.05714711174368858,0.06281689554452896,0.4590548276901245,0.0,0.007767553441226482,-0.07020093500614166,0.07062831521034241,0.02935885265469551,0-2deg,0.00-0.04,0.0,0.0,0.0,0.0
246,43,True,True,0.07753100991249084,0.07639484107494354,0.06918077915906906,0.18722358345985413,7.099999904632568,1.2677669525146484,0.16922816634178162,-0.00583525188267231,-0.014044667594134808,0.18722358345985413,0.06918077915906906,-0.019997401162981987,0.008201933465898037,0.8286726474761963,0.4899381101131439,0.18669606745243073,0.15581898391246796,>=0.15,False,True,False,True,True,False,False,False,True,0.07030989974737167,-0.5058199167251587,0.5529152750968933,0.24399060010910034,0.31224456429481506,0.11999999731779099,0.06918077915906906,-0.02002747729420662,0.02002747729420662,-0.007685587741434574,-0.04922938346862793,0.04982539638876915,0.04851973056793213,0.15679728984832764,0.0,-0.020647985860705376,0.18608152866363525,0.003122445661574602,-0.004643840715289116,-0.04526141658425331,0.04549931734800339,0.05142463371157646,2-4deg,0.04-0.08,0.0,0.0006905339541845024,0.0,0.0
247,61,True,True,0.11092618852853775,0.10781712830066681,0.10526254028081894,0.13566696643829346,5.5,1.448514461517334,0.18541179597377777,-0.018887050449848175,-0.058141447603702545,0.13566696643829346,0.10526254028081894,-0.020005878061056137,0.04254584014415741,0.9209683537483215,0.4709010422229767,0.12257691472768784,0.15107180178165436,>=0.15,False,True,False,True,True,False,False,False,True,0.1119333878159523,-0.5614492893218994,0.40285617113113403,0.45652535557746887,0.45652535557746887,1.559999942779541,0.10526254028081894,-0.02000856213271618,0.02000856213271618,-0.027479900047183037,-0.036652494221925735,0.045806244015693665,0.06567283719778061,0.19000762701034546,0.0,-0.06685466319322586,0.11805075407028198,0.004565253388136625,-0.07541856914758682,-0.01445922814309597,0.07678934931755066,0.026344895362854004,2-4deg,0.04-0.08,0.0,0.0,0.0,0.0
248,33,True,True,0.0870295912027359,0.08626770973205566,0.07974192500114441,0.1521545797586441,2.799999952316284,1.2280827760696411,0.24410220980644226,0.023700758814811707,0.07575099170207977,0.1521545797586441,0.07974192500114441,-0.020027581602334976,-0.052402347326278687,0.4174569249153137,0.20820601284503937,0.13195757567882538,0.1339256465435028,0.10-0.15,False,True,False,True,True,False,False,False,True,0.10320546478033066,-0.05137590318918228,0.161473348736763,0.0652235746383667,0.3542236387729645,1.8799999952316284,0.07974192500114441,-0.02006867155432701,0.02006867155432701,0.04858112335205078,-0.009817997924983501,0.049562614411115646,0.04902370646595955,0.0829245075583458,0.0015440810238942504,0.08323697000741959,0.12736806273460388,0.0035422362852841616,0.07936614006757736,-0.008612904697656631,0.07983091473579407,0.02122783288359642,2-4deg,0.04-0.08,0.0,0.0,0.0,0.0
249,26,True,False,0.1386459320783615,0.1386459320783615,0.0,0.0,0.8999999761581421,1.7245898246765137,0.9437623023986816,-0.5852234363555908,-0.7471980452537537,0.8925434350967407,0.13646245002746582,-0.008476483635604382,0.13628891110420227,0.6188784837722778,0.37392204999923706,0.4881893992424011,0.15481889247894287,>=0.15,True,True,False,True,False,False,False,True,True,0.13646245002746582,-0.7507556676864624,0.4827005863189697,0.13404500484466553,0.13404500484466553,0.0,0.13646245002746582,-0.008476483635604382,0.008476483635604382,-0.018237803131341934,-0.08569561690092087,0.08761020749807358,0.007508325390517712,0.16362692415714264,0.16362692415714264,-0.7507556676864624,0.4827005863189697,0.001340450020506978,-0.018237803131341934,-0.08569561690092087,0.08761020749807358,0.007508325390517712,4-6deg,0.00-0.04,0.0,0.0,0.0,0.0
250,8,False,False,0.6876088380813599,0.6530559659004211,0.0,0.0,9.979999542236328,0.1829279363155365,0.050804294645786285,0.12292264401912689,-0.006377086043357849,0.33250892162323,0.21929214894771576,0.5976764559745789,0.13185176253318787,0.9689722061157227,0.4932166039943695,0.33244776725769043,0.11310422420501709,0.10-0.15,False,False,True,False,False,False,False,False,False,0.0,0.0,0.0,0.0,0.0,0.0,0.21929214894771576,0.5246495604515076,0.0,0.0,0.0,0.0,0.0,0.0,0.09941066056489944,0.010690303519368172,0.33233702182769775,0.0,0.039617616683244705,-0.04157974570989609,0.05742403492331505,0.025379832834005356,0-2deg,0.00-0.04,0.0,0.0006905339541845024,0.0,0.0
251,1,True,True,0.08949490636587143,0.08853599429130554,0.08236563205718994,0.16623160243034363,2.1399998664855957,1.4518465995788574,0.33294162154197693,-0.0171075277030468,-0.09761408716440201,0.16623160243034363,0.08236563205718994,-0.02001202665269375,0.07710292190313339,1.5622317790985107,0.530596137046814,0.1345527321100235,0.12566743791103363,0.10-0.15,False,True,False,True,True,False,False,False,True,0.08224737644195557,-0.6166277527809143,0.5034677386283875,0.28367704153060913,0.28367704153060913,0.11999999731779099,0.08236563205718994,-0.02001202665269375,0.02001202665269375,-0.029107198119163513,-0.03770238161087036,0.0476263165473938,0.05259624868631363,0.12790265679359436,0.0,-0.10394309461116791,0.12972579896450043,0.0028367703780531883,-0.033391308039426804,-0.03469681739807129,0.04814928025007248,0.052050188183784485,2-4deg,0.04-0.08,0.0,0.0006905339541845024,0.0,0.0
252,55,True,False,0.15446960926055908,0.15378527343273163,0.0,0.0,7.839999675750732,1.4045368432998657,0.18633852899074554,-0.5816584825515747,-0.4315730929374695,0.6156997680664062,0.15230906009674072,-0.015671852976083755,-0.1722661256790161,1.5309395790100098,0.6730478405952454,0.439125120639801,0.18619213998317719,>=0.15,True,True,False,True,False,False,False,True,True,0.15230906009674072,-0.40115946531295776,0.46707308292388916,0.18342474102973938,0.18342474102973938,0.0,0.15230906009674072,-0.015671852976083755,0.015671852976083755,0.07048800587654114,0.011937161907553673,0.07148965448141098,0.0468863770365715,0.08454509824514389,0.08454509824514389,-0.40115946531295776,0.46707308292388916,0.0018342473777011037,0.07048800587654114,0.011937161907553673,0.07148965448141098,0.0468863770365715,4-6deg,0.04-0.08,0.0,0.0,0.0,0.0
253,50,True,False,0.15314124524593353,0.14722220599651337,0.0,0.0,8.699999809265137,1.3098669052124023,0.16255901753902435,-0.31201809644699097,-0.3186435401439667,0.5296834111213684,0.1488955318927765,-0.013795584440231323,-0.007035373710095882,1.4752756357192993,0.7445766925811768,0.42312029004096985,0.18594248592853546,>=0.15,True,True,False,True,False,False,False,True,True,0.1488955318927765,-0.3286173641681671,0.41542157530784607,0.1462479680776596,0.1462479680776596,0.0,0.1488955318927765,-0.013795584440231323,0.013795584440231323,-0.027822723612189293,0.0039886548183858395,0.028107862919569016,0.032006241381168365,0.08728193491697311,0.08728193491697311,-0.3286173641681671,0.41542157530784607,0.0014624797040596604,-0.027822723612189293,0.0039886548183858395,0.028107862919569016,0.032006241381168365,0-2deg,0.00-0.04,0.0,0.0,0.0,0.0
254,23,True,True,0.11638279259204865,0.11638279259204865,0.11110514402389526,0.08049570769071579,9.559999465942383,1.3307634592056274,0.10946155339479446,-0.06530240923166275,0.030939757823944092,0.08049570769071579,0.11110514402389526,-0.018759796395897865,-0.09691173583269119,0.8233986496925354,0.506742537021637,0.07431212067604065,0.027790607884526253,0.00-0.05,False,True,False,True,True,False,False,False,True,0.11179841309785843,-0.3981560170650482,0.532053530216217,0.3010111153125763,0.3010111153125763,0.07999999821186066,0.11110514402389526,-0.01995387114584446,0.01995387114584446,-0.043849002569913864,0.007201104424893856,0.044435907155275345,0.0038369018584489822,0.018181761726737022,0.024737270548939705,0.029881717637181282,0.0747438445687294,0.0030101111624389887,-0.04402494058012962,0.0072547681629657745,0.044618017971515656,0.0022996212355792522,2-4deg,0.00-0.04,0.0,0.0,0.0,0.0
255,42,True,True,0.0728098675608635,0.06993772089481354,0.06386004388332367,0.21823559701442719,8.880000114440918,1.3214725255966187,0.16770917177200317,-0.06967569887638092,-0.009096823632717133,0.21823559701442719,0.06386004388332367,-0.019866852089762688,-0.05798882246017456,0.9364223480224609,0.4827520251274109,0.2180459201335907,0.20328561961650848,>=0.15,False,True,False,True,True,False,False,False,True,0.06309892982244492,-0.4177534580230713,0.447165310382843,0.2747832238674164,0.4195031225681305,1.7400000095367432,0.06386004388332367,-0.020146740600466728,0.020146740600466728,-0.013381141237914562,0.08022753149271011,0.08133334666490555,0.03574740141630173,0.10692542791366577,0.0029499635566025972,0.0009739524684846401,0.2182334065437317,0.004195031244307756,-0.04452876001596451,0.029529482126235962,0.05342463403940201,0.062067169696092606,4-6deg,0.00-0.04,0.0,0.0,0.0,0.0
