episode,env_id,align_success,success,final_distance,min_distance,touchdown_distance,touchdown_rel_vel,landing_time,max_descent_speed,mean_descent_speed,final_vertical_speed,terminal_vertical_relative_speed,terminal_relative_speed,terminal_horizontal_error,terminal_surface_clearance,terminal_pad_vertical_speed,max_horizontal_speed,mean_horizontal_speed,final_horizontal_speed,pad_speed,pad_speed_bucket,crash,terminated,time_out,contact_success,settled_landing,hard_contact,ground_crash,deck_miss,first_contact_seen,first_contact_xy_error_deck_frame,first_contact_normal_rel_speed,first_contact_tangential_rel_speed,first_contact_force,max_contact_force,settle_time,terminal_xy_error,minimum_surface_clearance,maximum_penetration,first_contact_deck_roll,first_contact_deck_pitch,first_contact_deck_tilt,first_contact_deck_angular_speed,first_contact_body_deck_normal_angle,terminal_body_deck_normal_angle,terminal_normal_relative_speed,terminal_tangential_relative_speed,max_contact_impulse,terminal_deck_roll,terminal_deck_pitch,terminal_deck_tilt,terminal_deck_angular_speed,deck_tilt_bucket,deck_angular_speed_bucket,max_deck_position_consistency_error,max_deck_orientation_consistency_error,max_deck_linear_velocity_consistency_error,max_deck_angular_velocity_consistency_error
0,52,False,False,0.30299168825149536,0.30299168825149536,0.0,0.0,0.5600000023841858,1.7286336421966553,0.6957026124000549,-0.5500262379646301,-0.5961344242095947,1.2152122259140015,0.294390469789505,0.007740335538983345,-0.07274719327688217,1.5205250978469849,0.8322816491127014,1.0589449405670166,0.2377633899450302,>=0.15,True,True,False,True,False,False,False,True,True,0.294390469789505,-0.6049867272377014,1.05391263961792,0.1920698881149292,0.1920698881149292,0.0,0.294390469789505,0.007740335538983345,0.0,0.005330570507794619,0.02600802853703499,0.026548197492957115,0.018907833844423294,0.3953765034675598,0.3953765034675598,-0.6049867272377014,1.05391263961792,0.0019206987926736474,0.005330570507794619,0.02600802853703499,0.026548197492957115,0.018907833844423294,0-2deg,0.00-0.04,0.0,0.0,0.0,0.0
1,43,False,False,0.4961499869823456,0.4961499869823456,0.0,0.0,0.6399999856948853,2.432602882385254,0.9779615998268127,-1.722519040107727,-1.5544705390930176,2.245906114578247,0.49014562368392944,-0.0010602083057165146,-0.11856447905302048,1.5373245477676392,0.6507654786109924,1.6210228204727173,0.23998670279979706,>=0.15,True,True,False,False,False,False,False,True,False,0.0,0.0,0.0,0.0,0.0,0.0,0.49014562368392944,-0.0010602083057165146,0.0010602083057165146,0.0,0.0,0.0,0.0,0.0,0.54278165102005,-1.514998435974121,1.6579725742340088,0.0,-0.047552987933158875,-0.0038171475753188133,0.047706376761198044,0.031736940145492554,0-2deg,0.00-0.04,0.0,0.0,0.0,0.0
2,7,False,False,0.6343779563903809,0.6343779563903809,0.0,0.0,0.6800000071525574,3.6087629795074463,1.3557182550430298,-3.370509386062622,-3.2666962146759033,3.7167186737060547,0.6495737433433533,-0.04852505773305893,-0.12599897384643555,1.312181830406189,0.5568860769271851,1.7727646827697754,0.14366751909255981,0.10-0.15,True,True,False,False,False,False,False,True,False,0.0,0.0,0.0,0.0,0.0,0.0,0.6495737433433533,-0.04852505773305893,0.04852505773305893,0.0,0.0,0.0,0.0,0.0,0.6036006212234497,-3.2539305686950684,1.796088695526123,0.0,0.001214800518937409,-0.01319667138159275,0.013251334428787231,0.05558107793331146,0-2deg,0.00-0.04,0.0,0.0,0.0,0.0
3,58,True,True,0.1053551584482193,0.10143136978149414,0.09931038320064545,0.16834726929664612,0.8799999952316284,1.5193039178848267,0.7040547728538513,-0.0018279430223628879,-0.1054932177066803,0.16834726929664612,0.09931038320064545,-0.019661756232380867,0.09795457869768143,0.3756166696548462,0.21720904111862183,0.13119445741176605,0.15517698228359222,>=0.15,False,True,False,True,True,False,False,False,True,0.09810315072536469,-0.6178626418113708,0.6032219529151917,0.30857542157173157,0.30857542157173157,0.07999999821186066,0.09931038320064545,-0.019740458577871323,0.019740458577871323,0.04321163520216942,-0.02270452491939068,0.04880977049469948,0.05950930714607239,0.08110485225915909,0.005315323825925589,-0.10640538483858109,0.13045573234558105,0.0030857541132718325,0.0462106317281723,-0.02082817256450653,0.050684455782175064,0.0583997443318367,2-4deg,0.04-0.08,0.0,0.0,0.0,0.0
4,47,True,True,0.07985339313745499,0.07743101567029953,0.07176259905099869,0.10766541212797165,1.0,1.8928070068359375,0.9835867881774902,-0.006609691772609949,-0.054402828216552734,0.10766541212797165,0.07176259905099869,-0.019971568137407303,0.04665389284491539,0.48821577429771423,0.2633693814277649,0.09290948510169983,0.08881665766239166,0.05-0.10,False,True,False,True,True,False,False,False,True,0.0705144852399826,-0.5122165083885193,0.4974400997161865,0.25363028049468994,0.5049381256103516,0.07999999821186066,0.07176259905099869,-0.020184477791190147,0.020184477791190147,0.0383526086807251,-0.0067858523689210415,0.03894729167222977,0.01585536077618599,0.10828625410795212,0.0005980199784971774,-0.05119079351425171,0.09471716731786728,0.00504938093945384,0.03738255053758621,-0.006773864384740591,0.03799106553196907,0.01648045890033245,2-4deg,0.00-0.04,0.0,0.0,0.0,0.0
5,18,False,False,0.39923444390296936,0.39923444390296936,0.0,0.0,1.0399999618530273,2.459136962890625,0.6754356622695923,-1.5701810121536255,-1.6984858512878418,1.9790347814559937,0.38554829359054565,-0.021107908338308334,0.16734565794467926,2.491244316101074,1.4234861135482788,1.0157384872436523,0.19910801947116852,>=0.15,True,True,False,False,False,False,False,True,False,0.0,0.0,0.0,0.0,0.0,0.0,0.38554829359054565,-0.021107908338308334,0.021107908338308334,0.0,0.0,0.0,0.0,0.0,0.46036362648010254,-1.711742877960205,0.9932347536087036,0.0,-0.002742727054283023,-0.019306089729070663,0.019501017406582832,0.06117325648665428,0-2deg,0.00-0.04,0.0,0.0,0.0,0.0
6,36,False,False,0.48080629110336304,0.48080629110336304,0.0,0.0,1.0799999237060547,2.7697865962982178,0.6880862712860107,-2.3569672107696533,-2.2657642364501953,2.347566604614258,0.459772527217865,-0.026188012212514877,-0.11538530886173248,2.6514832973480225,1.3503209352493286,0.6143140196800232,0.19729365408420563,>=0.15,True,True,False,False,False,False,False,True,False,0.0,0.0,0.0,0.0,0.0,0.0,0.459772527217865,-0.026188012212514877,0.026188012212514877,0.0,0.0,0.0,0.0,0.0,0.7765886187553406,-2.289309024810791,0.5197440981864929,0.0,-0.0002115622628480196,-0.04590405151247978,0.045905064791440964,0.007967828772962093,0-2deg,0.00-0.04,0.0,0.0,0.0,0.0
7,49,False,False,0.19885993003845215,0.19885993003845215,0.0,0.0,1.0799999237060547,3.321579694747925,0.905229926109314,-0.13939087092876434,-0.4553314745426178,1.038772702217102,0.17012658715248108,0.029058583080768585,-0.09552115201950073,2.0730156898498535,0.9573149085044861,0.9336604475975037,0.2323950231075287,>=0.15,True,True,False,True,False,True,False,True,True,0.17012658715248108,-0.5086336135864258,0.905726432800293,7.994485855102539,7.994485855102539,0.0,0.17012658715248108,0.029058583080768585,0.0,-0.07372027635574341,0.00022619272931478918,0.07372047752141953,0.005450596567243338,0.7303951978683472,0.7303951978683472,-0.5086336135864258,0.905726432800293,0.07994485646486282,-0.07372027635574341,0.00022619272931478918,0.07372047752141953,0.005450596567243338,4-6deg,0.00-0.04,0.0,0.0,0.0,0.0
8,37,False,False,0.23660114407539368,0.23660114407539368,0.0,0.0,1.2599999904632568,2.2393958568573,0.5337315797805786,-0.5717737078666687,-0.5376659631729126,1.1998791694641113,0.23831243813037872,0.0010199565440416336,-0.11082814633846283,2.1864686012268066,0.9498544931411743,1.0726720094680786,0.14568471908569336,0.10-0.15,True,True,False,True,False,False,False,True,True,0.23831243813037872,-0.5331767797470093,1.0749105215072632,0.27518704533576965,0.27518704533576965,0.0,0.23831243813037872,0.0010199565440416336,0.0,-0.0006930507370270789,0.004693366587162018,0.004746641032397747,0.01310235820710659,0.35141149163246155,0.35141149163246155,-0.5331767797470093,1.0749105215072632,0.0027518703136593103,-0.0006930507370270789,0.004693366587162018,0.004746641032397747,0.01310235820710659,0-2deg,0.00-0.04,0.0,0.0,0.0,0.0
9,31,False,False,0.21801389753818512,0.21801389753818512,0.0,0.0,1.4399999380111694,1.5493907928466797,0.5502698421478271,-0.4326622486114502,-0.8524160385131836,0.9467206001281738,0.1999584138393402,0.009601356461644173,0.10283531993627548,1.7841212749481201,0.9406866431236267,0.4119062125682831,0.11617974191904068,0.10-0.15,True,True,False,True,False,True,False,True,True,0.1999584138393402,-0.8545221090316772,0.40751913189888,1.8421461582183838,1.8421461582183838,0.0,0.1999584138393402,0.009601356461644173,0.0,-6.162215140648186e-05,-0.0062011596746742725,0.006205217447131872,0.019980117678642273,0.5503987669944763,0.5503987669944763,-0.8545221090316772,0.40751913189888,0.018421461805701256,-6.162215140648186e-05,-0.0062011596746742725,0.006205217447131872,0.019980117678642273,0-2deg,0.00-0.04,0.0,0.0,0.0,0.0
10,16,True,True,0.09463274478912354,0.09463274478912354,0.08792313933372498,0.13195154070854187,1.71999990940094,1.293038249015808,0.4949767589569092,-0.008208646439015865,-0.08899111300706863,0.13195154070854187,0.08792313933372498,-0.019955167546868324,0.08218490332365036,0.9637945294380188,0.44687092304229736,0.09742581844329834,0.1230078935623169,0.10-0.15,False,True,False,True,True,False,False,False,True,0.0905103087425232,-0.060119833797216415,0.09729239344596863,1.1391900777816772,1.1391900777816772,0.05999999865889549,0.08792313933372498,-0.020198626443743706,0.020198626443743706,-0.05280672758817673,-0.0019109671702608466,0.05284102261066437,0.02210908569395542,0.002210787730291486,0.0006905339541845024,-0.08383462578058243,0.10189682990312576,0.011391900479793549,-0.051912203431129456,-0.0018791229231283069,0.05194643512368202,0.022644035518169403,2-4deg,0.00-0.04,0.0,0.0,0.0,0.0
11,63,True,True,0.11493740975856781,0.11463560163974762,0.10998599231243134,0.07846096158027649,1.7999999523162842,1.2151950597763062,0.3403538167476654,0.01760072447359562,0.02534393034875393,0.07846096158027649,0.10998599231243134,-0.012571437284350395,-0.011018430814146996,0.6558994650840759,0.30732282996177673,0.07425501942634583,0.0352652370929718,0.00-0.05,False,True,False,True,True,False,False,False,True,0.1178383082151413,-0.5708945989608765,0.687335729598999,0.05355897545814514,0.05355897545814514,0.1599999964237213,0.10998599231243134,-0.019326232373714447,0.019326232373714447,-0.012564403004944324,-0.06856817752122879,0.0697084590792656,0.025955138728022575,0.15184816718101501,0.10539425164461136,0.020117895677685738,0.07583793997764587,0.0005355897592380643,-0.016127929091453552,-0.06786953657865524,0.06975635886192322,0.02616407722234726,2-4deg,0.00-0.04,0.0,0.0,0.0,0.0
12,4,False,False,0.46864113211631775,0.4622094929218292,0.0,0.0,1.8199999332427979,4.0832977294921875,0.7152514457702637,-4.282712936401367,-4.267272472381592,4.276366233825684,0.4566398859024048,-0.07508129626512527,0.06435646861791611,1.8550869226455688,0.8512001633644104,0.2787401080131531,0.19528426229953766,>=0.15,True,True,False,False,False,False,False,True,False,0.0,0.0,0.0,0.0,0.0,0.0,0.4566398859024048,-0.07508129626512527,0.07508129626512527,0.0,0.0,0.0,0.0,0.0,2.6257708072662354,-4.270203590393066,0.22950953245162964,0.0,-0.010939335450530052,0.003931934479624033,0.011626902036368847,0.02786603569984436,0-2deg,0.00-0.04,0.0,0.0,0.0,0.0
13,22,False,False,0.2613784670829773,0.2550446391105652,0.0,0.0,1.8399999141693115,2.3410604000091553,0.44787564873695374,-0.29846009612083435,-0.2860972285270691,0.29593923687934875,0.24973174929618835,0.0006475318223237991,-0.10675546526908875,1.7393949031829834,0.8156718611717224,0.0756862536072731,0.0995832234621048,0.05-0.10,True,True,False,True,False,False,False,True,True,0.24973174929618835,-0.2844086289405823,0.08180315047502518,0.4822658598423004,0.4822658598423004,0.0,0.24973174929618835,0.0006475318223237991,0.0,-0.003911010455340147,-0.022820066660642624,0.023154009133577347,0.03435144200921059,0.36058974266052246,0.36058974266052246,-0.2844086289405823,0.08180315047502518,0.004822658374905586,-0.003911010455340147,-0.022820066660642624,0.023154009133577347,0.03435144200921059,0-2deg,0.00-0.04,0.0,0.0,0.0,0.0
14,38,True,False,0.12501880526542664,0.12501880526542664,0.0,0.0,1.8799999952316284,1.5712556838989258,0.4638960361480713,-0.4897783398628235,-0.3714863061904907,0.5861307978630066,0.12045779079198837,-0.017718173563480377,-0.12576191127300262,0.7007982134819031,0.456272691488266,0.4533731937408447,0.20078834891319275,>=0.15,True,True,False,True,False,False,False,True,True,0.12045779079198837,-0.3758254647254944,0.4497827887535095,0.2704242467880249,0.2704242467880249,0.0,0.12045779079198837,-0.017718173563480377,0.017718173563480377,0.009563545696437359,-0.009245427325367928,0.013300721533596516,0.027106348425149918,0.03652044013142586,0.03652044013142586,-0.3758254647254944,0.4497827887535095,0.0027042424771934748,0.009563545696437359,-0.009245427325367928,0.013300721533596516,0.027106348425149918,0-2deg,0.00-0.04,0.0,0.0,0.0,0.0
15,11,True,True,0.08146056532859802,0.0773594006896019,0.07344977557659149,0.28018665313720703,1.9399999380111694,1.3974722623825073,0.4472759962081909,-0.02148008532822132,-0.1568109691143036,0.28018665313720703,0.07344977557659149,-0.019885975867509842,0.13333480060100555,0.7989328503608704,0.4223751723766327,0.23219577968120575,0.21225780248641968,>=0.15,False,True,False,True,True,False,False,False,True,0.0691198855638504,-0.47968289256095886,0.36660847067832947,0.22108204662799835,0.2752302885055542,0.07999999821186066,0.07344977557659149,-0.020001694560050964,0.020001694560050964,0.015507259406149387,-0.036303117871284485,0.03947490081191063,0.05816936120390892,0.08726347237825394,0.0022902425844222307,-0.1653914600610733,0.22616416215896606,0.0027523029129952192,0.012075121514499187,-0.035570234060287476,0.03756338357925415,0.05880230292677879,2-4deg,0.04-0.08,0.0,0.0,0.0,0.0
16,47,False,False,0.6198181509971619,0.6198181509971619,0.0,0.0,1.0199999809265137,3.284855842590332,0.8186317086219788,-3.0119900703430176,-3.2089576721191406,3.3949832916259766,0.6245057582855225,-0.019700706005096436,0.1918889284133911,2.9462599754333496,1.372252106666565,1.1083790063858032,0.2650146186351776,>=0.15,True,True,False,False,False,False,False,True,False,0.0,0.0,0.0,0.0,0.0,0.0,0.6245057582855225,-0.019700706005096436,0.019700706005096436,0.0,0.0,0.0,0.0,0.0,0.30006688833236694,-3.224266767501831,1.0630229711532593,0.0,-0.009119659662246704,0.010848237201571465,0.01417289674282074,0.03169891610741615,0-2deg,0.00-0.04,0.0,0.0,0.0,0.0
17,26,True,False,0.1405775099992752,0.1405775099992752,0.0,0.0,2.1399998664855957,1.5740464925765991,0.36609137058258057,0.11831702291965485,0.14039534330368042,0.3709724545478821,0.13636761903762817,-0.020155547186732292,-0.026833314448595047,0.6149149537086487,0.3810546100139618,0.34337982535362244,0.16790468990802765,>=0.15,True,True,False,True,False,False,False,True,True,0.13636761903762817,0.13139517605304718,0.3469234108924866,1.7702564001083374,1.7702564001083374,0.0,0.13636761903762817,-0.020155547186732292,0.020155547186732292,-0.04950851574540138,0.05445680394768715,0.07358115911483765,0.02051309309899807,0.00765841081738472,0.00765841081738472,0.13139517605304718,0.3469234108924866,0.017702562734484673,-0.04950851574540138,0.05445680394768715,0.07358115911483765,0.02051309309899807,4-6deg,0.00-0.04,0.0,0.0,0.0,0.0
18,41,True,True,0.0615728497505188,0.0615728497505188,0.05045027285814285,0.1430070549249649,2.1599998474121094,1.4363226890563965,0.38626807928085327,-0.08867432177066803,0.018991798162460327,0.1430070549249649,0.05045027285814285,-0.019050080329179764,-0.10942075401544571,0.8600937128067017,0.44015955924987793,0.1417403519153595,0.11410076171159744,0.10-0.15,False,True,False,True,True,False,False,False,True,0.05638318881392479,-0.3487333357334137,0.3766101598739624,0.3232966661453247,0.4949187636375427,0.07999999821186066,0.05045027285814285,-0.020081350579857826,0.020081350579857826,-0.007838302291929722,-0.016184795647859573,0.017983978614211082,0.028150200843811035,0.04397868365049362,0.01343449205160141,0.01938329078257084,0.14168734848499298,0.004949187394231558,-0.009512774646282196,-0.016356008127331734,0.018920788541436195,0.027954760938882828,0-2deg,0.00-0.04,0.0,0.0,0.0,0.0
19,2,True,True,0.10513023287057877,0.09810516983270645,0.0995677262544632,0.17494316399097443,2.180000066757202,1.6171435117721558,0.4107833206653595,-0.00370610598474741,-0.007010065019130707,0.17494316399097443,0.0995677262544632,-0.016889438033103943,0.0018286758568137884,0.49781447649002075,0.3269652724266052,0.17480266094207764,0.17336706817150116,>=0.15,False,True,False,True,True,False,False,False,True,0.09361398965120316,-0.40228909254074097,0.33622488379478455,0.18397678434848785,0.18397678434848785,0.11999999731779099,0.0995677262544632,-0.019807256758213043,0.019807256758213043,0.00029774036374874413,0.032293837517499924,0.03229448199272156,0.013185241259634495,0.0820484533905983,0.04605419561266899,-0.003887396538630128,0.17489996552467346,0.001839767792262137,0.0003043645992875099,0.030912837013602257,0.030913714319467545,0.01442608144134283,0-2deg,0.00-0.04,0.0,0.0,0.0,0.0
20,48,True,False,0.13429559767246246,0.13429559767246246,0.0,0.0,2.319999933242798,1.724529504776001,0.44459277391433716,-0.6611037254333496,-0.5417351722717285,0.6584104299545288,0.1299469769001007,-0.017944563180208206,-0.14508391916751862,0.6262018084526062,0.37584710121154785,0.37420225143432617,0.1853196769952774,>=0.15,True,True,False,True,False,False,False,True,True,0.1299469769001007,-0.5246211886405945,0.39784032106399536,0.3604840636253357,0.3604840636253357,0.0,0.1299469769001007,-0.017944563180208206,0.017944563180208206,-0.053642891347408295,0.03247583657503128,0.06269976496696472,0.05391541123390198,0.027661055326461792,0.027661055326461792,-0.5246211886405945,0.39784032106399536,0.003604840487241745,-0.053642891347408295,0.03247583657503128,0.06269976496696472,0.05391541123390198,2-4deg,0.04-0.08,0.0,0.0,0.0,0.0
21,50,True,False,0.14021266996860504,0.14021266996860504,0.0,0.0,2.319999933242798,1.3115664720535278,0.3482588827610016,-0.2205987423658371,-0.2297310084104538,0.4665466547012329,0.1335887312889099,-0.011282423511147499,-0.00962167140096426,1.1971145868301392,0.5595842003822327,0.40606582164764404,0.09017470479011536,0.05-0.10,True,True,False,True,False,False,False,True,True,0.1335887312889099,-0.21485425531864166,0.41412976384162903,0.05935195833444595,0.05935195833444595,0.0,0.1335887312889099,-0.011282423511147499,0.011282423511147499,-0.03855644166469574,-0.04803697392344475,0.06158740073442459,0.05147654935717583,0.12922297418117523,0.12922297418117523,-0.21485425531864166,0.41412976384162903,0.0005935195949859917,-0.03855644166469574,-0.04803697392344475,0.06158740073442459,0.05147654935717583,2-4deg,0.04-0.08,0.0,0.0,0.0,0.0
22,46,True,False,0.1334167718887329,0.13047659397125244,0.0,0.0,2.3399999141693115,1.6971179246902466,0.47151002287864685,-0.0044384365901350975,0.05171150714159012,0.16201923787593842,0.1287374198436737,-0.01995745114982128,-0.05767806991934776,1.3175495862960815,0.5499609112739563,0.1535452902317047,0.16339696943759918,>=0.15,True,True,False,True,False,False,False,True,True,0.1287374198436737,0.050762537866830826,0.1538616269826889,0.4341629147529602,0.4341629147529602,0.0,0.1287374198436737,-0.01995745114982128,0.01995745114982128,-0.01164156198501587,0.0009232435841113329,0.011678054928779602,0.014035551808774471,0.0,0.0,0.050762537866830826,0.1538616269826889,0.00434162886813283,-0.01164156198501587,0.0009232435841113329,0.011678054928779602,0.014035551808774471,0-2deg,0.00-0.04,0.0,0.0,0.0,0.0
23,54,True,False,0.12579423189163208,0.12579423189163208,0.0,0.0,2.3999998569488525,1.731509804725647,0.421161025762558,-0.5858756899833679,-0.6132185459136963,0.710247278213501,0.12013480067253113,-0.019416574388742447,0.05325054004788399,0.9242828488349915,0.4386806786060333,0.3583493232727051,0.16079112887382507,>=0.15,True,True,False,True,False,False,False,True,True,0.12013480067253113,-0.6233493089675903,0.3404216766357422,0.0619964674115181,0.0619964674115181,0.0,0.12013480067253113,-0.019416574388742447,0.019416574388742447,0.03512091934680939,-0.007302292622625828,0.035871490836143494,0.06423887610435486,0.016883015632629395,0.016883015632629395,-0.6233493089675903,0.3404216766357422,0.000619964674115181,0.03512091934680939,-0.007302292622625828,0.035871490836143494,0.06423887610435486,2-4deg,0.04-0.08,0.0,0.0,0.0,0.0
24,9,True,True,0.09481034427881241,0.09475646167993546,0.08765080571174622,0.10668709874153137,2.4600000381469727,1.1926209926605225,0.3595629930496216,0.008539234288036823,-0.07959042489528656,0.10668709874153137,0.08765080571174622,-0.01951715350151062,0.08954739570617676,1.341542363166809,0.5540594458580017,0.07104576379060745,0.1531817466020584,>=0.15,False,True,False,True,True,False,False,False,True,0.08970791101455688,-0.19769950211048126,0.260781854391098,0.14838410913944244,0.14838410913944244,0.07999999821186066,0.08765080571174622,-0.020084939897060394,0.020084939897060394,0.0026907220017164946,-0.016605475917458534,0.01682288758456707,0.025437725707888603,0.0027836323715746403,0.007986069656908512,-0.07864999771118164,0.07208546996116638,0.0014838411007076502,0.002790588652715087,-0.015069156885147095,0.01532471552491188,0.025874020531773567,0-2deg,0.00-0.04,0.0,0.0,0.0,0.0
25,14,True,True,0.0785185918211937,0.07451818138360977,0.07019613683223724,0.14012174308300018,2.4600000381469727,1.4167625904083252,0.4064566195011139,-0.015307807363569736,-0.09418594837188721,0.14012174308300018,0.07019613683223724,-0.01989583484828472,0.08054500073194504,1.1791300773620605,0.5470674633979797,0.10374540090560913,0.09758682548999786,0.05-0.10,False,True,False,True,True,False,False,False,True,0.06587059795856476,-0.15463200211524963,0.13016362488269806,0.37953412532806396,0.37953412532806396,0.07999999821186066,0.07019613683223724,-0.020083414390683174,0.020083414390683174,0.013180062174797058,0.03659949451684952,0.03889980912208557,0.018668251112103462,0.004408077336847782,0.002013235352933407,-0.09774357080459595,0.10040067136287689,0.003795341122895479,0.012054173275828362,0.03645629063248634,0.038396917283535004,0.01916709914803505,2-4deg,0.00-0.04,0.0,0.0,0.0,0.0
26,62,True,True,0.06683781743049622,0.05953189730644226,0.05695556849241257,0.22915944457054138,2.4800000190734863,1.2040809392929077,0.32935234904289246,-0.000981835532002151,-0.10532696545124054,0.22915944457054138,0.05695556849241257,-0.020020227879285812,0.10387495160102844,1.1184239387512207,0.4394897520542145,0.20351973176002502,0.1960259974002838,>=0.15,False,True,False,True,True,False,False,False,True,0.047107402235269547,-0.2109898030757904,0.15609365701675415,0.04233497381210327,0.365537166595459,0.07999999821186066,0.05695556849241257,-0.02002215012907982,0.02002215012907982,-0.06115785241127014,0.0007465616217814386,0.061162739992141724,0.01769169420003891,0.04354679584503174,0.0009134905994869769,-0.10646836459636688,0.2029249668121338,0.0036553714890033007,-0.062152717262506485,0.0007000843179412186,0.062157101929187775,0.015500878915190697,2-4deg,0.00-0.04,0.0,0.0,0.0,0.0
27,43,False,False,0.4223684072494507,0.4223684072494507,0.0,0.0,1.9799998998641968,2.2798421382904053,0.5736846327781677,-1.0326876640319824,-1.1388163566589355,1.3389686346054077,0.4416889548301697,-0.015566693618893623,0.12366795539855957,1.661047101020813,0.9237748980522156,0.7042260766029358,0.1684543937444687,>=0.15,True,True,False,False,False,False,False,True,False,0.0,0.0,0.0,0.0,0.0,0.0,0.4416889548301697,-0.015566693618893623,0.015566693618893623,0.0,0.0,0.0,0.0,0.0,0.6335272789001465,-1.1374794244766235,0.7063835263252258,0.0,0.001290205167606473,0.011714482679963112,0.011784753762185574,0.008083436638116837,0-2deg,0.00-0.04,0.0,0.0,0.0,0.0
28,21,True,True,0.07239817082881927,0.07239817082881927,0.06325650215148926,0.20175905525684357,2.6599998474121094,1.5638631582260132,0.2683033049106598,-0.012387406080961227,-0.17709164321422577,0.20175905525684357,0.06325650215148926,-0.019672956317663193,0.1646430343389511,1.1428766250610352,0.4743276834487915,0.09667091071605682,0.0899919867515564,0.05-0.10,False,True,False,True,True,False,False,False,True,0.06584583222866058,-0.45729514956474304,0.2802183926105499,0.20022694766521454,0.20022694766521454,0.09999999403953552,0.06325650215148926,-0.01989891566336155,0.01989891566336155,0.0013024394866079092,-0.0014907141448929906,0.0019834081176668406,0.0006992424023337662,0.011779694817960262,0.006569163873791695,-0.17717987298965454,0.09650910645723343,0.002002269495278597,0.0013558309292420745,-0.0014856208581477404,0.002013235352933407,0.0006421798025257885,0-2deg,0.00-0.04,0.0,0.0,0.0,0.0
29,33,True,True,0.06492359191179276,0.05967951938509941,0.05456306040287018,0.23519831895828247,2.6599998474121094,1.299981951713562,0.28658542037010193,-0.024215973913669586,-0.13940054178237915,0.23519831895828247,0.05456306040287018,-0.01989622972905636,0.11421471834182739,0.9919210076332092,0.4372292459011078,0.18943533301353455,0.1862902194261551,>=0.15,False,True,False,True,True,False,False,False,True,0.04896003380417824,-0.11382419615983963,0.19087818264961243,0.12103240191936493,0.1468096524477005,0.05999999865889549,0.05456306040287018,-0.020021455362439156,0.020021455362439156,0.002828797325491905,-0.004970008507370949,0.005715193226933479,0.01874578557908535,0.0,0.0021283691748976707,-0.13895371556282043,0.18976332247257233,0.0014680965105071664,0.003492574905976653,-0.004620824474841356,0.00578773720189929,0.01875334046781063,0-2deg,0.00-0.04,0.0,0.0,0.0,0.0
30,42,True,True,0.09732379764318466,0.09370249509811401,0.09080156683921814,0.24175389111042023,2.700000047683716,1.6164836883544922,0.2936953008174896,-0.028715955093503,-0.16932889819145203,0.24175389111042023,0.09080156683921814,-0.019967516884207726,0.14295701682567596,1.0729246139526367,0.5011302828788757,0.1725475788116455,0.15029306709766388,>=0.15,False,True,False,True,True,False,False,False,True,0.08710688352584839,-0.2748212218284607,0.179245263338089,0.5552017092704773,0.5552017092704773,0.07999999821186066,0.09080156683921814,-0.020066602155566216,0.020066602155566216,-0.00014141472638584673,-0.03888150304555893,0.03888140991330147,0.047740690410137177,0.007151294033974409,0.0005980199784971774,-0.1663602888584137,0.17541150748729706,0.005552017129957676,-0.0003094511339440942,-0.03599237650632858,0.0359942689538002,0.04871492087841034,2-4deg,0.04-0.08,0.0,0.0,0.0,0.0
31,57,True,True,0.04725880175828934,0.04712558165192604,0.0317443385720253,0.008556096814572811,2.759999990463257,1.4944466352462769,0.3507366478443146,0.001379217253997922,-0.0021552189718931913,0.008556096814572811,0.0317443385720253,-0.019994011148810387,0.0021474547684192657,1.055928349494934,0.4509533941745758,0.008280206471681595,0.008722599595785141,0.00-0.05,False,True,False,True,True,False,False,False,True,0.03600447252392769,-0.3067682981491089,0.38248586654663086,0.17414851486682892,0.17414851486682892,0.11999999731779099,0.0317443385720253,-0.02001749351620674,0.02001749351620674,-0.02501685731112957,0.05344628915190697,0.05900679901242256,0.03772898018360138,0.05860315263271332,0.0,-0.0017701516626402736,0.008370982483029366,0.0017414850881323218,-0.021229509264230728,0.05371047556400299,0.05775025114417076,0.038215555250644684,2-4deg,0.00-0.04,0.0,0.0,0.0,0.0
32,55,True,True,0.08319785445928574,0.08172512799501419,0.07547304779291153,0.128180593252182,2.7799999713897705,1.719528079032898,0.3503683805465698,-0.012602249160408974,-0.07265433669090271,0.128180593252182,0.07547304779291153,-0.020007962360978127,0.06232589855790138,1.4891955852508545,0.5265498757362366,0.10560119152069092,0.10663114488124847,0.10-0.15,False,True,False,True,True,False,False,False,True,0.08040332794189453,-0.601333737373352,0.25673559308052063,0.05448339134454727,0.38541945815086365,0.09999999403953552,0.07547304779291153,-0.020007962360978127,0.020007962360978127,-0.015630820766091347,0.06453871726989746,0.06640228629112244,0.04339638352394104,0.1862301230430603,0.0003452669770922512,-0.07165110111236572,0.10628445446491241,0.003854194423183799,-0.013353914022445679,0.06704951077699661,0.06836484372615814,0.041358236223459244,2-4deg,0.04-0.08,0.0,0.0,0.0,0.0
33,18,True,True,0.08837083727121353,0.08409077674150467,0.08112820982933044,0.21468712389469147,1.7599999904632568,1.3384926319122314,0.3269824683666229,0.018388736993074417,-0.060030803084373474,0.21468712389469147,0.08112820982933044,-0.019524868577718735,0.0744837075471878,0.6934885382652283,0.36087262630462646,0.20612341165542603,0.0834815576672554,0.05-0.10,False,True,False,True,True,False,False,False,True,0.07652465999126434,-0.25107523798942566,0.39156314730644226,0.12585052847862244,0.12585052847862244,0.07999999821186066,0.08112820982933044,-0.019524868577718735,0.019524868577718735,-0.019269132986664772,-0.06547951698303223,0.06825219094753265,0.041422292590141296,0.02875988557934761,0.007941161282360554,-0.051161885261535645,0.20850184559822083,0.0012585052754729986,-0.01704464480280876,-0.06426453590393066,0.06648308783769608,0.043080974370241165,2-4deg,0.04-0.08,0.0,0.0,0.0,0.0
34,32,True,True,0.09855708479881287,0.09664040058851242,0.09213166683912277,0.16444051265716553,2.799999952316284,1.5577123165130615,0.28982603549957275,-0.004658441990613937,-0.13211649656295776,0.16444051265716553,0.09213166683912277,-0.01973743923008442,0.1232164055109024,0.8797153830528259,0.44201982021331787,0.0979076698422432,0.09593498706817627,0.05-0.10,False,True,False,True,True,False,False,False,True,0.09294552356004715,-0.5168581604957581,0.21978610754013062,0.15325769782066345,0.7271118760108948,0.07999999821186066,0.09213166683912277,-0.020056677982211113,0.020056677982211113,-0.05123753100633621,-0.05790005996823311,0.07729659974575043,0.04377298057079315,0.0778917521238327,0.005337704438716173,-0.12836092710494995,0.10278207808732986,0.007271118462085724,-0.0499248281121254,-0.06013425067067146,0.07813877612352371,0.04261105880141258,4-6deg,0.04-0.08,0.0,0.0,0.0,0.0
35,36,False,False,0.484953910112381,0.484953910112381,0.0,0.0,1.7599999904632568,3.394371747970581,0.5930658578872681,-2.928799867630005,-2.50496768951416,2.5276174545288086,0.4807884693145752,-0.021202590316534042,-0.12507003545761108,1.7236149311065674,0.8069477081298828,0.33761996030807495,0.18519751727581024,>=0.15,True,True,False,False,False,False,False,True,False,0.0,0.0,0.0,0.0,0.0,0.0,0.4807884693145752,-0.021202590316534042,0.021202590316534042,0.0,0.0,0.0,0.0,0.0,0.684194028377533,-2.5076851844787598,0.3168054223060608,0.0,-0.001716251135803759,0.03664897382259369,0.036689821630716324,0.06217494606971741,0-2deg,0.00-0.04,0.0,0.0,0.0,0.0
36,1,True,True,0.037710875272750854,0.03726087883114815,0.013482678681612015,0.21419355273246765,3.0,1.3254034519195557,0.24616752564907074,-0.013758031651377678,-0.1844775229692459,0.21419355273246765,0.013482678681612015,-0.019709113985300064,0.17107106745243073,1.0023351907730103,0.4745488464832306,0.10884356498718262,0.10859107971191406,0.10-0.15,False,True,False,True,True,False,False,False,True,0.013538794592022896,-0.37534621357917786,0.22530032694339752,0.12304627895355225,0.22501003742218018,0.09999999403953552,0.013482678681612015,-0.020005065947771072,0.020005065947771072,0.06559207290410995,-0.04391014575958252,0.0789153054356575,0.057815857231616974,0.04923912510275841,0.005777429323643446,-0.17604932188987732,0.12200622260570526,0.002250100253149867,0.0624704547226429,-0.04033644497394562,0.0743466168642044,0.06078771501779556,4-6deg,0.04-0.08,0.0,0.0,0.0,0.0
37,6,True,True,0.11126614362001419,0.07041953504085541,0.10557327419519424,0.21864084899425507,3.0199999809265137,1.4924253225326538,0.32923635840415955,-0.02395010180771351,-0.13015513122081757,0.21864084899425507,0.10557327419519424,-0.019952552393078804,0.10608859360218048,1.2480655908584595,0.46457839012145996,0.1756799966096878,0.1646626740694046,>=0.15,False,True,False,True,True,False,False,False,True,0.09998922049999237,-0.10916287451982498,0.20380344986915588,0.022663945332169533,0.09249289333820343,0.05999999865889549,0.10557327419519424,-0.02002197876572609,0.02002197876572609,0.014084987342357635,-0.024155650287866592,0.027961142361164093,0.06257214397192001,0.0009765625,0.0007720404537394643,-0.12549103796482086,0.17904138565063477,0.0009249289287254214,0.016215097159147263,-0.02544843778014183,0.030174003913998604,0.06200546771287918,0-2deg,0.04-0.08,0.0,0.0,0.0,0.0
38,48,False,False,0.4970969259738922,0.4848472774028778,0.0,0.0,0.7599999904632568,2.90035080909729,1.2473969459533691,-3.056979179382324,-3.0113346576690674,3.1481897830963135,0.5278555154800415,-7.583945989608765e-05,0.15059128403663635,1.996124267578125,1.0714490413665771,0.9181301593780518,0.21675139665603638,>=0.15,True,True,False,False,False,False,False,True,False,0.0,0.0,0.0,0.0,0.0,0.0,0.5278555154800415,-7.583945989608765e-05,7.583945989608765e-05,0.0,0.0,0.0,0.0,0.0,1.4133812189102173,-3.024132490158081,0.8750565052032471,0.0,0.04436111822724342,-0.03285866975784302,0.05519898980855942,0.05430581048130989,0-2deg,0.00-0.04,0.0,0.0,0.0,0.0
39,53,True,True,0.07120226323604584,0.06341925263404846,0.06167522445321083,0.24653945863246918,3.0799999237060547,1.4615353345870972,0.3309982120990753,-0.01287914253771305,-0.1727117896080017,0.24653945863246918,0.06167522445321083,-0.01971990242600441,0.16084662079811096,1.1338108777999878,0.46217742562294006,0.17593276500701904,0.16042177379131317,>=0.15,False,True,False,True,True,False,False,False,True,0.056149616837501526,-0.13127049803733826,0.17659421265125275,0.0474606491625309,0.06988947838544846,0.05999999865889549,0.06167522445321083,-0.01971990242600441,0.01971990242600441,0.00286862812936306,0.021969234570860863,0.02215680293738842,0.01424118410795927,0.007117875851690769,0.0055242786183953285,-0.1757270097732544,0.17292113602161407,0.000698894786182791,0.002733375411480665,0.02140851877629757,0.021581677719950676,0.014596988447010517,0-2deg,0.00-0.04,0.0,0.0,0.0,0.0
40,39,True,True,0.06736450642347336,0.0650743618607521,0.05746541917324066,0.2167387753725052,3.0999999046325684,1.2344251871109009,0.27048322558403015,-0.02152240090072155,-0.15922895073890686,0.2167387753725052,0.05746541917324066,-0.019839348271489143,0.13590292632579803,1.343126654624939,0.5796681642532349,0.1470436453819275,0.19883941113948822,>=0.15,False,True,False,True,True,False,False,False,True,0.054702602326869965,-0.3860574960708618,0.21823903918266296,0.09641888737678528,0.09641888737678528,0.07999999821186066,0.05746541917324066,-0.019839348271489143,0.019839348271489143,0.017535654827952385,-0.016824960708618164,0.024302097037434578,0.05676563084125519,0.03531202673912048,0.002264067530632019,-0.15865609049797058,0.14766158163547516,0.0009641888318583369,0.02049494907259941,-0.018450824543833733,0.027576878666877747,0.055760953575372696,0-2deg,0.04-0.08,0.0,0.0,0.0,0.0
41,58,True,True,0.10400107502937317,0.10121063143014908,0.09793372452259064,0.1858404278755188,2.319999933242798,1.5430530309677124,0.42437273263931274,-0.013731093145906925,-0.07765360921621323,0.1858404278755188,0.09793372452259064,-0.019995171576738358,0.06380240619182587,1.2489333152770996,0.4396457374095917,0.16883893311023712,0.1536063551902771,>=0.15,False,True,False,True,True,False,False,False,True,0.09800564497709274,-0.43429264426231384,0.17755544185638428,0.11755060404539108,0.2830725610256195,0.09999999403953552,0.09793372452259064,-0.020053930580615997,0.020053930580615997,-0.036090489476919174,0.02003803290426731,0.04127786308526993,0.01195217203348875,0.09152965247631073,0.0,-0.07089691609144211,0.1717856079339981,0.0028307256288826466,-0.03507190942764282,0.019896063953638077,0.04032069072127342,0.013752799481153488,2-4deg,0.00-0.04,0.0,0.0,0.0,0.0
42,11,False,False,0.3989734947681427,0.3847886919975281,0.0,0.0,1.2799999713897705,2.7735860347747803,0.6994220614433289,-2.9861183166503906,-3.057481050491333,3.2079219818115234,0.4324866533279419,-0.045132458209991455,0.010325022973120213,2.0902910232543945,1.1260844469070435,0.9708623290061951,0.17614121735095978,>=0.15,True,True,False,False,False,False,False,True,False,0.0,0.0,0.0,0.0,0.0,0.0,0.4324866533279419,-0.045132458209991455,0.045132458209991455,0.0,0.0,0.0,0.0,0.0,1.5111503601074219,-3.121473789215088,0.7397059798240662,0.0,0.0486784391105175,0.07843945175409317,0.09229013323783875,0.03327605128288269,0-2deg,0.00-0.04,0.0,0.0,0.0,0.0
43,3,True,True,0.07507368922233582,0.07507368922233582,0.06640449166297913,0.12151044607162476,3.259999990463257,1.3057843446731567,0.29276174306869507,0.009291795082390308,-0.09259483963251114,0.12151044607162476,0.06640449166297913,-0.019709859043359756,0.10039838403463364,0.982408344745636,0.4799754023551941,0.0786828100681305,0.20012100040912628,>=0.15,False,True,False,True,True,False,False,False,True,0.07203346490859985,-0.44363507628440857,0.30577805638313293,0.13722099363803864,0.49674972891807556,0.07999999821186066,0.06640449166297913,-0.020014742389321327,0.020014742389321327,-0.004667990375310183,0.01066700741648674,0.011642271652817726,0.023416606709361076,0.06355858594179153,0.004085256718099117,-0.09181877970695496,0.07958706468343735,0.004967497196048498,-0.0032585503067821264,0.010615745559334755,0.01110241748392582,0.023589950054883957,0-2deg,0.00-0.04,0.0,0.0,0.0,0.0
44,27,True,True,0.08500605821609497,0.0699557438492775,0.07745398581027985,0.252933144569397,3.259999990463257,1.2123777866363525,0.27368584275245667,-0.001518143923021853,-0.05789772793650627,0.252933144569397,0.07745398581027985,-0.020016364753246307,0.05792830511927605,1.6569712162017822,0.584124743938446,0.24621744453907013,0.25157564878463745,>=0.15,False,True,False,True,True,False,False,False,True,0.06805769354104996,-0.09925718605518341,0.2004464566707611,0.03806258365511894,0.1839388906955719,0.05999999865889549,0.07745398581027985,-0.020020317286252975,0.020020317286252975,-0.03315886855125427,0.05968408286571503,0.06826704740524292,0.03099089115858078,0.0025135823525488377,0.0005980199784971774,-0.07373981922864914,0.24194547533988953,0.0018393888603895903,-0.03310104086995125,0.058419931679964066,0.06713663041591644,0.03228433430194855,2-4deg,0.00-0.04,0.0,0.0,0.0,0.0
45,35,True,True,0.0915360376238823,0.0915360376238823,0.08410900086164474,0.15423880517482758,3.259999990463257,1.1038786172866821,0.23305754363536835,0.00434337742626667,-0.12217158079147339,0.15423880517482758,0.08410900086164474,-0.019438959658145905,0.1266486495733261,1.182264804840088,0.5204868316650391,0.09414730966091156,0.20117971301078796,>=0.15,False,True,False,True,True,False,False,False,True,0.08627323806285858,-0.12417558580636978,0.1951601505279541,0.06949827820062637,0.06949827820062637,0.05999999865889549,0.08410900086164474,-0.019889337942004204,0.019889337942004204,0.0012013120576739311,-0.03836161643266678,0.03837983310222626,0.005224988795816898,0.010869110003113747,0.008206925354897976,-0.11889701336622238,0.09825025498867035,0.0006949827657081187,0.0009949817322194576,-0.03838617354631424,0.038398467004299164,0.005179917439818382,2-4deg,0.00-0.04,0.0,0.0,0.0,0.0
46,20,True,True,0.041392698884010315,0.040516745299100876,0.021578092128038406,0.16323943436145782,3.2799999713897705,1.4049463272094727,0.3666394054889679,0.005514423828572035,-0.09216731786727905,0.16323943436145782,0.021578092128038406,-0.019731534644961357,0.09767521172761917,1.245288372039795,0.5772351622581482,0.13473045825958252,0.2019418179988861,>=0.15,False,True,False,True,True,False,False,False,True,0.02297073043882847,-0.36955583095550537,0.2840348184108734,0.15494036674499512,0.15494036674499512,0.07999999821186066,0.021578092128038406,-0.019793419167399406,0.019793419167399406,-0.013562936335802078,0.00911126472055912,0.016337551176548004,0.020817315205931664,0.04966837167739868,0.005382186267524958,-0.09145907312631607,0.135212242603302,0.0015494036488234997,-0.012731230817735195,0.010038768872618675,0.016213025897741318,0.0207050908356905,0-2deg,0.00-0.04,0.0,0.0,0.0,0.0
47,37,True,True,0.11021361500024796,0.10485618561506271,0.10509312152862549,0.07323931902647018,2.1399998664855957,1.5996440649032593,0.43429094552993774,-0.0768289715051651,0.0412362739443779,0.07323931902647018,0.10509312152862549,-0.017120182514190674,-0.1185850203037262,0.6436291337013245,0.36962491273880005,0.060527414083480835,0.12033802270889282,0.10-0.15,False,True,False,True,True,False,False,False,True,0.09883816540241241,0.03237233683466911,0.23641715943813324,0.8409253358840942,0.8409253358840942,0.09999999403953552,0.10509312152862549,-0.020132694393396378,0.020132694393396378,0.043085161596536636,-0.030120819807052612,0.05256493762135506,0.009420374408364296,0.0026067092549055815,0.045208778232336044,0.04382936656475067,0.05867695435881615,0.00840925332158804,0.042959731072187424,-0.029295865446329117,0.05199233070015907,0.011452419683337212,2-4deg,0.00-0.04,0.0,0.0,0.0,0.0
48,19,True,True,0.035102758556604385,0.035102758556604385,0.002701067365705967,0.09796439856290817,3.43999981880188,1.3083986043930054,0.2664014399051666,0.007723582908511162,-0.029639925807714462,0.09796439856290817,0.002701067365705967,-0.02000187337398529,0.03717634081840515,1.682335376739502,0.5726200342178345,0.0933729037642479,0.09287972003221512,0.05-0.10,False,True,False,True,True,False,False,False,True,0.007477922830730677,-0.2238137573003769,0.14570820331573486,0.06310465931892395,0.178612619638443,0.07999999821186066,0.002701067365705967,-0.020004527643322945,0.020004527643322945,-0.048076774924993515,0.0037225650157779455,0.048221055418252945,0.02168089523911476,0.00785057432949543,0.00048828125,-0.03170602396130562,0.09269170463085175,0.0017861261731013656,-0.04932033643126488,0.0037663818802684546,0.04946386069059372,0.019789015874266624,2-4deg,0.00-0.04,0.0,0.0,0.0,0.0
49,61,True,True,0.10430681705474854,0.09432884305715561,0.098178930580616,0.26977917551994324,3.5,1.5666797161102295,0.31068775057792664,-0.007635825779289007,-0.12213021516799927,0.26977917551994324,0.098178930580616,-0.019789163023233414,0.11475095897912979,1.2506481409072876,0.4573632776737213,0.24055148661136627,0.2210884541273117,>=0.15,False,True,False,True,True,False,False,False,True,0.08623019605875015,-0.28964152932167053,0.30535295605659485,0.05834024399518967,0.05834024399518967,0.09999999403953552,0.098178930580616,-0.019789163023233414,0.019789163023233414,-0.030129309743642807,0.011377595365047455,0.03220575302839279,0.008910052478313446,0.06839362531900406,0.003126526717096567,-0.11751412600278854,0.24283994734287262,0.0005834024050273001,-0.030737940222024918,0.011569324880838394,0.03284179046750069,0.007038370240479708,0-2deg,0.00-0.04,0.0,0.0,0.0,0.0
50,29,True,True,0.08977118134498596,0.08974822610616684,0.0825830027461052,0.08540079742670059,3.5399999618530273,1.5985822677612305,0.3602413535118103,-0.005104933865368366,-0.05057560279965401,0.08540079742670059,0.0825830027461052,-0.01991191878914833,0.046654365956783295,1.800948143005371,0.7613034248352051,0.06881427764892578,0.06671013683080673,0.05-0.10,False,True,False,True,True,False,False,False,True,0.08250726014375687,-0.0600159615278244,0.1873077154159546,0.04434823617339134,0.07415635138750076,0.14000000059604645,0.0825830027461052,-0.01991191878914833,0.01991191878914833,0.019060051068663597,0.053604915738105774,0.056889817118644714,0.010136974044144154,0.008795869536697865,0.001691456069238484,-0.05167503282427788,0.06799255311489105,0.0007415635045617819,0.01795632764697075,0.052857596427202225,0.055822085589170456,0.012139985337853432,2-4deg,0.00-0.04,0.0,0.0,0.0,0.0
51,43,True,True,0.0705406442284584,0.059678371995687485,0.06085481122136116,0.23008917272090912,0.9399999976158142,1.630853533744812,0.6792697906494141,-0.001081285416148603,-0.13669145107269287,0.23008917272090912,0.06085481122136116,-0.019666045904159546,0.13303013145923615,0.3545384109020233,0.2186545580625534,0.18508505821228027,0.1870468258857727,>=0.15,False,True,False,True,True,False,False,False,True,0.05124577879905701,-0.16078561544418335,0.30611079931259155,0.19865328073501587,0.19865328073501587,0.07999999821186066,0.06085481122136116,-0.020084746181964874,0.020084746181964874,-0.03353181108832359,0.00037649416481144726,0.033533379435539246,0.059779588133096695,0.0016558425268158317,0.006748193874955177,-0.1405297964811325,0.18218782544136047,0.0019865327049046755,-0.0367436558008194,0.001882808399386704,0.036792051047086716,0.058449529111385345,0-2deg,0.04-0.08,0.0,0.0,0.0,0.0
52,32,False,False,0.6239852905273438,0.6239852905273438,0.0,0.0,0.8399999737739563,2.5217623710632324,1.1149955987930298,-0.8713285326957703,-1.0809942483901978,1.558146595954895,0.6385688781738281,-0.014979379251599312,0.17537306249141693,1.6976827383041382,0.7511641383171082,1.1221729516983032,0.10042896866798401,0.10-0.15,True,True,False,False,False,False,False,True,False,0.0,0.0,0.0,0.0,0.0,0.0,0.6385688781738281,-0.014979379251599312,0.014979379251599312,0.0,0.0,0.0,0.0,0.0,0.5078566670417786,-1.1203464269638062,1.082887053489685,0.0,-0.05999288335442543,0.02707839198410511,0.06581400334835052,0.025968361645936966,0-2deg,0.00-0.04,0.0,0.0,0.0,0.0
53,49,True,True,0.04462510719895363,0.04462510719895363,0.027696629986166954,0.19479097425937653,2.619999885559082,1.202376127243042,0.2471209168434143,-0.02176564373075962,-0.1433158814907074,0.19479097425937653,0.027696629986166954,-0.020009033381938934,0.12204442918300629,0.6025579571723938,0.3385339379310608,0.13192453980445862,0.14777231216430664,0.10-0.15,False,True,False,True,True,False,False,False,True,0.030684685334563255,-0.34860578179359436,0.30714964866638184,0.087477907538414,0.49674639105796814,0.07999999821186066,0.027696629986166954,-0.02003452740609646,0.02003452740609646,-0.02803770639002323,0.0024978984147310257,0.02814812958240509,0.02050468884408474,0.07959512621164322,0.0,-0.14513671398162842,0.1299186646938324,0.004967463668435812,-0.02683153934776783,0.002867206698283553,0.02698471024632454,0.021536722779273987,0-2deg,0.00-0.04,0.0,0.0,0.0,0.0
54,7,True,True,0.03793511167168617,0.03793511167168617,0.014626355841755867,0.06679181754589081,3.1599998474121094,1.4274389743804932,0.25943559408187866,0.002291278913617134,-0.02602561190724373,0.06679181754589081,0.014626355841755867,-0.020000316202640533,0.028391525149345398,0.8520413637161255,0.4407990872859955,0.06151271238923073,0.05788188800215721,0.05-0.10,False,True,False,True,True,False,False,False,True,0.016957538202404976,0.004867719952017069,0.10695941746234894,0.5966095924377441,0.5966095924377441,0.05999999865889549,0.014626355841755867,-0.02003360167145729,0.02003360167145729,0.016362454742193222,0.010220112279057503,0.019292043522000313,0.02282913401722908,0.0005980199784971774,0.0,-0.025211935862898827,0.061850666999816895,0.005966095719486475,0.016325967386364937,0.011130250059068203,0.019759127870202065,0.022713832557201385,0-2deg,0.00-0.04,0.0,0.0,0.0,0.0
55,34,True,True,0.06264106184244156,0.06264106184244156,0.05194270983338356,0.13020728528499603,3.879999876022339,1.3848068714141846,0.25877848267555237,-0.016428161412477493,-0.11660470813512802,0.13020728528499603,0.05194270983338356,-0.01999259926378727,0.09886202216148376,1.289595603942871,0.40262049436569214,0.057942043989896774,0.12607836723327637,0.10-0.15,False,True,False,True,True,False,False,False,True,0.05493225157260895,-0.11717836558818817,0.17977716028690338,0.03188800439238548,0.04167172312736511,0.05999999865889549,0.05194270983338356,-0.01999259926378727,0.01999259926378727,-0.01026626955717802,-0.061571989208459854,0.06242137774825096,0.04201575368642807,0.00622439943253994,0.0,-0.11927876621484756,0.05221603810787201,0.0004167172301094979,-0.010103756561875343,-0.059862155467271805,0.060707610100507736,0.043851882219314575,2-4deg,0.04-0.08,0.0,0.0,0.0,0.0
56,36,False,False,0.2931159734725952,0.2931159734725952,0.0,0.0,1.1999999284744263,3.085580825805664,0.6479291915893555,0.08625733852386475,-0.4917382001876831,0.8960403800010681,0.28833910822868347,0.009743431583046913,0.09779969602823257,1.9217453002929688,0.8957303762435913,0.7490540146827698,0.18622712790966034,>=0.15,True,True,False,True,False,True,False,True,True,0.28833910822868347,-0.49840685725212097,0.7446334958076477,7.527558326721191,7.527558326721191,0.0,0.28833910822868347,0.009743431583046913,0.0,-0.005507998168468475,0.007802463136613369,0.009549649432301521,0.06098899990320206,0.5215829014778137,0.5215829014778137,-0.49840685725212097,0.7446334958076477,0.07527558505535126,-0.005507998168468475,0.007802463136613369,0.009549649432301521,0.06098899990320206,0-2deg,0.04-0.08,0.0,0.0,0.0,0.0
57,16,True,True,0.04434717819094658,0.044309716671705246,0.02718879096210003,0.16184686124324799,2.379999876022339,1.3434056043624878,0.39807477593421936,-0.017474345862865448,-0.09870155155658722,0.16184686124324799,0.02718879096210003,-0.01997576840221882,0.08094623684883118,0.9632250070571899,0.38188281655311584,0.12826694548130035,0.11978330463171005,0.10-0.15,False,True,False,True,True,False,False,False,True,0.026832081377506256,-0.2747246325016022,0.2894376516342163,0.061156827956438065,0.11671653389930725,0.07999999821186066,0.02718879096210003,-0.02001207135617733,0.02001207135617733,0.01707625947892666,0.006047507748007774,0.018116073682904243,0.030672932043671608,0.03626488149166107,0.0003452669770922512,-0.10059216618537903,0.12678967416286469,0.0011671653483062983,0.018810292705893517,0.006608518306165934,0.019936321303248405,0.030068781226873398,0-2deg,0.00-0.04,0.0,0.0,0.0,0.0
58,17,True,True,0.05664899945259094,0.05576206371188164,0.04447108134627342,0.305990993976593,4.139999866485596,1.1944843530654907,0.21901793777942657,-0.03687266632914543,-0.21926259994506836,0.305990993976593,0.04447108134627342,-0.01990816369652748,0.18261979520320892,1.3381869792938232,0.409015417098999,0.21343475580215454,0.2293134331703186,>=0.15,False,True,False,True,True,False,False,False,True,0.046159230172634125,-0.14256972074508667,0.14386864006519318,0.05771534517407417,0.16829369962215424,0.11999999731779099,0.04447108134627342,-0.020002489909529686,0.020002489909529686,0.006772421300411224,-0.0018140282481908798,0.00700816884636879,0.020017104223370552,0.015494911931455135,0.0016558425268158317,-0.21777552366256714,0.21495187282562256,0.0016829369124025106,0.008350900374352932,-0.0005957377725280821,0.008372304029762745,0.019849181175231934,0-2deg,0.00-0.04,0.0,0.0,0.0,0.0
59,4,True,False,0.1358758956193924,0.1358758956193924,0.0,0.0,2.3399999141693115,1.6117528676986694,0.37613826990127563,-0.35061419010162354,-0.49209561944007874,0.5602027773857117,0.13271798193454742,-0.015622856095433235,0.11535178869962692,1.0039970874786377,0.4771146774291992,0.26771071553230286,0.17907941341400146,>=0.15,True,True,False,True,False,False,False,True,True,0.13271798193454742,-0.4969125986099243,0.2586599588394165,0.33900246024131775,0.33900246024131775,0.0,0.13271798193454742,-0.015622856095433235,0.015622856095433235,0.016831086948513985,0.008902792818844318,0.019040124490857124,0.03934584558010101,0.087426096200943,0.087426096200943,-0.4969125986099243,0.2586599588394165,0.0033900244161486626,0.016831086948513985,0.008902792818844318,0.019040124490857124,0.03934584558010101,0-2deg,0.00-0.04,0.0,0.0,0.0,0.0
60,44,True,True,0.05440082773566246,0.05440082773566246,0.04162490740418434,0.17541664838790894,4.179999828338623,1.6817647218704224,0.30534857511520386,-0.007776862941682339,-0.04877839982509613,0.17541664838790894,0.04162490740418434,-0.019925951957702637,0.040772996842861176,1.917330026626587,0.6540878415107727,0.16849827766418457,0.12455079704523087,0.10-0.15,False,True,False,True,True,False,False,False,True,0.0519389770925045,-0.3514646887779236,0.5285064578056335,0.20330798625946045,0.20330798625946045,0.09999999403953552,0.04162490740418434,-0.019925951957702637,0.019925951957702637,0.044205695390701294,-0.0004631410411093384,0.04420856013894081,0.044817835092544556,0.01763252355158329,0.0012918708380311728,-0.04495218023657799,0.16955915093421936,0.00203307974152267,0.04071107134222984,-0.0014515132643282413,0.040737003087997437,0.04595787450671196,2-4deg,0.04-0.08,0.0,0.0,0.0,0.0
61,6,False,False,0.17661286890506744,0.1746675670146942,0.0,0.0,1.1799999475479126,2.1896111965179443,0.6274720430374146,-0.31287187337875366,-0.277603417634964,0.877415657043457,0.16338132321834564,-0.005894597619771957,-0.10279267281293869,2.0379409790039062,0.9803078174591064,0.832342803478241,0.22314241528511047,>=0.15,True,True,False,True,False,False,False,True,True,0.16338132321834564,-0.28846898674964905,0.828639805316925,0.42113494873046875,0.42113494873046875,0.0,0.16338132321834564,-0.005894597619771957,0.005894597619771957,0.05548880249261856,-0.00155541708227247,0.05551033839583397,0.029347410425543785,0.19473302364349365,0.19473302364349365,-0.28846898674964905,0.828639805316925,0.0042113494127988815,0.05548880249261856,-0.00155541708227247,0.05551033839583397,0.029347410425543785,2-4deg,0.00-0.04,0.0,0.0,0.0,0.0
62,28,True,True,0.05157521367073059,0.05157521367073059,0.03720612823963165,0.24228034913539886,4.400000095367432,1.43007230758667,0.2118321806192398,0.0031775422394275665,-0.1334271878004074,0.24228034913539886,0.03720612823963165,-0.019564339891076088,0.13669851422309875,1.1205615997314453,0.4042549431324005,0.20222994685173035,0.18671874701976776,>=0.15,False,True,False,True,True,False,False,False,True,0.04299235716462135,-0.1272306740283966,0.22001329064369202,0.02245974726974964,0.027115602046251297,0.05999999865889549,0.03720612823963165,-0.019624730572104454,0.019624730572104454,-0.00939023308455944,0.04420149326324463,0.04518767446279526,0.008150259964168072,0.008429066278040409,0.00859710481017828,-0.12423834949731827,0.20800144970417023,0.0002711560227908194,-0.009471343830227852,0.04387582838535309,0.04488581791520119,0.008635209873318672,2-4deg,0.00-0.04,0.0,0.0,0.0,0.0
63,37,False,False,0.490123450756073,0.490123450756073,0.0,0.0,1.0399999618530273,3.4130489826202393,0.7919514775276184,-3.0803592205047607,-2.8500449657440186,2.9802169799804688,0.48947516083717346,-0.029925266280770302,-0.06986963003873825,2.602262496948242,1.1915850639343262,0.8711697459220886,0.15458238124847412,>=0.15,True,True,False,False,False,False,False,True,False,0.0,0.0,0.0,0.0,0.0,0.0,0.48947516083717346,-0.029925266280770302,0.029925266280770302,0.0,0.0,0.0,0.0,0.0,0.26486873626708984,-2.8671164512634277,0.8132264614105225,0.0,0.06925758719444275,0.07457096129655838,0.10172776877880096,0.03279435634613037,0-2deg,0.00-0.04,0.0,0.0,0.0,0.0
64,10,True,True,0.05667024850845337,0.05667024850845337,0.04391124099493027,0.1887860894203186,4.519999980926514,1.3573565483093262,0.20686301589012146,0.012835181318223476,-0.13329356908798218,0.1887860894203186,0.04391124099493027,-0.019547490403056145,0.14447258412837982,0.9105597734451294,0.38843175768852234,0.1336899697780609,0.2187911719083786,>=0.15,False,True,False,True,True,False,False,False,True,0.04855578765273094,-0.12683339416980743,0.18380804359912872,0.03817003220319748,0.06518599390983582,0.05999999865889549,0.04391124099493027,-0.019547490403056145,0.019547490403056145,0.003388882614672184,-0.00938335433602333,0.009977002628147602,0.04592817649245262,0.01013114396482706,0.008775516413152218,-0.1343497335910797,0.13262854516506195,0.0006518599111586809,0.003200175706297159,-0.0075510768219828606,0.0081996601074934,0.04616197571158409,0-2deg,0.04-0.08,0.0,0.0,0.0,0.0
65,56,True,True,0.12392217665910721,0.04765290766954422,0.11834417283535004,0.18906299769878387,4.639999866485596,1.3869739770889282,0.20947417616844177,0.01238994114100933,-0.1505642980337143,0.18906299769878387,0.11834417283535004,-0.01942295767366886,0.16193383932113647,0.6321606040000916,0.2797142267227173,0.11434688419103622,0.10919088125228882,0.10-0.15,False,True,False,True,True,False,False,False,True,0.07930917292833328,-0.3956849277019501,0.49285832047462463,0.34842902421951294,0.34842902421951294,2.5999999046325684,0.11834417283535004,-0.01966238021850586,0.01966238021850586,-0.022246813401579857,-0.0030523824971169233,0.022456100210547447,0.013638376258313656,0.09560553729534149,0.010847153142094612,-0.15089057385921478,0.11391599476337433,0.0034842900931835175,0.0025769586209207773,0.0019763836171478033,0.0032388928811997175,0.02385074831545353,0-2deg,0.00-0.04,0.0,0.0,0.0,0.0
66,50,True,True,0.05224628746509552,0.05049848556518555,0.038516901433467865,0.21688589453697205,2.419999837875366,1.364006519317627,0.3358114957809448,-0.020708736032247543,-0.17808853089809418,0.21688589453697205,0.038516901433467865,-0.019827311858534813,0.15595930814743042,1.1961078643798828,0.45369753241539,0.12379001826047897,0.11478327214717865,0.10-0.15,False,True,False,True,True,False,False,False,True,0.036381710320711136,-0.1398404836654663,0.11361205577850342,0.3833763003349304,0.3833763003349304,0.05999999865889549,0.038516901433467865,-0.019992796704173088,0.019992796704173088,-0.07955367118120193,0.011783606372773647,0.08041995763778687,0.04317536950111389,0.0003452669770922512,0.0034179703798145056,-0.1708047240972519,0.1336609125137329,0.0038337628357112408,-0.08000759780406952,0.010127921588718891,0.08064446598291397,0.04268984496593475,4-6deg,0.04-0.08,0.0,0.0,0.0,0.0
67,31,True,True,0.056739840656518936,0.05226508900523186,0.0446174181997776,0.23037858307361603,3.319999933242798,1.3760887384414673,0.3190387189388275,0.00529828667640686,-0.15953348577022552,0.23037858307361603,0.0446174181997776,-0.019507337361574173,0.16385366022586823,1.3812081813812256,0.5630016922950745,0.16620275378227234,0.16362611949443817,>=0.15,False,True,False,True,True,False,False,False,True,0.03849371150135994,-0.39792540669441223,0.36868730187416077,0.14573103189468384,0.19372093677520752,0.14000000059604645,0.0446174181997776,-0.01999901421368122,0.01999901421368122,-0.023920591920614243,-0.022998081520199776,0.03318130224943161,0.023678507655858994,0.012143462896347046,0.009994910098612309,-0.16485121846199036,0.16092967987060547,0.0019372092792764306,-0.02439826913177967,-0.02569233812391758,0.03543001413345337,0.02195241115987301,0-2deg,0.00-0.04,0.0,0.0,0.0,0.0
68,53,True,False,0.13875485956668854,0.13840526342391968,0.0,0.0,1.8799999952316284,1.2814817428588867,0.38907110691070557,-0.10674663633108139,-0.013325490057468414,0.44699567556381226,0.1359676569700241,-0.011960980482399464,-0.09970678389072418,0.9471891522407532,0.532213032245636,0.4467970132827759,0.16596169769763947,>=0.15,True,True,False,True,False,False,False,True,True,0.1359676569700241,-0.027793146669864655,0.44613081216812134,0.043549347668886185,0.043549347668886185,0.0,0.1359676569700241,-0.011960980482399464,0.011960980482399464,0.03511091321706772,0.00029494360205717385,0.03511224687099457,0.005143229849636555,0.11852966248989105,0.11852966248989105,-0.027793146669864655,0.44613081216812134,0.0004354934790171683,0.03511091321706772,0.00029494360205717385,0.03511224687099457,0.005143229849636555,2-4deg,0.00-0.04,0.0,0.0,0.0,0.0
69,59,True,True,0.08262461423873901,0.08262461423873901,0.07476519048213959,0.19398024678230286,4.980000019073486,1.3729579448699951,0.18840821087360382,-0.031348612159490585,-0.1777961701154709,0.19398024678230286,0.07476519048213959,-0.019930502399802208,0.1443903148174286,1.1272563934326172,0.3964589238166809,0.07756836712360382,0.09198208153247833,0.05-0.10,False,True,False,True,True,False,False,False,True,0.08166777342557907,-0.0988629087805748,0.18134605884552002,0.02737460844218731,0.04294775798916817,0.19999998807907104,0.07476519048213959,-0.019930502399802208,0.019930502399802208,0.00729247834533453,-0.0182005874812603,0.01960770972073078,0.05450230836868286,0.01114528439939022,0.0013810680247843266,-0.1762101799249649,0.0811067447066307,0.00042947757174260914,0.015408284962177277,-0.02343919686973095,0.02804841659963131,0.05268152058124542,0-2deg,0.04-0.08,0.0,0.0006905339541845024,0.0,0.0
70,27,True,True,0.08589094132184982,0.08589094132184982,0.07840590178966522,0.2544722855091095,1.7599999904632568,1.5385373830795288,0.567359447479248,-0.03238824009895325,-0.20358452200889587,0.2544722855091095,0.07840590178966522,-0.019927047193050385,0.16889001429080963,1.0019195079803467,0.45488330721855164,0.15267445147037506,0.1356130689382553,0.10-0.15,False,True,False,True,True,False,False,False,True,0.08077293634414673,-0.5612906217575073,0.14270204305648804,0.14140668511390686,0.14140668511390686,0.07999999821186066,0.07840590178966522,-0.019955886527895927,0.019955886527895927,-0.07701211422681808,0.004892077762633562,0.07716681063175201,0.0198889821767807,0.06893312186002731,0.0012918708380311728,-0.19310243427753448,0.16573351621627808,0.001414066762663424,-0.07808583974838257,0.005127521697431803,0.07825399190187454,0.016748975962400436,4-6deg,0.00-0.04,0.0,0.0,0.0,0.0
71,51,True,True,0.06604667752981186,0.046334829181432724,0.05559709295630455,0.2396390289068222,5.159999847412109,1.38593590259552,0.20191867649555206,0.0025129332207143307,-0.12189148366451263,0.2396390289068222,0.05559709295630455,-0.019657166674733162,0.12467892467975616,0.912219226360321,0.33384498953819275,0.20632335543632507,0.2101786732673645,>=0.15,False,True,False,True,True,False,False,False,True,0.05899595841765404,-0.1275022029876709,0.15885630249977112,0.052438654005527496,0.11639003455638885,0.05999999865889549,0.05559709295630455,-0.019967377185821533,0.019967377185821533,-0.0035168458707630634,0.011144310235977173,0.01168825849890709,0.008049086667597294,0.004228642676025629,0.006931200157850981,-0.12372645735740662,0.20522823929786682,0.00116390036419034,-0.0033391183242201805,0.011409522034227848,0.01189049519598484,0.007913985289633274,0-2deg,0.00-0.04,0.0,0.0,0.0,0.0
72,12,True,True,0.10753360390663147,0.07827329635620117,0.10147157311439514,0.1418738067150116,5.199999809265137,1.2031669616699219,0.18263618648052216,0.009200452826917171,-0.09533234685659409,0.1418738067150116,0.10147157311439514,-0.019590653479099274,0.10452868044376373,1.1470330953598022,0.37862899899482727,0.10507102310657501,0.15411216020584106,>=0.15,False,True,False,True,True,False,False,False,True,0.09910976886749268,-0.09724201261997223,0.10175174474716187,0.03401249274611473,0.04141208902001381,0.05999999865889549,0.10147157311439514,-0.019738269969820976,0.019738269969820976,-0.03916788846254349,0.07850310951471329,0.08771369606256485,0.010866709984838963,0.005236239172518253,0.008185109123587608,-0.09556172788143158,0.10486245155334473,0.0004141208773944527,-0.038772791624069214,0.07867062091827393,0.08768851310014725,0.01067401748150587,4-6deg,0.00-0.04,0.0,0.0,0.0,0.0
73,39,True,True,0.0552249439060688,0.048250336199998856,0.04273087903857231,0.2312433421611786,2.180000066757202,1.333861231803894,0.42108890414237976,-0.001400213805027306,-0.06752088665962219,0.2312433421611786,0.04273087903857231,-0.02000320889055729,0.06517019867897034,0.7317888140678406,0.3493908643722534,0.22116602957248688,0.22081756591796875,>=0.15,False,True,False,True,True,False,False,False,True,0.03170844912528992,-0.2160857766866684,0.21939457952976227,0.030277617275714874,0.1763598471879959,0.09999999403953552,0.04273087903857231,-0.020012645050883293,0.020012645050883293,0.03229733929038048,0.0017819234635680914,0.032346129417419434,0.02431151270866394,0.02105884440243244,0.0006905339541845024,-0.07421339303255081,0.2190110683441162,0.0017635984113439918,0.034197431057691574,0.0018105708295479417,0.034245822578668594,0.023185746744275093,0-2deg,0.00-0.04,0.0,0.0,0.0,0.0
74,54,True,True,0.0650366023182869,0.0650366023182869,0.054805584251880646,0.20720770955085754,2.879999876022339,1.3327279090881348,0.23642420768737793,-0.02333207055926323,-0.15857882797718048,0.20720770955085754,0.054805584251880646,-0.019916418939828873,0.13541293144226074,0.8178377151489258,0.3909794092178345,0.13337086141109467,0.13649018108844757,0.10-0.15,False,True,False,True,True,False,False,False,True,0.06077120453119278,0.025083649903535843,0.056471724063158035,0.03048737905919552,0.0905890166759491,0.07999999821186066,0.054805584251880646,-0.019916418939828873,0.019916418939828873,-0.0014700103783980012,-0.013710035011172295,0.013789192773401737,0.06641022861003876,0.032796382904052734,0.0015440810238942504,-0.15645162761211395,0.13585993647575378,0.0009058901341632009,-0.0015829018084332347,-0.017670325934886932,0.017740370705723763,0.06562010198831558,0-2deg,0.04-0.08,0.0,0.0,0.0,0.0
75,9,True,True,0.09933104366064072,0.06969261169433594,0.09284574538469315,0.24014875292778015,2.879999876022339,1.2794266939163208,0.2470453381538391,-0.008344154804944992,-0.10523676127195358,0.24014875292778015,0.09284574538469315,-0.019814416766166687,0.09705846011638641,0.47973552346229553,0.2605440318584442,0.21586255729198456,0.2302023321390152,>=0.15,False,True,False,True,True,False,False,False,True,0.09525921940803528,-0.26857274770736694,0.06789067387580872,0.03506189212203026,0.41156765818595886,0.05999999865889549,0.09284574538469315,-0.020081838592886925,0.020081838592886925,0.020432481542229652,-0.026729580014944077,0.03364342078566551,0.004569242242723703,0.05047460272908211,0.0036539642605930567,-0.10565391927957535,0.21565869450569153,0.004115676507353783,0.02051450125873089,-0.026555176824331284,0.03355470672249794,0.005091068800538778,0-2deg,0.00-0.04,0.0,0.0,0.0,0.0
76,26,True,True,0.053461432456970215,0.053461432456970215,0.04028032720088959,0.1978883594274521,3.1999998092651367,1.4086841344833374,0.22430327534675598,-0.026894211769104004,-0.18999290466308594,0.1978883594274521,0.04028032720088959,-0.01981823705136776,0.16257774829864502,0.42274072766304016,0.3248308598995209,0.05533986538648605,0.05264987424015999,0.05-0.10,False,True,False,True,True,False,False,False,True,0.04374174773693085,-0.42079246044158936,0.18329112231731415,0.07037845253944397,0.11677305400371552,0.07999999821186066,0.04028032720088959,-0.0198581051081419,0.0198581051081419,-0.001933019026182592,-0.009854646399617195,0.010042504407465458,0.011396152898669243,0.00172633514739573,0.0036539642605930567,-0.18939195573329926,0.057362835854291916,0.001167730544693768,-0.0018067831406369805,-0.01051308587193489,0.010669861920177937,0.010946973226964474,0-2deg,0.00-0.04,0.0,0.0,0.0,0.0
77,1,True,True,0.1141180619597435,0.1115529015660286,0.10864952951669693,0.1633957326412201,2.3999998569488525,1.6564726829528809,0.43786174058914185,-0.025528118014335632,-0.15544310212135315,0.1633957326412201,0.10864952951669693,-0.019892223179340363,0.13066783547401428,0.969836950302124,0.48392075300216675,0.050354812294244766,0.03996571525931358,0.00-0.05,False,True,False,True,True,False,False,False,True,0.10596530139446259,-0.13796477019786835,0.09494707733392715,0.11400724947452545,0.11400724947452545,0.05999999865889549,0.10864952951669693,-0.020004229620099068,0.020004229620099068,0.08020280301570892,-0.008420691825449467,0.08064298331737518,0.02820482850074768,0.002100177574902773,0.0021836606319993734,-0.15122076869010925,0.0618906244635582,0.001140072476118803,0.08015652000904083,-0.009544814936816692,0.08072137832641602,0.028057076036930084,4-6deg,0.00-0.04,0.0,0.0,0.0,0.0
78,16,False,False,0.24082249402999878,0.24082249402999878,0.0,0.0,1.2999999523162842,2.2297873497009277,0.5197229981422424,-0.4271881878376007,-0.42937150597572327,0.8939117789268494,0.22807639837265015,0.0007933694869279861,-0.16354307532310486,2.0521998405456543,1.0519020557403564,0.7840397357940674,0.1504402756690979,>=0.15,True,True,False,True,False,True,False,True,True,0.22807639837265015,-0.4664921164512634,0.76253741979599,2.539475917816162,2.539475917816162,0.0,0.22807639837265015,0.0007933694869279861,0.0,-0.0004090360307600349,-0.06836283206939697,0.0683639720082283,0.03232196345925331,0.3070308268070221,0.3070308268070221,-0.4664921164512634,0.76253741979599,0.025394758209586143,-0.0004090360307600349,-0.06836283206939697,0.0683639720082283,0.03232196345925331,2-4deg,0.00-0.04,0.0,0.0,0.0,0.0
79,19,True,True,0.04334975779056549,0.04334975779056549,0.025573624297976494,0.17853370308876038,1.959999918937683,1.322880506515503,0.429299533367157,0.003207520581781864,-0.02050597220659256,0.17853370308876038,0.025573624297976494,-0.019999029114842415,0.023627057671546936,0.8077300786972046,0.4117029011249542,0.1773521602153778,0.1758193075656891,>=0.15,False,True,False,True,True,False,False,False,True,0.03471141681075096,-0.38589563965797424,0.2336217164993286,0.1079404205083847,0.3613811433315277,0.07999999821186066,0.025573624297976494,-0.0200204998254776,0.0200204998254776,0.002308168448507786,-0.018739700317382812,0.018879787996411324,0.004906321410089731,0.07320153713226318,0.0,-0.019198380410671234,0.1774984747171402,0.0036138114519417286,0.0020145284943282604,-0.01876453123986721,0.01887347176671028,0.004933759570121765,0-2deg,0.00-0.04,0.0,0.0,0.0,0.0
80,33,True,True,0.08135555684566498,0.07594788074493408,0.07345052063465118,0.1479557603597641,2.740000009536743,1.4092203378677368,0.29710134863853455,-0.007938272319734097,-0.09199526160955429,0.1479557603597641,0.07345052063465118,-0.019938362762331963,0.08342210948467255,1.078361988067627,0.4784802496433258,0.11587829142808914,0.08799657225608826,0.05-0.10,False,True,False,True,True,False,False,False,True,0.06874299794435501,-0.29430103302001953,0.3594221770763397,0.26911377906799316,0.26911377906799316,0.14000000059604645,0.07345052063465118,-0.019938362762331963,0.019938362762331963,-0.0570586696267128,0.03587723895907402,0.06739024817943573,0.02913692407310009,0.047621309757232666,0.0011960400734096766,-0.08505077660083771,0.12106722593307495,0.0026911378372460604,-0.0591762475669384,0.033079106360673904,0.06778476387262344,0.02937322109937668,2-4deg,0.00-0.04,0.0,0.0,0.0,0.0
81,0,True,True,0.0481625571846962,0.04337655007839203,0.03311122581362724,0.20589299499988556,5.460000038146973,1.8583288192749023,0.2710563540458679,-0.03929164260625839,0.04673873633146286,0.20589299499988556,0.03311122581362724,-0.020048707723617554,-0.0863591805100441,0.6622859835624695,0.2967597246170044,0.20051786303520203,0.21368494629859924,>=0.15,False,True,False,True,True,False,False,False,True,0.07761480659246445,-0.21800851821899414,0.23167784512043,0.4652039408683777,0.4652039408683777,4.519999980926514,0.03311122581362724,-0.02008065953850746,0.02008065953850746,-0.005736426450312138,0.01270087156444788,0.013935388997197151,0.020905809476971626,0.005039010662585497,0.0009134905994869769,0.04626326635479927,0.2006281018257141,0.004652039147913456,-0.0002999977732542902,0.004605473019182682,0.004619361832737923,0.022572461515665054,0-2deg,0.00-0.04,0.0,0.0,0.0,0.0
82,23,True,True,0.11212033778429031,0.06065736711025238,0.10628698766231537,0.1572020798921585,5.460000038146973,1.132930040359497,0.16257628798484802,0.006952687632292509,-0.056258440017700195,0.1572020798921585,0.10628698766231537,-0.019766949117183685,0.0649699792265892,1.0928847789764404,0.3097715377807617,0.14679060876369476,0.18055696785449982,>=0.15,False,True,False,True,True,False,False,False,True,0.10530628263950348,-0.038697224110364914,0.13009603321552277,0.03338046371936798,0.038165464997291565,0.05999999865889549,0.10628698766231537,-0.019887812435626984,0.019887812435626984,-0.019873039796948433,-0.06854058057069778,0.07135936617851257,0.02148260921239853,0.007167944218963385,0.004645096138119698,-0.05447879433631897,0.14746035635471344,0.0003816546523012221,-0.019089408218860626,-0.06814650446176529,0.07076586037874222,0.022388530895113945,4-6deg,0.00-0.04,0.0,0.0,0.0,0.0
83,48,True,True,0.10248943418264389,0.09954812377691269,0.09631618112325668,0.11992299556732178,2.419999837875366,1.6873650550842285,0.43571069836616516,-0.014125563204288483,-0.11861710250377655,0.11992299556732178,0.09631618112325668,-0.02001923881471157,0.10483648627996445,1.0075955390930176,0.4763122797012329,0.017649585381150246,0.032783351838588715,0.00-0.05,False,True,False,True,True,False,False,False,True,0.09381484985351562,0.05450408160686493,0.10529620945453644,0.023392263799905777,0.11730930209159851,0.07999999821186066,0.09631618112325668,-0.02001923881471157,0.02001923881471157,0.07423411309719086,-0.01097648125141859,0.07503991574048996,0.010086133144795895,0.02503429539501667,0.0005980199784971774,-0.11741243302822113,0.024409934878349304,0.0011730929836630821,0.0735611543059349,-0.011165084317326546,0.07440195977687836,0.01324542798101902,4-6deg,0.00-0.04,0.0,0.0,0.0,0.0
84,38,True,True,0.042214833199977875,0.042214833199977875,0.023016594350337982,0.1551349014043808,3.679999828338623,1.5475980043411255,0.25952064990997314,-0.05395682528614998,-0.029189856722950935,0.1551349014043808,0.023016594350337982,-0.01942937634885311,-0.02477000467479229,0.7816886901855469,0.3719049394130707,0.15236400067806244,0.031112056225538254,0.00-0.05,False,True,False,True,True,False,False,False,True,0.026333821937441826,-0.20724938809871674,0.3082643747329712,0.13063757121562958,0.13063757121562958,0.07999999821186066,0.023016594350337982,-0.01947392150759697,0.01947392150759697,0.006190998945385218,-0.006599912885576487,0.009049714542925358,0.016554486006498337,0.007059014402329922,0.008322319015860558,-0.028042003512382507,0.1525794267654419,0.0013063757214695215,0.005212474148720503,-0.006384171545505524,0.008243159390985966,0.016839521005749702,0-2deg,0.00-0.04,0.0,0.0,0.0,0.0
85,35,True,True,0.07334375381469727,0.07282786071300507,0.06440889835357666,0.2039176970720291,2.319999933242798,1.479622721672058,0.3369424343109131,-0.0023364543449133635,-0.12958641350269318,0.2039176970720291,0.06440889835357666,-0.01973719149827957,0.12589746713638306,1.0448871850967407,0.43422356247901917,0.15744774043560028,0.12357185035943985,0.10-0.15,False,True,False,True,True,False,False,False,True,0.063899464905262,-0.13695041835308075,0.20923131704330444,0.19065696001052856,0.19065696001052856,0.05999999865889549,0.06440889835357666,-0.020061086863279343,0.020061086863279343,0.05129065364599228,0.008709696121513844,0.05202443525195122,0.018285950645804405,0.0003452669770922512,0.005201977677643299,-0.12459781020879745,0.16142433881759644,0.0019065695814788342,0.050937023013830185,0.009358617477118969,0.05178892984986305,0.018675565719604492,2-4deg,0.00-0.04,0.0,0.0,0.0,0.0
86,45,True,True,0.06502489000558853,0.06359969824552536,0.05478169769048691,0.19665731489658356,5.619999885559082,1.2713332176208496,0.20000049471855164,0.003598542185500264,-0.11133415251970291,0.19665731489658356,0.05478169769048691,-0.01965189166367054,0.1137549951672554,0.8231084942817688,0.3534224331378937,0.16210739314556122,0.21737076342105865,>=0.15,False,True,False,True,True,False,False,False,True,0.053078774362802505,-0.16790516674518585,0.11443442851305008,0.029879329726099968,0.06919261068105698,0.05999999865889549,0.05478169769048691,-0.01976509764790535,0.01976509764790535,-0.06897374242544174,0.013254196383059025,0.07023362070322037,0.047763943672180176,0.004683433100581169,0.006844664923846722,-0.1092960461974144,0.1634884476661682,0.0006919261068105698,-0.06761667132377625,0.014624372124671936,0.06917758285999298,0.04866325855255127,4-6deg,0.04-0.08,0.0,0.0,0.0,0.0
87,29,True,True,0.11809542775154114,0.11772092431783676,0.11287374794483185,0.0641009509563446,2.1599998474121094,1.4310177564620972,0.35452741384506226,0.02851635403931141,-0.04064593464136124,0.0641009509563446,0.11287374794483185,-0.019550414755940437,0.06966907531023026,0.6580975651741028,0.3733322024345398,0.04956652224063873,0.06767398118972778,0.05-0.10,False,True,False,True,True,False,False,False,True,0.11680037528276443,-0.5570147633552551,0.47200727462768555,0.41462481021881104,0.41462481021881104,0.09999999403953552,0.11287374794483185,-0.01982530578970909,0.01982530578970909,-0.03310512378811836,0.014875560998916626,0.036292821168899536,0.05267159640789032,0.08727646619081497,0.006477794144302607,-0.042197730392217636,0.04825229197740555,0.00414624810218811,-0.028831226751208305,0.014801899902522564,0.03240872919559479,0.05416051670908928,2-4deg,0.04-0.08,0.0,0.0,0.0,0.0
88,46,True,True,0.05711212754249573,0.05477922782301903,0.04510725289583206,0.19270159304141998,3.3999998569488525,1.4472745656967163,0.28427255153656006,-0.01337736751884222,-0.15309055149555206,0.19270159304141998,0.04510725289583206,-0.020007947459816933,0.13798530399799347,0.655156135559082,0.3753877878189087,0.11703498661518097,0.1285010576248169,0.10-0.15,False,True,False,True,True,False,False,False,True,0.04196133837103844,-0.0898788645863533,0.13018670678138733,0.03510831668972969,0.1486300677061081,0.05999999865889549,0.04510725289583206,-0.020007947459816933,0.020007947459816933,0.002788844285532832,0.0027165606152266264,0.0038909639697521925,0.04943918436765671,0.010078053921461105,0.0008457279182039201,-0.15335620939731598,0.11668667197227478,0.0014863006072118878,0.0023366743698716164,0.0046397615224123,0.0051905070431530476,0.0493314228951931,0-2deg,0.04-0.08,0.0,0.0,0.0,0.0
89,43,True,True,0.061506178230047226,0.061506178230047226,0.050310779362916946,0.16134369373321533,2.259999990463257,1.4601047039031982,0.36540651321411133,-0.06475549936294556,0.002799302339553833,0.16134369373321533,0.050310779362916946,-0.01955827698111534,-0.06611315906047821,0.6803617477416992,0.3603103458881378,0.16131940484046936,0.19144190847873688,>=0.15,False,True,False,True,True,False,False,False,True,0.11480583995580673,-0.24469293653964996,0.33453965187072754,0.3401036262512207,0.3401036262512207,0.6800000071525574,0.050310779362916946,-0.01955827698111534,0.01955827698111534,0.0005033394554629922,0.026543043553829193,0.026548197492957115,0.034532394260168076,0.07278389483690262,0.007842978462576866,0.003128783544525504,0.16131335496902466,0.0034010361414402723,0.0005002449033781886,0.0023340359330177307,0.0023920803796499968,0.037897590547800064,0-2deg,0.00-0.04,0.0,0.0,0.0,0.0
90,21,True,True,0.06610249727964401,0.06610249727964401,0.05605341121554375,0.1400744467973709,3.240000009536743,1.3771016597747803,0.2411782294511795,0.002667090157046914,-0.12200324237346649,0.1400744467973709,0.05605341121554375,-0.019582225009799004,0.1249421164393425,0.5338729023933411,0.3480866253376007,0.06881901621818542,0.08898855745792389,0.05-0.10,False,True,False,True,True,False,False,False,True,0.05692438408732414,-0.11331736296415329,0.17448334395885468,0.22646532952785492,0.22646532952785492,0.05999999865889549,0.05605341121554375,-0.020005958154797554,0.020005958154797554,-0.05062897503376007,-0.06327440589666367,0.08101578801870346,0.015321868471801281,0.0007720404537394643,0.008228684775531292,-0.11727652698755264,0.07659677416086197,0.002264653332531452,-0.05110090970993042,-0.06287619471549988,0.08100178837776184,0.015595960430800915,4-6deg,0.00-0.04,0.0,0.0,0.0,0.0
91,49,True,False,0.16032852232456207,0.16017258167266846,0.0,0.0,2.200000047683716,1.4081295728683472,0.28493794798851013,-0.0002414238260826096,0.034453555941581726,0.292745441198349,0.1584889441728592,-0.015009676106274128,-0.02866930328309536,0.7196521162986755,0.4145487844944,0.2907109558582306,0.18551357090473175,>=0.15,True,True,False,True,False,False,False,True,True,0.1584889441728592,0.03711339086294174,0.29038336873054504,0.036319948732852936,0.036319948732852936,0.0,0.1584889441728592,-0.019616294652223587,0.019616294652223587,0.005536974407732487,0.013901719823479652,0.014962594024837017,0.034194301813840866,0.0954224094748497,0.0954224094748497,0.03711339086294174,0.29038336873054504,0.0003631994768511504,0.005536974407732487,0.013901719823479652,0.014962594024837017,0.034194301813840866,0-2deg,0.00-0.04,0.0,0.0,0.0,0.0
92,61,True,True,0.04266360029578209,0.039239127188920975,0.02411387301981449,0.2516912519931793,2.5,1.2288705110549927,0.2652558982372284,-0.022903233766555786,-0.16908787190914154,0.2516912519931793,0.02411387301981449,-0.019800787791609764,0.14620807766914368,0.9341339468955994,0.4216921031475067,0.18643435835838318,0.1875789761543274,>=0.15,False,True,False,True,True,False,False,False,True,0.017338024452328682,-0.1253671497106552,0.2060818374156952,0.02514808066189289,0.15178105235099792,0.05999999865889549,0.02411387301981449,-0.01998746022582054,0.01998746022582054,0.031014926731586456,-0.003609682200476527,0.031224554404616356,0.07309814542531967,0.005652271676808596,0.004143206402659416,-0.17076364159584045,0.1849006712436676,0.0015178105095401406,0.028895622119307518,-0.001581310760229826,0.028939655050635338,0.07357008010149002,0-2deg,0.04-0.08,0.0,0.0,0.0,0.0
93,19,False,False,0.41008561849594116,0.41008561849594116,0.0,0.0,0.6200000047683716,2.376486301422119,0.8672133684158325,-1.7499140501022339,-1.8348037004470825,2.596680164337158,0.4090979993343353,-0.023919008672237396,0.1693214625120163,1.707383632659912,0.8319398760795593,1.8374557495117188,0.22391434013843536,>=0.15,True,True,False,False,False,False,False,True,False,0.0,0.0,0.0,0.0,0.0,0.0,0.4090979993343353,-0.023919008672237396,0.023919008672237396,0.0,0.0,0.0,0.0,0.0,0.5442842245101929,-1.8051763772964478,1.8665708303451538,0.0,0.011655610054731369,-0.04049144312739372,0.042134176939725876,0.02257201261818409,0-2deg,0.00-0.04,0.0,0.0,0.0,0.0
94,51,False,False,0.34211623668670654,0.34211623668670654,0.0,0.0,0.8799999952316284,2.655273914337158,0.9838876724243164,-2.4871342182159424,-2.0079758167266846,2.118083953857422,0.354261577129364,-0.016660556197166443,-0.06046299636363983,2.337658405303955,1.2108001708984375,0.6740275025367737,0.23944242298603058,>=0.15,True,True,False,False,False,False,False,True,False,0.0,0.0,0.0,0.0,0.0,0.0,0.354261577129364,-0.016660556197166443,0.016660556197166443,0.0,0.0,0.0,0.0,0.0,0.9169057607650757,-2.02402663230896,0.624176561832428,0.0,-0.024750661104917526,0.0009371417690999806,0.02476857602596283,0.022969763725996017,0-2deg,0.00-0.04,0.0,0.0,0.0,0.0
95,20,True,True,0.042509522289037704,0.038896169513463974,0.02371637150645256,0.2556241452693939,2.859999895095825,1.3342301845550537,0.3504624664783478,-0.008269852958619595,-0.18684256076812744,0.2556241452693939,0.02371637150645256,-0.019679611548781395,0.17880484461784363,1.341241717338562,0.5412361025810242,0.17445218563079834,0.17594756186008453,>=0.15,False,True,False,True,True,False,False,False,True,0.017195282503962517,-0.21464821696281433,0.13718561828136444,0.4652236998081207,0.4652236998081207,0.05999999865889549,0.02371637150645256,-0.020120132714509964,0.020120132714509964,-0.03122168406844139,0.06477659195661545,0.07189904153347015,0.006725681480020285,0.0009765625,0.006431622430682182,-0.1863410472869873,0.1749877780675888,0.004652237053960562,-0.031451381742954254,0.0648687556385994,0.07208134979009628,0.005652626510709524,4-6deg,0.00-0.04,0.0,0.0,0.0,0.0
96,24,True,True,0.09683442860841751,0.08317922800779343,0.09014596045017242,0.2228691726922989,6.159999847412109,1.3256837129592896,0.17747582495212555,-0.007275592070072889,-0.13517750799655914,0.2228691726922989,0.09014596045017242,-0.019764628261327744,0.1250559538602829,1.8020567893981934,0.41131970286369324,0.17719398438930511,0.1715082824230194,>=0.15,False,True,False,True,True,False,False,False,True,0.07599679380655289,-0.08357211202383041,0.11948376148939133,0.025617199018597603,0.04754083976149559,0.23999999463558197,0.09014596045017242,-0.01998973824083805,0.01998973824083805,0.037360601127147675,0.01348076295107603,0.03971732035279274,0.053349774330854416,0.0035714711993932724,0.003382913302630186,-0.13059097528457642,0.1806008368730545,0.00047540839295834303,0.034617528319358826,0.0017659688601270318,0.03466282784938812,0.05571049079298973,2-4deg,0.04-0.08,0.0,0.0,0.0,0.0
97,2,True,True,0.06504687666893005,0.06429164856672287,0.05475544184446335,0.26336097717285156,4.099999904632568,1.4676178693771362,0.2563217282295227,-0.03843213617801666,-0.19209784269332886,0.26336097717285156,0.05475544184446335,-0.01992286555469036,0.15147270262241364,1.2100306749343872,0.4058326780796051,0.18015944957733154,0.2635711133480072,>=0.15,False,True,False,True,True,False,False,False,True,0.054326556622982025,-0.15092134475708008,0.20853976905345917,0.08556809276342392,0.08556809276342392,0.05999999865889549,0.05475544184446335,-0.01992286555469036,0.01992286555469036,0.03468187525868416,-0.047756507992744446,0.05901387333869934,0.012948312796652317,0.010282974690198898,0.0014648438664153218,-0.20086945593357086,0.17032460868358612,0.0008556809043511748,0.034975312650203705,-0.04730505496263504,0.05882255733013153,0.014001846313476562,2-4deg,0.00-0.04,0.0,0.0,0.0,0.0
98,58,True,True,0.06616245955228806,0.06430473923683167,0.055834222584962845,0.2034987360239029,3.119999885559082,1.2137064933776855,0.2720356583595276,0.003312052460387349,-0.12394481897354126,0.2034987360239029,0.055834222584962845,-0.019726363942027092,0.1253146380186081,1.0644052028656006,0.516310453414917,0.16139832139015198,0.19490855932235718,>=0.15,False,True,False,True,True,False,False,False,True,0.05661163106560707,-0.37875795364379883,0.3077132999897003,0.09717569500207901,0.09717569500207901,0.09999999403953552,0.055834222584962845,-0.019726363942027092,0.019726363942027092,-0.004202283453196287,0.04946152865886688,0.04963955283164978,0.03338916227221489,0.03546701371669769,0.005426303017884493,-0.1172138899564743,0.16635094583034515,0.000971756933722645,-0.002002015011385083,0.0478946827352047,0.047937050461769104,0.03413623943924904,2-4deg,0.00-0.04,0.0,0.0,0.0,0.0
99,36,True,True,0.03916240856051445,0.03916240856051445,0.017559049651026726,0.12915398180484772,2.5399999618530273,1.4874241352081299,0.33446240425109863,0.004061599727720022,-0.035421572625637054,0.12915398180484772,0.017559049651026726,-0.019993266090750694,0.03942294791340828,1.0048801898956299,0.47650158405303955,0.1242016926407814,0.12484157830476761,0.10-0.15,False,True,False,True,True,False,False,False,True,0.022222235798835754,-0.12516967952251434,0.08749250322580338,0.46265488862991333,0.46265488862991333,0.07999999821186066,0.017559049651026726,-0.02015656791627407,0.02015656791627407,0.022967873141169548,0.011349579319357872,0.025618020445108414,0.0020211879163980484,0.005577966570854187,0.0,-0.037964414805173874,0.12344817817211151,0.00462654884904623,0.022919682785868645,0.01145691704005003,0.025622675195336342,0.0019358665449544787,0-2deg,0.00-0.04,0.0,0.0,0.0,0.0
100,18,True,True,0.05570198595523834,0.05570198595523834,0.043206892907619476,0.2000066637992859,3.819999933242798,1.051896333694458,0.1818549931049347,-0.005951609928160906,-0.12760552763938904,0.2000066637992859,0.043206892907619476,-0.019751762971282005,0.12186142802238464,0.58952397108078,0.2294221669435501,0.1540113240480423,0.19694966077804565,>=0.15,False,True,False,True,True,False,False,False,True,0.059307292103767395,-0.1620762199163437,0.5320074558258057,0.1895945817232132,0.1895945817232132,1.7599999904632568,0.043206892907619476,-0.019751762971282005,0.019751762971282005,-0.04887482896447182,-0.03545337915420532,0.060371674597263336,0.008473246358335018,0.04032956436276436,0.004870594944804907,-0.12440703809261322,0.15660634636878967,0.0018959457520395517,-0.007402244955301285,-0.03141873702406883,0.03227786347270012,0.03986641392111778,2-4deg,0.00-0.04,0.0,0.0,0.0,0.0
101,41,True,True,0.056922465562820435,0.056299421936273575,0.044889215379953384,0.2397211790084839,4.539999961853027,1.3854063749313354,0.2631740868091583,-0.02075156942009926,-0.12310783565044403,0.2397211790084839,0.044889215379953384,-0.01999344676733017,0.10297123342752457,1.7850172519683838,0.5918458700180054,0.20569567382335663,0.2241889238357544,>=0.15,False,True,False,True,True,False,False,False,True,0.044353388249874115,-0.06168415769934654,0.13813847303390503,1.1263014078140259,1.1263014078140259,0.05999999865889549,0.044889215379953384,-0.02019319497048855,0.02019319497048855,-0.010647495277225971,0.04642917588353157,0.047633830457925797,0.01728678308427334,0.0011960400734096766,0.0,-0.11446784436702728,0.21062611043453217,0.011263013817369938,-0.010934040881693363,0.045773886144161224,0.04706082493066788,0.018478093668818474,2-4deg,0.00-0.04,0.0,0.0,0.0,0.0
102,15,True,True,0.09858766943216324,0.05847790837287903,0.09217289835214615,0.15202336013317108,6.759999752044678,1.1168650388717651,0.14270706474781036,-0.001188731985166669,-0.07946744561195374,0.15202336013317108,0.09217289835214615,-0.0199983362108469,0.07720621675252914,1.2771059274673462,0.3193672001361847,0.12959949672222137,0.13184112310409546,0.10-0.15,False,True,False,True,True,False,False,False,True,0.05539420619606972,-0.13245607912540436,0.30933916568756104,0.04697803035378456,0.20908156037330627,4.319999694824219,0.09217289835214615,-0.0199983362108469,0.0199983362108469,0.015297742560505867,0.0446692630648613,0.04721388593316078,0.03146747872233391,0.11365452408790588,0.0005980199784971774,-0.07354724407196045,0.13304850459098816,0.002090815454721451,-0.01473732478916645,-0.04856739938259125,0.05075264722108841,0.028164951130747795,2-4deg,0.00-0.04,0.0,0.0,0.0,0.0
103,28,True,True,0.12489350885152817,0.11931853741407394,0.11991284787654877,0.27807047963142395,2.379999876022339,1.6577035188674927,0.47246408462524414,-0.006181603297591209,-0.14075316488742828,0.27807047963142395,0.11991284787654877,-0.019743861630558968,0.12983384728431702,1.1827844381332397,0.4388068616390228,0.23981605470180511,0.22068661451339722,>=0.15,False,True,False,True,True,False,False,False,True,0.11398119479417801,-0.32080116868019104,0.19444036483764648,0.19609564542770386,0.19609564542770386,0.07999999821186066,0.11991284787654877,-0.019825134426355362,0.019825134426355362,-0.05613166093826294,-0.008656969293951988,0.05679434537887573,0.03522331640124321,0.003996756859123707,0.0036539642605930567,-0.13071423768997192,0.24543224275112152,0.0019609564915299416,-0.05618603527545929,-0.01075769867748022,0.057205524295568466,0.03481646254658699,2-4deg,0.00-0.04,0.0,0.0,0.0,0.0
104,34,True,True,0.06307382136583328,0.06307382136583328,0.05223754420876503,0.25985342264175415,2.8999998569488525,1.188675045967102,0.21488037705421448,-0.00816164631396532,-0.13805313408374786,0.25985342264175415,0.05223754420876503,-0.01978781819343567,0.12878648936748505,0.7414576411247253,0.3805978298187256,0.2201479822397232,0.24953193962574005,>=0.15,False,True,False,True,True,False,False,False,True,0.05949705094099045,-0.11343780905008316,0.313918799161911,0.6395538449287415,0.6395538449287415,0.07999999821186066,0.05223754420876503,-0.02007017843425274,0.02007017843425274,-0.012363766320049763,0.037621647119522095,0.039600059390068054,0.03605251386761665,0.0006905339541845024,0.003435364691540599,-0.136588916182518,0.2210594117641449,0.006395538337528706,-0.013459938578307629,0.039440371096134186,0.04167317599058151,0.03471918776631355,2-4deg,0.00-0.04,0.0,0.0,0.0,0.0
105,53,True,True,0.09946387261152267,0.09946387261152267,0.09299825131893158,0.17153175175189972,1.8199999332427979,1.1656385660171509,0.3015233874320984,-0.06095047667622566,0.013264242559671402,0.17153175175189972,0.09299825131893158,-0.01984512247145176,-0.07055126875638962,0.5475585460662842,0.3697490990161896,0.17101813852787018,0.1819121539592743,>=0.15,False,True,False,True,True,False,False,False,True,0.1042262613773346,-0.08438025414943695,0.3971208930015564,0.0460018515586853,0.16666923463344574,0.19999998807907104,0.09299825131893158,-0.020089564844965935,0.020089564844965935,0.019275924190878868,0.053219299763441086,0.056599751114845276,0.04578356817364693,0.11015091836452484,0.003487027483060956,0.01810518279671669,0.17057357728481293,0.0016666923183947802,0.014493805356323719,0.04591798782348633,0.04814928025007248,0.05107706040143967,2-4deg,0.04-0.08,0.0,0.0,0.0,0.0
106,3,True,True,0.0972224697470665,0.09183766692876816,0.0907045230269432,0.23559333384037018,3.5999999046325684,1.263776183128357,0.2535457909107208,0.006903218571096659,-0.05463038384914398,0.23559333384037018,0.0907045230269432,-0.0200018472969532,0.058422189205884933,1.6214816570281982,0.5279365181922913,0.22917185723781586,0.22189581394195557,>=0.15,False,True,False,True,True,False,False,False,True,0.08668967336416245,-0.06492013484239578,0.1422239989042282,0.03632475808262825,0.26135343313217163,0.05999999865889549,0.0907045230269432,-0.020019877701997757,0.020019877701997757,0.015698280185461044,-0.02157939411699772,0.02668481506407261,0.03395874798297882,0.002652046736329794,0.0003452669770922512,-0.048798635601997375,0.23048408329486847,0.0026135342195630074,0.015951750800013542,-0.020233632996678352,0.02576420083642006,0.03450673446059227,0-2deg,0.00-0.04,0.0,0.0,0.0,0.0
107,2,False,False,0.5271487236022949,0.5271487236022949,0.0,0.0,0.6399999856948853,2.884779214859009,1.0621024370193481,-2.4388599395751953,-2.3283071517944336,2.6716339588165283,0.5231075286865234,-0.023106399923563004,-0.07712981849908829,1.1802102327346802,0.6333793997764587,1.3101959228515625,0.03277471289038658,0.00-0.05,True,True,False,False,False,False,False,True,False,0.0,0.0,0.0,0.0,0.0,0.0,0.5231075286865234,-0.023106399923563004,0.023106399923563004,0.0,0.0,0.0,0.0,0.0,0.5725163221359253,-2.3357067108154297,1.2969591617584229,0.0,0.00501492852345109,0.003665011376142502,0.006214815657585859,0.014008017256855965,0-2deg,0.00-0.04,0.0,0.0,0.0,0.0
108,57,True,False,0.2509901821613312,0.1220628097653389,0.0,0.0,4.21999979019165,1.5382471084594727,0.3359318673610687,0.12891431152820587,0.02802601456642151,0.48305368423461914,0.25040456652641296,-0.010769607499241829,0.09685143828392029,1.8560353517532349,0.6698203682899475,0.4822399914264679,0.18864348530769348,>=0.15,True,True,False,True,False,False,False,True,True,0.11963128298521042,-0.6146794557571411,0.3187856376171112,0.15765255689620972,0.43300098180770874,0.0,0.25040456652641296,-0.0199376679956913,0.0199376679956913,0.07020122557878494,-0.003620186122134328,0.07029475271701813,0.01571936532855034,0.15567722916603088,0.11237867176532745,0.04803097993135452,0.4806598424911499,0.004330009687691927,0.06938821077346802,-0.011587927117943764,0.07034735381603241,0.015506040304899216,4-6deg,0.00-0.04,0.0,0.0,0.0,0.0
109,49,False,False,0.36509180068969727,0.36509180068969727,0.0,0.0,1.100000023841858,3.3957693576812744,0.6610823273658752,-3.2084097862243652,-3.251105546951294,3.524465560913086,0.3684207499027252,-0.011379978619515896,0.09055764228105545,2.258396625518799,0.9385305047035217,1.360944390296936,0.05268567427992821,0.05-0.10,True,True,False,False,False,False,False,True,False,0.0,0.0,0.0,0.0,0.0,0.0,0.3684207499027252,-0.011379978619515896,0.011379978619515896,0.0,0.0,0.0,0.0,0.0,0.21374785900115967,-3.1650311946868896,1.5506242513656616,0.0,-0.07714150100946426,-0.009944137185811996,0.07777829468250275,0.01871975138783455,0-2deg,0.00-0.04,0.0,0.0,0.0,0.0
110,60,True,False,0.1287442445755005,0.1080702692270279,0.0,0.0,7.059999942779541,1.4625004529953003,0.176349937915802,0.03440267965197563,-0.0785432904958725,0.23771926760673523,0.12315866351127625,-0.019118117168545723,0.10831710696220398,0.6159842610359192,0.35409826040267944,0.2243689000606537,0.10118064284324646,0.10-0.15,True,True,False,True,False,False,False,True,True,0.12315866351127625,-0.0679590255022049,0.2277982085943222,0.1500033140182495,0.1500033140182495,0.0,0.12315866351127625,-0.01958702690899372,0.01958702690899372,-0.024326318874955177,-0.046586357057094574,0.05255132541060448,0.055351704359054565,0.017020151019096375,0.017020151019096375,-0.0679590255022049,0.2277982085943222,0.001500033074989915,-0.024326318874955177,-0.046586357057094574,0.05255132541060448,0.055351704359054565,2-4deg,0.04-0.08,0.0,0.0,0.0,0.0
111,6,True,True,0.042513877153396606,0.042513877153396606,0.023753052577376366,0.15561418235301971,2.8999998569488525,1.2550278902053833,0.25875505805015564,0.016227763146162033,-0.04469529911875725,0.15561418235301971,0.023753052577376366,-0.019702419638633728,0.06119976565241814,1.0448033809661865,0.4297567307949066,0.14905738830566406,0.19749505817890167,>=0.15,False,True,False,True,True,False,False,False,True,0.03881403058767319,-0.39473068714141846,0.3226257860660553,0.10171426087617874,0.10693808645009995,0.09999999403953552,0.023753052577376366,-0.019923966377973557,0.019923966377973557,0.049024078994989395,0.015868203714489937,0.05152573436498642,0.029556002467870712,0.11081907898187637,0.006019944790750742,-0.05244490131735802,0.14651042222976685,0.0010693807853385806,0.05070014297962189,0.01424382347613573,0.05266127735376358,0.028809772804379463,2-4deg,0.00-0.04,0.0,0.0,0.0,0.0
112,62,True,True,0.04166725277900696,0.04166725277900696,0.02260505221784115,0.27015942335128784,4.71999979019165,1.3863199949264526,0.2198036015033722,-0.027279943227767944,-0.16076019406318665,0.27015942335128784,0.02260505221784115,-0.019998658448457718,0.13455086946487427,1.3820648193359375,0.42518433928489685,0.21712273359298706,0.24996593594551086,>=0.15,False,True,False,True,True,False,False,False,True,0.02984761819243431,-0.11136829853057861,0.20884908735752106,0.029871001839637756,0.055668704211711884,0.05999999865889549,0.02260505221784115,-0.019998658448457718,0.019998658448457718,0.06320175528526306,-0.004147070460021496,0.06333766877651215,0.029258443042635918,0.006587286479771137,0.0,-0.14833547174930573,0.2257934808731079,0.0005566870095208287,0.06424272805452347,-0.003654999192804098,0.06434667110443115,0.028311271220445633,2-4deg,0.00-0.04,0.0,0.0,0.0,0.0
113,24,True,True,0.08502931892871857,0.06417759507894516,0.07742305845022202,0.1421724557876587,1.100000023841858,1.3984524011611938,0.5841150879859924,-0.05511552467942238,0.013918701559305191,0.1421724557876587,0.07742305845022202,-0.01971322111785412,-0.06931666284799576,0.3703266382217407,0.21423988044261932,0.14148949086666107,0.16525152325630188,>=0.15,False,True,False,True,True,False,False,False,True,0.05391637235879898,0.12719358503818512,0.14704395830631256,0.8010504841804504,0.8010504841804504,0.17999999225139618,0.07742305845022202,-0.020168647170066833,0.020168647170066833,0.021208634600043297,-0.018878068774938583,0.02839273400604725,0.017951972782611847,0.0045674568973481655,0.0068097421899437904,0.011013111099600792,0.14174525439739227,0.008010504767298698,0.018260778859257698,-0.018035149201750755,0.025664517655968666,0.02037041075527668,0-2deg,0.00-0.04,0.0,0.0,0.0,0.0
114,30,True,True,0.10207660496234894,0.10207660496234894,0.09584725648164749,0.23905469477176666,7.279999732971191,1.2905229330062866,0.12728115916252136,-0.03090536594390869,-0.18428802490234375,0.23905469477176666,0.09584725648164749,-0.019953502342104912,0.15048740804195404,0.5334490537643433,0.2957923710346222,0.15226644277572632,0.17094139754772186,>=0.15,False,True,False,True,True,False,False,False,True,0.11120013147592545,-0.1743648648262024,0.17017041146755219,0.027703464031219482,0.05751895159482956,3.8999998569488525,0.09584725648164749,-0.019953502342104912,0.019953502342104912,0.014907103031873703,-0.06261692196130753,0.06436427682638168,0.017148805782198906,0.03010675497353077,0.0008457279182039201,-0.1898067593574524,0.1453290581703186,0.0005751894786953926,-0.0001064530952135101,0.043933406472206116,0.0439339205622673,0.03129174932837486,2-4deg,0.00-0.04,0.0,0.0,0.0,0.0
115,37,True,True,0.052346572279930115,0.05026278272271156,0.038949452340602875,0.15241286158561707,2.859999895095825,1.3929898738861084,0.32848110795021057,-0.005699509289115667,-0.10546927154064178,0.15241286158561707,0.038949452340602875,-0.020004253834486008,0.1005944088101387,0.9542577862739563,0.42361003160476685,0.11002687364816666,0.10802680999040604,0.10-0.15,False,True,False,True,True,False,False,False,True,0.035229749977588654,-0.23679004609584808,0.1924000233411789,0.053658608347177505,0.21825465559959412,0.09999999403953552,0.038949452340602875,-0.020014455541968346,0.020014455541968346,0.015622616745531559,-0.022893529385328293,0.02771488018333912,0.04256918653845787,0.023504069074988365,0.0007720404537394643,-0.10292985290288925,0.11240606755018234,0.0021825465373694897,0.012432180345058441,-0.021596819162368774,0.02491973713040352,0.043512195348739624,0-2deg,0.04-0.08,0.0,0.0,0.0,0.0
116,58,False,False,0.3738897442817688,0.3738897442817688,0.0,0.0,1.0,2.3721866607666016,0.814382791519165,-1.3732625246047974,-1.4795732498168945,1.9854865074157715,0.3631416857242584,-0.022721385583281517,0.11586292088031769,2.4471235275268555,1.4833276271820068,1.3240164518356323,0.2425607144832611,>=0.15,True,True,False,False,False,False,False,True,False,0.0,0.0,0.0,0.0,0.0,0.0,0.3631416857242584,-0.022721385583281517,0.022721385583281517,0.0,0.0,0.0,0.0,0.0,0.3113124668598175,-1.5047627687454224,1.2953169345855713,0.0,-0.03651547059416771,0.0017366929678246379,0.03655633330345154,0.01567789539694786,0-2deg,0.00-0.04,0.0,0.0,0.0,0.0
117,32,True,True,0.05595169588923454,0.054716143757104874,0.04364493861794472,0.19163855910301208,3.740000009536743,1.175136685371399,0.236104816198349,-0.023696815595030785,-0.12125104665756226,0.19163855910301208,0.04364493861794472,-0.019976679235696793,0.0961679071187973,1.6392313241958618,0.5483992695808411,0.14840322732925415,0.17301620543003082,>=0.15,False,True,False,True,True,False,False,False,True,0.04142260178923607,-0.034619949758052826,0.14636322855949402,0.0439300537109375,0.08952163904905319,0.05999999865889549,0.04364493861794472,-0.020002856850624084,0.020002856850624084,0.03344517573714256,-0.05627850815653801,0.0654577687382698,0.05293913930654526,0.013174643740057945,0.0003452669770922512,-0.11922578513622284,0.15003515779972076,0.0008952163625508547,0.03149082139134407,-0.057099539786577225,0.06519938260316849,0.05306338518857956,2-4deg,0.04-0.08,0.0,0.0,0.0,0.0
118,61,False,False,0.4484655559062958,0.4484655559062958,0.0,0.0,1.4199999570846558,2.5743818283081055,0.584598958492279,-2.3989884853363037,-2.352778434753418,2.594130754470825,0.45399707555770874,-0.02560037560760975,-0.005131921265274286,2.0318894386291504,1.1174832582473755,1.0926792621612549,0.22251662611961365,>=0.15,True,True,False,False,False,False,False,True,False,0.0,0.0,0.0,0.0,0.0,0.0,0.45399707555770874,-0.02560037560760975,0.02560037560760975,0.0,0.0,0.0,0.0,0.0,0.5263729095458984,-2.291637420654297,1.2156940698623657,0.0,-0.0051131886430084705,0.055794745683670044,0.05602789297699928,0.038083262741565704,0-2deg,0.00-0.04,0.0,0.0,0.0,0.0
119,7,True,True,0.07924497872591019,0.07815374433994293,0.07111434638500214,0.14165662229061127,3.5999999046325684,1.3118739128112793,0.2363588958978653,0.00931218359619379,-0.10539646446704865,0.14165662229061127,0.07111434638500214,-0.01974550634622574,0.11496572941541672,0.7628388404846191,0.43587273359298706,0.09464769065380096,0.17217281460762024,>=0.15,False,True,False,True,True,False,False,False,True,0.07821732014417648,-0.47059622406959534,0.32256531715393066,0.11771977692842484,0.11771977692842484,0.14000000059604645,0.07111434638500214,-0.01974550634622574,0.01974550634622574,-0.04911190643906593,-0.0009872614173218608,0.04912152141332626,0.007702862378209829,0.11265154182910919,0.005144367925822735,-0.10295338928699493,0.09729953110218048,0.0011771977879106998,-0.049813371151685715,-0.0007280372083187103,0.049818217754364014,0.004805575590580702,2-4deg,0.00-0.04,0.0,0.0,0.0,0.0
120,3,False,False,0.5449656248092651,0.5449656248092651,0.0,0.0,0.6200000047683716,2.561500310897827,0.928702175617218,-1.9443166255950928,-1.7587299346923828,1.900539517402649,0.5277759432792664,-0.015118364244699478,-0.12110775709152222,0.8865914940834045,0.4672698676586151,0.7203606367111206,0.21936026215553284,>=0.15,True,True,False,False,False,False,False,True,False,0.0,0.0,0.0,0.0,0.0,0.0,0.5277759432792664,-0.015118364244699478,0.015118364244699478,0.0,0.0,0.0,0.0,0.0,0.6751692295074463,-1.7294591665267944,0.788049042224884,0.0,-0.025911405682563782,-0.033008329570293427,0.0419611856341362,0.022471392527222633,0-2deg,0.00-0.04,0.0,0.0,0.0,0.0
121,9,True,False,0.1537153124809265,0.1537153124809265,0.0,0.0,2.1399998664855957,1.2917226552963257,0.31040051579475403,-0.3160681426525116,-0.43335938453674316,0.8223646283149719,0.15133346617221832,-0.015598343685269356,0.09272422641515732,0.8306093215942383,0.47858449816703796,0.6989157199859619,0.232797309756279,>=0.15,True,True,False,True,False,False,False,True,True,0.15133346617221832,-0.47401419281959534,0.6720075607299805,0.3563130795955658,0.3563130795955658,0.0,0.15133346617221832,-0.015598343685269356,0.015598343685269356,-0.07556147128343582,-0.054386500269174576,0.09306878596544266,0.029728395864367485,0.08613180369138718,0.08613180369138718,-0.47401419281959534,0.6720075607299805,0.0035631307400763035,-0.07556147128343582,-0.054386500269174576,0.09306878596544266,0.029728395864367485,4-6deg,0.00-0.04,0.0,0.0,0.0,0.0
122,23,True,True,0.06756483018398285,0.06756483018398285,0.05776890367269516,0.2541423738002777,2.0199999809265137,1.3223204612731934,0.3414454758167267,-0.02109464444220066,-0.18810777366161346,0.2541423738002777,0.05776890367269516,-0.01978951320052147,0.17015142738819122,0.8304309248924255,0.42801252007484436,0.17089122533798218,0.1751876324415207,>=0.15,False,True,False,True,True,False,False,False,True,0.059574373066425323,-0.09710488468408585,0.12395595759153366,1.2289303541183472,1.2289303541183472,0.05999999865889549,0.05776890367269516,-0.02008095383644104,0.02008095383644104,-0.047969166189432144,-0.018894610926508904,0.051553498953580856,0.04564623162150383,0.00172633514739573,0.004128795117139816,-0.18314702808856964,0.1761973649263382,0.012289303354918957,-0.04789315536618233,-0.020706096664071083,0.05217437446117401,0.04500081390142441,2-4deg,0.04-0.08,0.0,0.0,0.0,0.0
123,54,True,True,0.05416770279407501,0.05416770279407501,0.04124264419078827,0.2135481834411621,2.2799999713897705,1.4540208578109741,0.4032740294933319,-0.010436936281621456,-0.09070590883493423,0.2135481834411621,0.04124264419078827,-0.019720181822776794,0.07967917621135712,1.1743135452270508,0.4993196725845337,0.19332684576511383,0.16289733350276947,>=0.15,False,True,False,True,True,False,False,False,True,0.06033535674214363,-0.5716080665588379,0.35737091302871704,0.23483404517173767,0.23483404517173767,0.11999999731779099,0.04124264419078827,-0.019929002970457077,0.019929002970457077,0.05526198446750641,0.030192798003554344,0.06296461075544357,0.009726942516863346,0.15383930504322052,0.005609931889921427,-0.08027882874011993,0.19788414239883423,0.0023483403492718935,0.05547667667269707,0.031050942838191986,0.06356796622276306,0.008022690191864967,2-4deg,0.00-0.04,0.0,0.0,0.0,0.0
124,48,True,True,0.05059332773089409,0.05059332773089409,0.03652876242995262,0.14436019957065582,2.1599998474121094,1.3330851793289185,0.36135926842689514,0.007604480255395174,-0.024966754019260406,0.14436019957065582,0.03652876242995262,-0.019990891218185425,0.03374097868800163,1.2551366090774536,0.5725509524345398,0.14218483865261078,0.14230109751224518,0.10-0.15,False,True,False,True,True,False,False,False,True,0.04837043955922127,-0.28992119431495667,0.12496475875377655,0.13828067481517792,0.1849568635225296,0.09999999403953552,0.03652876242995262,-0.020001256838440895,0.020001256838440895,-0.06471201777458191,0.0010231987107545137,0.06472007185220718,0.030107075348496437,0.008652392774820328,0.0003452669770922512,-0.017025616019964218,0.1433526873588562,0.001849568565376103,-0.06224114075303078,0.0009794229408726096,0.06224915385246277,0.03166459500789642,2-4deg,0.00-0.04,0.0,0.0,0.0,0.0
125,56,True,True,0.05754601210355759,0.04979114234447479,0.04567081853747368,0.15350373089313507,3.0399999618530273,1.5258958339691162,0.286605566740036,-0.009826717898249626,-0.06040937080979347,0.15350373089313507,0.04567081853747368,-0.01998218707740307,0.050194308161735535,0.41085952520370483,0.28882908821105957,0.14111733436584473,0.10986664146184921,0.10-0.15,False,True,False,True,True,False,False,False,True,0.03309490904211998,-0.238755464553833,0.283447802066803,0.040308136492967606,0.04376538097858429,0.11999999731779099,0.04567081853747368,-0.019982993602752686,0.019982993602752686,-0.0427575446665287,0.000772695173509419,0.042764823883771896,0.011552116833627224,0.0736314058303833,0.0003452669770922512,-0.059291351586580276,0.14159071445465088,0.0004376537981443107,-0.041590746492147446,0.0012453083181753755,0.041608747094869614,0.01363039668649435,2-4deg,0.00-0.04,0.0,0.0,0.0,0.0
126,1,True,True,0.1078319251537323,0.10745206475257874,0.10199792683124542,0.08520570397377014,2.319999933242798,1.5541661977767944,0.38529643416404724,0.006488387938588858,-0.012579943984746933,0.08520570397377014,0.10199792683124542,-0.019974537193775177,0.018724843859672546,1.0015137195587158,0.4740676283836365,0.08427192270755768,0.07443605363368988,0.05-0.10,False,True,False,True,True,False,False,False,True,0.10162822902202606,-0.37600386142730713,0.21650999784469604,0.5977962613105774,0.5977962613105774,0.09999999403953552,0.10199792683124542,-0.02012271247804165,0.02012271247804165,0.001967961899936199,-0.06516117602586746,0.06519114226102829,0.004905077163130045,0.006514496169984341,0.0008457279182039201,-0.007107713259756565,0.08490873873233795,0.005977962631732225,0.00214774371124804,-0.06474965065717697,0.06478548049926758,0.006341838743537664,2-4deg,0.00-0.04,0.0,0.0,0.0,0.0
127,29,True,True,0.12223954498767853,0.11556830257177353,0.11733740568161011,0.1710098683834076,2.240000009536743,1.5773215293884277,0.3934182822704315,0.02205410785973072,0.05795145034790039,0.1710098683834076,0.11733740568161011,-0.01820565201342106,-0.03472544252872467,1.1467105150222778,0.48156479001045227,0.16089127957820892,0.15651600062847137,>=0.15,False,True,False,True,True,False,False,False,True,0.11012758314609528,-0.41567325592041016,0.3728732168674469,0.16969621181488037,0.20788156986236572,0.09999999403953552,0.11733740568161011,-0.01998097449541092,0.01998097449541092,-0.0059407614171504974,-0.033419933170080185,0.03394332155585289,0.0193098746240139,0.0943225622177124,0.026599790900945663,0.052360378205776215,0.16279670596122742,0.002078815596178174,-0.004891263321042061,-0.034532394260168076,0.03487715125083923,0.01892274245619774,0-2deg,0.00-0.04,0.0,0.0,0.0,0.0
128,39,True,True,0.10844386368989944,0.10175861418247223,0.10261887311935425,0.20376408100128174,2.7200000286102295,1.5869160890579224,0.3499753475189209,-0.014892405830323696,-0.12840256094932556,0.20376408100128174,0.10261887311935425,-0.019849687814712524,0.11573926359415054,1.0109673738479614,0.4805624485015869,0.15821687877178192,0.15524478256702423,>=0.15,False,True,False,True,True,False,False,False,True,0.09976235032081604,-0.5511681437492371,0.35475578904151917,0.2132282257080078,0.2132282257080078,0.09999999403953552,0.10261887311935425,-0.019849687814712524,0.019849687814712524,0.015523489564657211,0.02955864928662777,0.033385492861270905,0.04556471109390259,0.12678375840187073,0.003049316583201289,-0.1304681897163391,0.1565178781747818,0.0021322821266949177,0.012135354802012444,0.028143260627985,0.030648384243249893,0.04621993377804756,0-2deg,0.04-0.08,0.0,0.0,0.0,0.0
129,33,True,True,0.06912840902805328,0.06393744796514511,0.05948740243911743,0.23142944276332855,2.6599998474121094,1.3449724912643433,0.35573920607566833,-0.024443358182907104,-0.16020913422107697,0.23142944276332855,0.05948740243911743,-0.019852757453918457,0.13885028660297394,1.200770616531372,0.45293742418289185,0.1670108437538147,0.17175908386707306,>=0.15,False,True,False,True,True,False,False,False,True,0.048994872719049454,-0.24319688975811005,0.19965355098247528,0.06568296998739243,0.18028277158737183,0.09999999403953552,0.05948740243911743,-0.01997033879160881,0.01997033879160881,0.0686851218342781,0.05768579617142677,0.08966656029224396,0.03516021743416786,0.0829252302646637,0.003107404103502631,-0.15217225253582,0.17436513304710388,0.0018028276972472668,0.07116305828094482,0.056513406336307526,0.09084367007017136,0.03346157819032669,4-6deg,0.00-0.04,0.0,0.0,0.0,0.0
130,43,True,True,0.08347082883119583,0.08347082883119583,0.07576605677604675,0.09605920314788818,2.240000009536743,1.5545742511749268,0.38138264417648315,0.008241510018706322,-0.030329082161188126,0.09605920314788818,0.07576605677604675,-0.019991867244243622,0.03669329360127449,1.0399214029312134,0.47550010681152344,0.0911455824971199,0.09088333696126938,0.05-0.10,False,True,False,True,True,False,False,False,True,0.07789676636457443,-0.17921318113803864,0.03830379247665405,0.9845924973487854,0.9845924973487854,0.07999999821186066,0.07576605677604675,-0.020203186199069023,0.020203186199069023,0.00043278647353872657,0.033692616969347,0.03369477018713951,0.04295223951339722,0.01214837096631527,0.0003452669770922512,-0.03192715346813202,0.09059816598892212,0.009845924563705921,0.0004503880918491632,0.036222051829099655,0.03622540831565857,0.04134494438767433,0-2deg,0.04-0.08,0.0,0.0,0.0,0.0
131,42,True,True,0.09083390235900879,0.07743469625711441,0.08313292264938354,0.23617097735404968,5.460000038146973,1.486342191696167,0.1761605143547058,0.018630191683769226,-0.1279740184545517,0.23617097735404968,0.08313292264938354,-0.019324729219079018,0.14743241667747498,1.6854956150054932,0.4144265055656433,0.19849278032779694,0.119656503200531,0.10-0.15,False,True,False,True,True,False,False,False,True,0.08903969079256058,-0.10412007570266724,0.25384172797203064,0.025069747120141983,0.04676700755953789,0.17999999225139618,0.08313292264938354,-0.019424350932240486,0.019424350932240486,-0.046651583164930344,-0.04439445957541466,0.06438837200403214,0.048950545489788055,0.010841656476259232,0.012396077625453472,-0.11690313369035721,0.2052081674337387,0.0004676700627896935,-0.04165295884013176,-0.03793548792600632,0.056331489235162735,0.053077567368745804,2-4deg,0.04-0.08,0.0,0.0,0.0,0.0
132,10,True,False,0.22830967605113983,0.05262073129415512,0.0,0.0,3.679999828338623,1.6347532272338867,0.23723797500133514,0.3010154664516449,0.14996404945850372,0.3080854117870331,0.22766731679439545,-0.004970451816916466,0.15561740100383759,0.638115406036377,0.23230315744876862,0.2691234052181244,0.11065489798784256,0.10-0.15,True,True,False,True,False,False,False,True,True,0.05879177898168564,-0.3383345901966095,0.36580467224121094,0.21233202517032623,0.21233202517032623,0.0,0.22766731679439545,-0.019390415400266647,0.019390415400266647,0.03808009624481201,0.0027321618981659412,0.038177356123924255,0.05639171972870827,0.11595693975687027,0.164785698056221,0.16664358973503113,0.2591264843940735,0.0021233202423900366,0.03125084936618805,-0.06001273915171623,0.06765352189540863,0.04637650400400162,2-4deg,0.04-0.08,0.0,0.0,0.0,0.0
133,51,True,True,0.09303554892539978,0.09303554892539978,0.08615128695964813,0.18269909918308258,2.1599998474121094,1.3791608810424805,0.47336432337760925,-0.01776774786412716,-0.1363106071949005,0.18269909918308258,0.08615128695964813,-0.01988116279244423,0.12392100691795349,0.93317049741745,0.4998217225074768,0.12164856493473053,0.11355894058942795,0.10-0.15,False,True,False,True,True,False,False,False,True,0.09237468987703323,-0.5305105447769165,0.43089723587036133,0.2951672673225403,0.2951672673225403,0.07999999821186066,0.08615128695964813,-0.019989008083939552,0.019989008083939552,-0.019832253456115723,0.019055452197790146,0.027503283694386482,0.06536120921373367,0.08693800866603851,0.0024657000321894884,-0.13381968438625336,0.12438347935676575,0.0029516725335270166,-0.01685936190187931,0.01644553802907467,0.02355220727622509,0.06647604703903198,0-2deg,0.04-0.08,0.0,0.0,0.0,0.0
134,27,True,True,0.039284054189920425,0.037083715200424194,0.017637135460972786,0.24101662635803223,3.2200000286102295,1.2794002294540405,0.32816463708877563,-0.011482992209494114,-0.14364725351333618,0.24101662635803223,0.017637135460972786,-0.019918149337172508,0.13156430423259735,1.734456181526184,0.6546628475189209,0.1935316026210785,0.20209327340126038,>=0.15,False,True,False,True,True,False,False,False,True,0.011432531289756298,-0.1026628240942955,0.21193678677082062,0.020950332283973694,0.0642082616686821,0.05999999865889549,0.017637135460972786,-0.019918149337172508,0.019918149337172508,-0.008987322449684143,0.001900441013276577,0.00918698962777853,0.05260623246431351,0.004475175403058529,0.0015822122804820538,-0.14563775062561035,0.1920381635427475,0.0006420825957320631,-0.01108765508979559,0.001961848232895136,0.011262327432632446,0.05245007947087288,0-2deg,0.04-0.08,0.0,0.0,0.0,0.0
135,31,True,True,0.05536893755197525,0.05536893755197525,0.0427776500582695,0.10967466235160828,3.5,1.0946624279022217,0.21132579445838928,-0.017259160056710243,-0.06145120784640312,0.10967466235160828,0.0427776500582695,-0.019915064796805382,0.044299960136413574,0.7518587708473206,0.4106074869632721,0.09084206819534302,0.20755824446678162,>=0.15,False,True,False,True,True,False,False,False,True,0.05039002746343613,-0.20474648475646973,0.32504162192344666,0.03511466085910797,0.48938384652137756,0.07999999821186066,0.0427776500582695,-0.020119372755289078,0.020119372755289078,-0.046327680349349976,-0.01808147504925728,0.04972836375236511,0.03802308067679405,0.06290016323328018,0.0017605233006179333,-0.06320270150899887,0.0896323025226593,0.004893838427960873,-0.04405916854739189,-0.01755344681441784,0.04742557927966118,0.03960248827934265,2-4deg,0.00-0.04,0.0,0.0,0.0,0.0
136,50,True,True,0.05550961196422577,0.0486164465546608,0.04307106137275696,0.22189903259277344,3.5999999046325684,1.2473500967025757,0.2574826180934906,-0.014802795834839344,-0.12270112335681915,0.22189903259277344,0.04307106137275696,-0.019881602376699448,0.10909593105316162,1.3039344549179077,0.502426028251648,0.18488812446594238,0.1893666386604309,>=0.15,False,True,False,True,True,False,False,False,True,0.0331156849861145,-0.3226098120212555,0.14234940707683563,0.09660153836011887,0.18109723925590515,0.07999999821186066,0.04307106137275696,-0.01990407705307007,0.01990407705307007,0.02561657316982746,0.002275582868605852,0.025717884302139282,0.018497686833143234,0.010529275983572006,0.002367031527683139,-0.11796646565198898,0.18794439733028412,0.0018109723459929228,0.026649625971913338,0.002637329278513789,0.02678070217370987,0.017984339967370033,0-2deg,0.00-0.04,0.0,0.0,0.0,0.0
137,46,True,True,0.047603826969861984,0.047603826969861984,0.03157274052500725,0.12891258299350739,2.6399998664855957,1.1145117282867432,0.2962651252746582,0.004858659580349922,-0.11150152236223221,0.12891258299350739,0.03157274052500725,-0.019608786329627037,0.11657773703336716,1.293148159980774,0.5747239589691162,0.06469826400279999,0.09558400511741638,0.05-0.10,False,True,False,True,True,False,False,False,True,0.037919823080301285,-0.2374008744955063,0.28043803572654724,0.04472767189145088,0.5137438178062439,0.07999999821186066,0.03157274052500725,-0.01997358910739422,0.01997358910739422,-0.06430546194314957,-0.0045235599391162395,0.06446428596973419,0.027863388881087303,0.06687580049037933,0.00785057432949543,-0.11123064905405045,0.06516286730766296,0.005137437954545021,-0.06594420969486237,-0.0045880102552473545,0.06610338389873505,0.026798952370882034,2-4deg,0.00-0.04,0.0,0.0,0.0,0.0
138,59,True,True,0.07943714410066605,0.07876363396644592,0.0710482969880104,0.1111503392457962,3.419999837875366,1.2763972282409668,0.23563183844089508,0.01300809532403946,-0.08844802528619766,0.1111503392457962,0.0710482969880104,-0.01966509222984314,0.10173235833644867,0.5960680246353149,0.3726780414581299,0.06731526553630829,0.16789034008979797,>=0.15,False,True,False,True,True,False,False,False,True,0.07201121747493744,-0.27965280413627625,0.3561995327472687,0.235765740275383,0.235765740275383,0.09999999403953552,0.0710482969880104,-0.019803311675786972,0.019803311675786972,-0.023383112624287605,0.020376713946461678,0.03101382963359356,0.006651693489402533,0.004821395967155695,0.006523639429360628,-0.08699256926774979,0.06918592751026154,0.0023576573003083467,-0.023375356569886208,0.020855935290455818,0.031325578689575195,0.00542725482955575,0-2deg,0.00-0.04,0.0,0.0,0.0,0.0
139,32,False,False,0.6381934881210327,0.6229438781738281,0.0,0.0,1.0399999618530273,2.5338335037231445,0.6234706044197083,-2.1992621421813965,-2.215599775314331,2.2830893993377686,0.6202237606048584,-0.04133440926671028,0.09293900430202484,2.795954704284668,1.5602726936340332,0.5510123372077942,0.2377951294183731,>=0.15,True,True,False,False,False,False,False,True,False,0.0,0.0,0.0,0.0,0.0,0.0,0.6202237606048584,-0.04133440926671028,0.04133440926671028,0.0,0.0,0.0,0.0,0.0,0.6012464165687561,-2.1743979454040527,0.6960533857345581,0.0,-0.05625247582793236,0.08650603890419006,0.10314882546663284,0.009621856734156609,0-2deg,0.00-0.04,0.0,0.0,0.0,0.0
140,16,True,True,0.07084532082080841,0.061033520847558975,0.0615973025560379,0.10609494894742966,3.0799999237060547,1.4915845394134521,0.31725338101387024,0.0007655665394850075,-0.009365357458591461,0.10609494894742966,0.0615973025560379,-0.020002231001853943,0.009559796191751957,0.9973571300506592,0.46097099781036377,0.10568078607320786,0.0775173008441925,0.05-0.10,False,True,False,True,True,False,False,False,True,0.049832411110401154,-0.13747012615203857,0.29221588373184204,0.09539943188428879,0.09539943188428879,0.11999999731779099,0.0615973025560379,-0.020002231001853943,0.020002231001853943,-0.007094815839082003,-0.0009125648066401482,0.007151294033974409,0.027791690081357956,0.00528157502412796,0.0,-0.00944044440984726,0.10567410290241241,0.0009539942839182913,-0.008339203894138336,0.001563975471071899,0.00848544854670763,0.02762211114168167,0-2deg,0.00-0.04,0.0,0.0,0.0,0.0
141,20,True,True,0.09720012545585632,0.09336431324481964,0.09068112075328827,0.1480419635772705,2.3399999141693115,1.4028043746948242,0.4368191957473755,-0.017016224563121796,-0.0830652043223381,0.1480419635772705,0.09068112075328827,-0.01998896896839142,0.0665212869644165,1.286188006401062,0.5180416107177734,0.12254221737384796,0.11761993914842606,0.10-0.15,False,True,False,True,True,False,False,False,True,0.08563117682933807,-0.2755412757396698,0.3686809837818146,0.15571719408035278,0.15571719408035278,0.09999999403953552,0.09068112075328827,-0.01998896896839142,0.01998896896839142,0.04809603467583656,-0.026989350095391273,0.055146027356386185,0.04714335501194,0.03348178416490555,0.0,-0.08648315817117691,0.12015444040298462,0.0015571719268336892,0.046224772930145264,-0.030240098014473915,0.05523138865828514,0.04661687836050987,2-4deg,0.04-0.08,0.0,0.0,0.0,0.0
142,28,True,True,0.09373947232961655,0.09373947232961655,0.08712396025657654,0.1317290961742401,1.7599999904632568,1.1751272678375244,0.3894529342651367,0.041193872690200806,-0.08253821730613708,0.1317290961742401,0.08712396025657654,-0.019385991618037224,0.11979600042104721,0.7944386005401611,0.43036314845085144,0.10266449302434921,0.1769900768995285,>=0.15,False,True,False,True,True,False,False,False,True,0.10234642773866653,-0.5368624925613403,0.4420356750488281,0.15579181909561157,0.15579181909561157,0.11999999731779099,0.08712396025657654,-0.019385991618037224,0.019385991618037224,0.021265774965286255,-0.06730512529611588,0.07058015465736389,0.03299886733293533,0.15364117920398712,0.011965452693402767,-0.08689440786838531,0.09900464117527008,0.0015579181490465999,0.01820460893213749,-0.06566593050956726,0.06813935190439224,0.03655406832695007,4-6deg,0.00-0.04,0.0,0.0,0.0,0.0
143,56,True,True,0.05493216589093208,0.05493216589093208,0.04233003407716751,0.16205203533172607,0.9199999570846558,1.4446451663970947,0.7086832523345947,-0.007551535032689571,-0.11486295610666275,0.16205203533172607,0.04233003407716751,-0.01992318034172058,0.10674097388982773,0.5398011207580566,0.29241427779197693,0.11431258171796799,0.03422723338007927,0.00-0.05,False,True,False,True,True,False,False,False,True,0.045706260949373245,-0.3945023715496063,0.3292439579963684,0.12333870679140091,0.34782546758651733,0.07999999821186066,0.04233003407716751,-0.020005952566862106,0.020005952566862106,-0.0012695190962404013,0.012046164833009243,0.01211397722363472,0.015119681134819984,0.05468668416142464,0.0015440810238942504,-0.11562663316726685,0.11354006826877594,0.003478254657238722,-0.0007882458157837391,0.012808606028556824,0.012830833904445171,0.014932196587324142,0-2deg,0.00-0.04,0.0,0.0,0.0,0.0
144,36,True,True,0.07395091652870178,0.07228856533765793,0.0651245191693306,0.13697697222232819,2.240000009536743,1.623671054840088,0.4648049771785736,0.01794245094060898,0.08051671832799911,0.13697697222232819,0.0651245191693306,-0.020004337653517723,-0.06327787041664124,0.6028503775596619,0.35801705718040466,0.11081403493881226,0.09672774374485016,0.05-0.10,False,True,False,True,True,False,False,False,True,0.07610947638750076,-0.6006498336791992,0.47950875759124756,0.05518842115998268,0.4481711685657501,0.2800000011920929,0.0651245191693306,-0.02005821093916893,0.02005821093916893,0.022746669128537178,0.0038998632226139307,0.023079227656126022,0.01881883293390274,0.16214531660079956,0.0007720404537394643,0.07819847017526627,0.11246196180582047,0.00448171142488718,0.023327050730586052,0.008614147081971169,0.02486705593764782,0.017881374806165695,0-2deg,0.00-0.04,0.0,0.0,0.0,0.0
145,47,True,True,0.06372423470020294,0.05264432355761528,0.05324672535061836,0.20342299342155457,6.839999675750732,1.6084626913070679,0.17923389375209808,0.004869420547038317,8.054310455918312e-05,0.20342299342155457,0.05324672535061836,-0.01998681202530861,0.005301513709127903,0.6184239983558655,0.31264951825141907,0.20342297852039337,0.19964846968650818,>=0.15,False,True,False,True,True,False,False,False,True,0.11409260332584381,-0.5648568868637085,0.5032075643539429,0.30241554975509644,0.30241554975509644,5.380000114440918,0.05324672535061836,-0.02002546191215515,0.02002546191215515,0.009749534539878368,0.0021767718717455864,0.009988944977521896,0.029908260330557823,0.04004471376538277,0.0003452669770922512,-0.00030737672932446003,0.20342275500297546,0.00302415550686419,-0.023586636409163475,0.026709726080298424,0.03563136234879494,0.014074102975428104,0-2deg,0.00-0.04,0.0,0.0,0.0,0.0
146,41,True,False,0.12525270879268646,0.12525270879268646,0.0,0.0,2.180000066757202,1.682449460029602,0.485744833946228,-0.4787967801094055,-0.36451637744903564,0.5531865358352661,0.12241469323635101,-0.013095333240926266,-0.14271463453769684,0.7977993488311768,0.3982957601547241,0.4161047637462616,0.16185835003852844,>=0.15,True,True,False,True,False,False,False,True,True,0.12241469323635101,-0.3366430997848511,0.4389610290527344,0.28204458951950073,0.28204458951950073,0.0,0.12241469323635101,-0.013095333240926266,0.013095333240926266,-0.04106060788035393,0.06275046616792679,0.07497549057006836,0.06329605728387833,0.12307560443878174,0.12307560443878174,-0.3366430997848511,0.4389610290527344,0.0028204459231346846,-0.04106060788035393,0.06275046616792679,0.07497549057006836,0.06329605728387833,4-6deg,0.04-0.08,0.0,0.0,0.0,0.0
147,43,True,True,0.07653709501028061,0.07653709501028061,0.06801474839448929,0.2590716481208801,0.8399999737739563,1.3915655612945557,0.6452155709266663,-0.06257471442222595,-0.021302368491888046,0.2590716481208801,0.06801474839448929,-0.01988913118839264,-0.04364457353949547,0.6524311900138855,0.2160337269306183,0.25819435715675354,0.046214181929826736,0.00-0.05,False,True,False,True,True,False,False,False,True,0.07152657955884933,0.07362884283065796,0.23464082181453705,0.959547221660614,0.959547221660614,0.05999999865889549,0.06801474839448929,-0.020187636837363243,0.020187636837363243,0.051711391657590866,0.008987659588456154,0.05248546972870827,0.013141694478690624,0.004041249398142099,0.002316121943295002,-0.008626201190054417,0.25892800092697144,0.009595472365617752,0.05179961770772934,0.009494155645370483,0.05266127735376358,0.012592454440891743,2-4deg,0.00-0.04,0.0,0.0,0.0,0.0
148,34,True,False,0.14955931901931763,0.14955931901931763,0.0,0.0,2.1599998474121094,1.3486870527267456,0.32680544257164,-0.3292374610900879,-0.4709627628326416,0.672619104385376,0.1457483172416687,-0.01883474737405777,0.13108031451702118,1.3430041074752808,0.582581639289856,0.4802192449569702,0.14557555317878723,0.10-0.15,True,True,False,True,False,False,False,True,True,0.1457483172416687,-0.45282185077667236,0.4973618686199188,0.09088057279586792,0.09088057279586792,0.0,0.1457483172416687,-0.01883474737405777,0.01883474737405777,-0.06814475357532501,-0.008760432712733746,0.06870429217815399,0.03832170367240906,0.018564589321613312,0.018564589321613312,-0.45282185077667236,0.4973618686199188,0.0009088056976906955,-0.06814475357532501,-0.008760432712733746,0.06870429217815399,0.03832170367240906,2-4deg,0.00-0.04,0.0,0.0,0.0,0.0
149,39,True,True,0.08605847507715225,0.08535915613174438,0.07870158553123474,0.05911259353160858,0.9399999976158142,1.5081838369369507,0.7403055429458618,-0.07658985257148743,0.03066972643136978,0.05911259353160858,0.07870158553123474,-0.018719268962740898,-0.10576222091913223,0.3709549903869629,0.20466254651546478,0.05053381621837616,0.13804203271865845,0.10-0.15,False,True,False,True,True,False,False,False,True,0.07935060560703278,-0.3244313597679138,0.4766314923763275,0.45201215147972107,0.45201215147972107,0.07999999821186066,0.07870158553123474,-0.019979938864707947,0.019979938864707947,0.03491964936256409,-0.04402615502476692,0.056186266243457794,0.011213221587240696,0.008082515560090542,0.020834026858210564,0.027942737564444542,0.052091289311647415,0.004520121496170759,0.034336503595113754,-0.044343557208776474,0.05607683211565018,0.01097244955599308,2-4deg,0.00-0.04,0.0,0.0,0.0,0.0
150,62,True,True,0.0592162199318409,0.0592162199318409,0.04776535555720329,0.19647341966629028,1.959999918937683,1.276041030883789,0.4137578308582306,-0.006439765449613333,-0.015084842219948769,0.19647341966629028,0.04776535555720329,-0.01998579129576683,0.008036083541810513,0.8243027329444885,0.37526026368141174,0.19589346647262573,0.16141124069690704,>=0.15,False,True,False,True,True,False,False,False,True,0.058657124638557434,-0.12826238572597504,0.438747376203537,0.2467513084411621,0.2467513084411621,0.07999999821186066,0.04776535555720329,-0.019998135045170784,0.019998135045170784,0.031147992238402367,0.0024688132107257843,0.031245548278093338,0.019710388034582138,0.017927544191479683,0.0003452669770922512,-0.015772778540849686,0.1958392709493637,0.002467513084411621,0.029960110783576965,0.002261717803776264,0.03004531003534794,0.02047792822122574,0-2deg,0.00-0.04,0.0,0.0,0.0,0.0
151,42,False,False,0.39105796813964844,0.39105796813964844,0.0,0.0,1.0799999237060547,2.839510202407837,0.5889618396759033,-2.2591001987457275,-2.0604846477508545,2.1548030376434326,0.3761614263057709,-0.018215367570519447,0.1034146249294281,2.6175284385681152,1.1677601337432861,0.630538821220398,0.028862133622169495,0.00-0.05,True,True,False,False,False,False,False,True,False,0.0,0.0,0.0,0.0,0.0,0.0,0.3761614263057709,-0.018215367570519447,0.018215367570519447,0.0,0.0,0.0,0.0,0.0,0.6488563418388367,-2.072171211242676,0.5910012722015381,0.0,0.010269328020513058,0.047022514045238495,0.04812946170568466,0.02722749672830105,0-2deg,0.00-0.04,0.0,0.0,0.0,0.0
152,12,True,True,0.07537218183279037,0.06476958841085434,0.06655287742614746,0.19225868582725525,4.159999847412109,1.2062625885009766,0.23097766935825348,0.020699376240372658,-0.10799595713615417,0.19225868582725525,0.06655287742614746,-0.019440235570073128,0.12814149260520935,0.9085788130760193,0.2943430244922638,0.15906061232089996,0.14629752933979034,0.10-0.15,False,True,False,True,True,False,False,False,True,0.06638704985380173,-0.10496389120817184,0.17408300936222076,0.02251240611076355,0.030083363875746727,0.05999999865889549,0.06655287742614746,-0.019633427262306213,0.019633427262306213,0.03412337228655815,0.03929651156067848,0.05203818902373314,0.009575107134878635,0.006338269915431738,0.009121878072619438,-0.10319576412439346,0.16221603751182556,0.0003008336352650076,0.03433510288596153,0.038967568427324295,0.05193036049604416,0.010046595707535744,2-4deg,0.00-0.04,0.0,0.0,0.0,0.0
153,19,True,True,0.06989574432373047,0.06989574432373047,0.06031159684062004,0.13311029970645905,3.359999895095825,1.2826896905899048,0.3075266480445862,-0.01362551935017109,-0.1229974702000618,0.13311029970645905,0.06031159684062004,-0.01979021541774273,0.10683824867010117,1.1151801347732544,0.45411014556884766,0.05089179798960686,0.18858617544174194,>=0.15,False,True,False,True,True,False,False,False,True,0.06214677914977074,-0.19847550988197327,0.22350667417049408,0.3389554023742676,0.3389554023742676,0.05999999865889549,0.06031159684062004,-0.020037338137626648,0.020037338137626648,0.00077342230360955,-0.02108493633568287,0.021098436787724495,0.04084586352109909,0.004214523825794458,0.0037505615036934614,-0.1224433109164238,0.05221100151538849,0.003389553865417838,0.0020275709684938192,-0.022121291607618332,0.022213228046894073,0.040497127920389175,0-2deg,0.04-0.08,0.0,0.0,0.0,0.0
154,40,True,False,0.1480960100889206,0.08776528388261795,0.0,0.0,9.380000114440918,1.3705133199691772,0.12789148092269897,-0.08610620349645615,-0.228113055229187,0.2422756552696228,0.14503176510334015,-0.015525689348578453,0.13980931043624878,1.3992892503738403,0.37879952788352966,0.08162060379981995,0.15576820075511932,>=0.15,True,True,False,True,False,False,False,True,True,0.14503176510334015,-0.22815124690532684,0.08151381462812424,0.0438605397939682,0.0438605397939682,0.0,0.14503176510334015,-0.017912236973643303,0.017912236973643303,0.009508985094726086,-0.030071962624788284,0.03153989091515541,0.016477810218930244,0.08407369256019592,0.08407369256019592,-0.22815124690532684,0.08151381462812424,0.0004386053769849241,0.009508985094726086,-0.030071962624788284,0.03153989091515541,0.016477810218930244,0-2deg,0.00-0.04,0.0,0.0,0.0,0.0
155,14,True,True,0.05152926594018936,0.05152926594018936,0.0374307781457901,0.2007177323102951,6.940000057220459,2.009777545928955,0.25703194737434387,0.013013155199587345,-0.11817564070224762,0.2007177323102951,0.0374307781457901,-0.01946418173611164,0.13071508705615997,1.840846300125122,0.5266904234886169,0.16224095225334167,0.1839890033006668,>=0.15,False,True,False,True,True,False,False,False,True,0.0412205308675766,-0.07303500175476074,0.19123901426792145,0.06106850504875183,0.06106850504875183,0.09999999403953552,0.0374307781457901,-0.019795110449194908,0.019795110449194908,-0.0032653657253831625,0.056551579385995865,0.05664609372615814,0.038880329579114914,0.014505450613796711,0.010747786611318588,-0.11212863028049469,0.16647756099700928,0.0006106850341893733,-0.0021336106583476067,0.05938505381345749,0.05942376330494881,0.03738716244697571,2-4deg,0.00-0.04,0.0,0.0,0.0,0.0
156,15,True,True,0.11347287148237228,0.09817364066839218,0.10792919248342514,0.21664881706237793,2.7200000286102295,1.4210506677627563,0.34748584032058716,-0.016696635633707047,-0.1199946254491806,0.21664881706237793,0.10792919248342514,-0.01993882656097412,0.10928983241319656,1.1248676776885986,0.45010608434677124,0.18038293719291687,0.16484564542770386,>=0.15,False,True,False,True,True,False,False,False,True,0.10236708074808121,-0.10481073707342148,0.1773594319820404,0.03269936516880989,0.03648540377616882,0.05999999865889549,0.10792919248342514,-0.01993882656097412,0.01993882656097412,0.02435019239783287,-0.021338295191526413,0.032375603914260864,0.056183114647865295,0.025363119319081306,0.0012448779307305813,-0.11682867258787155,0.18244938552379608,0.0003648540296126157,0.02327006682753563,-0.02331148460507393,0.03293605148792267,0.056287359446287155,0-2deg,0.04-0.08,0.0,0.0,0.0,0.0
157,59,False,False,0.35463279485702515,0.34707358479499817,0.0,0.0,1.159999966621399,2.403341770172119,0.8740149140357971,-2.564771890640259,-2.6171977519989014,3.0600616931915283,0.37204840779304504,-0.01816060021519661,0.19526809453964233,2.4128916263580322,1.2704905271530151,1.5856398344039917,0.22130946815013885,>=0.15,True,True,False,False,False,False,False,True,False,0.0,0.0,0.0,0.0,0.0,0.0,0.37204840779304504,-0.01816060021519661,0.01816060021519661,0.0,0.0,0.0,0.0,0.0,1.4588816165924072,-2.583338737487793,1.6402251720428467,0.0,0.0658031702041626,-0.031233513727784157,0.07282978296279907,0.0438876673579216,0-2deg,0.00-0.04,0.0,0.0,0.0,0.0
158,18,True,True,0.03838467225432396,0.03838467225432396,0.015821168199181557,0.14775793254375458,3.0199999809265137,1.4027818441390991,0.2864062786102295,-0.0018872779328376055,-0.1203499436378479,0.14775793254375458,0.015821168199181557,-0.020015262067317963,0.1184498593211174,0.9151562452316284,0.4525269865989685,0.08572220057249069,0.08889038860797882,0.05-0.10,False,True,False,True,True,False,False,False,True,0.01661398448050022,-0.2793363928794861,0.18191590905189514,0.06405714154243469,0.22961965203285217,0.07999999821186066,0.015821168199181557,-0.020017188042402267,0.020017188042402267,0.0015121548203751445,-0.0420086495578289,0.042036425322294235,0.01888873800635338,0.026300041005015373,0.0008457279182039201,-0.11799576133489609,0.08893483877182007,0.0022961965296417475,0.0006467472994700074,-0.042693495750427246,0.04269784688949585,0.01791352778673172,2-4deg,0.00-0.04,0.0,0.0,0.0,0.0
159,27,False,False,0.26991966366767883,0.26991966366767883,0.0,0.0,1.399999976158142,1.8059279918670654,0.5422080159187317,-0.7880783081054688,-0.7617366909980774,0.967706024646759,0.251478374004364,-0.016513388603925705,0.06864027678966522,1.9781105518341064,1.0384395122528076,0.5968350768089294,0.15284177660942078,>=0.15,True,True,False,True,False,False,False,True,True,0.251478374004364,-0.740632176399231,0.6228313446044922,1.153686285018921,1.153686285018921,0.0,0.251478374004364,-0.016513388603925705,0.016513388603925705,0.052933238446712494,0.004492637701332569,0.05312353000044823,0.016405774280428886,0.4878295958042145,0.4878295958042145,-0.740632176399231,0.6228313446044922,0.011536862701177597,0.052933238446712494,0.004492637701332569,0.05312353000044823,0.016405774280428886,2-4deg,0.00-0.04,0.0,0.0,0.0,0.0
160,1,True,True,0.08274880796670914,0.08274880796670914,0.07501096278429031,0.14389850199222565,2.059999942779541,1.2785449028015137,0.3312206566333771,0.021891655400395393,-0.11739014834165573,0.14389850199222565,0.07501096278429031,-0.019486039876937866,0.13905616104602814,0.9458084106445312,0.4474061131477356,0.0832245796918869,0.18503259122371674,>=0.15,False,True,False,True,True,False,False,False,True,0.07734443247318268,-0.14100931584835052,0.2112773209810257,0.05122116580605507,0.09023328125476837,0.05999999865889549,0.07501096278429031,-0.019845815375447273,0.019845815375447273,-0.01913171075284481,0.005568905267864466,0.019924359396100044,0.007635713089257479,0.0030881629791110754,0.007712699472904205,-0.11833356320858002,0.08187761902809143,0.0009023327729664743,-0.01912032626569271,0.0058707306161522865,0.02000199258327484,0.00746788177639246,0-2deg,0.00-0.04,0.0,0.0,0.0,0.0
161,48,False,False,0.7978674173355103,0.7058950066566467,0.0,0.0,2.119999885559082,3.2759504318237305,0.5453932285308838,-3.45485258102417,-4.239880561828613,4.35022497177124,0.8283089995384216,-0.05071769654750824,-0.001190287759527564,2.286438226699829,0.8488375544548035,0.97358638048172,0.18722613155841827,>=0.15,True,True,False,False,False,False,False,True,False,0.0,0.0,0.0,0.0,0.0,0.0,0.8283089995384216,-0.05071769654750824,0.05071769654750824,0.0,0.0,0.0,0.0,0.0,1.0982600450515747,-4.288300037384033,0.7313979864120483,0.0,0.06215863674879074,0.0031622201204299927,0.06223861128091812,0.02652250975370407,0-2deg,0.00-0.04,0.0,0.0,0.0,0.0
162,47,True,True,0.07948768138885498,0.07385735958814621,0.07135366648435593,0.22973529994487762,0.9399999976158142,1.6851985454559326,0.8213258385658264,0.0010015643201768398,-0.09978875517845154,0.22973529994487762,0.07135366648435593,-0.020003968849778175,0.09922083467245102,0.3714204430580139,0.25537219643592834,0.2069311887025833,0.2020474523305893,>=0.15,False,True,False,True,True,False,False,False,True,0.06520260870456696,-0.4570895731449127,0.44545626640319824,0.157344251871109,0.2928113341331482,0.07999999821186066,0.07135366648435593,-0.020016372203826904,0.020016372203826904,-0.05217573419213295,0.02800975926220417,0.05921262502670288,0.04310871288180351,0.03962865471839905,0.0006905339541845024,-0.08904734253883362,0.211775541305542,0.002928113332018256,-0.05251317843794823,0.025426486507058144,0.058340005576610565,0.04374294355511665,2-4deg,0.04-0.08,0.0,0.0,0.0,0.0
163,45,True,True,0.03913349658250809,0.03900892287492752,0.01751907914876938,0.25030025839805603,4.21999979019165,1.3534308671951294,0.2517538070678711,-0.0041277543641626835,-0.06227772310376167,0.25030025839805603,0.01751907914876938,-0.020012039691209793,0.05899020656943321,0.6788446307182312,0.29526185989379883,0.2424287497997284,0.24235357344150543,>=0.15,False,True,False,True,True,False,False,False,True,0.01360425166785717,-0.21818259358406067,0.3489964008331299,0.11159911006689072,0.19178572297096252,2.259999990463257,0.01751907914876938,-0.020021911710500717,0.020021911710500717,0.04395345598459244,0.02417844720184803,0.05016056075692177,0.03231396526098251,0.14032325148582458,0.00048828125,-0.06743290275335312,0.24104566872119904,0.0019178572110831738,-0.014700637198984623,-0.04477323219180107,0.04712286591529846,0.036442361772060394,2-4deg,0.00-0.04,0.0,0.0006905339541845024,0.0,0.0
164,52,True,True,0.1135413870215416,0.06887011975049973,0.10796307027339935,0.1795724630355835,9.359999656677246,1.7621097564697266,0.15581651031970978,-0.029025759547948837,-0.15910011529922485,0.1795724630355835,0.10796307027339935,-0.019936388358473778,0.13213229179382324,1.950452208518982,0.4209381937980652,0.08326717466115952,0.09302271157503128,0.05-0.10,False,True,False,True,True,False,False,False,True,0.05943803861737251,-0.34250763058662415,0.33378487825393677,0.23607277870178223,0.23607277870178223,5.339999675750732,0.10796307027339935,-0.020006882026791573,0.020006882026791573,0.015473439358174801,-0.01218759547919035,0.019695673137903214,0.02362077124416828,0.10962480306625366,0.0011960400734096766,-0.15717409551143646,0.08684800565242767,0.0023607276380062103,0.011282097548246384,0.019826697185635567,0.02281164564192295,0.021022513508796692,0-2deg,0.00-0.04,0.0,0.0,0.0,0.0
165,5,True,False,0.18345069885253906,0.05008730664849281,0.0,0.0,9.979999542236328,1.022747278213501,0.09508203715085983,-0.23317068815231323,-0.270352303981781,0.3815576136112213,0.10660097748041153,0.09539175033569336,0.03781260550022125,0.5180755257606506,0.2553558349609375,0.2692505121231079,0.17904740571975708,>=0.15,False,False,True,False,False,False,False,False,False,0.0,0.0,0.0,0.0,0.0,0.0,0.10660097748041153,-0.01241832971572876,0.01241832971572876,0.0,0.0,0.0,0.0,0.0,0.07375284284353256,-0.2634877860546112,0.27597174048423767,0.0,0.0058340043760836124,-0.028007833287119865,0.028608174994587898,0.012930578552186489,0-2deg,0.00-0.04,0.0,0.0,0.0,0.0
166,8,True,False,0.1573444902896881,0.10360199213027954,0.0,0.0,9.979999542236328,1.3757184743881226,0.12006483227014542,0.08995941281318665,-0.01846299320459366,0.17765574157238007,0.15553276240825653,-0.014528609812259674,0.11098834127187729,0.6963710188865662,0.306822270154953,0.17669375240802765,0.15477462112903595,>=0.15,False,False,True,True,False,False,False,False,True,0.0975349023938179,-0.10113804042339325,0.2905915677547455,0.6498724222183228,0.6498724222183228,0.0,0.15553276240825653,-0.020009057596325874,0.020009057596325874,-0.03667095676064491,-0.006440829019993544,0.03723179176449776,0.03128037229180336,0.00789599772542715,0.09964700788259506,-0.01280135102570057,0.17719392478466034,0.0064987242221832275,-0.05774184688925743,0.0016636202344670892,0.05776573717594147,0.010117683559656143,2-4deg,0.00-0.04,0.0,0.0,0.0,0.0
167,13,True,False,0.3008672893047333,0.08117871731519699,0.0,0.0,9.979999542236328,1.1955074071884155,0.09690941870212555,0.14134030044078827,0.1079210638999939,0.48694244027137756,0.16495895385742188,0.20118197798728943,0.03449137508869171,0.5358338356018066,0.26704123616218567,0.47483259439468384,0.22796058654785156,>=0.15,False,False,True,True,False,False,False,False,True,0.0942658856511116,-0.09550145268440247,0.35157203674316406,0.05409679561853409,0.35151320695877075,0.0,0.16495895385742188,-0.020032715052366257,0.020032715052366257,0.017303641885519028,0.007285759784281254,0.01877530850470066,0.01654457114636898,0.09044397622346878,0.18403670191764832,0.10293464362621307,0.47593843936920166,0.0035151320043951273,0.026433998718857765,0.016624726355075836,0.031226463615894318,0.006789437495172024,0-2deg,0.00-0.04,0.0,0.0,0.0,0.0
168,25,True,False,0.18204931914806366,0.0863284021615982,0.0,0.0,9.979999542236328,1.2361687421798706,0.09612855315208435,0.11758184432983398,0.0164647176861763,0.14223355054855347,0.1786685585975647,-0.017566343769431114,0.1015910804271698,0.5574436187744141,0.2676589787006378,0.14127737283706665,0.11506246775388718,0.10-0.15,False,False,True,True,False,False,False,False,True,0.08429090678691864,-0.18146395683288574,0.3266270160675049,0.12273206561803818,0.12273206561803818,0.0,0.1786685585975647,-0.01970035396516323,0.01970035396516323,-0.0007772520184516907,0.0007406722870655358,0.001091830083169043,0.009396695531904697,0.08180371671915054,0.017353104427456856,0.017791835591197014,0.14111638069152832,0.0012273206375539303,-0.00920922216027975,0.0031413547694683075,0.009728972800076008,0.0035075913183391094,0-2deg,0.00-0.04,0.0,0.0,0.0,0.0
169,23,True,True,0.06638069450855255,0.06432908773422241,0.05629891902208328,0.18106062710285187,2.6399998664855957,1.2439191341400146,0.319057434797287,-0.010641839355230331,-0.14966656267642975,0.18106062710285187,0.05629891902208328,-0.01974371075630188,0.13842731714248657,0.9095929861068726,0.4315052628517151,0.10189636796712875,0.11789309978485107,0.10-0.15,False,True,False,True,True,False,False,False,True,0.05556511506438255,-0.39126846194267273,0.31549835205078125,0.0713576152920723,0.08014331758022308,0.11999999731779099,0.05629891902208328,-0.019791478291153908,0.019791478291153908,0.02564626932144165,0.03778471797704697,0.045662835240364075,0.015745148062705994,0.020291944965720177,0.0050033992156386375,-0.14501550793647766,0.10841334611177444,0.0008014331688173115,0.025636421516537666,0.036127399653196335,0.04429614171385765,0.01740427501499653,2-4deg,0.00-0.04,0.0,0.0,0.0,0.0
170,55,True,True,0.07290247827768326,0.06964343041181564,0.06395949423313141,0.06452072411775589,7.399999618530273,1.46759033203125,0.12519139051437378,0.0027412332128733397,0.013811571523547173,0.06452072411775589,0.06395949423313141,-0.020006593316793442,-0.013573120348155499,0.7499756813049316,0.25237342715263367,0.06302510201931,0.1729266494512558,>=0.15,False,True,False,True,True,False,False,False,True,0.08996211737394333,-0.002252449281513691,0.4720924198627472,0.09277325868606567,0.09277325868606567,6.420000076293945,0.06395949423313141,-0.020006593316793442,0.020006593316793442,0.027975842356681824,-0.0019686678424477577,0.028044164180755615,0.0389474555850029,0.042423274368047714,0.0003452669770922512,0.013122490607202053,0.06317217648029327,0.0009277325589209795,-0.011481706984341145,-0.009510981850326061,0.014910715632140636,0.040724582970142365,0-2deg,0.00-0.04,0.0,0.0,0.0,0.0
171,34,False,False,0.3193119764328003,0.3193119764328003,0.0,0.0,1.2599999904632568,3.1062395572662354,0.7509544491767883,-2.6647465229034424,-2.644594430923462,2.648834466934204,0.3295978605747223,-0.028930356726050377,-0.17585179209709167,1.8285845518112183,0.905073344707489,0.14981244504451752,0.03643522784113884,0.00-0.05,True,True,False,False,False,False,False,True,False,0.0,0.0,0.0,0.0,0.0,0.0,0.3295978605747223,-0.028930356726050377,0.028930356726050377,0.0,0.0,0.0,0.0,0.0,0.8840986490249634,-2.63887619972229,0.22946909070014954,0.0,0.0017326601082459092,0.035845570266246796,0.035888105630874634,0.029489697888493538,0-2deg,0.00-0.04,0.0,0.0,0.0,0.0
172,10,True,False,0.1284700334072113,0.1284700334072113,0.0,0.0,2.0199999809265137,1.6965303421020508,0.4265458583831787,-0.42680707573890686,-0.5630459189414978,0.6031407117843628,0.12499672919511795,-0.014317383989691734,0.11753818392753601,0.7429884672164917,0.4267510175704956,0.21623605489730835,0.19610221683979034,>=0.15,True,True,False,True,False,False,False,True,True,0.12499672919511795,-0.5628432631492615,0.21676282584667206,0.4493187963962555,0.4493187963962555,0.0,0.12499672919511795,-0.014317383989691734,0.014317383989691734,-0.031105153262615204,0.049367304891347885,0.0583430677652359,0.024780625477433205,0.11254332214593887,0.11254332214593887,-0.5628432631492615,0.21676282584667206,0.0044931876473128796,-0.031105153262615204,0.049367304891347885,0.0583430677652359,0.024780625477433205,2-4deg,0.00-0.04,0.0,0.0,0.0,0.0
173,3,True,True,0.037620045244693756,0.037620045244693756,0.013792263343930244,0.1395135223865509,2.7799999713897705,1.3059927225112915,0.3321226239204407,-0.016312159597873688,-0.11465161293745041,0.1395135223865509,0.013792263343930244,-0.019998323172330856,0.09866029024124146,1.3771523237228394,0.5064161419868469,0.07949231564998627,0.09197106957435608,0.05-0.10,False,True,False,True,True,False,False,False,True,0.01996523328125477,-0.35816770792007446,0.4057508111000061,0.14208823442459106,0.14208823442459106,0.07999999821186066,0.013792263343930244,-0.019998323172330856,0.019998323172330856,-0.013186817057430744,0.0707993134856224,0.07201511412858963,0.04749034345149994,0.05165403336286545,0.0,-0.11728893965482712,0.07554684579372406,0.001420882297679782,-0.010354599915444851,0.07113243639469147,0.07188078761100769,0.047566644847393036,4-6deg,0.04-0.08,0.0,0.0,0.0,0.0
174,49,True,True,0.03765004128217697,0.0359637513756752,0.013853410258889198,0.1442299634218216,3.259999990463257,1.2551162242889404,0.2958998680114746,0.0027008564211428165,-0.0013425899669528008,0.1442299634218216,0.013853410258889198,-0.019991731271147728,0.0034915634896606207,1.0238416194915771,0.4821754992008209,0.14422371983528137,0.1423749327659607,0.10-0.15,False,True,False,True,True,False,False,False,True,0.008505559526383877,0.021199671551585197,0.16772578656673431,0.6035493612289429,0.6035493612289429,0.05999999865889549,0.013853410258889198,-0.020055267959833145,0.020055267959833145,-0.022756123915314674,0.002956410637125373,0.022947123274207115,0.059397075325250626,0.0007720404537394643,0.0,-0.0038503925316035748,0.144178569316864,0.006035493686795235,-0.022688306868076324,0.005329392850399017,0.023305408656597137,0.05929087847471237,0-2deg,0.04-0.08,0.0,0.0,0.0,0.0
175,7,True,True,0.11063852906227112,0.09880968928337097,0.10494372248649597,0.18186475336551666,2.859999895095825,1.5987260341644287,0.319543719291687,6.973261770326644e-05,-0.037977080792188644,0.18186475336551666,0.10494372248649597,-0.019885431975126266,0.03793012350797653,1.3283442258834839,0.5524684190750122,0.17785535752773285,0.17649351060390472,>=0.15,False,True,False,True,True,False,False,False,True,0.09292156249284744,-0.4265408515930176,0.404325395822525,0.1851564198732376,0.1851564198732376,0.11999999731779099,0.10494372248649597,-0.019885431975126266,0.019885431975126266,0.00811721757054329,0.011366539634764194,0.013965298421680927,0.010558750480413437,0.10288277268409729,0.00172633514739573,-0.04040621593594551,0.17731928825378418,0.0018515641568228602,0.0081986915320158,0.012388542294502258,0.014854644425213337,0.009943252429366112,0-2deg,0.00-0.04,0.0,0.0,0.0,0.0
176,60,True,True,0.047209516167640686,0.0428287610411644,0.030751604586839676,0.2160775363445282,3.240000009536743,1.4892966747283936,0.29520052671432495,0.010479670017957687,-0.11696847528219223,0.2160775363445282,0.030751604586839676,-0.019441580399870872,0.12618348002433777,1.6077284812927246,0.642861008644104,0.18168070912361145,0.18204481899738312,>=0.15,False,True,False,True,True,False,False,False,True,0.024683071300387383,-0.13881205022335052,0.25785768032073975,0.12263570725917816,0.12263570725917816,0.05999999865889549,0.030751604586839676,-0.019998982548713684,0.019998982548713684,-0.029881585389375687,-0.058166053146123886,0.06538482755422592,0.04376278817653656,0.0,0.010714460164308548,-0.11796049773693085,0.18103820085525513,0.0012263570679351687,-0.029726294800639153,-0.059871070086956024,0.06683655083179474,0.04183894395828247,2-4deg,0.04-0.08,0.0,0.0,0.0,0.0
177,15,False,False,0.2709343731403351,0.2709343731403351,0.0,0.0,1.0799999237060547,3.17960262298584,0.6538056135177612,-2.7864742279052734,-2.615433692932129,2.8259389400482178,0.25895076990127563,-0.022908978164196014,0.13706661760807037,1.9323493242263794,0.8934718370437622,1.070251226425171,0.25878584384918213,>=0.15,True,True,False,False,False,False,False,True,False,0.0,0.0,0.0,0.0,0.0,0.0,0.25895076990127563,-0.022908978164196014,0.022908978164196014,0.0,0.0,0.0,0.0,0.0,0.4409143030643463,-2.5880558490753174,1.134856104850769,0.0,0.001544965780340135,-0.02747323364019394,0.027516284957528114,0.0017487440491095185,0-2deg,0.00-0.04,0.0,0.0,0.0,0.0
178,43,True,True,0.042251892387866974,0.042251892387866974,0.02364397421479225,0.13025161623954773,1.7400000095367432,1.3011205196380615,0.34123724699020386,-0.0018971719546243548,-0.027208900079131126,0.13025161623954773,0.02364397421479225,-0.019984660670161247,0.02543586865067482,0.6246950030326843,0.35706058144569397,0.12737801671028137,0.14560644328594208,0.10-0.15,False,True,False,True,True,False,False,False,True,0.029714487493038177,-0.23737968504428864,0.3359069526195526,0.0851740911602974,0.0851740911602974,0.07999999821186066,0.02364397421479225,-0.020006217062473297,0.020006217062473297,-0.00591512443497777,0.003838451812043786,0.007050565909594297,0.012468764558434486,0.024553444236516953,0.0003452669770922512,-0.028042620047926903,0.12719708681106567,0.0008517408859916031,-0.006604038644582033,0.004114644136279821,0.0077819423750042915,0.012268496677279472,0-2deg,0.00-0.04,0.0,0.0,0.0,0.0
179,46,True,True,0.03915147855877876,0.03915147855877876,0.01754600740969181,0.26478102803230286,2.299999952316284,1.4780426025390625,0.38174664974212646,-0.034046802669763565,-0.1724337637424469,0.26478102803230286,0.01754600740969181,-0.019997188821434975,0.13959051668643951,0.878837525844574,0.4042569696903229,0.20093677937984467,0.20350155234336853,>=0.15,False,True,False,True,True,False,False,False,True,0.026040097698569298,-0.40324336290359497,0.262510746717453,0.24070073664188385,0.24070073664188385,0.09999999403953552,0.01754600740969181,-0.020004091784358025,0.020004091784358025,-0.014698312617838383,-0.015131029300391674,0.02109561115503311,0.0608271062374115,0.004242714960128069,0.0003452669770922512,-0.1701143980026245,0.2029041349887848,0.00240700738504529,-0.01912117376923561,-0.017069121822714806,0.02563197910785675,0.059861332178115845,0-2deg,0.04-0.08,0.0,0.0,0.0,0.0
180,6,True,True,0.08282952010631561,0.06546050310134888,0.07502096891403198,0.2334432154893875,3.6599998474121094,1.2612762451171875,0.27266573905944824,-0.03271782025694847,-0.21478895843029022,0.2334432154893875,0.07502096891403198,-0.01993429847061634,0.18210545182228088,1.3226163387298584,0.4596923291683197,0.09144090116024017,0.10156761854887009,0.10-0.15,False,True,False,True,True,False,False,False,True,0.07866764813661575,-0.14898331463336945,0.1416274607181549,0.03468746319413185,0.1736266314983368,0.11999999731779099,0.07502096891403198,-0.01993429847061634,0.01993429847061634,-0.011389208026230335,-0.04892949387431145,0.05023658648133278,0.0035022199153900146,0.008272032253444195,0.0014648438664153218,-0.21426521241664886,0.09266150742769241,0.0017362663056701422,-0.011717310175299644,-0.04876086860895157,0.05014748126268387,0.004554483108222485,2-4deg,0.00-0.04,0.0,0.0,0.0,0.0
181,21,True,True,0.05631902813911438,0.04030265286564827,0.04391147941350937,0.23132209479808807,4.920000076293945,2.328616142272949,0.32747766375541687,0.003082876093685627,-0.046998340636491776,0.23132209479808807,0.04391147941350937,-0.01967802084982395,0.05219852551817894,1.9857890605926514,0.5729801058769226,0.22649738192558289,0.1607823669910431,>=0.15,False,True,False,True,True,False,False,False,True,0.009663197211921215,-0.14897865056991577,0.26339948177337646,0.0575748048722744,0.0575748048722744,0.17999999225139618,0.04391147941350937,-0.019996367394924164,0.019996367394924164,-0.02940678596496582,-0.03947078064084053,0.04921611025929451,0.05997276306152344,0.06797808408737183,0.004501734394580126,-0.039622023701667786,0.22790350019931793,0.0005757480394095182,-0.02460242621600628,-0.04746159538626671,0.05345476418733597,0.05649106577038765,2-4deg,0.04-0.08,0.0,0.0,0.0,0.0
182,53,True,True,0.04981019347906113,0.04981019347906113,0.03497610241174698,0.18966765701770782,4.239999771118164,1.4226759672164917,0.2624458968639374,0.010517055168747902,-0.11729677021503448,0.18966765701770782,0.03497610241174698,-0.01948150433599949,0.12805405259132385,1.4670969247817993,0.4353005290031433,0.14904794096946716,0.17743705213069916,>=0.15,False,True,False,True,True,False,False,False,True,0.03660288825631142,-0.12749968469142914,0.19307345151901245,0.023956049233675003,0.06364189088344574,0.05999999865889549,0.03497610241174698,-0.019711460918188095,0.019711460918188095,-0.06343601644039154,-0.0024440870620310307,0.06348346918821335,0.019805651158094406,0.005725612863898277,0.010259762406349182,-0.11839437484741211,0.14817757904529572,0.0006364188739098608,-0.0630929172039032,-0.0017221035668626428,0.06311598420143127,0.020165717229247093,2-4deg,0.00-0.04,0.0,0.0,0.0,0.0
183,19,False,False,0.4302453100681305,0.4302453100681305,0.0,0.0,1.659999966621399,3.098870038986206,0.5105621218681335,-2.7265677452087402,-2.525117874145508,2.650791645050049,0.4258008599281311,-0.04514302313327789,0.10038148611783981,1.8330397605895996,0.8681150674819946,0.8065205216407776,0.12729600071907043,0.10-0.15,True,True,False,False,False,False,False,True,False,0.0,0.0,0.0,0.0,0.0,0.0,0.4258008599281311,-0.04514302313327789,0.04514302313327789,0.0,0.0,0.0,0.0,0.0,0.4580649137496948,-2.5252418518066406,0.8061324954032898,0.0,-0.015744563192129135,0.061918485909700394,0.06388618797063828,0.013815127313137054,0-2deg,0.00-0.04,0.0,0.0,0.0,0.0
184,8,False,False,0.26385799050331116,0.26385799050331116,0.0,0.0,1.100000023841858,1.7505263090133667,0.7984907627105713,-0.20953889191150665,-0.41513171792030334,1.669796347618103,0.24983233213424683,-0.00011803023517131805,0.1436447948217392,1.8799337148666382,0.8610845804214478,1.6173698902130127,0.09853789210319519,0.05-0.10,True,True,False,True,False,False,False,True,True,0.24983233213424683,-0.36185580492019653,1.630116581916809,1.0602681636810303,1.0602681636810303,0.0,0.24983233213424683,-0.00011803023517131805,0.00011803023517131805,-0.06318077445030212,0.04003642126917839,0.07478347420692444,0.07439052313566208,0.4748317301273346,0.4748317301273346,-0.36185580492019653,1.630116581916809,0.010602680966258049,-0.06318077445030212,0.04003642126917839,0.07478347420692444,0.07439052313566208,4-6deg,0.04-0.08,0.0,0.0,0.0,0.0
185,51,True,True,0.10203277319669724,0.07915627956390381,0.09583301842212677,0.27783381938934326,3.059999942779541,1.352893590927124,0.29113149642944336,-0.037264447659254074,-0.18104997277259827,0.27783381938934326,0.09583301842212677,-0.019997093826532364,0.14273986220359802,1.3068327903747559,0.5102794170379639,0.21074283123016357,0.21299025416374207,>=0.15,False,True,False,True,True,False,False,False,True,0.07557962089776993,-0.10948934406042099,0.13172194361686707,0.05785482004284859,0.16224530339241028,0.1599999964237213,0.09583301842212677,-0.02001318894326687,0.02001318894326687,0.005030799191445112,0.052611835300922394,0.052851177752017975,0.05420783907175064,0.01346108689904213,0.0003452669770922512,-0.1858382374048233,0.2065327763557434,0.0016224529827013612,-0.0025686852168291807,0.051921550184488297,0.051985450088977814,0.05486282333731651,2-4deg,0.04-0.08,0.0,0.0,0.0,0.0
186,56,True,True,0.035214863717556,0.035040467977523804,0.003929025027900934,0.1487119048833847,2.6599998474121094,1.1685787439346313,0.29349616169929504,-0.005403145682066679,-0.11116793006658554,0.1487119048833847,0.003929025027900934,-0.020007092505693436,0.1059611439704895,1.266230583190918,0.5112576484680176,0.09877714514732361,0.10259626060724258,0.10-0.15,False,True,False,True,True,False,False,False,True,0.0028613796457648277,-0.060781098902225494,0.12274469435214996,0.06502465158700943,0.2597978711128235,0.07999999821186066,0.003929025027900934,-0.020018603652715683,0.020018603652715683,-0.010522037744522095,-0.04335489496588707,0.04461267217993736,0.04529707878828049,0.01459965668618679,0.0008457279182039201,-0.1085590347647667,0.10163743793964386,0.0025979785714298487,-0.009368395432829857,-0.04577786475419998,0.04672641307115555,0.04414689540863037,2-4deg,0.04-0.08,0.0,0.0,0.0,0.0
187,29,True,True,0.07364434748888016,0.06485746800899506,0.06456614285707474,0.20153209567070007,3.3999998569488525,1.3930555582046509,0.28516823053359985,-0.00547504099085927,-0.10527592152357101,0.20153209567070007,0.06456614285707474,-0.019797150045633316,0.09971225261688232,0.6282106041908264,0.3843185007572174,0.17184925079345703,0.18771658837795258,>=0.15,False,True,False,True,True,False,False,False,True,0.05589637905359268,-0.14492365717887878,0.19029980897903442,0.021647516638040543,0.04734122008085251,0.07999999821186066,0.06456614285707474,-0.020002268254756927,0.020002268254756927,-0.03805815428495407,-0.0003642590600065887,0.03806005418300629,0.0072320085018873215,0.036435455083847046,0.004070640541613102,-0.10573052614927292,0.17156992852687836,0.0004734121903311461,-0.037596579641103745,-0.00036671815905719995,0.03759828209877014,0.00815209187567234,2-4deg,0.00-0.04,0.0,0.0,0.0,0.0
188,17,True,True,0.04904136434197426,0.04904136434197426,0.033830586820840836,0.24342897534370422,7.21999979019165,1.550398588180542,0.1825859546661377,-0.008113274350762367,-0.17476464807987213,0.24342897534370422,0.033830586820840836,-0.019660845398902893,0.16803918778896332,0.5107725262641907,0.30464693903923035,0.16945496201515198,0.1555456817150116,>=0.15,False,True,False,True,True,False,False,False,True,0.11095450073480606,-0.369177907705307,0.4367813467979431,0.3456360995769501,0.39343374967575073,5.380000114440918,0.033830586820840836,-0.019660845398902893,0.019660845398902893,0.07193832844495773,-0.044882845133543015,0.08477066457271576,0.016863102093338966,0.07991457730531693,0.006569163873791695,-0.16777600347995758,0.1763771027326584,0.003934337291866541,-0.05939443036913872,-0.004898324608802795,0.059596139937639236,0.05048862472176552,4-6deg,0.00-0.04,0.0,0.0,0.0,0.0
189,25,True,False,0.13848602771759033,0.13848602771759033,0.0,0.0,1.3799999952316284,1.743983507156372,0.7121690511703491,-0.45256489515304565,-0.6188405156135559,0.714756190776825,0.13358686864376068,-0.01986667327582836,0.1649305522441864,0.7512253522872925,0.4108155369758606,0.3576489984989166,0.15265287458896637,>=0.15,True,True,False,True,False,False,False,True,True,0.13358686864376068,-0.6252040266990662,0.3464048206806183,0.3277997672557831,0.3277997672557831,0.0,0.13358686864376068,-0.01986667327582836,0.01986667327582836,0.004493726417422295,-0.035923171788454056,0.036202359944581985,0.01437868271023035,0.011708639562129974,0.011708639562129974,-0.6252040266990662,0.3464048206806183,0.003277997486293316,0.004493726417422295,-0.035923171788454056,0.036202359944581985,0.01437868271023035,2-4deg,0.00-0.04,0.0,0.0,0.0,0.0
190,37,True,True,0.057713840156793594,0.057713840156793594,0.045901987701654434,0.20441420376300812,4.139999866485596,1.369624137878418,0.19700686633586884,-0.002004186622798443,-0.06416317075490952,0.20441420376300812,0.045901987701654434,-0.020014898851513863,0.061424605548381805,0.7311318516731262,0.21713173389434814,0.194083109498024,0.18972663581371307,>=0.15,False,True,False,True,True,False,False,False,True,0.05166153609752655,-0.11139953881502151,0.032400473952293396,0.040129654109478,0.10112307220697403,0.11999999731779099,0.045901987701654434,-0.020014898851513863,0.020014898851513863,0.02578425221145153,0.0008268126402981579,0.025796573609113693,0.028527913615107536,0.015223249793052673,0.0,-0.06124751269817352,0.1950228363275528,0.0010112307500094175,0.02289491519331932,0.0009006445179693401,0.022913329303264618,0.029263203963637352,0-2deg,0.00-0.04,0.0,0.0,0.0,0.0
191,32,True,True,0.03778378292918205,0.0376264862716198,0.0142514668405056,0.1728459596633911,3.119999885559082,1.4984346628189087,0.2703658938407898,0.010315366089344025,-0.06863706558942795,0.1728459596633911,0.0142514668405056,-0.0200031828135252,0.07815377414226532,1.1111072301864624,0.4307352602481842,0.1586337834596634,0.16113333404064178,>=0.15,False,True,False,True,True,False,False,False,True,0.017018456012010574,-0.3446236848831177,0.221256822347641,0.028428422287106514,0.2521534562110901,0.09999999403953552,0.0142514668405056,-0.020009899511933327,0.020009899511933327,0.0237074363976717,-0.07240097224712372,0.07617698609828949,0.05002010613679886,0.022213228046894073,0.0003452669770922512,-0.05915724113583565,0.16240735352039337,0.002521534450352192,0.026372866705060005,-0.07520290464162827,0.0796850323677063,0.04666684940457344,4-6deg,0.04-0.08,0.0,0.0,0.0,0.0
192,43,True,True,0.05872536450624466,0.05872536450624466,0.04713316261768341,0.14848288893699646,0.8999999761581421,1.2291336059570312,0.6354539394378662,0.002085511339828372,-0.10580169409513474,0.14848288893699646,0.04713316261768341,-0.020016685128211975,0.10599198937416077,0.5962529182434082,0.2391626536846161,0.1041785478591919,0.0885438546538353,0.05-0.10,False,True,False,True,True,False,False,False,True,0.059197280555963516,-0.6727476119995117,0.6794578433036804,0.6738887429237366,1.136400818824768,0.09999999403953552,0.04713316261768341,-0.020016685128211975,0.020016685128211975,0.056650519371032715,-0.01742810569703579,0.05926799401640892,0.025499537587165833,0.12307220697402954,0.0011451211757957935,-0.09960640221834183,0.11011691391468048,0.01136400830000639,0.0574011504650116,-0.015531124547123909,0.05946289375424385,0.025513965636491776,2-4deg,0.00-0.04,0.0,0.0,0.0,0.0
193,48,True,True,0.09267467260360718,0.09267467260360718,0.08588738739490509,0.25210729241371155,1.7599999904632568,1.1337306499481201,0.32011330127716064,-0.008738174103200436,0.010248871520161629,0.25210729241371155,0.08588738739490509,-0.019733726978302002,-0.01596161536872387,0.6012883186340332,0.2845521569252014,0.2518988847732544,0.06166672334074974,0.05-0.10,False,True,False,True,True,False,False,False,True,0.09440124034881592,-0.3311927616596222,0.49510830640792847,0.09968678653240204,0.14839759469032288,0.11999999731779099,0.08588738739490509,-0.02000073716044426,0.02000073716044426,0.007431788370013237,0.00789682101458311,0.010841656476259232,0.05769791081547737,0.03805848956108093,0.005337704438716173,0.01172249112278223,0.25183460116386414,0.0014839759096503258,0.0062346309423446655,0.0022262095008045435,0.006623381283134222,0.05814548581838608,0-2deg,0.04-0.08,0.0,0.0,0.0,0.0
194,26,True,True,0.051288679242134094,0.050443217158317566,0.037496477365493774,0.1651722490787506,6.259999752044678,1.5608282089233398,0.28801077604293823,-0.01077680941671133,-0.06792599707841873,0.1651722490787506,0.037496477365493774,-0.02000337280333042,0.057504963129758835,1.7765681743621826,0.6633620262145996,0.1505587249994278,0.15052683651447296,>=0.15,False,True,False,True,True,False,False,False,True,0.03653433546423912,-0.05199688300490379,0.1245427057147026,0.8502879738807678,0.8502879738807678,0.05999999865889549,0.037496477365493774,-0.020194832235574722,0.020194832235574722,0.018085286021232605,0.0382796935737133,0.04233464226126671,0.01769488863646984,0.0007720404537394643,0.0,-0.06286940723657608,0.15273936092853546,0.008502879180014133,0.017662396654486656,0.03883460909128189,0.04266012832522392,0.017194364219903946,2-4deg,0.00-0.04,0.0,0.0,0.0,0.0
195,28,True,True,0.07023058831691742,0.06825096160173416,0.06087672337889671,0.18652483820915222,3.059999942779541,1.5279276371002197,0.3267011046409607,-0.03207600861787796,-0.18570449948310852,0.18652483820915222,0.06087672337889671,-0.01993720978498459,0.15418857336044312,1.4475224018096924,0.6387726664543152,0.017474420368671417,0.012390702962875366,0.00-0.05,False,True,False,True,True,False,False,False,True,0.05877519026398659,-0.07083778083324432,0.2616983950138092,1.124480962753296,1.124480962753296,0.07999999821186066,0.06087672337889671,-0.020085593685507774,0.020085593685507774,-0.00039211276452988386,0.05914081260561943,0.05914207920432091,0.009784793481230736,0.005746395792812109,0.001091830083169043,-0.18588002026081085,0.01549607329070568,0.01124480925500393,6.561348709510639e-05,0.058734070509672165,0.058734286576509476,0.010646761395037174,2-4deg,0.00-0.04,0.0,0.0,0.0,0.0
196,13,True,False,0.13226234912872314,0.12543648481369019,0.0,0.0,1.71999990940094,1.4018049240112305,0.4629649221897125,-0.09341946989297867,-0.044763825833797455,0.4345572888851166,0.1285175383090973,-0.016361480578780174,-0.05291357263922691,0.6844182014465332,0.3937909007072449,0.4322455823421478,0.2112281322479248,>=0.15,True,True,False,True,False,False,False,True,True,0.1285175383090973,-0.043725140392780304,0.4323519170284271,0.07192056626081467,0.07192056626081467,0.0,0.1285175383090973,-0.016361480578780174,0.016361480578780174,0.01206455659121275,-0.002878149040043354,0.012400885112583637,0.007984726689755917,0.07113329321146011,0.07113329321146011,-0.043725140392780304,0.4323519170284271,0.0007192056509666145,0.01206455659121275,-0.002878149040043354,0.012400885112583637,0.007984726689755917,0-2deg,0.00-0.04,0.0,0.0,0.0,0.0
197,55,True,True,0.07220744341611862,0.07220744341611862,0.06310347467660904,0.09739243984222412,1.5199999809265137,1.448422908782959,0.5190328359603882,0.021935032680630684,-0.0641656145453453,0.09739243984222412,0.06310347467660904,-0.019738035276532173,0.08632416278123856,0.5836041569709778,0.3480411469936371,0.07326705008745193,0.16689376533031464,>=0.15,False,True,False,True,True,False,False,False,True,0.07089745998382568,-0.4905513525009155,0.5842422842979431,0.22640399634838104,0.28291958570480347,0.07999999821186066,0.06310347467660904,-0.019999006763100624,0.019999006763100624,-0.06218590959906578,-0.00019237151718698442,0.06218588352203369,0.013083654455840588,0.07321620732545853,0.00528157502412796,-0.06503105908632278,0.07249999046325684,0.002829195698723197,-0.06292027235031128,-0.0002677967422641814,0.06292101740837097,0.011521529406309128,2-4deg,0.00-0.04,0.0,0.0,0.0,0.0
198,61,True,False,0.1265367865562439,0.07767922431230545,0.0,0.0,4.279999732971191,1.4793962240219116,0.2595142424106598,0.014486053958535194,-0.17722058296203613,0.19078096747398376,0.12119686603546143,-0.019491376355290413,0.19833478331565857,1.5152634382247925,0.49222931265830994,0.07064163684844971,0.08339305222034454,0.05-0.10,True,True,False,True,False,False,False,True,True,0.12119686603546143,-0.1777569204568863,0.06928098201751709,0.03242369741201401,0.03242369741201401,0.0,0.12119686603546143,-0.019491376355290413,0.019491376355290413,0.015655240043997765,0.021927135065197945,0.026940491050481796,0.05683773383498192,0.008350919000804424,0.008350919000804424,-0.1777569204568863,0.06928098201751709,0.0003242369566578418,0.015655240043997765,0.021927135065197945,0.026940491050481796,0.05683773383498192,0-2deg,0.04-0.08,0.0,0.0,0.0,0.0
199,63,True,False,0.1469421535730362,0.08425716310739517,0.0,0.0,9.979999542236328,1.4238309860229492,0.10023193806409836,-0.0044891065917909145,-0.0316106341779232,0.034685585647821426,0.1427144557237625,-0.019996285438537598,0.028889549896121025,0.9208618402481079,0.2865624725818634,0.014277872629463673,0.013238973915576935,0.00-0.05,False,False,True,True,False,False,False,False,True,0.07722441107034683,-0.15485791862010956,0.26324787735939026,0.034383438527584076,0.10673956573009491,0.0,0.1427144557237625,-0.019996285438537598,0.019996285438537598,0.027353068813681602,-0.002178030554205179,0.027440356090664864,0.010787570849061012,0.06525881588459015,0.0,-0.03157588467001915,0.014354558661580086,0.0010673956712707877,-0.006524303462356329,-0.001625183504074812,0.006721643265336752,0.026927918195724487,0-2deg,0.00-0.04,0.0,0.0,0.0,0.0
200,22,True,False,0.10998713225126266,0.08867893368005753,0.0,0.0,9.979999542236328,1.4331198930740356,0.15050877630710602,0.01821061782538891,-0.139430433511734,0.15265047550201416,0.10413946211338043,-0.019368212670087814,0.15620867908000946,1.6362780332565308,0.3562983572483063,0.06213952228426933,0.13260917365550995,0.10-0.15,False,False,True,True,False,False,False,False,True,0.08197637647390366,-0.0012849379563704133,0.36147087812423706,0.030167080461978912,0.032635901123285294,0.0,0.10413946211338043,-0.01992514356970787,0.01992514356970787,-0.00046707107685506344,0.015165505930781364,0.0151722626760602,0.009836872108280659,0.04223170131444931,0.0030297066550701857,-0.13944768905639648,0.06210078299045563,0.0003263590042479336,0.0001368218509014696,0.0003964257484767586,0.0003452669770922512,0.015309266746044159,0-2deg,0.00-0.04,0.0,0.0,0.0,0.0
201,36,True,True,0.036647215485572815,0.036647215485572815,0.010855569504201412,0.12181200832128525,3.0199999809265137,1.156253457069397,0.2339208424091339,0.006467949599027634,0.011304019019007683,0.12181200832128525,0.010855569504201412,-0.019998110830783844,-0.0040182857774198055,0.6558300256729126,0.36607399582862854,0.12128636986017227,0.16178031265735626,>=0.15,False,True,False,True,True,False,False,False,True,0.025829438120126724,-0.19015078246593475,0.283029168844223,0.05754994601011276,0.2703827917575836,0.09999999403953552,0.010855569504201412,-0.02006532996892929,0.02006532996892929,0.03127191215753555,0.03595307469367981,0.04764634743332863,0.06466706097126007,0.06463062018156052,0.0003452669770922512,0.005953822750598192,0.12166640907526016,0.0027038278058171272,0.03489832952618599,0.039503373205661774,0.05270429328083992,0.06216629967093468,2-4deg,0.04-0.08,0.0,0.0,0.0,0.0
202,23,True,True,0.12315516918897629,0.12122026085853577,0.1182064414024353,0.13574250042438507,1.7999999523162842,1.3529670238494873,0.399834007024765,0.019907550886273384,-0.11925631761550903,0.13574250042438507,0.1182064414024353,-0.019535772502422333,0.13856105506420135,0.6174341440200806,0.34910857677459717,0.06483791768550873,0.04035294055938721,0.00-0.05,False,True,False,True,True,False,False,False,True,0.11594174802303314,-0.5177331566810608,0.5758063793182373,0.046174947172403336,0.10363908857107162,0.11999999731779099,0.1182064414024353,-0.019535772502422333,0.019535772502422333,0.0637994110584259,0.005188128910958767,0.06400931626558304,0.01835121214389801,0.015030165202915668,0.007681724615395069,-0.11523157358169556,0.07174753397703171,0.001036390895023942,0.06378871947526932,0.003354918910190463,0.06387684494256973,0.018586205318570137,2-4deg,0.00-0.04,0.0,0.0,0.0,0.0
203,54,True,True,0.08719214051961899,0.07307175546884537,0.07981579750776291,0.2205331027507782,4.360000133514404,1.1393076181411743,0.2607177495956421,-0.0006812373176217079,-0.1463015079498291,0.2205331027507782,0.07981579750776291,-0.019661851227283478,0.1466270387172699,1.2533395290374756,0.36181944608688354,0.16501733660697937,0.17139869928359985,>=0.15,False,True,False,True,True,False,False,False,True,0.07631851732730865,-0.09550885856151581,0.11677534878253937,0.031603675335645676,0.039628539234399796,0.11999999731779099,0.07981579750776291,-0.019714897498488426,0.019714897498488426,0.005159896332770586,0.05815955251455307,0.05838802829384804,0.0553855299949646,0.007789597846567631,0.0060001094825565815,-0.1390662044286728,0.17115910351276398,0.00039628538070246577,-0.0001982664252864197,0.059476904571056366,0.059476930648088455,0.05492650717496872,2-4deg,0.04-0.08,0.0,0.0,0.0,0.0
204,59,True,True,0.0859178826212883,0.0859178826212883,0.07846515625715256,0.2167125940322876,2.379999876022339,1.476325273513794,0.3216826617717743,-0.03189831227064133,-0.18629375100135803,0.2167125940322876,0.07846515625715256,-0.019993634894490242,0.15356943011283875,0.907105565071106,0.4360211491584778,0.11072031408548355,0.08464674651622772,0.05-0.10,False,True,False,True,True,False,False,False,True,0.08157651871442795,-0.4652070701122284,0.33230262994766235,0.186421737074852,0.186421737074852,0.09999999403953552,0.07846515625715256,-0.019993634894490242,0.019993634894490242,-0.02221115306019783,-0.0015637833857908845,0.02226683497428894,0.009588660672307014,0.03040231578052044,0.0003452669770922512,-0.18374469876289368,0.11490099132061005,0.0018642173381522298,-0.022950492799282074,-0.0015528032090514898,0.02300420217216015,0.008893380872905254,0-2deg,0.00-0.04,0.0,0.0,0.0,0.0
205,4,True,False,0.2138405591249466,0.09495942294597626,0.0,0.0,8.059999465942383,1.4516860246658325,0.15522733330726624,0.09694124758243561,0.005467228591442108,0.3321734070777893,0.14082279801368713,0.10756614804267883,0.08761497586965561,1.094539999961853,0.27324557304382324,0.3321284055709839,0.24752284586429596,>=0.15,True,True,False,True,False,False,False,False,True,0.09448031336069107,-0.08326206356287003,0.0852343887090683,0.042254477739334106,0.042254477739334106,0.0,0.14082279801368713,-0.019630776718258858,0.019630776718258858,0.025289136916399002,0.04989989846944809,0.05593734607100487,0.03800221532583237,0.01332758367061615,0.05758064240217209,-0.01002581138163805,0.3320220410823822,0.00042254477739334106,-0.027814749628305435,-0.06139194965362549,0.0673920288681984,0.028916317969560623,2-4deg,0.00-0.04,0.0,0.0,0.0,0.0
206,39,True,False,0.22796833515167236,0.11092885583639145,0.0,0.0,3.299999952316284,1.6926988363265991,0.3030177354812622,0.1728927493095398,0.01457872986793518,0.17655602097511292,0.22742860019207,-0.013602182269096375,0.1645425409078598,1.1750577688217163,0.3739373981952667,0.17595307528972626,0.11577792465686798,0.10-0.15,True,True,False,True,False,False,False,True,True,0.10479366034269333,-0.4980762302875519,0.4456104040145874,0.2047465741634369,0.2047465741634369,0.0,0.22742860019207,-0.0199973676353693,0.0199973676353693,0.013621389865875244,-0.014373989775776863,0.019801316782832146,0.0243688952177763,0.013806472532451153,0.09264194220304489,0.018794097006320953,0.1755528599023819,0.0020474656485021114,0.02241777628660202,-0.0289260596036911,0.03659382462501526,0.005596749484539032,0-2deg,0.00-0.04,0.0,0.0,0.0,0.0
207,2,True,True,0.07882516086101532,0.0583839975297451,0.07061757147312164,0.10496588051319122,5.339999675750732,2.9224131107330322,0.34191983938217163,0.01016207691282034,0.040058936923742294,0.10496588051319122,0.07061757147312164,-0.02000497095286846,-0.03110404498875141,2.011385679244995,0.6154041886329651,0.09702121466398239,0.0963994637131691,0.05-0.10,False,True,False,True,True,False,False,False,True,0.03938000649213791,-0.03607172891497612,1.2167255878448486,0.1391081064939499,0.26348480582237244,3.419999837875366,0.07061757147312164,-0.02000497095286846,0.02000497095286846,0.0014256213326007128,0.019739126786589622,0.01978927105665207,0.03534604609012604,0.3641811013221741,0.0006905339541845024,0.04071735218167305,0.09674674272537231,0.00263484800234437,0.0020907623693346977,0.05904318764805794,0.05908052995800972,0.01927359215915203,0-2deg,0.00-0.04,0.0,0.0,0.0,0.0
208,17,True,True,0.09337340295314789,0.08668901026248932,0.08718714863061905,0.19928878545761108,1.0199999809265137,1.7432832717895508,0.9112734794616699,-0.06133033707737923,0.06390753388404846,0.19928878545761108,0.08718714863061905,-0.016611138358712196,-0.12197132408618927,0.3998764455318451,0.20133650302886963,0.18876399099826813,0.2165760099887848,>=0.15,False,True,False,True,True,False,False,False,True,0.08318663388490677,-0.4672383666038513,0.43140271306037903,0.09217438846826553,1.079719066619873,0.07999999821186066,0.08718714863061905,-0.020169250667095184,0.020169250667095184,0.042721107602119446,-0.02001713402569294,0.04717598110437393,0.03377567604184151,0.06741591542959213,0.058427851647138596,0.07140298187732697,0.1860581487417221,0.010797190479934216,0.04110569506883621,-0.021264294162392616,0.04627763107419014,0.03425024822354317,2-4deg,0.00-0.04,0.0,0.0,0.0,0.0
209,42,True,True,0.0450870580971241,0.04361904039978981,0.02842479757964611,0.0734202191233635,3.240000009536743,1.518254041671753,0.33164408802986145,0.008371216244995594,-0.03513013571500778,0.0734202191233635,0.02842479757964611,-0.01999596878886223,0.0448303148150444,0.7371920347213745,0.3760371208190918,0.06447017192840576,0.06173444911837578,0.05-0.10,False,True,False,True,True,False,False,False,True,0.025955257937312126,-0.21114607155323029,0.2888721525669098,0.1090003252029419,0.15863601863384247,0.09999999403953552,0.02842479757964611,-0.020007608458399773,0.020007608458399773,0.017248407006263733,0.014480301178991795,0.02251971885561943,0.05145316570997238,0.0011960400734096766,0.0,-0.03390589356422424,0.0651223435997963,0.0015863601583987474,0.01602986454963684,0.010505544021725655,0.01916494220495224,0.052436746656894684,0-2deg,0.04-0.08,0.0,0.0,0.0,0.0
210,44,True,False,0.13334278762340546,0.13334278762340546,0.0,0.0,8.34000015258789,1.5533710718154907,0.17719201743602753,-0.20659637451171875,-0.293948233127594,0.48360469937324524,0.12991294264793396,-0.01677669771015644,0.07456890493631363,0.7891563773155212,0.41139665246009827,0.3840155601501465,0.18128567934036255,>=0.15,True,True,False,True,False,False,False,True,True,0.12991294264793396,-0.28960534930229187,0.3873012363910675,0.16976003348827362,0.16976003348827362,0.0,0.12991294264793396,-0.01677669771015644,0.01677669771015644,-0.036909542977809906,-0.024130847305059433,0.044095125049352646,0.021536273881793022,0.061394382268190384,0.061394382268190384,-0.28960534930229187,0.3873012363910675,0.0016976003535091877,-0.036909542977809906,-0.024130847305059433,0.044095125049352646,0.021536273881793022,2-4deg,0.00-0.04,0.0,0.0,0.0,0.0
211,29,False,False,0.2799150049686432,0.27956467866897583,0.0,0.0,1.2200000286102295,1.7310073375701904,0.476097047328949,0.020716644823551178,-0.4254581332206726,0.47265276312828064,0.29173195362091064,0.02145247906446457,0.1632566899061203,1.701889991760254,0.9047098159790039,0.2058786153793335,0.07661833614110947,0.05-0.10,True,True,False,True,False,True,False,True,True,0.29173195362091064,-0.42933928966522217,0.19765733182430267,3.6495578289031982,3.6495578289031982,0.0,0.29173195362091064,0.02145247906446457,0.0,0.001403358648531139,0.02149065025150776,0.02153743803501129,0.036810919642448425,0.6446336507797241,0.6446336507797241,-0.42933928966522217,0.19765733182430267,0.03649557754397392,0.001403358648531139,0.02149065025150776,0.02153743803501129,0.036810919642448425,0-2deg,0.00-0.04,0.0,0.0,0.0,0.0
212,18,True,True,0.074385866522789,0.07416464388370514,0.06565794348716736,0.06604374200105667,2.93999981880188,1.298429250717163,0.3342967927455902,-0.042408887296915054,0.004829145967960358,0.06604374200105667,0.06565794348716736,-0.01982543058693409,-0.04546249285340309,1.5883874893188477,0.5539939403533936,0.06586694717407227,0.056983210146427155,0.05-0.10,False,True,False,True,True,False,False,False,True,0.07255405187606812,-0.17726922035217285,0.30818548798561096,0.13980582356452942,0.695647120475769,0.14000000059604645,0.06565794348716736,-0.020045286044478416,0.020045286044478416,0.03453643247485161,-0.07686305791139603,0.08425165712833405,0.02017855830490589,0.0971466451883316,0.0037025781348347664,0.01041069533675909,0.06521803885698318,0.0069564711302518845,0.034668195992708206,-0.07898493856191635,0.08624397963285446,0.015262734144926071,4-6deg,0.00-0.04,0.0,0.0,0.0,0.0
213,26,True,True,0.048451557755470276,0.048451557755470276,0.033537253737449646,0.11151086539030075,1.0,1.4669245481491089,0.6768446564674377,-0.0022932521533221006,-0.0879007875919342,0.11151086539030075,0.033537253737449646,-0.02001822739839554,0.08706565201282501,0.49148043990135193,0.25451725721359253,0.06861577928066254,0.06399496644735336,0.05-0.10,False,True,False,True,True,False,False,False,True,0.035833559930324554,-0.05326582118868828,0.15029290318489075,0.05287199839949608,0.1919926553964615,0.05999999865889549,0.033537253737449646,-0.02001822739839554,0.02001822739839554,0.06217311695218086,0.07206708192825317,0.09514424204826355,0.036566998809576035,0.008534478023648262,0.00048828125,-0.08237069845199585,0.07516475766897202,0.0019199264934286475,0.06170355901122093,0.07063081860542297,0.09375317394733429,0.03898952901363373,4-6deg,0.00-0.04,0.0,0.0,0.0,0.0
214,62,True,True,0.06980447471141815,0.0690285935997963,0.06010468676686287,0.15807801485061646,3.4800000190734863,1.3124817609786987,0.23051466047763824,-0.007381840609014034,-0.14580278098583221,0.15807801485061646,0.06010468676686287,-0.01976136863231659,0.13907486200332642,1.1122163534164429,0.44118648767471313,0.061075419187545776,0.12277618050575256,0.10-0.15,False,True,False,True,True,False,False,False,True,0.05968138948082924,-0.13221478462219238,0.09893418848514557,0.8718562722206116,0.8718562722206116,0.05999999865889549,0.06010468676686287,-0.02016572467982769,0.02016572467982769,0.012614920735359192,0.03471829369664192,0.03693760186433792,0.0051244888454675674,0.00248975632712245,0.004683433100581169,-0.14350152015686035,0.06630213558673859,0.008718562312424183,0.012440858408808708,0.03457929193973541,0.03674827143549919,0.006034474819898605,2-4deg,0.00-0.04,0.0,0.0,0.0,0.0
215,6,True,True,0.10326635837554932,0.10326635837554932,0.09714347869157791,0.13862812519073486,1.9399999380111694,1.3751212358474731,0.3603897988796234,-0.01101729553192854,-0.12916390597820282,0.13862812519073486,0.09714347869157791,-0.019807226955890656,0.11910183727741241,0.5424102544784546,0.3170839250087738,0.05034324899315834,0.033744461834430695,0.00-0.05,False,True,False,True,True,False,False,False,True,0.10037191212177277,-0.38881179690361023,0.3632616102695465,0.4061119258403778,0.4061119258403778,0.09999999403953552,0.09714347869157791,-0.019807226955890656,0.019807226955890656,-0.010982011444866657,0.006257437169551849,0.012638930231332779,0.041958875954151154,0.013845274224877357,0.0037664202973246574,-0.12864814698696136,0.05164700001478195,0.004061119165271521,-0.01008172519505024,0.003012624103575945,0.010523613542318344,0.04221149906516075,0-2deg,0.04-0.08,0.0,0.0,0.0,0.0
216,22,True,True,0.07845187187194824,0.07845187187194824,0.07020733505487442,0.18446983397006989,0.8999999761581421,1.1490603685379028,0.6145538091659546,-0.02630000375211239,-0.12299149483442307,0.18446983397006989,0.07020733505487442,-0.020000766962766647,0.09966303408145905,0.8164442777633667,0.33109360933303833,0.1374853104352951,0.13935832679271698,0.10-0.15,False,True,False,True,True,False,False,False,True,0.07887738198041916,-0.6826573610305786,0.5642256736755371,0.24738110601902008,0.4035307765007019,0.14000000059604645,0.07020733505487442,-0.020007867366075516,0.020007867366075516,-0.0029296749271452427,0.024550877511501312,0.02472521737217903,0.04091157019138336,0.3349840044975281,0.0,-0.12179303914308548,0.1385480910539627,0.004035307560116053,-0.0046647158451378345,0.029054434970021248,0.029425831511616707,0.039479099214076996,0-2deg,0.04-0.08,0.0,0.0,0.0,0.0
217,35,True,True,0.09530211985111237,0.04336158186197281,0.08849328011274338,0.2270505428314209,7.539999961853027,0.9896062016487122,0.13373208045959473,-0.007622341625392437,-0.1148667111992836,0.2270505428314209,0.08849328011274338,-0.019820652902126312,0.10701602697372437,1.0129691362380981,0.30867019295692444,0.1958509236574173,0.2113269418478012,>=0.15,False,True,False,True,True,False,False,False,True,0.0882614403963089,-0.18291975557804108,0.17230986058712006,0.04127371683716774,0.06018039956688881,0.07999999821186066,0.08849328011274338,-0.019927429035305977,0.019927429035305977,0.06875648349523544,-0.03362199291586876,0.0765255019068718,0.020603999495506287,0.030543169006705284,0.003537935670465231,-0.11247968673706055,0.1972315013408661,0.000601804000325501,0.06859319657087326,-0.03480098769068718,0.07690425217151642,0.019156338647007942,4-6deg,0.00-0.04,0.0,0.0,0.0,0.0
218,8,True,False,0.14690862596035004,0.14690862596035004,0.0,0.0,2.0799999237060547,1.606270670890808,0.43406036496162415,-0.6760257482528687,-0.6208176612854004,0.7638506889343262,0.14360548555850983,-0.012146228924393654,-0.0833117887377739,0.6838955283164978,0.3652048707008362,0.4450317919254303,0.1386469602584839,0.10-0.15,True,True,False,True,False,False,False,True,True,0.14360548555850983,-0.6210166215896606,0.44475415349006653,0.2215905338525772,0.2215905338525772,0.0,0.14360548555850983,-0.012146228924393654,0.012146228924393654,-0.0031930275727063417,-0.0015851082280278206,0.0035714711993932724,0.0021666025277227163,0.15160247683525085,0.15160247683525085,-0.6210166215896606,0.44475415349006653,0.002215905347838998,-0.0031930275727063417,-0.0015851082280278206,0.0035714711993932724,0.0021666025277227163,0-2deg,0.00-0.04,0.0,0.0,0.0,0.0
219,11,True,False,0.23472952842712402,0.08653195202350616,0.0,0.0,9.979999542236328,1.4576480388641357,0.1031443178653717,0.007494247052818537,0.169171541929245,0.3118385076522827,0.1400790959596634,0.13489116728305817,-0.16309435665607452,0.4975232481956482,0.2845895290374756,0.26196226477622986,0.17477113008499146,>=0.15,False,False,True,True,False,False,False,False,True,0.07960955798625946,-0.26961010694503784,0.42496928572654724,0.20894405245780945,0.20894405245780945,0.0,0.1400790959596634,-0.01925377920269966,0.01925377920269966,0.026953238993883133,-0.0077530634589493275,0.028046291321516037,0.017573220655322075,0.07436908036470413,0.11416371166706085,0.16474221646785736,0.26477017998695374,0.0020894405897706747,-0.008921047672629356,-0.02373700588941574,0.025358418002724648,0.019378403201699257,0-2deg,0.00-0.04,0.0,0.0,0.0,0.0
220,50,True,True,0.0494694821536541,0.04940515011548996,0.03496185690164566,0.24865801632404327,4.859999656677246,1.2951825857162476,0.24971817433834076,0.009478876367211342,-0.03703942149877548,0.24865801632404327,0.03496185690164566,-0.01999053917825222,0.045172639191150665,0.9433602094650269,0.26616430282592773,0.24588389694690704,0.24024173617362976,>=0.15,False,True,False,True,True,False,False,False,True,0.037750374525785446,-0.14624826610088348,0.06116325780749321,0.06874899566173553,0.23110611736774445,0.11999999731779099,0.03496185690164566,-0.01999053917825222,0.01999053917825222,-0.08027543127536774,0.06603782624006271,0.1039026752114296,0.026784084737300873,0.09321041405200958,0.0003452669770922512,-0.03787709400057793,0.24575623869895935,0.0023110611364245415,-0.08223745971918106,0.0674927681684494,0.10633906722068787,0.022061685100197792,4-6deg,0.00-0.04,0.0,0.0,0.0,0.0
221,34,True,True,0.09303522109985352,0.08297492563724518,0.0859423503279686,0.2595224678516388,3.0999999046325684,1.4378265142440796,0.28934118151664734,-0.01809573918581009,-0.20636779069900513,0.2595224678516388,0.0859423503279686,-0.019751856103539467,0.18923617899417877,1.0402482748031616,0.4119235575199127,0.1573665738105774,0.1534518450498581,>=0.15,False,True,False,True,True,False,False,False,True,0.07755017280578613,-0.20138993859291077,0.1749342381954193,0.06382260471582413,0.16169406473636627,0.09999999403953552,0.0859423503279686,-0.02000417560338974,0.02000417560338974,0.06628534197807312,-0.03633568063378334,0.07557862251996994,0.0366402193903923,0.04928633198142052,0.004979516379535198,-0.19425275921821594,0.17209815979003906,0.001616940600797534,0.06356444954872131,-0.03756188228726387,0.07381995767354965,0.0379769466817379,4-6deg,0.00-0.04,0.0,0.0,0.0,0.0
222,56,True,True,0.10212148725986481,0.09977167844772339,0.09593989700078964,0.2584131956100464,2.2200000286102295,1.26730215549469,0.2858060598373413,-0.029939543455839157,-0.19258446991443634,0.2584131956100464,0.09593989700078964,-0.019940106198191643,0.1633392572402954,1.0416498184204102,0.46645694971084595,0.17230381071567535,0.19954565167427063,>=0.15,False,True,False,True,True,False,False,False,True,0.1016751080751419,-0.33549147844314575,0.4287344515323639,0.5071620941162109,0.5071620941162109,0.2199999988079071,0.09593989700078964,-0.020165806636214256,0.020165806636214256,-0.0038075235206633806,0.017573602497577667,0.0179806649684906,0.00642791111022234,0.0017940601101145148,0.001091830083169043,-0.19130975008010864,0.17371803522109985,0.005071620922535658,-0.004630064591765404,0.01648351550102234,0.017121411859989166,0.007259848993271589,0-2deg,0.00-0.04,0.0,0.0,0.0,0.0
223,22,True,False,0.15350443124771118,0.15350443124771118,0.0,0.0,0.7799999713897705,1.2737494707107544,0.6429377198219299,-0.1290963888168335,-0.28931158781051636,0.5547990202903748,0.1496162712574005,-0.020266814157366753,0.15782374143600464,0.6343055367469788,0.330821692943573,0.4733928143978119,0.2242196649312973,>=0.15,True,True,False,True,False,False,False,True,True,0.1496162712574005,-0.27984359860420227,0.4790506660938263,0.41707760095596313,0.41707760095596313,0.0,0.1496162712574005,-0.020266814157366753,0.020266814157366753,0.04838981479406357,0.022373611107468605,0.05330841988325119,0.0522150993347168,0.003686444601044059,0.003686444601044059,-0.27984359860420227,0.4790506660938263,0.004170775879174471,0.04838981479406357,0.022373611107468605,0.05330841988325119,0.0522150993347168,2-4deg,0.04-0.08,0.0,0.0,0.0,0.0
224,21,True,True,0.056001465767621994,0.05088115110993385,0.043716829270124435,0.15569840371608734,2.799999952316284,1.2044543027877808,0.25887754559516907,0.003563009202480316,-0.019702738150954247,0.15569840371608734,0.043716829270124435,-0.019996987655758858,0.020718755200505257,1.0331794023513794,0.4581410586833954,0.15444673597812653,0.14899411797523499,0.10-0.15,False,True,False,True,True,False,False,False,True,0.037717971950769424,-0.10791650414466858,0.2299153357744217,0.08451870828866959,0.15565453469753265,0.07999999821186066,0.043716829270124435,-0.01999826729297638,0.01999826729297638,0.05877866968512535,-0.031177924945950508,0.06652703881263733,0.07075228542089462,0.016865352168679237,0.0003452669770922512,-0.016137849539518356,0.15485982596874237,0.0015565452631562948,0.060088228434324265,-0.027108576148748398,0.0659136176109314,0.07172086834907532,2-4deg,0.04-0.08,0.0,0.0,0.0,0.0
225,53,True,True,0.08179602026939392,0.06944926828145981,0.07355974614620209,0.12126613408327103,2.619999885559082,1.6470364332199097,0.41999679803848267,-0.07989192754030228,0.014925606548786163,0.12126613408327103,0.07355974614620209,-0.01828606240451336,-0.09360973536968231,1.1235454082489014,0.4560982584953308,0.12034409493207932,0.12343179434537888,0.10-0.15,False,True,False,True,True,False,False,False,True,0.06017918139696121,-0.20612739026546478,0.3946886658668518,0.18029113113880157,0.45556503534317017,0.1599999964237213,0.07355974614620209,-0.0202525332570076,0.0202525332570076,0.01652619056403637,0.06617451459169388,0.06820410490036011,0.008003541268408298,0.05031012371182442,0.027298782020807266,0.008414646610617638,0.12097383290529251,0.004555650055408478,0.015474941581487656,0.06641507893800735,0.06819185614585876,0.008462035097181797,2-4deg,0.00-0.04,0.0,0.0,0.0,0.0
226,51,True,True,0.08240217715501785,0.07987527549266815,0.0741894543170929,0.2271280288696289,2.419999837875366,1.5058821439743042,0.3430387079715729,0.015330474823713303,-0.1413407325744629,0.2271280288696289,0.0741894543170929,-0.01942537911236286,0.15520665049552917,0.8359270095825195,0.390962153673172,0.17779183387756348,0.17661845684051514,>=0.15,False,True,False,True,True,False,False,False,True,0.07175196707248688,-0.08102984726428986,0.1380714774131775,0.1376381367444992,0.1376381367444992,0.05999999865889549,0.0741894543170929,-0.01942537911236286,0.01942537911236286,0.06115279346704483,0.007814121432602406,0.061649348586797714,0.028150254860520363,0.02215411141514778,0.010381048545241356,-0.15194325149059296,0.1688205897808075,0.0013763813767582178,0.060824308544397354,0.0067243571393191814,0.06119491159915924,0.02877207286655903,2-4deg,0.00-0.04,0.0,0.0,0.0,0.0
227,26,True,True,0.0958842784166336,0.08862398564815521,0.08917584270238876,0.19588805735111237,1.1799999475479126,1.1580750942230225,0.5341613292694092,-0.019274428486824036,-0.12529581785202026,0.19588805735111237,0.08917584270238876,-0.019889507442712784,0.1086236834526062,0.7686625719070435,0.37835752964019775,0.15057586133480072,0.09177764505147934,0.05-0.10,False,True,False,True,True,False,False,False,True,0.0858660414814949,-0.08911290019750595,0.18174463510513306,0.06498541682958603,0.06498541682958603,0.05999999865889549,0.08917584270238876,-0.019889507442712784,0.019889507442712784,0.06082652881741524,0.028276950120925903,0.0670708492398262,0.02325494959950447,0.011272907257080078,0.0015440810238942504,-0.12791401147842407,0.14835816621780396,0.0006498541333712637,0.06062240153551102,0.027352210134267807,0.06650013476610184,0.024113290011882782,2-4deg,0.00-0.04,0.0,0.0,0.0,0.0
228,3,True,True,0.054854243993759155,0.05003955587744713,0.04222012311220169,0.27446600794792175,3.5399999618530273,1.2983185052871704,0.28798672556877136,-0.02893235720694065,-0.21808931231498718,0.27446600794792175,0.04222012311220169,-0.019926587119698524,0.1923171579837799,1.594875454902649,0.5800641775131226,0.16663922369480133,0.18020036816596985,>=0.15,False,True,False,True,True,False,False,False,True,0.03592051938176155,-0.1283157765865326,0.16315822303295135,0.8106468915939331,0.8106468915939331,0.05999999865889549,0.04222012311220169,-0.020085753872990608,0.020085753872990608,0.0009566823719069362,0.07567623257637024,0.07568196207284927,0.026825617998838425,0.0021283691748976707,0.0012918708380311728,-0.20867890119552612,0.17828266322612762,0.008106469176709652,0.0009591208072379231,0.07670999318361282,0.07671628147363663,0.024858256801962852,4-6deg,0.00-0.04,0.0,0.0,0.0,0.0
229,1,True,True,0.07168135046958923,0.05038696900010109,0.06229765713214874,0.2697954773902893,4.039999961853027,1.0640535354614258,0.21162080764770508,-0.011196923442184925,-0.1544773429632187,0.2697954773902893,0.06229765713214874,-0.019710108637809753,0.14129941165447235,0.6330279111862183,0.2548238933086395,0.22119301557540894,0.22244518995285034,>=0.15,False,True,False,True,True,False,False,False,True,0.06377838551998138,-0.1968822330236435,0.09640532732009888,0.03958170861005783,0.10587345063686371,0.11999999731779099,0.06229765713214874,-0.02000741846859455,0.02000741846859455,0.009499293752014637,0.003146959701552987,0.010006830096244812,0.044872574508190155,0.004955518525093794,0.005818550940603018,-0.15733958780765533,0.21916627883911133,0.0010587344877421856,0.010678913444280624,0.0074617513455450535,0.013029061257839203,0.04456944763660431,0-2deg,0.04-0.08,0.0,0.0006905339541845024,0.0,0.0
230,62,True,True,0.09911041706800461,0.08296919614076614,0.0927366092801094,0.2073937952518463,1.2799999713897705,1.479030966758728,0.5307760834693909,-0.0018161785556003451,-0.12083464860916138,0.2073937952518463,0.0927366092801094,-0.020020222291350365,0.11959166079759598,0.4171636700630188,0.19252809882164001,0.16855615377426147,0.1676943451166153,>=0.15,False,True,False,True,True,False,False,False,True,0.08253662288188934,-0.11293786019086838,0.16165612637996674,0.02017260529100895,0.17738254368305206,0.11999999731779099,0.0927366092801094,-0.020020222291350365,0.020020222291350365,0.019269833341240883,-0.001887946855276823,0.019362976774573326,0.00716154370456934,0.004833742510527372,0.00048828125,-0.11759940534830093,0.17082905769348145,0.0017738253809511662,0.01970488950610161,-0.0024200372863560915,0.019852425903081894,0.006588744930922985,0-2deg,0.00-0.04,0.0,0.0,0.0,0.0
231,45,True,True,0.08183702081441879,0.0818265900015831,0.0739002451300621,0.2022247314453125,4.119999885559082,1.4950209856033325,0.2441999763250351,-0.03043249249458313,-0.19999989867210388,0.2022247314453125,0.0739002451300621,-0.01990770362317562,0.17124080657958984,0.555073618888855,0.283512145280838,0.029914608225226402,0.12473823875188828,0.10-0.15,False,True,False,True,True,False,False,False,True,0.07521070539951324,-0.1328798085451126,0.1100890040397644,0.045802485197782516,0.08846085518598557,0.05999999865889549,0.0739002451300621,-0.01990770362317562,0.01990770362317562,0.009838242083787918,-0.06709172576665878,0.06780852377414703,0.017132090404629707,0.01343449205160141,0.0017605233006179333,-0.19964690506458282,0.032186318188905716,0.0008846085402183235,0.009500471875071526,-0.06766622513532639,0.06832905858755112,0.016196537762880325,2-4deg,0.00-0.04,0.0,0.0,0.0,0.0
232,19,True,True,0.040810611099004745,0.039575979113578796,0.020433444529771805,0.290725439786911,3.0199999809265137,1.3710966110229492,0.2430793046951294,-0.02305108681321144,-0.18269726634025574,0.290725439786911,0.020433444529771805,-0.01975802704691887,0.15852011740207672,0.6207840442657471,0.33463963866233826,0.22614817321300507,0.22991888225078583,>=0.15,False,True,False,True,True,False,False,False,True,0.017600245773792267,-0.08879083395004272,0.22263944149017334,0.07025455683469772,0.07386545836925507,0.07999999821186066,0.020433444529771805,-0.01975802704691887,0.01975802704691887,0.016887081786990166,0.07393587380647659,0.07583631575107574,0.009553976356983185,0.02175224758684635,0.0047591812908649445,-0.1842094361782074,0.2249181568622589,0.0007386545767076313,0.017443101853132248,0.07387451827526093,0.07590237259864807,0.009132408536970615,4-6deg,0.00-0.04,0.0,0.0,0.0,0.0
233,40,True,True,0.07260673493146896,0.07260673493146896,0.06360142678022385,0.13105158507823944,4.699999809265137,1.3057020902633667,0.23375992476940155,0.0018696829210966825,-0.04922330379486084,0.13105158507823944,0.06360142678022385,-0.01963815651834011,0.049115680158138275,0.7726125121116638,0.25732317566871643,0.1214560940861702,0.21554861962795258,>=0.15,False,True,False,True,True,False,False,False,True,0.06389261782169342,-0.07052597403526306,0.0743148997426033,0.032231539487838745,0.04117140918970108,0.05999999865889549,0.06360142678022385,-0.01963815651834011,0.01963815651834011,0.04391905665397644,-0.068332239985466,0.08121072500944138,0.03237251564860344,0.0380663201212883,0.007250622380524874,-0.04364357888698578,0.12357085198163986,0.0004117140779271722,0.0426122285425663,-0.06824049353599548,0.08043479919433594,0.033144108951091766,4-6deg,0.00-0.04,0.0,0.0006905339541845024,0.0,0.0
234,7,True,True,0.0776343122124672,0.06461804360151291,0.06909628957509995,0.060483887791633606,3.8399999141693115,1.6630219221115112,0.3583487272262573,-0.0010286737233400345,-0.0573258176445961,0.060483887791633606,0.06909628957509995,-0.01981695182621479,0.05745503678917885,1.7583715915679932,0.7288978099822998,0.019288621842861176,0.04733208566904068,0.00-0.05,False,True,False,True,True,False,False,False,True,0.05238525569438934,-0.21025735139846802,0.3464701473712921,0.0877983421087265,0.0877983421087265,0.29999998211860657,0.06909628957509995,-0.019856048747897148,0.019856048747897148,-0.06930258870124817,-0.0018017877591773868,0.06932574510574341,0.03214949741959572,0.06783930212259293,0.0033296358305960894,-0.05697942152619362,0.020289061591029167,0.0008779834024608135,-0.05928226187825203,-0.00013056430907454342,0.0592820830643177,0.04020259901881218,2-4deg,0.00-0.04,0.0,0.0,0.0,0.0
235,41,True,True,0.05761081352829933,0.05760660022497177,0.04555448144674301,0.26531124114990234,5.380000114440918,1.3637354373931885,0.19576594233512878,-0.013199751265347004,-0.15872931480407715,0.26531124114990234,0.04555448144674301,-0.019771374762058258,0.14627930521965027,1.104732632637024,0.34905198216438293,0.21259130537509918,0.26480022072792053,>=0.15,False,True,False,True,True,False,False,False,True,0.04709053784608841,-0.2601531147956848,0.159470334649086,0.050359368324279785,0.05761934816837311,0.09999999403953552,0.04555448144674301,-0.019771374762058258,0.019771374762058258,-0.015251843258738518,0.03760940581560135,0.0405830442905426,0.045500077307224274,0.09106678515672684,0.004380950704216957,-0.1524275243282318,0.2171541005373001,0.0005761934444308281,-0.014088247902691364,0.04102177172899246,0.043372564017772675,0.044619910418987274,2-4deg,0.04-0.08,0.0,0.0,0.0,0.0
236,10,True,True,0.11302950233221054,0.06434034556150436,0.1069624051451683,0.22233594954013824,4.139999866485596,1.4335815906524658,0.24211189150810242,0.010612400248646736,-0.1275135725736618,0.22233594954013824,0.1069624051451683,-0.019449323415756226,0.13648304343223572,0.5448427796363831,0.28361499309539795,0.18213610351085663,0.12629380822181702,0.10-0.15,False,True,False,True,True,False,False,False,True,0.05399758741259575,-0.2264464646577835,0.3780937194824219,0.24835148453712463,0.24835148453712463,2.379999876022339,0.1069624051451683,-0.019611304625868797,0.019611304625868797,-0.013572730123996735,-0.033774230629205704,0.03639779984951019,0.0402851477265358,0.02288469485938549,0.010983670130372047,-0.1230832114815712,0.185158833861351,0.0024835148360580206,0.009244664572179317,0.05635768920183182,0.05711057782173157,0.011690901592373848,2-4deg,0.04-0.08,0.0,0.0,0.0,0.0
237,4,True,True,0.0457419715821743,0.0457419715821743,0.02947263792157173,0.16258564591407776,2.200000047683716,1.4792678356170654,0.35424187779426575,-0.007568322587758303,-0.09358971565961838,0.16258564591407776,0.02947263792157173,-0.020020104944705963,0.08590167760848999,0.8436523079872131,0.3903507590293884,0.13294756412506104,0.1479579508304596,0.10-0.15,False,True,False,True,True,False,False,False,True,0.04196092486381531,-0.5048942565917969,0.3431083559989929,0.2393205612897873,0.550521969795227,0.09999999403953552,0.02947263792157173,-0.02006378024816513,0.02006378024816513,0.005677539389580488,-0.00027885488816536963,0.00568381929770112,0.04181690514087677,0.09181873500347137,0.0003452669770922512,-0.09379621595144272,0.13280196487903595,0.00550521956756711,0.0023232088424265385,-0.0001664174924371764,0.002341714920476079,0.04205524921417236,0-2deg,0.04-0.08,0.0,0.0,0.0,0.0
238,57,True,True,0.11076734215021133,0.04730162024497986,0.10505764186382294,0.1902889609336853,7.440000057220459,1.0525420904159546,0.10039607435464859,0.003557646879926324,-0.1045566201210022,0.1902889609336853,0.10505764186382294,-0.019681110978126526,0.10881765186786652,0.8977553248405457,0.3191092610359192,0.15898993611335754,0.1582731008529663,>=0.15,False,True,False,True,True,False,False,False,True,0.10405958443880081,-0.09799038618803024,0.162445068359375,0.021201929077506065,0.0249557513743639,0.05999999865889549,0.10505764186382294,-0.019708408042788506,0.019708408042788506,0.01788809336721897,0.013328403234481812,0.022306952625513077,0.016001921147108078,0.005577966570854187,0.005224843509495258,-0.10127479583024979,0.16110029816627502,0.00024955751723609865,0.017362764105200768,0.013697417452931404,0.02211371622979641,0.016098730266094208,0-2deg,0.00-0.04,0.0,0.0,0.0,0.0
239,5,True,False,0.2497996687889099,0.09606847167015076,0.0,0.0,4.460000038146973,1.4580477476119995,0.2400926649570465,-0.012440833263099194,0.004571936093270779,0.17655110359191895,0.247334823012352,-0.020002394914627075,-0.020188257098197937,1.5865607261657715,0.559219479560852,0.1764918863773346,0.18119554221630096,>=0.15,True,True,False,True,False,False,False,True,True,0.11604368686676025,-0.16239595413208008,0.22573792934417725,0.029051413759589195,0.15226946771144867,0.0,0.247334823012352,-0.02001279592514038,0.02001279592514038,0.013377353549003601,0.04539850354194641,0.04732741042971611,0.010811559855937958,0.0037822125013917685,0.0,0.011101501062512398,0.1762017160654068,0.0015226945979520679,0.0031550461426377296,0.04761093854904175,0.04771512746810913,0.014385187067091465,2-4deg,0.00-0.04,0.0,0.0,0.0,0.0
240,39,True,True,0.03700442239642143,0.03700442239642143,0.011708438396453857,0.23530638217926025,2.200000047683716,1.3433138132095337,0.38204425573349,-0.024134300649166107,-0.14529599249362946,0.23530638217926025,0.011708438396453857,-0.01987852342426777,0.12129739671945572,1.1087621450424194,0.4339205324649811,0.1850896179676056,0.18210189044475555,>=0.15,False,True,False,True,True,False,False,False,True,0.02825125679373741,-0.4948795735836029,0.28502124547958374,0.13993045687675476,0.319844126701355,0.09999999403953552,0.011708438396453857,-0.02007134258747101,0.02007134258747101,0.01223219558596611,0.011134927161037922,0.01654060184955597,0.03710480406880379,0.09208552539348602,0.002316121943295002,-0.14818929135799408,0.1827813684940338,0.003198441118001938,0.013325094245374203,0.008370226249098778,0.01573539897799492,0.03720416501164436,0-2deg,0.00-0.04,0.0,0.0,0.0,0.0
241,61,True,True,0.08127564936876297,0.07766501605510712,0.07312367111444473,0.1531318873167038,2.819999933242798,1.6647076606750488,0.35234495997428894,-0.014896418899297714,0.002854778431355953,0.1531318873167038,0.07312367111444473,-0.01959427446126938,-0.01737065613269806,1.4726364612579346,0.5457888841629028,0.15310527384281158,0.15533244609832764,>=0.15,False,True,False,True,True,False,False,False,True,0.06888977438211441,-0.31448543071746826,0.38654109835624695,0.17721036076545715,0.38286471366882324,0.07999999821186066,0.07312367111444473,-0.020194778218865395,0.020194778218865395,0.005776313599199057,-0.004118303768336773,0.00709270965307951,0.046764224767684937,0.0522143617272377,0.008170530200004578,0.002663882914930582,0.15310873091220856,0.003828647080808878,0.004004470072686672,-0.006295416969805956,0.007461300119757652,0.046788860112428665,0-2deg,0.04-0.08,0.0,0.0006905339541845024,0.0,0.0
242,17,True,True,0.05521263927221298,0.05409954860806465,0.04250571131706238,0.13323134183883667,2.2200000286102295,1.5729721784591675,0.4621252119541168,-0.0464710108935833,-0.011309657245874405,0.13323134183883667,0.04250571131706238,-0.0192241407930851,-0.03479965403676033,0.6886940598487854,0.3860204815864563,0.13275045156478882,0.09449943155050278,0.05-0.10,False,True,False,True,True,False,False,False,True,0.04078731685876846,-0.3255995810031891,0.33511391282081604,0.08456223458051682,0.11147559434175491,0.07999999821186066,0.04250571131706238,-0.019680654630064964,0.019680654630064964,-0.0007117207278497517,7.77974710217677e-05,0.0006905339541845024,0.016837239265441895,0.019942300394177437,0.013129321858286858,-0.011295138858258724,0.1327516883611679,0.0011147558689117432,0.000298000784823671,0.00011576847464311868,0.0003452669770922512,0.016840782016515732,0-2deg,0.00-0.04,0.0,0.0,0.0,0.0
243,47,True,True,0.05174173414707184,0.05174173414707184,0.03784123808145523,0.19734609127044678,4.859999656677246,1.4778507947921753,0.21361149847507477,-0.012566585093736649,-0.12143868207931519,0.19734609127044678,0.03784123808145523,-0.019834257662296295,0.10929819941520691,0.8012133836746216,0.24026469886302948,0.15555748343467712,0.15808522701263428,>=0.15,False,True,False,True,True,False,False,False,True,0.11472630500793457,-0.15384162962436676,0.1234840676188469,0.02936774492263794,0.24056021869182587,3.1399998664855957,0.03784123808145523,-0.02000441588461399,0.02000441588461399,-0.030464904382824898,0.005773609969764948,0.031006140634417534,0.008510648272931576,0.0063757747411727905,0.003257243661209941,-0.12101050466299057,0.1558908075094223,0.0024056020192801952,-0.01191161572933197,-0.005130811594426632,0.01296945195645094,0.01749657839536667,0-2deg,0.00-0.04,0.0,0.0,0.0,0.0
244,48,True,True,0.060890860855579376,0.052106790244579315,0.04981795698404312,0.277603417634964,3.119999885559082,1.0522971153259277,0.23360037803649902,0.01390793826431036,0.05782148241996765,0.277603417634964,0.04981795698404312,-0.019992804154753685,-0.04163798689842224,0.8358029723167419,0.32475656270980835,0.271514892578125,0.2629741430282593,>=0.15,False,True,False,True,True,False,False,False,True,0.03530313819646835,-0.1221238374710083,0.24222996830940247,0.05813974514603615,0.6310716867446899,0.09999999403953552,0.04981795698404312,-0.020069709047675133,0.020069709047675133,-0.01370298583060503,-0.027318188920617104,0.030560730025172234,0.06416517496109009,0.06701746582984924,0.0,0.06182039529085159,0.27063241600990295,0.006310716737061739,-0.013608749955892563,-0.032387036830186844,0.03512922301888466,0.06253235787153244,0-2deg,0.04-0.08,0.0,0.0,0.0,0.0
245,54,True,True,0.04454134404659271,0.04243376851081848,0.027464961633086205,0.22573119401931763,2.8999998569488525,1.277099370956421,0.2343723177909851,-0.027038807049393654,-0.17458996176719666,0.22573119401931763,0.027464961633086205,-0.01984999142587185,0.14693710207939148,0.9353567957878113,0.4783845543861389,0.1430836170911789,0.15036438405513763,>=0.15,False,True,False,True,True,False,False,False,True,0.023522011935710907,-0.385372519493103,0.25129929184913635,0.03652036190032959,0.2838864326477051,0.07999999821186066,0.027464961633086205,-0.02001960016787052,0.02001960016787052,0.006924809422343969,-0.04284904524683952,0.043404169380664825,0.035811301320791245,0.058845873922109604,0.003068801248446107,-0.1707266867160797,0.14767184853553772,0.0028388642240315676,0.005150447599589825,-0.04158990830183029,0.04190715774893761,0.03671371191740036,2-4deg,0.00-0.04,0.0,0.0,0.0,0.0
246,36,True,True,0.05577096343040466,0.04982868582010269,0.04331880807876587,0.24927303194999695,3.059999942779541,1.3457896709442139,0.29490038752555847,-0.01072464045137167,-0.13327443599700928,0.24927303194999695,0.04331880807876587,-0.019845610484480858,0.12353279441595078,0.7397692799568176,0.42036017775535583,0.2106536626815796,0.21959435939788818,>=0.15,False,True,False,True,True,False,False,False,True,0.03552260994911194,-0.08280584216117859,0.16173101961612701,0.5279890298843384,0.5279890298843384,0.05999999865889549,0.04331880807876587,-0.02003849856555462,0.02003849856555462,0.0003175141755491495,0.03717251121997833,0.037174105644226074,0.03632206842303276,0.0014648438664153218,0.003068801248446107,-0.12894324958324432,0.21333231031894684,0.005279890261590481,0.00027185791986994445,0.03861187770962715,0.03861214220523834,0.03567837178707123,2-4deg,0.00-0.04,0.0,0.0,0.0,0.0
247,45,True,True,0.11415652930736542,0.09875357151031494,0.10866683721542358,0.2255721092224121,0.9399999976158142,1.7449567317962646,0.8383293747901917,-0.022500572726130486,-0.13909687101840973,0.2255721092224121,0.10866683721542358,-0.019985873252153397,0.11704552918672562,0.3788727819919586,0.2448270320892334,0.17758052051067352,0.18363793194293976,>=0.15,False,True,False,True,True,False,False,False,True,0.09261893481016159,-0.6888466477394104,0.518889844417572,0.19508080184459686,0.19508080184459686,0.09999999403953552,0.10866683721542358,-0.019985873252153397,0.019985873252153397,-0.014860103838145733,0.029997127130627632,0.03347466140985489,0.004447911400347948,0.03338192403316498,0.00048828125,-0.1401802897453308,0.1767265349626541,0.0019508079858496785,-0.015198247507214546,0.029953867197036743,0.03358844667673111,0.00409878371283412,0-2deg,0.00-0.04,0.0,0.0,0.0,0.0
248,46,True,True,0.05373768135905266,0.05373768135905266,0.04036373645067215,0.14850540459156036,4.239999771118164,1.3726422786712646,0.1887558251619339,0.004513215273618698,-0.10226798802614212,0.14850540459156036,0.04036373645067215,-0.019713545218110085,0.10676738619804382,0.7688481211662292,0.2879302501678467,0.10768061131238937,0.21361640095710754,>=0.15,False,True,False,True,True,False,False,False,True,0.04486812278628349,-0.09343111515045166,0.11549513787031174,0.031527239829301834,0.048057712614536285,0.05999999865889549,0.04036373645067215,-0.019713545218110085,0.019713545218110085,-0.00031443097395822406,0.00045380607480183244,0.0005980199784971774,0.0009526555077172816,0.007307940628379583,0.005736013874411583,-0.10231904685497284,0.1076320931315422,0.0004805771168321371,-0.000276843347819522,0.0004463043005671352,0.00048828125,0.0009635756141506135,0-2deg,0.00-0.04,0.0,0.0,0.0,0.0
249,15,True,False,0.13495038449764252,0.08897099643945694,0.0,0.0,4.380000114440918,1.4669238328933716,0.21277563273906708,0.020545506849884987,-0.09332894533872604,0.12483277916908264,0.13006113469600677,-0.01960519514977932,0.12093142420053482,1.2760454416275024,0.3652712404727936,0.08290314674377441,0.14820273220539093,0.10-0.15,True,True,False,True,False,False,False,True,True,0.13006113469600677,-0.0973924994468689,0.07808920741081238,0.034215185791254044,0.034215185791254044,0.0,0.13006113469600677,-0.01960519514977932,0.01960519514977932,0.004985077306628227,-0.054976142942905426,0.055201150476932526,0.06496474146842957,0.007888445630669594,0.007888445630669594,-0.0973924994468689,0.07808920741081238,0.0003421518485993147,0.004985077306628227,-0.054976142942905426,0.055201150476932526,0.06496474146842957,2-4deg,0.04-0.08,0.0,0.0,0.0,0.0
250,21,False,False,0.34306222200393677,0.34306222200393677,0.0,0.0,1.3199999332427979,2.00997257232666,0.5217676162719727,-2.044093608856201,-2.5774755477905273,2.766143321990967,0.3683261573314667,-0.028657594695687294,0.15438786149024963,1.783181071281433,0.9022620320320129,1.0040757656097412,0.201172336935997,>=0.15,True,True,False,False,False,False,False,True,False,0.0,0.0,0.0,0.0,0.0,0.0,0.3683261573314667,-0.028657594695687294,0.028657594695687294,0.0,0.0,0.0,0.0,0.0,0.8409855365753174,-2.6311423778533936,0.8536035418510437,0.0,0.040946170687675476,-0.055262938141822815,0.0687667727470398,0.07417704164981842,0-2deg,0.00-0.04,0.0,0.0,0.0,0.0
251,13,True,True,0.05339096114039421,0.04765049368143082,0.04029950127005577,0.20769642293453217,3.299999952316284,1.2893199920654297,0.2655385136604309,-0.023116642609238625,-0.139008030295372,0.20769642293453217,0.04029950127005577,-0.019900240004062653,0.11609067767858505,0.7458440065383911,0.40020081400871277,0.15431971848011017,0.16152912378311157,>=0.15,False,True,False,True,True,False,False,False,True,0.03373240679502487,-0.3797350525856018,0.29269087314605713,0.08792172372341156,0.459818035364151,0.11999999731779099,0.04029950127005577,-0.02001497894525528,0.02001497894525528,-0.03326009586453438,0.03653108701109886,0.049398720264434814,0.03150278329849243,0.05905226245522499,0.0019223655108362436,-0.14470472931861877,0.14899107813835144,0.0045981802977621555,-0.030693475157022476,0.034477349370718,0.04615636169910431,0.03421816974878311,2-4deg,0.00-0.04,0.0,0.0,0.0,0.0
252,27,True,True,0.043918631970882416,0.03915009647607803,0.02634224109351635,0.3149425685405731,5.380000114440918,1.1980040073394775,0.20975902676582336,-0.013016914017498493,-0.15447992086410522,0.3149425685405731,0.02634224109351635,-0.01972053572535515,0.140964537858963,1.592434048652649,0.4695737957954407,0.2744535803794861,0.27616074681282043,>=0.15,False,True,False,True,True,False,False,False,True,0.04998871684074402,-0.09844265878200531,0.3111768364906311,0.04874476045370102,0.16814596951007843,1.3600000143051147,0.02634224109351635,-0.01996087096631527,0.01996087096631527,-0.014233553782105446,0.0021783665288239717,0.014398213475942612,0.019823996350169182,0.09541115164756775,0.005577966570854187,-0.15886494517326355,0.27193886041641235,0.0016814596019685268,0.006794256623834372,-0.015719059854745865,0.017124895006418228,0.018538787961006165,0-2deg,0.00-0.04,0.0,0.0,0.0,0.0
253,63,True,True,0.0985996425151825,0.09156958013772964,0.09218264371156693,0.11218146234750748,3.240000009536743,1.2014070749282837,0.23727980256080627,0.018860584124922752,-0.07222659885883331,0.11218146234750748,0.09218264371156693,-0.01952531188726425,0.09187471866607666,0.9285046458244324,0.44780048727989197,0.08583704382181168,0.1825636774301529,>=0.15,False,True,False,True,True,False,False,False,True,0.08905012905597687,-0.07555558532476425,0.06117917224764824,0.025924865156412125,0.026812100782990456,0.05999999865889549,0.09218264371156693,-0.01957859843969345,0.01957859843969345,-0.05053498595952988,-0.03408031538128853,0.060944899916648865,0.03291532024741173,0.006137609947472811,0.006532769650220871,-0.06937064230442047,0.08816118538379669,0.00026812098803929985,-0.051126185804605484,-0.0352339930832386,0.062082212418317795,0.031899500638246536,2-4deg,0.00-0.04,0.0,0.0,0.0,0.0
254,56,True,True,0.09541789442300797,0.09088124334812164,0.0887792557477951,0.18331004679203033,1.6200000047683716,1.3782206773757935,0.39407622814178467,0.007122560869902372,-0.11640534549951553,0.18331004679203033,0.0887792557477951,-0.019695963710546494,0.11986462026834488,0.9819133877754211,0.4651108384132385,0.1416063755750656,0.22115899622440338,>=0.15,False,True,False,True,True,False,False,False,True,0.08387823402881622,-0.3769387900829315,0.3642594814300537,0.13916634023189545,0.13916634023189545,0.09999999403953552,0.0887792557477951,-0.019695963710546494,0.019695963710546494,-0.028089499101042747,-0.0005658009322360158,0.02809513546526432,0.03575729951262474,0.012567991390824318,0.005393248982727528,-0.11356037110090256,0.1438979208469391,0.0013916633324697614,-0.02516934834420681,-0.0006995276198722422,0.025179129093885422,0.037294719368219376,0-2deg,0.00-0.04,0.0,0.0,0.0,0.0
255,6,True,True,0.045355405658483505,0.04200107604265213,0.028855398297309875,0.1947852522134781,2.679999828338623,1.212334394454956,0.2564896047115326,-0.01850203610956669,-0.1316128969192505,0.1947852522134781,0.028855398297309875,-0.020010260865092278,0.11245647072792053,0.9497438073158264,0.39138463139533997,0.14359435439109802,0.14809958636760712,0.10-0.15,False,True,False,True,True,False,False,False,True,0.020756518468260765,-0.2747609317302704,0.19648469984531403,0.038243114948272705,0.19613394141197205,0.07999999821186066,0.028855398297309875,-0.020018285140395164,0.020018285140395164,-0.040476616472005844,-0.0017074854113161564,0.04051246494054794,0.01796339638531208,0.04387553036212921,0.00048828125,-0.13317455351352692,0.1421472132205963,0.0019613392651081085,-0.03936833515763283,-0.001452579046599567,0.03939477354288101,0.019936293363571167,2-4deg,0.00-0.04,0.0,0.0,0.0,0.0
