episode,env_id,align_success,success,final_distance,min_distance,touchdown_distance,touchdown_rel_vel,landing_time,max_descent_speed,mean_descent_speed,final_vertical_speed,terminal_vertical_relative_speed,terminal_relative_speed,terminal_horizontal_error,terminal_surface_clearance,terminal_pad_vertical_speed,max_horizontal_speed,mean_horizontal_speed,final_horizontal_speed,pad_speed,pad_speed_bucket,crash,terminated,time_out,contact_success,settled_landing,hard_contact,ground_crash,deck_miss,first_contact_seen,first_contact_xy_error_deck_frame,first_contact_normal_rel_speed,first_contact_tangential_rel_speed,first_contact_force,max_contact_force,settle_time,terminal_xy_error,minimum_surface_clearance,maximum_penetration,first_contact_deck_roll,first_contact_deck_pitch,first_contact_deck_tilt,first_contact_deck_angular_speed,first_contact_body_deck_normal_angle,terminal_body_deck_normal_angle,terminal_normal_relative_speed,terminal_tangential_relative_speed,max_contact_impulse,terminal_deck_roll,terminal_deck_pitch,terminal_deck_tilt,terminal_deck_angular_speed,deck_tilt_bucket,deck_angular_speed_bucket,max_deck_position_consistency_error,max_deck_orientation_consistency_error,max_deck_linear_velocity_consistency_error,max_deck_angular_velocity_consistency_error
0,26,True,False,0.15291669964790344,0.15291669964790344,0.0,0.0,0.47999998927116394,3.342170238494873,1.600605845451355,0.6117238998413086,0.7552480101585388,0.9826794266700745,0.15537263453006744,-0.016374189406633377,-0.02721386030316353,0.40403443574905396,0.21249695122241974,0.6286965012550354,0.1836574375629425,>=0.15,True,True,False,True,False,True,False,True,True,0.15537263453006744,0.7416050434112549,0.644733190536499,6.022483825683594,6.022483825683594,0.0,0.15537263453006744,-0.016374189406633377,0.016374189406633377,-0.00021079971338622272,-0.022033195942640305,0.022035405039787292,0.032177381217479706,0.21055738627910614,0.21055738627910614,0.7416050434112549,0.644733190536499,0.06022483855485916,-0.00021079971338622272,-0.022033195942640305,0.022035405039787292,0.032177381217479706,0-2deg,0.00-0.04,0.0,0.0,0.0,0.0
1,27,True,False,0.16146327555179596,0.16146327555179596,0.0,0.0,0.5600000023841858,3.443307638168335,1.6010218858718872,-0.15735718607902527,-0.05076766014099121,0.8997846245765686,0.14996781945228577,-0.008839959278702736,-0.12782660126686096,1.0924077033996582,0.209866002202034,0.8983513116836548,0.18899135291576385,>=0.15,True,True,False,True,False,False,False,True,True,0.14996781945228577,-0.101758673787117,0.8940120935440063,0.42602798342704773,0.42602798342704773,0.0,0.14996781945228577,-0.008839959278702736,0.008839959278702736,0.04458320885896683,0.041891396045684814,0.061166636645793915,0.020929433405399323,0.21396692097187042,0.21396692097187042,-0.101758673787117,0.8940120935440063,0.004260279703885317,0.04458320885896683,0.041891396045684814,0.061166636645793915,0.020929433405399323,2-4deg,0.00-0.04,0.0,0.0,0.0,0.0
2,55,True,False,0.1638077199459076,0.14553223550319672,0.0,0.0,0.6599999666213989,3.433835029602051,1.3887211084365845,-0.2868329584598541,-0.12022541463375092,1.0291353464126587,0.16170910000801086,0.008043244481086731,-0.15336208045482635,1.0983854532241821,0.3100694417953491,1.0220887660980225,0.2344391942024231,>=0.15,True,True,False,True,False,False,False,True,True,0.16170910000801086,-0.10607494413852692,1.0236541032791138,0.2663210928440094,0.2663210928440094,0.0,0.16170910000801086,0.008043244481086731,0.0,0.022144997492432594,-0.0029647371266037226,0.022341664880514145,0.034218158572912216,0.394338995218277,0.394338995218277,-0.10607494413852692,1.0236541032791138,0.002663210965692997,0.022144997492432594,-0.0029647371266037226,0.022341664880514145,0.034218158572912216,0-2deg,0.00-0.04,0.0,0.0,0.0,0.0
3,2,True,True,0.09964963793754578,0.08590565621852875,0.09328010678291321,0.09848030656576157,0.8199999928474426,3.2754921913146973,0.9475996494293213,-0.0017641143640503287,0.01011817529797554,0.09848030656576157,0.09328010678291321,-0.019979724660515785,-0.00984360184520483,0.8565393090248108,0.15976978838443756,0.09795913845300674,0.09344910830259323,0.05-0.10,False,True,False,True,True,False,False,False,True,0.08114129304885864,-0.011114358901977539,0.8650046586990356,1.4035741090774536,1.4035741090774536,0.3400000035762787,0.09328010678291321,-0.019987931475043297,0.019987931475043297,0.07827168703079224,0.0228301789611578,0.08152679353952408,0.04935197904706001,0.3300085961818695,0.0006905339541845024,0.012595005333423615,0.09767157584428787,0.014035740867257118,0.08371225744485855,0.03584924340248108,0.09104909002780914,0.03900355473160744,4-6deg,0.04-0.08,0.0,0.0,0.0,0.0
4,11,True,False,0.19712433218955994,0.19712433218955994,0.0,0.0,1.0799999237060547,2.959664821624756,0.6515957713127136,0.2630963623523712,0.08660474419593811,0.31231406331062317,0.18998222053050995,-0.01931091398000717,-0.008411684073507786,1.0110070705413818,0.4755227863788605,0.30006614327430725,0.14076489210128784,0.10-0.15,True,True,False,True,False,True,False,True,True,0.18998222053050995,0.08696508407592773,0.2999618947505951,7.793461799621582,7.793461799621582,0.0,0.18998222053050995,-0.01931091398000717,0.01931091398000717,0.043689873069524765,-0.0025972137227654457,0.04376668110489845,0.05792342126369476,0.19842226803302765,0.19842226803302765,0.08696508407592773,0.2999618947505951,0.0779346153140068,0.043689873069524765,-0.0025972137227654457,0.04376668110489845,0.05792342126369476,2-4deg,0.04-0.08,0.0,0.0,0.0,0.0
5,34,True,False,0.1829683631658554,0.1829683631658554,0.0,0.0,1.1799999475479126,3.0989694595336914,0.5077449083328247,-0.4489554464817047,-0.5600768327713013,1.6172456741333008,0.1781066656112671,0.01173429936170578,0.06935209780931473,1.2568769454956055,0.49704790115356445,1.5171676874160767,0.03879896178841591,0.00-0.05,True,True,False,True,False,True,False,True,True,0.1781066656112671,-0.6778313517570496,1.4683420658111572,6.922642230987549,6.922642230987549,0.0,0.1781066656112671,0.01173429936170578,0.0,-0.06941404193639755,0.04178965464234352,0.08100546896457672,0.047146957367658615,0.6115175485610962,0.6115175485610962,-0.6778313517570496,1.4683420658111572,0.06922642141580582,-0.06941404193639755,0.04178965464234352,0.08100546896457672,0.047146957367658615,4-6deg,0.04-0.08,0.0,0.0,0.0,0.0
6,52,True,False,0.06490398943424225,0.06490398943424225,0.0,0.0,1.1799999475479126,2.94682240486145,0.5240432024002075,-0.31613942980766296,-0.42484432458877563,0.5465779900550842,0.04455835372209549,-0.014677589759230614,-0.12301842868328094,0.9005839824676514,0.4447537362575531,0.34388190507888794,0.14733180403709412,0.10-0.15,True,True,False,True,False,True,False,False,True,0.04455835372209549,-0.4395291805267334,0.32490238547325134,6.595281600952148,6.595281600952148,0.0,0.04455835372209549,-0.014677589759230614,0.014677589759230614,-0.03877677768468857,-0.02893545664846897,0.048379071056842804,0.04804565757513046,0.21077287197113037,0.21077287197113037,-0.4395291805267334,0.32490238547325134,0.06595281511545181,-0.03877677768468857,-0.02893545664846897,0.048379071056842804,0.04804565757513046,2-4deg,0.04-0.08,0.0,0.0,0.0,0.0
7,4,True,False,0.1828228235244751,0.18223096430301666,0.0,0.0,1.2599999904632568,3.0773844718933105,0.6949743032455444,0.4785096347332001,0.6358065605163574,0.6675315499305725,0.17875826358795166,-0.01630813628435135,-0.0952477902173996,1.5459843873977661,0.6061152815818787,0.203343003988266,0.16925734281539917,>=0.15,True,True,False,True,False,False,False,True,True,0.17875826358795166,0.6366416215896606,0.20071320235729218,1.205822467803955,1.205822467803955,0.0,0.17875826358795166,-0.01630813628435135,0.01630813628435135,-0.010457901284098625,-0.01918802596628666,0.021853405982255936,0.027213528752326965,0.10049302130937576,0.10049302130937576,0.6366416215896606,0.20071320235729218,0.012058224529027939,-0.010457901284098625,-0.01918802596628666,0.021853405982255936,0.027213528752326965,0-2deg,0.00-0.04,0.0,0.0,0.0,0.0
8,0,False,False,0.25788500905036926,0.2264784723520279,0.0,0.0,9.979999542236328,0.8329100012779236,0.09614674001932144,0.01827695220708847,-0.04366285353899002,0.044440820813179016,0.03232181444764137,0.20084983110427856,0.06198452413082123,1.0191664695739746,0.08207547664642334,0.008278991095721722,0.14177538454532623,0.10-0.15,False,False,True,False,False,False,False,False,False,0.0,0.0,0.0,0.0,0.0,0.0,0.03232181444764137,0.16981132328510284,0.0,0.0,0.0,0.0,0.0,0.0,0.008177822455763817,-0.043717578053474426,0.007984980009496212,0.0,5.796940968139097e-05,0.006936505902558565,0.006939794402569532,0.005491173360496759,0-2deg,0.00-0.04,0.0,0.0,0.0,0.0
9,1,False,False,0.2695576548576355,0.2200254648923874,0.0,0.0,9.979999542236328,0.6919266581535339,0.08805348724126816,-0.034627702087163925,-0.03410186618566513,0.034464336931705475,0.022651396691799164,0.21360057592391968,-0.0006735805072821677,1.3455082178115845,0.10054369270801544,0.004985298030078411,0.14916536211967468,0.10-0.15,False,False,True,False,False,False,False,False,False,0.0,0.0,0.0,0.0,0.0,0.0,0.022651396691799164,0.16242162883281708,0.0,0.0,0.0,0.0,0.0,0.0,0.026626668870449066,-0.033981356769800186,0.005749588366597891,0.0,0.0028952467255294323,0.02529343217611313,0.025459298864006996,0.03256693854928017,0-2deg,0.00-0.04,0.0,0.0,0.0,0.0
10,3,False,False,0.24910615384578705,0.21815630793571472,0.0,0.0,9.979999542236328,0.30518269538879395,0.06093301624059677,0.0032924560364335775,0.03826551511883736,0.039810240268707275,0.027381842955946922,0.19259950518608093,-0.03446725010871887,1.2070658206939697,0.14951105415821075,0.010982056148350239,0.1603633165359497,>=0.15,False,False,True,False,False,False,False,False,False,0.0,0.0,0.0,0.0,0.0,0.0,0.027381842955946922,0.1630912572145462,0.0,0.0,0.0,0.0,0.0,0.0,0.0008457279182039201,0.03828156366944313,0.010925990529358387,0.0,9.75044968072325e-05,0.0016107528936117887,0.0016194459749385715,0.01854981854557991,0-2deg,0.00-0.04,0.0,0.0,0.0,0.0
11,5,False,False,0.35129889845848083,0.3053683936595917,0.0,0.0,9.979999542236328,1.0607784986495972,0.09664034843444824,-0.12825550138950348,-0.023367777466773987,0.024887867271900177,0.07332325726747513,0.288494735956192,-0.10601536929607391,1.5018296241760254,0.12266793847084045,0.008564630523324013,0.18068885803222656,>=0.15,False,False,True,False,False,False,False,False,False,0.0,0.0,0.0,0.0,0.0,0.0,0.07332325726747513,0.23582394421100616,0.0,0.0,0.0,0.0,0.0,0.0,0.05279698967933655,-0.02331763133406639,0.008700225502252579,0.0,0.04928348958492279,0.014350935816764832,0.051328614354133606,0.03442256152629852,0-2deg,0.00-0.04,0.0,0.0,0.0,0.0
12,6,False,False,0.27955830097198486,0.21870172023773193,0.0,0.0,9.979999542236328,0.749450147151947,0.09286731481552124,-0.06888483464717865,0.04515721648931503,0.05059899017214775,0.053392548114061356,0.2196844220161438,-0.1120440885424614,1.6679550409317017,0.3073168694972992,0.022827254608273506,0.1926262080669403,>=0.15,False,False,True,False,False,False,False,False,False,0.0,0.0,0.0,0.0,0.0,0.0,0.053392548114061356,0.16031642258167267,0.0,0.0,0.0,0.0,0.0,0.0,0.037310175597667694,0.044420599937438965,0.024229494854807854,0.0,-0.03130294010043144,0.0022791072260588408,0.03138641640543938,0.06358835846185684,0-2deg,0.00-0.04,0.0,0.0006905339541845024,0.0,0.0
13,7,False,False,0.2562493085861206,0.18919534981250763,0.0,0.0,9.979999542236328,0.5555335283279419,0.09020141512155533,0.0063397581689059734,-0.07449333369731903,0.0767906904220581,0.05141635611653328,0.1966608613729477,0.08061028271913528,1.1513030529022217,0.09211559593677521,0.01864277571439743,0.21689802408218384,>=0.15,False,False,True,False,False,False,False,False,False,0.0,0.0,0.0,0.0,0.0,0.0,0.05141635611653328,0.13282683491706848,0.0,0.0,0.0,0.0,0.0,0.0,0.0757276713848114,-0.07525606453418732,0.01527530886232853,0.0,-0.02754640206694603,0.06546221673488617,0.07101410627365112,0.023438740521669388,0-2deg,0.00-0.04,0.0,0.0,0.0,0.0
14,8,False,False,0.22095887362957,0.21637578308582306,0.0,0.0,9.979999542236328,0.5572019815444946,0.07887335121631622,0.0973346084356308,0.02236025780439377,0.024544039741158485,0.010880627669394016,0.16575461626052856,0.07535102218389511,1.3502825498580933,0.21755719184875488,0.010120709426701069,0.18013757467269897,>=0.15,False,False,True,False,False,False,False,False,False,0.0,0.0,0.0,0.0,0.0,0.0,0.010880627669394016,0.16102831065654755,0.0,0.0,0.0,0.0,0.0,0.0,0.031071441248059273,0.02216438576579094,0.010542764328420162,0.0,-0.02781348116695881,-0.00141928403172642,0.027850057929754257,0.03806890547275543,0-2deg,0.00-0.04,0.0,0.0,0.0,0.0
15,9,False,False,0.22544889152050018,0.21746502816677094,0.0,0.0,9.979999542236328,0.42886999249458313,0.051241640001535416,0.004317123908549547,0.027723144739866257,0.03787529841065407,0.02096807025372982,0.16963069140911102,-0.023654332384467125,1.0180414915084839,0.1267787516117096,0.025806307792663574,0.2070520520210266,>=0.15,False,False,True,False,False,False,False,False,False,0.0,0.0,0.0,0.0,0.0,0.0,0.02096807025372982,0.15940599143505096,0.0,0.0,0.0,0.0,0.0,0.0,0.05865909531712532,0.026294361799955368,0.027260681614279747,0.0,-0.032384566962718964,0.04950672760605812,0.05915115401148796,0.013527986593544483,0-2deg,0.00-0.04,0.0,0.0,0.0,0.0
16,10,False,False,0.2707473933696747,0.2368450164794922,0.0,0.0,9.979999542236328,0.8947063684463501,0.10755188763141632,-0.027985941618680954,-0.07122892886400223,0.07263943552970886,0.03706423193216324,0.2134418934583664,0.04238709434866905,1.8716014623641968,0.2573170065879822,0.014245245605707169,0.13158710300922394,0.10-0.15,False,False,True,False,False,False,False,False,False,0.0,0.0,0.0,0.0,0.0,0.0,0.03706423193216324,0.17403042316436768,0.0,0.0,0.0,0.0,0.0,0.0,0.04649871587753296,-0.07167027145624161,0.011826238594949245,0.0,0.019592763856053352,-0.040205880999565125,0.04472346976399422,0.04829122871160507,0-2deg,0.00-0.04,0.0,0.0,0.0,0.0
17,12,False,False,0.27105703949928284,0.2509791851043701,0.0,0.0,9.979999542236328,0.7915191054344177,0.10827808082103729,0.015175794251263142,-0.04742732271552086,0.05083359777927399,0.04044131562113762,0.2127441018819809,0.06225335970520973,2.166907548904419,0.4571414887905121,0.018294909968972206,0.18467654287815094,>=0.15,False,False,True,False,False,False,False,False,False,0.0,0.0,0.0,0.0,0.0,0.0,0.04044131562113762,0.1943625658750534,0.0,0.0,0.0,0.0,0.0,0.0,0.09169774502515793,-0.048207398504018784,0.016127660870552063,0.0,-0.08499775826931,0.032972440123558044,0.0911545678973198,0.04354645684361458,0-2deg,0.00-0.04,0.0,0.0,0.0,0.0
18,13,False,False,0.2268439680337906,0.21716125309467316,0.0,0.0,9.979999542236328,0.5895399451255798,0.07798850536346436,0.024881165474653244,-0.05028417706489563,0.061587847769260406,0.041730668395757675,0.1684466302394867,0.07499069720506668,1.4375849962234497,0.12450642883777618,0.035560715943574905,0.1876641809940338,>=0.15,False,False,True,False,False,False,False,False,False,0.0,0.0,0.0,0.0,0.0,0.0,0.041730668395757675,0.14623801410198212,0.0,0.0,0.0,0.0,0.0,0.0,0.09730751812458038,-0.05094367638230324,0.034609317779541016,0.0,0.08288208395242691,-0.040038950741291046,0.09202652424573898,0.004154655151069164,0-2deg,0.00-0.04,0.0,0.0,0.0,0.0
19,14,False,False,0.2585911750793457,0.24427790939807892,0.0,0.0,9.979999542236328,0.901413083076477,0.0938953310251236,-0.0055459653958678246,-0.03140129894018173,0.040416616946458817,0.040470995008945465,0.20040065050125122,0.025433959439396858,1.6265286207199097,0.25610360503196716,0.025445256382226944,0.17840158939361572,>=0.15,False,False,True,False,False,False,False,False,False,0.0,0.0,0.0,0.0,0.0,0.0,0.040470995008945465,0.18183565139770508,0.0,0.0,0.0,0.0,0.0,0.0,0.018056752160191536,-0.031281884759664536,0.02559191919863224,0.0,0.0068634687922894955,-0.010691302828490734,0.012704784981906414,0.011544354259967804,0-2deg,0.00-0.04,0.0,0.0,0.0,0.0
20,15,False,False,0.23187819123268127,0.23187819123268127,0.0,0.0,9.979999542236328,0.718852162361145,0.1147143617272377,0.05169335752725601,-0.05145355686545372,0.0595025010406971,0.04036055877804756,0.17363229393959045,0.10297288000583649,2.3261797428131104,0.37591928243637085,0.029884429648518562,0.18487784266471863,>=0.15,False,False,True,False,False,False,False,False,False,0.0,0.0,0.0,0.0,0.0,0.0,0.04036055877804756,0.17363229393959045,0.0,0.0,0.0,0.0,0.0,0.0,0.048477575182914734,-0.05227097496390343,0.028430486097931862,0.0,0.04446931183338165,-0.010055900551378727,0.04559095948934555,0.009246357716619968,0-2deg,0.00-0.04,0.0,0.0,0.0,0.0
21,16,False,False,0.23354226350784302,0.2055646777153015,0.0,0.0,9.979999542236328,0.7519369125366211,0.08555960655212402,0.03182759881019592,0.0459677018225193,0.04964160546660423,0.035404931753873825,0.17566844820976257,-0.014262395910918713,1.6970815658569336,0.16109919548034668,0.0187419094145298,0.2286691516637802,>=0.15,False,False,True,False,False,False,False,False,False,0.0,0.0,0.0,0.0,0.0,0.0,0.035404931753873825,0.14924980700016022,0.0,0.0,0.0,0.0,0.0,0.0,0.03640598803758621,0.04534745588898659,0.020196465775370598,0.0,0.036277204751968384,-0.0032673152163624763,0.03642399609088898,0.005897503346204758,0-2deg,0.00-0.04,0.0,0.0,0.0,0.0
22,17,False,False,0.2822696268558502,0.21013766527175903,0.0,0.0,9.979999542236328,0.8732613921165466,0.10105516761541367,-0.11692493408918381,0.0060143545269966125,0.012475589290261269,0.04597296193242073,0.22413240373134613,-0.12231632322072983,1.0364482402801514,0.20788484811782837,0.010930135846138,0.23107267916202545,>=0.15,False,False,True,False,False,False,False,False,False,0.0,0.0,0.0,0.0,0.0,0.0,0.04597296193242073,0.15248799324035645,0.0,0.0,0.0,0.0,0.0,0.0,0.09494514763355255,0.006734698079526424,0.010501627810299397,0.0,-0.06884077936410904,-0.05876912549138069,0.09048422425985336,0.01465914398431778,0-2deg,0.00-0.04,0.0,0.0,0.0,0.0
23,18,False,False,0.30638182163238525,0.27111610770225525,0.0,0.0,9.979999542236328,0.32605403661727905,0.05782192945480347,-0.10448922216892242,0.02375439554452896,0.028627412393689156,0.0417841374874115,0.24863781034946442,-0.12813858687877655,0.8105841279029846,0.08749164640903473,0.01597677916288376,0.08438961952924728,0.05-0.10,False,False,True,False,False,False,False,False,False,0.0,0.0,0.0,0.0,0.0,0.0,0.0417841374874115,0.20986518263816833,0.0,0.0,0.0,0.0,0.0,0.0,0.046751927584409714,0.023079529404640198,0.01693706214427948,0.0,0.009092925116419792,-0.049276724457740784,0.050108227878808975,0.03842001035809517,0-2deg,0.00-0.04,0.0,0.0,0.0,0.0
24,19,False,False,0.2614269256591797,0.2131679803133011,0.0,0.0,9.979999542236328,0.5900546908378601,0.07266637682914734,0.05676577240228653,-0.048172906041145325,0.05296282842755318,0.04653404280543327,0.2026049643754959,0.10683100670576096,0.5604016780853271,0.07690417021512985,0.022009821608662605,0.17036621272563934,>=0.15,False,False,True,False,False,False,False,False,False,0.0,0.0,0.0,0.0,0.0,0.0,0.04653404280543327,0.1564783900976181,0.0,0.0,0.0,0.0,0.0,0.0,0.08275306969881058,-0.049333732575178146,0.019267695024609566,0.0,-0.07488692551851273,-0.027921903878450394,0.07991383969783783,0.061817217618227005,0-2deg,0.00-0.04,0.0,0.0,0.0,0.0
25,20,False,False,0.21325355768203735,0.19666440784931183,0.0,0.0,9.979999542236328,0.3627661168575287,0.07754693180322647,0.04138188064098358,0.04476235434412956,0.04883696138858795,0.011413558386266232,0.15795257687568665,-0.0036465004086494446,1.2285698652267456,0.1805797964334488,0.019528958946466446,0.21991267800331116,>=0.15,False,False,True,False,False,False,False,False,False,0.0,0.0,0.0,0.0,0.0,0.0,0.011413558386266232,0.13979455828666687,0.0,0.0,0.0,0.0,0.0,0.0,0.02551543153822422,0.04435353726148605,0.02044045180082321,0.0,-0.0023499324452131987,-0.026297641918063164,0.026401842013001442,0.03634485602378845,0-2deg,0.00-0.04,0.0,0.0,0.0,0.0
26,21,False,False,0.28783008456230164,0.22532029449939728,0.0,0.0,9.979999542236328,0.8608439564704895,0.07585401833057404,-0.11519185453653336,0.016787491738796234,0.0567149817943573,0.017400331795215607,0.23224450647830963,-0.13205364346504211,1.0233838558197021,0.09388227760791779,0.054173510521650314,0.16486932337284088,>=0.15,False,False,True,False,False,False,False,False,False,0.0,0.0,0.0,0.0,0.0,0.0,0.017400331795215607,0.16750572621822357,0.0,0.0,0.0,0.0,0.0,0.0,0.09726885706186295,0.013127571903169155,0.055174775421619415,0.0,-0.06722166389226913,0.07740598917007446,0.10247629880905151,0.012781752273440361,0-2deg,0.00-0.04,0.0,0.0,0.0,0.0
27,22,False,False,0.2767605483531952,0.2747218608856201,0.0,0.0,9.979999542236328,0.5440781712532043,0.07111644744873047,0.06635741144418716,0.009836394339799881,0.017377521842718124,0.05888090282678604,0.21569034457206726,0.056407757103443146,1.6600524187088013,0.2295825481414795,0.01432562805712223,0.09185437113046646,0.05-0.10,False,False,True,False,False,False,False,False,False,0.0,0.0,0.0,0.0,0.0,0.0,0.05888090282678604,0.21338392794132233,0.0,0.0,0.0,0.0,0.0,0.0,0.03304267302155495,0.009607632644474506,0.014480043202638626,0.0,0.029823720455169678,-0.006713602226227522,0.030570482835173607,0.006574205122888088,0-2deg,0.00-0.04,0.0,0.0,0.0,0.0
28,23,False,False,0.21781951189041138,0.2176675796508789,0.0,0.0,9.979999542236328,0.6859375834465027,0.07761229574680328,0.07695271074771881,0.007608883082866669,0.032712798565626144,0.021124212071299553,0.16212573647499084,0.06938334554433823,1.7528384923934937,0.14753049612045288,0.03181559592485428,0.14145788550376892,0.10-0.15,False,False,True,False,False,False,False,False,False,0.0,0.0,0.0,0.0,0.0,0.0,0.021124212071299553,0.16171827912330627,0.0,0.0,0.0,0.0,0.0,0.0,0.07598250359296799,0.0062635838985443115,0.03210755065083504,0.0,0.04823698848485947,-0.05454225838184357,0.0727970078587532,0.02266152948141098,0-2deg,0.00-0.04,0.0,0.0006905339541845024,0.0,0.0
29,24,False,False,0.2565944492816925,0.22766125202178955,0.0,0.0,9.979999542236328,0.570411205291748,0.08157978951931,-0.0026057071518152952,-0.05009741708636284,0.05048801377415657,0.035934239625930786,0.19906005263328552,0.04765075817704201,0.806012749671936,0.11032664030790329,0.0062680356204509735,0.16027888655662537,>=0.15,False,False,True,False,False,False,False,False,False,0.0,0.0,0.0,0.0,0.0,0.0,0.035934239625930786,0.16969171166419983,0.0,0.0,0.0,0.0,0.0,0.0,0.02263852208852768,-0.049929361790418625,0.0074898861348629,0.0,0.017607780173420906,-0.01743907295167446,0.024780606850981712,0.011504899710416794,0-2deg,0.00-0.04,0.0,0.0,0.0,0.0
30,25,False,False,0.28202494978904724,0.20791806280612946,0.0,0.0,9.979999542236328,0.33918970823287964,0.09380016475915909,-0.05460468307137489,-0.028128748759627342,0.05257024988532066,0.04146658629179001,0.22372137010097504,-0.024585731327533722,1.7178720235824585,0.36900192499160767,0.04441176354885101,0.18475425243377686,>=0.15,False,False,True,False,False,False,False,False,False,0.0,0.0,0.0,0.0,0.0,0.0,0.04146658629179001,0.1527509093284607,0.0,0.0,0.0,0.0,0.0,0.0,0.06268930435180664,-0.029992057010531425,0.043175313621759415,0.0,-0.06648201495409012,0.012896179221570492,0.06771960854530334,0.047767274081707,0-2deg,0.00-0.04,0.0,0.0,0.0,0.0
31,28,False,False,0.27966898679733276,0.19880513846874237,0.0,0.0,9.979999542236328,1.2066895961761475,0.0911426767706871,-0.14059121906757355,0.051171302795410156,0.06372056156396866,0.040914811193943024,0.22164101898670197,-0.1912860870361328,1.4756747484207153,0.11767467856407166,0.037971146404743195,0.22669413685798645,>=0.15,False,False,True,False,False,False,False,False,False,0.0,0.0,0.0,0.0,0.0,0.0,0.040914811193943024,0.1410353183746338,0.0,0.0,0.0,0.0,0.0,0.0,0.015799665823578835,0.05159013345837593,0.03740011155605316,0.0,-0.01594732329249382,-0.0024496233090758324,0.01613563671708107,0.016290893778204918,0-2deg,0.00-0.04,0.0,0.0,0.0,0.0
32,29,False,False,0.29307132959365845,0.25085681676864624,0.0,0.0,9.979999542236328,0.67496258020401,0.08960018306970596,-0.114295095205307,0.007890239357948303,0.017727136611938477,0.042058154940605164,0.23509137332439423,-0.12140104174613953,1.5505179166793823,0.3133324682712555,0.015874365344643593,0.12154244631528854,0.10-0.15,False,False,True,False,False,False,False,False,False,0.0,0.0,0.0,0.0,0.0,0.0,0.042058154940605164,0.1935141235589981,0.0,0.0,0.0,0.0,0.0,0.0,0.021735800430178642,0.00795066263526678,0.015844188630580902,0.0,-0.025821875780820847,0.0033197826705873013,0.026033500209450722,0.036566831171512604,0-2deg,0.00-0.04,0.0,0.0,0.0,0.0
33,30,False,False,0.2773464322090149,0.276954710483551,0.0,0.0,9.979999542236328,0.4682539701461792,0.07150214910507202,0.008228861726820469,-0.041772983968257904,0.05661216378211975,0.04370247945189476,0.21959395706653595,0.05074889957904816,1.6259100437164307,0.20592525601387024,0.03820935636758804,0.014923319220542908,0.00-0.05,False,False,True,False,False,False,False,False,False,0.0,0.0,0.0,0.0,0.0,0.0,0.04370247945189476,0.21728405356407166,0.0,0.0,0.0,0.0,0.0,0.0,0.1035209521651268,-0.04119701310992241,0.03882966935634613,0.0,0.07315555214881897,0.06566880643367767,0.09826722741127014,0.025047622621059418,0-2deg,0.00-0.04,0.0,0.0006905339541845024,0.0,0.0
34,31,False,False,0.24612435698509216,0.2202742099761963,0.0,0.0,9.979999542236328,0.923221230506897,0.11970487982034683,0.11499367654323578,-0.07873284071683884,0.08251417428255081,0.049746397882699966,0.1867007166147232,0.19639718532562256,1.7183382511138916,0.14096984267234802,0.02469269372522831,0.11542513966560364,0.10-0.15,False,False,True,False,False,False,False,False,False,0.0,0.0,0.0,0.0,0.0,0.0,0.049746397882699966,0.16297854483127594,0.0,0.0,0.0,0.0,0.0,0.0,0.08960596472024918,-0.07977283000946045,0.02109227143228054,0.0,-0.07342587411403656,0.021714355796575546,0.07656370103359222,0.05308183655142784,0-2deg,0.00-0.04,0.0,0.0,0.0,0.0
35,32,False,False,0.22850681841373444,0.2195693552494049,0.0,0.0,9.979999542236328,0.40775811672210693,0.09993632137775421,0.1082032322883606,-0.04250293970108032,0.045774366706609726,0.038063086569309235,0.17030099034309387,0.15075092017650604,1.4622174501419067,0.32671186327934265,0.016993898898363113,0.16939640045166016,>=0.15,False,False,True,False,False,False,False,False,False,0.0,0.0,0.0,0.0,0.0,0.0,0.038063086569309235,0.1596524566411972,0.0,0.0,0.0,0.0,0.0,0.0,0.002316121943295002,-0.04231063276529312,0.017467204481363297,0.0,0.0012020987924188375,0.011253738775849342,0.01131512876600027,0.01375863142311573,0-2deg,0.00-0.04,0.0,0.0,0.0,0.0
36,33,False,False,0.3056425154209137,0.2370772659778595,0.0,0.0,9.979999542236328,1.305025339126587,0.1033092737197876,-0.12834537029266357,-0.00975123792886734,0.028625288978219032,0.015443950891494751,0.25020867586135864,-0.1180097907781601,1.85993492603302,0.13599039614200592,0.026913203299045563,0.05934472754597664,0.05-0.10,False,False,True,False,False,False,False,False,False,0.0,0.0,0.0,0.0,0.0,0.0,0.015443950891494751,0.18032439053058624,0.0,0.0,0.0,0.0,0.0,0.0,0.05340118706226349,-0.009112385101616383,0.027136167511343956,0.0,0.04765745997428894,0.018334055319428444,0.0510595478117466,0.04852516949176788,0-2deg,0.00-0.04,0.0,0.0,0.0,0.0
37,35,False,False,0.23602302372455597,0.2132004201412201,0.0,0.0,9.979999542236328,0.6555641889572144,0.06628049165010452,0.10164543241262436,0.0015661045908927917,0.005931638181209564,0.052084628492593765,0.17562298476696014,0.10282881557941437,0.866784393787384,0.08137170225381851,0.005721157416701317,0.18189364671707153,>=0.15,False,False,True,False,False,False,False,False,False,0.0,0.0,0.0,0.0,0.0,0.0,0.052084628492593765,0.15617360174655914,0.0,0.0,0.0,0.0,0.0,0.0,0.05489131063222885,0.0013301376020535827,0.005780576262623072,0.0,0.02994586154818535,-0.04152004048228264,0.051187850534915924,0.0668976753950119,0-2deg,0.00-0.04,0.0,0.0,0.0,0.0
38,36,False,False,0.2652881145477295,0.2652881145477295,0.0,0.0,9.979999542236328,0.45488905906677246,0.07508614659309387,0.06882375478744507,-0.05868270993232727,0.07629557698965073,0.043238576501607895,0.2066742181777954,0.12741133570671082,1.940688967704773,0.30298227071762085,0.048758119344711304,0.13441555202007294,0.10-0.15,False,False,True,False,False,False,False,False,False,0.0,0.0,0.0,0.0,0.0,0.0,0.043238576501607895,0.2051621377468109,0.0,0.0,0.0,0.0,0.0,0.0,0.029902111738920212,-0.06034977361559868,0.04667889326810837,0.0,0.00880588497966528,-0.03638780862092972,0.037437789142131805,0.02672581560909748,0-2deg,0.00-0.04,0.0,0.0,0.0,0.0
39,37,False,False,0.32212620973587036,0.28995412588119507,0.0,0.0,9.979999542236328,0.4322458505630493,0.058706171810626984,-0.07346448302268982,0.03289351612329483,0.03574823960661888,0.06952310353517532,0.2596415579319,-0.10607423633337021,0.7127914428710938,0.07388585060834885,0.013998330570757389,0.13692572712898254,0.10-0.15,False,False,True,False,False,False,False,False,False,0.0,0.0,0.0,0.0,0.0,0.0,0.06952310353517532,0.22461757063865662,0.0,0.0,0.0,0.0,0.0,0.0,0.014394071884453297,0.032708726823329926,0.014424827881157398,0.0,0.004438352771103382,-0.012372146360576153,0.013142935931682587,0.01263684406876564,0-2deg,0.00-0.04,0.0,0.0,0.0,0.0
40,38,False,False,0.28336548805236816,0.2378236949443817,0.0,0.0,9.979999542236328,0.710266649723053,0.08245930820703506,0.0009772888151928782,0.03384532406926155,0.03479515761137009,0.061691347509622574,0.22182348370552063,-0.030528511852025986,1.6487144231796265,0.24135224521160126,0.008074469864368439,0.14425338804721832,0.10-0.15,False,False,True,False,False,False,False,False,False,0.0,0.0,0.0,0.0,0.0,0.0,0.061691347509622574,0.1812169998884201,0.0,0.0,0.0,0.0,0.0,0.0,0.044560521841049194,0.03362751752138138,0.008938297629356384,0.0,0.011276351287961006,0.04023217409849167,0.041781771928071976,0.03810820356011391,0-2deg,0.00-0.04,0.0,0.0,0.0,0.0
41,39,False,False,0.22346512973308563,0.22007247805595398,0.0,0.0,9.979999542236328,0.5872471928596497,0.0911116674542427,0.13036292791366577,0.017535321414470673,0.029410148039460182,0.018088791519403458,0.16778236627578735,0.11272884905338287,1.3502554893493652,0.169082909822464,0.023610785603523254,0.1615837812423706,>=0.15,False,False,True,False,False,False,False,False,False,0.0,0.0,0.0,0.0,0.0,0.0,0.018088791519403458,0.16480422019958496,0.0,0.0,0.0,0.0,0.0,0.0,0.06507759541273117,0.016337651759386063,0.024454813450574875,0.0,-0.05903373658657074,-0.009164589457213879,0.05974007397890091,0.006965442560613155,0-2deg,0.00-0.04,0.0,0.0,0.0,0.0
42,40,False,False,0.2663905620574951,0.18918007612228394,0.0,0.0,9.979999542236328,1.0829867124557495,0.08800072222948074,-0.07527346909046173,0.06563179939985275,0.06983403861522675,0.03559570387005806,0.20891277492046356,-0.14073596894741058,1.9309319257736206,0.14902456104755402,0.02385917492210865,0.22670318186283112,>=0.15,False,False,True,False,False,False,False,False,False,0.0,0.0,0.0,0.0,0.0,0.0,0.03559570387005806,0.13233226537704468,0.0,0.0,0.0,0.0,0.0,0.0,0.06851039826869965,0.066157765686512,0.02235943265259266,0.0,0.06618130207061768,0.017272960394620895,0.06839536875486374,0.011216279119253159,0-2deg,0.00-0.04,0.0,0.0,0.0,0.0
43,41,False,False,0.2641768157482147,0.2211349904537201,0.0,0.0,9.979999542236328,1.019781231880188,0.10456746816635132,-0.06302449107170105,-0.012504853308200836,0.015720166265964508,0.01997680775821209,0.20837387442588806,-0.05044389143586159,1.597278118133545,0.2674039602279663,0.009526398964226246,0.16424889862537384,>=0.15,False,False,True,False,False,False,False,False,False,0.0,0.0,0.0,0.0,0.0,0.0,0.01997680775821209,0.16580908000469208,0.0,0.0,0.0,0.0,0.0,0.0,0.03544178977608681,-0.012816138565540314,0.00910330843180418,0.0,-0.023120393976569176,-0.02654077112674713,0.03519704192876816,0.014468676410615444,0-2deg,0.00-0.04,0.0,0.0,0.0,0.0
44,42,False,False,0.2821398675441742,0.2356637716293335,0.0,0.0,9.979999542236328,0.8894171714782715,0.09151948988437653,-0.040051184594631195,-0.048819854855537415,0.049860212951898575,0.04196804761886597,0.2241043895483017,0.010541029274463654,1.0687706470489502,0.09362801909446716,0.010132255963981152,0.11961241066455841,0.10-0.15,False,False,True,False,False,False,False,False,False,0.0,0.0,0.0,0.0,0.0,0.0,0.04196804761886597,0.17911699414253235,0.0,0.0,0.0,0.0,0.0,0.0,0.027596326544880867,-0.04865487292408943,0.01089699100703001,0.0,-0.027682771906256676,-0.0118245929479599,0.030102794989943504,0.0419103167951107,0-2deg,0.00-0.04,0.0,0.0,0.0,0.0
45,43,False,False,0.2846122682094574,0.24900828301906586,0.0,0.0,9.979999542236328,1.0585812330245972,0.09708810597658157,0.053039878606796265,-0.03414802625775337,0.042120158672332764,0.04598597437143326,0.22588959336280823,0.08653756976127625,0.9030086398124695,0.07551015913486481,0.02465805970132351,0.01806757226586342,0.00-0.05,False,False,True,False,False,False,False,False,False,0.0,0.0,0.0,0.0,0.0,0.0,0.04598597437143326,0.18973249197006226,0.0,0.0,0.0,0.0,0.0,0.0,0.024058032780885696,-0.03358953818678856,0.025413591414690018,0.0,-0.020145580172538757,0.011966717429459095,0.02343040518462658,0.04535134881734848,0-2deg,0.00-0.04,0.0,0.0,0.0,0.0
46,44,False,False,0.2654030919075012,0.21705907583236694,0.0,0.0,9.979999542236328,0.5192072987556458,0.06387200206518173,-0.07728290557861328,0.040319398045539856,0.048373032361269,0.011792799457907677,0.21036449074745178,-0.11743306368589401,1.2003165483474731,0.11922504007816315,0.02672632969915867,0.16652719676494598,>=0.15,False,False,True,False,False,False,False,False,False,0.0,0.0,0.0,0.0,0.0,0.0,0.011792799457907677,0.161408469080925,0.0,0.0,0.0,0.0,0.0,0.0,0.09401068091392517,0.037968188524246216,0.029972774907946587,0.0,-0.0709693655371666,0.05415855348110199,0.0892462283372879,0.038600627332925797,0-2deg,0.00-0.04,0.0,0.0,0.0,0.0
47,45,False,False,0.23790892958641052,0.2301851212978363,0.0,0.0,9.979999542236328,0.690352737903595,0.07959344238042831,0.08341144025325775,0.03535119444131851,0.04471275210380554,0.022764146327972412,0.18180303275585175,0.048501450568437576,0.951230525970459,0.19323986768722534,0.027377424761652946,0.11131472140550613,0.10-0.15,False,False,True,False,False,False,False,False,False,0.0,0.0,0.0,0.0,0.0,0.0,0.022764146327972412,0.17384052276611328,0.0,0.0,0.0,0.0,0.0,0.0,0.0073648132383823395,0.03546888008713722,0.027224784716963768,0.0,0.004304464440792799,0.0015855320962145925,0.004593482706695795,0.06822381168603897,0-2deg,0.00-0.04,0.0,0.0,0.0,0.0
48,46,False,False,0.22232820093631744,0.22103145718574524,0.0,0.0,9.979999542236328,0.6073192358016968,0.07966459542512894,0.14566268026828766,-0.011098295450210571,0.03134169429540634,0.015921128913760185,0.16674354672431946,0.15682339668273926,0.9041904807090759,0.08709210157394409,0.029310913756489754,0.12681983411312103,0.10-0.15,False,False,True,False,False,False,False,False,False,0.0,0.0,0.0,0.0,0.0,0.0,0.015921128913760185,0.16440683603286743,0.0,0.0,0.0,0.0,0.0,0.0,0.017787350341677666,-0.011624631471931934,0.029106182977557182,0.0,-0.017852025106549263,-0.0034695023205131292,0.01818503998219967,0.060458727180957794,0-2deg,0.00-0.04,0.0,0.0,0.0,0.0
49,47,False,False,0.2907712161540985,0.22667719423770905,0.0,0.0,9.979999542236328,0.5704894065856934,0.06095926836133003,-0.10404112190008163,0.02519451081752777,0.02865634672343731,0.026154812425374985,0.23455940186977386,-0.12863555550575256,1.4903638362884521,0.12573114037513733,0.013653676956892014,0.09874775260686874,0.05-0.10,False,False,True,False,False,False,False,False,False,0.0,0.0,0.0,0.0,0.0,0.0,0.026154812425374985,0.17045852541923523,0.0,0.0,0.0,0.0,0.0,0.0,0.03029034286737442,0.025406712666153908,0.013254632242023945,0.0,-0.00448728958144784,0.029020918533205986,0.029364991933107376,0.032071106135845184,0-2deg,0.00-0.04,0.0,0.0,0.0,0.0
50,48,False,False,0.2291157841682434,0.2220212072134018,0.0,0.0,9.979999542236328,0.6469277143478394,0.06682360172271729,0.08594252914190292,0.028009645640850067,0.028503159061074257,0.034047458320856094,0.1715446412563324,0.057780031114816666,1.1834946870803833,0.09967533499002457,0.005281074438244104,0.1873042732477188,>=0.15,False,False,True,False,False,False,False,False,False,0.0,0.0,0.0,0.0,0.0,0.0,0.034047458320856094,0.16402876377105713,0.0,0.0,0.0,0.0,0.0,0.0,0.005839002784341574,0.02800091542303562,0.005327166523784399,0.0,0.005407202057540417,0.0030515410471707582,0.006205217447131872,0.012209157459437847,0-2deg,0.00-0.04,0.0,0.0,0.0,0.0
51,49,False,False,0.2102033942937851,0.2102033942937851,0.0,0.0,9.979999542236328,0.4324357509613037,0.06354872137308121,0.11437197029590607,-0.013339273631572723,0.027614379301667213,0.023574352264404297,0.15372362732887268,0.1269521564245224,1.3696084022521973,0.13225038349628448,0.024178870022296906,0.2629297971725464,>=0.15,False,False,True,False,False,False,False,False,False,0.0,0.0,0.0,0.0,0.0,0.0,0.023574352264404297,0.15372362732887268,0.0,0.0,0.0,0.0,0.0,0.0,0.07272239774465561,-0.014727520756423473,0.023359239101409912,0.0,0.056936029344797134,-0.03717907518148422,0.06798861175775528,0.03652484714984894,0-2deg,0.00-0.04,0.0,0.0006905339541845024,0.0,0.0
52,50,False,False,0.26649945974349976,0.1907728612422943,0.0,0.0,9.979999542236328,1.3124195337295532,0.10403459519147873,-0.026153359562158585,0.05496102198958397,0.0557321272790432,0.04597447067499161,0.20759816467761993,-0.07820340991020203,1.699012041091919,0.15038903057575226,0.009238827042281628,0.18055441975593567,>=0.15,False,False,True,False,False,False,False,False,False,0.0,0.0,0.0,0.0,0.0,0.0,0.04597447067499161,0.13558246195316315,0.0,0.0,0.0,0.0,0.0,0.0,0.01923324726521969,0.055069081485271454,0.008571232669055462,0.0,-0.0182197205722332,0.011403664015233517,0.021493110805749893,0.07027596235275269,0-2deg,0.00-0.04,0.0,0.0006905339541845024,0.0,0.0
53,51,False,False,0.23573768138885498,0.21130672097206116,0.0,0.0,9.979999542236328,0.7081319689750671,0.09398403018712997,0.030162213370203972,-0.04765757918357849,0.049213308840990067,0.04633525013923645,0.175922229886055,0.07722671329975128,1.9648009538650513,0.37334108352661133,0.012276195921003819,0.24025601148605347,>=0.15,False,False,True,False,False,False,False,False,False,0.0,0.0,0.0,0.0,0.0,0.0,0.04633525013923645,0.15025900304317474,0.0,0.0,0.0,0.0,0.0,0.0,0.03326205536723137,-0.047456044703722,0.013033555820584297,0.0,-0.03385426849126816,0.0004859000036958605,0.03385715186595917,0.01299527008086443,0-2deg,0.00-0.04,0.0,0.0,0.0,0.0
54,53,False,False,0.24087637662887573,0.21337640285491943,0.0,0.0,9.979999542236328,0.8631700277328491,0.07291863113641739,0.07033269852399826,-0.04169941693544388,0.04265138506889343,0.012110418640077114,0.18553835153579712,0.11177867650985718,1.8090128898620605,0.13526540994644165,0.008960992097854614,0.15007321536540985,>=0.15,False,False,True,False,False,False,False,False,False,0.0,0.0,0.0,0.0,0.0,0.0,0.012110418640077114,0.15722371637821198,0.0,0.0,0.0,0.0,0.0,0.0,0.023776397109031677,-0.041658543050289154,0.00914913322776556,0.0,-0.023164652287960052,-0.0011468586744740605,0.023192593827843666,0.023595429956912994,0-2deg,0.00-0.04,0.0,0.0,0.0,0.0
55,54,False,False,0.3007838726043701,0.2589395344257355,0.0,0.0,9.979999542236328,1.0017077922821045,0.1070779487490654,0.08714257925748825,-0.03559990972280502,0.05783521384000778,0.05905655398964882,0.23985277116298676,0.1224626898765564,1.4146199226379395,0.21737121045589447,0.045580241829156876,0.06852029263973236,0.05-0.10,False,False,True,False,False,False,False,False,False,0.0,0.0,0.0,0.0,0.0,0.0,0.05905655398964882,0.19856029748916626,0.0,0.0,0.0,0.0,0.0,0.0,0.08401831239461899,-0.034438956528902054,0.04646364226937294,0.0,0.0697183832526207,-0.006612572818994522,0.07003118842840195,0.01527861412614584,0-2deg,0.00-0.04,0.0,0.0,0.0,0.0
56,56,False,False,0.2611539661884308,0.2138192355632782,0.0,0.0,9.979999542236328,0.3287563920021057,0.05559747666120529,-0.08669394254684448,0.03427395224571228,0.03586360439658165,0.030236108228564262,0.20435769855976105,-0.1210855171084404,0.23093706369400024,0.03787523880600929,0.010559084825217724,0.19343212246894836,>=0.15,False,False,True,False,False,False,False,False,False,0.0,0.0,0.0,0.0,0.0,0.0,0.030236108228564262,0.15669962763786316,0.0,0.0,0.0,0.0,0.0,0.0,0.05778122320771217,0.03365855664014816,0.012381428852677345,0.0,-0.003504500724375248,-0.055665332823991776,0.05577506497502327,0.005965912248939276,0-2deg,0.00-0.04,0.0,0.0,0.0,0.0
57,57,False,False,0.2497718185186386,0.22363486886024475,0.0,0.0,9.979999542236328,0.791793704032898,0.09454984217882156,-0.05240277573466301,0.03573409467935562,0.040667515248060226,0.003593827597796917,0.1947474628686905,-0.08813261240720749,1.8160524368286133,0.3323981761932373,0.01941446028649807,0.1828160285949707,>=0.15,False,False,True,False,False,False,False,False,False,0.0,0.0,0.0,0.0,0.0,0.0,0.003593827597796917,0.16808746755123138,0.0,0.0,0.0,0.0,0.0,0.0,0.0031644257251173258,0.03574582561850548,0.01939285174012184,0.0,-0.0039282809011638165,-0.002287472365424037,0.00454128161072731,0.001688576303422451,0-2deg,0.00-0.04,0.0,0.0,0.0,0.0
58,58,False,False,0.30051276087760925,0.22523479163646698,0.0,0.0,9.979999542236328,0.29233238101005554,0.07342234998941422,-0.15243315696716309,0.03751817345619202,0.04963243007659912,0.028043273836374283,0.24418126046657562,-0.18979711830615997,0.7233472466468811,0.08513721078634262,0.03249253332614899,0.08936706930398941,0.05-0.10,False,False,True,False,False,False,False,False,False,0.0,0.0,0.0,0.0,0.0,0.0,0.028043273836374283,0.16880591213703156,0.0,0.0,0.0,0.0,0.0,0.0,0.01200523879379034,0.03723505139350891,0.03281659632921219,0.0,-0.0002363792445976287,-0.012773176655173302,0.012774964794516563,0.0071391332894563675,0-2deg,0.00-0.04,0.0,0.0,0.0,0.0
59,59,False,False,0.29359111189842224,0.24400408565998077,0.0,0.0,9.979999542236328,1.07621169090271,0.08952444791793823,-0.09201917052268982,-0.001993320882320404,0.023729369044303894,0.006974824704229832,0.23862819373607635,-0.08992065489292145,1.709067940711975,0.24357803165912628,0.023645499721169472,0.130079448223114,0.10-0.15,False,False,True,False,False,False,False,False,False,0.0,0.0,0.0,0.0,0.0,0.0,0.006974824704229832,0.18621650338172913,0.0,0.0,0.0,0.0,0.0,0.0,0.09687403589487076,0.00014778890181332827,0.023728908970952034,0.0,0.08039850741624832,0.044709526002407074,0.09197007864713669,0.01688164286315441,0-2deg,0.00-0.04,0.0,0.0,0.0,0.0
60,60,False,False,0.32263869047164917,0.265021413564682,0.0,0.0,9.979999542236328,0.4875735640525818,0.0860924944281578,-0.08373294770717621,-0.04103017970919609,0.04130277782678604,0.049670781940221786,0.2638354003429413,-0.04230910539627075,1.4145464897155762,0.1942749321460724,0.004737491719424725,0.05459398403763771,0.05-0.10,False,False,True,False,False,False,False,False,False,0.0,0.0,0.0,0.0,0.0,0.0,0.049670781940221786,0.2044457495212555,0.0,0.0,0.0,0.0,0.0,0.0,0.007820145227015018,-0.04103926569223404,0.004658113233745098,0.0,-0.008680305443704128,-0.004379815887659788,0.009722844697535038,0.008730742149055004,0-2deg,0.00-0.04,0.0,0.0,0.0,0.0
61,61,False,False,0.23704329133033752,0.23363515734672546,0.0,0.0,9.979999542236328,0.660125195980072,0.07223021984100342,0.0949036031961441,0.028962336480617523,0.044080138206481934,0.04374171793460846,0.17815755307674408,0.06666896492242813,1.6055734157562256,0.2343941479921341,0.03323012962937355,0.15716636180877686,>=0.15,False,False,True,False,False,False,False,False,False,0.0,0.0,0.0,0.0,0.0,0.0,0.04374171793460846,0.17375914752483368,0.0,0.0,0.0,0.0,0.0,0.0,0.027470752596855164,0.028254378587007523,0.03383413329720497,0.0,-0.027870027348399162,-0.003757936181500554,0.028122706338763237,0.04568756744265556,0-2deg,0.00-0.04,0.0,0.0,0.0,0.0
62,62,False,False,0.21069051325321198,0.21069051325321198,0.0,0.0,9.979999542236328,1.0763219594955444,0.08745522797107697,0.1168903186917305,-0.009281300008296967,0.023046327754855156,0.001561478478834033,0.15568841993808746,0.1262039691209793,2.167135238647461,0.16081546247005463,0.021094804629683495,0.188405379652977,>=0.15,False,False,True,False,False,False,False,False,False,0.0,0.0,0.0,0.0,0.0,0.0,0.001561478478834033,0.15568841993808746,0.0,0.0,0.0,0.0,0.0,0.0,0.024294735863804817,-0.008995389565825462,0.021218299865722656,0.0,-0.018839124590158463,0.014147396199405193,0.023559799417853355,0.0417703315615654,0-2deg,0.00-0.04,0.0,0.0,0.0,0.0
63,63,False,False,0.2876303493976593,0.22161293029785156,0.0,0.0,9.979999542236328,0.7259018421173096,0.0807148665189743,-0.1261194348335266,0.009095102548599243,0.020768867805600166,0.03384785354137421,0.23072175681591034,-0.13450413942337036,0.8743876814842224,0.0812770202755928,0.01867150142788887,0.160120889544487,>=0.15,False,False,True,False,False,False,False,False,False,0.0,0.0,0.0,0.0,0.0,0.0,0.03384785354137421,0.16559496521949768,0.0,0.0,0.0,0.0,0.0,0.0,0.027224436402320862,0.009560012258589268,0.018437787890434265,0.0,-0.002033910248428583,0.02513953670859337,0.025221707299351692,0.020827557891607285,0-2deg,0.00-0.04,0.0,0.0,0.0,0.0
64,49,True,False,0.1239466592669487,0.1239466592669487,0.0,0.0,0.4599999785423279,3.1492795944213867,1.4587326049804688,-0.19569897651672363,-0.30272799730300903,0.6493010520935059,0.12055686116218567,-0.018245555460453033,0.11750759929418564,0.4618017375469208,0.1395655870437622,0.574410617351532,0.09908203780651093,0.05-0.10,True,True,False,True,False,True,False,True,True,0.12055686116218567,-0.30576327443122864,0.5728006958961487,3.12557053565979,3.12557053565979,0.0,0.12055686116218567,-0.018245555460453033,0.018245555460453033,0.002765174023807049,0.005228707101196051,0.005910027306526899,0.05889228358864784,0.08541516959667206,0.08541516959667206,-0.30576327443122864,0.5728006958961487,0.031255703419446945,0.002765174023807049,0.005228707101196051,0.005910027306526899,0.05889228358864784,0-2deg,0.04-0.08,0.0,0.0,0.0,0.0
65,26,False,False,0.357870489358902,0.2675866484642029,0.0,0.0,9.979999542236328,0.5043907165527344,0.09472040086984634,-0.17654715478420258,-0.029508724808692932,0.12538988888263702,0.09449247270822525,0.2904026210308075,-0.1441965103149414,1.747641921043396,0.3846031427383423,0.12186820060014725,0.16291789710521698,>=0.15,False,False,True,False,False,False,False,False,False,0.0,0.0,0.0,0.0,0.0,0.0,0.09449247270822525,0.20084404945373535,0.0,0.0,0.0,0.0,0.0,0.0,0.05564017966389656,-0.03856034576892853,0.119313545525074,0.0,-0.042912762612104416,0.06327302753925323,0.07643657177686691,0.02974182553589344,0-2deg,0.00-0.04,0.0,0.0,0.0,0.0
66,27,False,False,0.2715747058391571,0.22745314240455627,0.0,0.0,9.979999542236328,0.7453223466873169,0.08608460426330566,0.05806731805205345,-0.06486383080482483,0.06603284180164337,0.04498223587870598,0.21291466057300568,0.1242210790514946,1.308448076248169,0.08487314730882645,0.012370127253234386,0.09193876385688782,0.05-0.10,False,False,True,False,False,False,False,False,False,0.0,0.0,0.0,0.0,0.0,0.0,0.04498223587870598,0.17129412293434143,0.0,0.0,0.0,0.0,0.0,0.0,0.015010322444140911,-0.06472339481115341,0.013085072860121727,0.0,0.013076500035822392,-0.004951601382344961,0.013982361182570457,0.029000408947467804,0-2deg,0.00-0.04,0.0,0.0,0.0,0.0
67,55,False,False,0.2396480143070221,0.23195792734622955,0.0,0.0,9.979999542236328,0.9188476800918579,0.11276281625032425,0.10977678000926971,-0.0703725516796112,0.07930056750774384,0.04113338515162468,0.18128184974193573,0.1792062222957611,1.8159846067428589,0.3780279755592346,0.0365552194416523,0.15310849249362946,>=0.15,False,False,True,False,False,False,False,False,False,0.0,0.0,0.0,0.0,0.0,0.0,0.04113338515162468,0.1723899394273758,0.0,0.0,0.0,0.0,0.0,0.0,0.045141465961933136,-0.07186175882816315,0.03353307396173477,0.0,-0.01824844442307949,0.03837965801358223,0.042494889348745346,0.045291800051927567,0-2deg,0.00-0.04,0.0,0.0,0.0,0.0
68,2,False,False,0.22984224557876587,0.22965091466903687,0.0,0.0,9.979999542236328,1.3241398334503174,0.09589289873838425,0.15694083273410797,0.004377782344818115,0.03651343286037445,0.019497212022542953,0.17415107786655426,0.15160785615444183,1.8517262935638428,0.1187862679362297,0.0362500436604023,0.09772783517837524,0.05-0.10,False,False,True,False,False,False,False,False,False,0.0,0.0,0.0,0.0,0.0,0.0,0.019497212022542953,0.17189185321331024,0.0,0.0,0.0,0.0,0.0,0.0,0.09214708209037781,0.0016788707580417395,0.036474812775850296,0.0,0.06710956245660782,0.06500691175460815,0.09339850395917892,0.05090823769569397,0-2deg,0.00-0.04,0.0,0.0,0.0,0.0
69,49,True,False,0.20297090709209442,0.20297090709209442,0.0,0.0,0.47999998927116394,3.9128201007843018,1.788683533668518,-0.011774653568863869,-0.11232122778892517,0.2802698016166687,0.20345348119735718,-0.021059997379779816,0.11303181946277618,0.9469449520111084,0.32723069190979004,0.2567782998085022,0.17894157767295837,>=0.15,True,True,False,True,False,True,False,True,True,0.20345348119735718,-0.10107677429914474,0.2614089250564575,10.248208999633789,10.248208999633789,0.0,0.20345348119735718,-0.021059997379779816,0.021059997379779816,-0.005616725888103247,0.043030403554439545,0.0433945506811142,0.020076945424079895,0.09577148407697678,0.09577148407697678,-0.10107677429914474,0.2614089250564575,0.10248208791017532,-0.005616725888103247,0.043030403554439545,0.0433945506811142,0.020076945424079895,2-4deg,0.00-0.04,0.0,0.0,0.0,0.0
70,11,False,False,0.2523115277290344,0.2523115277290344,0.0,0.0,9.979999542236328,0.6832241415977478,0.07243888825178146,0.11939708888530731,-0.01017782837152481,0.013252376578748226,0.03317517787218094,0.19498665630817413,0.12879113852977753,1.2641953229904175,0.11439014971256256,0.008487479761242867,0.11966385692358017,0.10-0.15,False,False,True,False,False,False,False,False,False,0.0,0.0,0.0,0.0,0.0,0.0,0.03317517787218094,0.1931009292602539,0.0,0.0,0.0,0.0,0.0,0.0,0.07930373400449753,-0.01050557754933834,0.008078264072537422,0.0,0.02219315804541111,0.07510881125926971,0.0783134400844574,0.028778918087482452,0-2deg,0.00-0.04,0.0,0.0006905339541845024,0.0,0.0
71,14,True,False,0.16166307032108307,0.16166307032108307,0.0,0.0,1.159999966621399,3.077694892883301,0.6229620575904846,-0.12702637910842896,-0.637530505657196,0.8641743063926697,0.16294953227043152,0.000688645988702774,-0.02106085792183876,1.2196884155273438,0.4757940471172333,0.5833970308303833,0.04627152532339096,0.00-0.05,True,True,False,True,False,True,False,True,True,0.16294953227043152,-0.6746780872344971,0.5400062799453735,7.922410011291504,7.922410011291504,0.0,0.16294953227043152,0.000688645988702774,0.0,-0.06813845783472061,-0.017026158049702644,0.07023022323846817,0.02173229306936264,0.40021762251853943,0.40021762251853943,-0.6746780872344971,0.5400062799453735,0.07922409474849701,-0.06813845783472061,-0.017026158049702644,0.07023022323846817,0.02173229306936264,4-6deg,0.00-0.04,0.0,0.0,0.0,0.0
72,34,False,False,0.2781703770160675,0.23089584708213806,0.0,0.0,9.979999542236328,0.6914370059967041,0.06710245460271835,-0.07486472278833389,0.06865957379341125,0.07246687263250351,0.03318227455019951,0.22130617499351501,-0.14340263605117798,1.2069240808486938,0.12207582592964172,0.023179974406957626,0.08511196076869965,0.05-0.10,False,False,True,False,False,False,False,False,False,0.0,0.0,0.0,0.0,0.0,0.0,0.03318227455019951,0.17270958423614502,0.0,0.0,0.0,0.0,0.0,0.0,0.02998572587966919,0.06829241663217545,0.02424032799899578,0.0,0.0013416762230917811,0.030005034059286118,0.030035387724637985,0.005223964806646109,0-2deg,0.00-0.04,0.0,0.0,0.0,0.0
73,52,False,False,0.24676743149757385,0.23133747279644012,0.0,0.0,9.979999542236328,1.0593265295028687,0.10645005106925964,0.15039977431297302,-0.024316266179084778,0.0444088950753212,0.040471699088811874,0.18844085931777954,0.1760151982307434,1.7876800298690796,0.16928426921367645,0.03716004639863968,0.05254123732447624,0.05-0.10,False,False,True,False,False,False,False,False,False,0.0,0.0,0.0,0.0,0.0,0.0,0.040471699088811874,0.16165092587471008,0.0,0.0,0.0,0.0,0.0,0.0,0.021064504981040955,-0.024406244978308678,0.03710101172327995,0.0,0.004722123965620995,0.01960749365389347,0.020168190822005272,0.038510654121637344,0-2deg,0.00-0.04,0.0,0.0,0.0,0.0
74,4,False,False,0.25708603858947754,0.20099982619285583,0.0,0.0,9.979999542236328,0.7577176094055176,0.06064185872673988,-0.08880852907896042,0.03062289208173752,0.03431892395019531,0.030772315338253975,0.20025379955768585,-0.11936146020889282,1.450883150100708,0.0957086905837059,0.015492802485823631,0.21339629590511322,>=0.15,False,False,True,False,False,False,False,False,False,0.0,0.0,0.0,0.0,0.0,0.0,0.030772315338253975,0.14597469568252563,0.0,0.0,0.0,0.0,0.0,0.0,0.006632374133914709,0.03056972473859787,0.015597453340888023,0.0,0.005327281542122364,0.004854458849877119,0.007209402043372393,0.021735699847340584,0-2deg,0.00-0.04,0.0,0.0,0.0,0.0
75,42,True,False,0.10021548718214035,0.10021548718214035,0.0,0.0,1.559999942779541,2.7726807594299316,0.6438388228416443,-0.31358376145362854,-0.5330899953842163,0.7356546521186829,0.08856566250324249,-0.018430406227707863,0.06619194895029068,1.9676870107650757,0.775515079498291,0.5069544315338135,0.10543784499168396,0.10-0.15,True,True,False,True,False,True,False,False,True,0.08856566250324249,-0.5346694588661194,0.505288302898407,6.249405860900879,6.249405860900879,0.0,0.08856566250324249,-0.018430406227707863,0.018430406227707863,-0.03171539679169655,0.03252872824668884,0.04542718455195427,0.07203429192304611,0.15718919038772583,0.15718919038772583,-0.5346694588661194,0.505288302898407,0.06249405816197395,-0.03171539679169655,0.03252872824668884,0.04542718455195427,0.07203429192304611,2-4deg,0.04-0.08,0.0,0.0,0.0,0.0
76,27,True,False,0.22992746531963348,0.10203341394662857,0.0,0.0,1.459999918937683,2.8578438758850098,0.4142458438873291,-0.030614394694566727,0.04199825972318649,0.1963547319173813,0.22709985077381134,-0.01951282098889351,-0.06735973060131073,0.6563134789466858,0.1938626617193222,0.19181065261363983,0.1888750046491623,>=0.15,True,True,False,True,False,False,False,True,True,0.10343626886606216,0.498416930437088,0.8917434811592102,1.983445167541504,1.983445167541504,0.0,0.22709985077381134,-0.02020655944943428,0.02020655944943428,0.06996701657772064,0.044206101447343826,0.08274297416210175,0.024051478132605553,0.25014305114746094,0.007201129104942083,0.027530990540981293,0.19441509246826172,0.019834451377391815,0.07047451287508011,0.025344470515847206,0.07488631457090378,0.036458536982536316,4-6deg,0.00-0.04,0.0,0.0,0.0,0.0
77,17,False,False,0.20264257490634918,0.20264257490634918,0.0,0.0,8.4399995803833,0.37759843468666077,0.08274564146995544,0.1143072172999382,0.025214001536369324,0.09725508093833923,0.06070924922823906,0.1391475796699524,0.08760160207748413,1.0417470932006836,0.3266109526157379,0.09392978996038437,0.2529412806034088,>=0.15,True,True,False,False,False,False,False,False,False,0.0,0.0,0.0,0.0,0.0,0.0,0.06070924922823906,0.13844439387321472,0.0,0.0,0.0,0.0,0.0,0.0,0.06825480610132217,0.01840667612850666,0.09549735486507416,0.0,-0.002363433362916112,0.07197123765945435,0.07201013714075089,0.02410542033612728,0-2deg,0.00-0.04,0.0,0.0,0.0,0.0
78,41,False,False,0.2531391382217407,0.22758445143699646,0.0,0.0,9.559999465942383,0.48154687881469727,0.05731122940778732,-0.0930531844496727,0.013005837798118591,0.013580357655882835,0.052171897143125534,0.19277623295783997,-0.10584044456481934,0.5392500162124634,0.07183205336332321,0.003908233251422644,0.24992415308952332,>=0.15,True,True,False,False,False,False,False,False,False,0.0,0.0,0.0,0.0,0.0,0.0,0.052171897143125534,0.16547034680843353,0.0,0.0,0.0,0.0,0.0,0.0,0.05498466268181801,0.01278027705848217,0.004592455457895994,0.0,-0.0026551694609224796,0.054225582629442215,0.05429049953818321,0.028496816754341125,0-2deg,0.00-0.04,0.0,0.0,0.0,0.0
79,12,False,False,0.29172295331954956,0.29172295331954956,0.0,0.0,9.819999694824219,0.6199901103973389,0.08236078917980194,-0.0672464370727539,-0.05810496583580971,0.06324408203363419,0.07618504017591476,0.22757646441459656,-0.010083616711199284,1.4171298742294312,0.17916883528232574,0.024972528219223022,0.2369377315044403,>=0.15,True,True,False,False,False,False,False,False,False,0.0,0.0,0.0,0.0,0.0,0.0,0.07618504017591476,0.22757646441459656,0.0,0.0,0.0,0.0,0.0,0.0,0.09901349246501923,-0.06009615585207939,0.019704479724168777,0.0,-0.04621005430817604,-0.07894051820039749,0.09144679456949234,0.013066678307950497,0-2deg,0.00-0.04,0.0,0.0,0.0,0.0
80,11,False,False,0.2521989047527313,0.18316657841205597,0.0,0.0,8.880000114440918,0.6175664663314819,0.08339139819145203,-0.05573927238583565,-0.023977305740118027,0.030753232538700104,0.04469159618020058,0.19285735487937927,-0.03197568282485008,1.903130054473877,0.16217239201068878,0.01925746724009514,0.2718724012374878,>=0.15,True,True,False,False,False,False,False,False,False,0.0,0.0,0.0,0.0,0.0,0.0,0.04469159618020058,0.12571227550506592,0.0,0.0,0.0,0.0,0.0,0.0,0.07522334903478622,-0.025316063314676285,0.017460189759731293,0.0,0.019221507012844086,0.07229921966791153,0.07480660825967789,0.02133934572339058,0-2deg,0.00-0.04,0.0,0.0006905339541845024,0.0,0.0
81,0,False,False,0.26002028584480286,0.2599911391735077,0.0,0.0,9.979999542236328,0.8662502765655518,0.07946765422821045,-0.02436387538909912,-0.03793490305542946,0.04737382009625435,0.05302560701966286,0.20030464231967926,0.01182602159678936,1.2183337211608887,0.1028352826833725,0.028376435860991478,0.2329925149679184,>=0.15,False,False,True,False,False,False,False,False,False,0.0,0.0,0.0,0.0,0.0,0.0,0.05302560701966286,0.19692905247211456,0.0,0.0,0.0,0.0,0.0,0.0,0.08938922733068466,-0.04036048799753189,0.02480543963611126,0.0,-0.05730615183711052,0.07118712365627289,0.09135667979717255,0.03746723011136055,0-2deg,0.00-0.04,0.0,0.0,0.0,0.0
82,1,False,False,0.28013262152671814,0.21602937579154968,0.0,0.0,9.979999542236328,0.6871048212051392,0.10152352601289749,-0.11669798940420151,-0.01882418990135193,0.01937261037528515,0.045603424310684204,0.22135606408119202,-0.09785590320825577,0.9459616541862488,0.11392374336719513,0.004576887935400009,0.19280290603637695,>=0.15,False,False,True,False,False,False,False,False,False,0.0,0.0,0.0,0.0,0.0,0.0,0.045603424310684204,0.15939153730869293,0.0,0.0,0.0,0.0,0.0,0.0,0.008856648579239845,-0.01883341185748577,0.004538784269243479,0.0,-0.0029251198284327984,-0.00990207213908434,0.010323470458388329,0.012545702047646046,0-2deg,0.00-0.04,0.0,0.0,0.0,0.0
83,3,False,False,0.27535998821258545,0.27303850650787354,0.0,0.0,9.979999542236328,0.9024801850318909,0.0926792174577713,0.13060496747493744,-0.0013517886400222778,0.031616728752851486,0.06778143346309662,0.21163415908813477,0.13370802998542786,1.3560354709625244,0.295804500579834,0.03158781677484512,0.12447145581245422,0.10-0.15,False,False,True,False,False,False,False,False,False,0.0,0.0,0.0,0.0,0.0,0.0,0.06778143346309662,0.21163415908813477,0.0,0.0,0.0,0.0,0.0,0.0,0.04067695513367653,-0.002287353854626417,0.03153387829661369,0.0,0.04290217533707619,-0.01507448311895132,0.04547179117798805,0.05007351189851761,0-2deg,0.00-0.04,0.0,0.0,0.0,0.0
84,5,False,False,0.25551435351371765,0.21457161009311676,0.0,0.0,9.979999542236328,1.2495466470718384,0.08545965701341629,-0.05683227255940437,0.056396421045064926,0.05724053084850311,0.009826834313571453,0.20032745599746704,-0.11325699090957642,1.9196925163269043,0.12579482793807983,0.009793986566364765,0.1537385731935501,>=0.15,False,False,True,False,False,False,False,False,False,0.0,0.0,0.0,0.0,0.0,0.0,0.009826834313571453,0.15934716165065765,0.0,0.0,0.0,0.0,0.0,0.0,0.012357549741864204,0.056308563798666,0.01028711162507534,0.0,-0.003974162973463535,0.008134928531944752,0.00905629899352789,0.023260148242115974,0-2deg,0.00-0.04,0.0,0.0,0.0,0.0
85,6,False,False,0.294106125831604,0.25289440155029297,0.0,0.0,9.979999542236328,0.7832274436950684,0.07686722278594971,0.01216210052371025,-0.032975759357213974,0.03966023027896881,0.048688989132642746,0.2351096123456955,0.04437532648444176,1.0442615747451782,0.08300471305847168,0.022034812718629837,0.03453812375664711,0.00-0.05,False,False,True,False,False,False,False,False,False,0.0,0.0,0.0,0.0,0.0,0.0,0.048688989132642746,0.19460539519786835,0.0,0.0,0.0,0.0,0.0,0.0,0.016352137550711632,-0.03334954380989075,0.021464895457029343,0.0,-0.016460487619042397,0.006016307510435581,0.017524011433124542,0.07130640000104904,0-2deg,0.00-0.04,0.0,0.0,0.0,0.0
86,7,False,False,0.2970288395881653,0.22351936995983124,0.0,0.0,9.979999542236328,0.9414293766021729,0.07251740247011185,-0.10135582089424133,-0.008008517324924469,0.04490625485777855,0.012953546829521656,0.24173639714717865,-0.0937078595161438,1.5686371326446533,0.1218504086136818,0.04418637230992317,0.112489253282547,0.10-0.15,False,False,True,False,False,False,False,False,False,0.0,0.0,0.0,0.0,0.0,0.0,0.012953546829521656,0.16709697246551514,0.0,0.0,0.0,0.0,0.0,0.0,0.07564332336187363,-0.007342000491917133,0.04430199787020683,0.0,-0.06377158313989639,-0.04672182723879814,0.07903693616390228,0.03142733871936798,0-2deg,0.00-0.04,0.0,0.0,0.0,0.0
87,8,False,False,0.2519831657409668,0.22633884847164154,0.0,0.0,9.979999542236328,0.7993593811988831,0.08148426562547684,0.01863899827003479,0.052377957850694656,0.0632271096110344,0.039849940687417984,0.19397546350955963,-0.03248276934027672,1.0749133825302124,0.09588545560836792,0.035414934158325195,0.06769193708896637,0.05-0.10,False,False,True,False,False,False,False,False,False,0.0,0.0,0.0,0.0,0.0,0.0,0.039849940687417984,0.16990871727466583,0.0,0.0,0.0,0.0,0.0,0.0,0.09760767221450806,0.04884679988026619,0.04014546051621437,0.0,-0.08405236154794693,0.046793755143880844,0.09617330133914948,0.03406783565878868,0-2deg,0.00-0.04,0.0,0.0006905339541845024,0.0,0.0
88,9,False,False,0.2567427456378937,0.21040062606334686,0.0,0.0,9.979999542236328,0.5110385417938232,0.07140111923217773,0.06756433844566345,0.0011224821209907532,0.011354592628777027,0.07318253070116043,0.19140587747097015,0.07100649923086166,0.49132075905799866,0.09116160869598389,0.01129897404462099,0.2514512240886688,>=0.15,False,False,True,False,False,False,False,False,False,0.0,0.0,0.0,0.0,0.0,0.0,0.07318253070116043,0.15220119059085846,0.0,0.0,0.0,0.0,0.0,0.0,0.029872192069888115,0.0012409131741151214,0.011286580003798008,0.0,-0.0016922738868743181,-0.02968042530119419,0.029728161171078682,0.06590573489665985,0-2deg,0.00-0.04,0.0,0.0,0.0,0.0
89,10,False,False,0.23634596168994904,0.23510783910751343,0.0,0.0,9.979999542236328,0.6397978663444519,0.06584196537733078,0.1028147041797638,-0.03517138957977295,0.051983077079057693,0.04271223023533821,0.17778068780899048,0.13877934217453003,0.7112745046615601,0.08904410153627396,0.038278110325336456,0.1319384127855301,0.10-0.15,False,False,True,False,False,False,False,False,False,0.0,0.0,0.0,0.0,0.0,0.0,0.04271223023533821,0.17263372242450714,0.0,0.0,0.0,0.0,0.0,0.0,0.07761703431606293,-0.03229133412241936,0.040737085044384,0.0,0.029603488743305206,0.06908655166625977,0.07515273243188858,0.03154641017317772,0-2deg,0.00-0.04,0.0,0.0,0.0,0.0
90,13,False,False,0.285079687833786,0.257150262594223,0.0,0.0,9.979999542236328,1.105297565460205,0.08815617114305496,0.06029106304049492,0.027378682047128677,0.029303593561053276,0.0648060292005539,0.22289271652698517,0.032227758318185806,1.3445097208023071,0.11299613118171692,0.010445496998727322,0.07887468487024307,0.05-0.10,False,False,True,False,False,False,False,False,False,0.0,0.0,0.0,0.0,0.0,0.0,0.0648060292005539,0.19804878532886505,0.0,0.0,0.0,0.0,0.0,0.0,0.031990308314561844,0.027076615020632744,0.011205247603356838,0.0,0.02365827187895775,-0.016808094456791878,0.029019882902503014,0.04831424728035927,0-2deg,0.00-0.04,0.0,0.0,0.0,0.0
91,15,False,False,0.33201393485069275,0.2599186301231384,0.0,0.0,9.979999542236328,1.111781358718872,0.10906543582677841,-0.14396896958351135,0.04772293567657471,0.061045192182064056,0.06138262525200844,0.2711811065673828,-0.1935352087020874,1.2011656761169434,0.21955367922782898,0.03806622326374054,0.04427346959710121,0.00-0.05,False,False,True,False,False,False,False,False,False,0.0,0.0,0.0,0.0,0.0,0.0,0.06138262525200844,0.19719363749027252,0.0,0.0,0.0,0.0,0.0,0.0,0.017967399209737778,0.048408180475234985,0.037190914154052734,0.0,0.01814776472747326,-0.002344384090974927,0.0182994045317173,0.030302075669169426,0-2deg,0.00-0.04,0.0,0.0,0.0,0.0
92,16,False,False,0.26595938205718994,0.22588928043842316,0.0,0.0,9.979999542236328,0.5134251713752747,0.07114230841398239,0.03803986683487892,-0.01637357473373413,0.02353089489042759,0.036097414791584015,0.2082236409187317,0.05417810380458832,1.3137577772140503,0.09533640742301941,0.016899973154067993,0.15057086944580078,>=0.15,False,False,True,False,False,False,False,False,False,0.0,0.0,0.0,0.0,0.0,0.0,0.036097414791584015,0.16934815049171448,0.0,0.0,0.0,0.0,0.0,0.0,0.0760931447148323,-0.017556272447109222,0.015667812898755074,0.0,-0.055505674332380295,-0.05084605887532234,0.07525665313005447,0.019857903942465782,0-2deg,0.00-0.04,0.0,0.0,0.0,0.0
93,18,False,False,0.27682289481163025,0.27682289481163025,0.0,0.0,9.979999542236328,0.5751655101776123,0.07586618512868881,0.14068202674388885,-0.05243474245071411,0.06162550672888756,0.06719256937503815,0.21351467072963715,0.1933542788028717,1.4826735258102417,0.1065903902053833,0.032377470284700394,0.12379229813814163,0.10-0.15,False,False,True,False,False,False,False,False,False,0.0,0.0,0.0,0.0,0.0,0.0,0.06719256937503815,0.21268467605113983,0.0,0.0,0.0,0.0,0.0,0.0,0.0037505615036934614,-0.052322931587696075,0.03255785256624222,0.0,-0.0024326082784682512,0.006154324859380722,0.006614375859498978,0.007138541899621487,0-2deg,0.00-0.04,0.0,0.0,0.0,0.0
94,19,False,False,0.305438369512558,0.20067818462848663,0.0,0.0,9.979999542236328,1.1042426824569702,0.09929553419351578,0.11382240802049637,0.0051560476422309875,0.053061340004205704,0.08646609634160995,0.23869548738002777,0.11037102341651917,1.3138021230697632,0.12743723392486572,0.05281023308634758,0.1440466046333313,0.10-0.15,False,False,True,False,False,False,False,False,False,0.0,0.0,0.0,0.0,0.0,0.0,0.08646609634160995,0.14534083008766174,0.0,0.0,0.0,0.0,0.0,0.0,0.11355514079332352,7.335672853514552e-05,0.053061291575431824,0.0,-0.05120217800140381,0.08474206179380417,0.09897791594266891,0.02068951539695263,0-2deg,0.00-0.04,0.0,0.0006905339541845024,0.0,0.0
95,20,False,False,0.24698926508426666,0.21101310849189758,0.0,0.0,9.979999542236328,1.1619105339050293,0.09479730576276779,-0.03447403013706207,0.04960595443844795,0.061170149594545364,0.025116292759776115,0.19078540802001953,-0.08449285477399826,1.5400793552398682,0.26584500074386597,0.03579157218337059,0.188412606716156,>=0.15,False,False,True,False,False,False,False,False,False,0.0,0.0,0.0,0.0,0.0,0.0,0.025116292759776115,0.15373758971691132,0.0,0.0,0.0,0.0,0.0,0.0,0.021379098296165466,0.05009770765900612,0.03509995713829994,0.0,-0.014034261927008629,-0.01110843289643526,0.0178975947201252,0.017469419166445732,0-2deg,0.00-0.04,0.0,0.0,0.0,0.0
96,21,False,False,0.2371133416891098,0.2064504325389862,0.0,0.0,9.979999542236328,0.8066055774688721,0.07702508568763733,0.01925038918852806,0.051699526607990265,0.059773802757263184,0.02779996767640114,0.18025779724121094,-0.031862080097198486,0.8827481269836426,0.08957205712795258,0.030001111328601837,0.14964358508586884,0.10-0.15,False,False,True,False,False,False,False,False,False,0.0,0.0,0.0,0.0,0.0,0.0,0.02779996767640114,0.15151578187942505,0.0,0.0,0.0,0.0,0.0,0.0,0.09034031629562378,0.04871118813753128,0.03464286029338837,0.0,0.07401632517576218,-0.05545367673039436,0.09245490282773972,0.028908604755997658,0-2deg,0.00-0.04,0.0,0.0,0.0,0.0
97,22,False,False,0.2882862687110901,0.1798330694437027,0.0,0.0,9.979999542236328,0.3866139352321625,0.09835856407880783,-0.09343179315328598,-0.010325782001018524,0.05837615206837654,0.05474873632192612,0.227945938706398,-0.07951656728982925,2.1157708168029785,0.4590687155723572,0.05745566636323929,0.23381134867668152,>=0.15,False,False,True,False,False,False,False,False,False,0.0,0.0,0.0,0.0,0.0,0.0,0.05474873632192612,0.12474456429481506,0.0,0.0,0.0,0.0,0.0,0.0,0.05603427812457085,-0.009472886100411415,0.057602427899837494,0.0,-0.054976701736450195,-0.020978836342692375,0.058839790523052216,0.06751017272472382,0-2deg,0.00-0.04,0.0,0.0,0.0,0.0
98,23,False,False,0.2252654880285263,0.21392647922039032,0.0,0.0,9.979999542236328,1.0938193798065186,0.08991839736700058,0.11097341030836105,0.019464723765850067,0.02698023058474064,0.0278528593480587,0.16865301132202148,0.09167604893445969,1.157067894935608,0.1045704185962677,0.01868307776749134,0.15478630363941193,>=0.15,False,False,True,False,False,False,False,False,False,0.0,0.0,0.0,0.0,0.0,0.0,0.0278528593480587,0.15610316395759583,0.0,0.0,0.0,0.0,0.0,0.0,0.037496667355298996,0.01872221753001213,0.01942707784473896,0.0,-0.01992976851761341,0.034841932356357574,0.04013691842556,0.00593298627063632,0-2deg,0.00-0.04,0.0,0.0,0.0,0.0
99,24,False,False,0.27277541160583496,0.2326679229736328,0.0,0.0,9.979999542236328,0.6981857419013977,0.09973844885826111,-0.08631749451160431,0.04460929334163666,0.052513256669044495,0.02024141326546669,0.2171192467212677,-0.13219888508319855,1.2384692430496216,0.18515393137931824,0.027706550434231758,0.15820527076721191,>=0.15,False,False,True,False,False,False,False,False,False,0.0,0.0,0.0,0.0,0.0,0.0,0.02024141326546669,0.1773400455713272,0.0,0.0,0.0,0.0,0.0,0.0,0.04377893730998039,0.04470081999897957,0.027558643370866776,0.0,-0.02424977533519268,0.036237284541130066,0.043600160628557205,0.08612372726202011,0-2deg,0.00-0.04,0.0,0.0,0.0,0.0
100,25,False,False,0.26939448714256287,0.2504258453845978,0.0,0.0,9.979999542236328,0.8972665667533875,0.10143580287694931,-0.11605329066514969,-0.010569125413894653,0.011119911447167397,0.0474945604801178,0.21066856384277344,-0.10544834285974503,1.2813172340393066,0.10623674094676971,0.003456301521509886,0.24389652907848358,>=0.15,False,False,True,False,False,False,False,False,False,0.0,0.0,0.0,0.0,0.0,0.0,0.0474945604801178,0.18531984090805054,0.0,0.0,0.0,0.0,0.0,0.0,0.07325775921344757,-0.01059030182659626,0.0033908619079738855,0.0,-0.002745633712038398,-0.07228848338127136,0.07234075665473938,0.013730689883232117,0-2deg,0.00-0.04,0.0,0.0,0.0,0.0
101,28,False,False,0.25817811489105225,0.23181310296058655,0.0,0.0,9.979999542236328,0.381313294172287,0.07995235174894333,-0.010094648227095604,-0.05602544918656349,0.05902868136763573,0.021716374903917313,0.20246419310569763,0.04556301608681679,1.9230297803878784,0.36105579137802124,0.018588555976748466,0.11022436618804932,0.10-0.15,False,False,True,False,False,False,False,False,False,0.0,0.0,0.0,0.0,0.0,0.0,0.021716374903917313,0.173935666680336,0.0,0.0,0.0,0.0,0.0,0.0,0.06387684494256973,-0.05614844709634781,0.018213650211691856,0.0,0.010875796899199486,-0.06242970749735832,0.06336873769760132,0.026627710089087486,0-2deg,0.00-0.04,0.0,0.0,0.0,0.0
102,29,False,False,0.20667751133441925,0.18916137516498566,0.0,0.0,9.979999542236328,0.4796731173992157,0.08667385578155518,0.16478396952152252,-0.011074140667915344,0.027578385546803474,0.00954394694417715,0.15167178213596344,0.17598822712898254,1.1914576292037964,0.20704258978366852,0.02525728940963745,0.22134752571582794,>=0.15,False,False,True,False,False,False,False,False,False,0.0,0.0,0.0,0.0,0.0,0.0,0.00954394694417715,0.13352110981941223,0.0,0.0,0.0,0.0,0.0,0.0,0.07847555726766586,-0.011954592540860176,0.02485266700387001,0.0,0.06651298701763153,-0.019807083532214165,0.06939540803432465,0.026692796498537064,0-2deg,0.00-0.04,0.0,0.0,0.0,0.0
103,30,False,False,0.2920109033584595,0.20420143008232117,0.0,0.0,9.979999542236328,0.9214275479316711,0.09732601791620255,-0.02397041767835617,-0.07607106864452362,0.07869317382574081,0.0711963027715683,0.22842822968959808,0.05592906102538109,1.8821147680282593,0.15377487242221832,0.020144669339060783,0.19972315430641174,>=0.15,False,False,True,False,False,False,False,False,False,0.0,0.0,0.0,0.0,0.0,0.0,0.0711963027715683,0.14635854959487915,0.0,0.0,0.0,0.0,0.0,0.0,0.02863108552992344,-0.07544586062431335,0.02237270027399063,0.0,-0.01311037503182888,-0.02643212489783764,0.02950473502278328,0.06326732784509659,0-2deg,0.00-0.04,0.0,0.0006905339541845024,0.0,0.0
104,31,False,False,0.269538015127182,0.19335882365703583,0.0,0.0,9.979999542236328,0.8103734254837036,0.05646001547574997,-0.07939007133245468,0.013067260384559631,0.014475381001830101,0.04617268592119217,0.2106204330921173,-0.09350772947072983,1.5070703029632568,0.13239385187625885,0.0062276278622448444,0.21661190688610077,>=0.15,False,False,True,False,False,False,False,False,False,0.0,0.0,0.0,0.0,0.0,0.0,0.04617268592119217,0.13446514308452606,0.0,0.0,0.0,0.0,0.0,0.0,0.033797234296798706,0.012904556468129158,0.0065581295639276505,0.0,-0.03249361738562584,-0.005550052504986525,0.032963190227746964,0.04221973195672035,0-2deg,0.00-0.04,0.0,0.0,0.0,0.0
105,32,False,False,0.27917879819869995,0.27216988801956177,0.0,0.0,9.979999542236328,0.43762171268463135,0.10958722978830338,0.013058282434940338,0.029607482254505157,0.03197120875120163,0.054019495844841,0.21917712688446045,-0.014851165935397148,2.355412483215332,0.5024674534797668,0.012064630165696144,0.03576882928609848,0.00-0.05,False,False,True,False,False,False,False,False,False,0.0,0.0,0.0,0.0,0.0,0.0,0.054019495844841,0.21149179339408875,0.0,0.0,0.0,0.0,0.0,0.0,0.039581988006830215,0.02974817156791687,0.011713436804711819,0.0,0.022429274395108223,-0.0297662615776062,0.03726860508322716,0.054368745535612106,0-2deg,0.00-0.04,0.0,0.0,0.0,0.0
106,33,False,False,0.30400413274765015,0.2605529725551605,0.0,0.0,9.979999542236328,0.4050717353820801,0.09921953827142715,-0.06975684314966202,0.03890334069728851,0.04638934135437012,0.05251576006412506,0.24474520981311798,-0.11026351153850555,1.9869716167449951,0.35983186960220337,0.02526858076453209,0.030686696991324425,0.00-0.05,False,False,True,False,False,False,False,False,False,0.0,0.0,0.0,0.0,0.0,0.0,0.05251576006412506,0.19933250546455383,0.0,0.0,0.0,0.0,0.0,0.0,0.046408869326114655,0.03775733336806297,0.02695097029209137,0.0,0.026629306375980377,-0.03606463596224785,0.044827334582805634,0.03757435828447342,0-2deg,0.00-0.04,0.0,0.0,0.0,0.0
107,35,False,False,0.23995332419872284,0.21907444298267365,0.0,0.0,9.979999542236328,1.1694753170013428,0.08573273569345474,0.11776459217071533,-0.019671082496643066,0.033183373510837555,0.012903330847620964,0.18454886972904205,0.13736756145954132,1.6238131523132324,0.1483476608991623,0.026724234223365784,0.13824361562728882,0.10-0.15,False,False,True,False,False,False,False,False,False,0.0,0.0,0.0,0.0,0.0,0.0,0.012903330847620964,0.16174772381782532,0.0,0.0,0.0,0.0,0.0,0.0,0.07039142400026321,-0.020944776013493538,0.025738155469298363,0.0,-0.05657374858856201,0.04440850391983986,0.07190650701522827,0.006862599402666092,0-2deg,0.00-0.04,0.0,0.0,0.0,0.0
108,36,False,False,0.20336665213108063,0.20336665213108063,0.0,0.0,9.979999542236328,0.941332221031189,0.08541049063205719,0.12926504015922546,-0.009912177920341492,0.03546528145670891,0.00336111499927938,0.14834700524806976,0.13919585943222046,0.8388819694519043,0.08194828033447266,0.03405194729566574,0.1987076848745346,>=0.15,False,False,True,False,False,False,False,False,False,0.0,0.0,0.0,0.0,0.0,0.0,0.00336111499927938,0.14834700524806976,0.0,0.0,0.0,0.0,0.0,0.0,0.039456773549318314,-0.01063494011759758,0.033833183348178864,0.0,-0.039499230682849884,0.005057282745838165,0.03982076048851013,0.028652513399720192,0-2deg,0.00-0.04,0.0,0.0,0.0,0.0
109,37,False,False,0.27093201875686646,0.2703827917575836,0.0,0.0,9.979999542236328,0.5794004797935486,0.07102224975824356,0.0942659005522728,-0.023521237075328827,0.035605333745479584,0.05498466640710831,0.2105846107006073,0.11941559612751007,2.0478320121765137,0.37683942914009094,0.026729969307780266,0.058620255440473557,0.05-0.10,False,False,True,False,False,False,False,False,False,0.0,0.0,0.0,0.0,0.0,0.0,0.05498466640710831,0.2105846107006073,0.0,0.0,0.0,0.0,0.0,0.0,0.051880963146686554,-0.022110961377620697,0.027907799929380417,0.0,-0.050959356129169464,0.01590655744075775,0.05338219925761223,0.0312152411788702,0-2deg,0.00-0.04,0.0,0.0,0.0,0.0
110,38,False,False,0.21994736790657043,0.21994736790657043,0.0,0.0,9.979999542236328,0.6765872836112976,0.0980239287018776,0.08588122576475143,-0.06902455538511276,0.07697416841983795,0.0289614275097847,0.1631096750497818,0.15433081984519958,2.160553216934204,0.17792391777038574,0.03406807407736778,0.20655560493469238,>=0.15,False,False,True,False,False,False,False,False,False,0.0,0.0,0.0,0.0,0.0,0.0,0.0289614275097847,0.1631096750497818,0.0,0.0,0.0,0.0,0.0,0.0,0.036212239414453506,-0.0694197416305542,0.03325542062520981,0.0,-0.0008082690183073282,-0.032476264983415604,0.03248589485883713,0.05355428159236908,0-2deg,0.00-0.04,0.0,0.0,0.0,0.0
111,39,False,False,0.2697778344154358,0.2644883096218109,0.0,0.0,9.979999542236328,0.6713374853134155,0.07984964549541473,0.02948952279984951,-0.035824865102767944,0.03910747170448303,0.031999483704566956,0.21296869218349457,0.06553495675325394,1.9269682168960571,0.3872884213924408,0.01568353734910488,0.11296901106834412,0.10-0.15,False,False,True,False,False,False,False,False,False,0.0,0.0,0.0,0.0,0.0,0.0,0.031999483704566956,0.20526324212551117,0.0,0.0,0.0,0.0,0.0,0.0,0.023539548739790916,-0.03604010492563248,0.015182395465672016,0.0,-0.023299163207411766,-0.002239326946437359,0.023407498374581337,0.007797286845743656,0-2deg,0.00-0.04,0.0,0.0,0.0,0.0
112,40,False,False,0.30583953857421875,0.20818567276000977,0.0,0.0,9.979999542236328,0.4230823218822479,0.1034841537475586,-0.1285988986492157,-0.017926692962646484,0.019394222646951675,0.05243479833006859,0.24625523388385773,-0.11000215262174606,2.4179978370666504,0.519623339176178,0.007400646340101957,0.19826503098011017,>=0.15,False,False,True,False,False,False,False,False,False,0.0,0.0,0.0,0.0,0.0,0.0,0.05243479833006859,0.14916011691093445,0.0,0.0,0.0,0.0,0.0,0.0,0.04469546303153038,-0.017740335315465927,0.007836858741939068,0.0,0.02280047908425331,0.028154883533716202,0.03622705489397049,0.040534332394599915,0-2deg,0.00-0.04,0.0,0.0,0.0,0.0
113,43,False,False,0.2659948766231537,0.21918927133083344,0.0,0.0,9.979999542236328,1.0437836647033691,0.11338266730308533,-0.0661950334906578,-0.03200894966721535,0.032854873687028885,0.03882834315299988,0.2083081156015396,-0.0335540845990181,0.832307755947113,0.07766393572092056,0.007407416123896837,0.19693809747695923,>=0.15,False,False,True,False,False,False,False,False,False,0.0,0.0,0.0,0.0,0.0,0.0,0.03882834315299988,0.15988004207611084,0.0,0.0,0.0,0.0,0.0,0.0,0.030584130436182022,-0.03211524337530136,0.0069320909678936005,0.0,-0.014260825701057911,0.025271838530898094,0.029017828404903412,0.03988596424460411,0-2deg,0.00-0.04,0.0,0.0,0.0,0.0
114,44,False,False,0.2088726907968521,0.20479010045528412,0.0,0.0,9.979999542236328,0.46113985776901245,0.06589380651712418,0.15102159976959229,0.008559092879295349,0.02465200610458851,0.021250547841191292,0.15282243490219116,0.1416623592376709,1.5756312608718872,0.14501449465751648,0.023118464276194572,0.19659461081027985,>=0.15,False,False,True,False,False,False,False,False,False,0.0,0.0,0.0,0.0,0.0,0.0,0.021250547841191292,0.14684340357780457,0.0,0.0,0.0,0.0,0.0,0.0,0.03547541797161102,0.008078238926827908,0.02329084649682045,0.0,-0.030647780746221542,0.019384441897273064,0.03626159206032753,0.03760291635990143,0-2deg,0.00-0.04,0.0,0.0,0.0,0.0
115,45,False,False,0.29340964555740356,0.22653822600841522,0.0,0.0,9.979999542236328,0.8004913926124573,0.09586016833782196,-0.15130165219306946,-0.014467746019363403,0.02261495217680931,0.027938416227698326,0.23713944852352142,-0.13689136505126953,0.8125999569892883,0.07897291332483292,0.017381610348820686,0.12723581492900848,0.10-0.15,False,False,True,False,False,False,False,False,False,0.0,0.0,0.0,0.0,0.0,0.0,0.027938416227698326,0.1680714339017868,0.0,0.0,0.0,0.0,0.0,0.0,0.027000168338418007,-0.0148263368755579,0.01707676239311695,0.0,0.028116265311837196,0.010029599070549011,0.029850231483578682,0.02025286853313446,0-2deg,0.00-0.04,0.0,0.0,0.0,0.0
116,46,False,False,0.2664642333984375,0.2280549257993698,0.0,0.0,9.979999542236328,0.3966565728187561,0.05301294103264809,-0.05566519871354103,0.03277096524834633,0.03591207042336464,0.027052536606788635,0.21011559665203094,-0.08824746310710907,1.3414638042449951,0.08938100934028625,0.014688110910356045,0.14754150807857513,0.10-0.15,False,False,True,False,False,False,False,False,False,0.0,0.0,0.0,0.0,0.0,0.0,0.027052536606788635,0.1723579466342926,0.0,0.0,0.0,0.0,0.0,0.0,0.010686608031392097,0.03289008513092995,0.01441940851509571,0.0,0.0008855324704200029,0.011019308120012283,0.011053993366658688,0.010554291307926178,0-2deg,0.00-0.04,0.0,0.0,0.0,0.0
117,47,False,False,0.30182573199272156,0.2774196267127991,0.0,0.0,9.979999542236328,1.3182264566421509,0.10736677795648575,-0.04337967932224274,-0.03800324350595474,0.03822486102581024,0.0347907580435276,0.24470554292201996,-0.00580157246440649,1.8143893480300903,0.14607764780521393,0.004110185895115137,0.06170738488435745,0.05-0.10,False,False,True,False,False,False,False,False,False,0.0,0.0,0.0,0.0,0.0,0.0,0.0347907580435276,0.2160622775554657,0.0,0.0,0.0,0.0,0.0,0.0,0.07487276941537857,-0.037726812064647675,0.00615041283890605,0.0,0.07124686986207962,-0.001971805701032281,0.0712740421295166,0.022575045004487038,0-2deg,0.00-0.04,0.0,0.0,0.0,0.0
118,48,False,False,0.311720073223114,0.23098044097423553,0.0,0.0,9.979999542236328,0.919870913028717,0.09047584980726242,-0.07031158357858658,-0.05063510686159134,0.05126029625535011,0.043091822415590286,0.25348588824272156,-0.019827010110020638,1.7310158014297485,0.10574115067720413,0.007981471717357635,0.08310272544622421,0.05-0.10,False,False,True,False,False,False,False,False,False,0.0,0.0,0.0,0.0,0.0,0.0,0.043091822415590286,0.17215968668460846,0.0,0.0,0.0,0.0,0.0,0.0,0.06439115107059479,-0.05101311579346657,0.005027929786592722,0.0,0.044249821454286575,0.040500540286302567,0.059977203607559204,0.015611251816153526,0-2deg,0.00-0.04,0.0,0.0006905339541845024,0.0,0.0
119,50,False,False,0.23677432537078857,0.22780722379684448,0.0,0.0,9.979999542236328,0.7815262675285339,0.08068615198135376,0.13193485140800476,0.02489621192216873,0.04138847813010216,0.03154415637254715,0.17951597273349762,0.10724304616451263,1.1304683685302734,0.22434008121490479,0.03306334465742111,0.1438273787498474,0.10-0.15,False,False,True,False,False,False,False,False,False,0.0,0.0,0.0,0.0,0.0,0.0,0.03154415637254715,0.1727050244808197,0.0,0.0,0.0,0.0,0.0,0.0,0.06936704367399216,0.022635260596871376,0.03465041145682335,0.0,-0.06408791989088058,-0.019640345126390457,0.06702636927366257,0.009962793439626694,0-2deg,0.00-0.04,0.0,0.0,0.0,0.0
120,51,False,False,0.2864818274974823,0.238905131816864,0.0,0.0,9.979999542236328,0.38931259512901306,0.08100903779268265,-0.07352249324321747,-0.025179773569107056,0.025654764845967293,0.018052371218800545,0.2309693545103073,-0.048322610557079315,2.1375343799591064,0.28969570994377136,0.0049138558097183704,0.09462734311819077,0.05-0.10,False,False,True,False,False,False,False,False,False,0.0,0.0,0.0,0.0,0.0,0.0,0.018052371218800545,0.18207548558712006,0.0,0.0,0.0,0.0,0.0,0.0,0.022693747654557228,-0.025296853855252266,0.004270377568900585,0.0,-0.019525568932294846,-0.016416527330875397,0.025508420541882515,0.011512727476656437,0-2deg,0.00-0.04,0.0,0.0,0.0,0.0
121,53,False,False,0.27895960211753845,0.19295355677604675,0.0,0.0,9.979999542236328,0.41306236386299133,0.09504570066928864,-0.07296362519264221,-0.06189596280455589,0.06331666558980942,0.04817993938922882,0.21979844570159912,-0.012055912986397743,1.602744460105896,0.27879008650779724,0.013337538577616215,0.19059906899929047,>=0.15,False,False,True,False,False,False,False,False,False,0.0,0.0,0.0,0.0,0.0,0.0,0.04817993938922882,0.13591556251049042,0.0,0.0,0.0,0.0,0.0,0.0,0.03708096966147423,-0.06216498836874962,0.012021426111459732,0.0,0.017261991277337074,-0.029470523819327354,0.03415343537926674,0.02821766585111618,0-2deg,0.00-0.04,0.0,0.0,0.0,0.0
122,54,False,False,0.20355363190174103,0.19568531215190887,0.0,0.0,9.979999542236328,1.0444450378417969,0.1008891761302948,0.10398335754871368,0.038463667035102844,0.044081613421440125,0.008968934416770935,0.14841234683990479,0.06548484414815903,1.0329833030700684,0.09521458297967911,0.02153450809419155,0.19891348481178284,>=0.15,False,False,True,False,False,False,False,False,False,0.0,0.0,0.0,0.0,0.0,0.0,0.008968934416770935,0.13978956639766693,0.0,0.0,0.0,0.0,0.0,0.0,0.03319567069411278,0.03770579397678375,0.022835534065961838,0.0,0.03362901881337166,-0.008672965690493584,0.034729838371276855,0.01603267341852188,0-2deg,0.00-0.04,0.0,0.0,0.0,0.0
123,56,False,False,0.29376327991485596,0.20230846107006073,0.0,0.0,9.979999542236328,0.6923416256904602,0.0883190929889679,-0.08567526936531067,-0.05344482883810997,0.05826351419091225,0.05769302323460579,0.23312853276729584,-0.029943885281682014,0.9038112759590149,0.08907263725996017,0.023201020434498787,0.19828985631465912,>=0.15,False,False,True,False,False,False,False,False,False,0.0,0.0,0.0,0.0,0.0,0.0,0.05769302323460579,0.14367139339447021,0.0,0.0,0.0,0.0,0.0,0.0,0.01633390039205551,-0.0532006099820137,0.02375568076968193,0.0,0.0036716919858008623,0.010474304668605328,0.011097047477960587,0.05102410912513733,0-2deg,0.00-0.04,0.0,0.0,0.0,0.0
124,57,False,False,0.27723637223243713,0.23527833819389343,0.0,0.0,9.979999542236328,0.7633888125419617,0.09027377516031265,-0.06095373257994652,0.03858604282140732,0.05823858827352524,0.02387530356645584,0.22112374007701874,-0.09927195310592651,1.9569364786148071,0.3606027364730835,0.04362167418003082,0.10853468626737595,0.10-0.15,False,False,True,False,False,False,False,False,False,0.0,0.0,0.0,0.0,0.0,0.0,0.02387530356645584,0.17910200357437134,0.0,0.0,0.0,0.0,0.0,0.0,0.05087234824895859,0.037313446402549744,0.044715095311403275,0.0,-0.05489758774638176,0.00010300740541424602,0.05489782616496086,0.015086582861840725,0-2deg,0.00-0.04,0.0,0.0,0.0,0.0
125,58,False,False,0.19573011994361877,0.19573011994361877,0.0,0.0,9.979999542236328,0.4471389055252075,0.10727187991142273,0.15979687869548798,-0.05005861818790436,0.06496638059616089,0.010258322581648827,0.1405409723520279,0.2093532234430313,1.472049593925476,0.37043890357017517,0.04140973091125488,0.18003980815410614,>=0.15,False,False,True,False,False,False,False,False,False,0.0,0.0,0.0,0.0,0.0,0.0,0.010258322581648827,0.1405409723520279,0.0,0.0,0.0,0.0,0.0,0.0,0.05232958495616913,-0.04983018711209297,0.04168432950973511,0.0,-0.010144651867449284,-0.0390704907476902,0.040365029126405716,0.054395902901887894,0-2deg,0.00-0.04,0.0,0.0,0.0,0.0
126,59,False,False,0.3128109574317932,0.24880051612854004,0.0,0.0,9.979999542236328,0.44094938039779663,0.058098193258047104,-0.11516521871089935,0.013032883405685425,0.01799246110022068,0.050466448068618774,0.25368377566337585,-0.12610580027103424,0.6600162982940674,0.056200359016656876,0.012404540553689003,0.09956930577754974,0.05-0.10,False,False,True,False,False,False,False,False,False,0.0,0.0,0.0,0.0,0.0,0.0,0.050466448068618774,0.18934588134288788,0.0,0.0,0.0,0.0,0.0,0.0,0.020309561863541603,0.012855073437094688,0.012588716112077236,0.0,-0.017751116305589676,-0.010539739392697811,0.020644329488277435,0.05439239367842674,0-2deg,0.00-0.04,0.0,0.0006905339541845024,0.0,0.0
127,60,False,False,0.2472146600484848,0.2472146600484848,0.0,0.0,9.979999542236328,0.9282360076904297,0.08346948772668839,-0.017986653372645378,-0.05347120761871338,0.06687907129526138,0.049355730414390564,0.1873568296432495,0.034384604543447495,1.923557996749878,0.14492663741111755,0.040170133113861084,0.19260501861572266,>=0.15,False,False,True,False,False,False,False,False,False,0.0,0.0,0.0,0.0,0.0,0.0,0.049355730414390564,0.1873568296432495,0.0,0.0,0.0,0.0,0.0,0.0,0.04282612353563309,-0.052440792322158813,0.04150630161166191,0.0,-0.03712721914052963,0.01719062402844429,0.04091225564479828,0.0602387860417366,0-2deg,0.00-0.04,0.0,0.0,0.0,0.0
128,61,False,False,0.2538761794567108,0.21474672853946686,0.0,0.0,9.979999542236328,0.8331217765808105,0.09574610739946365,-0.13034357130527496,0.010725483298301697,0.015049077570438385,0.032611288130283356,0.1967921108007431,-0.14157068729400635,1.4278331995010376,0.23114025592803955,0.010556455701589584,0.21763664484024048,>=0.15,False,False,True,False,False,False,False,False,False,0.0,0.0,0.0,0.0,0.0,0.0,0.032611288130283356,0.15567255020141602,0.0,0.0,0.0,0.0,0.0,0.0,0.07707784324884415,0.010156909003853798,0.011104592122137547,0.0,0.036663029342889786,0.06790023297071457,0.07715289294719696,0.018971262499690056,0-2deg,0.00-0.04,0.0,0.0,0.0,0.0
129,62,False,False,0.27109241485595703,0.20307542383670807,0.0,0.0,9.979999542236328,0.5494508743286133,0.0913064256310463,-0.13724997639656067,-0.021172285079956055,0.0222163125872612,0.023309005424380302,0.2150084674358368,-0.1170911118388176,1.4322645664215088,0.23466965556144714,0.006730445194989443,0.18733492493629456,>=0.15,False,False,True,False,False,False,False,False,False,0.0,0.0,0.0,0.0,0.0,0.0,0.023309005424380302,0.146791011095047,0.0,0.0,0.0,0.0,0.0,0.0,0.04134713485836983,-0.021135399118065834,0.006845394149422646,0.0,0.03927318751811981,-0.02035173401236534,0.0442301370203495,0.044979725033044815,0-2deg,0.00-0.04,0.0,0.0,0.0,0.0
130,63,False,False,0.28230321407318115,0.1963823288679123,0.0,0.0,9.979999542236328,0.589667022228241,0.06895457953214645,-0.10491488128900528,0.03292675316333771,0.03890186548233032,0.04552922770380974,0.22344642877578735,-0.13592998683452606,0.9719977974891663,0.11591986566781998,0.02071675844490528,0.1735905408859253,>=0.15,False,False,True,False,False,False,False,False,False,0.0,0.0,0.0,0.0,0.0,0.0,0.04552922770380974,0.1412997990846634,0.0,0.0,0.0,0.0,0.0,0.0,0.07034649699926376,0.03133731335401535,0.02305055409669876,0.0,-0.0670296922326088,-0.0283452607691288,0.07276832312345505,0.044190965592861176,0-2deg,0.00-0.04,0.0,0.0,0.0,0.0
131,30,True,False,0.14748501777648926,0.14748501777648926,0.0,0.0,0.4399999976158142,2.7803761959075928,1.0830321311950684,-1.0408034324645996,-1.364954948425293,1.4617425203323364,0.14252251386642456,-0.012366662733256817,0.19362451136112213,0.5170419812202454,0.1864909529685974,0.5230576992034912,0.1391640305519104,0.10-0.15,True,True,False,True,False,True,False,True,True,0.14252251386642456,-1.3854385614395142,0.46610212326049805,4.625792980194092,4.625792980194092,0.0,0.14252251386642456,-0.012366662733256817,0.012366662733256817,0.04120684042572975,-0.00429945532232523,0.04143068194389343,0.007254465017467737,0.1398451328277588,0.1398451328277588,-1.3854385614395142,0.46610212326049805,0.046257928013801575,0.04120684042572975,-0.00429945532232523,0.04143068194389343,0.007254465017467737,2-4deg,0.00-0.04,0.0,0.0,0.0,0.0
132,59,True,False,0.15272611379623413,0.15272611379623413,0.0,0.0,0.4599999785423279,2.7216176986694336,1.0869261026382446,-0.23567909002304077,-0.13204903900623322,0.5704847574234009,0.15559417009353638,-0.016781354323029518,0.14180202782154083,0.5061770081520081,0.2377331703901291,0.5549917817115784,0.14702413976192474,0.10-0.15,True,True,False,True,False,False,False,True,True,0.15559417009353638,-0.11440114676952362,0.5588964223861694,0.4960409700870514,0.4960409700870514,0.0,0.15559417009353638,-0.016781354323029518,0.016781354323029518,-0.03048601560294628,0.03899569809436798,0.04949278384447098,0.008782461285591125,0.2293754667043686,0.2293754667043686,-0.11440114676952362,0.5588964223861694,0.004960409365594387,-0.03048601560294628,0.03899569809436798,0.04949278384447098,0.008782461285591125,2-4deg,0.00-0.04,0.0,0.0,0.0,0.0
133,1,True,False,0.14747567474842072,0.14747567474842072,0.0,0.0,0.47999998927116394,3.4119718074798584,1.6616133451461792,-0.2827257513999939,-0.589821994304657,0.7841851711273193,0.13244418799877167,-0.010960268788039684,-0.09376892447471619,0.6066687703132629,0.14250504970550537,0.5167750120162964,0.042972464114427567,0.00-0.05,True,True,False,True,False,True,False,True,True,0.13244418799877167,-0.590487003326416,0.5160150527954102,7.907476425170898,7.907476425170898,0.0,0.13244418799877167,-0.010960268788039684,0.010960268788039684,-0.01872730255126953,0.011313348077237606,0.021877942606806755,0.03331693261861801,0.25011754035949707,0.25011754035949707,-0.590487003326416,0.5160150527954102,0.07907476276159286,-0.01872730255126953,0.011313348077237606,0.021877942606806755,0.03331693261861801,0-2deg,0.00-0.04,0.0,0.0,0.0,0.0
134,26,False,False,0.3195531368255615,0.2868192493915558,0.0,0.0,9.979999542236328,1.1531556844711304,0.08349303901195526,0.11731863766908646,-0.022703498601913452,0.025085706263780594,0.08839627355337143,0.2517712712287903,0.13962186872959137,1.8226447105407715,0.10816902667284012,0.010669759474694729,0.15381814539432526,>=0.15,False,False,True,False,False,False,False,False,False,0.0,0.0,0.0,0.0,0.0,0.0,0.08839627355337143,0.2205636203289032,0.0,0.0,0.0,0.0,0.0,0.0,0.060807738453149796,-0.02282990701496601,0.010396534577012062,0.0,-0.01389930211007595,0.056150395423173904,0.05784311890602112,0.014733816497027874,0-2deg,0.00-0.04,0.0,0.0,0.0,0.0
135,44,True,False,0.13449789583683014,0.13449789583683014,0.0,0.0,0.5,2.834056854248047,1.173845648765564,0.25890451669692993,0.5058228969573975,0.7810236811637878,0.13174153864383698,-0.019299278035759926,-0.010628687217831612,0.5853819847106934,0.1919422298669815,0.5950976014137268,0.22857564687728882,>=0.15,True,True,False,True,False,True,False,True,True,0.13174153864383698,0.5410202145576477,0.5632895827293396,4.044990062713623,4.044990062713623,0.0,0.13174153864383698,-0.019299278035759926,0.019299278035759926,-0.00866246223449707,0.061278365552425385,0.06188688054680824,0.05650351569056511,0.24920372664928436,0.24920372664928436,0.5410202145576477,0.5632895827293396,0.040449898689985275,-0.00866246223449707,0.061278365552425385,0.06188688054680824,0.05650351569056511,2-4deg,0.04-0.08,0.0,0.0,0.0,0.0
136,55,False,False,0.27889326214790344,0.24435117840766907,0.0,0.0,9.979999542236328,0.4739580750465393,0.0812097042798996,-0.07103720307350159,0.011135384440422058,0.02936146780848503,0.03572046756744385,0.22175420820713043,-0.07983943074941635,1.5094705820083618,0.3338482677936554,0.027167977765202522,0.11206071078777313,0.10-0.15,False,False,True,False,False,False,False,False,False,0.0,0.0,0.0,0.0,0.0,0.0,0.03572046756744385,0.1880262941122055,0.0,0.0,0.0,0.0,0.0,0.0,0.03374780714511871,0.01170868705958128,0.026925869286060333,0.0,0.017765624448657036,-0.02020002342760563,0.026900632306933403,0.06648942083120346,0-2deg,0.00-0.04,0.0,0.0006905339541845024,0.0,0.0
137,2,False,False,0.22988508641719818,0.22988508641719818,0.0,0.0,9.979999542236328,0.5136701464653015,0.0760357454419136,0.11786439269781113,-0.024342991411685944,0.027174804359674454,0.02642468549311161,0.17331793904304504,0.14187543094158173,1.689947485923767,0.16819219291210175,0.012078444473445415,0.1642567366361618,>=0.15,False,False,True,False,False,False,False,False,False,0.0,0.0,0.0,0.0,0.0,0.0,0.02642468549311161,0.17331793904304504,0.0,0.0,0.0,0.0,0.0,0.0,0.018542099744081497,-0.024179643020033836,0.012402215972542763,0.0,-0.013359546661376953,-0.0007367599755525589,0.013381144031882286,0.01803753152489662,0-2deg,0.00-0.04,0.0,0.0,0.0,0.0
138,49,False,False,0.2435818612575531,0.22277964651584625,0.0,0.0,9.979999542236328,1.3148698806762695,0.10752720385789871,0.0627879872918129,0.06727416068315506,0.07175789028406143,0.03512217476963997,0.18608495593070984,-0.0038912747986614704,1.8763056993484497,0.12686751782894135,0.024967629462480545,0.12488440424203873,0.10-0.15,False,False,True,False,False,False,False,False,False,0.0,0.0,0.0,0.0,0.0,0.0,0.03512217476963997,0.16523326933383942,0.0,0.0,0.0,0.0,0.0,0.0,0.04087289050221443,0.06798026710748672,0.022975604981184006,0.0,-0.011111742816865444,0.03038802370429039,0.03235534206032753,0.05113842338323593,0-2deg,0.00-0.04,0.0,0.0,0.0,0.0
139,14,False,False,0.30373379588127136,0.27610573172569275,0.0,0.0,9.979999542236328,0.5979307293891907,0.0774877741932869,-0.10758409649133682,0.002208493649959564,0.014925622381269932,0.037787195295095444,0.24635381996631622,-0.10969739407300949,1.4151208400726318,0.2269323617219925,0.014761325903236866,0.10074375569820404,0.10-0.15,False,False,True,False,False,False,False,False,False,0.0,0.0,0.0,0.0,0.0,0.0,0.037787195295095444,0.2140730321407318,0.0,0.0,0.0,0.0,0.0,0.0,0.006721643265336752,0.0022809216752648354,0.014750308357179165,0.0,-0.004281800240278244,-0.0025455669965595007,0.004979516379535198,0.002668436150997877,0-2deg,0.00-0.04,0.0,0.0,0.0,0.0
140,52,False,False,0.2078125774860382,0.2078125774860382,0.0,0.0,9.960000038146973,0.683443009853363,0.12488164007663727,0.15745127201080322,-0.031190425157546997,0.06752464920282364,0.05007924512028694,0.1474282443523407,0.18739110231399536,1.5012617111206055,0.3477762043476105,0.05988936126232147,0.2035961002111435,>=0.15,True,True,False,False,False,False,False,False,False,0.0,0.0,0.0,0.0,0.0,0.0,0.05007924512028694,0.1474282443523407,0.0,0.0,0.0,0.0,0.0,0.0,0.07645607739686966,-0.03534521907567978,0.05753515288233757,0.0,0.01848921738564968,-0.06828130036592484,0.0707363486289978,0.030241457745432854,0-2deg,0.00-0.04,0.0,0.0006905339541845024,0.0,0.0
141,34,False,False,0.26430609822273254,0.25351476669311523,0.0,0.0,9.979999542236328,0.9065059423446655,0.11526307463645935,0.11409322172403336,0.05291534960269928,0.057107292115688324,0.05910475552082062,0.2025575041770935,0.06145383417606354,0.8690284490585327,0.0848754346370697,0.021475769579410553,0.09935956448316574,0.05-0.10,False,False,True,False,False,False,False,False,False,0.0,0.0,0.0,0.0,0.0,0.0,0.05910475552082062,0.19195693731307983,0.0,0.0,0.0,0.0,0.0,0.0,0.010951061733067036,0.052926573902368546,0.02144809067249298,0.0,0.007526273373514414,0.006191421765834093,0.009747335687279701,0.008744115941226482,0-2deg,0.00-0.04,0.0,0.0,0.0,0.0
142,4,False,False,0.2181534618139267,0.188827782869339,0.0,0.0,9.979999542236328,1.249622106552124,0.10317353904247284,0.05091442912817001,0.06069340929389,0.06782910227775574,0.03076064959168434,0.16089241206645966,-0.007753107231110334,2.074974536895752,0.15399065613746643,0.030283614993095398,0.1864887773990631,>=0.15,False,False,True,False,False,False,False,False,False,0.0,0.0,0.0,0.0,0.0,0.0,0.03076064959168434,0.1339121013879776,0.0,0.0,0.0,0.0,0.0,0.0,0.07449091225862503,0.05886482819914818,0.03370043262839317,0.0,-0.04209275171160698,0.06142999604344368,0.0744524672627449,0.07049288600683212,0-2deg,0.00-0.04,0.0,0.0,0.0,0.0
143,16,True,False,0.23954705893993378,0.0719153955578804,0.0,0.0,1.3600000143051147,3.045367956161499,0.5028490424156189,-0.0008391593000851572,-0.14656227827072144,0.21781405806541443,0.23705409467220306,-0.01967662200331688,0.1537456065416336,1.1006397008895874,0.22806109488010406,0.16112872958183289,0.15696096420288086,>=0.15,True,True,False,True,False,False,False,True,True,0.06262621283531189,0.2786468267440796,0.6873655319213867,1.0790302753448486,1.0790302753448486,0.0,0.23705409467220306,-0.020033612847328186,0.020033612847328186,-0.0392364040017128,0.06926561146974564,0.07959137111902237,0.030748650431632996,0.06391139328479767,0.006486988626420498,-0.15382222831249237,0.15421314537525177,0.01079030241817236,-0.05386259779334068,0.04813183844089508,0.07221943140029907,0.03837531432509422,4-6deg,0.00-0.04,0.0,0.0,0.0,0.0
144,42,False,False,0.29395994544029236,0.29395994544029236,0.0,0.0,9.979999542236328,0.40057846903800964,0.10514719039201736,0.07933560758829117,-0.07594532519578934,0.0820453092455864,0.0728195309638977,0.23002366721630096,0.15526705980300903,1.9922370910644531,0.36640334129333496,0.031044170260429382,0.1543695479631424,>=0.15,False,False,True,False,False,False,False,False,False,0.0,0.0,0.0,0.0,0.0,0.0,0.0728195309638977,0.23002366721630096,0.0,0.0,0.0,0.0,0.0,0.0,0.027628710493445396,-0.07623085379600525,0.030336296185851097,0.0,0.023581329733133316,0.001026321086101234,0.023602772504091263,0.0007266420288942754,0-2deg,0.00-0.04,0.0,0.0,0.0,0.0
145,34,True,False,0.1808355301618576,0.1808355301618576,0.0,0.0,0.47999998927116394,3.4027669429779053,1.7030669450759888,-1.1492890119552612,-1.307590126991272,1.3953293561935425,0.1719655841588974,0.0015687476843595505,-0.09138038009405136,0.3842340409755707,0.09786676615476608,0.48698246479034424,0.024725453928112984,0.00-0.05,True,True,False,True,False,True,False,True,True,0.1719655841588974,-1.3083723783493042,0.48487699031829834,5.180878639221191,5.180878639221191,0.0,0.1719655841588974,0.0015687476843595505,0.0,0.0052559869363904,-0.002373360563069582,0.005767103750258684,0.057664450258016586,0.45743656158447266,0.45743656158447266,-1.3083723783493042,0.48487699031829834,0.051808785647153854,0.0052559869363904,-0.002373360563069582,0.005767103750258684,0.057664450258016586,0-2deg,0.04-0.08,0.0,0.0,0.0,0.0
146,27,False,False,0.22080381214618683,0.22054648399353027,0.0,0.0,9.979999542236328,0.34685832262039185,0.06825032085180283,0.10380030423402786,0.00885995477437973,0.024075822904706,0.032083138823509216,0.16380921006202698,0.09551210701465607,0.6997693777084351,0.09448673576116562,0.022386301308870316,0.15367211401462555,>=0.15,False,False,True,False,False,False,False,False,False,0.0,0.0,0.0,0.0,0.0,0.0,0.032083138823509216,0.1632702350616455,0.0,0.0,0.0,0.0,0.0,0.0,0.06029357761144638,0.00838905107229948,0.022566992789506912,0.0,-0.002424802165478468,0.05698440223932266,0.0570363886654377,0.017884736880660057,0-2deg,0.00-0.04,0.0,0.0,0.0,0.0
147,16,True,False,0.23809011280536652,0.23809011280536652,0.0,0.0,1.1999999284744263,2.582503318786621,0.5962194800376892,0.6983426809310913,0.5611347556114197,0.562771737575531,0.23151084780693054,-0.022076768800616264,0.10898911952972412,0.7730970978736877,0.36776071786880493,0.04289296641945839,0.1800992786884308,>=0.15,True,True,False,True,False,True,False,True,True,0.23151084780693054,0.5605047345161438,0.050462428480386734,4.521120548248291,4.521120548248291,0.0,0.23151084780693054,-0.022076768800616264,0.022076768800616264,-5.475889702211134e-05,-0.015090988017618656,0.015089535154402256,0.013452671468257904,0.17711123824119568,0.17711123824119568,0.5605047345161438,0.050462428480386734,0.04521120339632034,-5.475889702211134e-05,-0.015090988017618656,0.015089535154402256,0.013452671468257904,0-2deg,0.00-0.04,0.0,0.0,0.0,0.0
148,40,False,False,2.6610865592956543,0.7537518739700317,0.0,0.0,3.619999885559082,3.753871440887451,0.5922298431396484,-3.790050983428955,-3.744497537612915,6.654006481170654,2.6922152042388916,-0.0023561734706163406,-0.11491768062114716,6.935755252838135,3.7573275566101074,5.500412464141846,0.22224408388137817,>=0.15,True,True,False,False,False,False,False,True,False,0.0,0.0,0.0,0.0,0.0,0.0,2.6922152042388916,-0.0023561734706163406,0.0023561734706163406,0.0,0.0,0.0,0.0,0.0,1.1103947162628174,-3.7668488025665283,5.4851298332214355,0.0,-0.011485808528959751,-0.007954828441143036,0.013969565741717815,0.04688013717532158,0-2deg,0.00-0.04,0.0,0.0,0.0,0.0
149,17,False,False,0.3229314684867859,0.22298869490623474,0.0,0.0,9.979999542236328,1.0945693254470825,0.09722717106342316,-0.16101787984371185,0.01354128122329712,0.048783931881189346,0.03903371840715408,0.26561492681503296,-0.17610983550548553,1.6152559518814087,0.1248820424079895,0.04686689376831055,0.05698337405920029,0.05-0.10,False,False,True,False,False,False,False,False,False,0.0,0.0,0.0,0.0,0.0,0.0,0.03903371840715408,0.16457988321781158,0.0,0.0,0.0,0.0,0.0,0.0,0.03542328253388405,0.012527553364634514,0.04714798182249069,0.0,0.01700481027364731,0.03400756046175957,0.03802087530493736,0.07222320139408112,0-2deg,0.00-0.04,0.0,0.0,0.0,0.0
150,41,False,False,0.2684704065322876,0.2212548851966858,0.0,0.0,9.859999656677246,1.1680021286010742,0.10001377016305923,-0.08175445348024368,-0.04393745958805084,0.047840286046266556,0.04601423814892769,0.20992065966129303,-0.03946647420525551,1.6989408731460571,0.23671336472034454,0.018925974145531654,0.20250630378723145,>=0.15,True,True,False,False,False,False,False,False,False,0.0,0.0,0.0,0.0,0.0,0.0,0.04601423814892769,0.16450364887714386,0.0,0.0,0.0,0.0,0.0,0.0,0.06234106793999672,-0.044226787984371185,0.01823962852358818,0.0,0.05562206357717514,-0.020613929256796837,0.0593152716755867,0.04662768542766571,0-2deg,0.00-0.04,0.0,0.0,0.0,0.0
151,11,False,False,0.22477416694164276,0.21376562118530273,0.0,0.0,9.59999942779541,0.7554309964179993,0.08613649010658264,0.047546062618494034,-0.05164271220564842,0.056556545197963715,0.050579361617565155,0.16408193111419678,0.09764479845762253,0.7807865142822266,0.07245790958404541,0.02305804006755352,0.25578010082244873,>=0.15,True,True,False,False,False,False,False,False,False,0.0,0.0,0.0,0.0,0.0,0.0,0.050579361617565155,0.15315313637256622,0.0,0.0,0.0,0.0,0.0,0.0,0.009599452838301659,-0.0517580583691597,0.02279794029891491,0.0,0.007758366875350475,-0.0015600982587784529,0.007911080494523048,0.030443625524640083,0-2deg,0.00-0.04,0.0,0.0,0.0,0.0
152,58,False,False,0.27143844962120056,0.21620042622089386,0.0,0.0,9.619999885559082,0.5975108742713928,0.0838656947016716,-0.09351013600826263,0.023407936096191406,0.03390473499894142,0.04533935338258743,0.21248474717140198,-0.11749494075775146,1.202340841293335,0.22412635385990143,0.024527527391910553,0.22431997954845428,>=0.15,True,True,False,False,False,False,False,False,False,0.0,0.0,0.0,0.0,0.0,0.0,0.04533935338258743,0.15941734611988068,0.0,0.0,0.0,0.0,0.0,0.0,0.03487031161785126,0.022971857339143753,0.02493641898036003,0.0,0.02997596561908722,-0.023558592423796654,0.03812422603368759,0.01358750555664301,0-2deg,0.00-0.04,0.0,0.0,0.0,0.0
153,12,False,False,0.21706992387771606,0.21706992387771606,0.0,0.0,9.979999542236328,0.9140383005142212,0.10118967294692993,0.1479794830083847,-0.01918092370033264,0.030931703746318817,0.015439197421073914,0.16165511310100555,0.16635455191135406,1.761028528213501,0.33840399980545044,0.02426648885011673,0.1476592719554901,0.10-0.15,False,False,True,False,False,False,False,False,False,0.0,0.0,0.0,0.0,0.0,0.0,0.015439197421073914,0.16165511310100555,0.0,0.0,0.0,0.0,0.0,0.0,0.04656663164496422,-0.01849954202771187,0.02478986419737339,0.0,0.024746423587203026,-0.03664058446884155,0.044211260974407196,0.05557570233941078,0-2deg,0.00-0.04,0.0,0.0,0.0,0.0
154,32,False,False,0.1945856511592865,0.18624863028526306,0.0,0.0,9.819999694824219,1.2411192655563354,0.11502879858016968,0.12486890703439713,0.0416746586561203,0.04231199249625206,0.016230447217822075,0.13892732560634613,0.08300977200269699,2.0823230743408203,0.2867405414581299,0.007316254079341888,0.23924344778060913,>=0.15,True,True,False,False,False,False,False,False,False,0.0,0.0,0.0,0.0,0.0,0.0,0.016230447217822075,0.1295793652534485,0.0,0.0,0.0,0.0,0.0,0.0,0.021440349519252777,0.04167453572154045,0.00731696467846632,0.0,-0.01777603290975094,-0.0006179650663398206,0.017787350341677666,0.020242895931005478,0-2deg,0.00-0.04,0.0,0.0,0.0,0.0
155,0,False,False,0.2910960614681244,0.24934493005275726,0.0,0.0,9.979999542236328,0.4470817744731903,0.0952267050743103,-0.12836475670337677,0.0012440085411071777,0.015418252907693386,0.02710004895925522,0.2350812405347824,-0.12957510352134705,1.6064000129699707,0.35620182752609253,0.015367984771728516,0.11790857464075089,0.10-0.15,False,False,True,False,False,False,False,False,False,0.0,0.0,0.0,0.0,0.0,0.0,0.02710004895925522,0.1921996772289276,0.0,0.0,0.0,0.0,0.0,0.0,0.06417403370141983,0.000858651997987181,0.015394325368106365,0.0,-0.0030299993231892586,-0.06294730305671692,0.06302047520875931,0.0019531373400241137,0-2deg,0.00-0.04,0.0,0.0,0.0,0.0
156,3,False,False,0.26034417748451233,0.2076546847820282,0.0,0.0,9.979999542236328,1.5745805501937866,0.10942603647708893,-0.045212339609861374,-0.0263141468167305,0.028361693024635315,0.0003172727592755109,0.20536640286445618,-0.018939409404993057,1.8269091844558716,0.16003930568695068,0.010580704547464848,0.16543810069561005,>=0.15,False,False,True,False,False,False,False,False,False,0.0,0.0,0.0,0.0,0.0,0.0,0.0003172727592755109,0.1525334268808365,0.0,0.0,0.0,0.0,0.0,0.0,0.03880620747804642,-0.026692066341638565,0.009587451815605164,0.0,0.01186385191977024,-0.0376175157725811,0.03944316878914833,0.05324072018265724,0-2deg,0.00-0.04,0.0,0.0,0.0,0.0
157,5,False,False,0.23051097989082336,0.2297396957874298,0.0,0.0,9.979999542236328,0.4470655918121338,0.08769503980875015,0.10659188032150269,0.009264789521694183,0.03332948684692383,0.029543325304985046,0.17380867898464203,0.09768564999103546,1.8098727464675903,0.3432176411151886,0.032015908509492874,0.10989256948232651,0.10-0.15,False,False,True,False,False,False,False,False,False,0.0,0.0,0.0,0.0,0.0,0.0,0.029543325304985046,0.17294302582740784,0.0,0.0,0.0,0.0,0.0,0.0,0.0391731895506382,0.009015059098601341,0.03208712115883827,0.0,-0.03526115417480469,0.013918126933276653,0.03790780156850815,0.056180644780397415,0-2deg,0.00-0.04,0.0,0.0,0.0,0.0
158,6,False,False,0.31592491269111633,0.25259101390838623,0.0,0.0,9.979999542236328,1.0176719427108765,0.10711545497179031,-0.11065483093261719,-0.023848243057727814,0.02682952582836151,0.03316003084182739,0.2592383921146393,-0.0869697853922844,1.4647777080535889,0.20975501835346222,0.01229165494441986,0.027296803891658783,0.00-0.05,False,False,True,False,False,False,False,False,False,0.0,0.0,0.0,0.0,0.0,0.0,0.03316003084182739,0.193603515625,0.0,0.0,0.0,0.0,0.0,0.0,0.060892026871442795,-0.024537522345781326,0.010850504972040653,0.0,0.059438787400722504,-0.0040986137464642525,0.05958012118935585,0.03696518763899803,0-2deg,0.00-0.04,0.0,0.0,0.0,0.0
159,7,False,False,0.2272760421037674,0.2266208380460739,0.0,0.0,9.979999542236328,0.43643978238105774,0.0770280659198761,0.1239955946803093,-0.009179860353469849,0.010706895962357521,0.018123913556337357,0.17153705656528473,0.13302446901798248,0.8917109370231628,0.11557722091674805,0.005510698072612286,0.16609200835227966,>=0.15,False,False,True,False,False,False,False,False,False,0.0,0.0,0.0,0.0,0.0,0.0,0.018123913556337357,0.16899167001247406,0.0,0.0,0.0,0.0,0.0,0.0,0.038395363837480545,-0.009065835736691952,0.00569633673876524,0.0,-0.038496315479278564,0.0009329062886536121,0.03850700333714485,0.027533210813999176,0-2deg,0.00-0.04,0.0,0.0,0.0,0.0
160,8,False,False,0.3027615547180176,0.2817840278148651,0.0,0.0,9.979999542236328,0.5501217246055603,0.09157123416662216,-0.015141136012971401,-0.0680604800581932,0.06832181662321091,0.06349176168441772,0.24101944267749786,0.05324932187795639,1.226794958114624,0.17388099431991577,0.005970081780105829,0.14673630893230438,0.10-0.15,False,False,True,False,False,False,False,False,False,0.0,0.0,0.0,0.0,0.0,0.0,0.06349176168441772,0.21701039373874664,0.0,0.0,0.0,0.0,0.0,0.0,0.0015822122804820538,-0.06802931427955627,0.006315338890999556,0.0,-0.002034749137237668,0.005786617752164602,0.006137609947472811,0.0066482857801020145,0-2deg,0.00-0.04,0.0,0.0,0.0,0.0
161,9,False,False,0.20900999009609222,0.20900999009609222,0.0,0.0,9.979999542236328,0.7206153869628906,0.10411196202039719,0.08694538474082947,-0.04253748804330826,0.05294541269540787,0.04255884513258934,0.14977777004241943,0.1294812262058258,2.1495330333709717,0.43311530351638794,0.031524259597063065,0.2424445003271103,>=0.15,False,False,True,False,False,False,False,False,False,0.0,0.0,0.0,0.0,0.0,0.0,0.04255884513258934,0.14977777004241943,0.0,0.0,0.0,0.0,0.0,0.0,0.042158227413892746,-0.04288981109857559,0.03104320727288723,0.0,0.035034582018852234,0.019100932404398918,0.03990153223276138,0.013642505742609501,0-2deg,0.00-0.04,0.0,0.0,0.0,0.0
162,10,False,False,0.307890385389328,0.2441173493862152,0.0,0.0,9.979999542236328,0.8305433988571167,0.08023162931203842,-0.09489412605762482,-0.004112817347049713,0.03335064277052879,0.03887052461504936,0.2506522536277771,-0.09045621752738953,0.80730801820755,0.12756425142288208,0.0330960713326931,0.05965643376111984,0.05-0.10,False,False,True,False,False,False,False,False,False,0.0,0.0,0.0,0.0,0.0,0.0,0.03887052461504936,0.18674565851688385,0.0,0.0,0.0,0.0,0.0,0.0,0.07311265170574188,-0.00627322681248188,0.03275533393025398,0.0,0.06530879437923431,0.018391840159893036,0.06784544885158539,0.034165799617767334,0-2deg,0.00-0.04,0.0,0.0,0.0,0.0
163,13,False,False,0.23237882554531097,0.2121926099061966,0.0,0.0,9.979999542236328,0.8578731417655945,0.08169884979724884,0.11937874555587769,-0.033657751977443695,0.038414642214775085,0.04615146666765213,0.17288249731063843,0.15449149906635284,1.4303375482559204,0.09581039845943451,0.018515950068831444,0.16525809466838837,>=0.15,False,False,True,False,False,False,False,False,False,0.0,0.0,0.0,0.0,0.0,0.0,0.04615146666765213,0.15633141994476318,0.0,0.0,0.0,0.0,0.0,0.0,0.018046844750642776,-0.03368707746267319,0.01846254989504814,0.0,0.008030612953007221,-0.013088184408843517,0.015355800278484821,0.033609457314014435,0-2deg,0.00-0.04,0.0,0.0,0.0,0.0
164,15,False,False,0.2502547800540924,0.24682612717151642,0.0,0.0,9.979999542236328,0.45999106764793396,0.08386369794607162,0.08135106414556503,0.016140364110469818,0.0172941442579031,0.04252166673541069,0.1916799545288086,0.06558461487293243,1.6415786743164062,0.3645470440387726,0.006210962310433388,0.09088603407144547,0.05-0.10,False,False,True,False,False,False,False,False,False,0.0,0.0,0.0,0.0,0.0,0.0,0.04252166673541069,0.1893128901720047,0.0,0.0,0.0,0.0,0.0,0.0,0.015479517169296741,0.01607626862823963,0.0063750287517905235,0.0,0.014229072257876396,-0.0002979268610943109,0.014231654815375805,0.03838370367884636,0-2deg,0.00-0.04,0.0,0.0,0.0,0.0
165,18,False,False,0.24467980861663818,0.22446894645690918,0.0,0.0,9.979999542236328,0.6956807374954224,0.07821352779865265,0.03754941374063492,0.02602659910917282,0.02777918055653572,0.0270561333745718,0.18816062808036804,0.01163942925632,1.7286698818206787,0.17243871092796326,0.00971076637506485,0.1601799726486206,>=0.15,False,False,True,False,False,False,False,False,False,0.0,0.0,0.0,0.0,0.0,0.0,0.0270561333745718,0.1680956333875656,0.0,0.0,0.0,0.0,0.0,0.0,0.027894973754882812,0.026193417608737946,0.009251364506781101,0.0,-0.004258792381733656,-0.02824990078806877,0.028568554669618607,0.004392585717141628,0-2deg,0.00-0.04,0.0,0.0,0.0,0.0
166,19,False,False,0.2235988825559616,0.203892782330513,0.0,0.0,9.979999542236328,0.5919944047927856,0.07317936420440674,0.07426168769598007,-0.03438246250152588,0.03612504526972771,0.058439239859580994,0.16110771894454956,0.10980869829654694,0.5023464560508728,0.0663231685757637,0.011084454134106636,0.2614215016365051,>=0.15,False,False,True,False,False,False,False,False,False,0.0,0.0,0.0,0.0,0.0,0.0,0.058439239859580994,0.14480336010456085,0.0,0.0,0.0,0.0,0.0,0.0,0.028819933533668518,-0.03462526202201843,0.010300962254405022,0.0,0.027094770222902298,-0.0006881122826598585,0.027103736996650696,0.02026430331170559,0-2deg,0.00-0.04,0.0,0.0,0.0,0.0
167,20,False,False,0.23135311901569366,0.2208489179611206,0.0,0.0,9.979999542236328,0.9771743416786194,0.09427633136510849,0.1381191462278366,-0.00251711905002594,0.02746211551129818,0.046173159033060074,0.17192919552326202,0.1408209502696991,0.7512246966362,0.07147527486085892,0.02734651416540146,0.14333942532539368,0.10-0.15,False,False,True,False,False,False,False,False,False,0.0,0.0,0.0,0.0,0.0,0.0,0.046173159033060074,0.16539497673511505,0.0,0.0,0.0,0.0,0.0,0.0,0.0778220146894455,-0.0004395967407617718,0.027458595111966133,0.0,0.03191928192973137,-0.06899038702249527,0.07600605487823486,0.01265880186110735,0-2deg,0.00-0.04,0.0,0.0,0.0,0.0
168,21,False,False,0.2719091475009918,0.265580952167511,0.0,0.0,9.979999542236328,0.590531051158905,0.062306977808475494,0.1041233167052269,0.0028944388031959534,0.028037486597895622,0.051561836153268814,0.21177470684051514,0.10222754627466202,1.4282835721969604,0.12983885407447815,0.027887683361768723,0.06064926087856293,0.05-0.10,False,False,True,False,False,False,False,False,False,0.0,0.0,0.0,0.0,0.0,0.0,0.051561836153268814,0.2045663446187973,0.0,0.0,0.0,0.0,0.0,0.0,0.04949760064482689,0.0016376173589378595,0.027989620342850685,0.0,-0.04939503222703934,0.00038856410537846386,0.04939630627632141,0.028139781206846237,0-2deg,0.00-0.04,0.0,0.0,0.0,0.0
169,22,False,False,0.23835819959640503,0.21930937469005585,0.0,0.0,9.979999542236328,0.8237111568450928,0.09841690957546234,0.12521903216838837,-0.04841284453868866,0.054390083998441696,0.009905909188091755,0.18312308192253113,0.173304945230484,0.6148355007171631,0.08406713604927063,0.024788662791252136,0.12206463515758514,0.10-0.15,False,False,True,False,False,False,False,False,False,0.0,0.0,0.0,0.0,0.0,0.0,0.009905909188091755,0.16112102568149567,0.0,0.0,0.0,0.0,0.0,0.0,0.04272018373012543,-0.048786815255880356,0.02404429391026497,0.0,-0.04090248420834541,0.006384857464581728,0.0413975715637207,0.050979629158973694,0-2deg,0.00-0.04,0.0,0.0,0.0,0.0
170,23,False,False,0.2318698763847351,0.21188116073608398,0.0,0.0,9.979999542236328,1.2945306301116943,0.08886240422725677,0.06523951143026352,-0.026239924132823944,0.02851027064025402,0.04393453896045685,0.17278486490249634,0.09201797842979431,2.2116622924804688,0.11585894227027893,0.011149081401526928,0.21294334530830383,>=0.15,False,False,True,False,False,False,False,False,False,0.0,0.0,0.0,0.0,0.0,0.0,0.04393453896045685,0.15666858851909637,0.0,0.0,0.0,0.0,0.0,0.0,0.01649368740618229,-0.026342865079641342,0.010903624817728996,0.0,-0.006037124898284674,0.014450086280703545,0.015659455209970474,0.015986548736691475,0-2deg,0.00-0.04,0.0,0.0,0.0,0.0
171,24,False,False,0.26828286051750183,0.2087588608264923,0.0,0.0,9.979999542236328,0.4981866180896759,0.08880910277366638,-0.01059831865131855,-0.04052532836794853,0.04269196093082428,0.05213380604982376,0.2078753411769867,0.030425388365983963,2.1452314853668213,0.25939813256263733,0.01342762354761362,0.20102493464946747,>=0.15,False,False,True,False,False,False,False,False,False,0.0,0.0,0.0,0.0,0.0,0.0,0.05213380604982376,0.15251187980175018,0.0,0.0,0.0,0.0,0.0,0.0,0.05927000939846039,-0.04125922545790672,0.010967211797833443,0.0,-0.06162417307496071,-0.00511586619541049,0.06183578073978424,0.009987005032598972,0-2deg,0.00-0.04,0.0,0.0,0.0,0.0
172,25,False,False,0.2577405571937561,0.20480574667453766,0.0,0.0,9.979999542236328,0.5514014959335327,0.07410264015197754,-0.07818761467933655,0.07290995121002197,0.07539372891187668,0.02147657610476017,0.20209266245365143,-0.15104255080223083,0.5218828916549683,0.060413651168346405,0.01919252797961235,0.191013902425766,>=0.15,False,False,True,False,False,False,False,False,False,0.0,0.0,0.0,0.0,0.0,0.0,0.02147657610476017,0.14835910499095917,0.0,0.0,0.0,0.0,0.0,0.0,0.0657849982380867,0.07308180630207062,0.018527362495660782,0.0,0.007367995567619801,0.07081402838230133,0.0711953192949295,0.010871482081711292,0-2deg,0.00-0.04,0.0,0.0,0.0,0.0
173,28,False,False,0.3004768490791321,0.2606620490550995,0.0,0.0,9.979999542236328,0.42089006304740906,0.07827165722846985,-0.0681665688753128,-0.04880081117153168,0.055194977670907974,0.0479540079832077,0.24190501868724823,-0.01727331057190895,1.6134893894195557,0.3742261826992035,0.02578694187104702,0.09350933879613876,0.05-0.10,False,False,True,False,False,False,False,False,False,0.0,0.0,0.0,0.0,0.0,0.0,0.0479540079832077,0.19764652848243713,0.0,0.0,0.0,0.0,0.0,0.0,0.0812048465013504,-0.04694656282663345,0.02902594581246376,0.0,-0.03405775502324104,-0.05867547169327736,0.06783401966094971,0.046074386686086655,0-2deg,0.00-0.04,0.0,0.0006905339541845024,0.0,0.0
174,29,False,False,0.24748438596725464,0.23384249210357666,0.0,0.0,9.979999542236328,0.9991258382797241,0.09397219121456146,0.0616719052195549,0.03007657825946808,0.0332019217312336,0.03626718744635582,0.18984580039978027,0.03147326782345772,0.7870219945907593,0.07241339981555939,0.014062967151403427,0.14093157649040222,0.10-0.15,False,False,True,False,False,False,False,False,False,0.0,0.0,0.0,0.0,0.0,0.0,0.03626718744635582,0.1765453964471817,0.0,0.0,0.0,0.0,0.0,0.0,0.031810905784368515,0.02965245209634304,0.014936520718038082,0.0,-0.00021248568373266608,-0.029591109603643417,0.02959148772060871,0.028337551280856133,0-2deg,0.00-0.04,0.0,0.0,0.0,0.0
175,31,False,False,0.2184724360704422,0.21019770205020905,0.0,0.0,9.979999542236328,0.932547390460968,0.09885920584201813,0.10857611149549484,0.034937888383865356,0.03699719160795212,0.011006752029061317,0.16322222352027893,0.0734519436955452,1.5767426490783691,0.11568047851324081,0.012171116657555103,0.17806768417358398,>=0.15,False,False,True,False,False,False,False,False,False,0.0,0.0,0.0,0.0,0.0,0.0,0.011006752029061317,0.152373805642128,0.0,0.0,0.0,0.0,0.0,0.0,0.04053894430398941,0.03455783799290657,0.013211660087108612,0.0,-0.0016274197259917855,0.034923892468214035,0.03496251255273819,0.021503249183297157,0-2deg,0.00-0.04,0.0,0.0,0.0,0.0
176,33,False,False,0.30110397934913635,0.29166629910469055,0.0,0.0,9.979999542236328,0.7194474935531616,0.08246278017759323,-0.08795087039470673,-0.027603022754192352,0.05915772542357445,0.06471505016088486,0.2391654998064041,-0.06317905336618423,1.5297884941101074,0.35801225900650024,0.052323129028081894,0.17425870895385742,>=0.15,False,False,True,False,False,False,False,False,False,0.0,0.0,0.0,0.0,0.0,0.0,0.06471505016088486,0.2260679006576538,0.0,0.0,0.0,0.0,0.0,0.0,0.014966577291488647,-0.028083566576242447,0.05206678435206413,0.0,-0.005313356872648001,0.008149282075464725,0.009728972800076008,0.06334291398525238,0-2deg,0.00-0.04,0.0,0.0,0.0,0.0
177,35,False,False,0.2598114013671875,0.2312294840812683,0.0,0.0,9.979999542236328,0.5901960134506226,0.0877460241317749,-0.0062049804255366325,-0.07530664652585983,0.07766719907522202,0.02100779116153717,0.20411549508571625,0.06827881187200546,1.5474299192428589,0.20817841589450836,0.019002720713615417,0.13069148361682892,0.10-0.15,False,False,True,False,False,False,False,False,False,0.0,0.0,0.0,0.0,0.0,0.0,0.02100779116153717,0.1713675856590271,0.0,0.0,0.0,0.0,0.0,0.0,0.05042969062924385,-0.0752582997083664,0.019193323329091072,0.0,0.015061273239552975,-0.0439864918589592,0.046492304652929306,0.03961243852972984,0-2deg,0.00-0.04,0.0,0.0,0.0,0.0
178,36,False,False,0.23891136050224304,0.22589750587940216,0.0,0.0,9.979999542236328,0.9191194176673889,0.10434896498918533,0.05069565027952194,-0.03936893865466118,0.05016644299030304,0.048254553228616714,0.17957402765750885,0.09015481173992157,1.3481494188308716,0.11564794927835464,0.031092744320631027,0.18850217759609222,>=0.15,False,False,True,False,False,False,False,False,False,0.0,0.0,0.0,0.0,0.0,0.0,0.048254553228616714,0.16839630901813507,0.0,0.0,0.0,0.0,0.0,0.0,0.07101830840110779,-0.041341304779052734,0.02841775305569172,0.0,0.036003027111291885,-0.05821879580616951,0.06844071298837662,0.023642806336283684,0-2deg,0.00-0.04,0.0,0.0,0.0,0.0
179,37,False,False,0.2662051320075989,0.24462895095348358,0.0,0.0,9.979999542236328,0.6018699407577515,0.07090438902378082,0.0285474956035614,0.00926908664405346,0.04925947263836861,0.03989657014608383,0.20822516083717346,0.019297951832413673,0.7034411430358887,0.162107452750206,0.04837953671813011,0.04762675240635872,0.00-0.05,False,False,True,False,False,False,False,False,False,0.0,0.0,0.0,0.0,0.0,0.0,0.03989657014608383,0.1877025067806244,0.0,0.0,0.0,0.0,0.0,0.0,0.019005658105015755,0.01012478955090046,0.04820771887898445,0.0,-0.004413197748363018,-0.018071960657835007,0.01860307902097702,0.0008609266951680183,0-2deg,0.00-0.04,0.0,0.0,0.0,0.0
180,38,False,False,0.24519450962543488,0.23939140141010284,0.0,0.0,9.979999542236328,0.9453017115592957,0.08906742185354233,0.1462944597005844,0.015381738543510437,0.03289540857076645,0.035250671207904816,0.1876528114080429,0.12987682223320007,0.9683184027671814,0.08846580982208252,0.02907765470445156,0.09340376406908035,0.05-0.10,False,False,True,False,False,False,False,False,False,0.0,0.0,0.0,0.0,0.0,0.0,0.035250671207904816,0.1796247661113739,0.0,0.0,0.0,0.0,0.0,0.0,0.06448648869991302,0.013726712204515934,0.029894568026065826,0.0,0.05773841217160225,0.0005761781358160079,0.0577409565448761,0.03395824134349823,0-2deg,0.00-0.04,0.0,0.0,0.0,0.0
181,39,False,False,0.30412670969963074,0.2751751244068146,0.0,0.0,9.979999542236328,0.6898713707923889,0.10269387811422348,-0.15622194111347198,-0.05075555294752121,0.09303849190473557,0.025823643431067467,0.2481835037469864,-0.10649064928293228,1.663153886795044,0.22474399209022522,0.0779745802283287,0.19765011966228485,>=0.15,False,False,True,False,False,False,False,False,False,0.0,0.0,0.0,0.0,0.0,0.0,0.025823643431067467,0.20661000907421112,0.0,0.0,0.0,0.0,0.0,0.0,0.04359879344701767,-0.054021432995796204,0.07574857026338577,0.0,0.0427166149020195,-0.02802155911922455,0.051082901656627655,0.039159420877695084,0-2deg,0.00-0.04,0.0,0.0,0.0,0.0
182,43,False,False,0.2664313018321991,0.249757319688797,0.0,0.0,9.979999542236328,0.5835680365562439,0.08460947871208191,-0.017561787739396095,-0.05746731162071228,0.0615973025560379,0.04543764144182205,0.20819233357906342,0.040300894528627396,1.387658953666687,0.18824991583824158,0.02217511646449566,0.1282472461462021,0.10-0.15,False,False,True,False,False,False,False,False,False,0.0,0.0,0.0,0.0,0.0,0.0,0.04543764144182205,0.1912262886762619,0.0,0.0,0.0,0.0,0.0,0.0,0.09094348549842834,-0.05842676758766174,0.019507458433508873,0.0,0.08648257702589035,-0.008246086537837982,0.08687414228916168,0.00988125242292881,0-2deg,0.00-0.04,0.0,0.0,0.0,0.0
183,45,False,False,0.2341659516096115,0.22151753306388855,0.0,0.0,9.979999542236328,0.34092748165130615,0.07228726148605347,0.047443289309740067,-0.03604120761156082,0.04151149466633797,0.025926681235432625,0.17778928577899933,0.0830083116889,1.439947485923767,0.18457622826099396,0.020596977323293686,0.17654910683631897,>=0.15,False,False,True,False,False,False,False,False,False,0.0,0.0,0.0,0.0,0.0,0.0,0.025926681235432625,0.16615863144397736,0.0,0.0,0.0,0.0,0.0,0.0,0.017578352242708206,-0.03614623844623566,0.020412089303135872,0.0,0.00857052206993103,0.01454678364098072,0.016883015632629395,0.025635067373514175,0-2deg,0.00-0.04,0.0,0.0,0.0,0.0
184,46,False,False,0.21354182064533234,0.21332930028438568,0.0,0.0,9.979999542236328,0.4199843108654022,0.09759256988763809,0.13544055819511414,0.011318743228912354,0.035340242087841034,0.02182590588927269,0.1575101763010025,0.12373464554548264,1.8083630800247192,0.35652193427085876,0.03347863256931305,0.16706451773643494,>=0.15,False,False,True,False,False,False,False,False,False,0.0,0.0,0.0,0.0,0.0,0.0,0.02182590588927269,0.1571011245250702,0.0,0.0,0.0,0.0,0.0,0.0,0.026195570826530457,0.010421930812299252,0.03376856818795204,0.0,0.015261709690093994,-0.02327127195894718,0.027828644961118698,0.04215739667415619,0-2deg,0.00-0.04,0.0,0.0,0.0,0.0
185,47,False,False,0.2242339551448822,0.2242339551448822,0.0,0.0,9.979999542236328,0.8539494276046753,0.09336945414543152,0.12468358874320984,-0.01026228815317154,0.029358690604567528,0.024614572525024414,0.1678967922925949,0.13474711775779724,0.8485638499259949,0.0836685299873352,0.027506694197654724,0.14359180629253387,0.10-0.15,False,False,True,False,False,False,False,False,False,0.0,0.0,0.0,0.0,0.0,0.0,0.024614572525024414,0.1678967922925949,0.0,0.0,0.0,0.0,0.0,0.0,0.03273269906640053,-0.009436038322746754,0.027800969779491425,0.0,-0.0016090325079858303,0.029911300167441368,0.02995390072464943,0.05227776616811752,0-2deg,0.00-0.04,0.0,0.0,0.0,0.0
186,48,False,False,0.21259857714176178,0.20800592005252838,0.0,0.0,9.979999542236328,1.151244044303894,0.09923756867647171,0.10068859905004501,0.025478482246398926,0.03211359307169914,0.008890767581760883,0.15752334892749786,0.07538950443267822,1.2391945123672485,0.11886105686426163,0.019548138603568077,0.1903485804796219,>=0.15,False,False,True,False,False,False,False,False,False,0.0,0.0,0.0,0.0,0.0,0.0,0.008890767581760883,0.15301759541034698,0.0,0.0,0.0,0.0,0.0,0.0,0.06777860224246979,0.02623305469751358,0.01852322183549404,0.0,-0.0016259365947917104,-0.06353950500488281,0.06356046348810196,0.03706330433487892,0-2deg,0.00-0.04,0.0,0.0,0.0,0.0
187,50,False,False,0.3091871738433838,0.239765927195549,0.0,0.0,9.979999542236328,0.887814462184906,0.10739925503730774,-0.15039598941802979,0.0131969153881073,0.03249616175889969,0.02443748153746128,0.25320547819137573,-0.1646178811788559,1.2740225791931152,0.2114306539297104,0.029695823788642883,0.0536583736538887,0.05-0.10,False,False,True,False,False,False,False,False,False,0.0,0.0,0.0,0.0,0.0,0.0,0.02443748153746128,0.18064570426940918,0.0,0.0,0.0,0.0,0.0,0.0,0.008393634110689163,0.013374830596148968,0.02961612120270729,0.0,-0.004616565071046352,0.004179404582828283,0.00622439943253994,0.043962690979242325,0-2deg,0.00-0.04,0.0,0.0,0.0,0.0
188,51,False,False,0.21933479607105255,0.21854759752750397,0.0,0.0,9.979999542236328,0.9818499088287354,0.07911466062068939,0.1252659261226654,0.011013396084308624,0.02365538850426674,0.028832681477069855,0.1622873991727829,0.11401260644197464,1.2676953077316284,0.08772748708724976,0.020935198292136192,0.1852390468120575,>=0.15,False,False,True,False,False,False,False,False,False,0.0,0.0,0.0,0.0,0.0,0.0,0.028832681477069855,0.16156482696533203,0.0,0.0,0.0,0.0,0.0,0.0,0.05541679263114929,0.011552452109754086,0.020642632618546486,0.0,-0.03300854191184044,-0.040665168315172195,0.0523705892264843,0.03410351648926735,0-2deg,0.00-0.04,0.0,0.0,0.0,0.0
189,53,False,False,0.2804476320743561,0.2101517766714096,0.0,0.0,9.979999542236328,0.5664021968841553,0.08552610129117966,-0.12868116796016693,0.02542397379875183,0.03114493191242218,0.02304745838046074,0.22455689311027527,-0.15415774285793304,0.8156941533088684,0.09703454375267029,0.01798967458307743,0.16369739174842834,>=0.15,False,False,True,False,False,False,False,False,False,0.0,0.0,0.0,0.0,0.0,0.0,0.02304745838046074,0.15444451570510864,0.0,0.0,0.0,0.0,0.0,0.0,0.02336416393518448,0.025829963386058807,0.017401719465851784,0.0,0.01168154738843441,0.020441986620426178,0.023544613271951675,0.004049891605973244,0-2deg,0.00-0.04,0.0,0.0,0.0,0.0
190,54,False,False,0.23530618846416473,0.22825610637664795,0.0,0.0,9.979999542236328,0.4864639639854431,0.07160288095474243,0.07579172402620316,0.028731968253850937,0.03169279545545578,0.037239912897348404,0.17745563387870789,0.04731239750981331,0.968330442905426,0.18680578470230103,0.01337562594562769,0.13083936274051666,0.10-0.15,False,False,True,False,False,False,False,False,False,0.0,0.0,0.0,0.0,0.0,0.0,0.037239912897348404,0.1677742302417755,0.0,0.0,0.0,0.0,0.0,0.0,0.022002918645739555,0.02855643630027771,0.013746392913162708,0.0,-0.005899941083043814,-0.011649953201413155,0.013056482188403606,0.007227628491818905,0-2deg,0.00-0.04,0.0,0.0,0.0,0.0
191,56,False,False,0.24407880008220673,0.2384927123785019,0.0,0.0,9.979999542236328,0.61661297082901,0.09256818145513535,0.13352012634277344,0.03221237659454346,0.0411158949136734,0.04653601348400116,0.1848466992378235,0.10231435298919678,1.8573603630065918,0.3105391263961792,0.025551509112119675,0.0755128487944603,0.05-0.10,False,False,True,False,False,False,False,False,False,0.0,0.0,0.0,0.0,0.0,0.0,0.04653601348400116,0.17969036102294922,0.0,0.0,0.0,0.0,0.0,0.0,0.05787815898656845,0.03353444114327431,0.02378987707197666,0.0,-0.054057151079177856,-0.0018955107079818845,0.054090216755867004,0.02554173581302166,0-2deg,0.00-0.04,0.0,0.0,0.0,0.0
192,57,False,False,0.24571135640144348,0.22885434329509735,0.0,0.0,9.979999542236328,1.2364144325256348,0.10971379280090332,0.14931294322013855,-0.0007363855838775635,0.05761372670531273,0.04468350112438202,0.18645326793193817,0.15115830302238464,1.4070490598678589,0.30009451508522034,0.05760902166366577,0.08875806629657745,0.05-0.10,False,False,True,False,False,False,False,False,False,0.0,0.0,0.0,0.0,0.0,0.0,0.04468350112438202,0.17320136725902557,0.0,0.0,0.0,0.0,0.0,0.0,0.08477982133626938,-0.005604064557701349,0.057340528815984726,0.0,0.06712411344051361,0.05188532546162605,0.08481571078300476,0.05918102338910103,0-2deg,0.00-0.04,0.0,0.0,0.0,0.0
193,60,False,False,0.2593277096748352,0.2593277096748352,0.0,0.0,9.979999542236328,0.5668047070503235,0.06743514537811279,0.10948903858661652,-0.0018681064248085022,0.008027100935578346,0.0373191311955452,0.20167438685894012,0.11234790086746216,1.0380864143371582,0.1533205658197403,0.007806697860360146,0.0900244265794754,0.05-0.10,False,False,True,False,False,False,False,False,False,0.0,0.0,0.0,0.0,0.0,0.0,0.0373191311955452,0.20167438685894012,0.0,0.0,0.0,0.0,0.0,0.0,0.05510600283741951,-0.0015257312916219234,0.007880767807364464,0.0,0.02610509656369686,0.04449626803398132,0.051584724336862564,0.026456769555807114,0-2deg,0.00-0.04,0.0,0.0,0.0,0.0
194,61,False,False,0.29373225569725037,0.19277207553386688,0.0,0.0,9.979999542236328,0.6690390110015869,0.08526052534580231,-0.09997390955686569,-0.028227195143699646,0.028666436672210693,0.03543572500348091,0.23653902113437653,-0.07010765373706818,0.9029207825660706,0.105284683406353,0.004999005701392889,0.1701391041278839,>=0.15,False,False,True,False,False,False,False,False,False,0.0,0.0,0.0,0.0,0.0,0.0,0.03543572500348091,0.1375816911458969,0.0,0.0,0.0,0.0,0.0,0.0,0.02345329150557518,-0.028123505413532257,0.0055527519434690475,0.0,0.019895333796739578,-0.012720705009996891,0.023612873628735542,0.04653794690966606,0-2deg,0.00-0.04,0.0,0.0,0.0,0.0
195,62,False,False,0.25896430015563965,0.2094992846250534,0.0,0.0,9.979999542236328,0.42573586106300354,0.07665050029754639,0.021993573755025864,-0.07567887008190155,0.07757711410522461,0.031658392399549484,0.20206910371780396,0.09678321331739426,0.9810140132904053,0.11266197264194489,0.017056290060281754,0.13218852877616882,0.10-0.15,False,False,True,False,False,False,False,False,False,0.0,0.0,0.0,0.0,0.0,0.0,0.031658392399549484,0.12381170690059662,0.0,0.0,0.0,0.0,0.0,0.0,0.013905415311455727,-0.075751893222332,0.016728989779949188,0.0,0.012231539003551006,-0.007896355353295803,0.014558772556483746,0.07629668712615967,0-2deg,0.00-0.04,0.0,0.0,0.0,0.0
196,63,False,False,0.23646272718906403,0.21427136659622192,0.0,0.0,9.979999542236328,0.43189573287963867,0.06389938294887543,0.036940090358257294,0.04536394402384758,0.046427201479673386,0.017536889761686325,0.18075984716415405,-0.009117989800870419,1.0007777214050293,0.11007486283779144,0.00987914763391018,0.16551311314105988,>=0.15,False,False,True,False,False,False,False,False,False,0.0,0.0,0.0,0.0,0.0,0.0,0.017536889761686325,0.14459054172039032,0.0,0.0,0.0,0.0,0.0,0.0,0.023753821849822998,0.04540030285716057,0.009710690006613731,0.0,-0.00900651328265667,0.01828674226999283,0.020382804796099663,0.06214563176035881,0-2deg,0.00-0.04,0.0,0.0,0.0,0.0
197,30,False,False,0.28581079840660095,0.2205725759267807,0.0,0.0,9.979999542236328,0.4468057155609131,0.10129742324352264,-0.13985471427440643,-0.0070680975914001465,0.01905924826860428,0.04596315324306488,0.2271316945552826,-0.13198094069957733,1.4849034547805786,0.318700909614563,0.0177001953125,0.19442009925842285,>=0.15,False,False,True,False,False,False,False,False,False,0.0,0.0,0.0,0.0,0.0,0.0,0.04596315324306488,0.1581685096025467,0.0,0.0,0.0,0.0,0.0,0.0,0.017993919551372528,-0.007255347911268473,0.017624270170927048,0.0,-0.013084053993225098,-0.013421770185232162,0.01874353364109993,0.0216725654900074,0-2deg,0.00-0.04,0.0,0.0,0.0,0.0
198,59,False,False,0.21306093037128448,0.21015618741512299,0.0,0.0,9.979999542236328,0.7417941093444824,0.07033011317253113,0.11009085178375244,0.02551499754190445,0.036807749420404434,0.015054517425596714,0.1576216071844101,0.08407710492610931,0.9758776426315308,0.09088309854269028,0.026529140770435333,0.16175809502601624,>=0.15,False,False,True,False,False,False,False,False,False,0.0,0.0,0.0,0.0,0.0,0.0,0.015054517425596714,0.1544756293296814,0.0,0.0,0.0,0.0,0.0,0.0,0.036415811628103256,0.02547060139477253,0.026571767404675484,0.0,0.00037119819899089634,-0.033846404403448105,0.0338483490049839,0.03292291238903999,0-2deg,0.00-0.04,0.0,0.0,0.0,0.0
199,1,False,False,0.2916913330554962,0.2045336216688156,0.0,0.0,9.979999542236328,0.8878329396247864,0.09944140911102295,-0.09212108701467514,-0.032930247485637665,0.037117768079042435,0.03319099172949791,0.23507840931415558,-0.05876339599490166,1.498538851737976,0.2279229462146759,0.01712680794298649,0.1643114984035492,>=0.15,False,False,True,False,False,False,False,False,False,0.0,0.0,0.0,0.0,0.0,0.0,0.03319099172949791,0.14910809695720673,0.0,0.0,0.0,0.0,0.0,0.0,0.08952000737190247,-0.03178521618247032,0.019168434664607048,0.0,-0.05295386165380478,-0.06632879376411438,0.08485017716884613,0.024976985529065132,0-2deg,0.00-0.04,0.0,0.0,0.0,0.0
200,26,False,False,0.2800067067146301,0.21102334558963776,0.0,0.0,9.979999542236328,0.4726935029029846,0.07763736695051193,-0.1285467892885208,0.048396095633506775,0.05471596494317055,0.031092224642634392,0.22321288287639618,-0.17697679996490479,0.8888319730758667,0.14350609481334686,0.025527533143758774,0.1660299301147461,>=0.15,False,False,True,False,False,False,False,False,False,0.0,0.0,0.0,0.0,0.0,0.0,0.031092224642634392,0.15462319552898407,0.0,0.0,0.0,0.0,0.0,0.0,0.0260861124843359,0.047789186239242554,0.026646409183740616,0.0,0.02513190358877182,-0.0016810678644105792,0.025188595056533813,0.004059589467942715,0-2deg,0.00-0.04,0.0,0.0,0.0,0.0
201,44,False,False,0.2042633593082428,0.2042633593082428,0.0,0.0,9.979999542236328,0.4676639139652252,0.09328703582286835,0.17878766357898712,-0.020382702350616455,0.045926064252853394,0.045581892132759094,0.14417293667793274,0.19991379976272583,1.0983620882034302,0.20353734493255615,0.04115517809987068,0.18826709687709808,>=0.15,False,False,True,False,False,False,False,False,False,0.0,0.0,0.0,0.0,0.0,0.0,0.045581892132759094,0.14417293667793274,0.0,0.0,0.0,0.0,0.0,0.0,0.06755468994379044,-0.017630528658628464,0.042407166212797165,0.0,-0.008295468986034393,-0.0657583624124527,0.06627911329269409,0.03873789310455322,0-2deg,0.00-0.04,0.0,0.0,0.0,0.0
202,36,True,False,0.1437467634677887,0.1437467634677887,0.0,0.0,0.5199999809265137,3.7029762268066406,1.815966248512268,0.08070006966590881,0.41081884503364563,0.9712446928024292,0.14639651775360107,0.0009327083826065063,-0.1688375174999237,1.0868724584579468,0.23010995984077454,0.8800818920135498,0.16277416050434113,>=0.15,True,True,False,True,False,False,False,True,True,0.14639651775360107,0.4163490831851959,0.8774791955947876,1.4472711086273193,1.4472711086273193,0.0,0.14639651775360107,-0.0011743754148483276,0.0011743754148483276,-0.001476450590416789,-0.008849390782415867,0.008970329537987709,0.004864446818828583,0.38157111406326294,0.38157111406326294,0.4163490831851959,0.8774791955947876,0.014472710900008678,-0.001476450590416789,-0.008849390782415867,0.008970329537987709,0.004864446818828583,0-2deg,0.00-0.04,0.0,0.0,0.0,0.0
203,31,True,True,0.10964863002300262,0.10964863002300262,0.10396677255630493,0.08003345876932144,0.5999999642372131,3.294394016265869,1.3523101806640625,-0.00941044557839632,0.04739736020565033,0.08003345876932144,0.10396677255630493,-0.020053522661328316,-0.057093460112810135,1.1572564840316772,0.18814168870449066,0.06448910385370255,0.06567525863647461,0.05-0.10,False,True,False,True,True,False,False,False,True,0.11033704876899719,-0.05782586708664894,0.91416996717453,0.1882864534854889,0.5365617275238037,0.11999999731779099,0.10396677255630493,-0.020053522661328316,0.020053522661328316,0.0666603371500969,0.04302702471613884,0.07932329177856445,0.029072316363453865,0.07558494061231613,0.0012448779307305813,0.04270515590906143,0.06768769025802612,0.005365617107599974,0.0692521259188652,0.04398135468363762,0.08201935142278671,0.026157915592193604,4-6deg,0.00-0.04,0.0,0.0,0.0,0.0
204,55,False,False,0.2644381821155548,0.203513503074646,0.0,0.0,9.979999542236328,0.6270767450332642,0.1010480523109436,-0.09190425276756287,-0.046880729496479034,0.04721378535032272,0.03180810064077377,0.2075369656085968,-0.04481611028313637,1.8962513208389282,0.36238929629325867,0.005598099902272224,0.19360528886318207,>=0.15,False,False,True,False,False,False,False,False,False,0.0,0.0,0.0,0.0,0.0,0.0,0.03180810064077377,0.14670518040657043,0.0,0.0,0.0,0.0,0.0,0.0,0.036491040140390396,-0.04698370769619942,0.004655372817069292,0.0,0.03851175308227539,0.001296482514590025,0.03853331506252289,0.023729445412755013,0-2deg,0.00-0.04,0.0,0.0,0.0,0.0
205,32,True,False,0.13644395768642426,0.13644395768642426,0.0,0.0,0.8999999761581421,2.7759554386138916,1.0922503471374512,0.344075471162796,0.26538288593292236,0.36903366446495056,0.1320299506187439,-0.018549354746937752,0.09672308713197708,0.6573824882507324,0.34385403990745544,0.25643277168273926,0.24008068442344666,>=0.15,True,True,False,True,False,False,False,True,True,0.1320299506187439,0.2701733410358429,0.2513806223869324,0.2678713798522949,0.2678713798522949,0.0,0.1320299506187439,-0.018549354746937752,0.018549354746937752,-0.0034158038906753063,-0.03191375732421875,0.03209635242819786,0.020187174901366234,0.024917345494031906,0.024917345494031906,0.2701733410358429,0.2513806223869324,0.0026787137612700462,-0.0034158038906753063,-0.03191375732421875,0.03209635242819786,0.020187174901366234,0-2deg,0.00-0.04,0.0,0.0,0.0,0.0
206,2,False,False,0.2537246346473694,0.23163676261901855,0.0,0.0,9.979999542236328,0.8470115065574646,0.07678625732660294,0.026355914771556854,0.056251950562000275,0.056922588497400284,0.03322847932577133,0.19647787511348724,-0.029492832720279694,0.677987277507782,0.0685327872633934,0.008712022565305233,0.13595515489578247,0.10-0.15,False,False,True,False,False,False,False,False,False,0.0,0.0,0.0,0.0,0.0,0.0,0.03322847932577133,0.17386329174041748,0.0,0.0,0.0,0.0,0.0,0.0,0.031115539371967316,0.055963922291994095,0.010402917861938477,0.0,-0.0018313112668693066,0.03334830701351166,0.033397991210222244,0.03638545051217079,0-2deg,0.00-0.04,0.0,0.0,0.0,0.0
207,49,False,False,0.27603617310523987,0.1877909004688263,0.0,0.0,9.979999542236328,1.2456674575805664,0.10733341425657272,-0.08968634158372879,0.06743351370096207,0.06905984878540039,0.05324303358793259,0.21539948880672455,-0.15473467111587524,1.996889352798462,0.19704897701740265,0.014899110421538353,0.19557027518749237,>=0.15,False,False,True,False,False,False,False,False,False,0.0,0.0,0.0,0.0,0.0,0.0,0.05324303358793259,0.1324923038482666,0.0,0.0,0.0,0.0,0.0,0.0,0.08324627578258514,0.06632718443870544,0.01923453062772751,0.0,-0.05695021525025368,0.07712921500205994,0.09584251046180725,0.05789407342672348,0-2deg,0.00-0.04,0.0,0.0,0.0,0.0
208,14,False,False,0.22190788388252258,0.2148122638463974,0.0,0.0,9.979999542236328,1.256947636604309,0.09724811464548111,0.014283032156527042,0.028004076331853867,0.031214747577905655,0.028462184593081474,0.16529300808906555,-0.01381293311715126,1.4454251527786255,0.10651366412639618,0.013788845390081406,0.21060088276863098,>=0.15,False,False,True,False,False,False,False,False,False,0.0,0.0,0.0,0.0,0.0,0.0,0.028462184593081474,0.15641121566295624,0.0,0.0,0.0,0.0,0.0,0.0,0.05314485356211662,0.027622705325484276,0.014537772163748741,0.0,0.03283793106675148,0.039604127407073975,0.05144118145108223,0.04952670633792877,0-2deg,0.00-0.04,0.0,0.0,0.0,0.0
209,52,False,False,0.21009114384651184,0.21009114384651184,0.0,0.0,9.979999542236328,0.5654009580612183,0.08821927011013031,0.13884404301643372,-0.015817001461982727,0.02435620315372944,0.02730811946094036,0.1532466560602188,0.15436838567256927,1.77487313747406,0.33924588561058044,0.01852153241634369,0.2002551555633545,>=0.15,False,False,True,False,False,False,False,False,False,0.0,0.0,0.0,0.0,0.0,0.0,0.02730811946094036,0.1532466560602188,0.0,0.0,0.0,0.0,0.0,0.0,0.018876628950238228,-0.015499340370297432,0.018788164481520653,0.0,-0.002468704478815198,-0.01701592653989792,0.017194369807839394,0.03138057142496109,0-2deg,0.00-0.04,0.0,0.0,0.0,0.0
210,4,False,False,0.26748842000961304,0.21379728615283966,0.0,0.0,9.979999542236328,1.1632556915283203,0.124369315803051,-0.09184262156486511,-0.024961598217487335,0.026872092857956886,0.015974795445799828,0.21199481189250946,-0.06682877242565155,1.915264368057251,0.39810997247695923,0.009951279498636723,0.16752539575099945,>=0.15,False,False,True,False,False,False,False,False,False,0.0,0.0,0.0,0.0,0.0,0.0,0.015974795445799828,0.15850381553173065,0.0,0.0,0.0,0.0,0.0,0.0,0.033639878034591675,-0.025135431438684464,0.009503657929599285,0.0,-3.383492003194988e-05,-0.03521325811743736,0.03521397337317467,0.007895431481301785,0-2deg,0.00-0.04,0.0,0.0,0.0,0.0
211,51,True,True,0.07891301065683365,0.0731808990240097,0.07062140107154846,0.15728123486042023,1.3199999332427979,2.8623881340026855,0.4619600474834442,-0.01202019490301609,-0.08927220851182938,0.15728123486042023,0.07062140107154846,-0.01991148851811886,0.076729416847229,0.8129382133483887,0.3802260458469391,0.12949077785015106,0.12878409028053284,0.10-0.15,False,True,False,True,True,False,False,False,True,0.07315918803215027,0.35576966404914856,0.33234769105911255,1.173879861831665,1.173879861831665,0.17999999225139618,0.07062140107154846,-0.02000408060848713,0.02000408060848713,0.01702846586704254,-0.026620641350746155,0.03160031884908676,0.04012496396899223,0.06543589383363724,0.0018269813153892756,-0.0875151976943016,0.13068464398384094,0.011738798581063747,0.015741756185889244,-0.020154017955064774,0.025571441277861595,0.04222475364804268,0-2deg,0.04-0.08,0.0,0.0,0.0,0.0
212,42,False,False,0.2568959891796112,0.23799099028110504,0.0,0.0,9.979999542236328,0.5702853798866272,0.0788978710770607,0.0871291309595108,0.0005884990096092224,0.012310786172747612,0.04066047817468643,0.19884726405143738,0.08707267791032791,1.661540150642395,0.24853141605854034,0.012296712026000023,0.04049016907811165,0.00-0.05,False,False,True,False,False,False,False,False,False,0.0,0.0,0.0,0.0,0.0,0.0,0.04066047817468643,0.1796598732471466,0.0,0.0,0.0,0.0,0.0,0.0,0.0649004653096199,-0.00018279103096574545,0.012309429235756397,0.0,0.053866226226091385,0.03223925828933716,0.06276916712522507,0.03763936087489128,0-2deg,0.00-0.04,0.0,0.0,0.0,0.0
213,34,False,False,0.2791265547275543,0.19953589141368866,0.0,0.0,9.979999542236328,0.5612146258354187,0.10563982278108597,-0.12699811160564423,-0.03469257801771164,0.03659258037805557,0.05727272853255272,0.21839089691638947,-0.09184989333152771,0.8763225078582764,0.20513102412223816,0.011637949384748936,0.23729291558265686,>=0.15,False,False,True,False,False,False,False,False,False,0.0,0.0,0.0,0.0,0.0,0.0,0.05727272853255272,0.14191775023937225,0.0,0.0,0.0,0.0,0.0,0.0,0.026590825989842415,-0.03440394625067711,0.012465367093682289,0.0,0.02394772879779339,0.00018984750204253942,0.02394876256585121,0.015537609346210957,0-2deg,0.00-0.04,0.0,0.0,0.0,0.0
214,27,False,False,0.2709832191467285,0.1930917501449585,0.0,0.0,9.979999542236328,1.0694648027420044,0.09560856968164444,-0.1357284039258957,0.04432569444179535,0.047476306557655334,0.03360024839639664,0.21401691436767578,-0.18033377826213837,1.75114107131958,0.09421014040708542,0.01700683683156967,0.2198728770017624,>=0.15,False,False,True,False,False,False,False,False,False,0.0,0.0,0.0,0.0,0.0,0.0,0.03360024839639664,0.13684795796871185,0.0,0.0,0.0,0.0,0.0,0.0,0.027189379557967186,0.04471125453710556,0.015965696424245834,0.0,0.027636608108878136,0.006584308575838804,0.028409525752067566,0.009089640341699123,0-2deg,0.00-0.04,0.0,0.0,0.0,0.0
215,16,False,False,0.23057974874973297,0.23057974874973297,0.0,0.0,9.979999542236328,0.7337194681167603,0.1071297824382782,0.05679706856608391,-0.007462881505489349,0.027421878650784492,0.015054050832986832,0.17510519921779633,0.06491266936063766,2.0947515964508057,0.5219098329544067,0.02638682909309864,0.1582576185464859,>=0.15,False,False,True,False,False,False,False,False,False,0.0,0.0,0.0,0.0,0.0,0.0,0.015054050832986832,0.17510519921779633,0.0,0.0,0.0,0.0,0.0,0.0,0.013741560280323029,-0.00736325653269887,0.02641480229794979,0.0,-0.0005728438263759017,-0.011108100414276123,0.011123872362077236,0.08213115483522415,0-2deg,0.00-0.04,0.0,0.0,0.0,0.0
216,40,False,False,0.25630661845207214,0.22894448041915894,0.0,0.0,9.979999542236328,0.849514365196228,0.08918391913175583,-0.07093971967697144,0.02492763102054596,0.03452561795711517,0.03399677574634552,0.19905725121498108,-0.09591890126466751,0.8010425567626953,0.08723311126232147,0.02388789691030979,0.19567500054836273,>=0.15,False,False,True,False,False,False,False,False,False,0.0,0.0,0.0,0.0,0.0,0.0,0.03399677574634552,0.171745166182518,0.0,0.0,0.0,0.0,0.0,0.0,0.0416230782866478,0.025858420878648758,0.022877076640725136,0.0,-0.02332615852355957,0.03307836875319481,0.04047270491719246,0.05916552618145943,0-2deg,0.00-0.04,0.0,0.0,0.0,0.0
217,17,False,False,0.280911386013031,0.20246052742004395,0.0,0.0,9.979999542236328,0.48042774200439453,0.09182162582874298,-0.12884844839572906,-0.03959694504737854,0.0406988151371479,0.04174988344311714,0.22270800173282623,-0.09041287004947662,2.0879650115966797,0.38422104716300964,0.009406143799424171,0.1915615350008011,>=0.15,False,False,True,False,False,False,False,False,False,0.0,0.0,0.0,0.0,0.0,0.0,0.04174988344311714,0.1447259485721588,0.0,0.0,0.0,0.0,0.0,0.0,0.016698412597179413,-0.039799176156520844,0.008509952574968338,0.0,0.00010157219367101789,0.022607415914535522,0.022606899961829185,0.028903206810355186,0-2deg,0.00-0.04,0.0,0.0,0.0,0.0
218,41,False,False,0.2319777011871338,0.21495991945266724,0.0,0.0,9.979999542236328,0.750078022480011,0.10440795868635178,0.050555747002363205,-0.056252483278512955,0.06318756192922592,0.03700961545109749,0.17386271059513092,0.10625015944242477,2.189779043197632,0.25565019249916077,0.028780657798051834,0.20059895515441895,>=0.15,False,False,True,False,False,False,False,False,False,0.0,0.0,0.0,0.0,0.0,0.0,0.03700961545109749,0.15851518511772156,0.0,0.0,0.0,0.0,0.0,0.0,0.05882762745022774,-0.054415263235569,0.0321192666888237,0.0,0.05468396842479706,0.02686404436826706,0.06092042848467827,0.0157106164842844,0-2deg,0.00-0.04,0.0,0.0,0.0,0.0
219,11,False,False,0.21399080753326416,0.20887428522109985,0.0,0.0,9.979999542236328,1.0805490016937256,0.09987646341323853,0.10268926620483398,0.03036995232105255,0.03936481475830078,0.019339995458722115,0.1583409309387207,0.07289960980415344,1.3756579160690308,0.1066511794924736,0.025045054033398628,0.1392918825149536,0.10-0.15,False,False,True,False,False,False,False,False,False,0.0,0.0,0.0,0.0,0.0,0.0,0.019339995458722115,0.15323039889335632,0.0,0.0,0.0,0.0,0.0,0.0,0.05647739768028259,0.030755983665585518,0.02456945739686489,0.0,0.052883680909872055,-0.0006369614275172353,0.05288727208971977,0.03344597667455673,0-2deg,0.00-0.04,0.0,0.0,0.0,0.0
220,58,False,False,0.27662932872772217,0.21312306821346283,0.0,0.0,9.979999542236328,0.8316268920898438,0.07357974350452423,-0.1097206324338913,0.0018881112337112427,0.02207227610051632,0.03400108963251114,0.21941067278385162,-0.11150196939706802,1.7111451625823975,0.09554024785757065,0.021991372108459473,0.18805688619613647,>=0.15,False,False,True,False,False,False,False,False,False,0.0,0.0,0.0,0.0,0.0,0.0,0.03400108963251114,0.15695370733737946,0.0,0.0,0.0,0.0,0.0,0.0,0.03697308897972107,0.001079751644283533,0.02204585075378418,0.0,-0.007375955581665039,-0.036135271191596985,0.03687945008277893,0.0035531215835362673,0-2deg,0.00-0.04,0.0,0.0,0.0,0.0
221,12,False,False,0.1984996199607849,0.1984996199607849,0.0,0.0,9.979999542236328,0.9016176462173462,0.09994962066411972,0.0963590070605278,-0.003064200282096863,0.030449161306023598,0.030823590233922005,0.1411450058221817,0.09814570844173431,1.6975065469741821,0.33129993081092834,0.030294589698314667,0.23268471658229828,>=0.15,False,False,True,False,False,False,False,False,False,0.0,0.0,0.0,0.0,0.0,0.0,0.030823590233922005,0.1411450058221817,0.0,0.0,0.0,0.0,0.0,0.0,0.03752845153212547,-0.0028869840316474438,0.030311990529298782,0.0,0.001068288809619844,-0.03603588044643402,0.03605218976736069,0.055815521627664566,0-2deg,0.00-0.04,0.0,0.0,0.0,0.0
222,54,False,False,0.24888013303279877,0.20035240054130554,0.0,0.0,9.84000015258789,0.5948573350906372,0.07038547843694687,-0.055524472147226334,0.03886496275663376,0.039578039199113846,0.04586190730333328,0.1902138888835907,-0.09427566081285477,1.507325530052185,0.12843306362628937,0.007479033898562193,0.23432552814483643,>=0.15,True,True,False,False,False,False,False,False,False,0.0,0.0,0.0,0.0,0.0,0.0,0.04586190730333328,0.14214494824409485,0.0,0.0,0.0,0.0,0.0,0.0,0.0778220146894455,0.03847283124923706,0.009287763386964798,0.0,-0.02203838713467121,0.07508628815412521,0.07824788987636566,0.051543280482292175,0-2deg,0.00-0.04,0.0,0.0,0.0,0.0
223,0,False,False,0.3136824667453766,0.2346402108669281,0.0,0.0,9.979999542236328,0.39950814843177795,0.08353201299905777,-0.10855375975370407,-0.026430942118167877,0.06599149852991104,0.03767363727092743,0.2562347650527954,-0.08350455015897751,1.724022388458252,0.36289530992507935,0.06046720966696739,0.03891381993889809,0.00-0.05,False,False,True,False,False,False,False,False,False,0.0,0.0,0.0,0.0,0.0,0.0,0.03767363727092743,0.17767421901226044,0.0,0.0,0.0,0.0,0.0,0.0,0.06825655698776245,-0.027088968083262444,0.06017529219388962,0.0,0.07504800707101822,-0.021711885929107666,0.0781196802854538,0.04543222859501839,0-2deg,0.00-0.04,0.0,0.0,0.0,0.0
224,3,False,False,0.28086376190185547,0.20712800323963165,0.0,0.0,9.979999542236328,0.9072896838188171,0.09256229549646378,-0.12689988315105438,0.019692331552505493,0.033105865120887756,0.02091517299413681,0.22535166144371033,-0.14709162712097168,1.159828782081604,0.17746487259864807,0.02661222405731678,0.1505018025636673,>=0.15,False,False,True,False,False,False,False,False,False,0.0,0.0,0.0,0.0,0.0,0.0,0.02091517299413681,0.15197879076004028,0.0,0.0,0.0,0.0,0.0,0.0,0.07325205206871033,0.017844051122665405,0.02788526751101017,0.0,-0.07010860741138458,-0.007861701771616936,0.0705471858382225,0.03946723788976669,0-2deg,0.00-0.04,0.0,0.0,0.0,0.0
225,5,False,False,0.2608857750892639,0.1994929164648056,0.0,0.0,9.979999542236328,0.4478713572025299,0.06291241198778152,0.05795399099588394,-0.038566045463085175,0.042458053678274155,0.055922120809555054,0.19970442354679108,0.09800009429454803,0.64839106798172,0.06792216002941132,0.017758000642061234,0.20110072195529938,>=0.15,False,False,True,False,False,False,False,False,False,0.0,0.0,0.0,0.0,0.0,0.0,0.055922120809555054,0.14226828515529633,0.0,0.0,0.0,0.0,0.0,0.0,0.04108966141939163,-0.039201609790325165,0.016307059675455093,0.0,-0.0017649040091782808,0.03914440795779228,0.0391838438808918,0.05997239798307419,0-2deg,0.00-0.04,0.0,0.0,0.0,0.0
226,6,False,False,0.27833566069602966,0.24474072456359863,0.0,0.0,9.979999542236328,0.7930214405059814,0.0829218402504921,-0.10217355936765671,0.020109452307224274,0.024699851870536804,0.023734061047434807,0.2224694788455963,-0.12300437688827515,2.1011409759521484,0.2063458412885666,0.014341989532113075,0.12737175822257996,0.10-0.15,False,False,True,False,False,False,False,False,False,0.0,0.0,0.0,0.0,0.0,0.0,0.023734061047434807,0.18499302864074707,0.0,0.0,0.0,0.0,0.0,0.0,0.04136011004447937,0.01961028389632702,0.015017306432127953,0.0,0.002260447945445776,0.04269520193338394,0.04275505989789963,0.030254384502768517,0-2deg,0.00-0.04,0.0,0.0,0.0,0.0
227,7,False,False,0.2777330279350281,0.21636712551116943,0.0,0.0,9.979999542236328,0.42031168937683105,0.09611329436302185,-0.12790174782276154,-0.03863557428121567,0.04210224002599716,0.0422094352543354,0.21986182034015656,-0.09064660221338272,2.0431113243103027,0.37231138348579407,0.016729943454265594,0.18013779819011688,>=0.15,False,False,True,False,False,False,False,False,False,0.0,0.0,0.0,0.0,0.0,0.0,0.0422094352543354,0.15902827680110931,0.0,0.0,0.0,0.0,0.0,0.0,0.06748578697443008,-0.038215912878513336,0.017667556181550026,0.0,0.0517750084400177,0.038810472935438156,0.06469610333442688,0.05828162655234337,0-2deg,0.00-0.04,0.0,0.0,0.0,0.0
228,8,False,False,0.31322145462036133,0.22449880838394165,0.0,0.0,9.979999542236328,0.5373625159263611,0.08712179213762283,-0.17665599286556244,0.013867959380149841,0.026066556572914124,0.05097346380352974,0.2545011639595032,-0.18859386444091797,1.8448132276535034,0.35419660806655884,0.022071361541748047,0.19643810391426086,>=0.15,False,False,True,False,False,False,False,False,False,0.0,0.0,0.0,0.0,0.0,0.0,0.05097346380352974,0.1649404615163803,0.0,0.0,0.0,0.0,0.0,0.0,0.07251866906881332,0.014764907769858837,0.02148168534040451,0.0,0.07040032744407654,-0.024439699947834015,0.07451494038105011,0.03872150555253029,0-2deg,0.00-0.04,0.0,0.0,0.0,0.0
229,9,False,False,0.2576891779899597,0.20912711322307587,0.0,0.0,9.979999542236328,1.0636804103851318,0.08849117904901505,-0.08419117331504822,0.031353093683719635,0.03346910700201988,0.013733386062085629,0.20232419669628143,-0.11573860049247742,1.645747184753418,0.31767740845680237,0.011711729690432549,0.1814912110567093,>=0.15,False,False,True,False,False,False,False,False,False,0.0,0.0,0.0,0.0,0.0,0.0,0.013733386062085629,0.1540858894586563,0.0,0.0,0.0,0.0,0.0,0.0,0.06052657216787338,0.030711038038134575,0.013304635882377625,0.0,-0.01001708023250103,-0.05831240117549896,0.059165265411138535,0.017610106617212296,0-2deg,0.00-0.04,0.0,0.0,0.0,0.0
230,10,False,False,0.213633731007576,0.211884006857872,0.0,0.0,9.979999542236328,0.5794703960418701,0.07794080674648285,0.10177569836378098,0.009035289287567139,0.020129188895225525,0.025030821561813354,0.1573638916015625,0.09400169551372528,1.583235740661621,0.21381855010986328,0.017987433820962906,0.20534475147724152,>=0.15,False,False,True,False,False,False,False,False,False,0.0,0.0,0.0,0.0,0.0,0.0,0.025030821561813354,0.15595339238643646,0.0,0.0,0.0,0.0,0.0,0.0,0.06591452658176422,0.009867946617305279,0.017544453963637352,0.0,-0.021817874163389206,0.05944082513451576,0.06331412494182587,0.053157102316617966,0-2deg,0.00-0.04,0.0,0.0,0.0,0.0
231,13,False,False,0.2738472819328308,0.22530847787857056,0.0,0.0,9.979999542236328,1.448189616203308,0.10964075475931168,0.13300180435180664,-0.015497326850891113,0.023679636418819427,0.0599207729101181,0.2118636667728424,0.15014825761318207,1.3628075122833252,0.09858421236276627,0.017904136329889297,0.1200263500213623,0.10-0.15,False,False,True,False,False,False,False,False,False,0.0,0.0,0.0,0.0,0.0,0.0,0.0599207729101181,0.1695225089788437,0.0,0.0,0.0,0.0,0.0,0.0,0.05049940571188927,-0.016267625615000725,0.017207255586981773,0.0,0.005944984033703804,-0.04927642643451691,0.04963354766368866,0.028018003329634666,0-2deg,0.00-0.04,0.0,0.0,0.0,0.0
232,15,False,False,0.28760582208633423,0.23683908581733704,0.0,0.0,9.979999542236328,0.7232265472412109,0.09726183116436005,-0.15741132199764252,-0.04817948490381241,0.05150603875517845,0.052899934351444244,0.22766226530075073,-0.1092880591750145,1.6107276678085327,0.14505307376384735,0.018210137262940407,0.2084466814994812,>=0.15,False,False,True,False,False,False,False,False,False,0.0,0.0,0.0,0.0,0.0,0.0,0.052899934351444244,0.1699954718351364,0.0,0.0,0.0,0.0,0.0,0.0,0.043164484202861786,-0.04902150481939316,0.015803935006260872,0.0,-0.012880267575383186,0.04946105182170868,0.051109738647937775,0.04672263562679291,0-2deg,0.00-0.04,0.0,0.0,0.0,0.0
233,18,False,False,0.30379658937454224,0.2171381115913391,0.0,0.0,9.979999542236328,1.1629514694213867,0.08256053179502487,-0.04789924994111061,-0.017381327226758003,0.02304190769791603,0.06369000673294067,0.2417624443769455,-0.02733593061566353,1.812854528427124,0.11250389367341995,0.01512676477432251,0.17392157018184662,>=0.15,False,False,True,False,False,False,False,False,False,0.0,0.0,0.0,0.0,0.0,0.0,0.06369000673294067,0.16139543056488037,0.0,0.0,0.0,0.0,0.0,0.0,0.04231773689389229,-0.017888687551021576,0.014523237012326717,0.0,0.007700029760599136,-0.04311848431825638,0.0438007228076458,0.08770140260457993,0-2deg,0.00-0.04,0.0,0.0,0.0,0.0
234,19,False,False,0.2264476716518402,0.20838940143585205,0.0,0.0,9.979999542236328,0.5108407735824585,0.08494891226291656,0.11453574895858765,0.004034675657749176,0.013971113599836826,0.033831194043159485,0.16890498995780945,0.11019778251647949,1.0829640626907349,0.07963020354509354,0.013375852257013321,0.1886773258447647,>=0.15,False,False,True,False,False,False,False,False,False,0.0,0.0,0.0,0.0,0.0,0.0,0.033831194043159485,0.15249058604240417,0.0,0.0,0.0,0.0,0.0,0.0,0.03385891392827034,0.003577850293368101,0.013505222275853157,0.0,-0.0335344523191452,-0.005664576776325703,0.03401000052690506,0.03554708510637283,0-2deg,0.00-0.04,0.0,0.0,0.0,0.0
235,20,False,False,0.19538193941116333,0.19385002553462982,0.0,0.0,9.979999542236328,0.6909763216972351,0.07897012680768967,0.17187167704105377,-0.012238413095474243,0.01787528395652771,0.013426274061203003,0.1399173140525818,0.18408887088298798,1.384436011314392,0.12949663400650024,0.013028698973357677,0.23742346465587616,>=0.15,False,False,True,False,False,False,False,False,False,0.0,0.0,0.0,0.0,0.0,0.0,0.013426274061203003,0.135482057929039,0.0,0.0,0.0,0.0,0.0,0.0,0.01808643527328968,-0.01230356190353632,0.012967194430530071,0.0,0.0030817780643701553,-0.014974236488342285,0.015289668925106525,0.03043597750365734,0-2deg,0.00-0.04,0.0,0.0,0.0,0.0
236,21,False,False,0.24420693516731262,0.2354462444782257,0.0,0.0,9.979999542236328,0.5348848104476929,0.11360299587249756,0.15437819063663483,-0.02804464101791382,0.03485298901796341,0.023326169699430466,0.1880531907081604,0.18278343975543976,3.0433990955352783,0.5577895641326904,0.020693689584732056,0.09403488785028458,0.05-0.10,False,False,True,False,False,False,False,False,False,0.0,0.0,0.0,0.0,0.0,0.0,0.023326169699430466,0.17918235063552856,0.0,0.0,0.0,0.0,0.0,0.0,0.07986229658126831,-0.029420098289847374,0.018686585128307343,0.0,-0.07238266617059708,0.02436007373034954,0.07636472582817078,0.024300113320350647,0-2deg,0.00-0.04,0.0,0.0,0.0,0.0
237,22,False,False,0.2645397186279297,0.25129255652427673,0.0,0.0,9.979999542236328,1.1367379426956177,0.106319859623909,-0.03531729057431221,-0.06584177166223526,0.07190819829702377,0.034025199711322784,0.20755214989185333,0.031174253672361374,1.2776657342910767,0.10935800522565842,0.028907615691423416,0.13675427436828613,0.10-0.15,False,False,True,False,False,False,False,False,False,0.0,0.0,0.0,0.0,0.0,0.0,0.034025199711322784,0.1911362111568451,0.0,0.0,0.0,0.0,0.0,0.0,0.04080427438020706,-0.0651540532708168,0.030425958335399628,0.0,-0.031618550419807434,0.007931334897875786,0.03259764239192009,0.05287987366318703,0-2deg,0.00-0.04,0.0,0.0006905339541845024,0.0,0.0
238,23,False,False,0.2752757668495178,0.23997074365615845,0.0,0.0,9.979999542236328,0.7299032807350159,0.07171867042779922,-0.10781557857990265,0.03460898995399475,0.03849278390407562,0.02507438138127327,0.219125896692276,-0.1436903476715088,1.1121963262557983,0.12213236093521118,0.016849694773554802,0.1985953152179718,>=0.15,False,False,True,False,False,False,False,False,False,0.0,0.0,0.0,0.0,0.0,0.0,0.02507438138127327,0.18460135161876678,0.0,0.0,0.0,0.0,0.0,0.0,0.07330985367298126,0.03392098844051361,0.018195079639554024,0.0,-0.07188341021537781,-0.01884966902434826,0.07430969923734665,0.05161865055561066,0-2deg,0.00-0.04,0.0,0.0,0.0,0.0
239,24,False,False,0.33085229992866516,0.28571540117263794,0.0,0.0,9.979999542236328,0.7374709248542786,0.08884692192077637,-0.08870156854391098,0.036134764552116394,0.04236847907304764,0.07569262385368347,0.26691192388534546,-0.12493551522493362,1.060357689857483,0.18743671476840973,0.02212163619697094,0.15542647242546082,>=0.15,False,False,True,False,False,False,False,False,False,0.0,0.0,0.0,0.0,0.0,0.0,0.07569262385368347,0.22011105716228485,0.0,0.0,0.0,0.0,0.0,0.0,0.03830208256840706,0.0357213020324707,0.022783247753977776,0.0,-0.03428471088409424,-0.006389785557985306,0.03487544134259224,0.01009262166917324,0-2deg,0.00-0.04,0.0,0.0,0.0,0.0
240,25,False,False,0.30775460600852966,0.2750546336174011,0.0,0.0,9.979999542236328,0.6269333958625793,0.09723984450101852,-0.008959964849054813,-0.037596169859170914,0.03768765553832054,0.04986938461661339,0.24841691553592682,0.028974002227187157,3.1847617626190186,0.5293278694152832,0.00262437597848475,0.060442931950092316,0.05-0.10,False,False,True,False,False,False,False,False,False,0.0,0.0,0.0,0.0,0.0,0.0,0.04986938461661339,0.2102239429950714,0.0,0.0,0.0,0.0,0.0,0.0,0.06115396320819855,-0.037659380584955215,0.0014595887623727322,0.0,-0.017635267227888107,-0.05623158439993858,0.058928921818733215,0.008000301197171211,0-2deg,0.00-0.04,0.0,0.0,0.0,0.0
241,28,False,False,0.31106555461883545,0.20888637006282806,0.0,0.0,9.979999542236328,0.7108117341995239,0.0769265741109848,-0.11807937920093536,-0.0028967857360839844,0.022288067266345024,0.051708903163671494,0.25159692764282227,-0.11327733844518661,0.604425847530365,0.07502411305904388,0.02209901623427868,0.15195919573307037,>=0.15,False,False,True,False,False,False,False,False,False,0.0,0.0,0.0,0.0,0.0,0.0,0.051708903163671494,0.15309025347232819,0.0,0.0,0.0,0.0,0.0,0.0,0.02889636717736721,-0.0031577858608216047,0.022063232958316803,0.0,-0.012606099247932434,0.025257261469960213,0.02822849340736866,0.049612149596214294,0-2deg,0.00-0.04,0.0,0.0,0.0,0.0
242,29,False,False,0.224087193608284,0.22403548657894135,0.0,0.0,9.979999542236328,0.45975831151008606,0.08650150150060654,0.14494897425174713,-0.0046519935131073,0.05116656422615051,0.02989473007619381,0.1674497425556183,0.15048855543136597,1.385824203491211,0.20667532086372375,0.05095464736223221,0.11762120574712753,0.10-0.15,False,False,True,False,False,False,False,False,False,0.0,0.0,0.0,0.0,0.0,0.0,0.02989473007619381,0.1674497425556183,0.0,0.0,0.0,0.0,0.0,0.0,0.06868692487478256,-0.0016639468958601356,0.05113949999213219,0.0,0.012827686034142971,0.06726493686437607,0.06847555935382843,0.030344629660248756,0-2deg,0.00-0.04,0.0,0.0,0.0,0.0
243,33,False,False,0.3076687455177307,0.26165950298309326,0.0,0.0,9.979999542236328,1.0338271856307983,0.0965292826294899,-0.13465073704719543,-0.021866917610168457,0.02930327318608761,0.04990936815738678,0.24858950078487396,-0.11315535753965378,1.5910500288009644,0.11768897622823715,0.01950691267848015,0.1624147891998291,>=0.15,False,False,True,False,False,False,False,False,False,0.0,0.0,0.0,0.0,0.0,0.0,0.04990936815738678,0.19813627004623413,0.0,0.0,0.0,0.0,0.0,0.0,0.008943711407482624,-0.021767262369394302,0.019618051126599312,0.0,0.0035629961639642715,-0.0038994199130684137,0.00528157502412796,0.00943796057254076,0-2deg,0.00-0.04,0.0,0.0,0.0,0.0
244,35,False,False,0.25268518924713135,0.24752935767173767,0.0,0.0,9.979999542236328,0.8687869310379028,0.10462943464517593,0.09119047224521637,0.024765141308307648,0.027741016820073128,0.035725172609090805,0.19503113627433777,0.06679349392652512,1.0192790031433105,0.17377589643001556,0.01250007189810276,0.1152496337890625,0.10-0.15,False,False,True,False,False,False,False,False,False,0.0,0.0,0.0,0.0,0.0,0.0,0.035725172609090805,0.18981435894966125,0.0,0.0,0.0,0.0,0.0,0.0,0.05295037478208542,0.024130795150995255,0.01368461363017559,0.0,-0.05288127809762955,-0.002995958784595132,0.05296614021062851,0.04876421019434929,0-2deg,0.00-0.04,0.0,0.0,0.0,0.0
245,37,False,False,0.22151517868041992,0.22151517868041992,0.0,0.0,9.979999542236328,0.8515087962150574,0.10900638997554779,0.1381656527519226,-0.05292370915412903,0.07342774420976639,0.01117682084441185,0.1664508581161499,0.1908610314130783,0.4601849913597107,0.06800583750009537,0.05089905485510826,0.10563749819993973,0.10-0.15,False,False,True,False,False,False,False,False,False,0.0,0.0,0.0,0.0,0.0,0.0,0.01117682084441185,0.1664508581161499,0.0,0.0,0.0,0.0,0.0,0.0,0.07692442089319229,-0.05568083003163338,0.047867294400930405,0.0,0.07030342519283295,0.01655079610645771,0.07222191244363785,0.028377816081047058,0-2deg,0.00-0.04,0.0,0.0,0.0,0.0
246,38,False,False,0.22755376994609833,0.2149844467639923,0.0,0.0,9.979999542236328,0.730129063129425,0.08151999115943909,0.07694756239652634,-0.05824965983629227,0.07109155505895615,0.03312692418694496,0.17069563269615173,0.13494186103343964,1.1451501846313477,0.11034878343343735,0.04075520113110542,0.13894429802894592,0.10-0.15,False,False,True,False,False,False,False,False,False,0.0,0.0,0.0,0.0,0.0,0.0,0.03312692418694496,0.1592082679271698,0.0,0.0,0.0,0.0,0.0,0.0,0.094330795109272,-0.05972927436232567,0.03855415806174278,0.0,0.08268706500530243,-0.029787667095661163,0.08787751942873001,0.030907493084669113,0-2deg,0.00-0.04,0.0,0.0,0.0,0.0
247,39,False,False,0.28633296489715576,0.23303133249282837,0.0,0.0,9.979999542236328,1.3330581188201904,0.09220143407583237,-0.0966218039393425,-0.013286858797073364,0.014299578033387661,0.01927459053695202,0.23095069825649261,-0.08430307358503342,1.3705438375473022,0.10484996438026428,0.005285575520247221,0.1375441998243332,0.10-0.15,False,False,True,False,False,False,False,False,False,0.0,0.0,0.0,0.0,0.0,0.0,0.01927459053695202,0.1768733412027359,0.0,0.0,0.0,0.0,0.0,0.0,0.08197933435440063,-0.013583594001829624,0.004468097817152739,0.0,0.0647452101111412,-0.04590943083167076,0.07935187220573425,0.047215111553668976,0-2deg,0.00-0.04,0.0,0.0,0.0,0.0
248,43,False,False,0.3149130344390869,0.2733614146709442,0.0,0.0,9.979999542236328,0.7133222818374634,0.07195983082056046,-0.14245063066482544,-0.010511234402656555,0.01474969182163477,0.050153251737356186,0.25591182708740234,-0.1310039907693863,0.7610511779785156,0.07121115922927856,0.01034733559936285,0.11347907036542892,0.10-0.15,False,False,True,False,False,False,False,False,False,0.0,0.0,0.0,0.0,0.0,0.0,0.050153251737356186,0.21178609132766724,0.0,0.0,0.0,0.0,0.0,0.0,0.017225539311766624,-0.01034502126276493,0.010513512417674065,0.0,-0.002532992046326399,-0.018117915838956833,0.01829288899898529,0.04575420171022415,0-2deg,0.00-0.04,0.0,0.0,0.0,0.0
249,45,False,False,0.26611223816871643,0.19624696671962738,0.0,0.0,9.979999542236328,0.7371723055839539,0.08967643976211548,0.07424046844244003,-0.0508466437458992,0.055972229689359665,0.05474118888378143,0.20520809292793274,0.1271868497133255,1.5538288354873657,0.14225679636001587,0.02339891716837883,0.2012828290462494,>=0.15,False,False,True,False,False,False,False,False,False,0.0,0.0,0.0,0.0,0.0,0.0,0.05474118888378143,0.14118263125419617,0.0,0.0,0.0,0.0,0.0,0.0,0.06667481362819672,-0.05119873955845833,0.022618131712079048,0.0,-0.019668584689497948,0.0626024529337883,0.0656152218580246,0.03917723894119263,0-2deg,0.00-0.04,0.0,0.0,0.0,0.0
250,46,False,False,0.23985697329044342,0.20753082633018494,0.0,0.0,9.979999542236328,1.349931001663208,0.11924568563699722,0.02227945253252983,0.050704360008239746,0.05326478183269501,0.02849610708653927,0.1831820011138916,-0.028438303619623184,1.8338983058929443,0.15422338247299194,0.016315793618559837,0.18564309179782867,>=0.15,False,False,True,False,False,False,False,False,False,0.0,0.0,0.0,0.0,0.0,0.0,0.02849610708653927,0.15171031653881073,0.0,0.0,0.0,0.0,0.0,0.0,0.06441615521907806,0.04985475912690163,0.018752073869109154,0.0,0.015401430428028107,-0.05846844241023064,0.060460519045591354,0.0011053759371861815,0-2deg,0.00-0.04,0.0,0.0,0.0,0.0
251,47,False,False,0.27371302247047424,0.21743138134479523,0.0,0.0,9.979999542236328,0.7275567054748535,0.071566641330719,-0.12271062284708023,0.03697112202644348,0.037515707314014435,0.024484222754836082,0.21785591542720795,-0.1590024083852768,1.1118049621582031,0.10351414978504181,0.006369009148329496,0.11451973021030426,0.10-0.15,False,False,True,False,False,False,False,False,False,0.0,0.0,0.0,0.0,0.0,0.0,0.024484222754836082,0.16040174663066864,0.0,0.0,0.0,0.0,0.0,0.0,0.06461123377084732,0.0367995984852314,0.0072950562462210655,0.0,0.01041952520608902,-0.061415497213602066,0.062292251735925674,0.042796824127435684,0-2deg,0.00-0.04,0.0,0.0,0.0,0.0
252,48,False,False,0.2736875116825104,0.19171027839183807,0.0,0.0,9.979999542236328,0.6136290431022644,0.1042025163769722,-0.11532406508922577,0.013765573501586914,0.016967788338661194,0.031238945201039314,0.2167903482913971,-0.12742239236831665,1.7302807569503784,0.3095360994338989,0.009920425713062286,0.20743855834007263,>=0.15,False,False,True,False,False,False,False,False,False,0.0,0.0,0.0,0.0,0.0,0.0,0.031238945201039314,0.13638275861740112,0.0,0.0,0.0,0.0,0.0,0.0,0.03063865751028061,0.01347065344452858,0.010317331179976463,0.0,0.03248976543545723,0.001274313312023878,0.03251524269580841,0.05493124574422836,0-2deg,0.00-0.04,0.0,0.0,0.0,0.0
253,50,False,False,0.2977035641670227,0.2240840345621109,0.0,0.0,9.979999542236328,0.59304279088974,0.05682305619120598,-0.10145456343889236,-0.018473811447620392,0.02235063910484314,0.05972633138298988,0.2367487996816635,-0.08069311082363129,1.3758373260498047,0.08817451447248459,0.012580516748130322,0.19380900263786316,>=0.15,False,False,True,False,False,False,False,False,False,0.0,0.0,0.0,0.0,0.0,0.0,0.05972633138298988,0.16699974238872528,0.0,0.0,0.0,0.0,0.0,0.0,0.01775716245174408,-0.01853393390774727,0.012491775676608086,0.0,0.009254871867597103,-0.01557933073490858,0.018119363114237785,0.03956494852900505,0-2deg,0.00-0.04,0.0,0.0,0.0,0.0
254,53,False,False,0.29708391427993774,0.22111208736896515,0.0,0.0,9.979999542236328,0.7752884030342102,0.053522899746894836,-0.09037218242883682,0.005618616938591003,0.010871871374547482,0.05857839807868004,0.23645423352718353,-0.09296347200870514,0.8957526087760925,0.08112335205078125,0.009307455271482468,0.1689411997795105,>=0.15,False,False,True,False,False,False,False,False,False,0.0,0.0,0.0,0.0,0.0,0.0,0.05857839807868004,0.16341887414455414,0.0,0.0,0.0,0.0,0.0,0.0,0.03504256159067154,0.005896768998354673,0.00913376733660698,0.0,0.03380971401929855,0.003360580885782838,0.03397667780518532,0.06072702631354332,0-2deg,0.00-0.04,0.0,0.0,0.0,0.0
255,56,False,False,0.22184434533119202,0.2050202339887619,0.0,0.0,9.979999542236328,0.6358291506767273,0.07676523178815842,0.038976624608039856,0.051120925694704056,0.051513947546482086,0.017902882769703865,0.16625413298606873,-0.012462962418794632,0.7568399310112,0.09453428536653519,0.006351197604089975,0.2375573217868805,>=0.15,False,False,True,False,False,False,False,False,False,0.0,0.0,0.0,0.0,0.0,0.0,0.017902882769703865,0.14915721118450165,0.0,0.0,0.0,0.0,0.0,0.0,0.04542587324976921,0.0511452779173851,0.0061520482413470745,0.0,-0.020708557218313217,-0.04258687049150467,0.04735260084271431,0.05673372000455856,0-2deg,0.00-0.04,0.0,0.0006905339541845024,0.0,0.0
