episode,env_id,align_success,success,final_distance,min_distance,touchdown_distance,touchdown_rel_vel,landing_time,max_descent_speed,mean_descent_speed,final_vertical_speed,terminal_vertical_relative_speed,terminal_relative_speed,terminal_horizontal_error,terminal_surface_clearance,terminal_pad_vertical_speed,max_horizontal_speed,mean_horizontal_speed,final_horizontal_speed,pad_speed,pad_speed_bucket,crash,terminated,time_out,contact_success,settled_landing,hard_contact,ground_crash,deck_miss,first_contact_seen,first_contact_xy_error_deck_frame,first_contact_normal_rel_speed,first_contact_tangential_rel_speed,first_contact_force,max_contact_force,settle_time,terminal_xy_error,minimum_surface_clearance,maximum_penetration,first_contact_deck_roll,first_contact_deck_pitch,first_contact_deck_tilt,first_contact_deck_angular_speed,first_contact_body_deck_normal_angle,terminal_body_deck_normal_angle,terminal_normal_relative_speed,terminal_tangential_relative_speed,max_contact_impulse,terminal_deck_roll,terminal_deck_pitch,terminal_deck_tilt,terminal_deck_angular_speed,deck_tilt_bucket,deck_angular_speed_bucket,max_deck_position_consistency_error,max_deck_orientation_consistency_error,max_deck_linear_velocity_consistency_error,max_deck_angular_velocity_consistency_error
0,30,True,False,0.41889330744743347,0.3259161114692688,0.0,0.0,0.5399999618530273,2.858394145965576,1.030733346939087,-2.859576463699341,-2.5877645015716553,3.7626590728759766,0.3886733055114746,-0.019169308245182037,0.020890552550554276,2.540087938308716,0.8566821217536926,2.7314975261688232,0.17094139754772186,>=0.15,True,True,False,False,False,False,False,True,False,0.0,0.0,0.0,0.0,0.0,0.0,0.3886733055114746,-0.019169308245182037,0.019169308245182037,0.0,0.0,0.0,0.0,0.0,1.5637257099151611,-2.5311384201049805,2.7840514183044434,0.0,-0.026772500947117805,-0.014965053647756577,0.030669772997498512,0.034159738570451736,0-2deg,0.00-0.04,0.0,0.0,0.0,0.0
1,59,False,False,0.20942215621471405,0.18318527936935425,0.0,0.0,0.5600000023841858,1.796879529953003,0.7434261441230774,0.8463344573974609,1.25811767578125,2.1518750190734863,0.19752134382724762,0.07106313109397888,0.1178017407655716,2.6391170024871826,1.1987839937210083,1.7457679510116577,0.09198208153247833,0.05-0.10,True,True,False,True,False,True,False,True,True,0.19752134382724762,1.2998402118682861,1.7149289846420288,7.611353874206543,7.611353874206543,0.0,0.19752134382724762,0.07106313109397888,0.0,-0.007883482612669468,0.03261476010084152,0.033552926033735275,0.05145726352930069,1.4996763467788696,1.4996763467788696,1.2998402118682861,1.7149289846420288,0.07611353695392609,-0.007883482612669468,0.03261476010084152,0.033552926033735275,0.05145726352930069,0-2deg,0.04-0.08,0.0,0.0,0.0,0.0
2,17,False,False,0.26396724581718445,0.22536888718605042,0.0,0.0,0.5799999833106995,3.162968635559082,1.1773539781570435,0.9250388741493225,0.35777753591537476,1.0604826211929321,0.2820632755756378,0.0635262131690979,0.17049139738082886,2.805948495864868,1.571544885635376,0.9983078241348267,0.2293134331703186,>=0.15,True,True,False,True,False,False,False,True,True,0.2820632755756378,0.33045804500579834,1.007680892944336,1.2868098020553589,1.2868098020553589,0.0,0.2820632755756378,0.060713041573762894,0.0,-0.027538402006030083,-0.010387097485363483,0.029431907460093498,0.010390499606728554,1.8060853481292725,1.8060853481292725,0.33045804500579834,1.007680892944336,0.012868097983300686,-0.027538402006030083,-0.010387097485363483,0.029431907460093498,0.010390499606728554,0-2deg,0.00-0.04,0.0,0.0,0.0,0.0
3,18,False,False,0.35636383295059204,0.2698565125465393,0.0,0.0,0.5999999642372131,1.8826490640640259,1.1354880332946777,-0.6112425923347473,-1.4626209735870361,1.8985315561294556,0.3683680295944214,0.034131377935409546,0.1113637164235115,2.9016289710998535,1.4395047426223755,1.2104387283325195,0.19910801947116852,>=0.15,True,True,False,True,False,True,False,True,True,0.3683680295944214,-1.4213300943374634,1.2586669921875,3.7232744693756104,3.7232744693756104,0.0,0.3683680295944214,0.034131377935409546,0.0,-0.006199442315846682,-0.04415591433644295,0.0445886105298996,0.051634449511766434,0.8885489106178284,0.8885489106178284,-1.4213300943374634,1.2586669921875,0.03723274543881416,-0.006199442315846682,-0.04415591433644295,0.0445886105298996,0.051634449511766434,2-4deg,0.04-0.08,0.0,0.0,0.0,0.0
4,37,False,False,0.32401663064956665,0.14956948161125183,0.0,0.0,0.6800000071525574,1.2214680910110474,0.586754322052002,0.06343919783830643,0.164260596036911,1.4937407970428467,0.33230334520339966,0.008185455575585365,-0.0732581615447998,2.6371452808380127,1.376246452331543,1.4846819639205933,0.14568471908569336,0.10-0.15,True,True,False,True,False,False,False,True,True,0.33230334520339966,0.15719452500343323,1.4854466915130615,0.1223091185092926,0.1223091185092926,0.0,0.33230334520339966,0.004196507856249809,0.0,0.004872118588536978,-0.0005587713094428182,0.0049071707762777805,0.012881982140243053,0.4129467308521271,0.4129467308521271,0.15719452500343323,1.4854466915130615,0.001223091152496636,0.004872118588536978,-0.0005587713094428182,0.0049071707762777805,0.012881982140243053,0-2deg,0.00-0.04,0.0,0.0,0.0,0.0
5,10,False,False,0.7158819437026978,0.3091334104537964,0.0,0.0,0.7199999690055847,1.0740996599197388,0.6582821607589722,-1.0298123359680176,-1.1689093112945557,3.5488874912261963,0.7154006361961365,-0.0003292839974164963,0.08218414336442947,3.1238646507263184,1.6605545282363892,3.350858688354492,0.2187911719083786,>=0.15,True,True,False,False,False,False,False,True,False,0.0,0.0,0.0,0.0,0.0,0.0,0.7154006361961365,-0.0003292839974164963,0.0003292839974164963,0.0,0.0,0.0,0.0,0.0,0.7149545550346375,-1.148227572441101,3.358001708984375,0.0,-0.002908119698986411,0.005449007730931044,0.006176333408802748,0.04637182503938675,0-2deg,0.00-0.04,0.0,0.0,0.0,0.0
6,13,True,False,0.5523452162742615,0.15807248651981354,0.0,0.0,0.7199999690055847,2.6636605262756348,0.7441841959953308,-1.3417707681655884,-2.8458220958709717,3.239335536956787,0.5415340065956116,-0.02338091842830181,0.09373372793197632,2.415661573410034,1.1447972059249878,1.547446370124817,0.22796058654785156,>=0.15,True,True,False,False,False,False,False,True,False,0.0,0.0,0.0,0.0,0.0,0.0,0.5415340065956116,-0.02338091842830181,0.02338091842830181,0.0,0.0,0.0,0.0,0.0,1.2501535415649414,-2.8571274280548096,1.5264723300933838,0.0,0.02513793855905533,0.015010282397270203,0.029277566820383072,0.009377635084092617,0-2deg,0.00-0.04,0.0,0.0,0.0,0.0
7,31,False,False,0.19314195215702057,0.17764505743980408,0.0,0.0,0.7199999690055847,1.8513559103012085,1.1308140754699707,-0.5548799633979797,-0.6685458421707153,1.361407995223999,0.1867520958185196,-0.011338507756590843,0.08050862699747086,1.7848550081253052,0.9249038696289062,1.1859503984451294,0.11617974191904068,0.10-0.15,True,True,False,True,False,False,False,True,True,0.1867520958185196,-0.6909001469612122,1.1730681657791138,0.2589710056781769,0.2589710056781769,0.0,0.1867520958185196,-0.011338507756590843,0.011338507756590843,0.0011352685978636146,-0.019652768969535828,0.019686592742800713,0.01702377013862133,0.1264510154724121,0.1264510154724121,-0.6909001469612122,1.1730681657791138,0.002589710056781769,0.0011352685978636146,-0.019652768969535828,0.019686592742800713,0.01702377013862133,0-2deg,0.00-0.04,0.0,0.0,0.0,0.0
8,5,False,False,0.6357691884040833,0.409669429063797,0.0,0.0,0.7999999523162842,2.212249755859375,0.800611138343811,-2.4166548252105713,-2.742661237716675,4.1832427978515625,0.6701546311378479,-0.02451644465327263,0.1294814497232437,2.615351676940918,1.2436940670013428,3.158691167831421,0.17904740571975708,>=0.15,True,True,False,False,False,False,False,True,False,0.0,0.0,0.0,0.0,0.0,0.0,0.6701546311378479,-0.02451644465327263,0.02451644465327263,0.0,0.0,0.0,0.0,0.0,1.488517165184021,-2.738487958908081,3.1623098850250244,0.0,-0.001349804108031094,-0.0012827556347474456,0.0018593198619782925,0.021590320393443108,0-2deg,0.00-0.04,0.0,0.0,0.0,0.0
9,14,False,False,0.8196716904640198,0.34373801946640015,0.0,0.0,0.8399999737739563,1.3898603916168213,0.9662517309188843,-1.4244245290756226,-1.1810953617095947,3.6350271701812744,0.8391186594963074,-0.004307914525270462,-0.11011341214179993,3.1666617393493652,1.745741367340088,3.437795400619507,0.09758682548999786,0.05-0.10,True,True,False,False,False,False,False,True,False,0.0,0.0,0.0,0.0,0.0,0.0,0.8391186594963074,-0.004307914525270462,0.004307914525270462,0.0,0.0,0.0,0.0,0.0,1.2119593620300293,-1.2124385833740234,3.4268667697906494,0.0,0.02900153025984764,0.022665852680802345,0.036806631833314896,0.01833350956439972,0-2deg,0.00-0.04,0.0,0.0,0.0,0.0
10,57,False,False,0.9621655941009521,0.3490836024284363,0.0,0.0,0.8399999737739563,1.2581819295883179,0.799956738948822,-1.1356186866760254,-0.967261552810669,3.712817907333374,0.9768028855323792,-0.003361513838171959,-0.06868484616279602,3.3331549167633057,1.7198888063430786,3.584609031677246,0.008722599595785141,0.00-0.05,True,True,False,False,False,False,False,True,False,0.0,0.0,0.0,0.0,0.0,0.0,0.9768028855323792,-0.003361513838171959,0.003361513838171959,0.0,0.0,0.0,0.0,0.0,0.937996506690979,-0.719091534614563,3.6425161361694336,0.0,-0.07286209613084793,0.01655627228319645,0.07471642643213272,0.03408975526690483,0-2deg,0.00-0.04,0.0,0.0,0.0,0.0
11,58,False,False,0.6075620651245117,0.5057428479194641,0.0,0.0,0.8799999952316284,1.7278938293457031,0.6270151734352112,-1.7288002967834473,-1.972646713256836,2.486412763595581,0.6167696714401245,-0.017533734440803528,0.09795457869768143,2.233665704727173,1.022408366203308,1.5135763883590698,0.15517698228359222,>=0.15,True,True,False,False,False,False,False,True,False,0.0,0.0,0.0,0.0,0.0,0.0,0.6167696714401245,-0.017533734440803528,0.017533734440803528,0.0,0.0,0.0,0.0,0.0,0.9003363847732544,-1.9853256940841675,1.4969072341918945,0.0,0.0462106317281723,-0.02082817256450653,0.050684455782175064,0.0583997443318367,0-2deg,0.00-0.04,0.0,0.0,0.0,0.0
12,28,False,False,0.8029129505157471,0.23897193372249603,0.0,0.0,1.0,0.73579341173172,0.44126200675964355,-0.5503860712051392,-0.7655866146087646,1.5138527154922485,0.8246825337409973,-0.014474513940513134,-0.030482225120067596,2.5468063354492188,1.5779670476913452,1.3059966564178467,0.18671874701976776,>=0.15,True,True,False,False,False,False,False,True,False,0.0,0.0,0.0,0.0,0.0,0.0,0.8246825337409973,-0.014474513940513134,0.014474513940513134,0.0,0.0,0.0,0.0,0.0,1.094417691230774,-0.7653286457061768,1.306147813796997,0.0,0.009545906446874142,-0.002466996433213353,0.009856793098151684,0.02651701681315899,0-2deg,0.00-0.04,0.0,0.0,0.0,0.0
13,35,False,False,0.8847238421440125,0.3373473882675171,0.0,0.0,1.0799999237060547,0.9763560891151428,0.6772575378417969,-0.6152480244636536,-0.6302965879440308,1.4771790504455566,0.8881182670593262,-0.006021949462592602,-0.11883040517568588,2.7927629947662354,1.7251732349395752,1.3359581232070923,0.20117971301078796,>=0.15,True,True,False,False,False,False,False,True,False,0.0,0.0,0.0,0.0,0.0,0.0,0.8881182670593262,-0.006021949462592602,0.006021949462592602,0.0,0.0,0.0,0.0,0.0,0.3746204078197479,-0.6159593462944031,1.3426287174224854,0.0,0.0069581433199346066,-0.008135276846587658,0.01070332806557417,0.023142991587519646,0-2deg,0.00-0.04,0.0,0.0,0.0,0.0
14,3,False,False,0.8914421200752258,0.3561702072620392,0.0,0.0,1.1200000047683716,0.9323035478591919,0.6026652455329895,-0.38233068585395813,-0.26829302310943604,1.4479734897613525,0.888722836971283,-0.005801827646791935,-0.12079644203186035,2.858264207839966,1.695449948310852,1.4229005575180054,0.20012100040912628,>=0.15,True,True,False,False,False,False,False,True,False,0.0,0.0,0.0,0.0,0.0,0.0,0.888722836971283,-0.005801827646791935,0.005801827646791935,0.0,0.0,0.0,0.0,0.0,0.1388293206691742,-0.29154273867607117,1.4183194637298584,0.0,-0.028545338660478592,-0.00322390696965158,0.02872670255601406,0.011247171089053154,0-2deg,0.00-0.04,0.0,0.0,0.0,0.0
15,62,False,False,0.8634101748466492,0.278298944234848,0.0,0.0,1.1200000047683716,2.6303212642669678,0.7642856240272522,-1.6447850465774536,-2.1496427059173584,3.3209755420684814,0.8812284469604492,-0.02844678983092308,0.05772286280989647,2.8827950954437256,1.63690185546875,2.531386137008667,0.1960259974002838,>=0.15,True,True,False,False,False,False,False,True,False,0.0,0.0,0.0,0.0,0.0,0.0,0.8812284469604492,-0.02844678983092308,0.02844678983092308,0.0,0.0,0.0,0.0,0.0,1.1659893989562988,-2.175579786300659,2.509129762649536,0.0,-0.013655080460011959,0.0011682413751259446,0.013706814497709274,0.04919701814651489,0-2deg,0.00-0.04,0.0,0.0,0.0,0.0
16,9,False,False,0.18803687393665314,0.17974793910980225,0.0,0.0,1.2200000286102295,3.2926464080810547,0.8588495254516602,0.9939134120941162,0.25240325927734375,2.1348609924316406,0.1913282722234726,0.056076373904943466,0.08972875773906708,3.3582184314727783,1.5057344436645508,2.119887590408325,0.1531817466020584,>=0.15,True,True,False,True,False,True,False,True,True,0.1913282722234726,0.2491900771856308,2.120267868041992,5.493448734283447,5.493448734283447,0.0,0.1913282722234726,0.03947199508547783,0.0,-0.00031852314714342356,-0.038269974291324615,0.03827093914151192,0.009765179827809334,1.1709498167037964,1.1709498167037964,0.2491900771856308,2.120267868041992,0.054934486746788025,-0.00031852314714342356,-0.038269974291324615,0.03827093914151192,0.009765179827809334,2-4deg,0.00-0.04,0.0,0.0,0.0,0.0
17,45,False,False,0.519281268119812,0.33455508947372437,0.0,0.0,1.2400000095367432,2.114759683609009,0.7583977580070496,-0.06324317306280136,-0.21433189511299133,1.0793402194976807,0.5226876735687256,-0.0005784649401903152,0.13968294858932495,1.619992733001709,0.9384165406227112,1.0578455924987793,0.21737076342105865,>=0.15,True,True,False,False,False,False,False,True,False,0.0,0.0,0.0,0.0,0.0,0.0,0.5226876735687256,-0.0005784649401903152,0.0005784649401903152,0.0,0.0,0.0,0.0,0.0,0.1828286200761795,-0.26959657669067383,1.045128345489502,0.0,0.07679252326488495,0.002800887916237116,0.07684371620416641,0.041285138577222824,0-2deg,0.00-0.04,0.0,0.0,0.0,0.0
18,30,False,False,0.5275565385818481,0.4407449960708618,0.0,0.0,0.7199999690055847,2.463658571243286,0.9589035511016846,-2.3860626220703125,-2.5293216705322266,2.6039726734161377,0.5232325792312622,-0.05187804251909256,0.056611672043800354,2.278458595275879,1.2239760160446167,0.619036078453064,0.07224306464195251,0.05-0.10,True,True,False,False,False,False,False,True,False,0.0,0.0,0.0,0.0,0.0,0.0,0.5232325792312622,-0.05187804251909256,0.05187804251909256,0.0,0.0,0.0,0.0,0.0,0.6432734727859497,-2.524913787841797,0.6367768049240112,0.0,0.024244122207164764,-0.015363655053079128,0.028701789677143097,0.03686993196606636,0-2deg,0.00-0.04,0.0,0.0,0.0,0.0
19,34,False,False,0.5666568875312805,0.1941022127866745,0.0,0.0,1.2599999904632568,2.886960744857788,0.7956703305244446,-1.3159524202346802,-1.175872802734375,3.187835931777954,0.567225992679596,-0.00612823199480772,-0.09729871898889542,3.4976587295532227,1.6814807653427124,2.9630424976348877,0.12607836723327637,0.10-0.15,True,True,False,False,False,False,False,True,False,0.0,0.0,0.0,0.0,0.0,0.0,0.567225992679596,-0.00612823199480772,0.00612823199480772,0.0,0.0,0.0,0.0,0.0,0.27112874388694763,-1.187116265296936,2.9585559368133545,0.0,-0.004463489167392254,0.00020066663273610175,0.004461836535483599,0.06822815537452698,0-2deg,0.00-0.04,0.0,0.0,0.0,0.0
20,13,False,False,0.14148980379104614,0.08434834331274033,0.0,0.0,0.6200000047683716,1.1180342435836792,0.5893198847770691,-0.22000235319137573,-0.2318391501903534,2.231210470199585,0.127419576048851,0.004956189543008804,-0.10447204858064651,2.599576473236084,1.3096898794174194,2.219132900238037,0.19081909954547882,>=0.15,True,True,False,True,False,False,False,True,True,0.127419576048851,-0.2544386386871338,2.2166554927825928,0.75286865234375,0.75286865234375,0.0,0.127419576048851,0.004956189543008804,0.0,0.0037350314669311047,0.04022754356265068,0.040400464087724686,0.03272085264325142,0.3628367781639099,0.3628367781639099,-0.2544386386871338,2.2166554927825928,0.0075286864303052425,0.0037350314669311047,0.04022754356265068,0.040400464087724686,0.03272085264325142,2-4deg,0.00-0.04,0.0,0.0,0.0,0.0
21,16,False,False,0.5085737109184265,0.4660766124725342,0.0,0.0,1.3399999141693115,1.7129874229431152,0.6135002970695496,-1.5134499073028564,-1.7403255701065063,1.8858438730239868,0.5072295665740967,-0.02881254069507122,0.11314286291599274,2.067687511444092,0.9468105435371399,0.7264116406440735,0.1230078935623169,0.10-0.15,True,True,False,False,False,False,False,True,False,0.0,0.0,0.0,0.0,0.0,0.0,0.5072295665740967,-0.02881254069507122,0.02881254069507122,0.0,0.0,0.0,0.0,0.0,0.7269786596298218,-1.6945151090621948,0.8276625275611877,0.0,-0.05950610712170601,-0.0021182307973504066,0.05954407528042793,0.017221366986632347,0-2deg,0.00-0.04,0.0,0.0,0.0,0.0
22,58,False,False,0.16185174882411957,0.15271145105361938,0.0,0.0,0.5199999809265137,2.9374277591705322,1.2207363843917847,0.43334436416625977,0.16068638861179352,0.8498045802116394,0.15221257507801056,0.046435531228780746,0.16571107506752014,2.6158416271209717,1.3492317199707031,0.834474503993988,0.0678580179810524,0.05-0.10,True,True,False,True,False,True,False,True,True,0.15221257507801056,0.10192136466503143,0.8436704277992249,10.171265602111816,10.171265602111816,0.0,0.15221257507801056,0.046435531228780746,0.0,0.06751702725887299,0.04014947637915611,0.07853711396455765,0.03549584001302719,1.402919888496399,1.402919888496399,0.10192136466503143,0.8436704277992249,0.1017126515507698,0.06751702725887299,0.04014947637915611,0.07853711396455765,0.03549584001302719,4-6deg,0.00-0.04,0.0,0.0,0.0,0.0
23,15,False,False,0.503696084022522,0.2734359800815582,0.0,0.0,1.5199999809265137,0.859329879283905,0.4485674798488617,-0.6361538767814636,-0.5580083727836609,2.642773389816284,0.5340110063552856,-0.008372180163860321,0.10527060925960541,2.405113458633423,1.1745884418487549,2.583191394805908,0.13184112310409546,0.10-0.15,True,True,False,False,False,False,False,True,False,0.0,0.0,0.0,0.0,0.0,0.0,0.5340110063552856,-0.008372180163860321,0.008372180163860321,0.0,0.0,0.0,0.0,0.0,1.106877088546753,-0.600139856338501,2.5737295150756836,0.0,0.014856811612844467,0.006945949513465166,0.016399458050727844,0.04586915671825409,0-2deg,0.00-0.04,0.0,0.0,0.0,0.0
24,50,False,False,0.46154943108558655,0.3487645983695984,0.0,0.0,1.559999942779541,0.9685844779014587,0.45450910925865173,-0.9089807868003845,-1.0226504802703857,2.223957061767578,0.4864025115966797,-0.009454772807657719,0.15236371755599976,2.1794230937957764,1.047452449798584,1.974885106086731,0.09017470479011536,0.05-0.10,True,True,False,False,False,False,False,True,False,0.0,0.0,0.0,0.0,0.0,0.0,0.4864025115966797,-0.009454772807657719,0.009454772807657719,0.0,0.0,0.0,0.0,0.0,1.1116185188293457,-0.9873418211936951,1.9927722215652466,0.0,-0.022352606058120728,-0.005213587079197168,0.02295231819152832,0.06571152806282043,0-2deg,0.00-0.04,0.0,0.0,0.0,0.0
25,33,False,False,0.31107857823371887,0.30364373326301575,0.0,0.0,1.6999999284744263,0.8250793218612671,0.34655070304870605,0.02043743245303631,-0.06813541054725647,0.5764666199684143,0.30733007192611694,-0.0011903084814548492,0.08442952483892441,2.27887225151062,0.9961748123168945,0.5724258422851562,0.1862902194261551,>=0.15,True,True,False,False,False,False,False,True,False,0.0,0.0,0.0,0.0,0.0,0.0,0.30733007192611694,-0.0011903084814548492,0.0011903084814548492,0.0,0.0,0.0,0.0,0.0,0.04900362715125084,-0.06476934999227524,0.5728164315223694,0.0,-0.01202319748699665,-0.010889857076108456,0.016220377758145332,0.015044416300952435,0-2deg,0.00-0.04,0.0,0.0,0.0,0.0
26,59,False,False,0.5071156024932861,0.5071156024932861,0.0,0.0,1.1399999856948853,1.6866108179092407,0.5776199698448181,-0.030256938189268112,-0.136939138174057,0.5418967008590698,0.5079799294471741,-0.0020128805190324783,0.10071426630020142,1.701685905456543,0.6954930424690247,0.5243088006973267,0.1687314808368683,>=0.15,True,True,False,False,False,False,False,True,False,0.0,0.0,0.0,0.0,0.0,0.0,0.5079799294471741,-0.0020128805190324783,0.0020128805190324783,0.0,0.0,0.0,0.0,0.0,0.16204485297203064,-0.16257961094379425,0.5169331431388855,0.0,0.06503617763519287,0.03505418822169304,0.07387004047632217,0.00793257262557745,0-2deg,0.00-0.04,0.0,0.0,0.0,0.0
27,62,False,False,0.41341477632522583,0.349753201007843,0.0,0.0,0.8199999928474426,2.1180334091186523,0.9090191721916199,-0.09204275161027908,-0.3570750951766968,1.7389709949493408,0.4005281925201416,-0.0059450119733810425,0.09149142354726791,1.9600770473480225,1.0510280132293701,1.7019158601760864,0.21143054962158203,>=0.15,True,True,False,False,False,False,False,True,False,0.0,0.0,0.0,0.0,0.0,0.0,0.4005281925201416,-0.0059450119733810425,0.0059450119733810425,0.0,0.0,0.0,0.0,0.0,0.3040247857570648,-0.3574884831905365,1.7018290758132935,0.0,0.0012551890686154366,0.007989708334207535,0.008089886046946049,0.037460584193468094,0-2deg,0.00-0.04,0.0,0.0,0.0,0.0
28,16,False,False,0.391340047121048,0.33234867453575134,0.0,0.0,0.6200000047683716,3.453308582305908,1.5856411457061768,-3.124333381652832,-2.3439815044403076,3.475963830947876,0.36097604036331177,-0.033029235899448395,-0.04712831601500511,2.5425474643707275,1.345657467842102,2.5667245388031006,0.15399904549121857,>=0.15,True,True,False,False,False,False,False,True,False,0.0,0.0,0.0,0.0,0.0,0.0,0.36097604036331177,-0.033029235899448395,0.033029235899448395,0.0,0.0,0.0,0.0,0.0,1.4050086736679077,-2.2673802375793457,2.634636878967285,0.0,-0.03421347588300705,0.008949019946157932,0.03536432981491089,0.0432666540145874,0-2deg,0.00-0.04,0.0,0.0,0.0,0.0
29,38,False,False,1.0782644748687744,0.46343672275543213,0.0,0.0,1.959999918937683,2.461951732635498,0.41411930322647095,-1.738881230354309,-1.6120680570602417,1.7329844236373901,1.0850967168807983,-0.028501790016889572,-0.12521590292453766,3.5818886756896973,1.5248444080352783,0.6359809637069702,0.20078834891319275,>=0.15,True,True,False,False,False,False,False,True,False,0.0,0.0,0.0,0.0,0.0,0.0,1.0850967168807983,-0.028501790016889572,0.028501790016889572,0.0,0.0,0.0,0.0,0.0,0.24554136395454407,-1.6050450801849365,0.6535024046897888,0.0,0.011682734824717045,-0.00963769480586052,0.015144736506044865,0.026767337694764137,0-2deg,0.00-0.04,0.0,0.0,0.0,0.0
30,58,False,False,0.20742830634117126,0.17494983971118927,0.0,0.0,0.5600000023841858,1.7986421585083008,0.8729386925697327,0.6938735842704773,0.30472707748413086,0.7910472750663757,0.2175447642803192,0.03776038810610771,-0.07116096466779709,2.613858461380005,1.3421128988265991,0.7299981117248535,0.1859414130449295,>=0.15,True,True,False,True,False,True,False,True,True,0.2175447642803192,0.3302282989025116,0.7188220024108887,7.564381122589111,7.564381122589111,0.0,0.2175447642803192,0.03776038810610771,0.0,0.03637200966477394,0.06267426908016205,0.07245200872421265,0.07079614698886871,0.997743546962738,0.997743546962738,0.3302282989025116,0.7188220024108887,0.07564380764961243,0.03637200966477394,0.06267426908016205,0.07245200872421265,0.07079614698886871,4-6deg,0.04-0.08,0.0,0.0,0.0,0.0
31,50,False,False,0.14832600951194763,0.14832600951194763,0.0,0.0,0.5799999833106995,2.9147496223449707,1.5327670574188232,-0.07842247933149338,-0.2986029386520386,0.5865027904510498,0.1369701623916626,0.023325305432081223,0.0005790882278233767,2.2647817134857178,1.3201799392700195,0.5047988295555115,0.18828417360782623,>=0.15,True,True,False,True,False,True,False,True,True,0.1369701623916626,-0.25096145272254944,0.5300980806350708,8.149084091186523,8.149084091186523,0.0,0.1369701623916626,0.023325305432081223,0.0,0.08636815845966339,0.035949744284152985,0.09353389590978622,0.034926705062389374,0.839086651802063,0.839086651802063,-0.25096145272254944,0.5300980806350708,0.08149083703756332,0.08636815845966339,0.035949744284152985,0.09353389590978622,0.034926705062389374,4-6deg,0.00-0.04,0.0,0.0,0.0,0.0
32,13,False,False,0.2978137135505676,0.27685463428497314,0.0,0.0,0.8199999928474426,1.853558897972107,0.8457595109939575,0.1580066829919815,0.1862221211194992,0.7544476985931396,0.29668164253234863,-0.001913599669933319,0.013379231095314026,1.6616798639297485,0.8684514760971069,0.7311037182807922,0.1910490244626999,>=0.15,True,True,False,False,False,False,False,True,False,0.0,0.0,0.0,0.0,0.0,0.0,0.29668164253234863,-0.004746695049107075,0.004746695049107075,0.0,0.0,0.0,0.0,0.0,0.1309136599302292,0.19134210050106049,0.7297804951667786,0.0,-0.0025419979356229305,0.008859406225383282,0.009219372645020485,0.015385118313133717,0-2deg,0.00-0.04,0.0,0.0,0.0,0.0
33,18,False,False,0.4790898561477661,0.34855619072914124,0.0,0.0,1.6799999475479126,1.141350269317627,0.5105166435241699,-1.1513255834579468,-1.2299271821975708,2.8790194988250732,0.5087572336196899,-0.023050013929605484,0.15953177213668823,2.28574275970459,0.9868056774139404,2.603081464767456,0.15158231556415558,>=0.15,True,True,False,False,False,False,False,True,False,0.0,0.0,0.0,0.0,0.0,0.0,0.5087572336196899,-0.023050013929605484,0.023050013929605484,0.0,0.0,0.0,0.0,0.0,1.0303051471710205,-1.2902188301086426,2.573730707168579,0.0,0.03745938092470169,-0.020945269614458084,0.04291513189673424,0.04753205180168152,0-2deg,0.00-0.04,0.0,0.0,0.0,0.0
34,28,False,False,0.395304411649704,0.2970164120197296,0.0,0.0,1.3799999952316284,1.7111893892288208,0.6668063402175903,-1.754776954650879,-1.9223825931549072,3.099555730819702,0.42443546652793884,-0.020825183019042015,0.13822494447231293,2.361706495285034,1.1295093297958374,2.431396961212158,0.18280981481075287,>=0.15,True,True,False,False,False,False,False,True,False,0.0,0.0,0.0,0.0,0.0,0.0,0.42443546652793884,-0.020825183019042015,0.020825183019042015,0.0,0.0,0.0,0.0,0.0,1.1142606735229492,-1.882524847984314,2.4623863697052,0.0,0.0070329029113054276,-0.0294589065015316,0.030286405235528946,0.006032710429280996,0-2deg,0.00-0.04,0.0,0.0,0.0,0.0
35,11,False,False,0.3296903669834137,0.3296903669834137,0.0,0.0,2.419999837875366,0.557208776473999,0.27386531233787537,0.008846420794725418,-0.09300127625465393,0.5086067318916321,0.32137972116470337,-0.0005161073058843613,0.12019655108451843,2.0976498126983643,0.8966391682624817,0.5000315308570862,0.21225780248641968,>=0.15,True,True,False,False,False,False,False,True,False,0.0,0.0,0.0,0.0,0.0,0.0,0.32137972116470337,-0.0005161073058843613,0.0005161073058843613,0.0,0.0,0.0,0.0,0.0,0.10956213623285294,-0.08751730620861053,0.5010204911231995,0.0,-0.015631433576345444,-0.027374882251024246,0.03152287378907204,0.06072511896491051,0-2deg,0.00-0.04,0.0,0.0,0.0,0.0
36,49,False,False,0.4260188639163971,0.15973472595214844,0.0,0.0,2.5399999618530273,1.7085355520248413,0.3937380909919739,-0.36905449628829956,-0.48393410444259644,1.375892996788025,0.43787702918052673,-0.006424743682146072,0.1176673024892807,2.11555552482605,0.8224452137947083,1.2879786491394043,0.2323950231075287,>=0.15,True,True,False,False,False,False,False,True,False,0.0,0.0,0.0,0.0,0.0,0.0,0.43787702918052673,-0.006424743682146072,0.006424743682146072,0.0,0.0,0.0,0.0,0.0,0.4426019489765167,-0.4575476348400116,1.2975867986679077,0.0,-0.053955577313899994,-0.003822008613497019,0.054090216755867004,0.02944662794470787,0-2deg,0.00-0.04,0.0,0.0,0.0,0.0
37,30,False,False,0.5615394115447998,0.34444764256477356,0.0,0.0,1.7799999713897705,0.7801241874694824,0.3550354838371277,-0.6456175446510315,-0.6115947365760803,2.747967004776001,0.5884688496589661,-0.001267503947019577,0.10663307458162308,2.3561136722564697,1.139610767364502,2.6790435314178467,0.09090437740087509,0.05-0.10,True,True,False,False,False,False,False,True,False,0.0,0.0,0.0,0.0,0.0,0.0,0.5884688496589661,-0.001267503947019577,0.001267503947019577,0.0,0.0,0.0,0.0,0.0,0.9665037393569946,-0.6414466500282288,2.672053337097168,0.0,0.017695527523756027,-0.03198879584670067,0.03655633330345154,0.054784201085567474,0-2deg,0.00-0.04,0.0,0.0,0.0,0.0
38,28,False,False,0.520138680934906,0.4712110459804535,0.0,0.0,0.6800000071525574,3.1948537826538086,1.1949740648269653,-2.8869872093200684,-2.419011116027832,2.6283071041107178,0.5027681589126587,-0.007162638008594513,0.14690546691417694,2.4341065883636475,1.3623169660568237,1.0278050899505615,0.03385050967335701,0.00-0.05,True,True,False,False,False,False,False,True,False,0.0,0.0,0.0,0.0,0.0,0.0,0.5027681589126587,-0.007162638008594513,0.007162638008594513,0.0,0.0,0.0,0.0,0.0,0.5156131982803345,-2.366392135620117,1.1437602043151855,0.0,-0.004632924683392048,0.058684516698122025,0.05886715278029442,0.031598616391420364,0-2deg,0.00-0.04,0.0,0.0,0.0,0.0
39,11,False,False,0.3444184362888336,0.2887677848339081,0.0,0.0,0.6800000071525574,2.4168920516967773,1.3156424760818481,-1.529617428779602,-1.5966930389404297,2.2960457801818848,0.32811787724494934,-0.025859802961349487,0.01077280379831791,1.8651371002197266,1.075635313987732,1.6499689817428589,0.11315804719924927,0.10-0.15,True,True,False,True,False,True,False,True,True,0.32811787724494934,-1.6221085786819458,1.6249892711639404,0.8378143906593323,0.8378143906593323,0.0,0.32811787724494934,-0.025859802961349487,0.025859802961349487,0.009818111546337605,-0.01273172814399004,0.01607642136514187,0.0515543594956398,0.6097826361656189,0.6097826361656189,-1.6221085786819458,1.6249892711639404,0.008378143422305584,0.009818111546337605,-0.01273172814399004,0.01607642136514187,0.0515543594956398,0-2deg,0.04-0.08,0.0,0.0,0.0,0.0
40,45,False,False,0.5504583120346069,0.3595260679721832,0.0,0.0,1.9199999570846558,0.7759789824485779,0.46639344096183777,-0.45751145482063293,-0.6994622349739075,0.8796969652175903,0.55754154920578,-0.00204361230134964,0.10823532193899155,2.1113789081573486,1.1162880659103394,0.5334972739219666,0.09637144207954407,0.05-0.10,True,True,False,False,False,False,False,True,False,0.0,0.0,0.0,0.0,0.0,0.0,0.55754154920578,-0.00204361230134964,0.00204361230134964,0.0,0.0,0.0,0.0,0.0,0.41965875029563904,-0.7009473443031311,0.5315445065498352,0.0,-0.0012284622061997652,0.004786089528352022,0.004943476058542728,0.019292445853352547,0-2deg,0.00-0.04,0.0,0.0,0.0,0.0
41,16,True,False,0.609760582447052,0.489135205745697,0.0,0.0,1.3600000143051147,3.231313467025757,0.4817729890346527,-3.21282696723938,-2.7700583934783936,3.9622600078582764,0.590688169002533,-0.040200211107730865,0.10816396027803421,2.363469123840332,0.7222380042076111,2.833069324493408,0.19832168519496918,>=0.15,True,True,False,False,False,False,False,True,False,0.0,0.0,0.0,0.0,0.0,0.0,0.590688169002533,-0.040200211107730865,0.040200211107730865,0.0,0.0,0.0,0.0,0.0,0.9189547896385193,-2.685831069946289,2.9130425453186035,0.0,0.0657951682806015,-1.7563430446898565e-05,0.06579496711492538,0.0681011974811554,0-2deg,0.00-0.04,0.0,0.0,0.0,0.0
42,34,False,False,1.020801067352295,0.22428755462169647,0.0,0.0,2.299999952316284,2.9347317218780518,0.4009121358394623,-1.0366774797439575,-0.9070446491241455,2.4193291664123535,1.047249674797058,-0.013483998365700245,-0.08341040462255478,2.4888761043548584,1.6397185325622559,2.2428605556488037,0.19907544553279877,>=0.15,True,True,False,False,False,False,False,True,False,0.0,0.0,0.0,0.0,0.0,0.0,1.047249674797058,-0.013483998365700245,0.013483998365700245,0.0,0.0,0.0,0.0,0.0,0.9246999621391296,-0.7766166925430298,2.291292428970337,0.0,0.04122939705848694,0.07583630084991455,0.08630000799894333,0.052792925387620926,0-2deg,0.00-0.04,0.0,0.0,0.0,0.0
43,21,False,False,0.2821918725967407,0.1758846938610077,0.0,0.0,3.7200000286102295,0.5083897709846497,0.14975182712078094,-0.3111518621444702,-0.38081878423690796,1.9490936994552612,0.2885240316390991,0.0066794659942388535,-0.013812139630317688,1.7896583080291748,0.8176324367523193,1.9115290641784668,0.0899919867515564,0.05-0.10,True,True,False,True,False,False,False,True,True,0.2885240316390991,-0.384383887052536,1.9108153581619263,0.27791061997413635,0.27791061997413635,0.0,0.2885240316390991,0.0066794659942388535,0.0,0.0015407853061333299,-0.001090695383027196,0.0018911053193733096,0.000702010584063828,0.4105677306652069,0.4105677306652069,-0.384383887052536,1.9108153581619263,0.002779106143862009,0.0015407853061333299,-0.001090695383027196,0.0018911053193733096,0.000702010584063828,0-2deg,0.00-0.04,0.0,0.0,0.0,0.0
44,16,False,False,0.6890099048614502,0.6890099048614502,0.0,0.0,1.2400000095367432,1.8311877250671387,0.6135314106941223,-0.16326914727687836,-0.15044012665748596,0.7214526534080505,0.6949276328086853,-0.000729776918888092,0.011278580874204636,1.8827708959579468,0.8291976451873779,0.7055931687355042,0.2169657200574875,>=0.15,True,True,False,False,False,False,False,True,False,0.0,0.0,0.0,0.0,0.0,0.0,0.6949276328086853,-0.000729776918888092,0.000729776918888092,0.0,0.0,0.0,0.0,0.0,0.23334810137748718,-0.1815308779478073,0.6982409358024597,0.0,-0.009118538349866867,0.05017988756299019,0.05100112408399582,0.04913792386651039,0-2deg,0.00-0.04,0.0,0.0,0.0,0.0
45,49,False,False,0.32009074091911316,0.05156346783041954,0.0,0.0,6.37999963760376,1.1925065517425537,0.1757282018661499,-0.38168129324913025,-0.3041970133781433,1.874440312385559,0.32751354575157166,-0.004795386455953121,-0.0995345190167427,1.7124484777450562,0.7053429484367371,1.8495920896530151,0.24740765988826752,>=0.15,True,True,False,True,False,False,False,True,True,0.11652212589979172,-0.1670505553483963,1.2028251886367798,0.03550047054886818,0.07150338590145111,0.0,0.32751354575157166,-0.018054082989692688,0.018054082989692688,0.03586248680949211,0.07504536956548691,0.08315949141979218,0.024744825437664986,0.19218768179416656,0.40962889790534973,-0.3310033679008484,1.8449833393096924,0.0007150338497012854,0.030856244266033173,0.06453298777341843,0.07152136415243149,0.03502890095114708,4-6deg,0.00-0.04,0.0,0.0,0.0,0.0
46,51,False,False,0.2195582389831543,0.07115603238344193,0.0,0.0,8.920000076293945,1.6568105220794678,0.11246072500944138,-0.03696976602077484,0.04265298321843147,0.35285088419914246,0.07555212825536728,0.1525947004556656,-0.0780874714255333,1.6166054010391235,0.3646121919155121,0.35026344656944275,0.2101786732673645,>=0.15,True,True,False,False,False,False,False,False,False,0.0,0.0,0.0,0.0,0.0,0.0,0.07555212825536728,0.0017355140298604965,0.0,0.0,0.0,0.0,0.0,0.0,0.1040978878736496,0.04221794754266739,0.3503161370754242,0.0,0.0020136740058660507,-0.006828807294368744,0.007117875851690769,0.010599338449537754,0-2deg,0.00-0.04,0.0,0.0,0.0,0.0
47,51,False,False,0.27378785610198975,0.25647345185279846,0.0,0.0,0.5999999642372131,2.768108367919922,1.4251407384872437,-0.1660720556974411,0.026926547288894653,0.8315296173095703,0.2549527883529663,0.01937979832291603,-0.19011564552783966,2.3744356632232666,1.345241665840149,0.8310935497283936,0.11275254189968109,0.10-0.15,True,True,False,True,False,True,False,True,True,0.2549527883529663,0.029942404478788376,0.8309903740882874,6.938352108001709,6.938352108001709,0.0,0.2549527883529663,0.01937979832291603,0.0,-0.006167126819491386,0.004569963086396456,0.007673960644751787,0.033878594636917114,0.8551534414291382,0.8551534414291382,0.029942404478788376,0.8309903740882874,0.06938351690769196,-0.006167126819491386,0.004569963086396456,0.007673960644751787,0.033878594636917114,0-2deg,0.00-0.04,0.0,0.0,0.0,0.0
48,61,False,False,0.20597024261951447,0.1267271488904953,0.0,0.0,9.739999771118164,1.47509765625,0.1012624204158783,-0.07469110935926437,-0.008731067180633545,0.1863996535539627,0.14645490050315857,0.09065514802932739,-0.06749008595943451,1.7930868864059448,0.374601811170578,0.18619506061077118,0.2210884541273117,>=0.15,True,True,False,False,False,False,False,False,False,0.0,0.0,0.0,0.0,0.0,0.0,0.14645490050315857,0.07192112505435944,0.0,0.0,0.0,0.0,0.0,0.0,0.04128941521048546,-0.006919426377862692,0.18627119064331055,0.0,-0.008440312929451466,0.008982694707810879,0.012323739938437939,0.026650648564100266,0-2deg,0.00-0.04,0.0,0.0,0.0,0.0
49,0,False,False,0.19857972860336304,0.1350945085287094,0.0,0.0,9.979999542236328,1.6643445491790771,0.11501824855804443,0.028563646599650383,-0.013689734041690826,0.07785432785749435,0.010587797500193119,0.14326585829257965,0.04243217036128044,1.498089075088501,0.2682133615016937,0.07664129137992859,0.21368494629859924,>=0.15,False,False,True,False,False,False,False,False,False,0.0,0.0,0.0,0.0,0.0,0.0,0.010587797500193119,0.045280735939741135,0.0,0.0,0.0,0.0,0.0,0.0,0.023798951879143715,-0.01211000420153141,0.0769067257642746,0.0,0.006321089807897806,-0.0204879529774189,0.021440349519252777,0.018495142459869385,0-2deg,0.00-0.04,0.0,0.0,0.0,0.0
50,1,False,False,0.20939412713050842,0.17854087054729462,0.0,0.0,9.979999542236328,0.46577075123786926,0.08773854374885559,0.0978604406118393,-0.03569614142179489,0.09199471026659012,0.10406962782144547,0.1292530596256256,0.13698194921016693,1.4847657680511475,0.32099488377571106,0.08478686213493347,0.10859107971191406,0.10-0.15,False,False,True,False,False,False,False,False,False,0.0,0.0,0.0,0.0,0.0,0.0,0.10406962782144547,0.11783458292484283,0.0,0.0,0.0,0.0,0.0,0.0,0.11880757659673691,-0.03528544306755066,0.08495859801769257,0.0,0.07834799587726593,-0.060576606541872025,0.09899721294641495,0.039676468819379807,0-2deg,0.00-0.04,0.0,0.0,0.0,0.0
51,2,False,False,0.21598605811595917,0.12025734782218933,0.0,0.0,9.979999542236328,0.6040437817573547,0.08649738878011703,0.04020386189222336,-0.005060665309429169,0.09899411350488663,0.07759813219308853,0.14691610634326935,0.04754369333386421,1.832233190536499,0.5600520968437195,0.09886467456817627,0.17336706817150116,>=0.15,False,False,True,False,False,False,False,False,False,0.0,0.0,0.0,0.0,0.0,0.0,0.07759813219308853,0.06448930501937866,0.0,0.0,0.0,0.0,0.0,0.0,0.06301668286323547,-0.002331823343411088,0.09896663576364517,0.0,6.122840568423271e-05,0.028042474761605263,0.028042038902640343,0.016570324078202248,0-2deg,0.00-0.04,0.0,0.0,0.0,0.0
52,4,False,False,0.16055022180080414,0.14439915120601654,0.0,0.0,9.979999542236328,1.124422550201416,0.1130555272102356,0.09978243708610535,-0.04309375584125519,0.04655057564377785,0.04262559488415718,0.09978055953979492,0.14331601560115814,1.8801283836364746,0.3691488206386566,0.017603537067770958,0.19528426229953766,>=0.15,False,False,True,False,False,False,False,False,False,0.0,0.0,0.0,0.0,0.0,0.0,0.04262559488415718,0.0506228543817997,0.0,0.0,0.0,0.0,0.0,0.0,0.032736338675022125,-0.0427229143679142,0.01848536729812622,0.0,-0.015511923469603062,-0.023249423131346703,0.027948345988988876,0.016006244346499443,0-2deg,0.00-0.04,0.0,0.0,0.0,0.0
53,6,False,False,0.24960219860076904,0.12231903523206711,0.0,0.0,9.979999542236328,0.6179529428482056,0.10524857044219971,0.006507124286144972,-0.008579403162002563,0.1407865583896637,0.076962910592556,0.1837093085050583,0.015435701236128807,1.5315707921981812,0.4418116807937622,0.14052489399909973,0.1646626740694046,>=0.15,False,False,True,False,False,False,False,False,False,0.0,0.0,0.0,0.0,0.0,0.0,0.076962910592556,0.06453610956668854,0.0,0.0,0.0,0.0,0.0,0.0,0.10436427593231201,-0.005938732530921698,0.14066123962402344,0.0,-0.0810539722442627,0.003345606615766883,0.0811225101351738,0.03844648599624634,0-2deg,0.00-0.04,0.0,0.0,0.0,0.0
54,7,False,False,0.21779149770736694,0.16065289080142975,0.0,0.0,9.979999542236328,0.7985737919807434,0.11188534647226334,-0.07746482640504837,0.029214709997177124,0.10551806539297104,0.06664096564054489,0.15292969346046448,-0.10635041445493698,1.7499234676361084,0.3343309760093689,0.10139311105012894,0.14366751909255981,0.10-0.15,False,False,True,False,False,False,False,False,False,0.0,0.0,0.0,0.0,0.0,0.0,0.06664096564054489,0.1015566885471344,0.0,0.0,0.0,0.0,0.0,0.0,0.07454295456409454,0.035284485667943954,0.09944379329681396,0.0,-0.0470878966152668,-0.0454302653670311,0.06541948765516281,0.027218133211135864,0-2deg,0.00-0.04,0.0,0.0,0.0,0.0
55,8,False,False,0.26971614360809326,0.23916824162006378,0.0,0.0,9.979999542236328,0.27109935879707336,0.051945365965366364,0.016773387789726257,-0.09479882568120956,0.21708102524280548,0.08123797923326492,0.20320618152618408,0.11098834127187729,0.7643551826477051,0.2745659053325653,0.19528786838054657,0.15477462112903595,>=0.15,False,False,True,False,False,False,False,False,False,0.0,0.0,0.0,0.0,0.0,0.0,0.08123797923326492,0.18013055622577667,0.0,0.0,0.0,0.0,0.0,0.0,0.08359107375144958,-0.08361171931028366,0.2003328502178192,0.0,-0.05774184688925743,0.0016636202344670892,0.05776573717594147,0.010117683559656143,0-2deg,0.00-0.04,0.0,0.0,0.0,0.0
56,12,False,False,0.2929855287075043,0.19066496193408966,0.0,0.0,9.979999542236328,0.5835973620414734,0.08563624322414398,-0.06682804226875305,-0.08712184429168701,0.302240252494812,0.15732426941394806,0.19724875688552856,0.017747441306710243,1.743085265159607,0.45398950576782227,0.28941139578819275,0.15411216020584106,>=0.15,False,False,True,False,False,False,False,False,False,0.0,0.0,0.0,0.0,0.0,0.0,0.15732426941394806,0.12855678796768188,0.0,0.0,0.0,0.0,0.0,0.0,0.20594669878482819,-0.09883879125118256,0.285622239112854,0.0,0.041783664375543594,-0.07076579332351685,0.08216328173875809,0.026736320927739143,0-2deg,0.00-0.04,0.0,0.0,0.0,0.0
57,19,False,False,0.2126942276954651,0.20574145019054413,0.0,0.0,9.979999542236328,0.5046311616897583,0.09304787963628769,0.1482585370540619,-0.025422990322113037,0.18582814931869507,0.06886039674282074,0.1470840573310852,0.17360718548297882,1.5057098865509033,0.28980961441993713,0.18408088386058807,0.09287972003221512,0.05-0.10,False,False,True,False,False,False,False,False,False,0.0,0.0,0.0,0.0,0.0,0.0,0.06886039674282074,0.1470840573310852,0.0,0.0,0.0,0.0,0.0,0.0,0.06556157022714615,-0.024598388001322746,0.18419289588928223,0.0,-0.004395159427076578,0.0028955191373825073,0.005258955992758274,0.044206295162439346,0-2deg,0.00-0.04,0.0,0.0,0.0,0.0
58,20,False,False,0.2579335868358612,0.15512555837631226,0.0,0.0,9.979999542236328,0.6858571171760559,0.1078614667057991,0.06875916570425034,0.14270660281181335,0.199621319770813,0.14126995205879211,0.16379855573177338,-0.07423777133226395,1.7169612646102905,0.35357430577278137,0.1395832896232605,0.2019418179988861,>=0.15,False,False,True,False,False,False,False,False,False,0.0,0.0,0.0,0.0,0.0,0.0,0.14126995205879211,0.05790048465132713,0.0,0.0,0.0,0.0,0.0,0.0,0.1797104924917221,0.14085043966770172,0.14145608246326447,0.0,-0.014079042710363865,0.001384267583489418,0.014147641137242317,0.022114546969532967,0-2deg,0.00-0.04,0.0,0.0,0.0,0.0
59,22,False,False,0.20457343757152557,0.05317969247698784,0.0,0.0,9.979999542236328,1.4644044637680054,0.08297140151262283,0.08643322438001633,-0.05362483114004135,0.12325039505958557,0.02788880094885826,0.1477617770433426,0.14018377661705017,1.9700984954833984,0.20871542394161224,0.11097313463687897,0.0995832234621048,0.05-0.10,False,False,True,True,False,False,False,False,True,0.02818024717271328,-0.18507027626037598,0.2997623085975647,0.19397087395191193,0.19397087395191193,0.0,0.02788880094885826,-0.012087903916835785,0.012087903916835785,-0.035778675228357315,-0.02856520004570484,0.045778900384902954,0.019130298867821693,0.17325358092784882,0.019341416656970978,-0.05434456840157509,0.11062245815992355,0.001939708716236055,-0.006548165809363127,-0.001129180658608675,0.0066413553431630135,0.03599824383854866,2-4deg,0.00-0.04,0.0,0.0,0.0,0.0
60,23,False,False,0.265070378780365,0.2271912842988968,0.0,0.0,9.979999542236328,0.47250896692276,0.07156940549612045,-0.06881497800350189,-0.019331473857164383,0.031378526240587234,0.09037106484174728,0.1953759491443634,-0.051299042999744415,1.278167486190796,0.21974702179431915,0.024716511368751526,0.18055696785449982,>=0.15,False,False,True,False,False,False,False,False,False,0.0,0.0,0.0,0.0,0.0,0.0,0.09037106484174728,0.1616942137479782,0.0,0.0,0.0,0.0,0.0,0.0,0.09513671696186066,-0.01750344969332218,0.026043061167001724,0.0,0.03207710012793541,0.0645066574215889,0.07203250378370285,0.023004591464996338,0-2deg,0.00-0.04,0.0,0.0006905339541845024,0.0,0.0
61,24,False,False,0.3021361231803894,0.12991586327552795,0.0,0.0,9.979999542236328,0.5252249836921692,0.09515826404094696,-0.07773013412952423,-0.04668339714407921,0.24134844541549683,0.12760768830776215,0.21961399912834167,-0.03273716941475868,1.9140002727508545,0.519487202167511,0.2367904782295227,0.1715082824230194,>=0.15,False,False,True,False,False,False,False,False,False,0.0,0.0,0.0,0.0,0.0,0.0,0.12760768830776215,0.006782891228795052,0.0,0.0,0.0,0.0,0.0,0.0,0.04901944473385811,-0.05465181544423103,0.23507924377918243,0.0,-0.0398118756711483,0.0225575789809227,0.045755449682474136,0.049627404659986496,0-2deg,0.00-0.04,0.0,0.0,0.0,0.0
62,25,False,False,0.216208815574646,0.216208815574646,0.0,0.0,9.979999542236328,0.18787914514541626,0.050081003457307816,0.06310588121414185,-0.0367865189909935,0.1024693176150322,0.03269558027386665,0.1587320864200592,0.1015910804271698,0.4492660462856293,0.18859398365020752,0.0956384539604187,0.11506246775388718,0.10-0.15,False,False,True,False,False,False,False,False,False,0.0,0.0,0.0,0.0,0.0,0.0,0.03269558027386665,0.1587320864200592,0.0,0.0,0.0,0.0,0.0,0.0,0.024891015142202377,-0.03634680435061455,0.09580642729997635,0.0,-0.00920922216027975,0.0031413547694683075,0.009728972800076008,0.0035075913183391094,0-2deg,0.00-0.04,0.0,0.0,0.0,0.0
63,26,False,False,0.3052726089954376,0.2059522122144699,0.0,0.0,9.979999542236328,1.4394859075546265,0.09944366663694382,0.05242164433002472,-0.10671860724687576,0.7327499389648438,0.21856604516506195,0.1645851731300354,0.15318280458450317,1.5527523756027222,0.23763228952884674,0.7249369621276855,0.16790468990802765,>=0.15,False,False,True,False,False,False,False,False,False,0.0,0.0,0.0,0.0,0.0,0.0,0.21856604516506195,0.1448904275894165,0.0,0.0,0.0,0.0,0.0,0.0,0.17656776309013367,-0.13140767812728882,0.7208706736564636,0.0,-0.03373416140675545,0.00718314154073596,0.03449041023850441,0.04926745593547821,0-2deg,0.00-0.04,0.0,0.0,0.0,0.0
64,27,False,False,0.13953274488449097,0.13737523555755615,0.0,0.0,9.979999542236328,0.6137985587120056,0.11074969172477722,0.06505092233419418,-0.04087541252374649,0.10779982060194016,0.10761205852031708,0.03171011433005333,0.1038375124335289,1.7149670124053955,0.378343403339386,0.09974969178438187,0.25157564878463745,>=0.15,False,False,True,False,False,False,False,False,False,0.0,0.0,0.0,0.0,0.0,0.0,0.10761205852031708,0.03171011433005333,0.0,0.0,0.0,0.0,0.0,0.0,0.059410713613033295,-0.04108092933893204,0.09966522455215454,0.0,-0.030503148213028908,0.05381099134683609,0.061848320066928864,0.037940312176942825,0-2deg,0.00-0.04,0.0,0.0,0.0,0.0
65,29,False,False,0.23457980155944824,0.20388516783714294,0.0,0.0,9.979999542236328,0.5675368309020996,0.09791385382413864,0.21804596483707428,0.07440151274204254,0.21560515463352203,0.12306259572505951,0.14920073747634888,0.14588503539562225,1.4905500411987305,0.3106740117073059,0.20236104726791382,0.06671013683080673,0.05-0.10,False,False,True,False,False,False,False,False,False,0.0,0.0,0.0,0.0,0.0,0.0,0.12306259572505951,0.1395273357629776,0.0,0.0,0.0,0.0,0.0,0.0,0.18775467574596405,0.0779109075665474,0.2010359764099121,0.0,-0.009605706669390202,-0.02085137739777565,0.022957513108849525,0.034238044172525406,0-2deg,0.00-0.04,0.0,0.0,0.0,0.0
66,32,False,False,0.29473087191581726,0.19877192378044128,0.0,0.0,9.979999542236328,0.36489468812942505,0.06940023601055145,-0.07839842885732651,-0.012974657118320465,0.16827574372291565,0.08147799223661423,0.22853238880634308,-0.06221723556518555,0.8285072445869446,0.2499031275510788,0.16777479648590088,0.09593498706817627,0.05-0.10,False,False,True,False,False,False,False,False,False,0.0,0.0,0.0,0.0,0.0,0.0,0.08147799223661423,0.1315496563911438,0.0,0.0,0.0,0.0,0.0,0.0,0.02803140878677368,-0.013394084759056568,0.1677418351173401,0.0,-0.008269614540040493,0.004613326396793127,0.009468159638345242,0.06800714880228043,0-2deg,0.00-0.04,0.0,0.0,0.0,0.0
67,36,False,False,0.30534303188323975,0.06135466322302818,0.0,0.0,9.979999542236328,1.6530781984329224,0.09630901366472244,-0.09425365924835205,0.0018338710069656372,0.20740146934986115,0.1369360089302063,0.21814662218093872,-0.0996478796005249,2.588214874267578,0.39733198285102844,0.2073933482170105,0.19729365408420563,>=0.15,False,False,True,False,False,False,False,False,False,0.0,0.0,0.0,0.0,0.0,0.0,0.1369360089302063,-0.0019057579338550568,0.0019057579338550568,0.0,0.0,0.0,0.0,0.0,0.018936531618237495,-0.0017716017318889499,0.20739389955997467,0.0,-0.00021761191601399332,0.020718026906251907,0.020719267427921295,0.03823717683553696,0-2deg,0.00-0.04,0.0,0.0,0.0,0.0
68,39,False,False,0.2184758484363556,0.20548826456069946,0.0,0.0,9.979999542236328,0.4627789258956909,0.09283127635717392,0.09646482765674591,-0.06302894651889801,0.09176989644765854,0.07242254912853241,0.1518065333366394,0.16141900420188904,1.153448224067688,0.3385985195636749,0.06670131534337997,0.19883941113948822,>=0.15,False,False,True,False,False,False,False,False,False,0.0,0.0,0.0,0.0,0.0,0.0,0.07242254912853241,0.13421905040740967,0.0,0.0,0.0,0.0,0.0,0.0,0.05413980782032013,-0.060079190880060196,0.06937005370855331,0.0,0.020637787878513336,0.04686068370938301,0.05120066553354263,0.049861349165439606,0-2deg,0.00-0.04,0.0,0.0,0.0,0.0
69,40,False,False,0.18586501479148865,0.12991613149642944,0.0,0.0,9.979999542236328,2.1682112216949463,0.09234944730997086,0.0647997036576271,-0.04429379850625992,0.06538572907447815,0.0603538453578949,0.12067911028862,0.1103891134262085,2.015036106109619,0.2080092877149582,0.04809733107686043,0.15576820075511932,>=0.15,False,False,True,False,False,False,False,False,False,0.0,0.0,0.0,0.0,0.0,0.0,0.0603538453578949,-0.0006435215473175049,0.0006435215473175049,0.0,0.0,0.0,0.0,0.0,0.019105756655335426,-0.044294632971286774,0.048096563667058945,0.0,-0.0005590101354755461,-0.030114203691482544,0.030118633061647415,0.01730923540890217,0-2deg,0.00-0.04,0.0,0.0,0.0,0.0
70,41,False,False,0.26416879892349243,0.1600215882062912,0.0,0.0,9.979999542236328,0.3778759241104126,0.10293926298618317,0.10129896551370621,0.035626839846372604,0.7631752490997314,0.16081589460372925,0.16020803153514862,0.05714362859725952,2.0924904346466064,0.7764970064163208,0.7623432278633118,0.11410076171159744,0.10-0.15,False,False,True,False,False,False,False,False,False,0.0,0.0,0.0,0.0,0.0,0.0,0.16081589460372925,0.1043599545955658,0.0,0.0,0.0,0.0,0.0,0.0,0.20918981730937958,0.04348668456077576,0.761935293674469,0.0,0.047699153423309326,-0.014911442063748837,0.04997357726097107,0.015225198119878769,0-2deg,0.00-0.04,0.0,0.0,0.0,0.0
71,42,False,False,0.22692552208900452,0.14399057626724243,0.0,0.0,9.979999542236328,0.6966022253036499,0.09524529427289963,0.12399411201477051,-0.01650877296924591,0.019985424354672432,0.07688134163618088,0.15926964581012726,0.1415422111749649,2.623979091644287,0.656954288482666,0.011263997294008732,0.15029306709766388,>=0.15,False,False,True,False,False,False,False,False,False,0.0,0.0,0.0,0.0,0.0,0.0,0.07688134163618088,0.06316527724266052,0.0,0.0,0.0,0.0,0.0,0.0,0.08398065716028214,-0.01582263968884945,0.012209066189825535,0.0,0.004030867014080286,-0.07661626487970352,0.07672172039747238,0.019439632073044777,0-2deg,0.00-0.04,0.0,0.0,0.0,0.0
72,43,False,False,0.18437640368938446,0.15821917355060577,0.0,0.0,9.979999542236328,0.5488770008087158,0.0739671066403389,-0.04358823224902153,0.04238807037472725,0.051590293645858765,0.11688131839036942,0.08763231337070465,-0.08769181370735168,1.2059394121170044,0.23448242247104645,0.029407652094960213,0.23998670279979706,>=0.15,False,False,True,False,False,False,False,False,False,0.0,0.0,0.0,0.0,0.0,0.0,0.11688131839036942,0.07473531365394592,0.0,0.0,0.0,0.0,0.0,0.0,0.018234141170978546,0.04214603081345558,0.02975350059568882,0.0,0.0152787109836936,-0.0012795659713447094,0.01533249206840992,0.04783744364976883,0-2deg,0.00-0.04,0.0,0.0,0.0,0.0
73,44,False,False,0.259237140417099,0.17556628584861755,0.0,0.0,9.979999542236328,0.6958656311035156,0.09512100368738174,-0.09052686393260956,0.016203679144382477,0.1236240342259407,0.10506884753704071,0.18244603276252747,-0.11168108135461807,1.665753960609436,0.3235349655151367,0.12255749851465225,0.12455079704523087,0.10-0.15,False,False,True,False,False,False,False,False,False,0.0,0.0,0.0,0.0,0.0,0.0,0.10506884753704071,0.12015211582183838,0.0,0.0,0.0,0.0,0.0,0.0,0.032172415405511856,0.013478352688252926,0.12288708239793777,0.0,-0.016928980126976967,0.01490030251443386,0.022551462054252625,0.0498652383685112,0-2deg,0.00-0.04,0.0,0.0,0.0,0.0
74,46,False,False,0.2868780493736267,0.18505053222179413,0.0,0.0,9.979999542236328,1.4240219593048096,0.09937743097543716,-0.08179474622011185,-0.013612471520900726,0.15867282450199127,0.07245366275310516,0.22303088009357452,-0.06980118900537491,1.47855806350708,0.20182006061077118,0.1580878347158432,0.16339696943759918,>=0.15,False,False,True,False,False,False,False,False,False,0.0,0.0,0.0,0.0,0.0,0.0,0.07245366275310516,0.12491747736930847,0.0,0.0,0.0,0.0,0.0,0.0,0.06170446798205376,-0.014665154740214348,0.15799365937709808,0.0,-0.01185895036906004,0.004648787900805473,0.012737583369016647,0.013322624377906322,0-2deg,0.00-0.04,0.0,0.0,0.0,0.0
75,47,False,False,0.28476399183273315,0.16814853250980377,0.0,0.0,9.979999542236328,1.5151338577270508,0.102127306163311,-0.12770994007587433,0.016607150435447693,0.3031163811683655,0.14978022873401642,0.18944838643074036,-0.14136774837970734,1.3389045000076294,0.18018685281276703,0.30266112089157104,0.08881665766239166,0.05-0.10,False,False,True,False,False,False,False,False,False,0.0,0.0,0.0,0.0,0.0,0.0,0.14978022873401642,0.10430945456027985,0.0,0.0,0.0,0.0,0.0,0.0,0.098223477602005,0.025316011160612106,0.3020573556423187,0.0,0.031058624386787415,-0.006779551040381193,0.03179028630256653,0.019753405824303627,0-2deg,0.00-0.04,0.0,0.0,0.0,0.0
76,48,False,False,0.24012230336666107,0.18514569103717804,0.0,0.0,9.979999542236328,1.2385013103485107,0.09447862952947617,-0.09925853461027145,0.04743672162294388,0.06005822867155075,0.07807354629039764,0.17279304563999176,-0.1509799212217331,1.5652436017990112,0.18278491497039795,0.03683406114578247,0.1853196769952774,>=0.15,False,False,True,False,False,False,False,False,False,0.0,0.0,0.0,0.0,0.0,0.0,0.07807354629039764,0.12175342440605164,0.0,0.0,0.0,0.0,0.0,0.0,0.06051376089453697,0.046530820429325104,0.03797201067209244,0.0,-0.029011821374297142,0.038218509405851364,0.047978077083826065,0.0657077208161354,0-2deg,0.00-0.04,0.0,0.0,0.0,0.0
77,52,False,False,0.22113260626792908,0.1393548995256424,0.0,0.0,9.979999542236328,0.37959209084510803,0.06910725682973862,-0.07686104625463486,0.02042684704065323,0.052096035331487656,0.12387805432081223,0.12917952239513397,-0.09837543219327927,1.0302479267120361,0.22463981807231903,0.04792432487010956,0.2377633899450302,>=0.15,False,False,True,False,False,False,False,False,False,0.0,0.0,0.0,0.0,0.0,0.0,0.12387805432081223,0.05580447241663933,0.0,0.0,0.0,0.0,0.0,0.0,0.04408024996519089,0.01908067800104618,0.048476021736860275,0.0,-0.018390070647001266,0.03140588849782944,0.03639288619160652,0.009366058744490147,0-2deg,0.00-0.04,0.0,0.0,0.0,0.0
78,53,False,False,0.2585890293121338,0.21763189136981964,0.0,0.0,9.979999542236328,0.6864920258522034,0.11239586025476456,-0.021953905001282692,-0.016627518460154533,0.06434683501720428,0.03243033587932587,0.20150597393512726,-0.005885500926524401,1.459933876991272,0.37596631050109863,0.0621614083647728,0.16042177379131317,>=0.15,False,False,True,False,False,False,False,False,False,0.0,0.0,0.0,0.0,0.0,0.0,0.03243033587932587,0.14948920905590057,0.0,0.0,0.0,0.0,0.0,0.0,0.01368940994143486,-0.015814224258065224,0.06237327679991722,0.0,0.004632926546037197,0.014811752364039421,0.015517976135015488,0.01745237037539482,0-2deg,0.00-0.04,0.0,0.0,0.0,0.0
79,54,False,False,0.22390085458755493,0.16469042003154755,0.0,0.0,9.979999542236328,0.7891449332237244,0.08360777050256729,-0.06860318034887314,0.06080034375190735,0.07924399524927139,0.05958852171897888,0.16092264652252197,-0.13125726580619812,1.4491117000579834,0.23125514388084412,0.05082252621650696,0.16079112887382507,>=0.15,False,False,True,False,False,False,False,False,False,0.0,0.0,0.0,0.0,0.0,0.0,0.05958852171897888,0.10345426201820374,0.0,0.0,0.0,0.0,0.0,0.0,0.056225523352622986,0.05953341722488403,0.052300892770290375,0.0,0.043440986424684525,0.02912023663520813,0.05229310318827629,0.05867636948823929,0-2deg,0.00-0.04,0.0,0.0,0.0,0.0
80,55,False,False,0.24190789461135864,0.21632838249206543,0.0,0.0,9.979999542236328,0.4342636168003082,0.08370259404182434,-0.0064457133412361145,0.022511957213282585,0.10746695846319199,0.05740457773208618,0.18020042777061462,-0.02808888629078865,1.408244252204895,0.5081835985183716,0.10508262366056442,0.10663114488124847,0.10-0.15,False,False,True,False,False,False,False,False,False,0.0,0.0,0.0,0.0,0.0,0.0,0.05740457773208618,0.16034890711307526,0.0,0.0,0.0,0.0,0.0,0.0,0.057410530745983124,0.024586018174886703,0.10461680591106415,0.0,-0.032747551798820496,0.04120292514562607,0.05262616649270058,0.05447695404291153,0-2deg,0.00-0.04,0.0,0.0,0.0,0.0
81,56,False,False,0.19416773319244385,0.067231684923172,0.0,0.0,9.979999542236328,0.8933092355728149,0.10495913773775101,0.07156962156295776,0.0171259343624115,0.10031373053789139,0.07452194392681122,0.12482844293117523,0.05508607253432274,2.061704397201538,0.4263269305229187,0.09884101897478104,0.10919088125228882,0.10-0.15,False,False,True,False,False,False,False,False,False,0.0,0.0,0.0,0.0,0.0,0.0,0.07452194392681122,-0.004737245850265026,0.004737245850265026,0.0,0.0,0.0,0.0,0.0,0.035674840211868286,0.019611064344644547,0.09837809950113297,0.0,-0.026990022510290146,-0.0028855029959231615,0.027143297716975212,0.002301741624251008,0-2deg,0.00-0.04,0.0,0.0,0.0,0.0
82,60,False,False,0.26362985372543335,0.15094701945781708,0.0,0.0,9.979999542236328,0.9385263919830322,0.09870486706495285,-0.11195094883441925,-0.018095754086971283,0.25388628244400024,0.12763914465904236,0.1775297224521637,-0.09930910915136337,1.7714534997940063,0.312604159116745,0.25324058532714844,0.10118064284324646,0.10-0.15,False,False,True,False,False,False,False,False,False,0.0,0.0,0.0,0.0,0.0,0.0,0.12763914465904236,0.08273619413375854,0.0,0.0,0.0,0.0,0.0,0.0,0.09170294553041458,-0.011519999243319035,0.2536247968673706,0.0,0.023678382858633995,0.013368611223995686,0.02719157189130783,0.0688769593834877,0-2deg,0.00-0.04,0.0,0.0,0.0,0.0
83,63,False,False,0.3167845606803894,0.2314755916595459,0.0,0.0,9.979999542236328,0.28568241000175476,0.07469881325960159,0.04217877238988876,-0.08131913840770721,0.407491534948349,0.20153911411762238,0.1987789422273636,0.12367382645606995,1.5373313426971436,0.3704575300216675,0.3992950916290283,0.0352652370929718,0.00-0.05,False,False,True,False,False,False,False,False,False,0.0,0.0,0.0,0.0,0.0,0.0,0.20153911411762238,0.16927677392959595,0.0,0.0,0.0,0.0,0.0,0.0,0.29390743374824524,-0.08291613310575485,0.39896655082702637,0.0,0.025232210755348206,-0.06860083341598511,0.07308734953403473,0.021770598366856575,0-2deg,0.00-0.04,0.0,0.0,0.0,0.0
84,26,True,False,0.2293800413608551,0.20739609003067017,0.0,0.0,0.5,2.7706899642944336,1.0416531562805176,0.616305410861969,1.8269023895263672,2.8488848209381104,0.18525679409503937,0.06878292560577393,-0.15820424258708954,1.674117922782898,0.5509889125823975,2.1859946250915527,0.19062566757202148,>=0.15,True,True,False,True,False,True,False,True,True,0.18525679409503937,1.8887875080108643,2.132750988006592,9.865703582763672,9.865703582763672,0.0,0.18525679409503937,0.05981462076306343,0.0,0.044978782534599304,-0.011066213250160217,0.046318843960762024,0.02707269787788391,1.9764772653579712,1.9764772653579712,1.8887875080108643,2.132750988006592,0.0986570343375206,0.044978782534599304,-0.011066213250160217,0.046318843960762024,0.02707269787788391,2-4deg,0.00-0.04,0.0,0.0,0.0,0.0
85,51,True,False,0.4834514260292053,0.37457019090652466,0.0,0.0,1.0,2.228987455368042,0.6196463108062744,-2.4959354400634766,-3.6582043170928955,5.021500587463379,0.4513775110244751,-0.002074968069791794,0.0602080337703228,2.0864245891571045,0.5354745984077454,3.4399144649505615,0.1889106184244156,>=0.15,True,True,False,False,False,False,False,True,False,0.0,0.0,0.0,0.0,0.0,0.0,0.4513775110244751,-0.002074968069791794,0.002074968069791794,0.0,0.0,0.0,0.0,0.0,1.0963423252105713,-3.6934962272644043,3.4019930362701416,0.0,-0.018956167623400688,0.07829295843839645,0.08055044710636139,0.028737498447299004,0-2deg,0.00-0.04,0.0,0.0,0.0,0.0
86,17,False,False,0.22272232174873352,0.0899697095155716,0.0,0.0,9.979999542236328,1.8408042192459106,0.10877572000026703,-0.043243054300546646,0.042337819933891296,0.155088871717453,0.06676400452852249,0.15829458832740784,-0.08468756079673767,2.495185375213623,0.47488507628440857,0.14919807016849518,0.11569510400295258,0.10-0.15,False,False,True,False,False,False,False,False,False,0.0,0.0,0.0,0.0,0.0,0.0,0.06676400452852249,-0.00501490943133831,0.00501490943133831,0.0,0.0,0.0,0.0,0.0,0.06880753487348557,0.0484590046107769,0.14732372760772705,0.0,0.039758920669555664,0.011144718155264854,0.04129085689783096,0.010291652753949165,0-2deg,0.00-0.04,0.0,0.0,0.0,0.0
87,24,False,False,0.28430625796318054,0.27614763379096985,0.0,0.0,0.6599999666213989,3.8645222187042236,1.5524287223815918,0.6088294982910156,0.6107972264289856,0.670978844165802,0.27845436334609985,-0.018313219770789146,-0.05356943979859352,2.6544992923736572,1.425380825996399,0.2777397334575653,0.19694137573242188,>=0.15,True,True,False,True,False,True,False,True,True,0.27845436334609985,0.6045001149177551,0.29119113087654114,11.86220932006836,11.86220932006836,0.0,0.27845436334609985,-0.018313219770789146,0.018313219770789146,-0.010982779785990715,0.01923343725502491,0.022148730233311653,0.003343805205076933,0.1585257202386856,0.1585257202386856,0.6045001149177551,0.29119113087654114,0.11862208694219589,-0.010982779785990715,0.01923343725502491,0.022148730233311653,0.003343805205076933,0-2deg,0.00-0.04,0.0,0.0,0.0,0.0
88,56,False,False,0.5838293433189392,0.24144893884658813,0.0,0.0,0.6599999666213989,2.302065134048462,0.7823269367218018,-0.2046772688627243,-0.3200590908527374,2.6468496322631836,0.5627527236938477,-0.0023636985570192337,0.057700660079717636,2.8435428142547607,1.585371732711792,2.627427339553833,0.18552789092063904,>=0.15,True,True,False,False,False,False,False,True,False,0.0,0.0,0.0,0.0,0.0,0.0,0.5627527236938477,-0.0023636985570192337,0.0023636985570192337,0.0,0.0,0.0,0.0,0.0,0.5811191201210022,-0.3119988739490509,2.62839674949646,0.0,0.0017014541663229465,0.006759787909686565,0.006974065210670233,0.00401405431330204,0-2deg,0.00-0.04,0.0,0.0,0.0,0.0
89,60,False,False,0.5348605513572693,0.26081758737564087,0.0,0.0,0.6599999666213989,2.8160107135772705,0.9867783784866333,-0.8306764960289001,-1.2608156204223633,2.801016092300415,0.5197842717170715,-0.020108763128519058,-0.049178142100572586,2.9533004760742188,1.6027592420578003,2.501206874847412,0.2341051995754242,>=0.15,True,True,False,False,False,False,False,True,False,0.0,0.0,0.0,0.0,0.0,0.0,0.5197842717170715,-0.020108763128519058,0.020108763128519058,0.0,0.0,0.0,0.0,0.0,0.8229271173477173,-1.3064948320388794,2.4776527881622314,0.0,-0.0006598845939151943,-0.06552020460367203,0.06552334129810333,0.016353853046894073,0-2deg,0.00-0.04,0.0,0.0,0.0,0.0
90,37,False,False,0.24602429568767548,0.11232879757881165,0.0,0.0,9.979999542236328,0.5610285997390747,0.08916959911584854,0.037427254021167755,0.07180925458669662,0.5745412111282349,0.07300957292318344,0.1811709851026535,-0.03613134101033211,2.0328590869903564,0.402727335691452,0.570035994052887,0.15652325749397278,>=0.15,False,False,True,False,False,False,False,False,False,0.0,0.0,0.0,0.0,0.0,0.0,0.07300957292318344,0.041377224028110504,0.0,0.0,0.0,0.0,0.0,0.0,0.11179462820291519,0.07192054390907288,0.57002192735672,0.0,0.004844126291573048,0.02943694405257702,0.029832253232598305,0.022178247570991516,0-2deg,0.00-0.04,0.0,0.0,0.0,0.0
91,4,False,False,0.46635809540748596,0.33506566286087036,0.0,0.0,0.699999988079071,3.0530385971069336,1.0986061096191406,-3.431710720062256,-4.092957496643066,5.13853645324707,0.49955594539642334,-0.017833655700087547,0.07283641397953033,2.681734561920166,1.515954852104187,3.1068081855773926,0.2056661993265152,>=0.15,True,True,False,False,False,False,False,True,False,0.0,0.0,0.0,0.0,0.0,0.0,0.49955594539642334,-0.017833655700087547,0.017833655700087547,0.0,0.0,0.0,0.0,0.0,1.8855304718017578,-4.08535623550415,3.1167972087860107,0.0,0.030974213033914566,0.045450638979673386,0.05499550700187683,0.0117961959913373,0-2deg,0.00-0.04,0.0,0.0,0.0,0.0
92,10,False,False,0.2814272344112396,0.205900639295578,0.0,0.0,9.979999542236328,0.6107879877090454,0.06934716552495956,-0.10296191275119781,0.0784522071480751,0.12720227241516113,0.05509796366095543,0.22126950323581696,-0.1827545017004013,1.8766008615493774,0.327602356672287,0.10012827068567276,0.1124889925122261,0.10-0.15,False,False,True,False,False,False,False,False,False,0.0,0.0,0.0,0.0,0.0,0.0,0.05509796366095543,0.1495182067155838,0.0,0.0,0.0,0.0,0.0,0.0,0.05776573717594147,0.07785634696483612,0.10059228539466858,0.0,-0.028136882930994034,-0.014893632382154465,0.03183526173233986,0.039983008056879044,0-2deg,0.00-0.04,0.0,0.0,0.0,0.0
93,31,False,False,0.17281638085842133,0.07452519237995148,0.0,0.0,9.979999542236328,0.648057222366333,0.08544501662254333,0.14367593824863434,-0.055104196071624756,0.07240524888038635,0.04647175967693329,0.11221921443939209,0.19919486343860626,2.385511636734009,0.4661068618297577,0.04696857929229736,0.04335332661867142,0.00-0.05,False,False,True,False,False,False,False,False,False,0.0,0.0,0.0,0.0,0.0,0.0,0.04647175967693329,0.018064983189105988,0.0,0.0,0.0,0.0,0.0,0.0,0.07162054628133774,-0.058491725474596024,0.042675964534282684,0.0,-0.07836772501468658,-0.03199673816561699,0.08463539183139801,0.010922418907284737,0-2deg,0.00-0.04,0.0,0.0,0.0,0.0
94,5,False,False,0.27559706568717957,0.13589788973331451,0.0,0.0,9.979999542236328,0.7533866763114929,0.08092372864484787,-0.09791054576635361,0.04067164659500122,0.10389858484268188,0.1356898695230484,0.18605250120162964,-0.13684169948101044,1.961065411567688,0.49892863631248474,0.09560718387365341,0.12431855499744415,0.10-0.15,False,False,True,False,False,False,False,False,False,0.0,0.0,0.0,0.0,0.0,0.0,0.1356898695230484,0.07190528512001038,0.0,0.0,0.0,0.0,0.0,0.0,0.0869373232126236,0.043716415762901306,0.09425386786460876,0.0,-0.044928789138793945,-0.024649403989315033,0.05124257504940033,0.044930022209882736,0-2deg,0.00-0.04,0.0,0.0,0.0,0.0
95,22,False,False,0.5768607258796692,0.5752240419387817,0.0,0.0,0.7999999523162842,1.676314353942871,0.7069336175918579,-1.1697767972946167,-1.3573546409606934,1.4223709106445312,0.5759230256080627,-0.015318572521209717,0.10056928545236588,1.9346323013305664,0.9748378992080688,0.42512047290802,0.21927222609519958,>=0.15,True,True,False,False,False,False,False,True,False,0.0,0.0,0.0,0.0,0.0,0.0,0.5759230256080627,-0.015318572521209717,0.015318572521209717,0.0,0.0,0.0,0.0,0.0,0.3809901177883148,-1.3654131889343262,0.39847928285598755,0.0,0.03243742510676384,-0.002990370849147439,0.03257569298148155,0.001946433330886066,0-2deg,0.00-0.04,0.0,0.0,0.0,0.0
96,14,False,False,0.13148106634616852,0.12962661683559418,0.0,0.0,9.979999542236328,0.31096377968788147,0.07889918982982635,0.1416449248790741,-0.047629207372665405,0.49304696917533875,0.042233143001794815,0.07094132900238037,0.19284546375274658,1.377526879310608,0.3203357458114624,0.4907410144805908,0.18504133820533752,>=0.15,False,False,True,False,False,False,False,False,False,0.0,0.0,0.0,0.0,0.0,0.0,0.042233143001794815,0.07094132900238037,0.0,0.0,0.0,0.0,0.0,0.0,0.1380479633808136,-0.04046265780925751,0.491383820772171,0.0,0.0009153772261925042,0.06361965090036392,0.06362611055374146,0.07067100703716278,0-2deg,0.00-0.04,0.0,0.0006905339541845024,0.0,0.0
97,57,False,False,0.26124560832977295,0.20254531502723694,0.0,0.0,9.979999542236328,0.4310447573661804,0.07608336955308914,-0.01935523934662342,-0.019497010856866837,0.0686771497130394,0.0345727913081646,0.20409812033176422,-0.0010109152644872665,1.3679367303848267,0.22670742869377136,0.06585147976875305,0.1027878150343895,0.10-0.15,False,False,True,False,False,False,False,False,False,0.0,0.0,0.0,0.0,0.0,0.0,0.0345727913081646,0.14163218438625336,0.0,0.0,0.0,0.0,0.0,0.0,0.029760228469967842,-0.02125844918191433,0.06530413031578064,0.0,-0.009607207030057907,0.027205273509025574,0.028850944712758064,0.04135119542479515,0-2deg,0.00-0.04,0.0,0.0,0.0,0.0
98,0,False,False,0.5257857441902161,0.4540829658508301,0.0,0.0,0.85999995470047,2.3089144229888916,1.0418155193328857,-1.856581211090088,-2.209622383117676,3.3365328311920166,0.5087215900421143,-0.031388066709041595,0.14324748516082764,1.7673040628433228,1.1119358539581299,2.5000040531158447,0.13687622547149658,0.10-0.15,True,True,False,False,False,False,False,True,False,0.0,0.0,0.0,0.0,0.0,0.0,0.5087215900421143,-0.031388066709041595,0.031388066709041595,0.0,0.0,0.0,0.0,0.0,0.5634505152702332,-2.1159324645996094,2.5797834396362305,0.0,-0.008619717322289944,0.04079326614737511,0.04169320687651634,0.022744424641132355,0-2deg,0.00-0.04,0.0,0.0,0.0,0.0
99,52,True,False,0.5885812640190125,0.42299580574035645,0.0,0.0,0.9399999976158142,2.3948464393615723,0.6900505423545837,-2.4750373363494873,-2.7076609134674072,4.246154308319092,0.5661040544509888,-0.012794135138392448,-0.13729064166545868,2.5108754634857178,0.6370304822921753,3.270840644836426,0.12768985331058502,0.10-0.15,True,True,False,False,False,False,False,True,False,0.0,0.0,0.0,0.0,0.0,0.0,0.5661040544509888,-0.012794135138392448,0.012794135138392448,0.0,0.0,0.0,0.0,0.0,0.7142099738121033,-2.6382718086242676,3.3270628452301025,0.0,0.0011435868218541145,-0.08160209655761719,0.08161018788814545,0.01751268282532692,0-2deg,0.00-0.04,0.0,0.0,0.0,0.0
100,32,False,False,0.5853174328804016,0.5805444717407227,0.0,0.0,0.9799999594688416,1.8907527923583984,0.9564033150672913,-1.3888969421386719,-1.353872299194336,1.470697283744812,0.585744321346283,-0.0012207478284835815,-0.11931126564741135,1.9172148704528809,1.1043214797973633,0.5744392275810242,0.08862930536270142,0.05-0.10,True,True,False,False,False,False,False,True,False,0.0,0.0,0.0,0.0,0.0,0.0,0.585744321346283,-0.0012207478284835815,0.0012207478284835815,0.0,0.0,0.0,0.0,0.0,0.301713228225708,-1.366235375404358,0.5443819165229797,0.0,0.07431331276893616,0.004810071550309658,0.07446848601102829,0.022961998358368874,0-2deg,0.00-0.04,0.0,0.0,0.0,0.0
101,8,False,False,0.4496593177318573,0.44717225432395935,0.0,0.0,1.0799999237060547,1.1449412107467651,0.8024100661277771,-0.890444278717041,-0.9313730597496033,1.0607588291168213,0.4523208737373352,-0.0035934913903474808,-0.07301424443721771,1.8874812126159668,1.2932173013687134,0.5076943039894104,0.2032110095024109,>=0.15,True,True,False,False,False,False,False,True,False,0.0,0.0,0.0,0.0,0.0,0.0,0.4523208737373352,-0.0035934913903474808,0.0035934913903474808,0.0,0.0,0.0,0.0,0.0,0.4254700839519501,-0.9225465059280396,0.5235620141029358,0.0,0.03888378664851189,0.01028959359973669,0.040221501141786575,0.041134949773550034,0-2deg,0.00-0.04,0.0,0.0,0.0,0.0
102,35,False,False,0.21884767711162567,0.14596571028232574,0.0,0.0,9.979999542236328,0.5243062973022461,0.08627031743526459,-0.02505825273692608,0.08475746959447861,0.4374530017375946,0.05935036018490791,0.1567845642566681,-0.10765571147203445,1.7313133478164673,0.499178022146225,0.42916348576545715,0.20965726673603058,>=0.15,False,False,True,False,False,False,False,False,False,0.0,0.0,0.0,0.0,0.0,0.0,0.05935036018490791,0.08525601029396057,0.0,0.0,0.0,0.0,0.0,0.0,0.11059140413999557,0.08371450006961823,0.42936816811561584,0.0,-0.002322783228009939,0.0007494805031456053,0.002441406948491931,0.06831369549036026,0-2deg,0.00-0.04,0.0,0.0,0.0,0.0
103,3,False,False,0.23290260136127472,0.07119155675172806,0.0,0.0,9.979999542236328,1.9875484704971313,0.11968177556991577,0.07529468089342117,-0.06577810645103455,0.08549103885889053,0.05795498937368393,0.17067663371562958,0.1393323391675949,1.7651478052139282,0.2949332594871521,0.05460731312632561,0.11078262329101562,0.10-0.15,False,False,True,False,False,False,False,False,False,0.0,0.0,0.0,0.0,0.0,0.0,0.05795498937368393,0.000806465744972229,0.0,0.0,0.0,0.0,0.0,0.0,0.04489113390445709,-0.06804729253053665,0.05175215005874634,0.0,0.04839840158820152,0.017259754240512848,0.05138202756643295,0.047973621636629105,0-2deg,0.00-0.04,0.0,0.0,0.0,0.0
104,9,False,False,0.28418678045272827,0.22069664299488068,0.0,0.0,9.979999542236328,0.8121995329856873,0.09958785027265549,0.00295149814337492,0.05716920271515846,0.12399301677942276,0.08036421984434128,0.21831971406936646,-0.05633540078997612,1.6246073246002197,0.3946571946144104,0.11002703756093979,0.06776627153158188,0.05-0.10,False,False,True,False,False,False,False,False,False,0.0,0.0,0.0,0.0,0.0,0.0,0.08036421984434128,0.12407854199409485,0.0,0.0,0.0,0.0,0.0,0.0,0.07811509817838669,0.05700357258319855,0.11011295020580292,0.0,0.01054825633764267,0.0001538231153972447,0.010551895946264267,0.03860948607325554,0-2deg,0.00-0.04,0.0,0.0,0.0,0.0
105,10,True,False,0.37693262100219727,0.31198281049728394,0.0,0.0,0.5199999809265137,3.1815035343170166,1.1977035999298096,-1.0959692001342773,1.8351527452468872,2.5505483150482178,0.3483175039291382,-0.007130979560315609,-0.15989498794078827,2.2925918102264404,0.7059436440467834,1.7713019847869873,0.1204448938369751,0.10-0.15,True,True,False,True,False,True,False,True,True,0.3483175039291382,1.7667144536972046,1.8395696878433228,4.135458469390869,4.135458469390869,0.0,0.3483175039291382,-0.007130979560315609,0.007130979560315609,-0.013771690428256989,0.04049829766154289,0.04277458041906357,0.022168323397636414,1.4702675342559814,1.4702675342559814,1.7667144536972046,1.8395696878433228,0.04135458543896675,-0.013771690428256989,0.04049829766154289,0.04277458041906357,0.022168323397636414,2-4deg,0.00-0.04,0.0,0.0,0.0,0.0
106,37,False,False,0.14658929407596588,0.14658929407596588,0.0,0.0,0.5799999833106995,1.2404804229736328,0.6114354729652405,-1.072681188583374,-1.0746479034423828,2.897179365158081,0.153413325548172,0.025082848966121674,-0.025661412626504898,2.457646131515503,1.2049474716186523,2.690498113632202,0.06553201377391815,0.05-0.10,True,True,False,True,False,True,False,True,True,0.153413325548172,-1.0663553476333618,2.6937954425811768,0.06496982276439667,0.06496982276439667,0.0,0.153413325548172,0.025082848966121674,0.0,-0.002757346024736762,-0.0018329060403630137,0.003311685984954238,0.020154502242803574,0.786567747592926,0.786567747592926,-1.0663553476333618,2.6937954425811768,0.0006496981950476766,-0.002757346024736762,-0.0018329060403630137,0.003311685984954238,0.020154502242803574,0-2deg,0.00-0.04,0.0,0.0,0.0,0.0
107,51,False,False,0.5640090107917786,0.30707329511642456,0.0,0.0,0.7400000095367432,2.19976806640625,0.9344142079353333,-2.3748443126678467,-2.1684627532958984,4.050550937652588,0.5644510984420776,-0.03611725568771362,-0.00335174729116261,3.151461362838745,1.6407701969146729,3.421217918395996,0.1768995225429535,>=0.15,True,True,False,False,False,False,False,True,False,0.0,0.0,0.0,0.0,0.0,0.0,0.5644510984420776,-0.03611725568771362,0.03611725568771362,0.0,0.0,0.0,0.0,0.0,1.5544437170028687,-2.2025797367095947,3.399353504180908,0.0,-0.010776832699775696,-0.01782449148595333,0.020828304812312126,0.03181132301688194,0-2deg,0.00-0.04,0.0,0.0,0.0,0.0
108,22,False,False,0.6109113693237305,0.42135652899742126,0.0,0.0,0.6599999666213989,3.453665018081665,1.1854057312011719,-3.6428027153015137,-4.9949951171875,5.105093955993652,0.6335799098014832,-0.07317085564136505,0.16465841233730316,3.0041403770446777,1.7116796970367432,1.0545175075531006,0.1836744248867035,>=0.15,True,True,False,False,False,False,False,True,False,0.0,0.0,0.0,0.0,0.0,0.0,0.6335799098014832,-0.07317085564136505,0.07317085564136505,0.0,0.0,0.0,0.0,0.0,0.8841541409492493,-4.985736846923828,1.097456693649292,0.0,0.022512875497341156,0.015747852623462677,0.027472922578454018,0.039498914033174515,0-2deg,0.00-0.04,0.0,0.0,0.0,0.0
109,15,False,False,0.2668032646179199,0.16066128015518188,0.0,0.0,9.979999542236328,0.5441715121269226,0.0676690936088562,-0.059919390827417374,-0.03635532408952713,0.2051069736480713,0.09187059104442596,0.197665274143219,-0.02475409023463726,1.716926097869873,0.4220109283924103,0.2018592655658722,0.10036920756101608,0.10-0.15,False,False,True,False,False,False,False,False,False,0.0,0.0,0.0,0.0,0.0,0.0,0.09187059104442596,0.1059514582157135,0.0,0.0,0.0,0.0,0.0,0.0,0.14847059547901154,-0.03390024974942207,0.202286034822464,0.0,-0.01281518954783678,0.019637664780020714,0.02344820648431778,0.04215273633599281,0-2deg,0.00-0.04,0.0,0.0,0.0,0.0
110,57,False,False,0.3345429003238678,0.31197771430015564,0.0,0.0,0.6800000071525574,2.1344358921051025,1.026915431022644,-1.7370147705078125,-2.0296719074249268,2.5819060802459717,0.3161671757698059,-0.020689288154244423,0.15741686522960663,1.7907499074935913,0.9333634376525879,1.5958292484283447,0.05464000999927521,0.05-0.10,True,True,False,False,False,False,False,True,False,0.0,0.0,0.0,0.0,0.0,0.0,0.3161671757698059,-0.020689288154244423,0.020689288154244423,0.0,0.0,0.0,0.0,0.0,0.6949257254600525,-2.0339488983154297,1.5903747081756592,0.0,-0.007124004885554314,-0.011547788046300411,0.013566944748163223,0.007612819317728281,0-2deg,0.00-0.04,0.0,0.0,0.0,0.0
111,6,False,False,0.6577483415603638,0.5844867825508118,0.0,0.0,1.5399999618530273,1.4351078271865845,0.38970550894737244,-1.2546149492263794,-1.3933206796646118,1.5323256254196167,0.6594316363334656,-0.023568790405988693,0.00997292622923851,2.1468727588653564,0.7477922439575195,0.6377143859863281,0.10909976810216904,0.10-0.15,True,True,False,False,False,False,False,True,False,0.0,0.0,0.0,0.0,0.0,0.0,0.6594316363334656,-0.023568790405988693,0.023568790405988693,0.0,0.0,0.0,0.0,0.0,0.6741189360618591,-1.3493558168411255,0.7261273860931396,0.0,-0.02065109834074974,-0.06738770753145218,0.07047612220048904,0.03414592146873474,0-2deg,0.00-0.04,0.0,0.0,0.0,0.0
112,54,False,False,0.8291839361190796,0.2362084984779358,0.0,0.0,1.5399999618530273,2.3033130168914795,0.4274948537349701,-0.1596793830394745,-0.2719893455505371,1.2952325344085693,0.8356480598449707,-0.004830322228372097,0.1149144321680069,3.034731149673462,1.4151774644851685,1.266352653503418,0.17869937419891357,>=0.15,True,True,False,False,False,False,False,True,False,0.0,0.0,0.0,0.0,0.0,0.0,0.8356480598449707,-0.004830322228372097,0.004830322228372097,0.0,0.0,0.0,0.0,0.0,0.24638248980045319,-0.3212365210056305,1.2547646760940552,0.0,-0.021829208359122276,0.032483864575624466,0.039135124534368515,0.015635786578059196,0-2deg,0.00-0.04,0.0,0.0,0.0,0.0
113,59,False,False,0.1868465542793274,0.15101708471775055,0.0,0.0,9.859999656677246,1.1223468780517578,0.09351733326911926,-0.008857731707394123,0.013152441009879112,0.06027219071984291,0.13618087768554688,0.072541743516922,-0.02136065997183323,1.8016146421432495,0.29129305481910706,0.058819640427827835,0.2639070451259613,>=0.15,True,True,False,False,False,False,False,False,False,0.0,0.0,0.0,0.0,0.0,0.0,0.13618087768554688,0.014714840799570084,0.0,0.0,0.0,0.0,0.0,0.0,0.02280380204319954,0.012028314173221588,0.05905977264046669,0.0,0.009784848429262638,-0.016967961564660072,0.019586417824029922,0.006783145945519209,0-2deg,0.00-0.04,0.0,0.0,0.0,0.0
114,63,False,False,0.45945286750793457,0.45923078060150146,0.0,0.0,1.5799999237060547,1.5984485149383545,0.5432411432266235,-1.4203232526779175,-1.6180487871170044,1.7047656774520874,0.4563945233821869,-0.02310812659561634,0.11382627487182617,1.9554595947265625,0.8125082850456238,0.5367907285690308,0.17732352018356323,>=0.15,True,True,False,False,False,False,False,True,False,0.0,0.0,0.0,0.0,0.0,0.0,0.4563945233821869,-0.02310812659561634,0.02310812659561634,0.0,0.0,0.0,0.0,0.0,0.764046847820282,-1.6035116910934448,0.5787720084190369,0.0,-0.016963699832558632,-0.020590689033269882,0.026678113266825676,0.011081444099545479,0-2deg,0.00-0.04,0.0,0.0,0.0,0.0
115,3,True,False,0.6999420523643494,0.49716195464134216,0.0,0.0,0.5799999833106995,2.871878147125244,1.356671929359436,-2.757286787033081,-1.8076913356781006,3.209263563156128,0.6707655191421509,-0.012158224359154701,-0.10929317027330399,3.0109763145446777,1.076396107673645,2.6517210006713867,0.10930201411247253,0.10-0.15,True,True,False,False,False,False,False,True,False,0.0,0.0,0.0,0.0,0.0,0.0,0.6707655191421509,-0.012158224359154701,0.012158224359154701,0.0,0.0,0.0,0.0,0.0,1.2383028268814087,-1.8137233257293701,2.6475989818573,0.0,-0.00018341005488764495,0.003319991985335946,0.0033296358305960894,0.01849919557571411,0-2deg,0.00-0.04,0.0,0.0,0.0,0.0
116,33,False,False,0.189806267619133,0.09444212168455124,0.0,0.0,9.979999542236328,1.8387880325317383,0.10841353237628937,0.07716484367847443,-0.04678891599178314,0.143252894282341,0.05469607934355736,0.1274411678314209,0.12523874640464783,1.5204092264175415,0.2234589159488678,0.13539642095565796,0.11568652838468552,0.10-0.15,False,False,True,False,False,False,False,False,False,0.0,0.0,0.0,0.0,0.0,0.0,0.05469607934355736,0.01639600098133087,0.0,0.0,0.0,0.0,0.0,0.0,0.06785073131322861,-0.04041149467229843,0.1374347060918808,0.0,0.052267886698246,-0.009543867781758308,0.05313138663768768,0.040814563632011414,0-2deg,0.00-0.04,0.0,0.0,0.0,0.0
117,32,False,False,0.5395854115486145,0.4683759808540344,0.0,0.0,0.8199999928474426,2.3445491790771484,0.9856023788452148,-2.0836987495422363,-1.8879997730255127,2.0608601570129395,0.5153794884681702,-0.03315543755888939,0.037496861070394516,2.194760322570801,1.0786948204040527,0.8261968493461609,0.22748476266860962,>=0.15,True,True,False,False,False,False,False,True,False,0.0,0.0,0.0,0.0,0.0,0.0,0.5153794884681702,-0.03315543755888939,0.03315543755888939,0.0,0.0,0.0,0.0,0.0,0.8389092683792114,-1.892114520072937,0.8167296051979065,0.0,0.0004762513854075223,-0.007328239735215902,0.007340493146330118,0.028265153989195824,0-2deg,0.00-0.04,0.0,0.0,0.0,0.0
118,37,False,False,0.4013815224170685,0.3191404342651367,0.0,0.0,0.6800000071525574,2.257384777069092,1.1845847368240356,-1.1879149675369263,-1.2060253620147705,1.493568778038025,0.3942234516143799,-0.017635229974985123,0.10400956869125366,1.8293181657791138,0.9855231046676636,0.8810508251190186,0.1669386327266693,>=0.15,True,True,False,True,False,True,False,True,True,0.3942234516143799,-1.1410951614379883,0.9636645913124084,1.2918967008590698,1.2918967008590698,0.0,0.3942234516143799,-0.017635229974985123,0.017635229974985123,-0.01994548738002777,0.06775549054145813,0.07062578946352005,0.04808133468031883,0.4996227025985718,0.4996227025985718,-1.1410951614379883,0.9636645913124084,0.012918966822326183,-0.01994548738002777,0.06775549054145813,0.07062578946352005,0.04808133468031883,4-6deg,0.04-0.08,0.0,0.0,0.0,0.0
119,62,False,False,0.21642345190048218,0.21642345190048218,0.0,0.0,9.979999542236328,0.26534193754196167,0.0645671933889389,0.02420463040471077,-0.00896475836634636,0.1284853219985962,0.044443100690841675,0.15679872035980225,0.03336706385016441,1.1163188219070435,0.3580559492111206,0.12817218899726868,0.10098441690206528,0.10-0.15,False,False,True,False,False,False,False,False,False,0.0,0.0,0.0,0.0,0.0,0.0,0.044443100690841675,0.15679872035980225,0.0,0.0,0.0,0.0,0.0,0.0,0.014147641137242317,-0.0068436842411756516,0.1283029317855835,0.0,0.004280873574316502,-0.0194584708660841,0.019924359396100044,0.019096052274107933,0-2deg,0.00-0.04,0.0,0.0,0.0,0.0
120,38,False,False,0.21796216070652008,0.12342178821563721,0.0,0.0,9.979999542236328,1.4553611278533936,0.0877636969089508,0.051156286150217056,0.025314852595329285,0.4271957576274872,0.09885403513908386,0.1403883546590805,0.03020120970904827,1.7207437753677368,0.17812369763851166,0.42644503712654114,0.17541024088859558,>=0.15,False,False,True,False,False,False,False,False,False,0.0,0.0,0.0,0.0,0.0,0.0,0.09885403513908386,0.053208161145448685,0.0,0.0,0.0,0.0,0.0,0.0,0.07061649113893509,0.02389834076166153,0.4265267848968506,0.0,-0.006348311901092529,-0.014776067808270454,0.016083834692835808,0.061004068702459335,0-2deg,0.00-0.04,0.0,0.0,0.0,0.0
121,56,False,False,0.36205747723579407,0.36205747723579407,0.0,0.0,1.2999999523162842,1.2571130990982056,0.6659286022186279,-1.0161125659942627,-1.267535924911499,1.2846086025238037,0.36888426542282104,-0.02174389734864235,0.10189791023731232,1.9375782012939453,1.0814920663833618,0.20873893797397614,0.14419251680374146,0.10-0.15,True,True,False,False,False,False,False,True,False,0.0,0.0,0.0,0.0,0.0,0.0,0.36888426542282104,-0.02174389734864235,0.02174389734864235,0.0,0.0,0.0,0.0,0.0,0.6081151962280273,-1.2662984132766724,0.21611984074115753,0.0,-0.012499869801104069,-0.006242959760129452,0.013973832130432129,0.046803414821624756,0-2deg,0.00-0.04,0.0,0.0,0.0,0.0
122,58,False,False,0.27409014105796814,0.2372061014175415,0.0,0.0,9.979999542236328,0.32563039660453796,0.05973358824849129,-0.10405899584293365,0.018327653408050537,0.08472170680761337,0.0686093419790268,0.21005932986736298,-0.1197250559926033,1.0639854669570923,0.2707885503768921,0.08271556347608566,0.06117765232920647,0.05-0.10,False,False,True,False,False,False,False,False,False,0.0,0.0,0.0,0.0,0.0,0.0,0.0686093419790268,0.16605670750141144,0.0,0.0,0.0,0.0,0.0,0.0,0.03636174649000168,0.014862502925097942,0.08340787142515182,0.0,-0.00010747583291959018,0.06795180588960648,0.0679517611861229,0.024480769410729408,0-2deg,0.00-0.04,0.0,0.0,0.0,0.0
123,50,False,False,0.2664732336997986,0.16127628087997437,0.0,0.0,9.979999542236328,0.4894963502883911,0.08075549453496933,-0.07947418093681335,0.05788743495941162,0.14479927718639374,0.047784559428691864,0.20716337859630585,-0.13769115507602692,1.5430543422698975,0.28398260474205017,0.1327248066663742,0.13649018108844757,0.10-0.15,False,False,True,False,False,False,False,False,False,0.0,0.0,0.0,0.0,0.0,0.0,0.047784559428691864,0.10387887060642242,0.0,0.0,0.0,0.0,0.0,0.0,0.019136931747198105,0.06110624969005585,0.13127397000789642,0.0,0.0021768331062048674,-0.032657794654369354,0.03273087739944458,0.06060328334569931,0-2deg,0.00-0.04,0.0,0.0,0.0,0.0
124,51,False,False,0.8136043548583984,0.673647940158844,0.0,0.0,0.85999995470047,2.519225597381592,1.1335217952728271,-2.266740083694458,-2.7560293674468994,4.182738304138184,0.7872567772865295,-0.004707467742264271,0.13116423785686493,2.363516330718994,1.3114149570465088,3.1463632583618164,0.2023870050907135,>=0.15,True,True,False,False,False,False,False,True,False,0.0,0.0,0.0,0.0,0.0,0.0,0.7872567772865295,-0.004707467742264271,0.004707467742264271,0.0,0.0,0.0,0.0,0.0,0.8118199706077576,-2.584697723388672,3.2885618209838867,0.0,-0.05321652814745903,0.02568957954645157,0.0590876005589962,0.02906242199242115,0-2deg,0.00-0.04,0.0,0.0,0.0,0.0
125,13,False,False,0.3557804226875305,0.11802024394273758,0.0,0.0,9.979999542236328,1.5055925846099854,0.06789904832839966,-0.025171158835291862,-0.0919734314084053,0.3929271399974823,0.33744779229164124,0.09010376036167145,0.06727080047130585,2.927873373031616,0.3468521237373352,0.3820112943649292,0.20337337255477905,>=0.15,False,False,True,False,False,False,False,False,False,0.0,0.0,0.0,0.0,0.0,0.0,0.33744779229164124,0.028599455952644348,0.0,0.0,0.0,0.0,0.0,0.0,0.34238192439079285,-0.09530670195817947,0.3811933696269989,0.0,0.008365781977772713,-0.02683456987142563,0.028107862919569016,0.010617326945066452,0-2deg,0.00-0.04,0.0,0.0,0.0,0.0
126,6,False,False,0.4439896047115326,0.28611260652542114,0.0,0.0,0.6599999666213989,1.9193546772003174,0.7967191338539124,-2.0595335960388184,-1.998281717300415,3.7403039932250977,0.46387842297554016,-0.008011415600776672,0.019145246595144272,2.6962454319000244,1.3110274076461792,3.1617627143859863,0.08595532923936844,0.05-0.10,True,True,False,False,False,False,False,True,False,0.0,0.0,0.0,0.0,0.0,0.0,0.46387842297554016,-0.008011415600776672,0.008011415600776672,0.0,0.0,0.0,0.0,0.0,1.423269271850586,-1.9927563667297363,3.165247917175293,0.0,0.0005911156767979264,0.004928612150251865,0.004967532120645046,0.028393691405653954,0-2deg,0.00-0.04,0.0,0.0,0.0,0.0
127,18,False,False,0.2206021547317505,0.15768881142139435,0.0,0.0,9.979999542236328,1.21016526222229,0.10437506437301636,-0.039747342467308044,0.052816394716501236,0.20363691449165344,0.0458621121942997,0.161049023270607,-0.08991745114326477,1.5193716287612915,0.3359376788139343,0.19666831195354462,0.07449565082788467,0.05-0.10,False,False,True,False,False,False,False,False,False,0.0,0.0,0.0,0.0,0.0,0.0,0.0458621121942997,0.09801296889781952,0.0,0.0,0.0,0.0,0.0,0.0,0.03955034539103508,0.059824638068675995,0.19465097784996033,0.0,-0.0007800370221957564,-0.03636186942458153,0.03636994585394859,0.05535358935594559,0-2deg,0.00-0.04,0.0,0.0,0.0,0.0
128,9,False,False,0.2947094142436981,0.22000150382518768,0.0,0.0,1.2599999904632568,2.9237060546875,0.6203991174697876,-0.0023323874920606613,-0.08853419125080109,0.5389693379402161,0.29157203435897827,-0.0007833801209926605,0.08101984113454819,2.3882129192352295,0.8350831270217896,0.5316479802131653,0.029221534729003906,0.00-0.05,True,True,False,False,False,False,False,True,False,0.0,0.0,0.0,0.0,0.0,0.0,0.29157203435897827,-0.002987181767821312,0.002987181767821312,0.0,0.0,0.0,0.0,0.0,0.09336014837026596,-0.08012604713439941,0.5329800844192505,0.0,0.02233528532087803,-0.059259068220853806,0.06332354247570038,0.017541054636240005,0-2deg,0.00-0.04,0.0,0.0,0.0,0.0
129,62,False,False,0.5134423971176147,0.27977868914604187,0.0,0.0,0.6399999856948853,1.569462776184082,0.6871225833892822,-1.6643354892730713,-1.6527127027511597,3.5245938301086426,0.526931881904602,-0.008938008919358253,0.06195184215903282,2.789985179901123,1.4403424263000488,3.1130857467651367,0.20374378561973572,>=0.15,True,True,False,False,False,False,False,True,False,0.0,0.0,0.0,0.0,0.0,0.0,0.526931881904602,-0.008938008919358253,0.008938008919358253,0.0,0.0,0.0,0.0,0.0,1.299044132232666,-1.6038600206375122,3.1385338306427,0.0,0.04578148201107979,0.0716952234506607,0.08504477888345718,0.01484975777566433,0-2deg,0.00-0.04,0.0,0.0,0.0,0.0
130,58,False,False,0.45865729451179504,0.29321712255477905,0.0,0.0,0.6800000071525574,3.084672689437866,1.1486265659332275,-3.4575672149658203,-4.005717754364014,5.325077533721924,0.4889274835586548,-0.04787014424800873,-0.0571443997323513,2.9233202934265137,1.5911905765533447,3.508657217025757,0.17361079156398773,>=0.15,True,True,False,False,False,False,False,True,False,0.0,0.0,0.0,0.0,0.0,0.0,0.4889274835586548,-0.04787014424800873,0.04787014424800873,0.0,0.0,0.0,0.0,0.0,1.9092271327972412,-3.8940060138702393,3.632240056991577,0.0,-0.08054917305707932,-0.05070984363555908,0.09515302628278732,0.0027850447222590446,0-2deg,0.00-0.04,0.0,0.0,0.0,0.0
131,35,False,False,0.33479154109954834,0.2625696063041687,0.0,0.0,1.5999999046325684,1.1586507558822632,0.6458759903907776,-0.8477731943130493,-1.024013638496399,1.0401755571365356,0.3480590283870697,-0.02106436714529991,0.012100699357688427,2.102700710296631,1.1612967252731323,0.18265074491500854,0.1633615791797638,>=0.15,True,True,False,False,False,False,False,True,False,0.0,0.0,0.0,0.0,0.0,0.0,0.3480590283870697,-0.02106436714529991,0.02106436714529991,0.0,0.0,0.0,0.0,0.0,0.5900033116340637,-1.0253520011901855,0.17498160898685455,0.0,-0.008539055474102497,-0.008710031397640705,0.012197337113320827,0.02485223300755024,0-2deg,0.00-0.04,0.0,0.0,0.0,0.0
132,30,False,False,0.225310817360878,0.19298455119132996,0.0,0.0,9.979999542236328,1.5157736539840698,0.08151958137750626,-0.0765802189707756,-0.026644740253686905,0.19674237072467804,0.10302227735519409,0.1478765904903412,-0.04971695318818092,1.7436578273773193,0.1455213576555252,0.19492977857589722,0.15001851320266724,>=0.15,False,False,True,False,False,False,False,False,False,0.0,0.0,0.0,0.0,0.0,0.0,0.10302227735519409,0.12888123095035553,0.0,0.0,0.0,0.0,0.0,0.0,0.14289017021656036,-0.017460569739341736,0.19596603512763977,0.0,0.07876256108283997,-0.04891008138656616,0.09268638491630554,0.003148529212921858,0-2deg,0.00-0.04,0.0,0.0,0.0,0.0
133,28,False,False,0.2019219845533371,0.1309989094734192,0.0,0.0,9.979999542236328,0.9772622585296631,0.08480750769376755,-0.04566996544599533,0.056587252765893936,0.061966102570295334,0.09016996622085571,0.12610769271850586,-0.10626906901597977,1.8741563558578491,0.28829044103622437,0.025252336636185646,0.12356521934270859,0.10-0.15,False,False,True,False,False,False,False,False,False,0.0,0.0,0.0,0.0,0.0,0.0,0.09016996622085571,0.054523322731256485,0.0,0.0,0.0,0.0,0.0,0.0,0.034231893718242645,0.05596208944916725,0.026609066873788834,0.0,0.009930817410349846,0.023653998970985413,0.025652902200818062,0.057800475507974625,0-2deg,0.00-0.04,0.0,0.0,0.0,0.0
134,9,False,False,0.15613700449466705,0.12191174924373627,0.0,0.0,0.5999999642372131,1.6741832494735718,0.9926689267158508,-0.1696324646472931,-0.47946447134017944,2.1684796810150146,0.1464470773935318,0.016527246683835983,-0.12506811320781708,2.802311897277832,1.384886622428894,2.114809274673462,0.15098832547664642,>=0.15,True,True,False,True,False,True,False,True,True,0.1464470773935318,-0.54148930311203,2.0997841358184814,3.876434803009033,3.876434803009033,0.0,0.1464470773935318,0.016527246683835983,0.0,0.017488081008195877,0.030995633453130722,0.03558783233165741,0.024428552016615868,0.6306260824203491,0.6306260824203491,-0.54148930311203,2.0997841358184814,0.0387643463909626,0.017488081008195877,0.030995633453130722,0.03558783233165741,0.024428552016615868,2-4deg,0.00-0.04,0.0,0.0,0.0,0.0
135,4,False,False,0.16785937547683716,0.16785937547683716,0.0,0.0,2.3999998569488525,1.2858788967132568,0.30978572368621826,1.1714774370193481,1.2993078231811523,1.5936262607574463,0.17403334379196167,0.046218741685152054,0.07591163367033005,2.798996686935425,1.2975947856903076,0.9227370023727417,0.21416641771793365,>=0.15,True,True,False,True,False,True,False,True,True,0.17403334379196167,1.2341078519821167,1.0082767009735107,7.43597412109375,7.43597412109375,0.0,0.17403334379196167,0.046218741685152054,0.0,0.07694754004478455,-0.01872910186648369,0.07919003814458847,0.038962818682193756,1.0409561395645142,1.0409561395645142,1.2341078519821167,1.0082767009735107,0.07435973733663559,0.07694754004478455,-0.01872910186648369,0.07919003814458847,0.038962818682193756,4-6deg,0.00-0.04,0.0,0.0,0.0,0.0
136,11,False,False,0.2498374730348587,0.1793850213289261,0.0,0.0,9.979999542236328,0.5202590823173523,0.0967625305056572,-0.026655759662389755,-0.00870184414088726,0.08015041798353195,0.03736318647861481,0.1922091543674469,-0.018225256353616714,1.3091241121292114,0.25759223103523254,0.07967664301395416,0.14879833161830902,0.10-0.15,False,False,True,False,False,False,False,False,False,0.0,0.0,0.0,0.0,0.0,0.0,0.03736318647861481,0.11572372913360596,0.0,0.0,0.0,0.0,0.0,0.0,0.03146040439605713,-0.010954992845654488,0.07939822226762772,0.0,-0.00549729261547327,0.029112201184034348,0.02962571568787098,0.007826737128198147,0-2deg,0.00-0.04,0.0,0.0,0.0,0.0
137,59,False,False,0.44412410259246826,0.44412410259246826,0.0,0.0,1.5199999809265137,1.3479855060577393,0.648435652256012,-0.7460449934005737,-0.9376440048217773,0.9436604976654053,0.4462049603462219,-0.0048022037371993065,0.11667682975530624,1.875341534614563,0.829603374004364,0.10639040917158127,0.19667980074882507,>=0.15,True,True,False,False,False,False,False,True,False,0.0,0.0,0.0,0.0,0.0,0.0,0.4462049603462219,-0.0048022037371993065,0.0048022037371993065,0.0,0.0,0.0,0.0,0.0,0.30789127945899963,-0.9365245699882507,0.1158314198255539,0.0,0.03582793101668358,-0.019928062334656715,0.040995240211486816,0.030395714566111565,0-2deg,0.00-0.04,0.0,0.0,0.0,0.0
138,45,False,False,0.26530253887176514,0.23712866008281708,0.0,0.0,9.979999542236328,0.27173900604248047,0.053397975862026215,0.008370871655642986,-0.04694696143269539,0.07119104266166687,0.03755710646510124,0.20774297416210175,0.055477432906627655,0.7202138900756836,0.18833626806735992,0.05351772531867027,0.11278597265481949,0.10-0.15,False,False,True,False,False,False,False,False,False,0.0,0.0,0.0,0.0,0.0,0.0,0.03755710646510124,0.1769239753484726,0.0,0.0,0.0,0.0,0.0,0.0,0.022035405039787292,-0.0462319552898407,0.05413659289479256,0.0,-0.0054245456121861935,0.02072559855878353,0.021423663944005966,0.004491050262004137,0-2deg,0.00-0.04,0.0,0.0,0.0,0.0
139,62,False,False,0.4208792448043823,0.3821403980255127,0.0,0.0,0.7599999904632568,2.281925678253174,1.1778370141983032,-1.8855746984481812,-1.8774096965789795,2.57853102684021,0.40422719717025757,-0.016291696578264236,-0.15163268148899078,1.9223676919937134,1.0988537073135376,1.7675279378890991,0.11907453835010529,0.10-0.15,True,True,False,False,False,False,False,True,False,0.0,0.0,0.0,0.0,0.0,0.0,0.40422719717025757,-0.016291696578264236,0.016291696578264236,0.0,0.0,0.0,0.0,0.0,0.5774900317192078,-1.8657037019729614,1.7798796892166138,0.0,0.027785545215010643,0.036802638322114944,0.04610983282327652,0.03434566408395767,0-2deg,0.00-0.04,0.0,0.0,0.0,0.0
140,35,False,False,0.3162586987018585,0.2303425371646881,0.0,0.0,0.6800000071525574,1.9506152868270874,1.0536251068115234,-1.4135311841964722,-1.3936189413070679,1.5524308681488037,0.32712337374687195,-0.0031178370118141174,-0.1534722000360489,2.520444631576538,1.2802718877792358,0.684008777141571,0.22076468169689178,>=0.15,True,True,False,False,False,False,False,True,False,0.0,0.0,0.0,0.0,0.0,0.0,0.32712337374687195,-0.0031178370118141174,0.0031178370118141174,0.0,0.0,0.0,0.0,0.0,0.7816408276557922,-1.4034724235534668,0.6635562181472778,0.0,0.02306530624628067,-0.00943533331155777,0.02491973713040352,0.007487177383154631,0-2deg,0.00-0.04,0.0,0.0,0.0,0.0
141,34,False,False,0.16024143993854523,0.11760897934436798,0.0,0.0,9.979999542236328,0.86554354429245,0.11315504461526871,0.05886989086866379,0.00022567808628082275,0.08743031322956085,0.11764489859342575,0.05666043981909752,0.05809197574853897,2.005697727203369,0.36885225772857666,0.08743002265691757,0.1811271458864212,>=0.15,False,False,True,False,False,False,False,False,False,0.0,0.0,0.0,0.0,0.0,0.0,0.11764489859342575,0.03110221028327942,0.0,0.0,0.0,0.0,0.0,0.0,0.08266504853963852,0.007892324589192867,0.08707337081432343,0.0,0.08147434145212173,0.03683682903647423,0.08939790725708008,0.016121303662657738,0-2deg,0.00-0.04,0.0,0.0,0.0,0.0
142,21,False,False,0.16167904436588287,0.15153205394744873,0.0,0.0,9.979999542236328,2.0260634422302246,0.0897846594452858,0.10582510381937027,-0.0011375397443771362,0.008838774636387825,0.027105677872896194,0.10447077453136444,0.1068497747182846,2.6499826908111572,0.1881469488143921,0.008765269070863724,0.18107543885707855,>=0.15,False,False,True,False,False,False,False,False,False,0.0,0.0,0.0,0.0,0.0,0.0,0.027105677872896194,0.04726317897439003,0.0,0.0,0.0,0.0,0.0,0.0,0.014717581681907177,-0.0012085889466106892,0.008755754679441452,0.0,0.002767318394035101,-0.008921047672629356,0.009341403841972351,0.014402816072106361,0-2deg,0.00-0.04,0.0,0.0,0.0,0.0
143,30,False,False,0.811419665813446,0.4040973484516144,0.0,0.0,0.8799999952316284,1.3382203578948975,0.7387441992759705,-1.3664659261703491,-1.4271522760391235,3.656261920928955,0.8267824053764343,-0.007742430083453655,0.10712939500808716,3.015990972518921,1.5994956493377686,3.366227388381958,0.1002165898680687,0.10-0.15,True,True,False,False,False,False,False,True,False,0.0,0.0,0.0,0.0,0.0,0.0,0.8267824053764343,-0.007742430083453655,0.007742430083453655,0.0,0.0,0.0,0.0,0.0,1.0785281658172607,-1.422467589378357,3.3682098388671875,0.0,-0.018463216722011566,-0.02820754610002041,0.03371068835258484,0.022798212245106697,0-2deg,0.00-0.04,0.0,0.0,0.0,0.0
144,11,False,False,0.6146119236946106,0.29911115765571594,0.0,0.0,1.0199999809265137,0.8346747756004333,0.614025890827179,-0.6779606342315674,-0.9027299880981445,1.342747449874878,0.6269673109054565,-0.0008699670433998108,-0.03424644470214844,2.2319111824035645,1.2891006469726562,0.9940066337585449,0.1566295325756073,>=0.15,True,True,False,False,False,False,False,True,False,0.0,0.0,0.0,0.0,0.0,0.0,0.6269673109054565,-0.0008699670433998108,0.0008699670433998108,0.0,0.0,0.0,0.0,0.0,0.727323055267334,-0.8392357230186462,1.0481669902801514,0.0,0.04316431283950806,-0.04536078870296478,0.06260551512241364,0.03441037982702255,0-2deg,0.00-0.04,0.0,0.0,0.0,0.0
145,58,False,False,0.44181227684020996,0.41063356399536133,0.0,0.0,1.659999966621399,2.004676342010498,0.5978790521621704,-0.052389901131391525,-0.1246032565832138,0.6378402709960938,0.44202935695648193,-0.0012713950127363205,0.07192952930927277,1.933166742324829,0.7720279097557068,0.625551164150238,0.188535675406456,>=0.15,True,True,False,False,False,False,False,True,False,0.0,0.0,0.0,0.0,0.0,0.0,0.44202935695648193,-0.0012713950127363205,0.0012713950127363205,0.0,0.0,0.0,0.0,0.0,0.11042115092277527,-0.14864979684352875,0.6202769875526428,0.0,-0.014840105548501015,0.035649701952934265,0.038613684475421906,0.001535234390757978,0-2deg,0.00-0.04,0.0,0.0,0.0,0.0
146,34,False,False,0.3970237076282501,0.18503889441490173,0.0,0.0,0.7799999713897705,2.7858617305755615,1.3200576305389404,-1.7540721893310547,-2.861736297607422,3.0798158645629883,0.41525325179100037,-0.03681955859065056,0.1861264854669571,1.8535726070404053,1.1709482669830322,1.138302206993103,0.17139869928359985,>=0.15,True,True,False,False,False,False,False,True,False,0.0,0.0,0.0,0.0,0.0,0.0,0.41525325179100037,-0.03681955859065056,0.03681955859065056,0.0,0.0,0.0,0.0,0.0,1.8135722875595093,-2.869555950164795,1.1184431314468384,0.0,-0.011962655000388622,-0.05724174901843071,0.058476824313402176,0.054916225373744965,0-2deg,0.00-0.04,0.0,0.0,0.0,0.0
147,16,False,False,0.15988720953464508,0.09659843891859055,0.0,0.0,9.979999542236328,0.5986388325691223,0.08856778591871262,0.05620638281106949,-0.005627572536468506,0.12301688641309738,0.018117820844054222,0.10385525226593018,0.06166065111756325,2.197782516479492,0.5917034149169922,0.12288809567689896,0.17123065888881683,>=0.15,False,False,True,False,False,False,False,False,False,0.0,0.0,0.0,0.0,0.0,0.0,0.018117820844054222,0.04071476683020592,0.0,0.0,0.0,0.0,0.0,0.0,0.010923812165856361,-0.0008491748012602329,0.1230139508843422,0.0,-0.0469275526702404,-0.0473274327814579,0.0666363313794136,0.01827726885676384,0-2deg,0.00-0.04,0.0,0.0,0.0,0.0
148,34,True,False,0.49844303727149963,0.40101248025894165,0.0,0.0,0.5799999833106995,2.8802125453948975,1.2393418550491333,-2.828944444656372,-2.5702314376831055,4.280000686645508,0.48457571864128113,-0.026834337040781975,-0.07464935630559921,2.6842198371887207,0.9057469367980957,3.4223263263702393,0.19369693100452423,>=0.15,True,True,False,False,False,False,False,True,False,0.0,0.0,0.0,0.0,0.0,0.0,0.48457571864128113,-0.026834337040781975,0.026834337040781975,0.0,0.0,0.0,0.0,0.0,0.8637706637382507,-2.5519015789031982,3.436016082763672,0.0,0.01903100684285164,0.012149523943662643,0.022577878087759018,0.023128394037485123,0-2deg,0.00-0.04,0.0,0.0,0.0,0.0
149,11,False,False,0.9939402937889099,0.4583700895309448,0.0,0.0,0.8199999928474426,1.923014521598816,0.9378677010536194,-2.055302619934082,-2.015240430831909,4.3976054191589355,0.9999182224273682,-0.013815276324748993,0.15249617397785187,3.5629031658172607,1.7175718545913696,3.908674478530884,0.2002207487821579,>=0.15,True,True,False,False,False,False,False,True,False,0.0,0.0,0.0,0.0,0.0,0.0,0.9999182224273682,-0.013815276324748993,0.013815276324748993,0.0,0.0,0.0,0.0,0.0,1.4219659566879272,-1.9111467599868774,3.9606122970581055,0.0,-0.011648820713162422,0.0244381595402956,0.027072928845882416,0.04397643730044365,0-2deg,0.00-0.04,0.0,0.0,0.0,0.0
150,37,False,False,0.1585986465215683,0.1585986465215683,0.0,0.0,3.7200000286102295,0.7054928541183472,0.1526350975036621,-0.38306838274002075,-0.4792807996273041,2.4269351959228516,0.1597032994031906,-0.0002096816897392273,-0.026157747954130173,2.259671449661255,0.8151879906654358,2.3791394233703613,0.1085641011595726,0.10-0.15,True,True,False,True,False,False,False,True,True,0.1597032994031906,-0.3643571734428406,2.3994288444519043,0.7005382180213928,0.7005382180213928,0.0,0.1597032994031906,-0.0002096816897392273,0.0002096816897392273,-0.04904380440711975,-0.003998205065727234,0.04920641705393791,0.05361705645918846,0.3775562644004822,0.3775562644004822,-0.3643571734428406,2.3994288444519043,0.007005381863564253,-0.04904380440711975,-0.003998205065727234,0.04920641705393791,0.05361705645918846,2-4deg,0.04-0.08,0.0,0.0006905339541845024,0.0,0.0
151,13,False,False,0.12674257159233093,0.11712484061717987,0.0,0.0,3.799999952316284,0.7489866018295288,0.1880321055650711,-0.21762362122535706,-0.2122577577829361,2.233132839202881,0.12343102693557739,0.002668343484401703,-0.12208104878664017,2.3026256561279297,1.053505778312683,2.2230224609375,0.10358419269323349,0.10-0.15,True,True,False,True,False,False,False,True,True,0.12343102693557739,-0.24445724487304688,2.219712495803833,0.8144067525863647,0.8144067525863647,0.0,0.12343102693557739,0.002668343484401703,0.0,0.0319354310631752,0.018825562670826912,0.037069715559482574,0.05173186957836151,0.4252214729785919,0.4252214729785919,-0.24445724487304688,2.219712495803833,0.008144067600369453,0.0319354310631752,0.018825562670826912,0.037069715559482574,0.05173186957836151,2-4deg,0.04-0.08,0.0,0.0,0.0,0.0
152,58,False,False,0.2573993504047394,0.25730645656585693,0.0,0.0,1.8399999141693115,0.6966515779495239,0.3053901493549347,0.04476707801222801,-0.08419632911682129,0.5170818567276001,0.2538036108016968,-0.0010837186127901077,0.12856850028038025,2.2197201251983643,1.1302287578582764,0.5101810097694397,0.06379208713769913,0.05-0.10,True,True,False,False,False,False,False,True,False,0.0,0.0,0.0,0.0,0.0,0.0,0.2538036108016968,-0.0010837186127901077,0.0010837186127901077,0.0,0.0,0.0,0.0,0.0,0.13351568579673767,-0.06025628000497818,0.5135589838027954,0.0,-0.0016445545479655266,-0.04912105202674866,0.04914821684360504,0.007257974240928888,0-2deg,0.00-0.04,0.0,0.0,0.0,0.0
153,37,False,False,0.5503440499305725,0.3397662043571472,0.0,0.0,1.5999999046325684,0.864745557308197,0.4832945764064789,-0.8122523427009583,-0.8965978622436523,2.5080463886260986,0.5808357000350952,-0.008876627311110497,0.20172631740570068,2.3077683448791504,1.0079643726348877,2.342308282852173,0.03349533677101135,0.00-0.05,True,True,False,False,False,False,False,True,False,0.0,0.0,0.0,0.0,0.0,0.0,0.5808357000350952,-0.008876627311110497,0.008876627311110497,0.0,0.0,0.0,0.0,0.0,1.1555652618408203,-0.9356407523155212,2.3269879817962646,0.0,0.01645607501268387,0.006071718875318766,0.017541011795401573,0.009376735426485538,0-2deg,0.00-0.04,0.0,0.0,0.0,0.0
154,56,False,False,0.1817176342010498,0.1817176342010498,0.0,0.0,5.799999713897705,0.5685482621192932,0.1430860161781311,-0.44303351640701294,-0.43390411138534546,2.0749728679656982,0.18337756395339966,-0.00026120245456695557,-0.07106190919876099,1.9046635627746582,0.7104176878929138,2.0290982723236084,0.22031213343143463,>=0.15,True,True,False,True,False,False,False,True,True,0.18337756395339966,-0.349499374628067,2.0453269481658936,0.26020893454551697,0.26020893454551697,0.0,0.18337756395339966,-0.00026120245456695557,0.00026120245456695557,-0.026414431631565094,0.036031074821949005,0.04467277601361275,0.04097702354192734,0.3784036934375763,0.3784036934375763,-0.349499374628067,2.0453269481658936,0.0026020891964435577,-0.026414431631565094,0.036031074821949005,0.04467277601361275,0.04097702354192734,2-4deg,0.04-0.08,0.0,0.0,0.0,0.0
155,7,False,False,0.4447813630104065,0.08920878171920776,0.0,0.0,7.919999599456787,1.6397905349731445,0.12952935695648193,-0.04433075338602066,-0.1641114056110382,0.4445229470729828,0.45238444209098816,-7.988139986991882e-05,0.12651364505290985,1.9101914167404175,0.4487021565437317,0.41311994194984436,0.23167771100997925,>=0.15,True,True,False,False,False,False,False,True,False,0.0,0.0,0.0,0.0,0.0,0.0,0.45238444209098816,-7.988139986991882e-05,7.988139986991882e-05,0.0,0.0,0.0,0.0,0.0,0.33346009254455566,-0.12303221970796585,0.42715775966644287,0.0,0.08184748142957687,0.053559206426143646,0.0977812260389328,0.015480158850550652,0-2deg,0.00-0.04,0.0,0.0,0.0,0.0
156,37,False,False,0.3717222809791565,0.19071246683597565,0.0,0.0,0.7799999713897705,1.053316354751587,0.5466966032981873,-0.8987646102905273,-1.1410727500915527,2.1009774208068848,0.37775230407714844,-0.01003224216401577,-0.14125275611877441,2.3658151626586914,1.2629467248916626,1.7641029357910156,0.11821165680885315,0.10-0.15,True,True,False,False,False,False,False,True,False,0.0,0.0,0.0,0.0,0.0,0.0,0.37775230407714844,-0.01003224216401577,0.01003224216401577,0.0,0.0,0.0,0.0,0.0,0.4143804609775543,-1.119856595993042,1.777646780014038,0.0,-0.0008743611397221684,-0.012570922262966633,0.012601146474480629,0.01989273726940155,0-2deg,0.00-0.04,0.0,0.0,0.0,0.0
157,47,False,False,0.2193583846092224,0.2193583846092224,0.0,0.0,8.479999542236328,1.56456458568573,0.11164414137601852,0.06324009597301483,-0.08372155576944351,0.09194673597812653,0.08580854535102844,0.1471995860338211,0.14695808291435242,1.4664289951324463,0.2567315399646759,0.03801188990473747,0.2531451880931854,>=0.15,True,True,False,False,False,False,False,False,False,0.0,0.0,0.0,0.0,0.0,0.0,0.08580854535102844,0.1471995860338211,0.0,0.0,0.0,0.0,0.0,0.0,0.025944044813513756,-0.08378724753856659,0.03786687180399895,0.0,-0.012917344458401203,0.02997981570661068,0.032643333077430725,0.008520328439772129,0-2deg,0.00-0.04,0.0,0.0,0.0,0.0
158,37,False,False,0.2260679006576538,0.057777468115091324,0.0,0.0,0.8799999952316284,1.704675555229187,0.600168764591217,0.12263894826173782,0.014106757938861847,0.6064526438713074,0.2283347249031067,-0.008929967880249023,0.11935362964868546,2.136775493621826,1.1574114561080933,0.6062885522842407,0.19205641746520996,>=0.15,True,True,False,True,False,False,False,True,True,0.08718986809253693,-0.09566908329725266,1.0124729871749878,0.10562661290168762,0.12269952893257141,0.0,0.2283347249031067,-0.015698561444878578,0.015698561444878578,-0.04558167979121208,-0.008035198785364628,0.04628407582640648,0.018419776111841202,0.08455286175012589,0.19918552041053772,0.03868887573480606,0.6052172780036926,0.001226995256729424,-0.04408155381679535,-0.01146337203681469,0.04554647207260132,0.019101468846201897,2-4deg,0.00-0.04,0.0,0.0,0.0,0.0
159,49,False,False,0.21997478604316711,0.12656518816947937,0.0,0.0,9.979999542236328,0.9007289409637451,0.10322652757167816,-0.09974490851163864,0.023020297288894653,0.11184028536081314,0.13317835330963135,0.12128034234046936,-0.12655988335609436,1.8199435472488403,0.3329753279685974,0.1094454899430275,0.18008451163768768,>=0.15,False,False,True,False,False,False,False,False,False,0.0,0.0,0.0,0.0,0.0,0.0,0.13317835330963135,0.052783820778131485,0.0,0.0,0.0,0.0,0.0,0.0,0.07311347872018814,0.028657086193561554,0.10810652375221252,0.0,-0.033672500401735306,-0.053569577634334564,0.0632651224732399,0.03160158917307854,0-2deg,0.00-0.04,0.0,0.0006905339541845024,0.0,0.0
160,34,False,False,0.20046406984329224,0.20046406984329224,0.0,0.0,4.099999904632568,0.6122215986251831,0.12524960935115814,-0.2022550106048584,-0.19640307128429413,1.5128943920135498,0.20339366793632507,-0.002198111265897751,-0.03953957557678223,1.4925183057785034,0.6731855273246765,1.500091791152954,0.17300666868686676,>=0.15,True,True,False,True,False,False,False,True,True,0.20339366793632507,-0.1490441858768463,1.5055348873138428,0.23148716986179352,0.23148716986179352,0.0,0.20339366793632507,-0.002198111265897751,0.002198111265897751,0.004757973365485668,0.03979315236210823,0.04007596895098686,0.02190803736448288,0.34095433354377747,0.34095433354377747,-0.1490441858768463,1.5055348873138428,0.0023148716427385807,0.004757973365485668,0.03979315236210823,0.04007596895098686,0.02190803736448288,2-4deg,0.00-0.04,0.0,0.0,0.0,0.0
161,47,False,False,0.07832999527454376,0.07832999527454376,0.0,0.0,0.5399999618530273,1.7639695405960083,0.8818058371543884,-0.22219711542129517,-0.925908625125885,1.2361606359481812,0.06506484746932983,0.022229313850402832,0.06183731555938721,2.275944948196411,1.2393608093261719,0.8190155029296875,0.05958382785320282,0.05-0.10,True,True,False,True,False,True,False,False,True,0.06506484746932983,-0.9144429564476013,0.8317976593971252,4.343448638916016,4.343448638916016,0.0,0.06506484746932983,0.022229313850402832,0.0,-0.002903902204707265,-0.027312548831105232,0.027466412633657455,0.0040507325902581215,0.7924019694328308,0.7924019694328308,-0.9144429564476013,0.8317976593971252,0.04343448579311371,-0.002903902204707265,-0.027312548831105232,0.027466412633657455,0.0040507325902581215,0-2deg,0.00-0.04,0.0,0.0,0.0,0.0
162,61,False,False,0.2385294884443283,0.21161498129367828,0.0,0.0,9.979999542236328,0.5133134126663208,0.09077353775501251,0.05443369224667549,-0.07503116130828857,0.13372917473316193,0.06257029622793198,0.17571330070495605,0.1267279088497162,1.8076422214508057,0.5649479031562805,0.1106969490647316,0.09389505535364151,0.05-0.10,False,False,True,False,False,False,False,False,False,0.0,0.0,0.0,0.0,0.0,0.0,0.06257029622793198,0.1554241180419922,0.0,0.0,0.0,0.0,0.0,0.0,0.07266659289598465,-0.07768575847148895,0.10885041952133179,0.0,0.023814257234334946,-0.05624304339289665,0.06107198819518089,0.04378267750144005,0-2deg,0.00-0.04,0.0,0.0,0.0,0.0
163,1,False,False,0.25193122029304504,0.1363644301891327,0.0,0.0,9.979999542236328,0.6620866060256958,0.10532595962285995,-0.1011892706155777,-0.0009906366467475891,0.2323681265115738,0.060959722846746445,0.18948067724704742,-0.10139502584934235,2.2021522521972656,0.5676490068435669,0.23236602544784546,0.09497739374637604,0.05-0.10,False,False,True,False,False,False,False,False,False,0.0,0.0,0.0,0.0,0.0,0.0,0.060959722846746445,0.06876499950885773,0.0,0.0,0.0,0.0,0.0,0.0,0.005167488474398851,0.0007351897656917572,0.23236697912216187,0.0,-0.04665222764015198,-0.02045408822596073,0.050936777144670486,0.037128251045942307,0-2deg,0.00-0.04,0.0,0.0,0.0,0.0
164,2,False,False,0.21812032163143158,0.10433182120323181,0.0,0.0,9.979999542236328,1.6936542987823486,0.06893438845872879,0.07001368701457977,0.009591147303581238,0.037209030240774155,0.08451564610004425,0.1464127004146576,0.05988670513033867,2.766655921936035,0.2750781178474426,0.035951659083366394,0.17401400208473206,>=0.15,False,False,True,False,False,False,False,False,False,0.0,0.0,0.0,0.0,0.0,0.0,0.08451564610004425,0.01108880527317524,0.0,0.0,0.0,0.0,0.0,0.0,0.04841480404138565,0.01075913105159998,0.03561956062912941,0.0,0.04120015352964401,-0.02182893641293049,0.04662293568253517,0.010366087779402733,0-2deg,0.00-0.04,0.0,0.0,0.0,0.0
165,12,False,False,0.23437634110450745,0.20983123779296875,0.0,0.0,9.979999542236328,0.25273486971855164,0.06326694786548615,-0.04005266726016998,0.005468647927045822,0.17519474029541016,0.013548968359827995,0.17894628643989563,-0.04550600051879883,0.8372587561607361,0.3265317678451538,0.1751093566417694,0.16562606394290924,>=0.15,False,False,True,False,False,False,False,False,False,0.0,0.0,0.0,0.0,0.0,0.0,0.013548968359827995,0.12968869507312775,0.0,0.0,0.0,0.0,0.0,0.0,0.02261744625866413,0.005439174361526966,0.17511026561260223,0.0,-0.011835158802568913,-0.001721939304843545,0.011960471048951149,0.002831143792718649,0-2deg,0.00-0.04,0.0,0.0,0.0,0.0
166,19,False,False,0.1648978590965271,0.13772176206111908,0.0,0.0,9.979999542236328,0.9575340747833252,0.10643476992845535,-0.019735155627131462,0.05983635038137436,0.09334814548492432,0.08251882344484329,0.08862662315368652,-0.07800290733575821,2.001073122024536,0.29224976897239685,0.07164835929870605,0.1595289558172226,>=0.15,False,False,True,False,False,False,False,False,False,0.0,0.0,0.0,0.0,0.0,0.0,0.08251882344484329,-0.01808798313140869,0.01808798313140869,0.0,0.0,0.0,0.0,0.0,0.04577629640698433,0.06283994019031525,0.06902911514043808,0.0,-0.008240742608904839,0.04309882968664169,0.04387960582971573,0.022618334740400314,0-2deg,0.00-0.04,0.0,0.0,0.0,0.0
167,20,False,False,0.15051470696926117,0.15051470696926117,0.0,0.0,9.979999542236328,0.3523809015750885,0.06933869421482086,0.07890243083238602,-0.01018795371055603,0.045810576528310776,0.008434184826910496,0.09526847302913666,0.08888935297727585,1.2242791652679443,0.2768034338951111,0.04466334730386734,0.1825992912054062,>=0.15,False,False,True,False,False,False,False,False,False,0.0,0.0,0.0,0.0,0.0,0.0,0.008434184826910496,0.09526847302913666,0.0,0.0,0.0,0.0,0.0,0.0,0.06316888332366943,-0.008056575432419777,0.04509657248854637,0.0,-0.02823120728135109,-0.06866943091154099,0.0742373988032341,0.04673522338271141,0-2deg,0.00-0.04,0.0,0.0,0.0,0.0
168,23,False,False,0.1966870278120041,0.16962982714176178,0.0,0.0,9.979999542236328,0.690494179725647,0.077994704246521,0.021112235262989998,0.015429984778165817,0.1353788524866104,0.054510120302438736,0.1342088133096695,0.005699659697711468,1.6311938762664795,0.26461857557296753,0.13449665904045105,0.06834816187620163,0.05-0.10,False,False,True,False,False,False,False,False,False,0.0,0.0,0.0,0.0,0.0,0.0,0.054510120302438736,0.10891349613666534,0.0,0.0,0.0,0.0,0.0,0.0,0.022019168362021446,0.01458665356040001,0.1345907300710678,0.0,-0.012874504551291466,-0.0017310782568529248,0.012992409989237785,0.01828632690012455,0-2deg,0.00-0.04,0.0,0.0,0.0,0.0
169,25,False,False,0.26224836707115173,0.23086035251617432,0.0,0.0,9.979999542236328,0.27743425965309143,0.07391148805618286,-0.07575482875108719,0.002526901662349701,0.05622563511133194,0.05618732050061226,0.20122972130775452,-0.07784026861190796,1.0710026025772095,0.31946685910224915,0.056168824434280396,0.15791256725788116,>=0.15,False,False,True,False,False,False,False,False,False,0.0,0.0,0.0,0.0,0.0,0.0,0.05618732050061226,0.16259540617465973,0.0,0.0,0.0,0.0,0.0,0.0,0.009115341119468212,0.002242672024294734,0.056180890649557114,0.0,0.009485457092523575,0.002684665145352483,0.009856793098151684,0.00836884044110775,0-2deg,0.00-0.04,0.0,0.0,0.0,0.0
170,27,False,False,0.17406043410301208,0.061625879257917404,0.0,0.0,9.979999542236328,0.808970034122467,0.11477554589509964,0.06620379537343979,0.11120908707380295,0.3027248680591583,0.04700490087270737,0.11341841518878937,-0.04150176793336868,1.6559914350509644,0.537718653678894,0.28155794739723206,0.13000726699829102,0.10-0.15,False,False,True,False,False,False,False,False,False,0.0,0.0,0.0,0.0,0.0,0.0,0.04700490087270737,0.00459718145430088,0.0,0.0,0.0,0.0,0.0,0.0,0.12888488173484802,0.11451981961727142,0.2802276909351349,0.0,-0.0010138857178390026,-0.06339209526777267,0.0633997917175293,0.02993195131421089,0-2deg,0.00-0.04,0.0,0.0,0.0,0.0
171,29,False,False,0.18435023725032806,0.18435023725032806,0.0,0.0,9.979999542236328,1.5057847499847412,0.11881962418556213,0.09542468190193176,-0.08547299355268478,0.09684410691261292,0.08089064061641693,0.11058728396892548,0.1796870231628418,1.787532925605774,0.2746140658855438,0.04553183168172836,0.22213761508464813,>=0.15,False,False,True,False,False,False,False,False,False,0.0,0.0,0.0,0.0,0.0,0.0,0.08089064061641693,0.11058728396892548,0.0,0.0,0.0,0.0,0.0,0.0,0.007766608148813248,-0.08478240668773651,0.04680517315864563,0.0,0.00341961532831192,0.01656261645257473,0.016911234706640244,0.02890768088400364,0-2deg,0.00-0.04,0.0,0.0,0.0,0.0
172,36,False,False,0.31211963295936584,0.21732234954833984,0.0,0.0,9.979999542236328,0.675438642501831,0.109015554189682,-0.11581843346357346,0.03895479440689087,0.188743457198143,0.09959619492292404,0.24195821583271027,-0.15805582702159882,1.5658011436462402,0.4293503165245056,0.1846797615289688,0.06046252325177193,0.05-0.10,False,False,True,False,False,False,False,False,False,0.0,0.0,0.0,0.0,0.0,0.0,0.09959619492292404,0.15995587408542633,0.0,0.0,0.0,0.0,0.0,0.0,0.09140501171350479,0.039459045976400375,0.18457266688346863,0.0,-0.05995491147041321,-0.0060079628601670265,0.060254987329244614,0.0462518148124218,0-2deg,0.00-0.04,0.0,0.0,0.0,0.0
173,39,False,False,0.2083359807729721,0.15382330119609833,0.0,0.0,9.979999542236328,0.26874592900276184,0.06863370537757874,-0.030372070148587227,-0.02603914588689804,0.15826575458049774,0.07448041439056396,0.14039437472820282,-0.00854516588151455,1.3681519031524658,0.41601258516311646,0.15610899031162262,0.14905977249145508,0.10-0.15,False,False,True,False,False,False,False,False,False,0.0,0.0,0.0,0.0,0.0,0.0,0.07448041439056396,0.0749032199382782,0.0,0.0,0.0,0.0,0.0,0.0,0.07860318571329117,-0.03189675509929657,0.15501822531223297,0.0,0.00793315190821886,-0.054854366928339005,0.05542432516813278,0.06186392903327942,0-2deg,0.00-0.04,0.0,0.0,0.0,0.0
174,40,False,False,0.24685320258140564,0.21718469262123108,0.0,0.0,9.979999542236328,0.653654158115387,0.07620791345834732,0.012919249944388866,0.04529149457812309,0.23195938766002655,0.07344423979520798,0.18044474720954895,-0.035023875534534454,1.4143704175949097,0.25535908341407776,0.22749470174312592,0.16292798519134521,>=0.15,False,False,True,False,False,False,False,False,False,0.0,0.0,0.0,0.0,0.0,0.0,0.07344423979520798,0.14638692140579224,0.0,0.0,0.0,0.0,0.0,0.0,0.04012354463338852,0.04764657840132713,0.22701312601566315,0.0,0.012596113607287407,-0.01218463759869337,0.017524011433124542,0.04917747527360916,0-2deg,0.00-0.04,0.0,0.0,0.0,0.0
175,41,False,False,0.24186617136001587,0.11619720607995987,0.0,0.0,9.979999542236328,1.6123080253601074,0.1090032085776329,-0.03502838313579559,-0.014235591515898705,0.15106558799743652,0.05486588180065155,0.18081653118133545,-0.020731765776872635,1.754836916923523,0.22522373497486115,0.15039333701133728,0.11498671025037766,0.10-0.15,False,False,True,False,False,False,False,False,False,0.0,0.0,0.0,0.0,0.0,0.0,0.05486588180065155,0.029443535953760147,0.0,0.0,0.0,0.0,0.0,0.0,0.04245418310165405,-0.008828290738165379,0.15080739557743073,0.0,0.010034143924713135,-0.034564852714538574,0.03599094972014427,0.02378171868622303,0-2deg,0.00-0.04,0.0,0.0,0.0,0.0
176,42,False,False,0.3333204686641693,0.17280982434749603,0.0,0.0,9.979999542236328,0.3446071445941925,0.07772041112184525,-0.15968388319015503,0.026782140135765076,0.35507825016975403,0.18860729038715363,0.221439927816391,-0.1904677301645279,1.5215392112731934,0.35372021794319153,0.35406678915023804,0.1969086080789566,>=0.15,False,False,True,False,False,False,False,False,False,0.0,0.0,0.0,0.0,0.0,0.0,0.18860729038715363,0.10427282750606537,0.0,0.0,0.0,0.0,0.0,0.0,0.07031596451997757,0.03906538337469101,0.3529227375984192,0.0,0.035798944532871246,0.008511310443282127,0.03679690882563591,0.013985740952193737,0-2deg,0.00-0.04,0.0,0.0,0.0,0.0
177,43,False,False,0.25491324067115784,0.1821395754814148,0.0,0.0,9.979999542236328,1.4616749286651611,0.10543154925107956,-0.14879749715328217,0.004575163125991821,0.16747243702411652,0.13869817554950714,0.16005414724349976,-0.15974396467208862,1.662091851234436,0.2615337669849396,0.16740992665290833,0.15461668372154236,>=0.15,False,False,True,False,False,False,False,False,False,0.0,0.0,0.0,0.0,0.0,0.0,0.13869817554950714,0.11385829746723175,0.0,0.0,0.0,0.0,0.0,0.0,0.06447353959083557,0.00494721345603466,0.1673993468284607,0.0,0.015816211700439453,-0.020901260897517204,0.02620922215282917,0.05330982059240341,0-2deg,0.00-0.04,0.0,0.0,0.0,0.0
178,44,False,False,0.2419421225786209,0.0682501569390297,0.0,0.0,9.979999542236328,0.7174476385116577,0.08919601142406464,-0.10291172564029694,0.004087045788764954,0.12894411385059357,0.1331382840871811,0.1484612226486206,-0.10780688375234604,2.210026741027832,0.51047682762146,0.12887932360172272,0.05284114181995392,0.05-0.10,False,False,True,False,False,False,False,False,False,0.0,0.0,0.0,0.0,0.0,0.0,0.1331382840871811,-0.0008888784795999527,0.0008888784795999527,0.0,0.0,0.0,0.0,0.0,0.06153798848390579,0.005187257658690214,0.12883973121643066,0.0,0.010428710840642452,0.00043017149437218904,0.010438308119773865,0.0070943040773272514,0-2deg,0.00-0.04,0.0,0.0,0.0,0.0
179,46,False,False,0.20201106369495392,0.1847919225692749,0.0,0.0,9.979999542236328,0.4893895089626312,0.08326520025730133,-0.01976838707923889,0.05851005017757416,0.08292480558156967,0.02471357397735119,0.14568249881267548,-0.07916786521673203,1.5911614894866943,0.39346349239349365,0.058763064444065094,0.12762723863124847,0.10-0.15,False,False,True,False,False,False,False,False,False,0.0,0.0,0.0,0.0,0.0,0.0,0.02471357397735119,0.12846137583255768,0.0,0.0,0.0,0.0,0.0,0.0,0.04168176278471947,0.060253508388996124,0.05697402358055115,0.0,-0.03568907454609871,0.003541328711435199,0.03586484119296074,0.03673578053712845,0-2deg,0.00-0.04,0.0,0.0,0.0,0.0
180,48,False,False,0.28610125184059143,0.22908324003219604,0.0,0.0,9.979999542236328,0.19759634137153625,0.05344455689191818,-0.11919385939836502,-0.0020393431186676025,0.24552716314792633,0.09613171964883804,0.21605180203914642,-0.1127169206738472,0.4634779393672943,0.16343513131141663,0.24551869928836823,0.07413844019174576,0.05-0.10,False,False,True,False,False,False,False,False,False,0.0,0.0,0.0,0.0,0.0,0.0,0.09613171964883804,0.17327210307121277,0.0,0.0,0.0,0.0,0.0,0.0,0.11374803632497787,-0.008641882799565792,0.24537502229213715,0.0,-0.0034589131828397512,-0.028520410880446434,0.028728777542710304,0.009144267998635769,0-2deg,0.00-0.04,0.0,0.0,0.0,0.0
181,53,False,False,0.23345771431922913,0.16401711106300354,0.0,0.0,9.979999542236328,0.50040203332901,0.09703761339187622,0.0022292002104222775,0.003234825562685728,0.5182511210441589,0.023260904476046562,0.17789115011692047,0.0019518696935847402,1.8982270956039429,0.5694804191589355,0.5182410478591919,0.10405907034873962,0.10-0.15,False,False,True,False,False,False,False,False,False,0.0,0.0,0.0,0.0,0.0,0.0,0.023260904476046562,0.10541056096553802,0.0,0.0,0.0,0.0,0.0,0.0,0.11670976132154465,0.002954155672341585,0.5182427167892456,0.0,0.0008600928704254329,-0.0005398684297688305,0.001035800902172923,0.04545284062623978,0-2deg,0.00-0.04,0.0,0.0,0.0,0.0
182,55,False,False,0.24998527765274048,0.2408778816461563,0.0,0.0,9.979999542236328,1.5861619710922241,0.1009027436375618,-0.033986229449510574,0.005576346069574356,0.5193480849266052,0.07770337164402008,0.18410998582839966,-0.03906715288758278,1.6986817121505737,0.2806345224380493,0.519318163394928,0.15244388580322266,>=0.15,False,False,True,False,False,False,False,False,False,0.0,0.0,0.0,0.0,0.0,0.0,0.07770337164402008,0.18134726583957672,0.0,0.0,0.0,0.0,0.0,0.0,0.11571403592824936,-0.03334316611289978,0.5182766914367676,0.0,0.07548800110816956,-0.012971161864697933,0.07659252732992172,0.02958914078772068,0-2deg,0.00-0.04,0.0,0.0,0.0,0.0
183,61,False,False,0.32255539298057556,0.30836087465286255,0.0,0.0,0.5999999642372131,2.4059998989105225,0.9605076909065247,-0.530430257320404,-1.3500311374664307,1.5032057762145996,0.32539603114128113,0.014557179063558578,0.1312938928604126,2.1538989543914795,1.105176568031311,0.6610927581787109,0.056866083294153214,0.05-0.10,True,True,False,True,False,True,False,True,True,0.32539603114128113,-1.3533098697662354,0.6543546915054321,5.3346991539001465,5.3346991539001465,0.0,0.32539603114128113,0.014557179063558578,0.0,0.001493913005106151,0.03222327306866646,0.03225753828883171,0.034723911434412,0.479055255651474,0.479055255651474,-1.3533098697662354,0.6543546915054321,0.053346991539001465,0.001493913005106151,0.03222327306866646,0.03225753828883171,0.034723911434412,0-2deg,0.00-0.04,0.0,0.0,0.0,0.0
184,26,False,False,0.2562260329723358,0.08125705271959305,0.0,0.0,9.979999542236328,1.635352611541748,0.06814075261354446,-0.07260090857744217,0.015613004565238953,0.07231438905000687,0.05798536166548729,0.19440017640590668,-0.08355436474084854,2.8567023277282715,0.2660771608352661,0.07060881704092026,0.15456077456474304,>=0.15,False,False,True,True,False,False,False,False,True,0.04175776243209839,0.31746694445610046,1.5156912803649902,0.6488072872161865,0.6488072872161865,0.0,0.05798536166548729,0.033394843339920044,0.0,-0.04090322181582451,-0.05976872891187668,0.07241082191467285,0.055375512689352036,0.7778548002243042,0.027403399348258972,0.017168991267681122,0.07024668157100677,0.00648807268589735,-0.008270235732197762,-0.04688771441578865,0.0476112924516201,0.06790608167648315,4-6deg,0.04-0.08,0.0,0.0006905339541845024,0.0,0.0
185,17,False,False,0.2046850025653839,0.04889248311519623,0.0,0.0,9.979999542236328,0.7806109189987183,0.08909033983945847,0.11227451264858246,-0.038203611969947815,0.04402397572994232,0.06762365251779556,0.13867847621440887,0.14903941750526428,3.738372564315796,0.7539376020431519,0.021876798942685127,0.11814584583044052,0.10-0.15,False,False,True,False,False,False,False,False,False,0.0,0.0,0.0,0.0,0.0,0.0,0.06762365251779556,-0.01024687197059393,0.01024687197059393,0.0,0.0,0.0,0.0,0.0,0.0462350957095623,-0.03823745995759964,0.021817583590745926,0.0,-0.00423302361741662,0.04906380549073219,0.04924639314413071,0.0221538245677948,0-2deg,0.00-0.04,0.0,0.0,0.0,0.0
186,46,False,False,0.3644305169582367,0.323853999376297,0.0,0.0,0.5799999833106995,3.804753541946411,1.5418362617492676,-3.4393105506896973,-2.336829423904419,3.0427820682525635,0.33868587017059326,-0.03917741775512695,0.1259361058473587,2.9522812366485596,1.6288323402404785,1.9487816095352173,0.2069799304008484,>=0.15,True,True,False,False,False,False,False,True,False,0.0,0.0,0.0,0.0,0.0,0.0,0.33868587017059326,-0.03917741775512695,0.03917741775512695,0.0,0.0,0.0,0.0,0.0,0.8295354247093201,-2.3319356441497803,1.9546351432800293,0.0,-0.031052980571985245,0.02266399934887886,0.038441918790340424,0.015455322340130806,0-2deg,0.00-0.04,0.0,0.0,0.0,0.0
187,42,False,False,0.21288536489009857,0.21288536489009857,0.0,0.0,0.5999999642372131,2.4510586261749268,1.3615758419036865,0.5495988726615906,0.6551861763000488,0.7137761116027832,0.19448058307170868,0.03196284919977188,0.15217851102352142,2.1361610889434814,1.121500849723816,0.2832091152667999,0.1637924164533615,>=0.15,True,True,False,True,False,True,False,True,True,0.19448058307170868,0.6611219644546509,0.2690616548061371,8.165482521057129,8.165482521057129,0.0,0.19448058307170868,0.03196284919977188,0.0,0.02688508853316307,0.012309672310948372,0.029569318518042564,0.03398825600743294,1.0988272428512573,1.0988272428512573,0.6611219644546509,0.2690616548061371,0.08165482431650162,0.02688508853316307,0.012309672310948372,0.029569318518042564,0.03398825600743294,0-2deg,0.00-0.04,0.0,0.0,0.0,0.0
188,2,False,False,0.3227706551551819,0.29704076051712036,0.0,0.0,0.6399999856948853,2.753243923187256,1.580046534538269,-2.530320882797241,-2.595268964767456,3.4356722831726074,0.2999432682991028,-0.010898984968662262,-0.02733684703707695,2.364515542984009,1.2544329166412354,2.2513155937194824,0.12939681112766266,0.10-0.15,True,True,False,False,False,False,False,True,False,0.0,0.0,0.0,0.0,0.0,0.0,0.2999432682991028,-0.010898984968662262,0.010898984968662262,0.0,0.0,0.0,0.0,0.0,0.947849690914154,-2.737424612045288,2.0761377811431885,0.0,0.06696335971355438,0.008695203810930252,0.06752466410398483,0.026491595432162285,0-2deg,0.00-0.04,0.0,0.0,0.0,0.0
189,24,False,False,0.24508439004421234,0.18084684014320374,0.0,0.0,9.979999542236328,0.4161098003387451,0.08409298211336136,-0.06624142825603485,0.012189365923404694,0.12747684121131897,0.040604714304208755,0.18674659729003906,-0.08076979964971542,1.7259823083877563,0.3787808120250702,0.12689273059368134,0.15186147391796112,>=0.15,False,False,True,False,False,False,False,False,False,0.0,0.0,0.0,0.0,0.0,0.0,0.040604714304208755,0.11571712791919708,0.0,0.0,0.0,0.0,0.0,0.0,0.009283799678087234,0.012997852638363838,0.12681247293949127,0.0,0.005755127873271704,0.009780868887901306,0.01134669128805399,0.06181227043271065,0-2deg,0.00-0.04,0.0,0.0,0.0,0.0
190,49,False,False,0.31456348299980164,0.2083837389945984,0.0,0.0,1.71999990940094,1.1051506996154785,0.5797529220581055,-0.04956384375691414,-0.2829219102859497,1.8696272373199463,0.3240928649902344,0.008760306984186172,0.15821000933647156,2.490779161453247,1.198310375213623,1.8480966091156006,0.0915888324379921,0.05-0.10,True,True,False,True,False,False,False,True,True,0.3240928649902344,-0.30063721537590027,1.8452975749969482,0.0407598502933979,0.0407598502933979,0.0,0.3240928649902344,0.008760306984186172,0.0,0.011668672785162926,-0.005077195353806019,0.012723537161946297,0.06312070041894913,0.4869518280029297,0.4869518280029297,-0.30063721537590027,1.8452975749969482,0.00040759850526228547,0.011668672785162926,-0.005077195353806019,0.012723537161946297,0.06312070041894913,0-2deg,0.04-0.08,0.0,0.0,0.0,0.0
191,60,False,False,0.2902655303478241,0.19175581634044647,0.0,0.0,9.979999542236328,0.43192973732948303,0.08218319714069366,-0.08877422660589218,0.05625016987323761,0.08914502710103989,0.039653629064559937,0.2329971343278885,-0.14641056954860687,1.5121500492095947,0.27676284313201904,0.06915745884180069,0.09363555163145065,0.05-0.10,False,False,True,False,False,False,False,False,False,0.0,0.0,0.0,0.0,0.0,0.0,0.039653629064559937,0.13612276315689087,0.0,0.0,0.0,0.0,0.0,0.0,0.08370593190193176,0.050860874354839325,0.07321207970380783,0.0,0.051813606172800064,0.058564309030771255,0.07817541807889938,0.034375663846731186,0-2deg,0.00-0.04,0.0,0.0006905339541845024,0.0,0.0
192,1,False,False,0.6277841329574585,0.4498542845249176,0.0,0.0,0.6800000071525574,3.469799280166626,1.20171058177948,-3.428480386734009,-4.102579593658447,4.132669925689697,0.6355909109115601,-0.07591171562671661,0.12750540673732758,2.8358333110809326,1.6615568399429321,0.49779707193374634,0.2071293145418167,>=0.15,True,True,False,False,False,False,False,True,False,0.0,0.0,0.0,0.0,0.0,0.0,0.6355909109115601,-0.07591171562671661,0.07591171562671661,0.0,0.0,0.0,0.0,0.0,0.3391053378582001,-4.070783615112305,0.7125163078308105,0.0,0.03935293108224869,0.03485368937253952,0.05256267264485359,0.04773617163300514,0-2deg,0.00-0.04,0.0,0.0,0.0,0.0
193,25,False,False,0.4467341899871826,0.23318450152873993,0.0,0.0,0.6800000071525574,1.3318684101104736,0.7520783543586731,-1.3302992582321167,-1.4413278102874756,3.6381499767303467,0.4307697117328644,-0.006346037611365318,0.06359872221946716,3.116020441055298,1.3952733278274536,3.340465545654297,0.16714508831501007,>=0.15,True,True,False,False,False,False,False,True,False,0.0,0.0,0.0,0.0,0.0,0.0,0.4307697117328644,-0.006346037611365318,0.006346037611365318,0.0,0.0,0.0,0.0,0.0,0.7076292634010315,-1.5047527551651,3.3123791217803955,0.0,0.013291582465171814,-0.015029392205178738,0.020064478740096092,0.04707885906100273,0-2deg,0.00-0.04,0.0,0.0,0.0,0.0
194,31,False,False,0.21531683206558228,0.12160855531692505,0.0,0.0,9.979999542236328,1.4362430572509766,0.11517257243394852,0.2940773665904999,0.14405228197574615,0.36334171891212463,0.15178343653678894,0.10832884907722473,0.16022419929504395,1.6342710256576538,0.34496086835861206,0.3335658013820648,0.11960186064243317,0.10-0.15,False,False,True,False,False,False,False,False,False,0.0,0.0,0.0,0.0,0.0,0.0,0.15178343653678894,0.02905338630080223,0.0,0.0,0.0,0.0,0.0,0.0,0.29403021931648254,0.14065665006637573,0.3350118100643158,0.0,0.04316820204257965,-0.00018407210882287472,0.043168630450963974,0.05262960121035576,0-2deg,0.00-0.04,0.0,0.0006905339541845024,0.0,0.0
195,5,False,False,0.2592838406562805,0.21536703407764435,0.0,0.0,9.979999542236328,0.4459405243396759,0.07863690704107285,-0.11592510342597961,0.008087068796157837,0.09870786964893341,0.11434594541788101,0.1775752454996109,-0.13063229620456696,1.1267056465148926,0.3047715127468109,0.09837603569030762,0.17533519864082336,>=0.15,False,False,True,False,False,False,False,False,False,0.0,0.0,0.0,0.0,0.0,0.0,0.11434594541788101,0.14414943754673004,0.0,0.0,0.0,0.0,0.0,0.0,0.018132517114281654,0.007932987995445728,0.09838858246803284,0.0,0.02562553621828556,0.012525171041488647,0.028522610664367676,0.05836356803774834,0-2deg,0.00-0.04,0.0,0.0,0.0,0.0
196,14,False,False,0.2679060697555542,0.13582508265972137,0.0,0.0,9.979999542236328,0.49098172783851624,0.06478825211524963,-0.05502091348171234,-0.09288716316223145,0.27024638652801514,0.25746747851371765,0.03804676607251167,0.03363173082470894,1.2690647840499878,0.2584872245788574,0.25378158688545227,0.1901906579732895,>=0.15,False,False,True,False,False,False,False,False,False,0.0,0.0,0.0,0.0,0.0,0.0,0.25746747851371765,0.03804676607251167,0.0,0.0,0.0,0.0,0.0,0.0,0.18831267952919006,-0.08175171911716461,0.25758451223373413,0.0,-0.02504778653383255,0.05631878972053528,0.061631929129362106,0.019923686981201172,0-2deg,0.00-0.04,0.0,0.0006905339541845024,0.0,0.0
197,0,False,False,0.14008764922618866,0.10350865125656128,0.0,0.0,9.979999542236328,0.6390441060066223,0.06711787730455399,0.00951639749109745,0.04283194988965988,0.070973701775074,0.10265212506055832,0.040277719497680664,-0.027306053787469864,1.6865884065628052,0.19779835641384125,0.056592315435409546,0.2684958875179291,>=0.15,False,False,True,False,False,False,False,False,False,0.0,0.0,0.0,0.0,0.0,0.0,0.10265212506055832,0.02805432304739952,0.0,0.0,0.0,0.0,0.0,0.0,0.020321300253272057,0.0427723228931427,0.056637391448020935,0.0,0.020064806565642357,0.0009546848013997078,0.020088229328393936,0.06965220719575882,0-2deg,0.00-0.04,0.0,0.0006905339541845024,0.0,0.0
198,52,False,False,0.2250676304101944,0.17242863774299622,0.0,0.0,9.979999542236328,1.4739172458648682,0.10668949782848358,-0.09182289242744446,-0.14263172447681427,0.6029443144798279,0.16954047977924347,0.10350680351257324,0.0452549010515213,1.6455224752426147,0.48692047595977783,0.5858311057090759,0.11263903230428696,0.10-0.15,False,False,True,False,False,False,False,False,False,0.0,0.0,0.0,0.0,0.0,0.0,0.16954047977924347,0.10350680351257324,0.0,0.0,0.0,0.0,0.0,0.0,0.2576325535774231,-0.1421489715576172,0.5859484076499939,0.0,0.0006873871316201985,0.001836308860220015,0.0019531252328306437,0.016769664362072945,0-2deg,0.00-0.04,0.0,0.0,0.0,0.0
199,48,False,False,0.7206345796585083,0.6439757943153381,0.0,0.0,1.0,1.8561407327651978,0.678042471408844,-1.474557638168335,-1.6954030990600586,1.9819183349609375,0.7102655172348022,-0.008137756958603859,0.1399083137512207,2.0596163272857666,1.0533335208892822,1.0264545679092407,0.12671445310115814,0.10-0.15,True,True,False,False,False,False,False,True,False,0.0,0.0,0.0,0.0,0.0,0.0,0.7102655172348022,-0.008137756958603859,0.008137756958603859,0.0,0.0,0.0,0.0,0.0,0.5605103373527527,-1.7000426054000854,1.0187522172927856,0.0,-0.002077562501654029,-0.013655409216880798,0.013810789212584496,0.016017910093069077,0-2deg,0.00-0.04,0.0,0.0,0.0,0.0
200,20,False,False,1.0445163249969482,0.40230366587638855,0.0,0.0,1.0199999809265137,1.1272947788238525,0.72098708152771,-1.2735178470611572,-1.4898625612258911,2.6364922523498535,1.0735728740692139,-0.019116267561912537,0.08527690172195435,2.7941088676452637,1.848556637763977,2.175178289413452,0.03567732498049736,0.00-0.05,True,True,False,False,False,False,False,True,False,0.0,0.0,0.0,0.0,0.0,0.0,1.0735728740692139,-0.019116267561912537,0.019116267561912537,0.0,0.0,0.0,0.0,0.0,1.3951761722564697,-1.4702131748199463,2.188507318496704,0.0,-0.03187648952007294,0.03374585136771202,0.04641658067703247,0.03172123432159424,0-2deg,0.00-0.04,0.0,0.0,0.0,0.0
201,26,True,False,0.4332556426525116,0.34271275997161865,0.0,0.0,0.5199999809265137,2.5896530151367188,0.9911516904830933,-2.278965473175049,-0.6716070175170898,2.2225492000579834,0.41325265169143677,-0.005366712808609009,-0.10143928974866867,2.527090072631836,0.851128339767456,2.118648052215576,0.1980050951242447,>=0.15,True,True,False,False,False,False,False,True,False,0.0,0.0,0.0,0.0,0.0,0.0,0.41325265169143677,-0.005366712808609009,0.005366712808609009,0.0,0.0,0.0,0.0,0.0,0.8795560002326965,-0.7551979422569275,2.090311288833618,0.0,-0.03545234352350235,0.01831384003162384,0.03990153223276138,0.05229349061846733,0-2deg,0.00-0.04,0.0,0.0,0.0,0.0
202,8,False,False,0.22873350977897644,0.17431572079658508,0.0,0.0,9.979999542236328,0.5582413077354431,0.10419808328151703,0.1775623857975006,-0.00523713231086731,0.18129117786884308,0.143422469496727,0.12662085890769958,0.18183554708957672,1.500736951828003,0.3438447415828705,0.18121550977230072,0.18308477103710175,>=0.15,False,False,True,False,False,False,False,False,False,0.0,0.0,0.0,0.0,0.0,0.0,0.143422469496727,0.09834389388561249,0.0,0.0,0.0,0.0,0.0,0.0,0.13070528209209442,-0.007972651161253452,0.1811157912015915,0.0,0.022994326427578926,0.0062579018995165825,0.02383149042725563,0.03670838475227356,0-2deg,0.00-0.04,0.0,0.0,0.0,0.0
203,46,False,False,0.3149070739746094,0.2988727390766144,0.0,0.0,0.5799999833106995,2.582207202911377,1.013360857963562,-0.38853803277015686,-0.7150753140449524,0.9963760375976562,0.3127751350402832,0.007170688360929489,0.05835173651576042,2.109173536300659,1.2683396339416504,0.6938533782958984,0.23956671357154846,>=0.15,True,True,False,True,False,True,False,True,True,0.3127751350402832,-0.6833404898643494,0.7251282930374146,6.2168073654174805,6.2168073654174805,0.0,0.3127751350402832,0.007170688360929489,0.0,-0.04383573681116104,0.01728690043091774,0.04711907356977463,0.04838164895772934,0.6856317520141602,0.6856317520141602,-0.6833404898643494,0.7251282930374146,0.062168072909116745,-0.04383573681116104,0.01728690043091774,0.04711907356977463,0.04838164895772934,2-4deg,0.04-0.08,0.0,0.0,0.0,0.0
204,10,False,False,0.1709202378988266,0.09709025174379349,0.0,0.0,9.979999542236328,0.8335511088371277,0.0985943004488945,0.08101814985275269,0.029817916452884674,0.07332724332809448,0.05456779524683952,0.10754360258579254,0.05188106372952461,1.767433524131775,0.40226635336875916,0.06699086725711823,0.1939431130886078,>=0.15,False,False,True,False,False,False,False,False,False,0.0,0.0,0.0,0.0,0.0,0.0,0.05456779524683952,0.03717854991555214,0.0,0.0,0.0,0.0,0.0,0.0,0.05494343116879463,0.029139256104826927,0.0672888457775116,0.0,-0.07022932916879654,0.01661667600274086,0.07216489315032959,0.021732579916715622,0-2deg,0.00-0.04,0.0,0.0,0.0,0.0
205,31,False,False,0.2994875907897949,0.2990161180496216,0.0,0.0,0.5999999642372131,1.9391932487487793,0.9746873378753662,-0.3057253956794739,-0.8599753379821777,1.192255973815918,0.28692570328712463,0.014707718044519424,0.11785934120416641,2.0619616508483887,1.1519300937652588,0.8257824778556824,0.18782372772693634,>=0.15,True,True,False,True,False,True,False,True,True,0.28692570328712463,-0.8523054122924805,0.8336964845657349,4.280462265014648,4.280462265014648,0.0,0.28692570328712463,0.014707718044519424,0.0,0.004971473012119532,0.05233132094144821,0.05256721004843712,0.039972685277462006,0.6613237261772156,0.6613237261772156,-0.8523054122924805,0.8336964845657349,0.042804621160030365,0.004971473012119532,0.05233132094144821,0.05256721004843712,0.039972685277462006,2-4deg,0.00-0.04,0.0,0.0,0.0,0.0
206,22,False,False,0.26281028985977173,0.07862327247858047,0.0,0.0,9.979999542236328,0.6377544403076172,0.10780056565999985,-0.07483187317848206,-0.019889138638973236,0.08217471837997437,0.11518212407827377,0.18221600353717804,-0.05789387971162796,2.0228312015533447,0.3916400074958801,0.07973146438598633,0.14128746092319489,0.10-0.15,False,False,True,False,False,False,False,False,False,0.0,0.0,0.0,0.0,0.0,0.0,0.11518212407827377,0.023364685475826263,0.0,0.0,0.0,0.0,0.0,0.0,0.05594480782747269,-0.022068364545702934,0.07915599644184113,0.0,-0.0367683544754982,0.007728702388703823,0.037571318447589874,0.025911128148436546,0-2deg,0.00-0.04,0.0,0.0,0.0,0.0
207,60,False,False,0.5541102886199951,0.44165077805519104,0.0,0.0,0.8199999928474426,2.3187618255615234,0.9092943072319031,-2.3071436882019043,-2.513538360595703,2.763561248779297,0.5584724545478821,-0.03789382800459862,0.06068379431962967,2.186549186706543,1.3051466941833496,1.1486493349075317,0.18982043862342834,>=0.15,True,True,False,False,False,False,False,True,False,0.0,0.0,0.0,0.0,0.0,0.0,0.5584724545478821,-0.03789382800459862,0.03789382800459862,0.0,0.0,0.0,0.0,0.0,0.8678451180458069,-2.5375924110412598,1.0944838523864746,0.0,-0.03391994908452034,0.043024297803640366,0.05478038638830185,0.033628903329372406,0-2deg,0.00-0.04,0.0,0.0,0.0,0.0
208,15,False,False,0.2704746127128601,0.14323769509792328,0.0,0.0,9.979999542236328,0.5405851602554321,0.0781262144446373,-0.09165553748607635,-0.04898219555616379,0.27416011691093445,0.14177323877811432,0.1777081936597824,-0.050909169018268585,1.8941051959991455,0.27403581142425537,0.2697489857673645,0.10103276371955872,0.10-0.15,False,False,True,False,False,False,False,False,False,0.0,0.0,0.0,0.0,0.0,0.0,0.14177323877811432,0.059023503214120865,0.0,0.0,0.0,0.0,0.0,0.0,0.10327956825494766,-0.051012586802244186,0.2693724036216736,0.0,-0.0007969984435476363,-0.009685785509645939,0.009716711938381195,0.06670134514570236,0-2deg,0.00-0.04,0.0,0.0,0.0,0.0
209,55,False,False,0.4073554277420044,0.37908801436424255,0.0,0.0,1.5199999809265137,0.9017699956893921,0.5528118014335632,-0.08206252753734589,-0.05666309967637062,0.7112602591514587,0.40220123529434204,-0.00042871758341789246,-0.03840105980634689,2.3934781551361084,1.3953603506088257,0.7089996337890625,0.1710735559463501,>=0.15,True,True,False,False,False,False,False,True,False,0.0,0.0,0.0,0.0,0.0,0.0,0.40220123529434204,-0.00042871758341789246,0.00042871758341789246,0.0,0.0,0.0,0.0,0.0,0.04556871950626373,-0.09035109728574753,0.7054982781410217,0.0,-0.03375006467103958,0.03790053352713585,0.05074441805481911,0.030876487493515015,0-2deg,0.00-0.04,0.0,0.0006905339541845024,0.0,0.0
210,57,False,False,0.2798577547073364,0.20251423120498657,0.0,0.0,9.979999542236328,0.5217759013175964,0.08400110900402069,-0.09373600780963898,0.04705321043729782,0.2135709971189499,0.10480383783578873,0.20512354373931885,-0.13881856203079224,1.2640659809112549,0.33018961548805237,0.20832324028015137,0.0960882380604744,0.05-0.10,False,False,True,False,False,False,False,False,False,0.0,0.0,0.0,0.0,0.0,0.0,0.10480383783578873,0.14650508761405945,0.0,0.0,0.0,0.0,0.0,0.0,0.051072392612695694,0.046028804033994675,0.20855197310447693,0.0,-0.027860002592206,-0.008469152264297009,0.029118316248059273,0.03217316418886185,0-2deg,0.00-0.04,0.0,0.0,0.0,0.0
211,14,False,False,0.44245001673698425,0.3972040116786957,0.0,0.0,0.699999988079071,3.1901543140411377,1.1422966718673706,-3.4168670177459717,-4.560490131378174,4.789895534515381,0.4684562683105469,-0.003218242898583412,0.1146107167005539,2.4596219062805176,1.4765956401824951,1.4645912647247314,0.18592491745948792,>=0.15,True,True,False,False,False,False,False,True,False,0.0,0.0,0.0,0.0,0.0,0.0,0.4684562683105469,-0.003218242898583412,0.003218242898583412,0.0,0.0,0.0,0.0,0.0,1.0945194959640503,-4.644691467285156,1.1704460382461548,0.0,0.07054533064365387,0.014022349379956722,0.07192310690879822,0.054081447422504425,0-2deg,0.00-0.04,0.0,0.0,0.0,0.0
212,54,False,False,0.2761567234992981,0.18040873110294342,0.0,0.0,9.979999542236328,1.5808836221694946,0.11339409649372101,0.050744231790304184,-0.12136603891849518,0.446083128452301,0.2059466689825058,0.1389855146408081,0.17066530883312225,2.1330113410949707,0.27188897132873535,0.4292556941509247,0.14450615644454956,0.10-0.15,False,False,True,False,False,False,False,False,False,0.0,0.0,0.0,0.0,0.0,0.0,0.2059466689825058,0.12312626838684082,0.0,0.0,0.0,0.0,0.0,0.0,0.24262486398220062,-0.11204631626605988,0.4317820966243744,0.0,0.025026684626936913,-0.006604138296097517,0.02588423527777195,0.028392305597662926,0-2deg,0.00-0.04,0.0,0.0,0.0,0.0
213,63,False,False,0.11283402889966965,0.07539323717355728,0.0,0.0,9.979999542236328,2.178631544113159,0.11260949820280075,0.06597989052534103,-0.0030786171555519104,0.02553505077958107,0.06966076046228409,0.03239857405424118,0.06728362292051315,1.7356027364730835,0.20754915475845337,0.025348786264657974,0.20973089337348938,>=0.15,False,False,True,False,False,False,False,False,False,0.0,0.0,0.0,0.0,0.0,0.0,0.06966076046228409,0.02114405855536461,0.0,0.0,0.0,0.0,0.0,0.0,0.051328614354133606,-0.004297038074582815,0.02517090179026127,0.0,0.007278237491846085,-0.05089375376701355,0.051411036401987076,0.04734935611486435,0-2deg,0.00-0.04,0.0,0.0,0.0,0.0
214,40,False,False,0.36654987931251526,0.3616800904273987,0.0,0.0,1.6399999856948853,1.477859616279602,0.5884856581687927,-1.3825994729995728,-1.588266134262085,1.708845615386963,0.3714597821235657,-0.028295014053583145,0.10319118201732635,1.994153380393982,1.0067405700683594,0.6305267214775085,0.0765368714928627,0.05-0.10,True,True,False,False,False,False,False,True,False,0.0,0.0,0.0,0.0,0.0,0.0,0.3714597821235657,-0.028295014053583145,0.028295014053583145,0.0,0.0,0.0,0.0,0.0,0.8684120774269104,-1.5643305778503418,0.6877666711807251,0.0,0.003620388451963663,-0.0455271452665329,0.04567066580057144,0.019597655162215233,0-2deg,0.00-0.04,0.0,0.0,0.0,0.0
215,3,False,False,0.2115340232849121,0.187617227435112,0.0,0.0,9.979999542236328,0.7547627687454224,0.0776204988360405,0.05299028381705284,-0.055235620588064194,0.05590987578034401,0.035433728247880936,0.15360331535339355,0.1085304319858551,2.6191909313201904,0.4438680112361908,0.008656810037791729,0.07494322955608368,0.05-0.10,False,False,True,False,False,False,False,False,False,0.0,0.0,0.0,0.0,0.0,0.0,0.035433728247880936,0.12955328822135925,0.0,0.0,0.0,0.0,0.0,0.0,0.04571503773331642,-0.05513159558176994,0.00929630734026432,0.0,-0.004863715264946222,-0.04641885310411453,0.04667278751730919,0.024957116693258286,0-2deg,0.00-0.04,0.0,0.0,0.0,0.0
216,33,False,False,0.24631908535957336,0.22399355471134186,0.0,0.0,9.979999542236328,0.5057029128074646,0.08013614267110825,0.035139456391334534,0.05134439840912819,0.20787747204303741,0.07439131289720535,0.1797885298728943,-0.017118403688073158,1.5593863725662231,0.3293614387512207,0.2014368325471878,0.15800237655639648,>=0.15,False,False,True,False,False,False,False,False,False,0.0,0.0,0.0,0.0,0.0,0.0,0.07439131289720535,0.13889415562152863,0.0,0.0,0.0,0.0,0.0,0.0,0.027579041197896004,0.05065834894776344,0.20161046087741852,0.0,0.0025459229946136475,0.01940256357192993,0.019568150863051414,0.008143038488924503,0-2deg,0.00-0.04,0.0,0.0,0.0,0.0
217,1,False,False,0.43988171219825745,0.4381067156791687,0.0,0.0,1.059999942779541,1.8764139413833618,0.7448716163635254,-1.7441129684448242,-1.845916748046875,1.946252465248108,0.42938342690467834,-0.011527334339916706,0.07998273521661758,1.9462686777114868,1.2227219343185425,0.6168386340141296,0.19751274585723877,>=0.15,True,True,False,False,False,False,False,True,False,0.0,0.0,0.0,0.0,0.0,0.0,0.42938342690467834,-0.011527334339916706,0.011527334339916706,0.0,0.0,0.0,0.0,0.0,0.7794317007064819,-1.85272216796875,0.5960869193077087,0.0,-0.001007933635264635,0.017175056040287018,0.01720476523041725,0.021210838109254837,0-2deg,0.00-0.04,0.0,0.0,0.0,0.0
218,23,False,False,0.6648908853530884,0.37699389457702637,0.0,0.0,1.7400000095367432,0.6559548377990723,0.33152931928634644,-0.48550668358802795,-0.7314424514770508,1.0602390766143799,0.6708182692527771,-0.0004061870276927948,0.06080127879977226,2.237694025039673,0.9951486587524414,0.7675278186798096,0.22306041419506073,>=0.15,True,True,False,False,False,False,False,True,False,0.0,0.0,0.0,0.0,0.0,0.0,0.6708182692527771,-0.0004061870276927948,0.0004061870276927948,0.0,0.0,0.0,0.0,0.0,0.46358394622802734,-0.7073063850402832,0.7898257374763489,0.0,0.016102943569421768,-0.029646310955286026,0.03373543545603752,0.04419413208961487,0-2deg,0.00-0.04,0.0,0.0,0.0,0.0
219,32,False,False,0.21298469603061676,0.16024711728096008,0.0,0.0,9.979999542236328,0.49518343806266785,0.08777552098035812,-0.09051873534917831,0.0355234369635582,0.09308083355426788,0.08113089948892593,0.1419585794210434,-0.12576133012771606,1.1012670993804932,0.2767897844314575,0.08603561669588089,0.23036083579063416,>=0.15,False,False,True,False,False,False,False,False,False,0.0,0.0,0.0,0.0,0.0,0.0,0.08113089948892593,0.0637180507183075,0.0,0.0,0.0,0.0,0.0,0.0,0.0162644162774086,0.03505902364850044,0.08622591197490692,0.0,-0.00397289264947176,0.035731904208660126,0.03595117852091789,0.029656564816832542,0-2deg,0.00-0.04,0.0,0.0,0.0,0.0
220,61,False,False,0.368854284286499,0.368854284286499,0.0,0.0,1.5,2.008155107498169,0.535581648349762,0.011490914039313793,-0.07543297857046127,0.704979658126831,0.365974485874176,-0.0009643286466598511,0.09058960527181625,1.659298062324524,0.7185348868370056,0.7009323835372925,0.16689376533031464,>=0.15,True,True,False,False,False,False,False,True,False,0.0,0.0,0.0,0.0,0.0,0.0,0.365974485874176,-0.0009643286466598511,0.0009643286466598511,0.0,0.0,0.0,0.0,0.0,0.13754808902740479,-0.06632352620363235,0.7018529772758484,0.0,-0.06268595904111862,-0.0002426835271762684,0.06268645077943802,0.012044062837958336,0-2deg,0.00-0.04,0.0,0.0,0.0,0.0
221,31,False,False,0.26262301206588745,0.25249600410461426,0.0,0.0,0.5799999833106995,2.5917701721191406,1.2529295682907104,0.20577988028526306,-0.17705142498016357,0.24669091403484344,0.2425260692834854,0.00918201357126236,-0.007118495646864176,2.201434850692749,1.2492737770080566,0.17178241908550262,0.161589115858078,>=0.15,True,True,False,True,False,True,False,True,True,0.2425260692834854,-0.16913971304893494,0.1795777678489685,7.240361213684082,7.240361213684082,0.0,0.2425260692834854,0.00918201357126236,0.0,-0.04534342885017395,-2.90072839561617e-05,0.04534310847520828,0.005961695220321417,0.6700781583786011,0.6700781583786011,-0.16913971304893494,0.1795777678489685,0.07240360975265503,-0.04534342885017395,-2.90072839561617e-05,0.04534310847520828,0.005961695220321417,2-4deg,0.00-0.04,0.0,0.0,0.0,0.0
222,52,False,False,0.9857971668243408,0.42466992139816284,0.0,0.0,0.9799999594688416,1.297351360321045,0.7618734240531921,-1.4318528175354004,-1.5257889032363892,2.705150604248047,1.015964150428772,-0.022061197087168694,-0.018981287255883217,2.7225711345672607,1.7360032796859741,2.233787775039673,0.12343179434537888,0.10-0.15,True,True,False,False,False,False,False,True,False,0.0,0.0,0.0,0.0,0.0,0.0,1.015964150428772,-0.022061197087168694,0.022061197087168694,0.0,0.0,0.0,0.0,0.0,1.3304628133773804,-1.5696035623550415,2.203221321105957,0.0,0.011008371599018574,0.02078014798462391,0.02351674623787403,0.05065431818366051,0-2deg,0.00-0.04,0.0,0.0,0.0,0.0
223,10,False,False,0.5792799592018127,0.4685932397842407,0.0,0.0,0.7199999690055847,2.974397659301758,1.4405721426010132,-3.094944953918457,-3.265751361846924,4.1193060874938965,0.5571252107620239,-0.03618621826171875,0.09033519774675369,2.2913877964019775,1.3939404487609863,2.5106868743896484,0.1974659413099289,>=0.15,True,True,False,False,False,False,False,True,False,0.0,0.0,0.0,0.0,0.0,0.0,0.5571252107620239,-0.03618621826171875,0.03618621826171875,0.0,0.0,0.0,0.0,0.0,1.5386627912521362,-3.2278549671173096,2.55922532081604,0.0,0.01561022736132145,0.029569854959845543,0.033435456454753876,0.009085583500564098,0-2deg,0.00-0.04,0.0,0.0,0.0,0.0
224,38,False,False,0.20996315777301788,0.20944464206695557,0.0,0.0,9.979999542236328,1.3322713375091553,0.10154237598180771,0.07243966311216354,0.02151033654808998,0.19748981297016144,0.012368837371468544,0.15462461113929749,0.051924217492341995,1.3827964067459106,0.20847293734550476,0.19631487131118774,0.15510308742523193,>=0.15,False,False,True,False,False,False,False,False,False,0.0,0.0,0.0,0.0,0.0,0.0,0.012368837371468544,0.14948661625385284,0.0,0.0,0.0,0.0,0.0,0.0,0.07551860064268112,0.023544464260339737,0.19608131051063538,0.0,-0.06230111047625542,-0.019688865169882774,0.06533464044332504,0.01932600885629654,0-2deg,0.00-0.04,0.0,0.0006905339541845024,0.0,0.0
225,46,False,False,0.4074574410915375,0.3881991505622864,0.0,0.0,0.8399999737739563,2.063936233520508,1.0185842514038086,-1.7307651042938232,-1.7913196086883545,2.13498854637146,0.4010695517063141,-0.03381095454096794,-0.05525705963373184,1.8459358215332031,1.0726574659347534,1.1616154909133911,0.19980603456497192,>=0.15,True,True,False,False,False,False,False,True,False,0.0,0.0,0.0,0.0,0.0,0.0,0.4010695517063141,-0.03381095454096794,0.03381095454096794,0.0,0.0,0.0,0.0,0.0,0.6039116978645325,-1.7662627696990967,1.1993714570999146,0.0,-0.027274830266833305,0.0011390569852665067,0.027298782020807266,0.014609851874411106,0-2deg,0.00-0.04,0.0,0.0,0.0,0.0
226,29,False,False,0.5438816547393799,0.24568550288677216,0.0,0.0,2.1399998664855957,2.179983139038086,0.4347342252731323,-0.26263633370399475,-0.1339486837387085,0.8387582302093506,0.5503695607185364,-0.0031180232763290405,-0.12384498119354248,2.824965000152588,1.1498175859451294,0.8279934525489807,0.1753862351179123,>=0.15,True,True,False,False,False,False,False,True,False,0.0,0.0,0.0,0.0,0.0,0.0,0.5503695607185364,-0.0031180232763290405,0.0031180232763290405,0.0,0.0,0.0,0.0,0.0,0.27286529541015625,-0.17679978907108307,0.8199129700660706,0.0,-0.050123587250709534,-0.02010207436978817,0.054000839591026306,0.014827914535999298,0-2deg,0.00-0.04,0.0,0.0,0.0,0.0
227,50,False,False,0.26513171195983887,0.04305155575275421,0.0,0.0,9.979999542236328,0.8773285150527954,0.09562438726425171,-0.07810945808887482,0.025229036808013916,0.3253292739391327,0.17153368890285492,0.14838631451129913,-0.10004415363073349,1.8483171463012695,0.5263429284095764,0.3243495523929596,0.16251108050346375,>=0.15,False,False,True,False,False,False,False,False,False,0.0,0.0,0.0,0.0,0.006785123143345118,0.0,0.17153368890285492,-0.012443140149116516,0.012443140149116516,0.0,0.0,0.0,0.0,0.0,0.053352031856775284,0.025031153112649918,0.32436487078666687,6.785122968722135e-05,0.001955576939508319,0.00561569444835186,0.0059502325020730495,0.029370099306106567,0-2deg,0.00-0.04,0.0,0.0,0.0,0.0
228,51,False,False,0.24123620986938477,0.1658460795879364,0.0,0.0,9.979999542236328,0.5133519768714905,0.09470094740390778,0.14927366375923157,0.06717449426651001,0.3403690755367279,0.08964180201292038,0.17284062504768372,0.09873907268047333,1.783266305923462,0.5139435529708862,0.33367452025413513,0.06721466034650803,0.05-0.10,False,False,True,False,False,False,False,False,False,0.0,0.0,0.0,0.0,0.0,0.0,0.08964180201292038,0.04020765423774719,0.0,0.0,0.0,0.0,0.0,0.0,0.22630570828914642,0.0724695697426796,0.33256468176841736,0.0,-0.04541007801890373,0.0017044447595253587,0.04544162005186081,0.025035711005330086,0-2deg,0.00-0.04,0.0,0.0,0.0,0.0
229,6,False,False,0.2565601170063019,0.19493332505226135,0.0,0.0,9.979999542236328,0.39136451482772827,0.07239533215761185,-0.050071969628334045,-0.005687244236469269,0.17467127740383148,0.04457186162471771,0.19789044559001923,-0.043221332132816315,1.3189796209335327,0.2298404723405838,0.17457865178585052,0.11395012587308884,0.10-0.15,False,False,True,False,False,False,False,False,False,0.0,0.0,0.0,0.0,0.0,0.0,0.04457186162471771,0.13490653038024902,0.0,0.0,0.0,0.0,0.0,0.0,0.03473327308893204,-0.006057267542928457,0.17456622421741486,0.0,-0.0020255050621926785,0.008362761698663235,0.008604034781455994,0.009928666986525059,0-2deg,0.00-0.04,0.0,0.0,0.0,0.0
230,54,False,False,0.5511152744293213,0.43705251812934875,0.0,0.0,0.7199999690055847,3.3277690410614014,1.219804286956787,-3.3691697120666504,-3.9730734825134277,4.013448715209961,0.5656948685646057,-0.029206112027168274,-0.1368073672056198,2.6052803993225098,1.512590765953064,0.5678539872169495,0.11572816222906113,0.10-0.15,True,True,False,False,False,False,False,True,False,0.0,0.0,0.0,0.0,0.0,0.0,0.5656948685646057,-0.029206112027168274,0.029206112027168274,0.0,0.0,0.0,0.0,0.0,0.6510410904884338,-3.963531255722046,0.6310251951217651,0.0,-0.01620212197303772,-0.0015713240718469024,0.01627907156944275,0.028275055810809135,0-2deg,0.00-0.04,0.0,0.0,0.0,0.0
231,18,False,False,0.2320788949728012,0.1320188343524933,0.0,0.0,9.979999542236328,0.6670433282852173,0.07568469643592834,0.03545047342777252,0.03779268264770508,0.21317920088768005,0.10991378873586655,0.15130998194217682,0.000952087459154427,1.7743505239486694,0.3298313617706299,0.20980249345302582,0.1309276670217514,0.10-0.15,False,False,True,False,False,False,False,False,False,0.0,0.0,0.0,0.0,0.0,0.0,0.10991378873586655,0.07760077714920044,0.0,0.0,0.0,0.0,0.0,0.0,0.10227800905704498,0.052269723266363144,0.2066718339920044,0.0,-0.041568007320165634,-0.07770957052707672,0.08810880780220032,0.021090345457196236,0-2deg,0.00-0.04,0.0,0.0,0.0,0.0
232,37,False,False,0.28136900067329407,0.05957259610295296,0.0,0.0,3.419999837875366,0.5100348591804504,0.166338711977005,0.12853577733039856,0.24154320359230042,1.702839970588684,0.2846814692020416,-0.007049226202070713,-0.08768526464700699,2.143416166305542,0.7942180037498474,1.6856218576431274,0.1635286659002304,>=0.15,True,True,False,True,False,False,False,True,True,0.03518087789416313,-0.438631147146225,2.2273004055023193,0.03944965451955795,0.20953156054019928,0.0,0.2846814692020416,-0.013473685830831528,0.013473685830831528,0.007096380926668644,-0.07345902174711227,0.07380055636167526,0.010381587781012058,0.3059644401073456,0.2321474850177765,0.1859508603811264,1.6926566362380981,0.002095315605401993,0.008163335733115673,-0.07409898936748505,0.07454616576433182,0.00766020268201828,4-6deg,0.00-0.04,0.0,0.0,0.0,0.0
233,40,False,False,0.2572699785232544,0.2572699785232544,0.0,0.0,0.8199999928474426,1.5186691284179688,0.9462205767631531,-0.5175224542617798,-0.5614595413208008,0.6449790000915527,0.2552422881126404,-0.009907345287501812,-0.014040499925613403,1.9275614023208618,0.9040376543998718,0.3174288868904114,0.24247613549232483,>=0.15,True,True,False,True,False,False,False,True,True,0.2552422881126404,-0.5610702633857727,0.3181164264678955,0.4186605215072632,0.4186605215072632,0.0,0.2552422881126404,-0.009907345287501812,0.009907345287501812,-0.012397287413477898,0.019322469830513,0.022957513108849525,0.007234754506498575,0.1886177808046341,0.1886177808046341,-0.5610702633857727,0.3181164264678955,0.004186605103313923,-0.012397287413477898,0.019322469830513,0.022957513108849525,0.007234754506498575,0-2deg,0.00-0.04,0.0,0.0,0.0,0.0
234,23,False,False,0.4685584604740143,0.44691428542137146,0.0,0.0,0.7599999904632568,1.5203583240509033,0.8335123658180237,-1.1884746551513672,-1.174620270729065,1.1925472021102905,0.4718063771724701,-0.0015276763588190079,-0.11792415380477905,2.101196527481079,1.1270045042037964,0.2060006558895111,0.21760478615760803,>=0.15,True,True,False,False,False,False,False,True,False,0.0,0.0,0.0,0.0,0.0,0.0,0.4718063771724701,-0.0015276763588190079,0.0015276763588190079,0.0,0.0,0.0,0.0,0.0,0.5093768239021301,-1.168769121170044,0.23695561289787292,0.0,-0.027932725846767426,0.0019457385642454028,0.02799949049949646,0.0406876802444458,0-2deg,0.00-0.04,0.0,0.0,0.0,0.0
235,48,False,False,0.6151029467582703,0.5447454452514648,0.0,0.0,1.559999942779541,1.3899624347686768,0.4438956677913666,-1.1655665636062622,-1.3700019121170044,1.4301375150680542,0.6182716488838196,-0.008097601123154163,0.05557391420006752,2.0841243267059326,0.7707102298736572,0.41035130620002747,0.1424308717250824,0.10-0.15,True,True,False,False,False,False,False,True,False,0.0,0.0,0.0,0.0,0.0,0.0,0.6182716488838196,-0.008097601123154163,0.008097601123154163,0.0,0.0,0.0,0.0,0.0,0.6056025624275208,-1.3614623546600342,0.43785127997398376,0.0,-0.028131648898124695,5.6327586207771674e-05,0.028131183236837387,0.031561229377985,0-2deg,0.00-0.04,0.0,0.0,0.0,0.0
236,29,False,False,0.10769014060497284,0.10769014060497284,0.0,0.0,0.47999998927116394,1.7449308633804321,0.7518174052238464,0.7928692698478699,1.1809581518173218,2.1308655738830566,0.06993759423494339,0.0679810643196106,0.1197250485420227,2.8381526470184326,1.3156813383102417,1.773675799369812,0.17435576021671295,>=0.15,True,True,False,True,False,True,False,False,True,0.06993759423494339,1.1481599807739258,1.7950812578201294,7.393106460571289,7.393106460571289,0.0,0.06993759423494339,0.0679810643196106,0.0,0.035897936671972275,0.02038823440670967,0.04128219559788704,0.07908457517623901,1.3833422660827637,1.3833422660827637,1.1481599807739258,1.7950812578201294,0.07393106073141098,0.035897936671972275,0.02038823440670967,0.04128219559788704,0.07908457517623901,2-4deg,0.04-0.08,0.0,0.0,0.0,0.0
237,57,False,False,0.5718644857406616,0.5546792149543762,0.0,0.0,1.1399999856948853,1.5725048780441284,0.6047458052635193,-1.4339306354522705,-1.672132968902588,1.8021738529205322,0.5700423717498779,-0.0109504209831357,0.11767016351222992,2.0445566177368164,1.0730820894241333,0.6721620559692383,0.04061785340309143,0.00-0.05,True,True,False,False,False,False,False,True,False,0.0,0.0,0.0,0.0,0.0,0.0,0.5700423717498779,-0.0109504209831357,0.0109504209831357,0.0,0.0,0.0,0.0,0.0,0.7301361560821533,-1.6700764894485474,0.6772555708885193,0.0,0.006658996921032667,-0.01331400778144598,0.014886711724102497,0.0246086735278368,0-2deg,0.00-0.04,0.0,0.0,0.0,0.0
238,44,False,False,0.15743261575698853,0.1301117241382599,0.0,0.0,2.679999828338623,1.6686738729476929,0.40498223900794983,-0.3220040798187256,-0.411486953496933,1.9062355756759644,0.15854494273662567,-0.0019796304404735565,0.0187294390052557,2.101905584335327,0.8879567980766296,1.8612933158874512,0.1141720861196518,0.10-0.15,True,True,False,True,False,False,False,True,True,0.15854494273662567,-0.33558839559555054,1.8764634132385254,0.15067094564437866,0.15067094564437866,0.0,0.15854494273662567,-0.0019796304404735565,0.0019796304404735565,-0.02641604095697403,0.0318395271897316,0.0413687601685524,0.02944742888212204,0.3429013788700104,0.3429013788700104,-0.33558839559555054,1.8764634132385254,0.0015067093772813678,-0.02641604095697403,0.0318395271897316,0.0413687601685524,0.02944742888212204,2-4deg,0.00-0.04,0.0,0.0,0.0,0.0
239,38,False,False,0.7389979958534241,0.5379946231842041,0.0,0.0,0.7599999904632568,2.482095956802368,1.0232669115066528,-2.1845202445983887,-1.7963119745254517,2.0159449577331543,0.715945839881897,-0.019563965499401093,-0.1252657026052475,2.3875021934509277,1.3182883262634277,0.9150393605232239,0.25803953409194946,>=0.15,True,True,False,False,False,False,False,True,False,0.0,0.0,0.0,0.0,0.0,0.0,0.715945839881897,-0.019563965499401093,0.019563965499401093,0.0,0.0,0.0,0.0,0.0,0.7231791615486145,-1.7848432064056396,0.9372133016586304,0.0,-0.015469172038137913,0.0041680713184177876,0.01602070778608322,0.009304004721343517,0-2deg,0.00-0.04,0.0,0.0,0.0,0.0
240,10,False,False,0.46305930614471436,0.4085600674152374,0.0,0.0,0.7799999713897705,1.4660390615463257,0.7578145265579224,-1.4119313955307007,-1.5990902185440063,1.7198485136032104,0.47112157940864563,-0.02369360253214836,0.058298368006944656,2.1878254413604736,1.0550731420516968,0.6330793499946594,0.17605772614479065,>=0.15,True,True,False,False,False,False,False,True,False,0.0,0.0,0.0,0.0,0.0,0.0,0.47112157940864563,-0.02369360253214836,0.02369360253214836,0.0,0.0,0.0,0.0,0.0,0.763556182384491,-1.6206376552581787,0.5756846070289612,0.0,0.036197058856487274,0.012040359899401665,0.038146112114191055,0.03826979920268059,0-2deg,0.00-0.04,0.0,0.0,0.0,0.0
241,6,False,False,0.5275577902793884,0.49482443928718567,0.0,0.0,0.7199999690055847,2.639880895614624,1.1724762916564941,-2.323404312133789,-1.8526374101638794,2.2689290046691895,0.4989679753780365,-0.014602887444198132,-0.1393343061208725,2.1860063076019287,1.3238525390625,1.30987548828125,0.21582916378974915,>=0.15,True,True,False,False,False,False,False,True,False,0.0,0.0,0.0,0.0,0.0,0.0,0.4989679753780365,-0.014602887444198132,0.014602887444198132,0.0,0.0,0.0,0.0,0.0,1.0711899995803833,-1.8466099500656128,1.318359136581421,0.0,0.08118420839309692,0.019991375505924225,0.08360392600297928,0.012546177953481674,0-2deg,0.00-0.04,0.0,0.0,0.0,0.0
242,28,False,False,0.2118701934814453,0.18000423908233643,0.0,0.0,9.979999542236328,0.71905916929245,0.08764201402664185,0.07663498818874359,-0.04021024703979492,0.07502848654985428,0.09233926981687546,0.13624508678913116,0.11247773468494415,2.573207378387451,0.37112078070640564,0.0633435845375061,0.163637176156044,>=0.15,False,False,True,False,False,False,False,False,False,0.0,0.0,0.0,0.0,0.0,0.0,0.09233926981687546,0.11435599625110626,0.0,0.0,0.0,0.0,0.0,0.0,0.04642685130238533,-0.03937255218625069,0.06386764347553253,0.0,0.0007090845610946417,0.029700221493840218,0.029708102345466614,0.06015491113066673,0-2deg,0.00-0.04,0.0,0.0,0.0,0.0
243,9,False,False,0.25863468647003174,0.1877094805240631,0.0,0.0,9.979999542236328,0.3773556053638458,0.05304008722305298,-0.07634302228689194,0.024446576833724976,0.1737392246723175,0.06425794959068298,0.1959119737148285,-0.10225863009691238,1.0289665460586548,0.18325363099575043,0.17201070487499237,0.18864989280700684,>=0.15,False,False,True,False,False,False,False,False,False,0.0,0.0,0.0,0.0,0.0,0.0,0.06425794959068298,0.1289823353290558,0.0,0.0,0.0,0.0,0.0,0.0,0.048644568771123886,0.027007989585399628,0.17162717878818512,0.0,0.00817011296749115,0.022709647193551064,0.024134721606969833,0.007577897049486637,0-2deg,0.00-0.04,0.0,0.0,0.0,0.0
244,54,False,False,0.8016020655632019,0.2572959363460541,0.0,0.0,0.8199999928474426,0.9643173813819885,0.6888830661773682,-0.3727724552154541,-0.37993359565734863,2.9258358478546143,0.8237921595573425,-5.986727774143219e-05,0.09881298243999481,3.057286024093628,1.9001855850219727,2.9010629653930664,0.14799976348876953,0.10-0.15,True,True,False,False,False,False,False,True,False,0.0,0.0,0.0,0.0,0.0,0.0,0.8237921595573425,-5.986727774143219e-05,5.986727774143219e-05,0.0,0.0,0.0,0.0,0.0,0.9633494019508362,-0.3704146146774292,2.9022936820983887,0.0,0.008342529647052288,0.01267441175878048,0.0151722626760602,0.01891130395233631,0-2deg,0.00-0.04,0.0,0.0,0.0,0.0
245,4,False,False,0.28546833992004395,0.2720169425010681,0.0,0.0,9.979999542236328,0.6475289463996887,0.07142683863639832,-0.015723899006843567,-0.04143049940466881,0.26518765091896057,0.044673606753349304,0.2272253930568695,0.029582586139440536,1.337869644165039,0.215996652841568,0.26193130016326904,0.05011909082531929,0.05-0.10,False,False,True,False,False,False,False,False,False,0.0,0.0,0.0,0.0,0.0,0.0,0.044673606753349304,0.21683424711227417,0.0,0.0,0.0,0.0,0.0,0.0,0.05175783112645149,-0.026905257254838943,0.26381924748420715,0.0,-0.055258024483919144,0.03127032890915871,0.06348440796136856,0.03942935913801193,0-2deg,0.00-0.04,0.0,0.0,0.0,0.0
246,59,False,False,0.2664510905742645,0.22278770804405212,0.0,0.0,9.979999542236328,0.2923007905483246,0.062022075057029724,-0.042904481291770935,0.0646975040435791,0.2807060778141022,0.08096937090158463,0.20049898326396942,-0.11173368990421295,1.4879482984542847,0.39029136300086975,0.2731485664844513,0.15731194615364075,>=0.15,False,False,True,False,False,False,False,False,False,0.0,0.0,0.0,0.0,0.0,0.0,0.08096937090158463,0.15667830407619476,0.0,0.0,0.0,0.0,0.0,0.0,0.15158864855766296,0.05499555170536041,0.27526605129241943,0.0,-0.03162095695734024,-0.03543633967638016,0.04748840257525444,0.02834414318203926,0-2deg,0.00-0.04,0.0,0.0,0.0,0.0
247,29,True,False,0.5180484056472778,0.3885141611099243,0.0,0.0,0.5199999809265137,2.843705654144287,1.0875627994537354,-2.7734642028808594,-2.9434566497802734,4.81221866607666,0.504503607749939,-0.031021468341350555,0.10106783360242844,2.5726559162139893,0.8375478386878967,3.8070342540740967,0.0994308665394783,0.05-0.10,True,True,False,False,False,False,False,True,False,0.0,0.0,0.0,0.0,0.0,0.0,0.504503607749939,-0.031021468341350555,0.031021468341350555,0.0,0.0,0.0,0.0,0.0,0.45056965947151184,-2.6347129344940186,4.026876926422119,0.0,0.08479709178209305,0.03186390548944473,0.09057257324457169,0.04113389179110527,0-2deg,0.00-0.04,0.0,0.0,0.0,0.0
248,45,False,False,0.29171139001846313,0.20043505728244781,0.0,0.0,9.979999542236328,0.5542783141136169,0.09874889999628067,-0.13957451283931732,0.03205379843711853,0.06430578231811523,0.1035594642162323,0.2189057171344757,-0.16813918948173523,1.4852211475372314,0.3244774043560028,0.055747538805007935,0.09593220800161362,0.05-0.10,False,False,True,False,False,False,False,False,False,0.0,0.0,0.0,0.0,0.0,0.0,0.1035594642162323,0.11712858080863953,0.0,0.0,0.0,0.0,0.0,0.0,0.08244603872299194,0.03313703089952469,0.05511053651571274,0.0,-0.06124434247612953,0.01883969083428383,0.0640726387500763,0.0354275144636631,0-2deg,0.00-0.04,0.0,0.0,0.0,0.0
249,18,False,False,0.6874297857284546,0.5157625079154968,0.0,0.0,0.9799999594688416,1.8242156505584717,0.685578465461731,-1.907024621963501,-2.2648627758026123,3.254415273666382,0.7108661532402039,-0.003809358924627304,0.14635169506072998,2.3737502098083496,1.1829384565353394,2.337009906768799,0.09768236428499222,0.05-0.10,True,True,False,False,False,False,False,True,False,0.0,0.0,0.0,0.0,0.0,0.0,0.7108661532402039,-0.003809358924627304,0.003809358924627304,0.0,0.0,0.0,0.0,0.0,1.0909719467163086,-2.2692043781280518,2.332794189453125,0.0,0.03175228089094162,-0.03640580177307129,0.04830259457230568,0.03332997113466263,0-2deg,0.00-0.04,0.0,0.0,0.0,0.0
250,62,False,False,0.2891908884048462,0.24044577777385712,0.0,0.0,9.979999542236328,0.3520357012748718,0.06603128463029861,0.008107041008770466,-0.016556255519390106,0.10100069642066956,0.037876859307289124,0.23186807334423065,0.02609992027282715,0.9518052339553833,0.2920936048030853,0.09963448345661163,0.06576666235923767,0.05-0.10,False,False,True,False,False,False,False,False,False,0.0,0.0,0.0,0.0,0.0,0.0,0.037876859307289124,0.18089452385902405,0.0,0.0,0.0,0.0,0.0,0.0,0.03316512703895569,-0.01678350567817688,0.09959646314382553,0.0,-0.03283680975437164,0.03643232211470604,0.04904133453965187,0.03575306758284569,0-2deg,0.00-0.04,0.0,0.0,0.0,0.0
251,35,False,False,0.18216434121131897,0.09841781109571457,0.0,0.0,9.979999542236328,1.2873939275741577,0.10499288141727448,0.0885053277015686,-0.04544086009263992,0.06230178102850914,0.039108067750930786,0.12305939197540283,0.13305948674678802,1.7236849069595337,0.2704010605812073,0.04262205958366394,0.1938031166791916,>=0.15,False,False,True,False,False,False,False,False,False,0.0,0.0,0.0,0.0,0.0,0.0,0.039108067750930786,0.02937234938144684,0.0,0.0,0.0,0.0,0.0,0.0,0.04618348553776741,-0.04391961544752121,0.0441879965364933,0.0,0.03847402334213257,-0.01573306694626808,0.04156573861837387,0.02253761887550354,0-2deg,0.00-0.04,0.0,0.0,0.0,0.0
252,10,False,False,0.19705624878406525,0.13323283195495605,0.0,0.0,0.6399999856948853,1.2206902503967285,0.6899895668029785,-0.5680814385414124,-1.0748867988586426,1.9575283527374268,0.20372313261032104,0.046037252992391586,-0.12260503321886063,2.456500291824341,1.2896815538406372,1.636012077331543,0.14862097799777985,0.10-0.15,True,True,False,True,False,True,False,True,True,0.20372313261032104,-1.0421621799468994,1.6570502519607544,0.7101591229438782,0.7101591229438782,0.0,0.20372313261032104,0.046037252992391586,0.0,-0.0406523197889328,0.012169056572020054,0.04243311285972595,0.025162270292639732,0.9412271976470947,0.9412271976470947,-1.0421621799468994,1.6570502519607544,0.00710159121081233,-0.0406523197889328,0.012169056572020054,0.04243311285972595,0.025162270292639732,2-4deg,0.00-0.04,0.0,0.0,0.0,0.0
253,33,False,False,0.3734363913536072,0.2712409496307373,0.0,0.0,1.6999999284744263,0.8291200995445251,0.4351392388343811,-0.4187495708465576,-0.7648696899414062,2.1059069633483887,0.3848036825656891,0.02451532706618309,0.13370540738105774,2.204627275466919,1.0402859449386597,1.9620953798294067,0.13142019510269165,0.10-0.15,True,True,False,True,False,True,False,True,True,0.3848036825656891,-0.852098286151886,1.9258172512054443,0.04605747014284134,0.04605747014284134,0.0,0.3848036825656891,0.02451532706618309,0.0,0.05136161670088768,-0.009320057928562164,0.05219951644539833,0.017242509871721268,0.663926362991333,0.663926362991333,-0.852098286151886,1.9258172512054443,0.0004605746944434941,0.05136161670088768,-0.009320057928562164,0.05219951644539833,0.017242509871721268,2-4deg,0.00-0.04,0.0,0.0006905339541845024,0.0,0.0
254,21,False,False,0.2240113914012909,0.07790016382932663,0.0,0.0,9.979999542236328,2.567214012145996,0.10360230505466461,0.048700712621212006,-0.036405064165592194,0.4153948128223419,0.11167469620704651,0.13938169181346893,0.08802079409360886,2.690709352493286,0.5187019109725952,0.41379648447036743,0.15140070021152496,>=0.15,False,False,True,False,False,False,False,False,False,0.0,0.0,0.0,0.0,0.0,0.0,0.11167469620704651,0.004569105803966522,0.0,0.0,0.0,0.0,0.0,0.0,0.06100554019212723,-0.05175286531448364,0.41215837001800537,0.0,-0.024696700274944305,0.02967262454330921,0.03860287368297577,0.04497155547142029,0-2deg,0.00-0.04,0.0,0.0006905339541845024,0.0,0.0
255,44,False,False,0.7873409986495972,0.3002830743789673,0.0,0.0,1.2200000286102295,2.5998470783233643,0.5689240097999573,-0.07003427296876907,-0.24447786808013916,3.216188669204712,0.795109212398529,-0.00443664938211441,0.13203313946723938,3.083272933959961,1.6476292610168457,3.206883192062378,0.14619071781635284,0.10-0.15,True,True,False,False,False,False,False,True,False,0.0,0.0,0.0,0.0,0.0,0.0,0.795109212398529,-0.007103513926267624,0.007103513926267624,0.0,0.0,0.0,0.0,0.0,0.3522956073284149,-0.2750638425350189,3.204404592514038,0.0,0.0664290189743042,0.04436548799276352,0.0798637866973877,0.03699207305908203,0-2deg,0.00-0.04,0.0,0.0,0.0,0.0
