episode,env_id,align_success,success,final_distance,min_distance,touchdown_distance,touchdown_rel_vel,landing_time,max_descent_speed,mean_descent_speed,final_vertical_speed,terminal_vertical_relative_speed,terminal_relative_speed,terminal_horizontal_error,terminal_surface_clearance,terminal_pad_vertical_speed,max_horizontal_speed,mean_horizontal_speed,final_horizontal_speed,pad_speed,pad_speed_bucket,crash,terminated,time_out,contact_success,settled_landing,hard_contact,ground_crash,deck_miss,first_contact_seen,first_contact_xy_error_deck_frame,first_contact_normal_rel_speed,first_contact_tangential_rel_speed,first_contact_force,max_contact_force,settle_time,terminal_xy_error,minimum_surface_clearance,maximum_penetration,first_contact_deck_roll,first_contact_deck_pitch,first_contact_deck_tilt,first_contact_deck_angular_speed,first_contact_body_deck_normal_angle,terminal_body_deck_normal_angle,terminal_normal_relative_speed,terminal_tangential_relative_speed,max_contact_impulse,terminal_deck_roll,terminal_deck_pitch,terminal_deck_tilt,terminal_deck_angular_speed,deck_tilt_bucket,deck_angular_speed_bucket,max_deck_position_consistency_error,max_deck_orientation_consistency_error,max_deck_linear_velocity_consistency_error,max_deck_angular_velocity_consistency_error
0,31,False,False,0.671460747718811,0.6448907256126404,0.0,0.0,1.0,3.087160348892212,0.9823234677314758,-2.6606411933898926,-2.842013359069824,2.9862327575683594,0.6697759032249451,-0.013888537883758545,0.09843198955059052,2.211332082748413,1.1044366359710693,0.9168123602867126,0.11617974191904068,0.10-0.15,True,True,False,False,False,False,False,True,False,0.0,0.0,0.0,0.0,0.0,0.0,0.6697759032249451,-0.013888537883758545,0.013888537883758545,0.0,0.0,0.0,0.0,0.0,1.088304042816162,-2.854682207107544,0.8765702247619629,0.0,0.0006827909965068102,-0.014684930443763733,0.014701372012495995,0.018534723669290543,0-2deg,0.00-0.04,0.0,0.0,0.0,0.0
1,58,True,True,0.08584874868392944,0.08584874868392944,0.07839000970125198,0.1537189781665802,1.1799999475479126,1.531141757965088,0.5228250622749329,0.0077184936963021755,-0.016676228493452072,0.1537189781665802,0.07839000970125198,-0.019996171817183495,0.026975367218255997,0.44959402084350586,0.23631837964057922,0.15281173586845398,0.15517698228359222,>=0.15,False,True,False,True,True,False,False,False,True,0.08488394320011139,-0.2019246369600296,0.14396071434020996,0.06469427049160004,0.2481255978345871,0.07999999821186066,0.07839000970125198,-0.019996171817183495,0.019996171817183495,0.05692971497774124,-0.012797060422599316,0.05834920331835747,0.05309949815273285,0.018606282770633698,0.0003452669770922512,-0.022259805351495743,0.15209874510765076,0.0024812559131532907,0.059255361557006836,-0.010685810819268227,0.06021042913198471,0.05159850791096687,2-4deg,0.04-0.08,0.0,0.0,0.0,0.0
2,18,False,False,0.4582042396068573,0.4582042396068573,0.0,0.0,1.2599999904632568,2.2941460609436035,0.6915653944015503,-1.137890100479126,-1.3392648696899414,2.1098554134368896,0.48019468784332275,-0.006861425004899502,0.16249187290668488,2.1844358444213867,1.1507960557937622,1.6302942037582397,0.19910801947116852,>=0.15,True,True,False,False,False,False,False,True,False,0.0,0.0,0.0,0.0,0.0,0.0,0.48019468784332275,-0.006861425004899502,0.006861425004899502,0.0,0.0,0.0,0.0,0.0,0.8650031685829163,-1.3305952548980713,1.6373777389526367,0.0,-0.0008866089046932757,-0.00573192210868001,0.005798026453703642,0.06304055452346802,0-2deg,0.00-0.04,0.0,0.0,0.0,0.0
3,40,False,False,0.2798590660095215,0.2798590660095215,0.0,0.0,1.2599999904632568,1.8300114870071411,0.7078747153282166,-0.4625406265258789,-0.5217784643173218,2.1324193477630615,0.27656033635139465,-0.010138330049812794,0.11147240549325943,2.15518856048584,1.1485785245895386,2.0675976276397705,0.15576820075511932,>=0.15,True,True,False,True,False,False,False,True,True,0.27656033635139465,-0.5818701982498169,2.051496982574463,0.30587437748908997,0.30587437748908997,0.0,0.27656033635139465,-0.010138330049812794,0.010138330049812794,-0.029431423172354698,-0.004589234944432974,0.029786257073283195,0.01779146119952202,0.38299232721328735,0.38299232721328735,-0.5818701982498169,2.051496982574463,0.0030587436631321907,-0.029431423172354698,-0.004589234944432974,0.029786257073283195,0.01779146119952202,0-2deg,0.00-0.04,0.0,0.0,0.0,0.0
4,47,True,True,0.07158205658197403,0.06950663775205612,0.06232966482639313,0.16472801566123962,1.4800000190734863,1.6733367443084717,0.6419236660003662,-0.02203906886279583,-0.13478997349739075,0.16472801566123962,0.06232966482639313,-0.01990826055407524,0.11136122792959213,0.7229821085929871,0.309151291847229,0.09469414502382278,0.08881665766239166,0.05-0.10,False,True,False,True,True,False,False,False,True,0.06139953061938286,-0.45230579376220703,0.14923526346683502,0.12337954342365265,0.6665000319480896,0.09999999403953552,0.06232966482639313,-0.02002434991300106,0.02002434991300106,0.030022814869880676,-0.006402693688869476,0.030696973204612732,0.020245593041181564,0.06861914694309235,0.0019531252328306437,-0.13219204545021057,0.09828826785087585,0.0066650002263486385,0.028382066637277603,-0.0062692174687981606,0.02906503900885582,0.020903289318084717,0-2deg,0.00-0.04,0.0,0.0,0.0,0.0
5,51,True,False,0.1379442811012268,0.1379442811012268,0.0,0.0,1.5,1.5350887775421143,0.5089098811149597,-0.09507998079061508,-0.1322830319404602,0.28355276584625244,0.13382485508918762,-0.017889827489852905,0.03673846274614334,0.6343285441398621,0.29365217685699463,0.25080540776252747,0.2101786732673645,>=0.15,True,True,False,True,False,False,False,True,True,0.13382485508918762,-0.13516771793365479,0.24926261603832245,0.0641084685921669,0.0641084685921669,0.0,0.13382485508918762,-0.017889827489852905,0.017889827489852905,0.00408070906996727,-0.014284102246165276,0.014854644425213337,0.0043938341550529,0.030529504641890526,0.030529504641890526,-0.13516771793365479,0.24926261603832245,0.0006410846835933626,0.00408070906996727,-0.014284102246165276,0.014854644425213337,0.0043938341550529,0-2deg,0.00-0.04,0.0,0.0,0.0,0.0
6,49,False,False,0.3535519242286682,0.3535519242286682,0.0,0.0,1.5399999618530273,2.5915331840515137,0.8084489107131958,0.7526391744613647,0.39038291573524475,0.6632431745529175,0.33731433749198914,0.04909122362732887,-0.02592482790350914,1.9590215682983398,1.1000546216964722,0.5361834764480591,0.2323950231075287,>=0.15,True,True,False,True,False,True,False,True,True,0.33731433749198914,0.38820192217826843,0.5377646088600159,10.70345401763916,10.70345401763916,0.0,0.33731433749198914,0.04909122362732887,0.0,-0.0729246735572815,-0.0014467929722741246,0.07293864339590073,0.008198597468435764,1.6404447555541992,1.6404447555541992,0.38820192217826843,0.5377646088600159,0.10703453421592712,-0.0729246735572815,-0.0014467929722741246,0.07293864339590073,0.008198597468435764,4-6deg,0.00-0.04,0.0,0.0,0.0,0.0
7,45,False,False,0.1261841207742691,0.1261841207742691,0.0,0.0,1.5999999046325684,1.3435920476913452,0.6010000109672546,-0.5631836652755737,-0.8586667776107788,0.8803443908691406,0.129619762301445,0.029440943151712418,0.13869543373584747,1.8895361423492432,1.0742948055267334,0.19415895640850067,0.21737076342105865,>=0.15,True,True,False,True,False,True,False,True,True,0.129619762301445,-0.8471633791923523,0.2394169718027115,1.8047115802764893,1.8047115802764893,0.0,0.129619762301445,0.029440943151712418,0.0,0.06662637740373611,-0.010090876370668411,0.06738494336605072,0.05021251365542412,0.91082364320755,0.91082364320755,-0.8471633791923523,0.2394169718027115,0.018047114834189415,0.06662637740373611,-0.010090876370668411,0.06738494336605072,0.05021251365542412,2-4deg,0.04-0.08,0.0,0.0,0.0,0.0
8,0,True,True,0.06811295449733734,0.040678560733795166,0.05848667398095131,0.2216077446937561,1.6399999856948853,1.7834059000015259,0.6291282176971436,-0.0322440080344677,0.028757620602846146,0.2216077446937561,0.05848667398095131,-0.02004580944776535,-0.061345331370830536,0.5420309901237488,0.19556157290935516,0.21973390877246857,0.21368494629859924,>=0.15,False,True,False,True,True,False,False,False,True,0.01981624960899353,-0.1677909791469574,0.20766927301883698,0.10991191864013672,0.5925547480583191,0.2199999988079071,0.05848667398095131,-0.02004580944776535,0.02004580944776535,-0.0022929918486624956,0.021626314148306847,0.021746767684817314,0.018721533939242363,0.005808298010379076,0.0009134905994869769,0.026554135605692863,0.22001107037067413,0.005925547331571579,-0.0007112520979717374,0.02487378753721714,0.024883830919861794,0.017361298203468323,0-2deg,0.00-0.04,0.0,0.0,0.0,0.0
9,63,True,True,0.12137933075428009,0.09054187685251236,0.11622028797864914,0.031191576272249222,1.6999999284744263,1.2595120668411255,0.3458724915981293,0.005117226392030716,-0.0037392713129520416,0.031191576272249222,0.11622028797864914,-0.019993670284748077,0.006696866825222969,0.5875968933105469,0.2879393696784973,0.030966632068157196,0.0352652370929718,0.00-0.05,False,True,False,True,True,False,False,False,True,0.11328154057264328,-0.10156051069498062,0.17675036191940308,0.057594940066337585,0.13449758291244507,0.09999999403953552,0.11622028797864914,-0.019993670284748077,0.019993670284748077,-0.011526362039148808,-0.06863078474998474,0.06959027051925659,0.026061343029141426,0.058033544570207596,0.0,-0.0015843865694478154,0.031151311472058296,0.001344975782558322,-0.013594173826277256,-0.06844457238912582,0.06977944821119308,0.02592279016971588,2-4deg,0.00-0.04,0.0,0.0,0.0,0.0
10,11,True,True,0.07595264911651611,0.07595264911651611,0.06742922216653824,0.24831721186637878,2.0,1.4102925062179565,0.3758784234523773,-0.00027768302243202925,-0.13965298235416412,0.24831721186637878,0.06742922216653824,-0.020022083073854446,0.1346818208694458,0.5267779231071472,0.30402132868766785,0.20532530546188354,0.21225780248641968,>=0.15,False,True,False,True,True,False,False,False,True,0.07094009220600128,-0.1246073767542839,0.10692259669303894,0.404651015996933,0.404651015996933,0.05999999865889549,0.06742922216653824,-0.020022083073854446,0.020022083073854446,0.010926117189228535,-0.03531056270003319,0.03696180135011673,0.058994654566049576,0.0007720404537394643,0.001091830083169043,-0.14687861502170563,0.20022013783454895,0.004046509973704815,0.008621999993920326,-0.03476849943399429,0.03582159802317619,0.059351034462451935,2-4deg,0.04-0.08,0.0,0.0,0.0,0.0
11,16,True,True,0.061312317848205566,0.061312317848205566,0.05034265294671059,0.1271539330482483,2.0,1.1640937328338623,0.3962348997592926,0.008091859519481659,-0.03825635462999344,0.1271539330482483,0.05034265294671059,-0.0199942234903574,0.04753026366233826,0.8596096634864807,0.3444713354110718,0.12126241624355316,0.1230078935623169,0.10-0.15,False,True,False,True,True,False,False,False,True,0.05702495574951172,-0.19049304723739624,0.08151040226221085,0.07149441540241241,0.2048214226961136,0.07999999821186066,0.05034265294671059,-0.0199942234903574,0.0199942234903574,-0.04662403091788292,-0.001678077969700098,0.0466536208987236,0.025415532290935516,0.006739355158060789,0.00048828125,-0.033217038959264755,0.1227385401725769,0.0020482141990214586,-0.04507913812994957,-0.0016160478116944432,0.045108433812856674,0.02611834742128849,2-4deg,0.00-0.04,0.0,0.0,0.0,0.0
12,15,True,True,0.06746228784322739,0.06746228784322739,0.05765979364514351,0.12991349399089813,2.0199999809265137,1.3848168849945068,0.3465996980667114,0.011017370037734509,-0.012538491748273373,0.12991349399089813,0.05765979364514351,-0.019981570541858673,0.025592518970370293,1.0998815298080444,0.43720346689224243,0.12930700182914734,0.13184112310409546,0.10-0.15,False,True,False,True,True,False,False,False,True,0.06273714452981949,-0.07683825492858887,0.22288104891777039,0.5688309073448181,0.5688309073448181,0.07999999821186066,0.05765979364514351,-0.020171739161014557,0.020171739161014557,0.016056057065725327,0.026279887184500694,0.030795857310295105,0.04144839569926262,0.00854145921766758,0.0,-0.015960589051246643,0.12892933189868927,0.005688308738172054,0.01608479581773281,0.028738660737872124,0.032932426780462265,0.040504176169633865,0-2deg,0.04-0.08,0.0,0.0,0.0,0.0
13,1,True,True,0.0592946857213974,0.058321353048086166,0.04788538068532944,0.14000801742076874,2.2200000286102295,1.5058505535125732,0.37219566106796265,-0.007175979670137167,-0.09017792344093323,0.14000801742076874,0.04788538068532944,-0.0200077835470438,0.08340629935264587,0.9060561656951904,0.35630902647972107,0.10709896683692932,0.10859107971191406,0.10-0.15,False,True,False,True,True,False,False,False,True,0.04617999121546745,-0.24709898233413696,0.01961703598499298,0.09383754432201385,0.20860008895397186,0.07999999821186066,0.04788538068532944,-0.020018603652715683,0.020018603652715683,0.08213718235492706,-0.07081012427806854,0.10839429497718811,0.025851793587207794,0.04582706466317177,0.0003452669770922512,-0.0792621523141861,0.11541125178337097,0.0020860007498413324,0.08176600188016891,-0.06923311948776245,0.10708949714899063,0.028194868937134743,>=6deg,0.00-0.04,0.0,0.0,0.0,0.0
14,50,True,False,0.14608559012413025,0.14608559012413025,0.0,0.0,2.2200000286102295,1.4703837633132935,0.3212697505950928,-0.01808425784111023,-0.03803969919681549,0.2273431420326233,0.1418589949607849,-0.020023424178361893,0.01661847159266472,0.9811111688613892,0.3891223669052124,0.22413809597492218,0.09017470479011536,0.05-0.10,True,True,False,True,False,False,False,True,True,0.1418589949607849,-0.03017527051270008,0.225331649184227,0.06970004737377167,0.06970004737377167,0.0,0.1418589949607849,-0.020023424178361893,0.020023424178361893,-0.036730632185935974,-0.04306262359023094,0.05659237504005432,0.05444995313882828,0.0007720404537394643,0.0007720404537394643,-0.03017527051270008,0.225331649184227,0.0006970004760660231,-0.036730632185935974,-0.04306262359023094,0.05659237504005432,0.05444995313882828,2-4deg,0.04-0.08,0.0,0.0,0.0,0.0
15,21,True,True,0.06835789233446121,0.06835789233446121,0.05872045084834099,0.16735616326332092,2.259999990463257,1.3764336109161377,0.28597375750541687,-0.02658013254404068,-0.145912766456604,0.16735616326332092,0.05872045084834099,-0.020001770928502083,0.11934642493724823,0.7486552000045776,0.340680867433548,0.08196065574884415,0.0899919867515564,0.05-0.10,False,True,False,True,True,False,False,False,True,0.062348999083042145,-0.08042814582586288,0.08545327931642532,0.5347728729248047,0.5347728729248047,0.05999999865889549,0.05872045084834099,-0.02001645788550377,0.02001645788550377,0.0010056004393845797,-0.001468259608373046,0.0017940601101145148,0.0009550610557198524,0.002210787730291486,0.0,-0.14595681428909302,0.08188218623399734,0.005347728729248047,0.0010427559027448297,-0.001474406337365508,0.0017940601101145148,0.0009279067162424326,0-2deg,0.00-0.04,0.0,0.0,0.0,0.0
16,26,True,False,0.14040976762771606,0.13826143741607666,0.0,0.0,2.259999990463257,1.3709267377853394,0.36252766847610474,0.019078010693192482,0.07034732401371002,0.1950056105852127,0.13598431646823883,-0.019967729225754738,-0.05181027576327324,0.8977122902870178,0.3621487617492676,0.18187479674816132,0.16790468990802765,>=0.15,True,True,False,True,False,False,False,True,True,0.13598431646823883,0.05826053023338318,0.18609914183616638,0.46009087562561035,0.46009087562561035,0.0,0.13598431646823883,-0.019967729225754738,0.019967729225754738,-0.04977404326200485,0.05669409781694412,0.07542531937360764,0.017108073458075523,0.001035800902172923,0.001035800902172923,0.05826053023338318,0.18609914183616638,0.004600908607244492,-0.04977404326200485,0.05669409781694412,0.07542531937360764,0.017108073458075523,4-6deg,0.00-0.04,0.0,0.0,0.0,0.0
17,2,True,True,0.048049505800008774,0.048049505800008774,0.03290914371609688,0.17686571180820465,2.319999933242798,1.42599356174469,0.363231897354126,0.004932818002998829,-0.011663496494293213,0.17686571180820465,0.03290914371609688,-0.019991116598248482,0.01657373458147049,0.718330442905426,0.2890923321247101,0.1764807254076004,0.17336706817150116,>=0.15,False,True,False,True,True,False,False,False,True,0.03911064565181732,0.008251514285802841,0.17844462394714355,0.5286876559257507,0.5286876559257507,0.05999999865889549,0.03290914371609688,-0.019991116598248482,0.019991116598248482,0.0003096405416727066,0.029410535469651222,0.029411645606160164,0.015610338188707829,0.0003452669770922512,0.0,-0.008699098601937294,0.17665165662765503,0.005286876577883959,0.0003113679413218051,0.028776951134204865,0.02877853438258171,0.016067149117588997,0-2deg,0.00-0.04,0.0,0.0,0.0,0.0
18,23,True,False,0.12963220477104187,0.12963220477104187,0.0,0.0,2.3399999141693115,0.9813179969787598,0.24707892537117004,-0.12713061273097992,-0.12468893826007843,0.2385215014219284,0.12221892923116684,-0.01203210186213255,-0.011188172735273838,0.987733006477356,0.38770607113838196,0.20333513617515564,0.18055696785449982,>=0.15,True,True,False,True,False,False,False,True,True,0.12221892923116684,-0.13340429961681366,0.19772657752037048,0.04752710089087486,0.04752710089087486,0.0,0.12221892923116684,-0.01203210186213255,0.01203210186213255,-0.02691744454205036,0.03414851054549217,0.043478284031152725,0.04745005816221237,0.11201347410678864,0.11201347410678864,-0.13340429961681366,0.19772657752037048,0.0004752709937747568,-0.02691744454205036,0.03414851054549217,0.043478284031152725,0.04745005816221237,2-4deg,0.04-0.08,0.0,0.0,0.0,0.0
19,24,True,True,0.10753126442432404,0.10577389597892761,0.10164470970630646,0.24729497730731964,2.359999895095825,1.2207049131393433,0.25758257508277893,-0.03425197675824165,-0.1732901930809021,0.24729497730731964,0.10164470970630646,-0.019961770623922348,0.1429538130760193,1.2688404321670532,0.5282772779464722,0.17642368376255035,0.1715082824230194,>=0.15,False,True,False,True,True,False,False,False,True,0.09967397153377533,-0.146840900182724,0.07823756337165833,0.1365455687046051,0.1365455687046051,0.05999999865889549,0.10164470970630646,-0.019961770623922348,0.019961770623922348,-0.024157850071787834,-0.026717988774180412,0.03601744771003723,0.05287255346775055,0.004353654105216265,0.00048828125,-0.17283615469932556,0.1768685281276703,0.0013654556823894382,-0.023232556879520416,-0.024793250486254692,0.03397492319345474,0.05389609932899475,2-4deg,0.04-0.08,0.0,0.0,0.0,0.0
20,42,True,True,0.053664643317461014,0.053664643317461014,0.04070441052317619,0.17728297412395477,2.359999895095825,1.334525465965271,0.3016057014465332,-0.0028606466948986053,-0.08826844394207001,0.17728297412395477,0.04070441052317619,-0.020017536357045174,0.0871935561299324,0.9027849435806274,0.3765849173069,0.1537463217973709,0.15029306709766388,>=0.15,False,True,False,True,True,False,False,False,True,0.04386929050087929,-0.12304149568080902,0.189426988363266,0.4414074718952179,0.4414074718952179,0.05999999865889549,0.04070441052317619,-0.020159579813480377,0.020159579813480377,0.0007519912323914468,-0.053157418966293335,0.053162798285484314,0.041327252984046936,0.0027186358347535133,0.0005980199784971774,-0.0854819193482399,0.1553128957748413,0.0044140745885670185,0.0006413758383132517,-0.05148974806070328,0.0514933206140995,0.04223564267158508,2-4deg,0.04-0.08,0.0,0.0,0.0,0.0
21,30,True,False,0.1387723684310913,0.1387723684310913,0.0,0.0,2.3999998569488525,1.3292357921600342,0.32533547282218933,-0.16067475080490112,-0.14324556291103363,0.1526833325624466,0.1331300288438797,-0.018023362383246422,-0.020040536299347878,0.5116907954216003,0.24510183930397034,0.05284794047474861,0.17094139754772186,>=0.15,True,True,False,True,False,False,False,True,True,0.1331300288438797,-0.1406046599149704,0.059519123286008835,0.025227438658475876,0.025227438658475876,0.0,0.1331300288438797,-0.018023362383246422,0.018023362383246422,-0.0025545500684529543,-0.06077688932418823,0.060830291360616684,0.021354923024773598,0.029005497694015503,0.029005497694015503,-0.1406046599149704,0.059519123286008835,0.0002522743889130652,-0.0025545500684529543,-0.06077688932418823,0.060830291360616684,0.021354923024773598,2-4deg,0.00-0.04,0.0,0.0,0.0,0.0
22,6,True,True,0.035893406718969345,0.0351158045232296,0.008104939945042133,0.17225761711597443,2.440000057220459,1.3242809772491455,0.3978763818740845,-0.013068871572613716,0.03496821969747543,0.17225761711597443,0.008104939945042133,-0.020038574934005737,-0.0473129004240036,1.034956932067871,0.3554193377494812,0.16867101192474365,0.1646626740694046,>=0.15,False,True,False,True,True,False,False,False,True,0.0039584399200975895,-0.12653358280658722,0.01978912018239498,0.22751542925834656,0.3970469832420349,0.07999999821186066,0.008104939945042133,-0.020038574934005737,0.020038574934005737,-0.018207574263215065,-0.002533881925046444,0.018383901566267014,0.06507957726716995,0.0022902425844222307,0.001035800902172923,0.035488326102495193,0.16856233775615692,0.003970469813793898,-0.015024182386696339,-0.004810291342437267,0.015777014195919037,0.06535350531339645,0-2deg,0.04-0.08,0.0,0.0,0.0,0.0
23,54,True,True,0.08382445573806763,0.08382445573806763,0.07616075128316879,0.17474515736103058,2.440000057220459,1.5304499864578247,0.3710557818412781,0.008663589134812355,-0.04785074293613434,0.17474515736103058,0.07616075128316879,-0.019998017698526382,0.05983896553516388,0.5506473183631897,0.28308868408203125,0.16806599497795105,0.16079112887382507,>=0.15,False,True,False,True,True,False,False,False,True,0.080429308116436,-0.21998709440231323,0.15844039618968964,0.08045457303524017,0.34614893794059753,0.07999999821186066,0.07616075128316879,-0.020102443173527718,0.020102443173527718,0.03387817367911339,-0.006957739591598511,0.03458534553647041,0.06472335755825043,0.07048796862363815,0.0003452669770922512,-0.04369678720831871,0.1691935658454895,0.0034614892210811377,0.03757608309388161,-0.007988959550857544,0.03841554373502731,0.06321796029806137,0-2deg,0.04-0.08,0.0,0.0,0.0,0.0
24,53,True,True,0.06407538056373596,0.06159690394997597,0.0536486841738224,0.15191338956356049,2.4600000381469727,1.4035799503326416,0.42630940675735474,0.0027086236514151096,0.01359114982187748,0.15191338956356049,0.0536486841738224,-0.01996658928692341,-0.011162473820149899,1.027297854423523,0.3349062502384186,0.1513042002916336,0.16042177379131317,>=0.15,False,True,False,True,True,False,False,False,True,0.05084250122308731,0.06881753355264664,0.192137211561203,0.703323483467102,0.703323483467102,0.05999999865889549,0.0536486841738224,-0.020045975223183632,0.020045975223183632,0.004657099489122629,0.028625333681702614,0.0290013886988163,0.0077109322883188725,0.004085256718099117,0.0,0.01154928095638752,0.1514737457036972,0.007033234462141991,0.0045622121542692184,0.028322022408246994,0.02868724800646305,0.008178693242371082,0-2deg,0.00-0.04,0.0,0.0,0.0,0.0
25,32,True,True,0.09023858606815338,0.09023858606815338,0.08316447585821152,0.1282121241092682,2.5199999809265137,1.3798738718032837,0.27839529514312744,-0.017987670376896858,-0.09503410011529922,0.1282121241092682,0.08316447585821152,-0.019990766420960426,0.07640232890844345,0.7436401844024658,0.3260948061943054,0.08606317639350891,0.09593498706817627,0.05-0.10,False,True,False,True,True,False,False,False,True,0.08586850762367249,-0.1866961419582367,0.15785208344459534,0.0963037833571434,0.0963037833571434,0.07999999821186066,0.08316447585821152,-0.019990766420960426,0.019990766420960426,-0.056509748101234436,-0.046030621975660324,0.07286909222602844,0.049027297645807266,0.02724851295351982,0.0003452669770922512,-0.09122629463672638,0.09008948504924774,0.000963037833571434,-0.055502451956272125,-0.048760056495666504,0.07386195659637451,0.0479506216943264,4-6deg,0.04-0.08,0.0,0.0,0.0,0.0
26,52,True,False,0.12707658112049103,0.12527091801166534,0.0,0.0,2.5199999809265137,1.4487583637237549,0.3608313798904419,0.0312967523932457,-0.024945028126239777,0.22171403467655182,0.12227226793766022,-0.02000901661813259,0.05538550019264221,1.2874298095703125,0.4591079652309418,0.22030627727508545,0.2377633899450302,>=0.15,True,True,False,True,False,False,False,True,True,0.12227226793766022,-0.01847831718623638,0.2209426611661911,0.4664214551448822,0.4664214551448822,0.0,0.12227226793766022,-0.02000901661813259,0.02000901661813259,0.02033446915447712,0.021762434393167496,0.029782254248857498,0.019237251952290535,0.0035881216172128916,0.0035881216172128916,-0.01847831718623638,0.2209426611661911,0.004664214327931404,0.02033446915447712,0.021762434393167496,0.029782254248857498,0.019237251952290535,0-2deg,0.00-0.04,0.0,0.0,0.0,0.0
27,25,True,False,0.14071856439113617,0.12984411418437958,0.0,0.0,2.5399999618530273,0.9196959137916565,0.26824095845222473,-0.11021315306425095,-0.033588044345378876,0.044894784688949585,0.1363024115562439,-0.018851226195693016,-0.0766800120472908,0.5275978446006775,0.20371948182582855,0.029789011925458908,0.11506246775388718,0.10-0.15,True,True,False,True,False,False,False,True,True,0.1363024115562439,-0.03333338350057602,0.030073698610067368,0.04898066073656082,0.04898066073656082,0.0,0.1363024115562439,-0.018851226195693016,0.018851226195693016,-0.00796561874449253,-0.00332209886983037,0.008631701581180096,0.005467850249260664,0.02334885112941265,0.02334885112941265,-0.03333338350057602,0.030073698610067368,0.0004898065817542374,-0.00796561874449253,-0.00332209886983037,0.008631701581180096,0.005467850249260664,0-2deg,0.00-0.04,0.0,0.0,0.0,0.0
28,55,True,True,0.06313936412334442,0.06313936412334442,0.05254514142870903,0.11472959816455841,2.5999999046325684,1.461832046508789,0.30954456329345703,0.006717695854604244,-0.022119993343949318,0.11472959816455841,0.05254514142870903,-0.019992155954241753,0.02947882004082203,0.8125132918357849,0.3328232169151306,0.11257702857255936,0.10663114488124847,0.10-0.15,False,True,False,True,True,False,False,False,True,0.05833156779408455,-0.22414273023605347,0.11122322082519531,0.12396163493394852,0.3473602831363678,0.07999999821186066,0.05254514142870903,-0.019992155954241753,0.019992155954241753,-0.01999184675514698,0.05872908979654312,0.06203512102365494,0.047435492277145386,0.030660053715109825,0.0,-0.019831914454698563,0.11300254613161087,0.0034736027009785175,-0.018389644101262093,0.061026785522699356,0.06373383104801178,0.04593764245510101,2-4deg,0.04-0.08,0.0,0.0,0.0,0.0
29,62,True,True,0.09682025015354156,0.09682025015354156,0.09016412496566772,0.22552622854709625,2.5999999046325684,1.1365857124328613,0.26378896832466125,-0.017830904573202133,-0.10907801985740662,0.22552622854709625,0.09016412496566772,-0.01989525929093361,0.0908438041806221,1.0005172491073608,0.4103242754936218,0.19739317893981934,0.1960259974002838,>=0.15,False,True,False,True,True,False,False,False,True,0.09202940762042999,-0.257617712020874,0.06519902497529984,0.04756154865026474,0.13361239433288574,0.09999999403953552,0.09016412496566772,-0.019997943192720413,0.019997943192720413,-0.06274235993623734,0.0006681441445834935,0.06274635344743729,0.014022351242601871,0.09413251280784607,0.002210787730291486,-0.11044498533010483,0.19663159549236298,0.0013361239107325673,-0.06374252587556839,0.0006021267618052661,0.06374505162239075,0.011029413901269436,2-4deg,0.00-0.04,0.0,0.0,0.0,0.0
30,46,True,True,0.05424732342362404,0.05424732342362404,0.04143096134066582,0.16959401965141296,2.6399998664855957,1.558854103088379,0.38958558440208435,0.0076853740029037,-0.018461795523762703,0.16959401965141296,0.04143096134066582,-0.019987747073173523,0.025794371962547302,0.6841241121292114,0.3236508071422577,0.16858616471290588,0.16339696943759918,>=0.15,False,True,False,True,True,False,False,False,True,0.045310478657484055,-0.2000499665737152,0.12689757347106934,0.06822577118873596,0.19928015768527985,0.09999999403953552,0.04143096134066582,-0.019990555942058563,0.019990555942058563,-0.013971376232802868,0.0026586321182549,0.01422327570617199,0.012314015068113804,0.019497960805892944,0.0,-0.0200139619410038,0.16840896010398865,0.0019928014371544123,-0.014708509668707848,0.0032684297766536474,0.0150658143684268,0.011596281081438065,0-2deg,0.00-0.04,0.0,0.0,0.0,0.0
31,60,True,True,0.06579279154539108,0.06579279154539108,0.05570386350154877,0.10985274612903595,2.679999828338623,1.4508239030838013,0.34504833817481995,0.006703532300889492,0.030088549479842186,0.10985274612903595,0.05570386350154877,-0.01999513804912567,-0.023393474519252777,0.61398845911026,0.24204778671264648,0.10565181076526642,0.10118064284324646,0.10-0.15,False,True,False,True,True,False,False,False,True,0.05910339951515198,0.0533149391412735,0.11683795601129532,0.5532931685447693,0.5532931685447693,0.05999999865889549,0.05570386350154877,-0.0200403593480587,0.0200403593480587,0.019418912008404732,-0.01751672849059105,0.026152297854423523,0.06919840723276138,0.001091830083169043,0.0,0.03136323764920235,0.10528045147657394,0.005532931536436081,0.019964808598160744,-0.014794752933084965,0.02484787069261074,0.06959760189056396,0-2deg,0.04-0.08,0.0,0.0,0.0,0.0
32,44,True,True,0.0801115557551384,0.07766778767108917,0.07208064943552017,0.14491359889507294,2.700000047683716,1.375457763671875,0.39509937167167664,0.007999888621270657,-0.06328655779361725,0.14491359889507294,0.07208064943552017,-0.020001132041215897,0.07043146342039108,1.1918457746505737,0.4388117492198944,0.13036397099494934,0.12455079704523087,0.10-0.15,False,True,False,True,True,False,False,False,True,0.06955095380544662,-0.23053693771362305,0.05526495724916458,0.05208207666873932,0.223074808716774,0.09999999403953552,0.07208064943552017,-0.02002311684191227,0.02002311684191227,0.08411099016666412,0.014964046888053417,0.08542843908071518,0.009854914620518684,0.06465645879507065,0.0005980199784971774,-0.06951376050710678,0.12715262174606323,0.0022307480685412884,0.08342929184436798,0.014414789155125618,0.08466288447380066,0.012050967663526535,4-6deg,0.00-0.04,0.0,0.0,0.0,0.0
33,28,True,True,0.048721637576818466,0.04773198813199997,0.03388040512800217,0.17517443001270294,2.740000009536743,1.0582172870635986,0.29340916872024536,-0.07474028319120407,-0.005686379969120026,0.17517443001270294,0.03388040512800217,-0.020005419850349426,-0.07035580277442932,0.9626613259315491,0.34561988711357117,0.17508210241794586,0.18671874701976776,>=0.15,False,True,False,True,True,False,False,False,True,0.032493073493242264,-0.10474926978349686,0.1216806098818779,0.13967487215995789,0.31631872057914734,0.07999999821186066,0.03388040512800217,-0.020015573129057884,0.020015573129057884,0.0020335945300757885,0.03651035577058792,0.036566123366355896,0.01844121143221855,0.0012918708380311728,0.0007720404537394643,-0.004499838687479496,0.175116628408432,0.003163187066093087,0.0015122166369110346,0.03746601194143295,0.037496667355298996,0.017844216898083687,2-4deg,0.00-0.04,0.0,0.0,0.0,0.0
34,38,True,True,0.06718119978904724,0.06684654951095581,0.05681170895695686,0.23143231868743896,2.740000009536743,1.3017065525054932,0.3189070522785187,-0.04757358506321907,0.015746794641017914,0.23143231868743896,0.05681170895695686,-0.01953703537583351,-0.062057849019765854,0.9020277261734009,0.3176541030406952,0.2308959811925888,0.20078834891319275,>=0.15,False,True,False,True,True,False,False,False,True,0.05748111382126808,-0.17964604496955872,0.26417067646980286,0.09107950329780579,0.3744466304779053,0.07999999821186066,0.05681170895695686,-0.02008970081806183,0.02008970081806183,0.029366150498390198,-0.01092393696308136,0.03133128955960274,0.02218601480126381,0.03384130075573921,0.007340493146330118,0.01228538528084755,0.2311059981584549,0.0037444662302732468,0.03068038634955883,-0.010839496739208698,0.03253906965255737,0.02171163074672222,0-2deg,0.00-0.04,0.0,0.0,0.0,0.0
35,34,True,True,0.07456618547439575,0.07456618547439575,0.06584463268518448,0.13522528111934662,2.759999990463257,1.116967797279358,0.3886430859565735,0.007185547612607479,0.023038789629936218,0.13522528111934662,0.06584463268518448,-0.019987814128398895,-0.015658840537071228,1.2921885251998901,0.48015233874320984,0.1332482248544693,0.12607836723327637,0.10-0.15,False,True,False,True,True,False,False,False,True,0.07447122037410736,-0.21741114556789398,0.13617511093616486,0.04065677896142006,0.3311159610748291,0.11999999731779099,0.06584463268518448,-0.020114995539188385,0.020114995539188385,-0.011494895443320274,-0.07322148978710175,0.07411675900220871,0.02392062358558178,0.1273491233587265,0.0005980199784971774,0.02249164693057537,0.13334167003631592,0.0033111595548689365,-0.011669209226965904,-0.07532694935798645,0.07622396945953369,0.018306303769350052,4-6deg,0.00-0.04,0.0,0.0,0.0,0.0
36,37,True,False,0.13100787997245789,0.13100787997245789,0.0,0.0,2.759999990463257,1.4087252616882324,0.3245369791984558,-0.13499988615512848,-0.12834426760673523,0.1377456933259964,0.12603916227817535,-0.016916124150156975,-0.0076812561601400375,1.1594041585922241,0.3380095064640045,0.05001625791192055,0.14568471908569336,0.10-0.15,True,True,False,True,False,False,False,True,True,0.12603916227817535,-0.1289374679327011,0.04846653342247009,0.0324861966073513,0.0324861966073513,0.0,0.12603916227817535,-0.016916124150156975,0.016916124150156975,-0.011546928435564041,0.013402435928583145,0.0176899004727602,0.0033945611212402582,0.04910087585449219,0.04910087585449219,-0.1289374679327011,0.04846653342247009,0.00032486196141690016,-0.011546928435564041,0.013402435928583145,0.0176899004727602,0.0033945611212402582,0-2deg,0.00-0.04,0.0,0.0,0.0,0.0
37,41,True,True,0.07798638194799423,0.07798638194799423,0.06958988308906555,0.08192159980535507,2.759999990463257,1.3368654251098633,0.28003281354904175,-0.062036313116550446,0.014172587543725967,0.08192159980535507,0.06958988308906555,-0.0195775143802166,-0.07578258216381073,0.6932657957077026,0.29387718439102173,0.08068634569644928,0.11410076171159744,0.10-0.15,False,True,False,True,True,False,False,False,True,0.07454980164766312,-0.11016089469194412,0.09614559262990952,0.13291455805301666,0.13291455805301666,0.1599999964237213,0.06958988308906555,-0.019702287390828133,0.019702287390828133,-0.021934621036052704,-0.016496753320097923,0.02744469977915287,0.025993572548031807,0.047045622020959854,0.006486988626420498,0.015480726957321167,0.08044560998678207,0.0013291455106809735,-0.02550356276333332,-0.0161274541169405,0.030174003913998604,0.025261277332901955,0-2deg,0.00-0.04,0.0,0.0,0.0,0.0
38,48,True,True,0.041791100054979324,0.041791100054979324,0.02293776161968708,0.1899985820055008,2.7799999713897705,1.3605624437332153,0.3517453968524933,0.02128424495458603,0.079997219145298,0.1899985820055008,0.02293776161968708,-0.020032981410622597,-0.06131124496459961,0.7093456387519836,0.2618834376335144,0.172336608171463,0.1853196769952774,>=0.15,False,True,False,True,True,False,False,False,True,0.030454078689217567,-0.09772593528032303,0.1258791983127594,0.054459527134895325,0.39526820182800293,0.11999999731779099,0.02293776161968708,-0.020045006647706032,0.020045006647706032,-0.04397343471646309,0.013246378861367702,0.04592454433441162,0.06525030732154846,0.056095972657203674,0.0015049839857965708,0.07316906005144119,0.17534464597702026,0.003952682018280029,-0.04040563106536865,0.007634929846972227,0.041120123118162155,0.06768941879272461,2-4deg,0.04-0.08,0.0,0.0,0.0,0.0
39,47,True,False,0.18981418013572693,0.15941530466079712,0.0,0.0,1.3199999332427979,1.5303641557693481,0.41332560777664185,0.008061036467552185,-0.13411903381347656,0.1893438696861267,0.18664056062698364,-0.019617650657892227,0.1418050080537796,0.5318076610565186,0.27237802743911743,0.13365322351455688,0.11096493154764175,0.10-0.15,True,True,False,True,False,False,False,True,True,0.18664056062698364,-0.13384613394737244,0.13392651081085205,0.028574761003255844,0.028574761003255844,0.0,0.18664056062698364,-0.019617650657892227,0.019617650657892227,-0.014054288156330585,-0.005480160471051931,0.015085584484040737,0.03073713183403015,0.007603734731674194,0.007603734731674194,-0.13384613394737244,0.13392651081085205,0.0002857476065400988,-0.014054288156330585,-0.005480160471051931,0.015085584484040737,0.03073713183403015,0-2deg,0.00-0.04,0.0,0.0,0.0,0.0
40,57,True,False,0.1425199955701828,0.12943266332149506,0.0,0.0,2.8399999141693115,1.3950939178466797,0.31304872035980225,-0.11271783709526062,-0.1289576292037964,0.14591817557811737,0.13913357257843018,-0.017201531678438187,0.017818767577409744,0.9434080123901367,0.3224601447582245,0.06827913969755173,0.008722599595785141,0.00-0.05,True,True,False,True,False,False,False,True,True,0.13913357257843018,-0.13187220692634583,0.06246466934680939,0.04413075000047684,0.04413075000047684,0.0,0.13913357257843018,-0.017201531678438187,0.017201531678438187,-0.018157096579670906,0.053767960518598557,0.05674812197685242,0.03861716762185097,0.05087117478251457,0.05087117478251457,-0.13187220692634583,0.06246466934680939,0.00044130749301984906,-0.018157096579670906,0.053767960518598557,0.05674812197685242,0.03861716762185097,2-4deg,0.00-0.04,0.0,0.0,0.0,0.0
41,3,True,True,0.08643575757741928,0.08616283535957336,0.07903938740491867,0.2127029001712799,2.93999981880188,1.3728904724121094,0.3087715208530426,0.0077089350670576096,-0.04784031957387924,0.2127029001712799,0.07903938740491867,-0.02000010386109352,0.05689794942736626,1.05001699924469,0.3368847072124481,0.20725306868553162,0.20012100040912628,>=0.15,False,True,False,True,True,False,False,False,True,0.07887710630893707,-0.04338846728205681,0.17665575444698334,0.5070639848709106,0.5070639848709106,0.05999999865889549,0.07903938740491867,-0.020099908113479614,0.020099908113479614,-0.01148830447345972,0.0104251429438591,0.015514135360717773,0.021947737783193588,0.004943476058542728,0.0003452669770922512,-0.04475761577486992,0.20794056355953217,0.0050706397742033005,-0.010608960874378681,0.010505085811018944,0.014930689707398415,0.02219873107969761,0-2deg,0.00-0.04,0.0,0.0,0.0,0.0
42,5,True,True,0.07552748918533325,0.07230164110660553,0.06598329544067383,0.19060757756233215,2.93999981880188,0.8147050738334656,0.24063047766685486,-0.10805606096982956,0.0029193907976150513,0.19060757756233215,0.06598329544067383,-0.019230248406529427,-0.11218445748090744,0.6162811517715454,0.28989720344543457,0.1905852109193802,0.17904740571975708,>=0.15,False,True,False,True,True,False,False,False,True,0.061411306262016296,-0.1109524816274643,0.2566836476325989,0.10700884461402893,0.7351343631744385,0.09999999403953552,0.06598329544067383,-0.01998027041554451,0.01998027041554451,0.006426605861634016,0.03260248899459839,0.0332297757267952,0.00802855659276247,0.04506876319646835,0.016417620703577995,-0.003515486139804125,0.19057515263557434,0.007351343519985676,0.006346606183797121,0.03320536017417908,0.03380604833364487,0.007182631175965071,0-2deg,0.00-0.04,0.0,0.0,0.0,0.0
43,33,True,True,0.09092039614915848,0.07939945161342621,0.08361384272575378,0.11576355248689651,3.0399999618530273,1.0903000831604004,0.20289020240306854,0.001886653946712613,-0.05402589216828346,0.11576355248689651,0.08361384272575378,-0.019719114527106285,0.05713234096765518,0.8445872664451599,0.38107171654701233,0.10238360613584518,0.1862902194261551,>=0.15,False,True,False,True,True,False,False,False,True,0.08193915337324142,-0.13768361508846283,0.16480405628681183,0.028060706332325935,0.112186498939991,0.05999999865889549,0.08361384272575378,-0.019892670214176178,0.019892670214176178,0.008982029743492603,-0.0014937373343855143,0.009102254174649715,0.018242551013827324,0.018490592017769814,0.0056942966766655445,-0.05373629555106163,0.10253589600324631,0.0011218650033697486,0.009601953439414501,-0.001113621168769896,0.009667512960731983,0.018114585429430008,0-2deg,0.00-0.04,0.0,0.0,0.0,0.0
44,43,True,True,0.09127867221832275,0.09072587639093399,0.08432809263467789,0.27624788880348206,3.059999942779541,1.4693193435668945,0.30373698472976685,-0.007854797877371311,-0.1292486935853958,0.27624788880348206,0.08432809263467789,-0.020018814131617546,0.12251614034175873,0.9550403952598572,0.3844483196735382,0.24414683878421783,0.23998670279979706,>=0.15,False,True,False,True,True,False,False,False,True,0.0850728377699852,-0.28134793043136597,0.2562233805656433,0.14675739407539368,0.22295305132865906,0.07999999821186066,0.08432809263467789,-0.020018814131617546,0.020018814131617546,0.05194203183054924,-0.007214176468551159,0.05244000256061554,0.026782207190990448,0.04639473557472229,0.0005980199784971774,-0.12260591238737106,0.2475493848323822,0.0022295303642749786,0.053484488278627396,-0.007081878371536732,0.05395112559199333,0.024813953787088394,2-4deg,0.00-0.04,0.0,0.0,0.0,0.0
45,56,True,False,0.14103397727012634,0.12710924446582794,0.0,0.0,3.179999828338623,1.3930178880691528,0.3097987771034241,-0.12489800155162811,-0.0539093092083931,0.1274036020040512,0.13688869774341583,-0.017610052600502968,-0.07241656631231308,0.6349704265594482,0.24383124709129333,0.11543598026037216,0.10919088125228882,0.10-0.15,True,True,False,True,False,False,False,True,True,0.13688869774341583,-0.054787393659353256,0.11502182483673096,0.020422814413905144,0.020422814413905144,0.0,0.13688869774341583,-0.017610052600502968,0.017610052600502968,-0.025169994682073593,-0.0014873993350192904,0.02521461620926857,0.00911808479577303,0.04158724844455719,0.04158724844455719,-0.054787393659353256,0.11502182483673096,0.0002042281412286684,-0.025169994682073593,-0.0014873993350192904,0.02521461620926857,0.00911808479577303,0-2deg,0.00-0.04,0.0,0.0,0.0,0.0
46,8,True,True,0.09141284972429276,0.06916740536689758,0.08454975485801697,0.16341765224933624,3.1999998092651367,1.1096874475479126,0.18835091590881348,-0.07984305918216705,0.017699681222438812,0.16341765224933624,0.08454975485801697,-0.019797340035438538,-0.1008387953042984,0.6066042184829712,0.27969375252723694,0.16245630383491516,0.15477462112903595,>=0.15,False,True,False,True,True,False,False,False,True,0.07003263384103775,-0.025470655411481857,0.23913073539733887,0.03894982114434242,0.1634591966867447,0.8799999952316284,0.08454975485801697,-0.019797340035438538,0.019797340035438538,-0.03158160671591759,-0.007473899982869625,0.032452844083309174,0.03357965871691704,0.04255377873778343,0.005337704438716173,0.015960199758410454,0.1626364141702652,0.0016345919575542212,0.0003697207721415907,-0.011103414930403233,0.011107784695923328,0.03927530348300934,0-2deg,0.00-0.04,0.0,0.0,0.0,0.0
47,19,True,False,0.15787373483181,0.14399322867393494,0.0,0.0,3.259999990463257,1.420328974723816,0.2472904473543167,-0.04275062680244446,-0.14563971757888794,0.178078755736351,0.1549011468887329,-0.016015106812119484,0.09900163114070892,0.8329467177391052,0.4264722466468811,0.10247495770454407,0.09287972003221512,0.05-0.10,True,True,False,True,False,False,False,True,True,0.1549011468887329,-0.14185509085655212,0.10765305161476135,0.020235806703567505,0.020235806703567505,0.0,0.1549011468887329,-0.016015106812119484,0.016015106812119484,-0.04525762051343918,0.0036039138212800026,0.04540092870593071,0.02531055361032486,0.06867476552724838,0.06867476552724838,-0.14185509085655212,0.10765305161476135,0.00020235806005075574,-0.04525762051343918,0.0036039138212800026,0.04540092870593071,0.02531055361032486,2-4deg,0.00-0.04,0.0,0.0,0.0,0.0
48,27,True,False,0.19078272581100464,0.19078272581100464,0.0,0.0,3.2799999713897705,1.5011922121047974,0.2371169924736023,-0.05815114453434944,-0.10406814515590668,0.21230733394622803,0.18757300078868866,-0.02000824734568596,0.05115446448326111,0.797055184841156,0.4105725586414337,0.18505194783210754,0.25157564878463745,>=0.15,True,True,False,True,False,False,False,True,True,0.18757300078868866,-0.10496486723423004,0.18454480171203613,0.055756550282239914,0.055756550282239914,0.0,0.18757300078868866,-0.02000824734568596,0.02000824734568596,-0.03305726870894432,0.0577692873775959,0.06654944270849228,0.03293073549866676,0.0007720404537394643,0.0007720404537394643,-0.10496486723423004,0.18454480171203613,0.0005575654795393348,-0.03305726870894432,0.0577692873775959,0.06654944270849228,0.03293073549866676,2-4deg,0.00-0.04,0.0,0.0,0.0,0.0
49,29,True,False,0.1430017054080963,0.1430017054080963,0.0,0.0,3.2799999713897705,1.4399456977844238,0.2773102819919586,-0.08481505513191223,-0.195428729057312,0.22555235028266907,0.13732723891735077,-0.011830546893179417,0.1075262576341629,0.8977029323577881,0.42971885204315186,0.1126120463013649,0.06671013683080673,0.05-0.10,True,True,False,True,False,False,False,True,True,0.13732723891735077,-0.20009511709213257,0.10409517586231232,0.03614889085292816,0.03614889085292816,0.0,0.13732723891735077,-0.011830546893179417,0.011830546893179417,0.02024202235043049,0.05408187210559845,0.05774198845028877,0.008237134665250778,0.11454608291387558,0.11454608291387558,-0.20009511709213257,0.10409517586231232,0.00036148889921605587,0.02024202235043049,0.05408187210559845,0.05774198845028877,0.008237134665250778,2-4deg,0.00-0.04,0.0,0.0,0.0,0.0
50,22,True,True,0.060771189630031586,0.060771189630031586,0.04967433959245682,0.17906442284584045,3.3999998569488525,1.070144772529602,0.24354109168052673,-0.001797970267944038,-0.14680983126163483,0.17906442284584045,0.04967433959245682,-0.020026296377182007,0.1443360298871994,0.700118362903595,0.3918308615684509,0.10252287983894348,0.0995832234621048,0.05-0.10,False,True,False,True,True,False,False,False,True,0.053940631449222565,-0.4115011394023895,0.1237114742398262,0.11185352504253387,0.30980193614959717,0.07999999821186066,0.04967433959245682,-0.020026296377182007,0.020026296377182007,0.03800269588828087,-0.004725232720375061,0.03829585760831833,0.021718747913837433,0.02320801094174385,0.001035800902172923,-0.14288033545017242,0.10793180018663406,0.0030980193987488747,0.03894634172320366,-0.00386882945895195,0.039138175547122955,0.020764028653502464,2-4deg,0.00-0.04,0.0,0.0,0.0,0.0
51,30,False,False,1.345501184463501,1.0852468013763428,0.0,0.0,1.0199999809265137,3.4540152549743652,1.113550066947937,-3.5127439498901367,-3.273082971572876,3.971404552459717,1.3527932167053223,-0.008425813168287277,-0.08565439283847809,3.4666342735290527,2.019385576248169,2.249218225479126,0.14881950616836548,0.10-0.15,True,True,False,False,False,False,False,True,False,0.0,0.0,0.0,0.0,0.0,0.0,1.3527932167053223,-0.008425813168287277,0.008425813168287277,0.0,0.0,0.0,0.0,0.0,1.434256672859192,-3.2681636810302734,2.256359815597534,0.0,-0.01998935081064701,0.014788227155804634,0.02486465871334076,0.05343880131840706,0-2deg,0.00-0.04,0.0,0.0,0.0,0.0
52,40,True,True,0.08405277132987976,0.08405277132987976,0.07645612955093384,0.19604472815990448,2.2799999713897705,1.4223215579986572,0.37949174642562866,-0.011709708720445633,-0.141323059797287,0.19604472815990448,0.07645612955093384,-0.02001846395432949,0.12894199788570404,0.5770272016525269,0.2578466534614563,0.135872483253479,0.14050830900669098,0.10-0.15,False,True,False,True,True,False,False,False,True,0.07993073016405106,-0.32747381925582886,0.1111040711402893,0.06484533846378326,0.17075856029987335,0.07999999821186066,0.07645612955093384,-0.02002040296792984,0.02002040296792984,0.007527437061071396,0.0339004211127758,0.034726403653621674,0.015902457758784294,0.02697587199509144,0.0009134905994869769,-0.13900136947631836,0.13824674487113953,0.0017075855284929276,0.007454285863786936,0.034822892397642136,0.03561127930879593,0.014939759857952595,0-2deg,0.00-0.04,0.0,0.0,0.0,0.0
53,61,True,True,0.10822786390781403,0.10543858259916306,0.10244618356227875,0.2551034092903137,3.6399998664855957,1.5455249547958374,0.3228544294834137,-0.008277448825538158,-0.12400762736797333,0.2551034092903137,0.10244618356227875,-0.020014075562357903,0.11572802811861038,1.1322919130325317,0.4866889417171478,0.22293464839458466,0.2210884541273117,>=0.15,False,True,False,True,True,False,False,False,True,0.0997246503829956,-0.10841898620128632,0.18509414792060852,0.05963940545916557,0.15192069113254547,0.05999999865889549,0.10244618356227875,-0.020014075562357903,0.020014075562357903,-0.03130367398262024,0.011720039881765842,0.03342475742101669,0.004671076778322458,0.0037822125013917685,0.0008457279182039201,-0.12015071511268616,0.22503679990768433,0.0015192069113254547,-0.03146843612194061,0.011752371676266193,0.03359021991491318,0.003726380178704858,0-2deg,0.00-0.04,0.0,0.0,0.0,0.0
54,59,True,True,0.11334028095006943,0.08676878362894058,0.10763216763734818,0.0883035883307457,3.679999828338623,1.4189190864562988,0.2714313566684723,-0.02259031869471073,0.004094051197171211,0.0883035883307457,0.10763216763734818,-0.019838375970721245,-0.026991451159119606,1.2554552555084229,0.4043091833591461,0.0882086306810379,0.09198208153247833,0.05-0.10,False,True,False,True,True,False,False,False,True,0.0988781750202179,-0.04167487472295761,0.2704505920410156,0.033225204795598984,0.40957802534103394,0.14000000059604645,0.10763216763734818,-0.02006356604397297,0.02006356604397297,-0.044499240815639496,0.020610414445400238,0.049037687480449677,0.04334116727113724,0.06957826763391495,0.003311685984954238,0.000226170988753438,0.08830330520868301,0.004095780197530985,-0.040485747158527374,0.017046160995960236,0.043925780802965164,0.046073827892541885,2-4deg,0.04-0.08,0.0,0.0006905339541845024,0.0,0.0
55,14,True,True,0.10725980997085571,0.09591249376535416,0.10139302164316177,0.11306726187467575,3.759999990463257,1.177652359008789,0.2390606850385666,0.00806046649813652,-0.058565594255924225,0.11306726187467575,0.10139302164316177,-0.019990788772702217,0.0649772435426712,1.1387909650802612,0.42735788226127625,0.09671750664710999,0.09758682548999786,0.05-0.10,False,True,False,True,True,False,False,False,True,0.10468906164169312,-0.160402312874794,0.03883083909749985,0.02171333320438862,0.25905996561050415,0.07999999821186066,0.10139302164316177,-0.019998699426651,0.019998699426651,-0.012940135784447193,0.0225972943007946,0.026040367782115936,0.026174690574407578,0.015429376624524593,0.00048828125,-0.05893482640385628,0.0964929610490799,0.0025905997026711702,-0.014046970754861832,0.021479489281773567,0.025664517655968666,0.02625853568315506,0-2deg,0.00-0.04,0.0,0.0,0.0,0.0
56,10,True,False,0.1930008828639984,0.16464923322200775,0.0,0.0,3.799999952316284,1.1901527643203735,0.23790574073791504,-0.014741507358849049,-0.05856076255440712,0.0814356878399849,0.18979641795158386,-0.019987016916275024,0.04665211960673332,1.046068549156189,0.28711020946502686,0.05658982694149017,0.2187911719083786,>=0.15,True,True,False,True,False,False,False,True,True,0.18979641795158386,-0.056420180946588516,0.05872422456741333,0.030112825334072113,0.030112825334072113,0.0,0.18979641795158386,-0.019987016916275024,0.019987016916275024,0.005901456810534,-0.03746802359819412,0.03792981430888176,0.034868814051151276,0.0005980199784971774,0.0005980199784971774,-0.056420180946588516,0.05872422456741333,0.00030112825334072113,0.005901456810534,-0.03746802359819412,0.03792981430888176,0.034868814051151276,2-4deg,0.00-0.04,0.0,0.0,0.0,0.0
57,9,True,True,0.06907477229833603,0.06907477229833603,0.059542153030633926,0.17962095141410828,3.859999895095825,1.370956301689148,0.271660178899765,-0.15041805803775787,0.003796130418777466,0.17962095141410828,0.059542153030633926,-0.019839681684970856,-0.1564931422472,1.286116361618042,0.39610448479652405,0.17958083748817444,0.1531817466020584,>=0.15,False,True,False,True,True,False,False,False,True,0.09264945983886719,-0.055321235209703445,0.17608095705509186,0.04980338737368584,0.08055698126554489,0.6599999666213989,0.059542153030633926,-0.019839681684970856,0.019839681684970856,0.0033225452061742544,0.005677901208400726,0.006578231230378151,0.02753700502216816,0.04332029074430466,0.0037979392800480127,0.007773261051625013,0.17945268750190735,0.0008055698126554489,0.002659604651853442,0.02220599353313446,0.022365665063261986,0.023352278396487236,0-2deg,0.00-0.04,0.0,0.0,0.0,0.0
58,12,True,True,0.057701341807842255,0.057701341807842255,0.04600466787815094,0.1804719716310501,3.879999876022339,1.1625206470489502,0.24304020404815674,0.008376224897801876,0.09361205995082855,0.1804719716310501,0.04600466787815094,-0.020089654251933098,-0.08326160907745361,1.0748287439346313,0.3867487609386444,0.15429489314556122,0.15411216020584106,>=0.15,False,True,False,True,True,False,False,False,True,0.04805147647857666,-0.060262661427259445,0.20489464700222015,0.053039416670799255,0.4486081898212433,0.11999999731779099,0.04600466787815094,-0.020089654251933098,0.020089654251933098,-0.03811900317668915,0.032972533255815506,0.05039538815617561,0.05575684458017349,0.061050496995449066,0.0018269813153892756,0.08622308075428009,0.1585424542427063,0.0044860816560685635,-0.039151422679424286,0.038336653262376785,0.054788004606962204,0.05344732478260994,2-4deg,0.04-0.08,0.0,0.0,0.0,0.0
59,13,True,False,0.19681505858898163,0.08328906446695328,0.0,0.0,3.8999998569488525,1.232072353363037,0.1758192926645279,0.003488776972517371,-0.06949962675571442,0.1074383407831192,0.19369029998779297,-0.02000192552804947,0.07322987914085388,0.4059896469116211,0.20742541551589966,0.08193166553974152,0.22796058654785156,>=0.15,True,True,False,True,False,False,False,True,True,0.19369029998779297,-0.0714108943939209,0.08027129620313644,0.051102232187986374,0.051102232187986374,0.0,0.19369029998779297,-0.02000192552804947,0.02000192552804947,-0.018922941759228706,-0.016130538657307625,0.02486465871334076,0.013879429548978806,0.0003452669770922512,0.0003452669770922512,-0.0714108943939209,0.08027129620313644,0.0005110222846269608,-0.018922941759228706,-0.016130538657307625,0.02486465871334076,0.013879429548978806,0-2deg,0.00-0.04,0.0,0.0,0.0,0.0
60,18,True,True,0.045140497386455536,0.04156019538640976,0.028497252613306046,0.2003992646932602,2.859999895095825,1.5358450412750244,0.3970339298248291,0.004442252684384584,0.0062927138060331345,0.2003992646932602,0.028497252613306046,-0.019994458183646202,-0.0024302673991769552,1.269654393196106,0.4568493068218231,0.2003004550933838,0.1992395967245102,>=0.15,False,True,False,True,True,False,False,False,True,0.022833405062556267,-0.03417632356286049,0.22623655200004578,0.723948061466217,0.723948061466217,0.05999999865889549,0.028497252613306046,-0.020160499960184097,0.020160499960184097,-0.0008405711269006133,-0.003743690438568592,0.0038291984237730503,0.03045555390417576,0.0068272254429757595,0.0,0.006054357625544071,0.20030778646469116,0.0072394805029034615,-0.0007561889360658824,-0.004958001896739006,0.005015297792851925,0.030403735116124153,0-2deg,0.00-0.04,0.0,0.0,0.0,0.0
61,58,True,True,0.09759996086359024,0.09286223351955414,0.09094154834747314,0.08729734271764755,2.93999981880188,1.2789742946624756,0.2795442044734955,-0.08737601339817047,0.0004907995462417603,0.08729734271764755,0.09094154834747314,-0.01960855722427368,-0.0907127857208252,0.5860608816146851,0.27982160449028015,0.08729596436023712,0.12973251938819885,0.10-0.15,False,True,False,True,True,False,False,False,True,0.08621764928102493,0.08693509548902512,0.1402720808982849,0.6572247743606567,0.6572247743606567,0.14000000059604645,0.09094154834747314,-0.020130963996052742,0.020130963996052742,0.0752246230840683,-0.007424857933074236,0.07558967173099518,0.00810726173222065,0.004657910671085119,0.00639444449916482,-0.005781013518571854,0.08710571378469467,0.0065722474828362465,0.07536644488573074,-0.008225038647651672,0.07581271231174469,0.0065637193620204926,4-6deg,0.00-0.04,0.0,0.0,0.0,0.0
62,20,True,True,0.06787169724702835,0.05591583251953125,0.058031115680933,0.2640851140022278,4.21999979019165,1.206888198852539,0.24824069440364838,-0.024512724950909615,-0.17467589676380157,0.2640851140022278,0.058031115680933,-0.01988907717168331,0.1496346890926361,0.9025559425354004,0.35787031054496765,0.19806380569934845,0.2019418179988861,>=0.15,False,True,False,True,True,False,False,False,True,0.04211290553212166,-0.3698672354221344,0.26265230774879456,0.051465000957250595,0.13106347620487213,0.1599999964237213,0.058031115680933,-0.01999758556485176,0.01999758556485176,-0.00038767658406868577,0.018930727615952492,0.018933383747935295,0.017282919958233833,0.0340292751789093,0.002264067530632019,-0.1710873693227768,0.20117171108722687,0.00131063477601856,0.0018754330230876803,0.0196404866874218,0.01972893811762333,0.016631560400128365,0-2deg,0.00-0.04,0.0,0.0,0.0,0.0
63,17,True,False,0.29886293411254883,0.10922542959451675,0.0,0.0,4.259999752044678,1.367306113243103,0.20449382066726685,0.1751142144203186,-0.001621335744857788,0.1806633472442627,0.29725155234336853,-0.01682535745203495,0.18308325111865997,1.3358502388000488,0.3196457326412201,0.1806560605764389,0.2293134331703186,>=0.15,True,True,False,False,False,False,False,True,False,0.0,0.0,0.0,0.0,0.0,0.0,0.29725155234336853,-0.01994723081588745,0.01994723081588745,0.0,0.0,0.0,0.0,0.0,0.02405555546283722,0.00017623230814933777,0.18066324293613434,0.0,0.010207150131464005,0.0008694843272678554,0.010242318734526634,0.019547071307897568,0-2deg,0.00-0.04,0.0,0.0,0.0,0.0
64,63,True,True,0.05782204493880272,0.05782204493880272,0.046038512140512466,0.10164833813905716,2.559999942779541,1.4102529287338257,0.43472692370414734,0.0029927517753094435,-0.03626571595668793,0.10164833813905716,0.046038512140512466,-0.02000238560140133,0.039405710995197296,0.7439780235290527,0.33208781480789185,0.0949588492512703,0.09323419630527496,0.05-0.10,False,True,False,True,True,False,False,False,True,0.0476723238825798,-0.023472441360354424,0.14481686055660248,0.4655076861381531,0.4655076861381531,0.05999999865889549,0.046038512140512466,-0.020124517381191254,0.020124517381191254,-0.007365114521235228,-0.038401708006858826,0.03910159692168236,0.015341190621256828,0.002990100998431444,0.0,-0.03507034480571747,0.09540678560733795,0.004655076656490564,-0.00781957432627678,-0.03878447413444519,0.03956391289830208,0.014375550672411919,2-4deg,0.00-0.04,0.0,0.0,0.0,0.0
65,26,True,True,0.09381873160600662,0.09381873160600662,0.08703901618719101,0.12383868545293808,2.0199999809265137,1.2230277061462402,0.49124976992607117,0.0193899217993021,-0.09826754033565521,0.12383868545293808,0.08703901618719101,-0.02000017836689949,0.12029384821653366,1.123448371887207,0.3865312337875366,0.07536253333091736,0.08192721754312515,0.05-0.10,False,True,False,True,True,False,False,False,True,0.09114447236061096,-0.2180275171995163,0.17004446685314178,0.4816768765449524,0.4816768765449524,0.07999999821186066,0.08703901618719101,-0.020160263404250145,0.020160263404250145,0.013570515438914299,0.05320257321000099,0.05490434542298317,0.028438936918973923,0.007151294033974409,0.0006905339541845024,-0.10088902711868286,0.07181521505117416,0.004816768690943718,0.011870598420500755,0.053463295102119446,0.05476405471563339,0.02888219803571701,2-4deg,0.00-0.04,0.0,0.0,0.0,0.0
66,50,True,True,0.06998123973608017,0.06998123973608017,0.060620035976171494,0.15930351614952087,2.0999999046325684,1.1871628761291504,0.2261294275522232,0.010612454265356064,-0.07842086255550385,0.15930351614952087,0.060620035976171494,-0.020006805658340454,0.09015955030918121,1.0935224294662476,0.5039486885070801,0.13866426050662994,0.14791376888751984,0.10-0.15,False,True,False,True,True,False,False,False,True,0.0644100159406662,-0.09178975969552994,0.04195193573832512,0.34079495072364807,0.34079495072364807,0.05999999865889549,0.060620035976171494,-0.020006805658340454,0.020006805658340454,0.05210261791944504,0.008166675455868244,0.05273822695016861,0.02997475676238537,0.001035800902172923,0.00048828125,-0.08185476809740067,0.13666531443595886,0.003407949348911643,0.053254660218954086,0.007990612648427486,0.0538504496216774,0.028291331604123116,2-4deg,0.00-0.04,0.0,0.0,0.0,0.0
67,31,True,True,0.10211729258298874,0.10211729258298874,0.09594348818063736,0.06476161628961563,3.3399999141693115,1.4156218767166138,0.2809127867221832,0.0023614978417754173,-0.06280721724033356,0.06476161628961563,0.09594348818063736,-0.020012423396110535,0.06559068709611893,1.257352352142334,0.4462490975856781,0.015789883211255074,0.02140575274825096,0.00-0.05,False,True,False,True,True,False,False,False,True,0.09637443721294403,-0.21643413603305817,0.1645824909210205,0.05352305248379707,0.22705678641796112,0.09999999403953552,0.09594348818063736,-0.020012423396110535,0.020012423396110535,-0.011349108070135117,-0.044170502573251724,0.04560403898358345,0.006215783301740885,0.0745101347565651,0.0005980199784971774,-0.06268810480833054,0.016256334260106087,0.0022705679293721914,-0.01083838939666748,-0.0441037081182003,0.04541537165641785,0.006691107992082834,2-4deg,0.00-0.04,0.0,0.0,0.0,0.0
68,16,True,True,0.03691121190786362,0.03691121190786362,0.010632052086293697,0.12303246557712555,2.440000057220459,1.439084529876709,0.36474987864494324,-0.05282388627529144,-0.005387190729379654,0.12303246557712555,0.010632052086293697,-0.01968063786625862,-0.04475925490260124,1.0560050010681152,0.3922841250896454,0.12291446328163147,0.14473220705986023,0.10-0.15,False,True,False,True,True,False,False,False,True,0.01670326292514801,-0.19313785433769226,0.11552378535270691,0.17562177777290344,0.3640945553779602,0.11999999731779099,0.010632052086293697,-0.020009880885481834,0.020009880885481834,0.0711611807346344,-0.07508374005556107,0.10340206325054169,0.02390122413635254,0.08090891689062119,0.004593482706695795,0.005997036583721638,0.12288622558116913,0.0036409455351531506,0.06901565939188004,-0.07635258883237839,0.10287697613239288,0.02625085599720478,4-6deg,0.00-0.04,0.0,0.0,0.0,0.0
69,36,True,False,0.135515496134758,0.13368114829063416,0.0,0.0,4.440000057220459,1.4103460311889648,0.2351939082145691,-0.10597243905067444,-0.10647213459014893,0.2493486851453781,0.13090801239013672,-0.018515734001994133,0.0001392040867358446,1.244507908821106,0.536165177822113,0.22547383606433868,0.19729365408420563,>=0.15,True,True,False,True,False,False,False,True,True,0.13090801239013672,-0.1144474595785141,0.22153227031230927,0.024384522810578346,0.024384522810578346,0.0,0.13090801239013672,-0.018515734001994133,0.018515734001994133,0.00013929906708654016,0.04642370343208313,0.04642428457736969,0.004848731681704521,0.029456203803420067,0.029456203803420067,-0.1144474595785141,0.22153227031230927,0.00024384522112086415,0.00013929906708654016,0.04642370343208313,0.04642428457736969,0.004848731681704521,2-4deg,0.00-0.04,0.0,0.0,0.0,0.0
70,40,False,False,1.2163423299789429,1.0624083280563354,0.0,0.0,0.9199999570846558,4.128697395324707,1.1093337535858154,-3.5838844776153564,-3.390961170196533,3.766336441040039,1.213343858718872,-0.020230580121278763,0.0010879389010369778,3.751723527908325,2.1708011627197266,1.6391068696975708,0.25642216205596924,>=0.15,True,True,False,False,False,False,False,True,False,0.0,0.0,0.0,0.0,0.0,0.0,1.213343858718872,-0.020230580121278763,0.020230580121278763,0.0,0.0,0.0,0.0,0.0,0.4838438034057617,-3.3790018558502197,1.6636210680007935,0.0,-0.008825678378343582,0.0023089442402124405,0.009121878072619438,0.06539715826511383,0-2deg,0.00-0.04,0.0,0.0,0.0,0.0
71,44,True,True,0.07600730657577515,0.07600730657577515,0.06737421452999115,0.2105323225259781,1.899999976158142,1.437198281288147,0.4542907178401947,-0.021501295268535614,-0.16747871041297913,0.2105323225259781,0.06737421452999115,-0.019860582426190376,0.14537639915943146,0.7028534412384033,0.31566473841667175,0.12757250666618347,0.1306557059288025,0.10-0.15,False,True,False,True,True,False,False,False,True,0.07036785036325455,-0.15679827332496643,0.1618630737066269,0.4165867865085602,0.4165867865085602,0.05999999865889549,0.06737421452999115,-0.020109055563807487,0.020109055563807487,0.0080966642126441,-0.0009234715835191309,0.0081486152485013,0.06361979246139526,0.00248975632712245,0.002868003910407424,-0.16816161572933197,0.1266709566116333,0.004165867809206247,0.007136874832212925,-0.0032804927323013544,0.007858163677155972,0.06361836194992065,0-2deg,0.04-0.08,0.0,0.0,0.0,0.0
72,11,True,True,0.08937439322471619,0.08931107819080353,0.08223362267017365,0.07115736603736877,2.6599998474121094,1.472184181213379,0.3288264870643616,0.004185904748737812,0.009034506045281887,0.07115736603736877,0.08223362267017365,-0.019999977201223373,-0.004030856769531965,0.5293993949890137,0.2419196367263794,0.07058150321245193,0.06776627153158188,0.05-0.10,False,True,False,True,True,False,False,False,True,0.08106251806020737,-0.16882874071598053,0.09807217866182327,0.05438658222556114,0.1448892205953598,0.09999999403953552,0.08223362267017365,-0.020007900893688202,0.020007900893688202,0.05940686911344528,0.010989471338689327,0.06041315197944641,0.01117050088942051,0.046254437416791916,0.0003452669770922512,0.010061043314635754,0.07044249773025513,0.001448892173357308,0.05844226852059364,0.011030824854969978,0.05947292223572731,0.012965936213731766,2-4deg,0.00-0.04,0.0,0.0,0.0,0.0
73,41,True,True,0.0606965534389019,0.0606965534389019,0.04958700016140938,0.2973538041114807,1.959999918937683,1.4682694673538208,0.4053208529949188,-0.03148321434855461,-0.24866178631782532,0.2973538041114807,0.04958700016140938,-0.02001282386481762,0.2181410938501358,0.5137958526611328,0.3039925694465637,0.163053959608078,0.1678439974784851,>=0.15,False,True,False,True,True,False,False,False,True,0.0557832345366478,-0.16404809057712555,0.1241169199347496,0.041065867990255356,0.09919872134923935,0.05999999865889549,0.04958700016140938,-0.02001282386481762,0.02001282386481762,-0.0004047355323564261,-0.05873822793364525,0.05873936414718628,0.04188777878880501,0.013706814497709274,0.0005980199784971774,-0.2509499490261078,0.15950989723205566,0.0009919871808961034,0.0012706585694104433,-0.05872076749801636,0.058734286576509476,0.04190118983387947,2-4deg,0.04-0.08,0.0,0.0,0.0,0.0
74,28,True,True,0.04496737942099571,0.04496737942099571,0.0282579455524683,0.2516290247440338,2.0199999809265137,1.2261289358139038,0.39734071493148804,-0.00530397379770875,-0.15444591641426086,0.2516290247440338,0.0282579455524683,-0.020017430186271667,0.1494312584400177,0.8490396738052368,0.41734766960144043,0.19865454733371735,0.2026878446340561,>=0.15,False,True,False,True,True,False,False,False,True,0.03560653701424599,-0.1354791224002838,0.18585796654224396,0.1969424933195114,0.2980618476867676,0.05999999865889549,0.0282579455524683,-0.020028186962008476,0.020028186962008476,0.010796114802360535,-0.017736386507749557,0.020762376487255096,0.025983504951000214,0.010852646082639694,0.001423572306521237,-0.15839999914169312,0.19551628828048706,0.002980618504807353,0.01164582371711731,-0.017140915617346764,0.020722143352031708,0.025893356651067734,0-2deg,0.00-0.04,0.0,0.0,0.0,0.0
75,47,True,False,0.14502687752246857,0.14502687752246857,0.0,0.0,1.959999918937683,1.608558177947998,0.3390406668186188,-0.129663348197937,-0.06690426170825958,0.15697674453258514,0.14101625978946686,-0.016392968595027924,-0.06934600323438644,0.8073285818099976,0.37473946809768677,0.14200535416603088,0.06818410009145737,0.05-0.10,True,True,False,True,False,False,False,True,True,0.14101625978946686,-0.06761245429515839,0.14166952669620514,0.054706454277038574,0.054706454277038574,0.0,0.14101625978946686,-0.016392968595027924,0.016392968595027924,0.005374190863221884,0.0004062861262355,0.005393248982727528,0.007608888205140829,0.07124139368534088,0.07124139368534088,-0.06761245429515839,0.14166952669620514,0.0005470645264722407,0.005374190863221884,0.0004062861262355,0.005393248982727528,0.007608888205140829,0-2deg,0.00-0.04,0.0,0.0,0.0,0.0
76,23,True,True,0.10553479194641113,0.09754780679941177,0.09956107288599014,0.21877996623516083,2.440000057220459,1.5179177522659302,0.33607929944992065,0.010142683982849121,-0.11121092736721039,0.21877996623516083,0.09956107288599014,-0.020001456141471863,0.12087976187467575,1.3203871250152588,0.4455190598964691,0.18840596079826355,0.19559285044670105,>=0.15,False,True,False,True,True,False,False,False,True,0.09110569953918457,-0.31220000982284546,0.10063695907592773,0.07781292498111725,0.28326746821403503,0.07999999821186066,0.09956107288599014,-0.02000691182911396,0.02000691182911396,0.0570659264922142,0.07747530192136765,0.09618944674730301,0.009801581501960754,0.005725612863898277,0.0009134905994869769,-0.09273625910282135,0.19815313816070557,0.002832674654200673,0.05649644136428833,0.07712996751070023,0.09557493776082993,0.01246657408773899,4-6deg,0.00-0.04,0.0,0.0,0.0,0.0
77,52,True,False,0.13417504727840424,0.1251506805419922,0.0,0.0,2.259999990463257,1.4263992309570312,0.3810884952545166,-0.18754197657108307,-0.2901725172996521,0.2968895733356476,0.12947124242782593,-0.01985606551170349,0.09584169834852219,1.2700347900390625,0.4807598292827606,0.06279589980840683,0.15487928688526154,>=0.15,True,True,False,True,False,False,False,True,True,0.12947124242782593,-0.2928435802459717,0.048847198486328125,0.09593242406845093,0.09593242406845093,0.0,0.12947124242782593,-0.01985606551170349,0.01985606551170349,0.055891796946525574,-0.028744274750351906,0.06284324079751968,0.03326105698943138,0.0032754915300756693,0.0032754915300756693,-0.2928435802459717,0.048847198486328125,0.0009593242430128157,0.055891796946525574,-0.028744274750351906,0.06284324079751968,0.03326105698943138,2-4deg,0.00-0.04,0.0,0.0,0.0,0.0
78,61,True,True,0.0766497328877449,0.0766497328877449,0.06807203590869904,0.22173133492469788,1.1999999284744263,0.9320685267448425,0.49524447321891785,-0.016182396560907364,-0.17071467638015747,0.22173133492469788,0.06807203590869904,-0.019825445488095284,0.15352250635623932,0.4862150251865387,0.3021552860736847,0.14149658381938934,0.14698922634124756,0.10-0.15,False,True,False,True,True,False,False,False,True,0.07075919210910797,-0.08964738994836807,0.10076607763767242,0.036979738622903824,0.13572531938552856,0.05999999865889549,0.06807203590869904,-0.019825445488095284,0.019825445488095284,-0.08021453022956848,-0.014742450788617134,0.0815553367137909,0.03031838871538639,0.014130777679383755,0.0035881216172128916,-0.16488692164421082,0.14824672043323517,0.0013572531752288342,-0.08059382438659668,-0.015880867838859558,0.08214003592729568,0.029682157561182976,4-6deg,0.00-0.04,0.0,0.0,0.0,0.0
79,5,True,True,0.07587479799985886,0.06992173939943314,0.06729301810264587,0.2846677899360657,1.9399999380111694,1.172560691833496,0.40327560901641846,-0.02375338412821293,-0.1843176633119583,0.2846677899360657,0.06729301810264587,-0.019823741167783737,0.15973523259162903,0.7134518623352051,0.3292255699634552,0.2169395238161087,0.2203972190618515,>=0.15,False,True,False,True,True,False,False,False,True,0.06285671889781952,-0.1642824411392212,0.19947203993797302,0.2316698133945465,0.2614522874355316,0.05999999865889549,0.06729301810264587,-0.02001948095858097,0.02001948095858097,0.027190830558538437,0.005862681195139885,0.027815788984298706,0.04578205943107605,0.002210787730291486,0.0035714711993932724,-0.18872122466564178,0.21311980485916138,0.0026145228184759617,0.02899008058011532,0.005626650061458349,0.02953098900616169,0.04494236782193184,0-2deg,0.04-0.08,0.0,0.0,0.0,0.0
80,9,False,False,0.8977226614952087,0.8519486784934998,0.0,0.0,1.1200000047683716,3.518946647644043,0.9464596509933472,-3.7086658477783203,-3.644157648086548,4.512574672698975,0.9280441999435425,-0.054240234196186066,0.013099824078381062,2.2900185585021973,1.3800699710845947,2.6614739894866943,0.22953389585018158,>=0.15,True,True,False,False,False,False,False,True,False,0.0,0.0,0.0,0.0,0.0,0.0,0.9280441999435425,-0.054240234196186066,0.054240234196186066,0.0,0.0,0.0,0.0,0.0,1.5831068754196167,-3.8154215812683105,2.409541130065918,0.0,-0.06415330618619919,0.02248341403901577,0.06797369569540024,0.013005193322896957,0-2deg,0.00-0.04,0.0,0.0,0.0,0.0
81,53,True,True,0.07643008232116699,0.07643008232116699,0.06793645024299622,0.10288591682910919,2.5399999618530273,1.4637048244476318,0.2993626892566681,0.003975063096731901,-0.001069065649062395,0.10288591682910919,0.06793645024299622,-0.019991308450698853,0.003895171917974949,0.5414546132087708,0.2764661908149719,0.10288036614656448,0.10098441690206528,0.10-0.15,False,True,False,True,True,False,False,False,True,0.07157167792320251,-0.16730736196041107,0.2385399490594864,0.07878676801919937,0.6030677556991577,0.07999999821186066,0.06793645024299622,-0.019991308450698853,0.019991308450698853,0.011437805369496346,-0.00561012327671051,0.012737583369016647,0.018939636647701263,0.02919805236160755,0.0,-0.0022740093991160393,0.10286077857017517,0.006030677352100611,0.011084438301622868,-0.004521861672401428,0.01197043340653181,0.019200719892978668,0-2deg,0.00-0.04,0.0,0.0,0.0,0.0
82,0,True,True,0.03770572319626808,0.03552599251270294,0.01404799148440361,0.2008582204580307,3.419999837875366,1.248076319694519,0.3236611485481262,0.005070519167929888,0.05880442634224892,0.2008582204580307,0.01404799148440361,-0.020034238696098328,-0.05332868918776512,1.0688345432281494,0.34368687868118286,0.19205744564533234,0.1915588676929474,>=0.15,False,True,False,True,True,False,False,False,True,0.02222343534231186,-0.12703250348567963,0.0428386852145195,0.12056490778923035,0.5936623811721802,0.23999999463558197,0.01404799148440361,-0.02012505941092968,0.02012505941092968,-0.04407942295074463,0.05831971764564514,0.07308898866176605,0.0028703860007226467,0.06710375100374222,0.002013235352933407,0.07226830720901489,0.18740680813789368,0.005936623550951481,-0.04334443435072899,0.057275887578725815,0.07181353121995926,0.008725816383957863,4-6deg,0.00-0.04,0.0,0.0006905339541845024,0.0,0.0
83,18,False,False,1.119836449623108,1.0276849269866943,0.0,0.0,0.9399999976158142,4.007268905639648,1.2098194360733032,-3.499910354614258,-3.127263069152832,3.3755462169647217,1.1215347051620483,-0.051450662314891815,0.13424329459667206,3.0105631351470947,1.6581532955169678,1.2706444263458252,0.22001449763774872,>=0.15,True,True,False,False,False,False,False,True,False,0.0,0.0,0.0,0.0,0.0,0.0,1.1215347051620483,-0.051450662314891815,0.051450662314891815,0.0,0.0,0.0,0.0,0.0,1.1179759502410889,-3.127732992172241,1.2694871425628662,0.0,-0.003376738401129842,-0.002051702467724681,0.003951764199882746,0.003401785856112838,0-2deg,0.00-0.04,0.0,0.0,0.0,0.0
84,51,True,True,0.09776274859905243,0.09776274859905243,0.09126707911491394,0.17755649983882904,3.5799999237060547,1.3285588026046753,0.2509682774543762,0.0034142446238547564,0.021114027127623558,0.17755649983882904,0.09126707911491394,-0.019987797364592552,-0.0218336284160614,0.7596456408500671,0.3010229468345642,0.1762966513633728,0.17756038904190063,>=0.15,False,True,False,True,True,False,False,False,True,0.0953708216547966,-0.16363532841205597,0.20854295790195465,0.05830971151590347,0.11292329430580139,0.09999999403953552,0.09126707911491394,-0.020040065050125122,0.020040065050125122,0.052450839430093765,0.02926516719162464,0.06005670130252838,0.06045657768845558,0.07997877150774002,0.00048828125,0.011348506435751915,0.17719346284866333,0.0011292329290881753,0.05099357292056084,0.024583090096712112,0.0566050224006176,0.06210308521986008,2-4deg,0.04-0.08,0.0,0.0,0.0,0.0
85,62,True,True,0.0799008160829544,0.0799008160829544,0.07194849848747253,0.13383176922798157,2.5,1.1896634101867676,0.2972090542316437,-0.018562734127044678,0.09214091300964355,0.13383176922798157,0.07194849848747253,-0.020112046971917152,-0.10571232438087463,0.5267189741134644,0.23198211193084717,0.09706181287765503,0.11796879768371582,0.10-0.15,False,True,False,True,True,False,False,False,True,0.07045639306306839,-0.08287683874368668,0.025583913549780846,0.10374928265810013,0.4372892677783966,0.07999999821186066,0.07194849848747253,-0.020112046971917152,0.020112046971917152,-0.05137208104133606,0.016749845817685127,0.05403175204992294,0.05492284521460533,0.04104029759764671,0.002537184627726674,0.09489723294973373,0.09436874091625214,0.004372892435640097,-0.04842877388000488,0.015157683752477169,0.05074324458837509,0.056606099009513855,2-4deg,0.04-0.08,0.0,0.0006905339541845024,0.0,0.0
86,24,True,True,0.06451795995235443,0.06133628264069557,0.05419313162565231,0.16322554647922516,2.7799999713897705,1.4184337854385376,0.3407754898071289,-0.062041956931352615,0.003230370581150055,0.16322554647922516,0.05419313162565231,-0.019839370623230934,-0.06210865452885628,0.6405133008956909,0.2862336039543152,0.16319358348846436,0.1945352703332901,>=0.15,False,True,False,True,True,False,False,False,True,0.05009425804018974,-0.11200732737779617,0.11532116681337357,0.17694400250911713,0.17694400250911713,0.09999999403953552,0.05419313162565231,-0.019839370623230934,0.019839370623230934,-0.043463803827762604,0.00999660324305296,0.04459797218441963,0.03346901386976242,0.0390436127781868,0.0029092722106724977,0.007776129990816116,0.16304023563861847,0.0017694400157779455,-0.04601426050066948,0.010668326169252396,0.04723408818244934,0.03245703503489494,2-4deg,0.00-0.04,0.0,0.0,0.0,0.0
87,33,True,True,0.05779597535729408,0.05779597535729408,0.0460323765873909,0.20240378379821777,2.1399998664855957,1.3406095504760742,0.290846049785614,-0.004639027640223503,-0.16287948191165924,0.20240378379821777,0.0460323765873909,-0.020029418170452118,0.15874513983726501,1.1390148401260376,0.4974823594093323,0.1201564222574234,0.12785543501377106,0.10-0.15,False,True,False,True,True,False,False,False,True,0.05439354479312897,-0.36481380462646484,0.12751388549804688,0.1408321112394333,0.3390820324420929,0.07999999821186066,0.0460323765873909,-0.020029418170452118,0.020029418170452118,0.01834217458963394,0.025096412748098373,0.03108295239508152,0.02430492825806141,0.06942376494407654,0.0014648438664153218,-0.16664941608905792,0.11487063020467758,0.0033908202312886715,0.018165424466133118,0.026527514681220055,0.03215017169713974,0.023757288232445717,0-2deg,0.00-0.04,0.0,0.0,0.0,0.0
88,43,True,True,0.08480247855186462,0.08453737199306488,0.0772303119301796,0.10368320345878601,2.1599998474121094,1.5028471946716309,0.35773584246635437,0.006969741079956293,-0.09061982482671738,0.10368320345878601,0.0772303119301796,-0.020012294873595238,0.09685227274894714,0.7552038431167603,0.38065147399902344,0.05038108676671982,0.05263753607869148,0.05-0.10,False,True,False,True,True,False,False,False,True,0.07825521379709244,-0.404479056596756,0.05948399007320404,0.12220122665166855,0.6406376957893372,0.09999999403953552,0.0772303119301796,-0.020280541852116585,0.020280541852116585,-0.06341304630041122,-0.007780435029417276,0.0638880506157875,0.017471179366111755,0.1037307009100914,0.001035800902172923,-0.09339819103479385,0.04502204805612564,0.006406376603990793,-0.06454913318157196,-0.007033610250800848,0.06493078172206879,0.01653117500245571,2-4deg,0.00-0.04,0.0,0.0,0.0,0.0
89,6,True,True,0.03806624561548233,0.03695201501250267,0.014956937171518803,0.2694312334060669,2.799999952316284,1.4996023178100586,0.3735617995262146,0.007158458698540926,0.028488105162978172,0.2694312334060669,0.014956937171518803,-0.019993945956230164,-0.021613776683807373,0.7681394219398499,0.3344537615776062,0.26792094111442566,0.2635711133480072,>=0.15,False,True,False,True,True,False,False,False,True,0.013592125847935677,-0.17583389580249786,0.15113602578639984,0.10783261805772781,0.3442789912223816,0.09999999403953552,0.014956937171518803,-0.019993945956230164,0.019993945956230164,0.014873766340315342,-0.027024755254387856,0.03084614872932434,0.04264006018638611,0.00172633514739573,0.0,0.01956457830965519,0.26872000098228455,0.0034427898935973644,0.01648392714560032,-0.0299475509673357,0.03418309614062309,0.04075359180569649,0-2deg,0.04-0.08,0.0,0.0,0.0,0.0
90,40,False,False,0.3459407687187195,0.3459407687187195,0.0,0.0,0.8999999761581421,3.2905824184417725,0.8637082576751709,-3.03997802734375,-3.054192304611206,3.373166084289551,0.3407551050186157,-0.007076116278767586,-0.00815520528703928,2.1504945755004883,1.2625973224639893,1.431837797164917,0.18649470806121826,>=0.15,True,True,False,False,False,False,False,True,False,0.0,0.0,0.0,0.0,0.0,0.0,0.3407551050186157,-0.007076116278767586,0.007076116278767586,0.0,0.0,0.0,0.0,0.0,0.23352743685245514,-3.0168418884277344,1.5089445114135742,0.0,0.013705982826650143,-0.02243955247104168,0.02629324048757553,0.04345595836639404,0-2deg,0.00-0.04,0.0,0.0,0.0,0.0
91,55,True,False,0.12851236760616302,0.12791992723941803,0.0,0.0,2.8399999141693115,1.4941822290420532,0.3106769025325775,0.025223297998309135,-0.03829289227724075,0.10190243273973465,0.12348505109548569,-0.019471226260066032,0.060755930840969086,0.9979711771011353,0.3564436435699463,0.09443388879299164,0.09798917919397354,0.05-0.10,True,True,False,True,False,False,False,True,True,0.12348505109548569,-0.03657424449920654,0.09511271864175797,0.04000189155340195,0.04000189155340195,0.0,0.12348505109548569,-0.01959054172039032,0.01959054172039032,0.0039296830072999,-0.025904366746544838,0.026200121268630028,0.02178116887807846,0.01168825849890709,0.01168825849890709,-0.03657424449920654,0.09511271864175797,0.00040001890738494694,0.0039296830072999,-0.025904366746544838,0.026200121268630028,0.02178116887807846,0-2deg,0.00-0.04,0.0,0.0,0.0,0.0
92,37,True,True,0.08743439614772797,0.08743439614772797,0.08018326759338379,0.1361927092075348,2.700000047683716,1.2401864528656006,0.2563077509403229,-0.003467878792434931,0.0075088790617883205,0.1361927092075348,0.08018326759338379,-0.020028257742524147,-0.006217950955033302,0.4596850574016571,0.27143844962120056,0.13598555326461792,0.12481702119112015,0.10-0.15,False,True,False,True,True,False,False,False,True,0.08065274357795715,-0.1540181189775467,0.043720543384552,0.06785590201616287,0.1945382058620453,0.07999999821186066,0.08018326759338379,-0.020028257742524147,0.020028257742524147,0.02259272336959839,0.019121775403618813,0.029597530141472816,0.05361241474747658,0.005839002784341574,0.0013810680247843266,0.00820570345968008,0.13594527542591095,0.001945381984114647,0.02055351436138153,0.016595451161265373,0.02641538344323635,0.054590724408626556,0-2deg,0.04-0.08,0.0,0.0,0.0,0.0
93,54,True,True,0.11447763442993164,0.10402823239564896,0.10891146957874298,0.1625005304813385,3.0199999809265137,1.1736621856689453,0.2425956428050995,-0.020250199362635612,-0.0925757884979248,0.1625005304813385,0.10891146957874298,-0.019876854494214058,0.07406498491764069,0.8340415358543396,0.28965339064598083,0.13355204463005066,0.2248949110507965,>=0.15,False,True,False,True,True,False,False,False,True,0.10499769449234009,-0.13930025696754456,0.24174997210502625,0.027564559131860733,0.13241463899612427,0.05999999865889549,0.10891146957874298,-0.019917506724596024,0.019917506724596024,-0.000932971655856818,0.061192866414785385,0.06119978427886963,0.014705154113471508,0.0018593198619782925,0.0017605233006179333,-0.09760481119155884,0.12992198765277863,0.0013241464039310813,-0.0010030122939497232,0.06059437245130539,0.060602396726608276,0.015422525815665722,2-4deg,0.00-0.04,0.0,0.0,0.0,0.0
94,58,True,True,0.03673287108540535,0.03673287108540535,0.011220624670386314,0.12305650115013123,1.3799999952316284,1.4992088079452515,0.6548786759376526,0.011117455549538136,-0.08768852055072784,0.12305650115013123,0.011220624670386314,-0.020016813650727272,0.09904231131076813,0.7525385022163391,0.24481673538684845,0.08633438497781754,0.07714182883501053,0.05-0.10,False,True,False,True,True,False,False,False,True,0.0150984525680542,-0.35524997115135193,0.15575847029685974,0.16234159469604492,0.34149467945098877,0.07999999821186066,0.011220624670386314,-0.020016813650727272,0.020016813650727272,0.053381145000457764,0.0036297764163464308,0.05350382626056671,0.0642675831913948,0.0037186413537710905,0.0006905339541845024,-0.09221301972866058,0.0814841240644455,0.0034149466082453728,0.05715104937553406,0.003606083570048213,0.057264916598796844,0.061365239322185516,2-4deg,0.04-0.08,0.0,0.0,0.0,0.0
95,57,True,True,0.10537882149219513,0.09418539702892303,0.09936577081680298,0.23048526048660278,2.819999933242798,1.3556286096572876,0.2981163263320923,-0.028065849095582962,-0.14617295563220978,0.23048526048660278,0.09936577081680298,-0.01991443708539009,0.11870333552360535,1.1061750650405884,0.38579633831977844,0.1782047301530838,0.17148087918758392,>=0.15,False,True,False,True,True,False,False,False,True,0.09137644618749619,-0.38668394088745117,0.236369326710701,0.0998314619064331,0.3925120234489441,0.07999999821186066,0.09936577081680298,-0.020001597702503204,0.020001597702503204,-0.0549042783677578,-0.009120725095272064,0.055656250566244125,0.009385138750076294,0.061855070292949677,0.0017605233006179333,-0.15318827331066132,0.17221152782440186,0.0039251199923455715,-0.05522341653704643,-0.009535771794617176,0.05603959783911705,0.008104846812784672,2-4deg,0.00-0.04,0.0,0.0,0.0,0.0
96,4,True,False,0.16926418244838715,0.15433675050735474,0.0,0.0,5.699999809265137,1.464903712272644,0.23010320961475372,-0.01942049153149128,-0.10238894075155258,0.12758904695510864,0.16561764478683472,-0.020005077123641968,0.07850245386362076,1.3183711767196655,0.3929694890975952,0.07612796872854233,0.19528426229953766,>=0.15,True,True,False,True,False,False,False,True,True,0.16561764478683472,-0.10280007869005203,0.07557187229394913,0.13422739505767822,0.13422739505767822,0.0,0.16561764478683472,-0.020005077123641968,0.020005077123641968,0.013815759681165218,0.006184836849570274,0.015136863104999065,0.026493744924664497,0.0003452669770922512,0.0003452669770922512,-0.10280007869005203,0.07557187229394913,0.0013422738993540406,0.013815759681165218,0.006184836849570274,0.015136863104999065,0.026493744924664497,0-2deg,0.00-0.04,0.0,0.0,0.0,0.0
97,32,True,True,0.11348051577806473,0.08581606298685074,0.1077895313501358,0.09998223930597305,3.1999998092651367,1.340502142906189,0.2783428132534027,-0.07394497096538544,0.004135683178901672,0.09998223930597305,0.1077895313501358,-0.019750630483031273,-0.0743694007396698,1.0400733947753906,0.3078179955482483,0.09989666938781738,0.11581077426671982,0.10-0.15,False,True,False,True,True,False,False,False,True,0.09542962908744812,-0.024645183235406876,0.1790960133075714,0.13592638075351715,0.22951474785804749,0.25999999046325684,0.1077895313501358,-0.02004023641347885,0.02004023641347885,0.039591915905475616,-0.05556062236428261,0.06821197271347046,0.0549791157245636,0.002100177574902773,0.005236239172518253,-0.0012755440548062325,0.09997410327196121,0.002295147394761443,0.030823538079857826,-0.04482553154230118,0.05439474806189537,0.06033408269286156,2-4deg,0.04-0.08,0.0,0.0006905339541845024,0.0,0.0
98,31,True,True,0.044975221157073975,0.04232406988739967,0.028253404423594475,0.15350501239299774,1.4399999380111694,1.6845219135284424,0.6546406149864197,-0.00019760367285925895,-0.10243803262710571,0.15350501239299774,0.028253404423594475,-0.020019734278321266,0.10409660637378693,0.746999204158783,0.2754416763782501,0.1143251582980156,0.1117090955376625,0.10-0.15,False,True,False,True,True,False,False,False,True,0.024545662105083466,-0.11380141973495483,0.10342603921890259,0.10329156368970871,0.2240653932094574,0.05999999865889549,0.028253404423594475,-0.020019734278321266,0.020019734278321266,-0.02128230407834053,-0.05446040630340576,0.058467645198106766,0.06996741890907288,0.00048828125,0.0006905339541845024,-0.09669509530067444,0.11922185868024826,0.0022406538482755423,-0.023835858330130577,-0.055570416152477264,0.06046150624752045,0.06924173980951309,2-4deg,0.04-0.08,0.0,0.0,0.0,0.0
99,39,True,True,0.0958474799990654,0.0958474799990654,0.089236319065094,0.11601995676755905,5.779999732971191,1.5697755813598633,0.18876497447490692,-0.01589406654238701,-0.09387972950935364,0.11601995676755905,0.089236319065094,-0.019995834678411484,0.07431502640247345,0.9069409370422363,0.30456575751304626,0.06817056238651276,0.19883941113948822,>=0.15,False,True,False,True,True,False,False,False,True,0.10987280309200287,-0.09313758462667465,0.09763216227293015,0.7265940308570862,0.7265940308570862,3.4600000381469727,0.089236319065094,-0.020007440820336342,0.020007440820336342,-0.018452217802405357,0.0031047118827700615,0.01871170476078987,0.05732285603880882,0.00248975632712245,0.0005980199784971774,-0.09720070660114288,0.06334550678730011,0.007265940308570862,0.018380945548415184,-0.04706165939569473,0.050521839410066605,0.05053088814020157,0-2deg,0.04-0.08,0.0,0.0,0.0,0.0
100,7,True,True,0.06577258557081223,0.03523746877908707,0.05562026426196098,0.17274875938892365,5.799999713897705,1.292798638343811,0.21719524264335632,0.021739613264799118,0.10494953393936157,0.17274875938892365,0.05562026426196098,-0.020049791783094406,-0.0828372985124588,1.0791022777557373,0.4035029411315918,0.13721416890621185,0.14366751909255981,0.10-0.15,False,True,False,True,True,False,False,False,True,0.07503772526979446,-0.04757313430309296,0.12726949155330658,0.06290046125650406,0.7651357650756836,1.0199999809265137,0.05562026426196098,-0.020101211965084076,0.020101211965084076,0.01753857173025608,0.0466095395386219,0.04979786276817322,0.04598527029156685,0.043725792318582535,0.003257243661209941,0.11125209182500839,0.1321556121110916,0.0076513574458658695,0.04486851766705513,0.013773484155535698,0.04693395271897316,0.03991761803627014,2-4deg,0.04-0.08,0.0,0.0,0.0,0.0
101,10,True,True,0.07769826799631119,0.07749622315168381,0.06929624080657959,0.27495720982551575,2.0,1.176946759223938,0.31000983715057373,-0.0269850455224514,-0.19731935858726501,0.27495720982551575,0.06929624080657959,-0.01985013298690319,0.16956563293933868,0.5796483159065247,0.29176515340805054,0.19148509204387665,0.19874073565006256,>=0.15,False,True,False,True,True,False,False,False,True,0.06923620402812958,-0.1222991868853569,0.18433310091495514,0.10981491208076477,0.28248897194862366,0.05999999865889549,0.06929624080657959,-0.020028026774525642,0.020028026774525642,0.0038376138545572758,-0.004193481057882309,0.00568381929770112,0.030408311635255814,0.009010110050439835,0.0029296886641532183,-0.19811148941516876,0.19066545367240906,0.0028248897287994623,0.0026293646078556776,-0.004046003334224224,0.004821395967155695,0.03045019693672657,0-2deg,0.00-0.04,0.0,0.0,0.0,0.0
102,46,True,True,0.10489501059055328,0.10225667804479599,0.09891758859157562,0.19451777637004852,3.1999998092651367,1.3269816637039185,0.2972511947154999,-0.007358241826295853,-0.10325154662132263,0.19451777637004852,0.09891758859157562,-0.020018329843878746,0.0955190360546112,0.9390421509742737,0.40529823303222656,0.1648523211479187,0.16186180710792542,>=0.15,False,True,False,True,True,False,False,False,True,0.09574884921312332,-0.21871304512023926,0.11028105020523071,0.04300827905535698,0.1750282198190689,0.07999999821186066,0.09891758859157562,-0.020019615069031715,0.020019615069031715,0.021854767575860023,0.036987800151109695,0.04295956715941429,0.008552800863981247,0.006262585986405611,0.0007720404537394643,-0.11010029166936874,0.16035926342010498,0.001750282128341496,0.022112442180514336,0.037388816475868225,0.043435752391815186,0.0073341429233551025,2-4deg,0.00-0.04,0.0,0.0,0.0,0.0
103,30,True,True,0.07097968459129333,0.07097968459129333,0.061754804104566574,0.1260501742362976,2.440000057220459,1.288332223892212,0.2687681317329407,-0.015316844917833805,-0.039195410907268524,0.1260501742362976,0.061754804104566574,-0.020001931115984917,0.021832380443811417,0.5554117560386658,0.30853378772735596,0.1198013573884964,0.1881292462348938,>=0.15,False,True,False,True,True,False,False,False,True,0.06960276514291763,-0.20592068135738373,0.13005539774894714,0.055890168994665146,0.16063067317008972,0.09999999403953552,0.061754804104566574,-0.02000570483505726,0.02000570483505726,-0.03665417060256004,0.01434273086488247,0.03935994952917099,0.04591698944568634,0.06443189829587936,0.0,-0.0432707741856575,0.11839039623737335,0.0016063066432252526,-0.03297853097319603,0.014960830099880695,0.036212239414453506,0.04724472388625145,2-4deg,0.04-0.08,0.0,0.0,0.0,0.0
104,45,True,True,0.039537493139505386,0.039537493139505386,0.01837390474975109,0.2163885235786438,4.259999752044678,1.2714685201644897,0.24088095128536224,0.004957815632224083,0.0069570392370224,0.2163885235786438,0.01837390474975109,-0.019994055852293968,-0.0013009210815653205,1.3673553466796875,0.3902680575847626,0.21627666056156158,0.21247267723083496,>=0.15,False,True,False,True,True,False,False,False,True,0.02688932605087757,-0.15858648717403412,0.19884049892425537,0.19279097020626068,0.242289200425148,0.07999999821186066,0.01837390474975109,-0.02002357691526413,0.02002357691526413,0.004036497324705124,0.009187274612486362,0.010036567226052284,0.04048853740096092,0.0003452669770922512,0.0003452669770922512,0.007008789572864771,0.21627497673034668,0.0024228920228779316,0.0041700610890984535,0.0067489310167729855,0.00793365202844143,0.0408896841108799,0-2deg,0.04-0.08,0.0,0.0,0.0,0.0
105,38,True,True,0.0495041087269783,0.0495041087269783,0.03502829000353813,0.1901831030845642,3.1999998092651367,1.3073298931121826,0.3599877953529358,0.006197669077664614,-0.07261255383491516,0.1901831030845642,0.03502829000353813,-0.02000923454761505,0.07795287668704987,1.5087069272994995,0.4942096173763275,0.17577551305294037,0.17063015699386597,>=0.15,False,True,False,True,True,False,False,False,True,0.044906992465257645,-0.24215956032276154,0.1623900979757309,0.092388816177845,0.2538128197193146,0.07999999821186066,0.03502829000353813,-0.020009750500321388,0.020009750500321388,0.015236018225550652,-0.006800287403166294,0.01668412797152996,0.02712167426943779,0.018387144431471825,0.0007720404537394643,-0.07243040204048157,0.17585065960884094,0.0025381280574947596,0.013611206784844398,-0.007031918503344059,0.015320825390517712,0.027577972039580345,0-2deg,0.00-0.04,0.0,0.0,0.0,0.0
106,27,True,True,0.12380237877368927,0.11504440754652023,0.11874613165855408,0.2072112113237381,2.700000047683716,1.5159947872161865,0.29531362652778625,-0.0006988854147493839,0.0068963621743023396,0.2072112113237381,0.11874613165855408,-0.01999478042125702,-0.007642005104571581,0.7615229487419128,0.3776698410511017,0.2070964276790619,0.2063339501619339,>=0.15,False,True,False,True,True,False,False,False,True,0.11473260819911957,-0.14167673885822296,0.1952805072069168,0.038627803325653076,0.2922118902206421,0.05999999865889549,0.11874613165855408,-0.020084762945771217,0.020084762945771217,0.002790729748085141,0.005114753730595112,0.005828785710036755,0.0010849068639799953,0.026989126577973366,0.0,0.006062644533813,0.20712251961231232,0.0029221188742667437,0.002764082048088312,0.005148079711943865,0.005839002784341574,0.0010523538803681731,0-2deg,0.00-0.04,0.0,0.0,0.0,0.0
107,29,True,False,0.13402779400348663,0.13402779400348663,0.0,0.0,2.819999933242798,1.5598379373550415,0.3199329376220703,-0.18207372725009918,-0.168333500623703,0.217868834733963,0.12842026352882385,-0.01694091595709324,-0.012418692000210285,0.892772912979126,0.36741548776626587,0.1383136361837387,0.24292823672294617,>=0.15,True,True,False,True,False,False,False,True,True,0.12842026352882385,-0.17697376012802124,0.1270713210105896,0.022841926664114,0.022841926664114,0.0,0.12842026352882385,-0.01694091595709324,0.01694091595709324,-0.0753864273428917,-0.001011617830954492,0.07539288699626923,0.03225439041852951,0.050746772438287735,0.050746772438287735,-0.17697376012802124,0.1270713210105896,0.00022841925965622067,-0.0753864273428917,-0.001011617830954492,0.07539288699626923,0.03225439041852951,4-6deg,0.00-0.04,0.0,0.0,0.0,0.0
108,56,True,True,0.04666613042354584,0.04666613042354584,0.03088505007326603,0.1934235394001007,2.93999981880188,1.2691545486450195,0.2557868957519531,-0.0015634946757927537,0.01320517435669899,0.1934235394001007,0.03088505007326603,-0.02001953311264515,-0.014915620908141136,0.515109658241272,0.2524492144584656,0.19297224283218384,0.1915760487318039,>=0.15,False,True,False,True,True,False,False,False,True,0.03932446986436844,-0.1952880173921585,0.05666200816631317,0.11383368074893951,0.24704234302043915,0.11999999731779099,0.03088505007326603,-0.02001953311264515,0.02001953311264515,-0.03322012349963188,0.051260218024253845,0.06107589229941368,0.03163148835301399,0.08561127632856369,0.0003452669770922512,0.01607397198677063,0.19275447726249695,0.0024704234674572945,-0.033020980656147,0.047917988151311874,0.05818646401166916,0.03532865643501282,2-4deg,0.00-0.04,0.0,0.0,0.0,0.0
109,8,True,True,0.10802510380744934,0.10629932582378387,0.10220056027173996,0.06792183965444565,2.9600000381469727,0.9718881845474243,0.241682767868042,-0.006499602925032377,-0.02556266449391842,0.06792183965444565,0.10220056027173996,-0.020002122968435287,0.022458499297499657,0.48143309354782104,0.23111753165721893,0.06292794644832611,0.06527140736579895,0.05-0.10,False,True,False,True,True,False,False,False,True,0.10072982311248779,-0.13867449760437012,0.04758751392364502,0.1024601012468338,0.24512803554534912,0.07999999821186066,0.10220056027173996,-0.020002122968435287,0.020002122968435287,-0.07815869897603989,0.04153909161686897,0.08849136531352997,0.032913144677877426,0.02463585138320923,0.0,-0.025557223707437515,0.0629301518201828,0.002451280364766717,-0.07851415872573853,0.039562370628118515,0.08789993077516556,0.034164369106292725,4-6deg,0.00-0.04,0.0,0.0,0.0,0.0
110,2,True,True,0.10945343226194382,0.10945343226194382,0.10370919108390808,0.10655470192432404,3.859999895095825,1.4779598712921143,0.2772703468799591,-0.024507086724042892,-0.10288882255554199,0.10655470192432404,0.10370919108390808,-0.01995697058737278,0.08168499916791916,0.9370357394218445,0.39783304929733276,0.027709102258086205,0.15344026684761047,>=0.15,False,True,False,True,True,False,False,False,True,0.10456332564353943,-0.08205001056194305,0.10797322541475296,0.022274447605013847,0.05308321490883827,0.05999999865889549,0.10370919108390808,-0.01995697058737278,0.01995697058737278,-0.011435473337769508,0.014182181097567081,0.018217789009213448,0.04296886920928955,0.006385116372257471,0.0009765625,-0.10258707404136658,0.028806203976273537,0.000530832156073302,-0.013005566783249378,0.013482301495969296,0.01873398944735527,0.04297816753387451,0-2deg,0.04-0.08,0.0,0.0,0.0,0.0
111,59,True,True,0.1021140068769455,0.1021140068769455,0.09592974185943604,0.1970166116952896,2.5199999809265137,1.2709206342697144,0.35417935252189636,-0.0184344369918108,-0.10313451290130615,0.1970166116952896,0.09592974185943604,-0.02000296302139759,0.08787376433610916,0.902344286441803,0.34697383642196655,0.16786545515060425,0.17317074537277222,>=0.15,False,True,False,True,True,False,False,False,True,0.1014997661113739,-0.06541770696640015,0.09303992986679077,0.2787312865257263,0.2787312865257263,0.05999999865889549,0.09592974185943604,-0.02000296302139759,0.02000296302139759,-0.05345311388373375,-0.019210228696465492,0.05679749324917793,0.042834408581256866,0.0005980199784971774,0.0003452669770922512,-0.0935831367969513,0.17337168753147125,0.002787312725558877,-0.053845904767513275,-0.01754136011004448,0.05662819370627403,0.04289436340332031,2-4deg,0.04-0.08,0.0,0.0,0.0,0.0
112,3,True,False,0.12631139159202576,0.12631139159202576,0.0,0.0,3.3999998569488525,1.2436137199401855,0.22516986727714539,-0.12420108914375305,-0.05912318080663681,0.2041919082403183,0.12117694318294525,-0.019365543499588966,-0.06698277592658997,1.1026628017425537,0.3565960228443146,0.19544509053230286,0.03761199116706848,0.00-0.05,True,True,False,True,False,False,False,True,True,0.12117694318294525,-0.05759824439883232,0.19589991867542267,0.05916110426187515,0.05916110426187515,0.0,0.12117694318294525,-0.019365543499588966,0.019365543499588966,0.005076300352811813,0.006591566372662783,0.008322319015860558,0.01924656331539154,0.009245197288691998,0.009245197288691998,-0.05759824439883232,0.19589991867542267,0.0005916110239923,0.005076300352811813,0.006591566372662783,0.008322319015860558,0.01924656331539154,0-2deg,0.00-0.04,0.0,0.0,0.0,0.0
113,28,True,True,0.06551825255155563,0.06551825255155563,0.05538170039653778,0.1786574423313141,1.5799999237060547,1.5437158346176147,0.505364716053009,0.004982889164239168,-0.013684103265404701,0.1786574423313141,0.05538170039653778,-0.01999359205365181,0.018895309418439865,0.43410420417785645,0.215125173330307,0.17813260853290558,0.1772005259990692,>=0.15,False,True,False,True,True,False,False,False,True,0.058720026165246964,-0.13075023889541626,0.2459762990474701,0.15523381531238556,0.15728381276130676,0.07999999821186066,0.05538170039653778,-0.02004651539027691,0.02004651539027691,-0.007915263995528221,0.012190480716526508,0.014534186571836472,0.005998327862471342,0.00048828125,0.0003452669770922512,-0.014428523369133472,0.17807385325431824,0.0015728380531072617,-0.0077889240346848965,0.011834865435957909,0.014168690890073776,0.006578983273357153,0-2deg,0.00-0.04,0.0,0.0,0.0,0.0
114,19,True,True,0.09296051412820816,0.08814959973096848,0.08604012429714203,0.14155307412147522,3.0999999046325684,1.576947808265686,0.3289037048816681,-0.012857052497565746,-0.08536389470100403,0.14155307412147522,0.08604012429714203,-0.01992953009903431,0.07315294444561005,1.240249514579773,0.44837987422943115,0.11291714012622833,0.10832607746124268,0.10-0.15,False,True,False,True,True,False,False,False,True,0.08235061168670654,-0.045917827636003494,0.09932704269886017,0.12271881848573685,0.12271881848573685,0.05999999865889549,0.08604012429714203,-0.019944900646805763,0.019944900646805763,-0.004027099814265966,-0.014124765992164612,0.014689203351736069,0.052107349038124084,0.006668225396424532,0.0014648438664153218,-0.08665850013494492,0.11192666739225388,0.0012271881569176912,-0.003821119200438261,-0.016190990805625916,0.016634035855531693,0.05170723795890808,0-2deg,0.04-0.08,0.0,0.0,0.0,0.0
115,13,True,True,0.06092332676053047,0.06092332676053047,0.04986634477972984,0.19362886250019073,2.5199999809265137,1.2980659008026123,0.28523340821266174,0.005568691994994879,-0.11204594373703003,0.19362886250019073,0.04986634477972984,-0.020012831315398216,0.11807424575090408,0.8929511904716492,0.3870280385017395,0.15791721642017365,0.1504659205675125,>=0.15,False,True,False,True,True,False,False,False,True,0.057573411613702774,-0.3224639892578125,0.07658220827579498,0.05916116386651993,0.290170818567276,0.07999999821186066,0.04986634477972984,-0.020018352195620537,0.020018352195620537,-0.0038800316397100687,-0.0243962574750185,0.024703508242964745,0.009737026877701283,0.030791986733675003,0.001035800902172923,-0.11146882176399231,0.15832510590553284,0.002901708008721471,-0.0035036022309213877,-0.023931218311190605,0.02418653666973114,0.010204605758190155,0-2deg,0.00-0.04,0.0,0.0,0.0,0.0
116,14,True,True,0.08629179745912552,0.08518678694963455,0.0785294771194458,0.2627056837081909,2.6599998474121094,1.093090295791626,0.27764812111854553,-0.007263255305588245,-0.16367502510547638,0.2627056837081909,0.0785294771194458,-0.019680572673678398,0.15724019706249237,0.6536884903907776,0.34040266275405884,0.20548665523529053,0.20666556060314178,>=0.15,False,True,False,True,True,False,False,False,True,0.07709339261054993,-0.11641491204500198,0.10880259424448013,0.0893680676817894,0.09784102439880371,0.05999999865889549,0.0785294771194458,-0.019707603380084038,0.019707603380084038,-0.0046067992225289345,-0.04664517194032669,0.04687166213989258,0.026637503877282143,0.009010110050439835,0.006108405999839306,-0.15480086207389832,0.21225212514400482,0.0009784102439880371,-0.0042594741098582745,-0.04764322564005852,0.04783369600772858,0.02619912475347519,2-4deg,0.00-0.04,0.0,0.0,0.0,0.0
117,42,True,False,0.1686490923166275,0.11304526031017303,0.0,0.0,4.059999942779541,1.0649365186691284,0.22298410534858704,-0.007865013554692268,-0.03979327529668808,0.08899417519569397,0.16498254239559174,-0.020006177946925163,0.02749062515795231,1.0679758787155151,0.25185325741767883,0.07960187643766403,0.13011278212070465,0.10-0.15,True,True,False,True,False,False,False,True,True,0.16498254239559174,-0.03905845433473587,0.07996499538421631,0.03223525360226631,0.03223525360226631,0.0,0.16498254239559174,-0.020006177946925163,0.020006177946925163,-0.033513542264699936,0.005737785249948502,0.03400123491883278,0.03303680941462517,0.0,0.0,-0.03905845433473587,0.07996499538421631,0.0003223525418434292,-0.033513542264699936,0.005737785249948502,0.03400123491883278,0.03303680941462517,0-2deg,0.00-0.04,0.0,0.0,0.0,0.0
118,60,True,True,0.07641037553548813,0.07545158267021179,0.06794155389070511,0.10835384577512741,3.7799999713897705,1.0336416959762573,0.29701247811317444,0.021243566647171974,0.07036864757537842,0.10835384577512741,0.06794155389070511,-0.02000357024371624,-0.05111293867230415,1.2808891534805298,0.3869442045688629,0.08239422738552094,0.08099709451198578,0.05-0.10,False,True,False,True,True,False,False,False,True,0.06746070832014084,-0.08163952082395554,0.07598019391298294,0.13065312802791595,0.35474005341529846,0.07999999821186066,0.06794155389070511,-0.020011436194181442,0.020011436194181442,0.020977411419153214,-0.01436819601804018,0.02542649768292904,0.04061003401875496,0.0008457279182039201,0.00048828125,0.0720774456858635,0.08090362697839737,0.0035474004689604044,0.018592119216918945,-0.013809100724756718,0.02315915748476982,0.04104731231927872,0-2deg,0.04-0.08,0.0,0.0,0.0,0.0
119,44,True,True,0.059171296656131744,0.057834841310977936,0.047704972326755524,0.17253202199935913,1.9199999570846558,1.2767080068588257,0.28485366702079773,0.011261871084570885,-0.026579298079013824,0.17253202199935913,0.047704972326755524,-0.019993823021650314,0.035741809755563736,0.5447479486465454,0.2884841859340668,0.1704723984003067,0.16729892790317535,>=0.15,False,True,False,True,True,False,False,False,True,0.04620673134922981,-0.04752093553543091,0.11717477440834045,0.21757984161376953,0.3001101315021515,0.05999999865889549,0.047704972326755524,-0.020002540200948715,0.020002540200948715,-0.030039729550480843,-0.05049564316868782,0.058748502284288406,0.04007676616311073,0.0012448779307305813,0.0,-0.03381718695163727,0.16918538510799408,0.003001101315021515,-0.030644912272691727,-0.04899109899997711,0.057779159396886826,0.04100856930017471,2-4deg,0.04-0.08,0.0,0.0,0.0,0.0
120,63,True,True,0.04393744841217995,0.04393744841217995,0.026544703170657158,0.21037134528160095,2.2799999713897705,1.4644060134887695,0.3387945294380188,0.00435930909588933,-0.00012761494144797325,0.21037134528160095,0.026544703170657158,-0.019989581778645515,0.0053102001547813416,0.5246329307556152,0.2845900058746338,0.21037131547927856,0.20969052612781525,>=0.15,False,True,False,True,True,False,False,False,True,0.03388442099094391,-0.0037317960523068905,0.25871291756629944,0.08479288220405579,0.16175538301467896,0.05999999865889549,0.026544703170657158,-0.019994862377643585,0.019994862377643585,0.01557595282793045,-0.0020216070115566254,0.015705065801739693,0.04954249784350395,0.001091830083169043,0.0,-0.0023475615307688713,0.21035826206207275,0.0016175537602975965,0.016818871721625328,-0.0035564496647566557,0.017190901562571526,0.04919774830341339,0-2deg,0.04-0.08,0.0,0.0,0.0,0.0
121,34,True,True,0.0425364188849926,0.041207555681467056,0.024159064516425133,0.2126317024230957,3.799999952316284,1.1025407314300537,0.28079307079315186,0.004373940639197826,-0.022578347474336624,0.2126317024230957,0.024159064516425133,-0.01999170333147049,0.02689310908317566,1.0980738401412964,0.29893365502357483,0.21142955124378204,0.20879171788692474,>=0.15,False,True,False,True,True,False,False,False,True,0.02167888917028904,-0.012030811980366707,0.2109512984752655,0.2772001028060913,0.2772001028060913,0.05999999865889549,0.024159064516425133,-0.01999180018901825,0.01999180018901825,-0.00447107432410121,-0.01708364672958851,0.017659546807408333,0.003211255418136716,0.0011960400734096766,0.0,-0.019264189526438713,0.21175725758075714,0.002772000851109624,-0.004578958265483379,-0.017138751223683357,0.017740370705723763,0.002864602953195572,0-2deg,0.00-0.04,0.0,0.0,0.0,0.0
122,21,True,True,0.0939309224486351,0.08175511658191681,0.08794615417718887,0.1325177550315857,4.319999694824219,0.9772865772247314,0.23955336213111877,-0.05083409324288368,0.0031414590775966644,0.1325177550315857,0.08794615417718887,-0.0171442199498415,-0.05577242001891136,1.171682357788086,0.3294644057750702,0.13248050212860107,0.15098804235458374,>=0.15,False,True,False,True,True,False,False,False,True,0.07433418184518814,-0.10584430396556854,0.03619704023003578,0.13427649438381195,0.15408740937709808,0.2199999988079071,0.08794615417718887,-0.0171442199498415,0.0171442199498415,-0.060728807002305984,-0.015109622851014137,0.06257788091897964,0.010181184858083725,0.10385783761739731,0.056987226009368896,0.007168046198785305,0.1323237419128418,0.001540874014608562,-0.05861575901508331,-0.013346483930945396,0.06011427193880081,0.017639998346567154,2-4deg,0.00-0.04,0.0,0.0,0.0,0.0
123,22,True,True,0.0799533799290657,0.0799533799290657,0.07180341333150864,0.23452548682689667,3.240000009536743,1.3855979442596436,0.301337867975235,-0.03276687115430832,-0.17110790312290192,0.23452548682689667,0.07180341333150864,-0.01992391049861908,0.13999980688095093,0.6464352607727051,0.2681291103363037,0.16038791835308075,0.16492857038974762,>=0.15,False,True,False,True,True,False,False,False,True,0.07635018229484558,-0.12065966427326202,0.13343726098537445,0.069205641746521,0.17956748604774475,0.05999999865889549,0.07180341333150864,-0.020030582323670387,0.020030582323670387,-0.0029936805367469788,0.011627916246652603,0.01200523879379034,0.022410923615098,0.006127891130745411,0.0015822122804820538,-0.1708192080259323,0.16069535911083221,0.0017956747906282544,-0.0027778507210314274,0.010749971494078636,0.01110241748392582,0.022788578644394875,0-2deg,0.00-0.04,0.0,0.0,0.0,0.0
124,11,True,True,0.0935906320810318,0.09184475988149643,0.08680463582277298,0.18904779851436615,2.0799999237060547,1.4051094055175781,0.3241453170776367,-0.026620948687195778,-0.16970038414001465,0.18904779851436615,0.08680463582277298,-0.020009880885481834,0.14336690306663513,0.745347797870636,0.3699043393135071,0.08331172168254852,0.09432286024093628,0.05-0.10,False,True,False,True,True,False,False,False,True,0.08415334671735764,-0.374369353055954,0.11137881129980087,0.16263362765312195,0.2917555570602417,0.07999999821186066,0.08680463582277298,-0.020024731755256653,0.020024731755256653,0.05052754282951355,-0.0014803374651819468,0.0505489781498909,0.0158695001155138,0.041687481105327606,0.0005980199784971774,-0.1669422835111618,0.08870931714773178,0.002917555393651128,0.051404859870672226,-0.0016766590997576714,0.05143190920352936,0.014094190672039986,2-4deg,0.00-0.04,0.0,0.0,0.0,0.0
125,31,False,False,0.30107611417770386,0.28978031873703003,0.0,0.0,1.0799999237060547,1.7403045892715454,0.7682198286056519,-0.5194185972213745,-0.9214896559715271,1.031113624572754,0.3163256347179413,-0.010568858124315739,0.154069721698761,1.3175324201583862,0.9256657958030701,0.46265771985054016,0.20969916880130768,>=0.15,True,True,False,False,False,False,False,True,False,0.0,0.0,0.0,0.0,0.0,0.0,0.3163256347179413,-0.010568858124315739,0.010568858124315739,0.0,0.0,0.0,0.0,0.0,0.550769567489624,-0.9344984889030457,0.4357845187187195,0.0,-0.020921142771840096,-0.05820951238274574,0.06185121461749077,0.04175305739045143,0-2deg,0.00-0.04,0.0,0.0,0.0,0.0
126,29,False,False,0.39156559109687805,0.39156559109687805,0.0,0.0,0.8399999737739563,3.0509026050567627,0.9488469958305359,-2.4650392532348633,-2.202411413192749,2.3192524909973145,0.3773595690727234,-0.015056906268000603,-0.01639685034751892,2.249781370162964,1.353151798248291,0.7268538475036621,0.11784056574106216,0.10-0.15,True,True,False,False,False,False,False,True,False,0.0,0.0,0.0,0.0,0.0,0.0,0.3773595690727234,-0.015056906268000603,0.015056906268000603,0.0,0.0,0.0,0.0,0.0,0.4394892454147339,-2.225836753845215,0.6516008973121643,0.0,-0.025993695482611656,0.022464603185653687,0.0343535840511322,0.058392468839883804,0-2deg,0.00-0.04,0.0,0.0,0.0,0.0
127,12,True,False,0.27877554297447205,0.12331140786409378,0.0,0.0,3.2200000286102295,1.688442587852478,0.2737022042274475,0.1318034678697586,-0.027661994099617004,0.2708231806755066,0.2775142788887024,-0.016876570880413055,0.17414648830890656,0.8433595895767212,0.32707536220550537,0.2694067656993866,0.22646792232990265,>=0.15,True,True,False,True,False,False,False,True,True,0.11696016788482666,-0.26943439245224,0.13177868723869324,0.09137775748968124,0.16951388120651245,0.0,0.2775142788887024,-0.020016038790345192,0.020016038790345192,-0.007180399261415005,-0.001317907008342445,0.007299779914319515,0.0651097372174263,0.03615127131342888,0.05837475135922432,-0.016496311873197556,0.2703202962875366,0.0016951387515291572,-0.0003616232716012746,-0.04459147900342941,0.04459262266755104,0.052738118916749954,0-2deg,0.04-0.08,0.0,0.0,0.0,0.0
128,61,True,True,0.09040465205907822,0.07923419773578644,0.08337539434432983,0.31323593854904175,2.359999895095825,1.5983785390853882,0.4474012553691864,-0.02754654549062252,-0.165717214345932,0.31323593854904175,0.08337539434432983,-0.01993403397500515,0.13725391030311584,0.5713282823562622,0.35736364126205444,0.26580923795700073,0.2779909074306488,>=0.15,False,True,False,True,True,False,False,False,True,0.07594938576221466,-0.12598900496959686,0.27597132325172424,0.2313617467880249,0.28901994228363037,0.05999999865889549,0.08337539434432983,-0.020019013434648514,0.020019013434648514,-0.046193502843379974,0.05528997629880905,0.07203250378370285,0.026333995163440704,0.002042627427726984,0.0014648438664153218,-0.16318339109420776,0.2673722803592682,0.0028901994228363037,-0.046297188848257065,0.056313592940568924,0.07288628071546555,0.025109848007559776,4-6deg,0.00-0.04,0.0,0.0,0.0,0.0
129,35,True,True,0.05514175817370415,0.05495947599411011,0.04218926653265953,0.247543066740036,7.339999675750732,1.018141508102417,0.14329206943511963,-0.013742626644670963,-0.17511272430419922,0.247543066740036,0.04218926653265953,-0.019711604341864586,0.1611558347940445,1.256920576095581,0.352302610874176,0.1749660074710846,0.20117971301078796,>=0.15,False,True,False,True,True,False,False,False,True,0.04145759344100952,-0.13357260823249817,0.051548682153224945,0.1333448439836502,0.1333448439836502,0.05999999865889549,0.04218926653265953,-0.019839849323034286,0.019839849323034286,-0.002088952111080289,0.030205605551600456,0.030278531834483147,0.015432250685989857,0.01550260465592146,0.00578773720189929,-0.16985437273979187,0.18007516860961914,0.0013334484538063407,-0.001888516009785235,0.030780497938394547,0.030838415026664734,0.015008995309472084,0-2deg,0.00-0.04,0.0,0.0,0.0,0.0
130,33,True,True,0.06929830461740494,0.0633135735988617,0.05981927365064621,0.11757007986307144,2.180000066757202,1.2434955835342407,0.2496839016675949,-0.004626820329576731,-0.06488754600286484,0.11757007986307144,0.05981927365064621,-0.01988118141889572,0.06008395925164223,0.8729425072669983,0.37555474042892456,0.09804249554872513,0.11255554854869843,0.10-0.15,False,True,False,True,True,False,False,False,True,0.05980416014790535,-0.15282891690731049,0.1884082853794098,0.0435677133500576,0.511886477470398,0.07999999821186066,0.05981927365064621,-0.019963108003139496,0.019963108003139496,-0.017547231167554855,-0.009475363418459892,0.019942300394177437,0.006950500421226025,0.0431133471429348,0.002441406948491931,-0.06301702558994293,0.09925512224435806,0.005118864588439465,-0.017900723963975906,-0.009290085174143314,0.020168190822005272,0.006366795860230923,0-2deg,0.00-0.04,0.0,0.0,0.0,0.0
131,6,True,True,0.06760101765394211,0.06760101765394211,0.05782858282327652,0.14777792990207672,2.1399998664855957,1.3337059020996094,0.31965139508247375,0.006584022659808397,-0.027999475598335266,0.14777792990207672,0.05782858282327652,-0.019991930574178696,0.03617045283317566,0.9810342788696289,0.4266423285007477,0.1451011598110199,0.14230109751224518,0.10-0.15,False,True,False,True,True,False,False,False,True,0.06500928103923798,-0.16808079183101654,0.0571916289627552,0.06621625274419785,0.4997650384902954,0.07999999821186066,0.05782858282327652,-0.019991930574178696,0.019991930574178696,-0.06471201777458191,0.0010231987107545137,0.06472007185220718,0.030107075348496437,0.036845482885837555,0.0003452669770922512,-0.0195714570581913,0.14647619426250458,0.004997650161385536,-0.06287050247192383,0.0009906258201226592,0.06287834793329239,0.031280919909477234,2-4deg,0.00-0.04,0.0,0.0,0.0,0.0
132,44,False,False,0.6471700072288513,0.6471700072288513,0.0,0.0,0.85999995470047,3.9573607444763184,1.154932975769043,-3.8353724479675293,-4.005765914916992,4.135995864868164,0.6577599048614502,-0.0075594112277030945,-0.036897365003824234,2.890868902206421,1.7229470014572144,1.029708743095398,0.10880172997713089,0.10-0.15,True,True,False,False,False,False,False,True,False,0.0,0.0,0.0,0.0,0.0,0.0,0.6577599048614502,-0.0075594112277030945,0.0075594112277030945,0.0,0.0,0.0,0.0,0.0,0.4081532955169678,-4.0374836921691895,0.8973220586776733,0.0,-0.05366912856698036,-0.031371109187603,0.06215806305408478,0.028912965208292007,0-2deg,0.00-0.04,0.0,0.0,0.0,0.0
133,9,True,False,0.12638063728809357,0.12638063728809357,0.0,0.0,2.440000057220459,0.8472092747688293,0.27674487233161926,-0.1452568769454956,-0.1313052922487259,0.15329399704933167,0.12161554396152496,-0.018947765231132507,-0.015724895521998405,0.5622305870056152,0.2638802230358124,0.07910732924938202,0.033045694231987,0.00-0.05,True,True,False,True,False,False,False,True,True,0.12161554396152496,-0.13045410811901093,0.08050327003002167,0.04400521516799927,0.04400521516799927,0.0,0.12161554396152496,-0.018947765231132507,0.018947765231132507,-0.039658915251493454,-0.014624109491705894,0.04226839542388916,0.03424607589840889,0.014550581574440002,0.014550581574440002,-0.13045410811901093,0.08050327003002167,0.0004400521283969283,-0.039658915251493454,-0.014624109491705894,0.04226839542388916,0.03424607589840889,2-4deg,0.00-0.04,0.0,0.0,0.0,0.0
134,47,True,False,0.22913908958435059,0.11107482761144638,0.0,0.0,2.6599998474121094,1.5915818214416504,0.2627759277820587,0.109084852039814,-0.04103826731443405,0.3323482573032379,0.22683411836624146,-0.01817500777542591,0.14048640429973602,0.8650404810905457,0.3618246018886566,0.32980483770370483,0.19430187344551086,>=0.15,True,True,False,True,False,False,False,True,True,0.10516345500946045,-0.3704529404640198,0.03323369473218918,0.08478904515504837,0.08478904515504837,0.0,0.22683411836624146,-0.019794590771198273,0.019794590771198273,0.033369675278663635,-0.061020977795124054,0.06953966617584229,0.034556951373815536,0.032599471509456635,0.019384516403079033,-0.026431243866682053,0.33129557967185974,0.0008478904492221773,0.010950393043458462,-0.06282325834035873,0.0637693777680397,0.04186879098415375,2-4deg,0.00-0.04,0.0,0.0,0.0,0.0
135,17,True,True,0.08832325786352158,0.0870310366153717,0.08045311272144318,0.09928299486637115,3.1999998092651367,1.3776206970214844,0.28436294198036194,-0.07600800693035126,0.020544372498989105,0.09928299486637115,0.08045311272144318,-0.018382979556918144,-0.09903711825609207,0.9922822117805481,0.38206249475479126,0.09713414311408997,0.12042849510908127,0.10-0.15,False,True,False,True,True,False,False,False,True,0.07918743044137955,-0.1084173321723938,0.014686256647109985,0.14017555117607117,0.5510508418083191,0.09999999403953552,0.08045311272144318,-0.020089497789740562,0.020089497789740562,0.026700155809521675,0.006857528816908598,0.02756606973707676,0.020299220457673073,0.02986420877277851,0.02450970560312271,0.020499857142567635,0.09714355319738388,0.005510508082807064,0.028231991454958916,0.007263513281941414,0.029151054099202156,0.019309507682919502,0-2deg,0.00-0.04,0.0,0.0,0.0,0.0
136,25,True,True,0.06355120241641998,0.05696020647883415,0.053082823753356934,0.26003730297088623,5.019999980926514,1.0483684539794922,0.16824518144130707,-0.017081987112760544,-0.15032613277435303,0.26003730297088623,0.053082823753356934,-0.020036794245243073,0.1326208859682083,0.9470257759094238,0.19350780546665192,0.21218261122703552,0.21762922406196594,>=0.15,False,True,False,True,True,False,False,False,True,0.04527125507593155,-0.1074032112956047,0.06189896538853645,0.6726370453834534,0.6726370453834534,0.07999999821186066,0.053082823753356934,-0.020151326432824135,0.020151326432824135,-0.0679343044757843,0.06240486353635788,0.0922144278883934,0.03625214844942093,0.009449255652725697,0.0003452669770922512,-0.13999934494495392,0.21913373470306396,0.006726370193064213,-0.06692925095558167,0.06427475810050964,0.09276106208562851,0.034564752131700516,4-6deg,0.00-0.04,0.0,0.0,0.0,0.0
137,53,True,True,0.081880122423172,0.081880122423172,0.07401016354560852,0.03777308762073517,2.559999942779541,1.6574784517288208,0.40844178199768066,0.005289997905492783,-0.0026779044419527054,0.03777308762073517,0.07401016354560852,-0.019986625760793686,0.008193527348339558,0.7530848979949951,0.2935495376586914,0.03767804428935051,0.03594635799527168,0.00-0.05,False,True,False,True,True,False,False,False,True,0.07409173995256424,0.027643216773867607,0.040155503898859024,0.6135518550872803,0.6135518550872803,0.05999999865889549,0.07401016354560852,-0.020031912252306938,0.020031912252306938,0.03077141009271145,0.01047971285879612,0.032506074756383896,0.004921306390315294,0.0012448779307305813,0.0,-0.0037928379606455564,0.03758218139410019,0.006135518196970224,0.03061155416071415,0.0103388000279665,0.03230924531817436,0.005745147354900837,0-2deg,0.00-0.04,0.0,0.0,0.0,0.0
138,20,True,True,0.06905046850442886,0.0680820494890213,0.059518080204725266,0.12733931839466095,3.43999981880188,1.5798310041427612,0.33389922976493835,0.004072856158018112,0.00810149870812893,0.12733931839466095,0.059518080204725266,-0.019996125251054764,-0.0034722830168902874,1.5363200902938843,0.4502926170825958,0.12708134949207306,0.12748678028583527,0.10-0.15,False,True,False,True,True,False,False,False,True,0.05828748270869255,-0.14408157765865326,0.14896292984485626,0.06424855440855026,0.6652448773384094,0.07999999821186066,0.059518080204725266,-0.020150376483798027,0.020150376483798027,-0.028786486014723778,0.029465187340974808,0.041189659386873245,0.012208300642669201,0.03925681114196777,0.0,0.006428641267120838,0.1271769404411316,0.006652448792010546,-0.029462415724992752,0.029689591377973557,0.04182455688714981,0.011531769298017025,2-4deg,0.00-0.04,0.0,0.0,0.0,0.0
139,45,True,True,0.10295924544334412,0.09847871214151382,0.09684249013662338,0.12087982147932053,1.8199999332427979,1.3057732582092285,0.45372310280799866,-0.025512950494885445,-0.011173100210726261,0.12087982147932053,0.09684249013662338,-0.020015958696603775,-0.011741328053176403,0.5914599299430847,0.18770702183246613,0.12036234140396118,0.12799446284770966,0.10-0.15,False,True,False,True,True,False,False,False,True,0.09201693534851074,-0.11950815469026566,0.04084071144461632,0.11819099634885788,0.11819099634885788,0.07999999821186066,0.09684249013662338,-0.020015958696603775,0.020015958696603775,-0.010130967013537884,-0.053119268268346786,0.05407588556408882,0.021370813250541687,0.03831764683127403,0.0003452669770922512,-0.004732856526970863,0.1207871288061142,0.0011819099308922887,-0.009055167436599731,-0.05378329008817673,0.0545392706990242,0.020793411880731583,2-4deg,0.00-0.04,0.0,0.0,0.0,0.0
140,30,True,True,0.049352217465639114,0.049352217465639114,0.034816306084394455,0.21229717135429382,1.8399999141693115,1.395094394683838,0.31677141785621643,-0.00542554073035717,-0.16512638330459595,0.21229717135429382,0.034816306084394455,-0.020022302865982056,0.15944916009902954,0.47989723086357117,0.3114224672317505,0.13342925906181335,0.12719304859638214,0.10-0.15,False,True,False,True,True,False,False,False,True,0.04060100018978119,-0.07948854565620422,0.06761560589075089,0.9658337831497192,0.9658337831497192,0.09999999403953552,0.034816306084394455,-0.020022302865982056,0.020022302865982056,-0.04877237230539322,0.057912345975637436,0.07569614797830582,0.019840890541672707,0.002100177574902773,0.001091830083169043,-0.15484489500522614,0.14523480832576752,0.009658337570726871,-0.04958779364824295,0.05657379329204559,0.07521224766969681,0.01944206841289997,4-6deg,0.00-0.04,0.0,0.0,0.0,0.0
141,3,True,True,0.058534860610961914,0.05339652672410011,0.04692976921796799,0.13193829357624054,1.4199999570846558,1.3739358186721802,0.5842761993408203,0.006859475281089544,0.04298856481909752,0.13193829357624054,0.04692976921796799,-0.01999768614768982,-0.03717980161309242,0.7962665557861328,0.3321627974510193,0.12473850697278976,0.12250234931707382,0.10-0.15,False,True,False,True,True,False,False,False,True,0.03997847065329552,-0.3670927584171295,0.1015717163681984,0.24187740683555603,0.2950741648674011,0.09999999403953552,0.04692976921796799,-0.01999768614768982,0.01999768614768982,-0.019388018175959587,-0.026415105909109116,0.0327654629945755,0.025651296600699425,0.08273359388113022,0.0003452669770922512,0.04272228479385376,0.124829962849617,0.0029507416766136885,-0.018646307289600372,-0.02828182280063629,0.0338747575879097,0.024560071527957916,0-2deg,0.00-0.04,0.0,0.0,0.0,0.0
142,11,False,False,0.35388410091400146,0.35388410091400146,0.0,0.0,1.0199999809265137,3.3154215812683105,0.886712908744812,-2.742619276046753,-2.385599374771118,2.6762070655822754,0.3448975384235382,-0.02607029303908348,-0.10249755531549454,1.8838967084884644,0.9765831232070923,1.2128479480743408,0.20539528131484985,>=0.15,True,True,False,False,False,False,False,True,False,0.0,0.0,0.0,0.0,0.0,0.0,0.3448975384235382,-0.02607029303908348,0.02607029303908348,0.0,0.0,0.0,0.0,0.0,0.5047529935836792,-2.3600072860717773,1.26192307472229,0.0,0.010192793793976307,-0.0753810703754425,0.07606568932533264,0.026467816904187202,0-2deg,0.00-0.04,0.0,0.0,0.0,0.0
143,57,True,True,0.11608369648456573,0.11608369648456573,0.11083786934614182,0.026178253814578056,2.379999876022339,1.1627601385116577,0.3277581036090851,-0.07709581404924393,0.008629865944385529,0.026178253814578056,0.11083786934614182,-0.016772598028182983,-0.09091732650995255,0.6238194704055786,0.2339516580104828,0.02471490204334259,0.10857665538787842,0.10-0.15,False,True,False,True,True,False,False,False,True,0.11579319834709167,-0.10154247283935547,0.19290760159492493,0.11606384813785553,0.11606384813785553,0.2199999988079071,0.11083786934614182,-0.017113080248236656,0.017113080248236656,-0.02690369263291359,0.013774913735687733,0.030225327238440514,0.07683407515287399,0.09619192034006119,0.05292108654975891,0.007705976255238056,0.025018369778990746,0.0011606384068727493,-0.03385983780026436,0.027013899758458138,0.04331203177571297,0.07236136496067047,0-2deg,0.04-0.08,0.0,0.0,0.0,0.0
144,2,True,True,0.08565890789031982,0.08565890789031982,0.07817250490188599,0.18999871611595154,1.899999976158142,1.2042204141616821,0.3135392367839813,0.007405437063425779,-0.010972801595926285,0.18999871611595154,0.07817250490188599,-0.01998278684914112,0.018136341124773026,0.8247073888778687,0.41580313444137573,0.18968158960342407,0.18563643097877502,>=0.15,False,True,False,True,True,False,False,False,True,0.08363508433103561,-0.19619028270244598,0.09766347706317902,0.08324413001537323,0.25143128633499146,0.07999999821186066,0.07817250490188599,-0.01998278684914112,0.01998278684914112,-0.005035109352320433,0.027416065335273743,0.02787359431385994,0.002334924880415201,0.017383992671966553,0.0,-0.0079949414357543,0.18983043730258942,0.00251431274227798,-0.005063967313617468,0.027526676654815674,0.027988841757178307,0.0014749934198334813,0-2deg,0.00-0.04,0.0,0.0,0.0,0.0
145,27,True,True,0.05757562443614006,0.05757562443614006,0.04544004797935486,0.19990521669387817,2.0999999046325684,1.580741047859192,0.39374205470085144,-0.00941269937902689,-0.182998389005661,0.19990521669387817,0.04544004797935486,-0.019590595737099648,0.17372992634773254,0.7908533215522766,0.37796661257743835,0.08045923709869385,0.08127204328775406,0.05-0.10,False,True,False,True,True,False,False,False,True,0.050494059920310974,-0.14773447811603546,0.059106145054101944,0.7167635560035706,0.7167635560035706,0.07999999821186066,0.04544004797935486,-0.020033640787005424,0.020033640787005424,0.010664621368050575,0.013985070399940014,0.017588522285223007,0.010635682381689548,0.0015049839857965708,0.008264822885394096,-0.181595578789711,0.08357718586921692,0.0071676354855299,0.011135176755487919,0.01355447806417942,0.017541011795401573,0.010625901632010937,0-2deg,0.00-0.04,0.0,0.0,0.0,0.0
146,5,True,True,0.08778217434883118,0.08778217434883118,0.08028674125671387,0.18497635424137115,3.240000009536743,1.3140374422073364,0.2594287097454071,-0.01980051025748253,-0.17241138219833374,0.18497635424137115,0.08028674125671387,-0.019775109365582466,0.151667058467865,1.0068811178207397,0.35689541697502136,0.06701169162988663,0.06597243994474411,0.05-0.10,False,True,False,True,True,False,False,False,True,0.0815882682800293,-0.12304233759641647,0.058117322623729706,0.45294374227523804,0.45294374227523804,0.05999999865889549,0.08028674125671387,-0.019999245181679726,0.019999245181679726,-0.01363479532301426,-0.00782983098179102,0.015724031254649162,0.016348946839571,0.0005980199784971774,0.0046961428597569466,-0.17183169722557068,0.06848444789648056,0.004529437515884638,-0.013933789916336536,-0.00840779859572649,0.01627540774643421,0.016185922548174858,0-2deg,0.00-0.04,0.0,0.0,0.0,0.0
147,43,True,False,0.13509409129619598,0.13509409129619598,0.0,0.0,2.8999998569488525,1.4071069955825806,0.32346710562705994,-0.10295985639095306,-0.08259142935276031,0.13932931423187256,0.1301330327987671,-0.0184699147939682,-0.020485367625951767,0.71510249376297,0.24385002255439758,0.11221101135015488,0.18455034494400024,>=0.15,True,True,False,True,False,False,False,True,True,0.1301330327987671,-0.08816900849342346,0.10788365453481674,0.02134072221815586,0.02134072221815586,0.0,0.1301330327987671,-0.0184699147939682,0.0184699147939682,0.012643265537917614,0.04978570714592934,0.05136461928486824,0.033395759761333466,0.023986071348190308,0.023986071348190308,-0.08816900849342346,0.10788365453481674,0.00021340721286833286,0.012643265537917614,0.04978570714592934,0.05136461928486824,0.033395759761333466,2-4deg,0.00-0.04,0.0,0.0,0.0,0.0
148,38,True,True,0.0350772924721241,0.0350772924721241,0.002147410297766328,0.23777681589126587,2.2200000286102295,1.2650128602981567,0.3478797674179077,0.017169196158647537,0.043543312698602676,0.23777681589126587,0.002147410297766328,-0.019988002255558968,-0.027556320652365685,0.5658522248268127,0.24278879165649414,0.23375584185123444,0.22353260219097137,>=0.15,False,True,False,True,True,False,False,False,True,0.0170857235789299,-0.1956174522638321,0.18018299341201782,0.14931538701057434,0.39655643701553345,0.09999999403953552,0.002147410297766328,-0.019998567178845406,0.019998567178845406,0.03989298641681671,0.08135687559843063,0.0905916765332222,0.01928560994565487,0.06843984127044678,0.0003452669770922512,0.0489012785255909,0.23269395530223846,0.003965564072132111,0.041385918855667114,0.0811772421002388,0.09109758585691452,0.018529312685132027,4-6deg,0.00-0.04,0.0,0.0,0.0,0.0
149,50,True,True,0.04945732653141022,0.04945732653141022,0.03493272885680199,0.17315980792045593,3.8399999141693115,1.4348918199539185,0.3418877124786377,0.00973537191748619,-0.034426651895046234,0.17315980792045593,0.03493272885680199,-0.019993994385004044,0.044187914580106735,1.7415908575057983,0.5570544600486755,0.16970303654670715,0.1700948178768158,>=0.15,False,True,False,True,True,False,False,False,True,0.04369746148586273,-0.3011903166770935,0.12666049599647522,0.08359641581773758,0.8987836837768555,0.07999999821186066,0.03493272885680199,-0.020002538338303566,0.020002538338303566,-0.024422936141490936,0.033974964171648026,0.04184023290872574,0.03771587461233139,0.075681172311306,0.0003452669770922512,-0.040235891938209534,0.16842027008533478,0.00898783653974533,-0.02349894493818283,0.031865835189819336,0.039591025561094284,0.03902945667505264,2-4deg,0.00-0.04,0.0,0.0,0.0,0.0
150,37,True,True,0.035297103226184845,0.03515230491757393,0.004997790791094303,0.21098901331424713,2.7200000286102295,0.9481599926948547,0.33646512031555176,-0.008689060807228088,0.056760385632514954,0.21098901331424713,0.004997790791094303,-0.020064298063516617,-0.06527809798717499,0.626453697681427,0.2759229838848114,0.2032107710838318,0.1937543749809265,>=0.15,False,True,False,True,True,False,False,False,True,0.0054903775453567505,-0.17247281968593597,0.11176840960979462,0.13474616408348083,0.771883487701416,0.07999999821186066,0.004997790791094303,-0.020064298063516617,0.020064298063516617,-0.008950223214924335,0.013819616287946701,0.016464751213788986,0.014978502877056599,0.019990069791674614,0.0018593198619782925,0.05567571893334389,0.20351062715053558,0.007718834560364485,-0.008041976019740105,0.013716818764805794,0.015901202335953712,0.015487072058022022,0-2deg,0.00-0.04,0.0,0.0,0.0,0.0
151,56,True,True,0.1188301295042038,0.11538075655698776,0.11358266323804855,0.16679593920707703,2.059999942779541,1.535156488418579,0.3285383880138397,0.0009105067583732307,-0.13635475933551788,0.16679593920707703,0.11358266323804855,-0.020026542246341705,0.13438837230205536,0.6055107116699219,0.3338514566421509,0.09606385976076126,0.10101588815450668,0.10-0.15,False,True,False,True,True,False,False,False,True,0.11160475015640259,-0.09897751361131668,0.10325180739164352,0.5595481991767883,0.5595481991767883,0.05999999865889549,0.11358266323804855,-0.020026542246341705,0.020026542246341705,-0.006736643612384796,-0.01082995068281889,0.012756288051605225,0.058100905269384384,0.0012448779307305813,0.0011451211757957935,-0.13548535108566284,0.09728621691465378,0.00559548195451498,-0.004547837655991316,-0.010035337880253792,0.011016182601451874,0.058316558599472046,0-2deg,0.04-0.08,0.0,0.0,0.0,0.0
152,7,True,True,0.10837236791849136,0.10418009012937546,0.10252562910318375,0.21083307266235352,2.4800000190734863,1.0223524570465088,0.4002338647842407,0.015997571870684624,-0.10120410472154617,0.21083307266235352,0.10252562910318375,-0.020006703212857246,0.11678648740053177,1.2093805074691772,0.5149222612380981,0.18495489656925201,0.1916007548570633,>=0.15,False,True,False,True,True,False,False,False,True,0.09970631450414658,-0.09042773395776749,0.1943821758031845,0.9490556716918945,0.9490556716918945,0.05999999865889549,0.10252562910318375,-0.020016023889183998,0.020016023889183998,0.016203854233026505,-0.014317081309854984,0.021623067557811737,0.03076603263616562,0.0011960400734096766,0.0012918708380311728,-0.09947631508111954,0.18588986992835999,0.009490556083619595,0.01613379642367363,-0.01308424398303032,0.02077098749577999,0.03097452037036419,0-2deg,0.00-0.04,0.0,0.0,0.0,0.0
153,1,True,True,0.05302611365914345,0.052210770547389984,0.039404451847076416,0.20811212062835693,6.079999923706055,1.059234619140625,0.14689147472381592,-0.012492859736084938,-0.14430159330368042,0.20811212062835693,0.039404451847076416,-0.01970643177628517,0.13332977890968323,1.2018640041351318,0.24503377079963684,0.1499590128660202,0.19657652080059052,>=0.15,False,True,False,True,True,False,False,False,True,0.03811552748084068,-0.11669687926769257,0.04673723131418228,0.11851108074188232,0.11851108074188232,0.05999999865889549,0.039404451847076416,-0.01970643177628517,0.01970643177628517,0.010200591757893562,-0.000588875322137028,0.010219014249742031,0.03878183290362358,0.011860379949212074,0.005132768303155899,-0.14443866908550262,0.1498269885778427,0.0011851107701659203,0.00881379097700119,0.00011690274550346658,0.00881617609411478,0.03901499882340431,0-2deg,0.00-0.04,0.0,0.0,0.0,0.0
154,42,True,True,0.07800449430942535,0.07800449430942535,0.06971156597137451,0.21949490904808044,1.9799998998641968,1.5610135793685913,0.5119226574897766,-0.024721717461943626,-0.19421672821044922,0.21949490904808044,0.06971156597137451,-0.02001284249126911,0.17072942852973938,0.7514988780021667,0.28762033581733704,0.10226378589868546,0.10724340379238129,0.10-0.15,False,True,False,True,True,False,False,False,True,0.07016996294260025,-0.161568284034729,0.1151944026350975,0.13614001870155334,0.39204806089401245,0.05999999865889549,0.06971156597137451,-0.02001381106674671,0.02001381106674671,0.062494296580553055,0.0013090951833873987,0.06250827014446259,0.02383703924715519,0.00048828125,0.0005980199784971774,-0.19129377603530884,0.10763230174779892,0.0039204806089401245,0.06235935911536217,0.00035957450745627284,0.06236019730567932,0.024162111803889275,2-4deg,0.00-0.04,0.0,0.0,0.0,0.0
155,15,True,False,0.2784597873687744,0.1094956323504448,0.0,0.0,6.420000076293945,1.3958154916763306,0.17757250368595123,0.19256173074245453,0.07197319716215134,0.08095394819974899,0.27807846665382385,-0.010336908511817455,0.12256384640932083,1.0127027034759521,0.3050841689109802,0.037059418857097626,0.09637144207954407,0.05-0.10,True,True,False,True,False,False,False,True,True,0.10473756492137909,-0.08163551241159439,0.2734062075614929,0.04119773954153061,0.48445063829421997,0.0,0.27807846665382385,-0.020099781453609467,0.020099781453609467,0.019125092774629593,-0.013315815478563309,0.023302851244807243,0.010439819656312466,0.050206899642944336,0.10177354514598846,0.07226613163948059,0.03648489713668823,0.004844506271183491,-0.0023125228472054005,-0.008194579742848873,0.008513500913977623,0.018740205094218254,0-2deg,0.00-0.04,0.0,0.0,0.0,0.0
156,18,True,True,0.05362071841955185,0.049167193472385406,0.04061536490917206,0.2670055031776428,3.379999876022339,1.0950779914855957,0.2685967981815338,0.0064412378706038,-0.014148389920592308,0.2670055031776428,0.04061536490917206,-0.019979866221547127,0.01884615048766136,1.3160568475723267,0.417644202709198,0.2666304111480713,0.2603393793106079,>=0.15,False,True,False,True,True,False,False,False,True,0.03317679464817047,-0.3050175607204437,0.04010951146483421,0.0612371452152729,0.6386471390724182,0.07999999821186066,0.04061536490917206,-0.020006652921438217,0.020006652921438217,0.004346283618360758,-0.042551230639219284,0.042773183435201645,0.050646450370550156,0.03606707230210304,0.00048828125,-0.007659330032765865,0.2668956220149994,0.006386471446603537,0.006869975943118334,-0.04083811119198799,0.04141197353601456,0.051013678312301636,2-4deg,0.04-0.08,0.0,0.0,0.0,0.0
157,16,True,True,0.09692654758691788,0.09692654758691788,0.09039059281349182,0.08517148345708847,4.019999980926514,1.2913767099380493,0.2753998041152954,0.004602693486958742,-0.03202177211642265,0.08517148345708847,0.09039059281349182,-0.020001767203211784,0.03480025753378868,0.986787736415863,0.3982836604118347,0.07892267405986786,0.1425672322511673,0.10-0.15,False,True,False,True,True,False,False,False,True,0.09291445463895798,-0.01190274953842163,0.11521429568529129,0.23822623491287231,0.23822623491287231,0.05999999865889549,0.09039059281349182,-0.020005233585834503,0.020005233585834503,0.02016875520348549,-0.06631094217300415,0.06930595636367798,0.023165080696344376,0.0003452669770922512,0.0003452669770922512,-0.026408763602375984,0.08097381889820099,0.0023822623770684004,0.020507937297225,-0.06713271141052246,0.0701911449432373,0.02128145471215248,2-4deg,0.00-0.04,0.0,0.0,0.0,0.0
158,19,True,True,0.048272211104631424,0.048272211104631424,0.03328323736786842,0.12804651260375977,2.1599998474121094,1.379440188407898,0.44620031118392944,0.0055715772323310375,-0.1138637587428093,0.12804651260375977,0.03328323736786842,-0.020007861778140068,0.11908625066280365,1.0167843103408813,0.34036868810653687,0.058574333786964417,0.0524691641330719,0.05-0.10,False,True,False,True,True,False,False,False,True,0.03490142896771431,-0.064287930727005,0.05204888433218002,0.8062898516654968,0.8062898516654968,0.05999999865889549,0.03328323736786842,-0.020017432048916817,0.020017432048916817,-0.044380560517311096,0.025182463228702545,0.05102333426475525,0.01137541513890028,0.0016558425268158317,0.0011960400734096766,-0.11571243405342102,0.054831963032484055,0.008062898181378841,-0.04481884837150574,0.025163941085338593,0.051395952701568604,0.010562439449131489,2-4deg,0.00-0.04,0.0,0.0,0.0,0.0
159,41,True,True,0.11339031159877777,0.1017359271645546,0.10781985521316528,0.131126269698143,3.819999933242798,1.1475831270217896,0.2226427048444748,0.001439652405679226,-0.04252226650714874,0.131126269698143,0.10781985521316528,-0.01990826427936554,0.04166272655129433,1.0408790111541748,0.3930923640727997,0.1240401417016983,0.20041845738887787,>=0.15,False,True,False,True,True,False,False,False,True,0.10399603843688965,-0.055324796587228775,0.2040293663740158,0.14893817901611328,0.14893817901611328,0.05999999865889549,0.10781985521316528,-0.02004033699631691,0.02004033699631691,-0.03333575651049614,0.04441911354660988,0.055529672652482986,0.028224453330039978,0.0018269813153892756,0.001691456069238484,-0.04937613010406494,0.12147468328475952,0.0014893817715346813,-0.032852474600076675,0.04543142765760422,0.05605875328183174,0.02786451205611229,2-4deg,0.00-0.04,0.0,0.0,0.0,0.0
160,62,True,True,0.08318933099508286,0.07511124759912491,0.07506611198186874,0.18218263983726501,3.619999885559082,1.1883713006973267,0.2970638573169708,0.02825603261590004,-0.08858247101306915,0.18218263983726501,0.07506611198186874,-0.019293129444122314,0.11783137172460556,1.0698055028915405,0.4290592670440674,0.15919692814350128,0.20277753472328186,>=0.15,False,True,False,True,True,False,False,False,True,0.06749170273542404,-0.2018454372882843,0.2413223832845688,0.033514730632305145,0.10886798799037933,0.07999999821186066,0.07506611198186874,-0.019766107201576233,0.019766107201576233,-0.01877753809094429,-0.007766489405184984,0.020321300253272057,0.0067772334441542625,0.028025027364492416,0.012010202743113041,-0.08695319294929504,0.16009263694286346,0.0010886798845604062,-0.019133059307932854,-0.007925895974040031,0.02071063406765461,0.00620887940749526,0-2deg,0.00-0.04,0.0,0.0,0.0,0.0
161,3,False,False,0.5471618175506592,0.5352288484573364,0.0,0.0,1.059999942779541,2.610492467880249,0.7917870283126831,-2.010359525680542,-2.387375831604004,2.5399858951568604,0.5443111062049866,-0.003597317263484001,0.19340218603610992,1.9196372032165527,0.9997226595878601,0.8671591877937317,0.2689931094646454,>=0.15,True,True,False,False,False,False,False,True,False,0.0,0.0,0.0,0.0,0.0,0.0,0.5443111062049866,-0.003597317263484001,0.003597317263484001,0.0,0.0,0.0,0.0,0.0,0.9067502021789551,-2.3482871055603027,0.9680268168449402,0.0,0.019543852657079697,0.041499145328998566,0.045868679881095886,0.01098758727312088,0-2deg,0.00-0.04,0.0,0.0,0.0,0.0
162,36,True,False,0.14406929910182953,0.11407896131277084,0.0,0.0,4.440000057220459,1.355432391166687,0.1834166944026947,-0.08408460766077042,-0.09365713596343994,0.13023655116558075,0.1378423571586609,-0.017615456134080887,0.0045364536345005035,1.2323113679885864,0.33406224846839905,0.09049807488918304,0.08510548621416092,0.05-0.10,True,True,False,True,False,False,False,True,True,0.1378423571586609,-0.08949252218008041,0.09461843967437744,0.02382066659629345,0.02382066659629345,0.0,0.1378423571586609,-0.017615456134080887,0.017615456134080887,-0.059016626328229904,-0.04524172469973564,0.0743466168642044,0.046892937272787094,0.04716840013861656,0.04716840013861656,-0.08949252218008041,0.09461843967437744,0.0002382066595600918,-0.059016626328229904,-0.04524172469973564,0.0743466168642044,0.046892937272787094,4-6deg,0.04-0.08,0.0,0.0006905339541845024,0.0,0.0
163,39,True,True,0.07140066474676132,0.04795358330011368,0.06215927004814148,0.14066962897777557,3.0999999046325684,1.397547721862793,0.3205414414405823,-0.08438143879175186,0.0063031017780303955,0.14066962897777557,0.06215927004814148,-0.019748572260141373,-0.08985713869333267,0.5744912028312683,0.24387307465076447,0.1405283510684967,0.1751900166273117,>=0.15,False,True,False,True,True,False,False,False,True,0.03273121267557144,-0.04818381369113922,0.08646063506603241,0.10240410268306732,0.1550300568342209,0.5199999809265137,0.06215927004814148,-0.019994691014289856,0.019994691014289856,0.06348519772291183,0.042101144790649414,0.07616131752729416,0.04889615625143051,0.05237514525651932,0.005631141364574432,0.015881234779953957,0.1397702842950821,0.0015503005124628544,0.07963965833187103,0.02711246907711029,0.08411910384893417,0.040679097175598145,4-6deg,0.04-0.08,0.0,0.0,0.0,0.0
164,13,True,True,0.058716900646686554,0.058716900646686554,0.047165822237730026,0.13109387457370758,2.4800000190734863,1.6377778053283691,0.37677183747291565,0.00037975714076310396,-0.06076456606388092,0.13109387457370758,0.047165822237730026,-0.02000805363059044,0.06080853193998337,0.7919932007789612,0.3371947407722473,0.116160549223423,0.11557672172784805,0.10-0.15,False,True,False,True,True,False,False,False,True,0.052356261759996414,-0.231951504945755,0.057671673595905304,0.08570165187120438,0.3230340778827667,0.07999999821186066,0.047165822237730026,-0.020049018785357475,0.020049018785357475,-0.06425244361162186,0.056528057903051376,0.08555340021848679,0.019204743206501007,0.04748965799808502,0.0003452669770922512,-0.05480474978685379,0.11908838152885437,0.0032303407788276672,-0.06526537239551544,0.05690879002213478,0.08656514436006546,0.01687570847570896,4-6deg,0.00-0.04,0.0,0.0,0.0,0.0
165,24,True,True,0.08921373635530472,0.08921373635530472,0.08228258043527603,0.07108919322490692,3.8399999141693115,0.8422621488571167,0.2632431089878082,-0.09047353267669678,-0.004800155758857727,0.07108919322490692,0.08228258043527603,-0.017013680189847946,-0.08794453740119934,1.2024739980697632,0.3599417507648468,0.07092694193124771,0.0876239612698555,0.05-0.10,False,True,False,True,True,False,False,False,True,0.08921360969543457,-0.11444735527038574,0.1027655303478241,0.11952701956033707,0.11952701956033707,0.14000000059604645,0.08228258043527603,-0.017013680189847946,0.017013680189847946,-0.03637281060218811,-0.02634138986468315,0.04490574076771736,0.03150281682610512,0.11390651762485504,0.0539831668138504,-0.005493284668773413,0.07087663561105728,0.001195270218886435,-0.037822186946868896,-0.022745594382286072,0.04413161799311638,0.033113494515419006,2-4deg,0.00-0.04,0.0,0.0,0.0,0.0
166,0,True,True,0.05898032337427139,0.05898032337427139,0.047386400401592255,0.1669662892818451,3.93999981880188,1.178493857383728,0.2539902329444885,-0.007343502715229988,-0.10907965898513794,0.1669662892818451,0.047386400401592255,-0.019901499152183533,0.10032948106527328,1.0456115007400513,0.40217024087905884,0.12640953063964844,0.1547679752111435,>=0.15,False,True,False,True,True,False,False,False,True,0.047260500490665436,-0.05128620192408562,0.10737945139408112,0.09616313874721527,0.09616313874721527,0.07999999821186066,0.047386400401592255,-0.019901499152183533,0.019901499152183533,-0.005285187624394894,0.04462974891066551,0.04494157433509827,0.04472316801548004,0.01624608226120472,0.0018911053193733096,-0.10391322523355484,0.13068963587284088,0.0009616313618607819,-0.005649997387081385,0.04723190888762474,0.04756869375705719,0.04284629598259926,2-4deg,0.04-0.08,0.0,0.0,0.0,0.0
167,10,True,True,0.10905663669109344,0.10891828685998917,0.10333829373121262,0.091947540640831,3.259999990463257,1.0136191844940186,0.33987799286842346,-0.03507547825574875,0.0338745042681694,0.091947540640831,0.10333829373121262,-0.020032281056046486,-0.06845321506261826,1.1483741998672485,0.29161807894706726,0.0854802206158638,0.0826820358633995,0.05-0.10,False,True,False,True,True,False,False,False,True,0.1044624000787735,-0.07362287491559982,0.12920832633972168,0.06377065926790237,0.15434972941875458,0.23999999463558197,0.10333829373121262,-0.020032281056046486,0.020032281056046486,-0.05611659213900566,0.019630389288067818,0.05944784730672836,0.02643532305955887,0.06846946477890015,0.0012918708380311728,0.03090772032737732,0.08659712970256805,0.0015434973174706101,-0.053517844527959824,0.024971555918455124,0.05905226245522499,0.028102396056056023,2-4deg,0.00-0.04,0.0,0.0,0.0,0.0
168,26,True,True,0.08763401955366135,0.08763401955366135,0.08033642172813416,0.12949521839618683,4.799999713897705,1.4121272563934326,0.22319887578487396,0.003290717490017414,0.011156878434121609,0.12949521839618683,0.08033642172813416,-0.019995365291833878,-0.013558420352637768,0.7804422378540039,0.25276052951812744,0.12901371717453003,0.1276928037405014,0.10-0.15,False,True,False,True,True,False,False,False,True,0.08722808957099915,-0.0834503322839737,0.15296295285224915,0.0479075126349926,0.19127565622329712,1.6799999475479126,0.08033642172813416,-0.020147155970335007,0.020147155970335007,-0.0721699520945549,-0.07213001698255539,0.1019909605383873,0.04955058917403221,0.12119843065738678,0.0,0.003748553805053234,0.12944094836711884,0.0019127564737573266,-0.06491803377866745,-0.04729854315519333,0.08030190318822861,0.074179507791996,4-6deg,0.04-0.08,0.0,0.0,0.0,0.0
169,46,True,False,0.1264316290616989,0.1264316290616989,0.0,0.0,3.2799999713897705,1.3408514261245728,0.3090130388736725,-0.13096730411052704,-0.09796670079231262,0.11477356404066086,0.12154849618673325,-0.01906057819724083,-0.02650032751262188,1.1219178438186646,0.3459458351135254,0.05979544296860695,0.035191792994737625,0.00-0.05,True,True,False,True,False,False,False,True,True,0.12154849618673325,-0.1012892797589302,0.0539763979613781,0.057178646326065063,0.057178646326065063,0.0,0.12154849618673325,-0.01906057819724083,0.01906057819724083,-0.049337536096572876,-0.033894848078489304,0.0598507821559906,0.03544933721423149,0.01871170476078987,0.01871170476078987,-0.1012892797589302,0.0539763979613781,0.0005717864260077477,-0.049337536096572876,-0.033894848078489304,0.0598507821559906,0.03544933721423149,2-4deg,0.00-0.04,0.0,0.0006905339541845024,0.0,0.0
170,4,True,True,0.09728095680475235,0.08279188722372055,0.09097559005022049,0.1387341022491455,3.5,1.2835912704467773,0.3113643229007721,-0.062105175107717514,0.011527277529239655,0.1387341022491455,0.09097559005022049,-0.019349994137883186,-0.06821195781230927,1.2688555717468262,0.35368359088897705,0.13825437426567078,0.14947178959846497,0.10-0.15,False,True,False,True,True,False,False,False,True,0.07426717132329941,-0.08472271263599396,0.06318379193544388,0.12795184552669525,0.1660795509815216,0.2800000011920929,0.09097559005022049,-0.019349994137883186,0.019349994137883186,-0.012822309508919716,0.005505690351128578,0.013952489010989666,0.06110774725675583,0.03954431787133217,0.013536154292523861,0.01377897709608078,0.13804814219474792,0.0016607954166829586,-0.013626438565552235,-0.010355153121054173,0.01711444929242134,0.06055549904704094,0-2deg,0.04-0.08,0.0,0.0,0.0,0.0
171,7,False,False,1.566763997077942,1.1711715459823608,0.0,0.0,0.9399999976158142,4.2055277824401855,1.2463725805282593,-3.895217180252075,-4.190524578094482,4.873220920562744,1.5477083921432495,-0.02067611925303936,0.1156107485294342,3.858942747116089,2.2688698768615723,2.4875261783599854,0.14784207940101624,0.10-0.15,True,True,False,False,False,False,False,True,False,0.0,0.0,0.0,0.0,0.0,0.0,1.5477083921432495,-0.02067611925303936,0.02067611925303936,0.0,0.0,0.0,0.0,0.0,1.2481940984725952,-4.0039167404174805,2.7779362201690674,0.0,0.03329180181026459,0.06751728057861328,0.0752677470445633,0.042005158960819244,0-2deg,0.00-0.04,0.0,0.0,0.0,0.0
172,54,True,False,0.1330713927745819,0.1330713927745819,0.0,0.0,3.819999933242798,1.4176832437515259,0.28896966576576233,-0.07544678449630737,-0.0976618230342865,0.11330491304397583,0.1287773847579956,-0.017660778015851974,0.017013054341077805,1.353830337524414,0.3265918791294098,0.05744712054729462,0.06035131216049194,0.05-0.10,True,True,False,True,False,False,False,True,True,0.1287773847579956,-0.0985102578997612,0.055979762226343155,0.03617926687002182,0.03617926687002182,0.0,0.1287773847579956,-0.017660778015851974,0.017660778015851974,0.01905893161892891,-0.007223667111247778,0.020382804796099663,0.03540472686290741,0.03378135338425636,0.03378135338425636,-0.0985102578997612,0.055979762226343155,0.0003617926558945328,0.01905893161892891,-0.007223667111247778,0.020382804796099663,0.03540472686290741,0-2deg,0.00-0.04,0.0,0.0,0.0,0.0
173,28,True,True,0.08366191387176514,0.08366191387176514,0.07601790875196457,0.08875022083520889,2.9800000190734863,1.5229729413986206,0.3450261950492859,0.018734727054834366,0.06363212317228317,0.08875022083520889,0.07601790875196457,-0.020014123991131783,-0.046286918222904205,0.7523940205574036,0.3042149245738983,0.061867233365774155,0.050295449793338776,0.05-0.10,False,True,False,True,True,False,False,False,True,0.07660843431949615,-0.1678209900856018,0.021799419075250626,0.07029664516448975,0.3522435128688812,0.09999999403953552,0.07601790875196457,-0.020014123991131783,0.020014123991131783,0.037222716957330704,0.00899077020585537,0.038292743265628815,0.028360899537801743,0.04459797218441963,0.0007720404537394643,0.06393326073884964,0.06155598536133766,0.0035224349703639746,0.039193347096443176,0.007997618988156319,0.04000002518296242,0.026801280677318573,2-4deg,0.00-0.04,0.0,0.0,0.0,0.0
174,59,True,True,0.08112737536430359,0.08112737536430359,0.07328231632709503,0.09097368270158768,3.179999828338623,1.350329875946045,0.27908602356910706,-0.022753676399588585,0.08576419204473495,0.09097368270158768,0.07328231632709503,-0.020073523744940758,-0.11059612035751343,1.0302469730377197,0.3468741774559021,0.030343271791934967,0.03257400915026665,0.00-0.05,False,True,False,True,True,False,False,False,True,0.08201631903648376,-0.03916215896606445,0.1063874140381813,0.22243206202983856,0.40280893445014954,0.3199999928474426,0.07328231632709503,-0.020117996260523796,0.020117996260523796,0.05472578853368759,0.06213805079460144,0.08277830481529236,0.034936144948005676,0.027546599507331848,0.001691456069238484,0.08545655757188797,0.03119916282594204,0.004028089344501495,0.04375926032662392,0.06587481498718262,0.07906713336706161,0.04334035515785217,4-6deg,0.00-0.04,0.0,0.0,0.0,0.0
175,52,True,False,0.14408192038536072,0.09026090055704117,0.0,0.0,4.639999866485596,1.2203305959701538,0.19349229335784912,-0.10948990285396576,0.025373585522174835,0.17889200150966644,0.1393936574459076,-0.01809222251176834,-0.13454775512218475,1.244300127029419,0.4447268843650818,0.17708338797092438,0.09497739374637604,0.05-0.10,True,True,False,True,False,False,False,True,True,0.1393936574459076,0.021421415731310844,0.1776048243045807,0.054594699293375015,0.054594699293375015,0.0,0.1393936574459076,-0.018224485218524933,0.018224485218524933,0.02604741044342518,0.025884605944156647,0.03671906143426895,0.04036814719438553,0.031816527247428894,0.031816527247428894,0.021421415731310844,0.1776048243045807,0.000545946997590363,0.02604741044342518,0.025884605944156647,0.03671906143426895,0.04036814719438553,2-4deg,0.04-0.08,0.0,0.0,0.0,0.0
176,49,True,False,0.24790111184120178,0.1059340089559555,0.0,0.0,7.899999618530273,1.1370750665664673,0.10302238911390305,0.008312155492603779,0.022011637687683105,0.030666539445519447,0.2454185038805008,-0.019987698644399643,-0.015152087435126305,0.8602237105369568,0.11294738203287125,0.021352386102080345,0.019784819334745407,0.00-0.05,True,True,False,True,False,False,False,True,True,0.11509370058774948,-0.060601431876420975,0.14352361857891083,0.09308166801929474,1.0430126190185547,0.0,0.2454185038805008,-0.020169368013739586,0.020169368013739586,-0.04534072056412697,0.00419294647872448,0.04553468897938728,0.005907557904720306,0.14222772419452667,0.0,0.022247927263379097,0.02110607549548149,0.010430125519633293,0.027399413287639618,-0.001291819498874247,0.02742949314415455,0.02684781327843666,2-4deg,0.00-0.04,0.0,0.0,0.0,0.0
177,6,True,True,0.12188369780778885,0.11823441088199615,0.11665894836187363,0.21050108969211578,2.0799999237060547,1.52733314037323,0.40641722083091736,0.003865361213684082,-0.19581294059753418,0.21050108969211578,0.11665894836187363,-0.019502131268382072,0.19362278282642365,0.7365732789039612,0.33893024921417236,0.0772528350353241,0.07657008618116379,0.05-0.10,False,True,False,True,True,False,False,False,True,0.11351636797189713,-0.3874238431453705,0.030284766107797623,0.035792212933301926,0.20653657615184784,0.07999999821186066,0.11665894836187363,-0.019685428589582443,0.019685428589582443,-0.03975798562169075,0.013357426039874554,0.041941288858652115,0.05957917869091034,0.015289668925106525,0.01028877031058073,-0.1987803429365158,0.06926099210977554,0.002065365668386221,-0.041827671229839325,0.016240235418081284,0.04486854746937752,0.05869793891906738,2-4deg,0.04-0.08,0.0,0.0,0.0,0.0
178,8,True,True,0.03824135661125183,0.03552069514989853,0.01563527248799801,0.22669725120067596,3.299999952316284,0.9918308258056641,0.2999497354030609,-0.0663788840174675,0.04797138273715973,0.22669725120067596,0.01563527248799801,-0.020100081339478493,-0.1164858341217041,1.69400954246521,0.49439239501953125,0.22156351804733276,0.20950476825237274,>=0.15,False,True,False,True,True,False,False,False,True,0.009089302271604538,-0.1149207055568695,0.21655979752540588,0.11529385298490524,0.6246863007545471,0.14000000059604645,0.01563527248799801,-0.020100081339478493,0.020100081339478493,0.036930084228515625,-0.018974633887410164,0.04151693731546402,0.05659620091319084,0.0011960400734096766,0.0009134905994869769,0.03764725103974342,0.22354939579963684,0.006246862933039665,0.043501079082489014,-0.01914312317967415,0.04752480238676071,0.05286215618252754,2-4deg,0.04-0.08,0.0,0.0,0.0,0.0
179,21,True,True,0.04195823892951012,0.04195823892951012,0.023121098056435585,0.10877291858196259,3.0,1.1745959520339966,0.3359483480453491,0.008135054260492325,-0.031213220208883286,0.10877291858196259,0.023121098056435585,-0.019986052066087723,0.03907916694879532,1.330564260482788,0.4396836459636688,0.10419828444719315,0.10156761854887009,0.10-0.15,False,True,False,True,True,False,False,False,True,0.029818689450621605,-0.29117846488952637,0.04316161945462227,0.020843375474214554,0.26053422689437866,0.09999999403953552,0.023121098056435585,-0.019986052066087723,0.019986052066087723,-0.008320868946611881,-0.04215781390666962,0.04297066852450371,0.02149740420281887,0.07834924012422562,0.0,-0.030575435608625412,0.10438721626996994,0.0026053423061966896,-0.0087872464209795,-0.043715700507164,0.044589947909116745,0.019145268946886063,2-4deg,0.00-0.04,0.0,0.0,0.0,0.0
180,51,True,True,0.07708917558193207,0.07708917558193207,0.06867703050374985,0.03648199141025543,4.559999942779541,1.3379329442977905,0.28852301836013794,0.005107428878545761,0.00590479327365756,0.03648199141025543,0.06867703050374985,-0.019992779940366745,-0.0013929437845945358,0.9590756893157959,0.39924609661102295,0.03600095957517624,0.03349122405052185,0.00-0.05,False,True,False,True,True,False,False,False,True,0.07175427675247192,-0.173799067735672,0.09862501174211502,0.13284672796726227,0.18224425613880157,0.09999999403953552,0.06867703050374985,-0.02000078186392784,0.02000078186392784,-0.03586407005786896,-0.010928143747150898,0.03749189153313637,0.028339054435491562,0.043624769896268845,0.0003452669770922512,0.004646763205528259,0.036184847354888916,0.001822442514821887,-0.033918194472789764,-0.012129364535212517,0.036020759493112564,0.028825668618083,2-4deg,0.00-0.04,0.0,0.0,0.0,0.0
181,25,True,True,0.04978413134813309,0.04978413134813309,0.03541796654462814,0.21014583110809326,2.0999999046325684,1.219980001449585,0.25221753120422363,-0.01083154696971178,-0.10979843884706497,0.21014583110809326,0.03541796654462814,-0.020019058138132095,0.09576355665922165,0.727973461151123,0.32557496428489685,0.17918026447296143,0.1744161993265152,>=0.15,False,True,False,True,True,False,False,False,True,0.03501053526997566,-0.23558911681175232,0.2842717170715332,0.03726824000477791,0.27483829855918884,0.14000000059604645,0.03541796654462814,-0.02004166506230831,0.02004166506230831,0.06395591050386429,0.020826149731874466,0.0672573521733284,0.06995180249214172,0.1603357493877411,0.0006905339541845024,-0.12071872502565384,0.17201237380504608,0.0027483829762786627,0.06129954755306244,0.012707621790468693,0.06260170787572861,0.07233698666095734,2-4deg,0.04-0.08,0.0,0.0,0.0,0.0
182,30,True,True,0.11760909110307693,0.10595349967479706,0.1123080775141716,0.2543982267379761,1.9799998998641968,1.4844776391983032,0.3743947744369507,-0.0075602224096655846,-0.14585401117801666,0.2543982267379761,0.1123080775141716,-0.020014239475131035,0.13567209243774414,0.5242360830307007,0.30025458335876465,0.2084348201751709,0.2009071409702301,>=0.15,False,True,False,True,True,False,False,False,True,0.10683228820562363,-0.15587230026721954,0.21322233974933624,0.1238412857055664,0.2566685378551483,0.05999999865889549,0.1123080775141716,-0.020014239475131035,0.020014239475131035,-0.0001089181678253226,-0.05103723704814911,0.05103735625743866,0.021495934575796127,0.002674427116289735,0.0011451211757957935,-0.14331603050231934,0.21018797159194946,0.0025666854344308376,-1.1527326023497153e-05,-0.050147999078035355,0.05014748126268387,0.02322758547961712,2-4deg,0.00-0.04,0.0,0.0,0.0,0.0
183,17,True,True,0.055102087557315826,0.055102087557315826,0.04254872351884842,0.12704186141490936,2.2799999713897705,1.3814822435379028,0.36594465374946594,0.002809966215863824,0.0017429555300623178,0.12704186141490936,0.04254872351884842,-0.019992059096693993,0.0009703639661893249,0.5791525840759277,0.2397080808877945,0.1270298957824707,0.12627696990966797,0.10-0.15,False,True,False,True,True,False,False,False,True,0.05011988803744316,-0.21649959683418274,0.14963091909885406,0.04838249087333679,0.466146856546402,0.07999999821186066,0.04254872351884842,-0.01999722048640251,0.01999722048640251,0.010075999423861504,-0.011470934376120567,0.015266260132193565,0.007085978984832764,0.02443663217127323,0.0,0.0007852292619645596,0.12703943252563477,0.00466146832332015,0.010486193932592869,-0.011463900096714497,0.015537170693278313,0.006586994975805283,0-2deg,0.00-0.04,0.0,0.0,0.0,0.0
184,35,True,True,0.0480087585747242,0.0480087585747242,0.03289502114057541,0.2547432780265808,2.3999998569488525,1.4616891145706177,0.38364213705062866,-0.019735492765903473,-0.20820680260658264,0.2547432780265808,0.03289502114057541,-0.020016465336084366,0.18851254880428314,1.0404270887374878,0.39258450269699097,0.14677897095680237,0.15048226714134216,>=0.15,False,True,False,True,True,False,False,False,True,0.0413987822830677,-0.39796605706214905,0.0958900898694992,0.02582230418920517,0.2071739286184311,0.07999999821186066,0.03289502114057541,-0.020016465336084366,0.020016465336084366,-0.03137325495481491,0.038967106491327286,0.05002247542142868,0.03669842332601547,0.0013810680247843266,0.0006905339541845024,-0.20635996758937836,0.14936432242393494,0.002071739174425602,-0.03329786658287048,0.03789291903376579,0.050439149141311646,0.036781854927539825,2-4deg,0.00-0.04,0.0,0.0,0.0,0.0
185,32,True,False,0.14700880646705627,0.1270485669374466,0.0,0.0,4.179999828338623,1.1779407262802124,0.2141135334968567,-0.008810452185571194,-0.03410359472036362,0.03734041377902031,0.14272843301296234,-0.019890712574124336,0.016740089282393456,0.9422499537467957,0.2552199959754944,0.01520694699138403,0.2523059844970703,>=0.15,True,True,False,True,False,False,False,True,True,0.14272843301296234,-0.033557068556547165,0.01637771911919117,0.03900895640254021,0.03900895640254021,0.0,0.14272843301296234,-0.019890712574124336,0.019890712574124336,-0.009489498101174831,0.040039900690317154,0.04114910960197449,0.05999356135725975,0.002537184627726674,0.002537184627726674,-0.033557068556547165,0.01637771911919117,0.0003900895535480231,-0.009489498101174831,0.040039900690317154,0.04114910960197449,0.05999356135725975,2-4deg,0.04-0.08,0.0,0.0,0.0,0.0
186,36,False,False,0.42823880910873413,0.42823880910873413,0.0,0.0,1.0199999809265137,2.8606317043304443,0.7739139795303345,-2.094430685043335,-1.839514136314392,1.9660683870315552,0.4206274449825287,-0.009356955997645855,0.07826723903417587,1.9191017150878906,1.0294286012649536,0.6939831972122192,0.23340532183647156,>=0.15,True,True,False,False,False,False,False,True,False,0.0,0.0,0.0,0.0,0.0,0.0,0.4206274449825287,-0.009356955997645855,0.009356955997645855,0.0,0.0,0.0,0.0,0.0,0.808616578578949,-1.8590400218963623,0.6398399472236633,0.0,0.031937774270772934,0.021978303790092468,0.038767777383327484,0.04557954892516136,0-2deg,0.00-0.04,0.0,0.0,0.0,0.0
187,14,True,True,0.07038930803537369,0.07038930803537369,0.061014045029878616,0.2604338824748993,3.5,1.35310697555542,0.3014673888683319,-0.03712618350982666,-0.20896661281585693,0.2604338824748993,0.061014045029878616,-0.01994616538286209,0.17269094288349152,1.0391521453857422,0.43952661752700806,0.15543091297149658,0.1978677362203598,>=0.15,False,True,False,True,True,False,False,False,True,0.06369544565677643,-0.12556956708431244,0.03297502547502518,0.4509075880050659,0.4509075880050659,0.05999999865889549,0.061014045029878616,-0.01994616538286209,0.01994616538286209,-0.008070284500718117,0.01157104130834341,0.014105445705354214,0.06125445291399956,0.0016558425268158317,0.0008457279182039201,-0.20889310538768768,0.1555296778678894,0.00450907601043582,-0.005990868899971247,0.012869060970842838,0.014193910174071789,0.06129778176546097,0-2deg,0.04-0.08,0.0,0.0,0.0,0.0
188,58,True,True,0.11465515196323395,0.03782019019126892,0.10952334851026535,0.15890412032604218,4.420000076293945,0.9538373947143555,0.17003831267356873,-0.09210173785686493,0.005370922386646271,0.15890412032604218,0.10952334851026535,-0.017675451934337616,-0.09744222462177277,0.6805465221405029,0.28119519352912903,0.15881332755088806,0.22748303413391113,>=0.15,False,True,False,True,True,False,False,False,True,0.031573586165905,-0.01824602484703064,0.10071020573377609,0.20697425305843353,0.30913877487182617,0.6200000047683716,0.10952334851026535,-0.020126119256019592,0.020126119256019592,-0.0001509944850113243,0.05376731976866722,0.05376732721924782,0.021025799214839935,0.007413213141262531,0.03483439236879349,0.012337818741798401,0.15842442214488983,0.0030913876835256815,-0.0023231131490319967,0.06017947942018509,0.060224294662475586,0.0033929503988474607,2-4deg,0.00-0.04,0.0,0.0,0.0,0.0
189,61,True,True,0.06145936995744705,0.06145936995744705,0.0506335124373436,0.14358259737491608,2.740000009536743,1.4211912155151367,0.37598922848701477,-0.0989837497472763,0.033069923520088196,0.14358259737491608,0.0506335124373436,-0.020039912313222885,-0.13107123970985413,0.8243086338043213,0.28747788071632385,0.13972237706184387,0.1684742420911789,>=0.15,False,True,False,True,True,False,False,False,True,0.05392365902662277,-0.10101105272769928,0.05210822448134422,0.11221354454755783,0.21304158866405487,0.09999999403953552,0.0506335124373436,-0.02012408897280693,0.02012408897280693,-0.04553312435746193,0.021702609956264496,0.05043796822428703,0.03375014662742615,0.0485488623380661,0.003537935670465231,0.03918401524424553,0.1381324678659439,0.0021304157562553883,-0.04287807643413544,0.020875543355941772,0.047687627375125885,0.03575260192155838,2-4deg,0.00-0.04,0.0,0.0,0.0,0.0
190,45,True,True,0.11678574979305267,0.1145651787519455,0.11141466349363327,0.24003471434116364,2.3399999141693115,1.1713148355484009,0.34230056405067444,0.0011628768406808376,-0.1438712328672409,0.24003471434116364,0.11141466349363327,-0.020008057355880737,0.14510461688041687,0.8911659717559814,0.4495186507701874,0.1921398788690567,0.1940915584564209,>=0.15,False,True,False,True,True,False,False,False,True,0.10950976610183716,-0.23326683044433594,0.00956083182245493,0.02211698517203331,0.32095104455947876,0.07999999821186066,0.11141466349363327,-0.020023364573717117,0.020023364573717117,-0.011604703962802887,0.012833968736231327,0.01730150170624256,0.0016239270335063338,0.02420378103852272,0.0012448779307305813,-0.14232635498046875,0.19328701496124268,0.00320951035246253,-0.01160350814461708,0.012725483626127243,0.017222078517079353,0.002003413625061512,0-2deg,0.00-0.04,0.0,0.0,0.0,0.0
191,37,True,True,0.08832801878452301,0.08832801878452301,0.08107202500104904,0.18741168081760406,1.9199999570846558,1.426488995552063,0.3936806917190552,-0.03056715615093708,-0.17525635659694672,0.18741168081760406,0.08107202500104904,-0.01993289589881897,0.14304181933403015,1.0621412992477417,0.40853631496429443,0.06639538705348969,0.05984710156917572,0.05-0.10,False,True,False,True,True,False,False,False,True,0.08300687372684479,-0.40350547432899475,0.12713684141635895,0.07275605201721191,0.27366122603416443,0.09999999403953552,0.08107202500104904,-0.020010700449347496,0.020010700449347496,0.003094098996371031,0.016886238008737564,0.017166612669825554,0.04009145870804787,0.10534891486167908,0.001423572306521237,-0.17485690116882324,0.06744038313627243,0.0027366122230887413,0.006101357284933329,0.01575218141078949,0.016893602907657623,0.04024441912770271,0-2deg,0.04-0.08,0.0,0.0,0.0,0.0
192,60,True,True,0.06425271928310394,0.06425271928310394,0.05303160101175308,0.060812223702669144,3.6399998664855957,1.305166482925415,0.2506771385669708,-0.08641456812620163,0.008206702768802643,0.060812223702669144,0.05303160101175308,-0.01822730526328087,-0.09255023300647736,0.780177891254425,0.29918378591537476,0.060255926102399826,0.04678424075245857,0.00-0.05,False,True,False,True,True,False,False,False,True,0.09625077992677689,-0.012177892960608006,0.21289405226707458,0.05048742890357971,0.1230311244726181,0.9399999976158142,0.05303160101175308,-0.018423495814204216,0.018423495814204216,-0.00023084999702405185,0.05900156870484352,0.05900174379348755,0.0215817429125309,0.03222425654530525,0.03144334629178047,0.004783605225384235,0.060623783618211746,0.0012303112307563424,-0.004411668516695499,0.06878726929426193,0.0689287930727005,0.0033954642713069916,2-4deg,0.00-0.04,0.0,0.0,0.0,0.0
193,11,True,True,0.050192221999168396,0.050192221999168396,0.03597603738307953,0.10733482241630554,2.3999998569488525,1.4897044897079468,0.44993430376052856,0.011443228460848331,-0.04934045672416687,0.10733482241630554,0.03597603738307953,-0.01999080926179886,0.05971265956759453,0.7914162874221802,0.35273078083992004,0.09532200545072556,0.0902729332447052,0.05-0.10,False,True,False,True,True,False,False,False,True,0.04012409597635269,-0.2967508137226105,0.04907838627696037,0.0813913568854332,0.6242011189460754,0.07999999821186066,0.03597603738307953,-0.020073136314749718,0.020073136314749718,-0.05676795542240143,0.03682580217719078,0.0676552802324295,0.01725667156279087,0.07131420820951462,0.0,-0.04272317886352539,0.0984657034277916,0.006242011208087206,-0.05771377682685852,0.037137456238269806,0.06861914694309235,0.015951750800013542,2-4deg,0.00-0.04,0.0,0.0,0.0,0.0
194,20,True,True,0.045257873833179474,0.045257873833179474,0.028673484921455383,0.20775434374809265,2.5,1.4216896295547485,0.3718143701553345,0.005493717268109322,-0.011836126446723938,0.20775434374809265,0.028673484921455383,-0.019986776635050774,0.017030274495482445,0.8397181034088135,0.3218980133533478,0.20741689205169678,0.20297114551067352,>=0.15,False,True,False,True,True,False,False,False,True,0.03247961029410362,-0.05220770835876465,0.1339346468448639,0.4350571930408478,0.4350571930408478,0.05999999865889549,0.028673484921455383,-0.02016294188797474,0.02016294188797474,0.000343198305927217,-0.038275305181741714,0.038277171552181244,0.01185509841889143,0.002042627427726984,0.0,-0.008581139147281647,0.20757704973220825,0.004350571893155575,0.00073289277497679,-0.038532909005880356,0.038539499044418335,0.011507200077176094,2-4deg,0.00-0.04,0.0,0.0,0.0,0.0
195,23,True,False,0.2451401948928833,0.06463946402072906,0.0,0.0,5.579999923706055,1.2760303020477295,0.19833707809448242,0.08997703343629837,-0.04324644058942795,0.2858232259750366,0.24322856962680817,-0.01847592554986477,0.13394178450107574,0.9688790440559387,0.26944103837013245,0.28253260254859924,0.13687622547149658,0.10-0.15,True,True,False,True,False,False,False,True,True,0.05360855534672737,-0.16378384828567505,0.2253739833831787,0.09520610421895981,0.6075426936149597,0.0,0.24322856962680817,-0.020092898979783058,0.020092898979783058,-0.02179069258272648,-0.015192432329058647,0.02656390890479088,0.032442305237054825,0.10884404927492142,0.024107538163661957,-0.03338585048913956,0.2838667035102844,0.006075426936149597,0.010545231401920319,-0.03451856970787048,0.03609350696206093,0.02717679552733898,0-2deg,0.00-0.04,0.0,0.0,0.0,0.0
196,34,True,True,0.06691228598356247,0.06691228598356247,0.05698719620704651,0.18276643753051758,3.799999952316284,1.2857599258422852,0.28236040472984314,-0.009672649204730988,-0.038509588688611984,0.18276643753051758,0.05698719620704651,-0.019970716908574104,0.02917804755270481,1.426805853843689,0.558789849281311,0.17866331338882446,0.21097439527511597,>=0.15,False,True,False,True,True,False,False,False,True,0.05590922757983208,-0.1607104390859604,0.13215434551239014,0.05650751292705536,0.5215979218482971,0.09999999403953552,0.05698719620704651,-0.019970737397670746,0.019970737397670746,-0.07339345663785934,-0.0755300521850586,0.10526726394891739,0.01825411058962345,0.07973892241716385,0.001035800902172923,-0.030699819326400757,0.18016962707042694,0.005215979181230068,-0.0742960274219513,-0.07447565346956253,0.10514920204877853,0.016858456656336784,>=6deg,0.00-0.04,0.0,0.0006905339541845024,0.0,0.0
197,29,True,False,0.2714855670928955,0.06755410134792328,0.0,0.0,3.5799999237060547,1.060644268989563,0.16533692181110382,0.0222700797021389,0.07343850284814835,0.2577424645423889,0.2691618502140045,-0.020022938027977943,-0.055050287395715714,0.8215106129646301,0.30175289511680603,0.24705862998962402,0.22019585967063904,>=0.15,True,True,False,True,False,False,False,True,True,0.08467908948659897,-0.0273799616843462,0.249433234333992,0.023162642493844032,0.9736234545707703,0.0,0.2691618502140045,-0.020181093364953995,0.020181093364953995,-0.01818718947470188,0.026502011343836784,0.03214089944958687,0.010490420274436474,0.05395996570587158,0.0019834081176668406,0.08090362697839737,0.24471572041511536,0.009736234322190285,-0.022007085382938385,0.020941562950611115,0.030376814305782318,0.011588625609874725,0-2deg,0.00-0.04,0.0,0.0,0.0,0.0
198,27,True,True,0.037915583699941635,0.035757072269916534,0.014553575776517391,0.18613000214099884,2.4600000381469727,1.1603578329086304,0.3236052393913269,0.004820490255951881,0.0010856324806809425,0.18613000214099884,0.014553575776517391,-0.019988516345620155,0.00412000622600317,0.9597498774528503,0.3694390058517456,0.18612684309482574,0.18398886919021606,>=0.15,False,True,False,True,True,False,False,False,True,0.007247024215757847,-0.2221960723400116,0.1528264880180359,0.07882218807935715,0.19059082865715027,0.07999999821186066,0.014553575776517391,-0.0200252253562212,0.0200252253562212,-0.035896092653274536,0.0009801917476579547,0.03590969741344452,0.02564655989408493,0.0014648438664153218,0.0,-0.003395947627723217,0.18609903752803802,0.0019059082260355353,-0.03432432934641838,0.0010106898844242096,0.034339699894189835,0.026747705414891243,2-4deg,0.00-0.04,0.0,0.0,0.0,0.0
199,53,True,False,0.12611055374145508,0.12611055374145508,0.0,0.0,3.0,1.4461095333099365,0.2871910631656647,-0.13737718760967255,-0.10138775408267975,0.11621459573507309,0.12198810279369354,-0.015632789582014084,-0.03375237062573433,0.9916814565658569,0.35046693682670593,0.05680101364850998,0.07166571915149689,0.05-0.10,True,True,False,True,False,False,False,True,True,0.12198810279369354,-0.10358370095491409,0.052690133452415466,0.044431786984205246,0.044431786984205246,0.0,0.12198810279369354,-0.015632789582014084,0.015632789582014084,0.05942511186003685,0.0188079122453928,0.062326714396476746,0.05079765245318413,0.06362517178058624,0.06362517178058624,-0.10358370095491409,0.052690133452415466,0.0004443178477231413,0.05942511186003685,0.0188079122453928,0.062326714396476746,0.05079765245318413,2-4deg,0.04-0.08,0.0,0.0,0.0,0.0
200,63,True,False,0.1478452980518341,0.11637328565120697,0.0,0.0,4.059999942779541,1.3441625833511353,0.23713713884353638,-0.14867548644542694,-0.09093263000249863,0.12906035780906677,0.14079762995243073,-0.015444778837263584,-0.06139928475022316,0.8087418079376221,0.36933034658432007,0.09158511459827423,0.09233081340789795,0.05-0.10,True,True,False,True,False,False,False,True,True,0.14079762995243073,-0.09678081423044205,0.08538179099559784,0.05779572203755379,0.05779572203755379,0.0,0.14079762995243073,-0.015444778837263584,0.015444778837263584,0.06921588629484177,-0.01066721510142088,0.07003203779459,0.02253194898366928,0.07029390335083008,0.07029390335083008,-0.09678081423044205,0.08538179099559784,0.0005779571947641671,0.06921588629484177,-0.01066721510142088,0.07003203779459,0.02253194898366928,4-6deg,0.00-0.04,0.0,0.0,0.0,0.0
201,18,True,True,0.09282387048006058,0.092559315264225,0.08596648275852203,0.0952044352889061,2.180000066757202,1.544601559638977,0.3931577503681183,0.009003309532999992,-0.08897534012794495,0.0952044352889061,0.08596648275852203,-0.020005879923701286,0.09646071493625641,0.7002226114273071,0.3242361545562744,0.03387143835425377,0.027461962774395943,0.00-0.05,False,True,False,True,True,False,False,False,True,0.08516540378332138,-0.33371567726135254,0.10149504989385605,0.11861840635538101,0.3065016269683838,0.09999999403953552,0.08596648275852203,-0.020013941451907158,0.020013941451907158,0.05480184406042099,0.018116099759936333,0.057716161012649536,0.048002395778894424,0.11266797035932541,0.0006905339541845024,-0.0874510109424591,0.0376325361430645,0.003065016120672226,0.058418773114681244,0.01899121329188347,0.06142449006438255,0.04499831050634384,2-4deg,0.04-0.08,0.0,0.0,0.0,0.0
202,15,True,True,0.06558021157979965,0.059979360550642014,0.05545402690768242,0.260696142911911,2.2200000286102295,1.3313548564910889,0.45296216011047363,-0.031431905925273895,-0.19914695620536804,0.260696142911911,0.05545402690768242,-0.020008089020848274,0.16896280646324158,1.2553884983062744,0.491073876619339,0.16823485493659973,0.18132591247558594,>=0.15,False,True,False,True,True,False,False,False,True,0.047098539769649506,-0.49334728717803955,0.11527915298938751,0.17777860164642334,0.37847280502319336,0.07999999821186066,0.05545402690768242,-0.020023392513394356,0.020023392513394356,-0.001285902806557715,0.06711328774690628,0.06712596118450165,0.018893348053097725,0.07454215735197067,0.0,-0.1929778754711151,0.1752769947052002,0.003784728003665805,-0.001433425466530025,0.06819899380207062,0.06821372359991074,0.017625868320465088,2-4deg,0.00-0.04,0.0,0.0,0.0,0.0
203,40,True,True,0.05222323164343834,0.04404274746775627,0.03876500204205513,0.19568412005901337,5.359999656677246,0.9906231760978699,0.1410219520330429,-0.08081959187984467,0.0024562105536460876,0.19568412005901337,0.03876500204205513,-0.019869688898324966,-0.08143724501132965,0.7262861728668213,0.1720702052116394,0.19566871225833893,0.22113662958145142,>=0.15,False,True,False,True,True,False,False,False,True,0.028228549286723137,-0.20129558444023132,0.08571027219295502,0.09606802463531494,1.1316680908203125,0.1599999964237213,0.03876500204205513,-0.020105920732021332,0.020105920732021332,0.0024533667601644993,-0.0623956099152565,0.06244335323572159,0.039773840457201004,0.09501177072525024,0.003537935670465231,0.011611590161919594,0.19533932209014893,0.01131668034940958,0.007644552271813154,-0.05999927967786789,0.06048418954014778,0.04203754663467407,2-4deg,0.00-0.04,0.0,0.0,0.0,0.0
204,48,True,False,0.09592829644680023,0.09592829644680023,0.0,0.0,7.940000057220459,0.9166611433029175,0.10293924063444138,-0.05337714031338692,-0.17140009999275208,0.3017057776451111,0.08769817650318146,-0.015715336427092552,0.11892442405223846,0.9213721752166748,0.2351357638835907,0.24829091131687164,0.2607109844684601,>=0.15,True,True,False,False,False,False,False,False,False,0.0,0.0,0.0,0.0,0.0,0.0,0.08769817650318146,-0.015715336427092552,0.015715336427092552,0.0,0.0,0.0,0.0,0.0,0.07972021400928497,-0.17674526572227478,0.24451479315757751,0.0,0.0017606493784114718,-0.024095557630062103,0.02415940910577774,0.010016283951699734,0-2deg,0.00-0.04,0.0,0.0,0.0,0.0
205,51,False,False,0.8335481882095337,0.7897868752479553,0.0,0.0,1.0799999237060547,2.7610857486724854,0.9461970329284668,-2.649057626724243,-2.7309446334838867,3.2906532287597656,0.853600263595581,-0.0398910753428936,0.03613501042127609,2.415628671646118,1.3140448331832886,1.8358486890792847,0.24689820408821106,>=0.15,True,True,False,False,False,False,False,True,False,0.0,0.0,0.0,0.0,0.0,0.0,0.853600263595581,-0.0398910753428936,0.0398910753428936,0.0,0.0,0.0,0.0,0.0,1.1473497152328491,-2.6543943881988525,1.9448881149291992,0.0,0.06608011573553085,-0.05541845038533211,0.0862169861793518,0.025433972477912903,0-2deg,0.00-0.04,0.0,0.0,0.0,0.0
206,2,True,True,0.09397143125534058,0.09397143125534058,0.0870475098490715,0.03824561834335327,2.6599998474121094,1.2037307024002075,0.27413976192474365,-0.040987223386764526,0.009799305349588394,0.03824561834335327,0.0870475098490715,-0.01814275048673153,-0.05129842087626457,0.5367888808250427,0.2556964159011841,0.03696891665458679,0.026872936636209488,0.00-0.05,False,True,False,True,True,False,False,False,True,0.08954241126775742,-0.15446750819683075,0.01782608963549137,0.06838452816009521,0.13832591474056244,0.1599999964237213,0.0870475098490715,-0.01814275048673153,0.01814275048673153,-0.07299241423606873,0.004689451307058334,0.07314283400774002,0.02403266727924347,0.114857517182827,0.036415811628103256,0.007803123909980059,0.037441134452819824,0.0013832590775564313,-0.06961845606565475,0.0061326464638113976,0.06988793611526489,0.02839449606835842,4-6deg,0.00-0.04,0.0,0.0,0.0,0.0
207,30,False,False,0.7639657855033875,0.7237311005592346,0.0,0.0,1.0799999237060547,2.7446439266204834,0.895721435546875,-2.918430805206299,-3.0460832118988037,3.6129047870635986,0.7842651009559631,-0.018139401450753212,0.12464386969804764,2.064443826675415,1.1692206859588623,1.9427967071533203,0.0940166488289833,0.05-0.10,True,True,False,False,False,False,False,True,False,0.0,0.0,0.0,0.0,0.0,0.0,0.7842651009559631,-0.018139401450753212,0.018139401450753212,0.0,0.0,0.0,0.0,0.0,1.4084948301315308,-3.069699764251709,1.9052624702453613,0.0,-0.014449821785092354,-0.01516049262136221,0.02094246819615364,0.06265760958194733,0-2deg,0.00-0.04,0.0,0.0,0.0,0.0
208,44,True,True,0.0850810781121254,0.07887247204780579,0.07755369693040848,0.12037219107151031,3.379999876022339,1.2986164093017578,0.32134145498275757,0.00938678253442049,-0.039761655032634735,0.12037219107151031,0.07755369693040848,-0.019996479153633118,0.048530980944633484,1.1705522537231445,0.524694561958313,0.1136154755949974,0.12289932370185852,0.10-0.15,False,True,False,True,True,False,False,False,True,0.0705743357539177,-0.27888625860214233,0.17117244005203247,0.1425771415233612,0.24768275022506714,0.07999999821186066,0.07755369693040848,-0.0200012419372797,0.0200012419372797,0.061735399067401886,0.023063134402036667,0.06589733064174652,0.051519207656383514,0.009923088364303112,0.0003452669770922512,-0.037080567330121994,0.11451853811740875,0.002476827474310994,0.05967900529503822,0.0206694807857275,0.06315282732248306,0.0536557137966156,2-4deg,0.04-0.08,0.0,0.0,0.0,0.0
209,16,True,True,0.09568344801664352,0.09568344801664352,0.0889536440372467,0.18006472289562225,2.379999876022339,1.4680089950561523,0.30662065744400024,-0.029275229200720787,-0.17951658368110657,0.18006472289562225,0.0889536440372467,-0.01988901197910309,0.15057453513145447,0.95770663022995,0.3992222249507904,0.0140391755849123,0.07536064088344574,0.05-0.10,False,True,False,True,True,False,False,False,True,0.08905261754989624,-0.0991106629371643,0.06694897264242172,0.07119544595479965,0.07119544595479965,0.05999999865889549,0.0889536440372467,-0.01989883743226528,0.01989883743226528,0.002808352466672659,-0.07419892400503159,0.07425186783075333,0.006000830326229334,0.015375196933746338,0.0015822122804820538,-0.1798567771911621,0.008651158772408962,0.0007119544316083193,0.0026363201905041933,-0.07400104403495789,0.07404830306768417,0.007136848755180836,4-6deg,0.00-0.04,0.0,0.0,0.0,0.0
210,38,True,True,0.06706017255783081,0.06706017255783081,0.057181425392627716,0.08395852893590927,2.679999828338623,1.4836761951446533,0.40268734097480774,0.011234383098781109,0.0230930894613266,0.08395852893590927,0.057181425392627716,-0.019898219034075737,-0.01052196603268385,0.5582605600357056,0.21185578405857086,0.08072015643119812,0.07996779680252075,0.05-0.10,False,True,False,True,True,False,False,False,True,0.06155892089009285,-0.17715336382389069,0.11286476254463196,0.08298957347869873,0.08298957347869873,0.09999999403953552,0.057181425392627716,-0.0199601948261261,0.0199601948261261,-0.0028553323354572058,-0.04047780856490135,0.040578633546829224,0.0370846763253212,0.0006905339541845024,0.0019834081176668406,0.019619811326265335,0.08163392543792725,0.0008298957254737616,-0.003454458899796009,-0.043323125690221786,0.04346045106649399,0.035590920597314835,2-4deg,0.00-0.04,0.0,0.0,0.0,0.0
211,41,True,True,0.08575061708688736,0.0817185714840889,0.0782490149140358,0.2593141794204712,2.319999933242798,1.4660853147506714,0.3428167700767517,0.01367146521806717,-0.11068297922611237,0.2593141794204712,0.0782490149140358,-0.020004186779260635,0.1271538883447647,0.7027248740196228,0.39901870489120483,0.23450613021850586,0.22678165137767792,>=0.15,False,True,False,True,True,False,False,False,True,0.07381018251180649,-0.3467782735824585,0.024608304724097252,0.049823809415102005,0.3858327269554138,0.09999999403953552,0.0782490149140358,-0.020020702853798866,0.020020702853798866,0.0013300864957273006,-0.012081088498234749,0.01215327624231577,0.0666433647274971,0.006477794144302607,0.001035800902172923,-0.11102748662233353,0.23434320092201233,0.003858327167108655,0.006085226312279701,-0.00965986866503954,0.011414779350161552,0.06671656668186188,0-2deg,0.04-0.08,0.0,0.0,0.0,0.0
212,10,True,True,0.11779570579528809,0.11669637262821198,0.11248422414064407,0.23299309611320496,1.8600000143051147,1.193953514099121,0.3100893199443817,-0.037536852061748505,-0.18502694368362427,0.23299309611320496,0.11248422414064407,-0.019992053508758545,0.14786331355571747,0.8439686894416809,0.362074077129364,0.14160089194774628,0.1500863879919052,>=0.15,False,True,False,True,True,False,False,False,True,0.11182352155447006,-0.29723918437957764,0.02763216383755207,0.05903419479727745,0.3284841477870941,0.07999999821186066,0.11248422414064407,-0.020028505474328995,0.020028505474328995,-0.004464738070964813,-0.0004056612669955939,0.004488474689424038,0.013147212564945221,0.012700092047452927,0.0003452669770922512,-0.18457578122615814,0.14218847453594208,0.0032848413102328777,-0.003673204453662038,-0.00046437891433015466,0.0037025781348347664,0.013304796069860458,0-2deg,0.00-0.04,0.0,0.0,0.0,0.0
213,50,True,True,0.09507107734680176,0.07690264284610748,0.08849073946475983,0.23280677199363708,2.7799999713897705,1.5673736333847046,0.3673664927482605,0.0031166316475719213,0.09425769001245499,0.23280677199363708,0.08849073946475983,-0.020068513229489326,-0.09087446331977844,1.2996467351913452,0.4249008893966675,0.2128719836473465,0.2089424431324005,>=0.15,False,True,False,True,True,False,False,False,True,0.0751844272017479,-0.05400758981704712,0.3056889474391937,0.12853467464447021,0.6528879404067993,0.11999999731779099,0.08849073946475983,-0.02014576829969883,0.02014576829969883,-0.07293632626533508,0.020838316529989243,0.07584968954324722,0.013815464451909065,0.10094887018203735,0.002341714920476079,0.08989410102367401,0.21475112438201904,0.006528879050165415,-0.07407600432634354,0.020215768367052078,0.07678002119064331,0.012222794815897942,4-6deg,0.00-0.04,0.0,0.0,0.0,0.0
214,12,True,True,0.07663469761610031,0.07663469761610031,0.06816424429416656,0.09419333934783936,3.9599997997283936,1.17857027053833,0.23960581421852112,0.007064444944262505,-0.011099392548203468,0.09419333934783936,0.06816424429416656,-0.01998581551015377,0.019917704164981842,1.0086896419525146,0.36110690236091614,0.0935370996594429,0.0900612473487854,0.05-0.10,False,True,False,True,True,False,False,False,True,0.07174551486968994,-0.15125802159309387,0.18445280194282532,0.06427265703678131,0.5422935485839844,0.11999999731779099,0.06816424429416656,-0.02011793479323387,0.02011793479323387,-0.07451041787862778,0.05136164650321007,0.09047037363052368,0.031187569722533226,0.0962713211774826,0.0,-0.016611451283097267,0.09271702170372009,0.005422935355454683,-0.07201271504163742,0.05339455604553223,0.08962061256170273,0.03358658775687218,4-6deg,0.00-0.04,0.0,0.0,0.0,0.0
215,33,True,True,0.04345831647515297,0.04224603250622749,0.02574221044778824,0.16057249903678894,3.6999998092651367,0.8091010451316833,0.2210162878036499,0.004841059446334839,-0.011885097250342369,0.16057249903678894,0.02574221044778824,-0.019988054409623146,0.01661156304180622,0.8184255957603455,0.30702510476112366,0.1601320505142212,0.1561373472213745,>=0.15,False,True,False,True,True,False,False,False,True,0.022788412868976593,-0.2272491753101349,0.0702843964099884,0.27699044346809387,0.27699044346809387,0.07999999821186066,0.02574221044778824,-0.019988054409623146,0.019988054409623146,-0.012308388017117977,-0.0011186894262209535,0.012357549741864204,0.003365281503647566,0.032031282782554626,0.0,-0.01056924369186163,0.1602242887020111,0.0027699044439941645,-0.012497100979089737,-0.0011599749559536576,0.012549004517495632,0.003073140513151884,0-2deg,0.00-0.04,0.0,0.0,0.0,0.0
216,62,True,True,0.05221311375498772,0.04536391422152519,0.03873992711305618,0.20854900777339935,2.3399999141693115,1.5502880811691284,0.47345060110092163,0.004855000413954258,-0.015884477645158768,0.20854900777339935,0.03873992711305618,-0.0199934933334589,0.021226560696959496,0.8134834170341492,0.3737112581729889,0.20794320106506348,0.2048576921224594,>=0.15,False,True,False,True,True,False,False,False,True,0.029227809980511665,0.003113300073891878,0.22765600681304932,0.8738686442375183,0.8738686442375183,0.07999999821186066,0.03873992711305618,-0.02017788775265217,0.02017788775265217,0.03297602757811546,-0.005613671150058508,0.03344971686601639,0.03806275501847267,0.00622439943253994,0.0,-0.020734377205371857,0.20751573145389557,0.008738686330616474,0.03500407561659813,-0.006551950704306364,0.03561127930879593,0.03640849515795708,0-2deg,0.00-0.04,0.0,0.0,0.0,0.0
217,54,True,True,0.0713299810886383,0.0713299810886383,0.06203196942806244,0.09254878759384155,1.7999999523162842,1.7487645149230957,0.5762439370155334,-0.07190164178609848,-0.04244019836187363,0.09254878759384155,0.06203196942806244,-0.019658362492918968,-0.027414334937930107,0.5032640695571899,0.20269453525543213,0.08224420249462128,0.06635239720344543,0.05-0.10,False,True,False,True,True,False,False,False,True,0.06444786489009857,-0.23749974370002747,0.19381959736347198,0.1383829265832901,0.14581675827503204,0.09999999403953552,0.06203196942806244,-0.01994071714580059,0.01994071714580059,-0.019758842885494232,0.005412665195763111,0.020487815141677856,0.034933894872665405,0.06349379569292068,0.005567269865423441,-0.04221799969673157,0.0823584794998169,0.001458167564123869,-0.016947703436017036,0.005148626398295164,0.01771347038447857,0.035636261105537415,0-2deg,0.00-0.04,0.0,0.0,0.0,0.0
218,57,True,True,0.0828820988535881,0.074427530169487,0.07514593005180359,0.11627499014139175,3.0999999046325684,1.1380162239074707,0.25155654549598694,-0.01257356908172369,-0.03417390584945679,0.11627499014139175,0.07514593005180359,-0.02001298777759075,0.021726718172430992,0.9059126973152161,0.345135897397995,0.11113963276147842,0.15958261489868164,>=0.15,False,True,False,True,True,False,False,False,True,0.06491129845380783,-0.12486013025045395,0.2716599702835083,0.03367836773395538,0.5828102827072144,0.14000000059604645,0.07514593005180359,-0.02001298777759075,0.02001298777759075,-0.05765147879719734,-0.0759277194738388,0.09530097246170044,0.03825458884239197,0.15547527372837067,0.0003452669770922512,-0.025885360315442085,0.1133570596575737,0.005828102584928274,-0.06191335618495941,-0.07686544209718704,0.09866134077310562,0.03449144959449768,4-6deg,0.00-0.04,0.0,0.0,0.0,0.0
219,4,True,True,0.09782398492097855,0.09669392555952072,0.09112408757209778,0.16315248608589172,2.059999942779541,1.5585335493087769,0.44068384170532227,-0.014196877367794514,-0.15968060493469238,0.16315248608589172,0.09112408757209778,-0.019773177802562714,0.14497390389442444,0.6273256540298462,0.2720644176006317,0.03347890079021454,0.02767646312713623,0.00-0.05,False,True,False,True,True,False,False,False,True,0.09019950032234192,-0.14075443148612976,0.03566289320588112,0.06443239003419876,0.13124537467956543,0.05999999865889549,0.09112408757209778,-0.019984785467386246,0.019984785467386246,-0.0186141487210989,-0.00982759054750204,0.021047519519925117,0.03298838064074516,0.0003452669770922512,0.004645096138119698,-0.15972813963890076,0.033251337707042694,0.0013124537654221058,-0.01976674236357212,-0.01045374944806099,0.022360336035490036,0.03259286656975746,0-2deg,0.00-0.04,0.0,0.0,0.0,0.0
220,9,True,False,0.13468624651432037,0.12649258971214294,0.0,0.0,3.8399999141693115,1.3293577432632446,0.2810385525226593,-0.12885327637195587,-0.022460468113422394,0.13953323662281036,0.12935149669647217,-0.018635597079992294,-0.10352882742881775,0.8711426258087158,0.3629009425640106,0.13771365582942963,0.11147520691156387,0.10-0.15,True,True,False,True,False,False,False,True,True,0.12935149669647217,-0.033461879938840866,0.13546153903007507,0.0819229930639267,0.0819229930639267,0.0,0.12935149669647217,-0.018635597079992294,0.018635597079992294,0.032973889261484146,-0.07604005932807922,0.08286908268928528,0.008862090297043324,0.0259279552847147,0.0259279552847147,-0.033461879938840866,0.13546153903007507,0.0008192299283109605,0.032973889261484146,-0.07604005932807922,0.08286908268928528,0.008862090297043324,4-6deg,0.00-0.04,0.0,0.0,0.0,0.0
221,45,False,False,0.1505570411682129,0.1505570411682129,0.0,0.0,1.3399999141693115,1.2840635776519775,0.49024468660354614,-0.39258837699890137,-0.6720277070999146,1.4450842142105103,0.1419496089220047,0.010240906849503517,0.18567319214344025,1.5922127962112427,0.9898344874382019,1.2793151140213013,0.18782372772693634,>=0.15,True,True,False,True,False,False,False,True,True,0.1419496089220047,-0.7264004945755005,1.2492440938949585,0.4976934492588043,0.4976934492588043,0.0,0.1419496089220047,0.010240906849503517,0.0,-0.00018396186351310462,0.07611630111932755,0.0761166587471962,0.024953333660960197,0.4141281247138977,0.4141281247138977,-0.7264004945755005,1.2492440938949585,0.004976934287697077,-0.00018396186351310462,0.07611630111932755,0.0761166587471962,0.024953333660960197,4-6deg,0.00-0.04,0.0,0.0,0.0,0.0
222,42,True,True,0.08550985902547836,0.08550985902547836,0.07805648446083069,0.10304497182369232,3.0199999809265137,1.4300057888031006,0.29924800992012024,0.01974758878350258,0.05751792713999748,0.10304497182369232,0.07805648446083069,-0.0200062058866024,-0.03762393072247505,0.6527976393699646,0.2714492678642273,0.08549826592206955,0.08055642992258072,0.05-0.10,False,True,False,True,True,False,False,False,True,0.08087440580129623,-0.10722754150629044,0.054939255118370056,0.1474638432264328,0.5207881331443787,0.07999999821186066,0.07805648446083069,-0.0200062058866024,0.0200062058866024,0.030768364667892456,-0.04084203392267227,0.051129572093486786,0.010143513791263103,0.015964800491929054,0.0011451211757957935,0.060019366443157196,0.08376121520996094,0.005207881331443787,0.03069538064301014,-0.04018446430563927,0.05056195333600044,0.011940129101276398,2-4deg,0.00-0.04,0.0,0.0,0.0,0.0
223,43,True,True,0.09055415540933609,0.09048968553543091,0.0835639238357544,0.11238525807857513,3.299999952316284,1.3516219854354858,0.2458910346031189,-0.06218487769365311,0.04482998698949814,0.11238525807857513,0.0835639238357544,-0.020072175189852715,-0.10502831637859344,0.9169779419898987,0.31615176796913147,0.1030568778514862,0.05901682749390602,0.05-0.10,False,True,False,True,True,False,False,False,True,0.08768688142299652,-0.0769927054643631,0.10714709758758545,0.08947451412677765,0.3752315938472748,0.41999998688697815,0.0835639238357544,-0.020127542316913605,0.020127542316913605,0.06702753156423569,-0.00895325280725956,0.06762176007032394,0.036685943603515625,0.016967536881566048,0.001691456069238484,0.037767741829156876,0.10584916174411774,0.0037523158825933933,0.06400011479854584,-0.022783858701586723,0.06792980432510376,0.034088946878910065,2-4deg,0.00-0.04,0.0,0.0,0.0,0.0
224,13,True,True,0.08790688216686249,0.08790688216686249,0.08066703379154205,0.16289813816547394,2.559999942779541,1.4901187419891357,0.29931482672691345,0.0009171611163765192,-0.10033862292766571,0.16289813816547394,0.08066703379154205,-0.0200091153383255,0.10062757134437561,0.6565435528755188,0.3165293335914612,0.12832756340503693,0.12277618050575256,0.10-0.15,False,True,False,True,True,False,False,False,True,0.08348403126001358,-0.04789767786860466,0.12323541939258575,0.04110286757349968,0.20805206894874573,0.05999999865889549,0.08066703379154205,-0.0200091153383255,0.0200091153383255,0.013389362953603268,0.025915835052728653,0.02916945330798626,0.02111075259745121,0.00639444449916482,0.0006905339541845024,-0.09683644771575928,0.13099047541618347,0.0020805206149816513,0.01348732691258192,0.026736963540315628,0.029945939779281616,0.02023257128894329,0-2deg,0.00-0.04,0.0,0.0,0.0,0.0
225,55,True,False,0.17714758217334747,0.15322458744049072,0.0,0.0,6.019999980926514,1.1831825971603394,0.19888776540756226,-0.07449335604906082,-0.17577999830245972,0.35047268867492676,0.17439021170139313,-0.016568556427955627,0.100816510617733,1.3645827770233154,0.4019738733768463,0.3032037317752838,0.17901557683944702,>=0.15,True,True,False,True,False,False,False,True,True,0.17439021170139313,-0.18104705214500427,0.30008843541145325,0.0448361374437809,0.0448361374437809,0.0,0.17439021170139313,-0.016568556427955627,0.016568556427955627,0.01608322188258171,0.007186316419392824,0.017615612596273422,0.009424816817045212,0.050682101398706436,0.050682101398706436,-0.18104705214500427,0.30008843541145325,0.00044836135930381715,0.01608322188258171,0.007186316419392824,0.017615612596273422,0.009424816817045212,0-2deg,0.00-0.04,0.0,0.0,0.0,0.0
226,31,True,False,0.17311011254787445,0.12951362133026123,0.0,0.0,4.619999885559082,1.3811641931533813,0.21826958656311035,-0.05466468632221222,-0.07287973910570145,0.07630624622106552,0.16958284378051758,-0.019917039200663567,0.01462572906166315,0.8437907695770264,0.35099083185195923,0.02260942943394184,0.16630598902702332,>=0.15,True,True,False,True,False,False,False,True,True,0.16958284378051758,-0.07294048368930817,0.02241266518831253,0.03524363040924072,0.03524363040924072,0.0,0.16958284378051758,-0.019917039200663567,0.019917039200663567,0.021430304273962975,-0.013281751424074173,0.025212252512574196,0.02675020508468151,0.0018593198619782925,0.0018593198619782925,-0.07294048368930817,0.02241266518831253,0.00035243629827164114,0.021430304273962975,-0.013281751424074173,0.025212252512574196,0.02675020508468151,0-2deg,0.00-0.04,0.0,0.0,0.0,0.0
227,26,True,True,0.05596413090825081,0.05596413090825081,0.043697770684957504,0.25134676694869995,2.419999837875366,1.1551978588104248,0.3247339725494385,-0.007820462808012962,-0.09179610013961792,0.25134676694869995,0.043697770684957504,-0.02001495659351349,0.08336415141820908,0.764522135257721,0.27820882201194763,0.2339843362569809,0.23226876556873322,>=0.15,False,True,False,True,True,False,False,False,True,0.04924873635172844,-0.23647533357143402,0.10677041858434677,0.04836105927824974,0.1844206154346466,0.11999999731779099,0.043697770684957504,-0.020020488649606705,0.020020488649606705,-0.006403924431651831,-0.05107162892818451,0.05147131159901619,0.01990673504769802,0.0003452669770922512,0.0006905339541845024,-0.1013229489326477,0.2300192415714264,0.0018442061264067888,-0.006366536486893892,-0.05299483612179756,0.053375501185655594,0.01855875365436077,2-4deg,0.00-0.04,0.0,0.0,0.0,0.0
228,35,True,True,0.07819278538227081,0.07819278538227081,0.06991647928953171,0.03210671618580818,1.7599999904632568,1.6625561714172363,0.5488302707672119,0.0036433145869523287,0.004278982058167458,0.03210671618580818,0.06991647928953171,-0.019995708018541336,-0.0019280810374766588,0.5852962136268616,0.18609243631362915,0.031820300966501236,0.028721937909722328,0.00-0.05,False,True,False,True,True,False,False,False,True,0.07206215709447861,-0.19635213911533356,0.10677660256624222,0.07813481241464615,0.2636835277080536,0.09999999403953552,0.06991647928953171,-0.02002532035112381,0.02002532035112381,0.00033603908377699554,0.010984959080815315,0.010989095084369183,0.05452433228492737,0.006739355158060789,0.0003452669770922512,0.004197156988084316,0.03183119744062424,0.0026368352118879557,4.462946526473388e-05,0.015311475843191147,0.01531304232776165,0.05384643003344536,0-2deg,0.04-0.08,0.0,0.0,0.0,0.0
229,56,True,False,0.12592759728431702,0.12592759728431702,0.0,0.0,3.319999933242798,1.3713089227676392,0.28503432869911194,-0.10393122583627701,-0.14360734820365906,0.1872604787349701,0.12051569670438766,-0.016942866146564484,0.03845249116420746,1.5175085067749023,0.5375850796699524,0.12018075585365295,0.055541522800922394,0.05-0.10,True,True,False,True,False,False,False,True,True,0.12051569670438766,-0.14576642215251923,0.11755269765853882,0.027575118467211723,0.027575118467211723,0.0,0.12051569670438766,-0.016942866146564484,0.016942866146564484,0.005218342412263155,0.051931701600551605,0.05219265818595886,0.015059299767017365,0.044853925704956055,0.044853925704956055,-0.14576642215251923,0.11755269765853882,0.0002757511683739722,0.005218342412263155,0.051931701600551605,0.05219265818595886,0.015059299767017365,2-4deg,0.00-0.04,0.0,0.0,0.0,0.0
230,58,True,True,0.10400278121232986,0.1011371985077858,0.09777543693780899,0.12095534801483154,1.659999966621399,1.492767572402954,0.48636654019355774,-0.009810741990804672,-0.10798892378807068,0.12095534801483154,0.09777543693780899,-0.019839616492390633,0.0949716567993164,0.8641156554222107,0.31340664625167847,0.05448474735021591,0.051185593008995056,0.05-0.10,False,True,False,True,True,False,False,False,True,0.09490770846605301,-0.0660264790058136,0.03534991666674614,0.6208689212799072,0.6208689212799072,0.07999999821186066,0.09777543693780899,-0.02004076912999153,0.02004076912999153,0.020378101617097855,0.01068105734884739,0.02300679311156273,0.03091544844210148,0.0035881216172128916,0.0032936385832726955,-0.1068531945347786,0.05667971447110176,0.006208688952028751,0.01852491870522499,0.010894665494561195,0.02149033732712269,0.03126221522688866,0-2deg,0.00-0.04,0.0,0.0,0.0,0.0
231,24,True,True,0.074139304459095,0.07140486687421799,0.06543851643800735,0.07960563898086548,2.759999990463257,1.5730684995651245,0.42221203446388245,0.0014482652768492699,0.03771055489778519,0.07960563898086548,0.06543851643800735,-0.0200339388102293,-0.03867052495479584,1.0406402349472046,0.3693265914916992,0.0701068565249443,0.06173444911837578,0.05-0.10,False,True,False,True,True,False,False,False,True,0.061669811606407166,-0.11832383275032043,0.05539996176958084,0.1217653900384903,0.5757603645324707,0.07999999821186066,0.06543851643800735,-0.0200339388102293,0.0200339388102293,0.02312464639544487,0.0352153554558754,0.0421270988881588,0.04092775285243988,0.017308391630649567,0.0017940601101145148,0.03982473909854889,0.0689278393983841,0.005757603328675032,0.022479470819234848,0.032789066433906555,0.03975333273410797,0.042739614844322205,2-4deg,0.04-0.08,0.0,0.0,0.0,0.0
232,46,True,True,0.05324767902493477,0.04907616972923279,0.039996616542339325,0.12399984151124954,2.619999885559082,1.2916278839111328,0.2962934076786041,-0.12937624752521515,-0.001956656575202942,0.12399984151124954,0.039996616542339325,-0.019688617438077927,-0.12697310745716095,0.7024320960044861,0.2778271436691284,0.12398440390825272,0.18571235239505768,>=0.15,False,True,False,True,True,False,False,False,True,0.040097106248140335,-0.09532036632299423,0.04992767423391342,0.10548488050699234,0.4121323525905609,0.25999999046325684,0.039996616542339325,-0.02013324946165085,0.02013324946165085,-0.009410900063812733,0.030025020241737366,0.031464193016290665,0.022146549075841904,0.016500916332006454,0.004270719829946756,0.0003705400158651173,0.12399927526712418,0.004121323581784964,-0.005964645650237799,0.02533061057329178,0.026024337857961655,0.026312869042158127,0-2deg,0.00-0.04,0.0,0.0,0.0,0.0
233,15,False,False,0.41547125577926636,0.40812909603118896,0.0,0.0,1.1200000047683716,2.6512861251831055,0.8464056849479675,-2.278001546859741,-2.3118369579315186,2.509798526763916,0.421477347612381,-0.023941632360219955,-0.06918162107467651,1.7778456211090088,0.9304508566856384,0.9769843816757202,0.18903659284114838,>=0.15,True,True,False,False,False,False,False,True,False,0.0,0.0,0.0,0.0,0.0,0.0,0.421477347612381,-0.023941632360219955,0.023941632360219955,0.0,0.0,0.0,0.0,0.0,0.8369401097297668,-2.265033721923828,1.0810692310333252,0.0,0.016224607825279236,0.042789675295352936,0.045760661363601685,0.01637316681444645,0-2deg,0.00-0.04,0.0,0.0,0.0,0.0
234,3,True,True,0.09095149487257004,0.0847296416759491,0.08343376219272614,0.25639083981513977,3.059999942779541,1.2415810823440552,0.36175066232681274,0.004738312214612961,-0.17272427678108215,0.25639083981513977,0.08343376219272614,-0.019530899822711945,0.17999497056007385,1.2781637907028198,0.5423009395599365,0.1894797831773758,0.1918962150812149,>=0.15,False,True,False,True,True,False,False,False,True,0.0770711824297905,-0.22710248827934265,0.07205923646688461,0.46737611293792725,0.46737611293792725,0.05999999865889549,0.08343376219272614,-0.020033372566103935,0.020033372566103935,-0.005935256835073233,-0.016970688477158546,0.01797734946012497,0.044202521443367004,0.0034526714589446783,0.00940499547868967,-0.1733032912015915,0.1889503449201584,0.0046737608499825,-0.004364718683063984,-0.017778512090444565,0.01830591820180416,0.044096577912569046,0-2deg,0.04-0.08,0.0,0.0,0.0,0.0
235,36,True,True,0.09251289814710617,0.09251289814710617,0.08530624955892563,0.08725789934396744,2.0799999237060547,1.4225337505340576,0.3478342592716217,-0.08571339398622513,0.00032211095094680786,0.08725789934396744,0.08530624955892563,-0.018915055319666862,-0.08292331546545029,0.5485652089118958,0.2599329650402069,0.08725731074810028,0.1538163125514984,>=0.15,False,True,False,True,True,False,False,False,True,0.09087835997343063,-0.04274318739771843,0.09792178124189377,0.09321476519107819,0.09321476519107819,0.11999999731779099,0.08530624955892563,-0.018915055319666862,0.018915055319666862,0.03001462295651436,-0.0019968042615801096,0.030081002041697502,0.04160618409514427,0.028793031349778175,0.020621217787265778,0.0013421368785202503,0.0872475802898407,0.000932147610001266,0.02581559680402279,-0.0012646212708204985,0.025847360491752625,0.04359184950590134,0-2deg,0.04-0.08,0.0,0.0,0.0,0.0
236,16,True,True,0.07250863313674927,0.07250863313674927,0.06349486857652664,0.20174863934516907,1.1999999284744263,1.6325079202651978,0.5395174026489258,0.009336134418845177,-0.09023110568523407,0.20174863934516907,0.06349486857652664,-0.01999698020517826,0.09808357805013657,0.463021457195282,0.26046568155288696,0.18044628202915192,0.1785847544670105,>=0.15,False,True,False,True,True,False,False,False,True,0.06880426406860352,-0.10131467878818512,0.1789313703775406,0.20259658992290497,0.2879066467285156,0.05999999865889549,0.06349486857652664,-0.02000991627573967,0.02000991627573967,-0.05512956157326698,-0.0281808003783226,0.06190808117389679,0.026375319808721542,0.0007720404537394643,0.0009765625,-0.08219347149133682,0.18424643576145172,0.0028790663927793503,-0.0557839535176754,-0.028986403718590736,0.06285842508077621,0.02551729418337345,2-4deg,0.00-0.04,0.0,0.0,0.0,0.0
237,0,True,True,0.045136433094739914,0.045136433094739914,0.02846432290971279,0.11049135029315948,3.059999942779541,1.2575805187225342,0.3309570252895355,0.016022684052586555,0.043762899935245514,0.11049135029315948,0.02846432290971279,-0.019972972571849823,-0.029566189274191856,1.1052601337432861,0.34185752272605896,0.10145514458417892,0.08726166188716888,0.05-0.10,False,True,False,True,True,False,False,False,True,0.033696532249450684,-0.17614246904850006,0.09781943261623383,0.05787533149123192,0.7191087603569031,0.09999999403953552,0.02846432290971279,-0.02003391645848751,0.02003391645848751,-0.03271618112921715,0.007489375304430723,0.03356181085109711,0.04825234040617943,0.03395736962556839,0.0003452669770922512,0.046370089054107666,0.10029034316539764,0.007191087584942579,-0.03647054731845856,0.0068274857476353645,0.03710347041487694,0.04703221097588539,0-2deg,0.04-0.08,0.0,0.0,0.0,0.0
238,6,True,False,0.13102082908153534,0.12600839138031006,0.0,0.0,2.740000009536743,1.4545258283615112,0.33130943775177,-0.00664301123470068,-0.05358024686574936,0.21142083406448364,0.12626194953918457,-0.02000640518963337,0.04822772741317749,1.1396476030349731,0.40323254466056824,0.20451876521110535,0.18119554221630096,>=0.15,True,True,False,True,False,False,False,True,True,0.12626194953918457,-0.04611337184906006,0.20633062720298767,0.023603267967700958,0.023603267967700958,0.0,0.12626194953918457,-0.02000640518963337,0.02000640518963337,0.01460172701627016,0.03500261902809143,0.03792509809136391,0.017989588901400566,0.0,0.0,-0.04611337184906006,0.20633062720298767,0.00023603267618454993,0.01460172701627016,0.03500261902809143,0.03792509809136391,0.017989588901400566,2-4deg,0.00-0.04,0.0,0.0,0.0,0.0
239,29,True,False,0.16632357239723206,0.1011715978384018,0.0,0.0,1.6999999284744263,1.4084432125091553,0.4286649227142334,-0.09467266499996185,-0.07536060363054276,0.16291719675064087,0.1610417664051056,-0.017025910317897797,-0.023052873089909554,0.346447229385376,0.21725277602672577,0.14443957805633545,0.22991888225078583,>=0.15,True,True,False,True,False,False,False,True,True,0.1610417664051056,-0.07870958745479584,0.14264227449893951,0.04205494001507759,0.04205494001507759,0.0,0.1610417664051056,-0.017025910317897797,0.017025910317897797,-0.00024963499163277447,0.05897671356797218,0.05897747725248337,0.028081132099032402,0.04162020981311798,0.04162020981311798,-0.07870958745479584,0.14264227449893951,0.00042054938967339694,-0.00024963499163277447,0.05897671356797218,0.05897747725248337,0.028081132099032402,2-4deg,0.00-0.04,0.0,0.0,0.0,0.0
240,32,True,True,0.07355700433254242,0.07099872827529907,0.0641094371676445,0.30796200037002563,2.440000057220459,1.3404990434646606,0.3095294237136841,-0.0018198247998952866,-0.17875592410564423,0.30796200037002563,0.0641094371676445,-0.019527606666088104,0.1759738177061081,0.9366731643676758,0.3797156512737274,0.250772625207901,0.2512202858924866,>=0.15,False,True,False,True,True,False,False,False,True,0.061674196273088455,-0.11956804245710373,0.05918480083346367,0.5668562054634094,0.5668562054634094,0.07999999821186066,0.0641094371676445,-0.01988358236849308,0.01988358236849308,0.02466123178601265,0.00022410278324969113,0.024662453681230545,0.03678375855088234,0.0017605233006179333,0.009487027302384377,-0.1741931438446045,0.25396326184272766,0.005668561905622482,0.02467937208712101,-0.0019821380265057087,0.024758948013186455,0.03675771504640579,0-2deg,0.00-0.04,0.0,0.0,0.0,0.0
241,52,True,True,0.040685802698135376,0.040685802698135376,0.019750509411096573,0.24139532446861267,3.059999942779541,1.2259235382080078,0.3564629554748535,-0.09918810427188873,-0.005166411399841309,0.24139532446861267,0.019750509411096573,-0.019589904695749283,-0.09331680834293365,0.9704540967941284,0.36632218956947327,0.2413400262594223,0.21885313093662262,>=0.15,False,True,False,True,True,False,False,False,True,0.03339490294456482,-0.13828948140144348,0.13644567131996155,0.05312506482005119,0.38238075375556946,0.11999999731779099,0.019750509411096573,-0.020063405856490135,0.020063405856490135,-0.021970219910144806,-0.0007627570303156972,0.021983947604894638,0.0066901566460728645,0.03575662896037102,0.00830080546438694,-0.008294991217553616,0.24125275015830994,0.0038238074630498886,-0.02130643092095852,-0.00045909322216175497,0.021312076598405838,0.007911634631454945,0-2deg,0.00-0.04,0.0,0.0,0.0,0.0
242,4,False,False,0.21328766644001007,0.21328766644001007,0.0,0.0,1.2799999713897705,2.0208935737609863,0.6247907876968384,-0.8743418455123901,-0.9743316769599915,1.2776926755905151,0.21729393303394318,0.00023351609706878662,-0.00945227313786745,1.5483639240264893,0.8990941643714905,0.8265448808670044,0.1393323391675949,0.10-0.15,True,True,False,True,False,True,False,True,True,0.21729393303394318,-0.9455246329307556,0.8593496680259705,0.15044976770877838,0.15044976770877838,0.0,0.21729393303394318,0.00023351609706878662,0.0,-0.008336386643350124,-0.057106826454401016,0.05771099776029587,0.015248721465468407,0.34283381700515747,0.34283381700515747,-0.9455246329307556,0.8593496680259705,0.0015044976025819778,-0.008336386643350124,-0.057106826454401016,0.05771099776029587,0.015248721465468407,2-4deg,0.00-0.04,0.0,0.0,0.0,0.0
243,40,True,True,0.04307433217763901,0.04052891954779625,0.025098158046603203,0.1517476886510849,1.8199999332427979,1.2723029851913452,0.28256043791770935,0.008243772201240063,-0.021753745153546333,0.1517476886510849,0.025098158046603203,-0.019991738721728325,0.02982381545007229,0.6477170586585999,0.36532312631607056,0.15018035471439362,0.15532690286636353,>=0.15,False,True,False,True,True,False,False,False,True,0.020545728504657745,-0.14805291593074799,0.12346673756837845,0.5830926299095154,0.5830926299095154,0.07999999821186066,0.025098158046603203,-0.020060162991285324,0.020060162991285324,-0.03729570657014847,0.009545099921524525,0.03849770873785019,0.057533182203769684,0.009844690561294556,0.0,-0.018492314964532852,0.15061670541763306,0.005830926354974508,-0.03739294409751892,0.006086863577365875,0.03788420557975769,0.05777093023061752,2-4deg,0.04-0.08,0.0,0.0,0.0,0.0
244,51,True,True,0.07966148108243942,0.07966148108243942,0.07158862054347992,0.1698632538318634,1.8199999332427979,1.1479352712631226,0.25566330552101135,0.0054393853060901165,-0.1268942654132843,0.1698632538318634,0.07158862054347992,-0.020022984594106674,0.132943257689476,0.789371907711029,0.39168867468833923,0.11292196810245514,0.12276329100131989,0.10-0.15,False,True,False,True,True,False,False,False,True,0.07514603435993195,-0.09647268056869507,0.006137670483440161,0.11524806171655655,0.29301419854164124,0.05999999865889549,0.07158862054347992,-0.020022984594106674,0.020022984594106674,0.01820092462003231,-0.026478171348571777,0.032129768282175064,0.03488481044769287,0.013909701257944107,0.001035800902172923,-0.1291876584291458,0.11029087752103806,0.0029301419854164124,0.017882099375128746,-0.02511010318994522,0.030824879184365273,0.03534875065088272,0-2deg,0.00-0.04,0.0,0.0,0.0,0.0
245,19,True,False,0.2514296770095825,0.10844643414020538,0.0,0.0,4.079999923706055,1.586866021156311,0.3036137521266937,0.14803628623485565,0.01145268976688385,0.2858445346355438,0.2504165470600128,-0.011650965549051762,0.13817407190799713,1.7225098609924316,0.4147462546825409,0.2856149971485138,0.19583769142627716,>=0.15,True,True,False,True,False,False,False,True,True,0.09913202375173569,-0.291378915309906,0.13722968101501465,0.08363009989261627,0.11949273943901062,0.0,0.2504165470600128,-0.020010096952319145,0.020010096952319145,0.013803758658468723,-0.05500492826104164,0.056709226220846176,0.012710362672805786,0.08700525760650635,0.07824026048183441,0.021083958446979523,0.2850658595561981,0.0011949273757636547,0.0005087899626232684,-0.03542572259902954,0.03543001413345337,0.04151414707303047,2-4deg,0.00-0.04,0.0,0.0,0.0,0.0
246,25,True,False,0.155327707529068,0.1549072116613388,0.0,0.0,2.93999981880188,1.2409718036651611,0.25841906666755676,-0.18445630371570587,-0.1284674108028412,0.16085372865200043,0.14729470014572144,-0.015127230435609818,-0.0574146993458271,0.8328225612640381,0.3202722668647766,0.09679899364709854,0.1834680587053299,>=0.15,True,True,False,True,False,False,False,True,True,0.14729470014572144,-0.12883804738521576,0.09630513936281204,0.05833955481648445,0.05833955481648445,0.0,0.14729470014572144,-0.015127230435609818,0.015127230435609818,-0.0020630275830626488,0.06884709745645523,0.06887771934270859,0.03118574246764183,0.09245103597640991,0.09245103597640991,-0.12883804738521576,0.09630513936281204,0.0005833955365233123,-0.0020630275830626488,0.06884709745645523,0.06887771934270859,0.03118574246764183,2-4deg,0.00-0.04,0.0,0.0,0.0,0.0
247,37,True,True,0.07564859837293625,0.07564859837293625,0.06708052009344101,0.14298740029335022,2.5,1.430087685585022,0.2971692979335785,-0.016166456043720245,0.009389186277985573,0.14298740029335022,0.06708052009344101,-0.020014742389321327,-0.024121085181832314,1.1916184425354004,0.4981497526168823,0.14267879724502563,0.1424938142299652,0.10-0.15,False,True,False,True,True,False,False,False,True,0.07721023261547089,-0.10737760365009308,0.14553990960121155,0.06820515543222427,0.24927808344364166,0.09999999403953552,0.06708052009344101,-0.020014742389321327,0.020014742389321327,-0.05878734961152077,0.03609304875135422,0.06897205114364624,0.012628321535885334,0.037159666419029236,0.0,0.01905825547873974,0.14171160757541656,0.0024927807971835136,-0.05827755853533745,0.03512660786509514,0.06803509593009949,0.01472744531929493,2-4deg,0.00-0.04,0.0,0.0,0.0,0.0
248,47,True,True,0.047632329165935516,0.043321602046489716,0.0323026068508625,0.2124759703874588,5.21999979019165,0.9051347970962524,0.18908119201660156,0.0037356545217335224,0.040928758680820465,0.2124759703874588,0.0323026068508625,-0.020031332969665527,-0.03666159510612488,0.6870381236076355,0.2592315077781677,0.20849670469760895,0.21469376981258392,>=0.15,False,True,False,True,True,False,False,False,True,0.024606995284557343,-0.2205764353275299,0.12495388090610504,0.18744832277297974,0.5561241507530212,0.09999999403953552,0.0323026068508625,-0.020146425813436508,0.020146425813436508,0.07382553070783615,0.008392035961151123,0.07430006563663483,0.013761067762970924,0.03612982854247093,0.0013372133253142238,0.04827384278178215,0.20691949129104614,0.005561241414397955,0.07477591186761856,0.008178452029824257,0.0752209722995758,0.010617655701935291,4-6deg,0.00-0.04,0.0,0.0,0.0,0.0
249,17,True,True,0.07035042345523834,0.07035042345523834,0.06105171516537666,0.19608907401561737,2.9600000381469727,1.467136263847351,0.2884882986545563,0.005254657007753849,-0.07919962704181671,0.19608907401561737,0.06105171516537666,-0.020009418949484825,0.08177502453327179,0.7889975309371948,0.3396190404891968,0.17938323318958282,0.18020036816596985,>=0.15,False,True,False,True,True,False,False,False,True,0.0643618255853653,-0.0744730606675148,0.19649404287338257,0.1413661688566208,0.2301536202430725,0.05999999865889549,0.06105171516537666,-0.020009418949484825,0.020009418949484825,0.0008565452299080789,0.05260618403553963,0.05261370167136192,0.05128253623843193,0.0005980199784971774,0.0005980199784971774,-0.07154395431280136,0.18257160484790802,0.0023015360347926617,0.0008672087569721043,0.05462993308901787,0.05463649705052376,0.049898047000169754,2-4deg,0.04-0.08,0.0,0.0,0.0,0.0
250,27,True,True,0.0974782183766365,0.0937655046582222,0.09099943935871124,0.11621353775262833,2.200000047683716,1.4224203824996948,0.44122058153152466,-0.0020532936323434114,-0.06829695403575897,0.11621353775262833,0.09099943935871124,-0.020002899691462517,0.06529141962528229,0.7673686742782593,0.30770474672317505,0.09402718394994736,0.0927121490240097,0.05-0.10,False,True,False,True,True,False,False,False,True,0.08823411911725998,-0.07501669973134995,0.09063160419464111,0.1104641929268837,0.18222469091415405,0.05999999865889549,0.09099943935871124,-0.020002899691462517,0.020002899691462517,-0.07457447052001953,-0.003029189771041274,0.07463573664426804,0.013494101352989674,0.0006905339541845024,0.0005980199784971774,-0.0740681067109108,0.0895516648888588,0.001822246820665896,-0.07509180158376694,-0.002942968625575304,0.0751495510339737,0.012729387730360031,4-6deg,0.00-0.04,0.0,0.0,0.0,0.0
251,60,True,True,0.04020943120121956,0.04020943120121956,0.019925590604543686,0.17090415954589844,2.700000047683716,1.2133227586746216,0.23379738628864288,-0.055453069508075714,0.020090226083993912,0.17090415954589844,0.019925590604543686,-0.02005993016064167,-0.07356411218643188,0.445023775100708,0.25350823998451233,0.16971923410892487,0.18396484851837158,>=0.15,False,True,False,True,True,False,False,False,True,0.03815469890832901,-0.06523972004652023,0.17943091690540314,0.17137007415294647,0.6788928508758545,0.14000000059604645,0.019925590604543686,-0.020095037296414375,0.020095037296414375,0.07007832080125809,0.011231697164475918,0.07097125053405762,0.03351660817861557,0.010972810909152031,0.0008457279182039201,0.028178630396723747,0.16856512427330017,0.006788928527384996,0.07164689898490906,0.01470464188605547,0.07313794642686844,0.030130045488476753,4-6deg,0.00-0.04,0.0,0.0,0.0,0.0
252,1,True,True,0.06652627140283585,0.05824648216366768,0.05657132342457771,0.272066205739975,4.579999923706055,1.0073984861373901,0.21504700183868408,0.005882914178073406,-0.016165852546691895,0.272066205739975,0.05657132342457771,-0.019991915673017502,0.020786024630069733,1.2310820817947388,0.3676854968070984,0.27158549427986145,0.26881515979766846,>=0.15,False,True,False,True,True,False,False,False,True,0.04624316841363907,-0.2462257295846939,0.03242453932762146,0.07691939920186996,1.106442928314209,2.119999885559082,0.05657132342457771,-0.020095324143767357,0.020095324143767357,0.016858676448464394,0.03656439483165741,0.04026149958372116,0.014775938354432583,0.041941288858652115,0.0,-0.023349884897470474,0.27106234431266785,0.011064428836107254,-0.015154716558754444,0.022276759147644043,0.026942703872919083,0.02485250122845173,2-4deg,0.00-0.04,0.0,0.0,0.0,0.0
253,20,True,True,0.04823155328631401,0.04823155328631401,0.03330731391906738,0.14190739393234253,2.759999990463257,1.0893861055374146,0.25470277667045593,-0.02734752558171749,0.05701456964015961,0.14190739393234253,0.03330731391906738,-0.02007952332496643,-0.08449523895978928,0.8014540076255798,0.30480891466140747,0.1299501657485962,0.10510901361703873,0.10-0.15,False,True,False,True,True,False,False,False,True,0.045789677649736404,-0.06773701310157776,0.20589245855808258,0.14958596229553223,0.7627268433570862,0.2800000011920929,0.03330731391906738,-0.02007952332496643,0.02007952332496643,-0.0243783388286829,0.03682320564985275,0.044158630073070526,0.05001725256443024,0.055705517530441284,0.0012448779307305813,0.053116947412490845,0.13159140944480896,0.007627268321812153,-0.011598506011068821,0.03251035138964653,0.03451632708311081,0.05354822054505348,2-4deg,0.04-0.08,0.0,0.0,0.0,0.0
254,23,True,True,0.07075897604227066,0.0684681385755539,0.061492737382650375,0.20007172226905823,2.5799999237060547,1.472005009651184,0.350729376077652,0.004778667353093624,0.021748816594481468,0.20007172226905823,0.061492737382650375,-0.019993247464299202,-0.01778886467218399,0.5765463709831238,0.2768792510032654,0.19888611137866974,0.20023614168167114,>=0.15,False,True,False,True,True,False,False,False,True,0.05729873478412628,-0.19217585027217865,0.2673046290874481,0.10180440545082092,0.7986255288124084,0.07999999821186066,0.061492737382650375,-0.020049672573804855,0.020049672573804855,0.07747849076986313,-0.03980259969830513,0.08708615601062775,0.02769710309803486,0.050684455782175064,0.0,0.006445473060011864,0.1999678760766983,0.00798625499010086,0.07769370824098587,-0.038111891597509384,0.08652101457118988,0.029131347313523293,4-6deg,0.00-0.04,0.0,0.0,0.0,0.0
255,2,True,True,0.11781160533428192,0.11781160533428192,0.11206868290901184,0.1835203766822815,2.379999876022339,1.4715458154678345,0.32004931569099426,0.00021860077686142176,-0.15845274925231934,0.1835203766822815,0.11206868290901184,-0.019463328644633293,0.15805239975452423,0.7264654040336609,0.3910338878631592,0.09258753806352615,0.16822504997253418,>=0.15,False,True,False,True,True,False,False,False,True,0.11307169497013092,-0.1642482578754425,0.1034076139330864,0.22388075292110443,0.22388075292110443,0.05999999865889549,0.11206868290901184,-0.019996969029307365,0.019996969029307365,-0.06104240566492081,0.03296896442770958,0.06936704367399216,0.0060379584319889545,0.00048828125,0.009062877856194973,-0.15713584423065186,0.09480533748865128,0.002238807501271367,-0.06126542016863823,0.032932355999946594,0.069545678794384,0.0052847773768007755,2-4deg,0.00-0.04,0.0,0.0,0.0,0.0
