episode,env_id,align_success,success,final_distance,min_distance,touchdown_distance,touchdown_rel_vel,landing_time,max_descent_speed,mean_descent_speed,final_vertical_speed,terminal_vertical_relative_speed,terminal_relative_speed,terminal_horizontal_error,terminal_surface_clearance,terminal_pad_vertical_speed,max_horizontal_speed,mean_horizontal_speed,final_horizontal_speed,pad_speed,pad_speed_bucket,crash,terminated,time_out,contact_success,settled_landing,hard_contact,ground_crash,deck_miss,first_contact_seen,first_contact_xy_error_deck_frame,first_contact_normal_rel_speed,first_contact_tangential_rel_speed,first_contact_force,max_contact_force,settle_time,terminal_xy_error,minimum_surface_clearance,maximum_penetration,first_contact_deck_roll,first_contact_deck_pitch,first_contact_deck_tilt,first_contact_deck_angular_speed,first_contact_body_deck_normal_angle,terminal_body_deck_normal_angle,terminal_normal_relative_speed,terminal_tangential_relative_speed,max_contact_impulse,terminal_deck_roll,terminal_deck_pitch,terminal_deck_tilt,terminal_deck_angular_speed,deck_tilt_bucket,deck_angular_speed_bucket,max_deck_position_consistency_error,max_deck_orientation_consistency_error,max_deck_linear_velocity_consistency_error,max_deck_angular_velocity_consistency_error
0,58,True,True,0.11043987423181534,0.10379413515329361,0.1047506183385849,0.1779298186302185,0.9399999976158142,1.346672773361206,0.6487765908241272,-0.0027914687525480986,-0.09438508003950119,0.1779298186302185,0.1047506183385849,-0.0200255885720253,0.08537396043539047,0.3914737403392792,0.23711208999156952,0.1508326232433319,0.15517698228359222,>=0.15,False,True,False,True,True,False,False,False,True,0.09820085018873215,-0.227961927652359,0.21821175515651703,0.7218827605247498,0.7218827605247498,0.07999999821186066,0.1047506183385849,-0.020120153203606606,0.020120153203606606,0.0462106317281723,-0.02082817256450653,0.050684455782175064,0.0583997443318367,0.012863310985267162,0.0003452669770922512,-0.09792191535234451,0.14856083691120148,0.007218827493488789,0.04908927157521248,-0.018893800675868988,0.052596695721149445,0.05719699338078499,2-4deg,0.04-0.08,0.0,0.0,0.0,0.0
1,47,True,True,0.08642110228538513,0.07586131244897842,0.07902912050485611,0.15895956754684448,1.1200000047683716,1.829665184020996,0.8754662275314331,0.0010301977163180709,-0.06559672951698303,0.15895956754684448,0.07902912050485611,-0.019861867651343346,0.06515728682279587,0.4128548204898834,0.2493562400341034,0.14479370415210724,0.08881665766239166,0.05-0.10,False,True,False,True,True,False,False,False,True,0.07065576314926147,-0.1468946933746338,0.2789044678211212,0.06322513520717621,0.06584616005420685,0.07999999821186066,0.07902912050485611,-0.01986478455364704,0.01986478455364704,0.03637560084462166,-0.0067503610625863075,0.03699565678834915,0.017091283574700356,0.021415313705801964,0.002826133044436574,-0.061091743409633636,0.1467512995004654,0.0006584615912288427,0.03533276543021202,-0.006715382449328899,0.03596444055438042,0.017687009647488594,2-4deg,0.00-0.04,0.0,0.0,0.0,0.0
2,51,True,False,0.12637780606746674,0.12637780606746674,0.0,0.0,1.2400000095367432,1.3192791938781738,0.6116644740104675,-0.0918140858411789,-0.17047995328903198,0.2878318130970001,0.12154123187065125,-0.01907326653599739,0.07758180797100067,0.5183128118515015,0.26766902208328247,0.23191320896148682,0.2101786732673645,>=0.15,True,True,False,True,False,False,False,True,True,0.12154123187065125,-0.16732262074947357,0.23420140147209167,0.06910919398069382,0.06910919398069382,0.0,0.12154123187065125,-0.01907326653599739,0.01907326653599739,0.00499205756932497,-0.013544517569243908,0.014435424469411373,0.004838880617171526,0.018727626651525497,0.018727626651525497,-0.16732262074947357,0.23420140147209167,0.0006910919328220189,0.00499205756932497,-0.013544517569243908,0.014435424469411373,0.004838880617171526,0-2deg,0.00-0.04,0.0,0.0,0.0,0.0
3,63,True,True,0.054745305329561234,0.053315673023462296,0.04210013523697853,0.09316013753414154,1.3600000143051147,1.172391653060913,0.3951074481010437,-0.014994792640209198,-0.07883212715387344,0.09316013753414154,0.04210013523697853,-0.02000519260764122,0.06403559446334839,0.3742749094963074,0.24252672493457794,0.04964178055524826,0.0352652370929718,0.00-0.05,False,True,False,True,True,False,False,False,True,0.039162274450063705,-0.23092542588710785,0.2569200396537781,0.05813273414969444,0.059905461966991425,0.07999999821186066,0.04210013523697853,-0.02000519260764122,0.02000519260764122,-0.003006928600370884,-0.0669402927160263,0.06700767576694489,0.029285388067364693,0.024998551234602928,0.0,-0.07537135481834412,0.05475372076034546,0.0005990546196699142,-0.004624905530363321,-0.0675521194934845,0.06770992279052734,0.02840406633913517,2-4deg,0.00-0.04,0.0,0.0,0.0,0.0
4,16,True,True,0.06428037583827972,0.06428037583827972,0.05367499217391014,0.09399780631065369,1.8600000143051147,1.2713974714279175,0.4369783401489258,0.0003630801511462778,-0.06471453607082367,0.09399780631065369,0.05367499217391014,-0.0198221318423748,0.06583330035209656,0.7176281213760376,0.35197415947914124,0.06817343086004257,0.1230078935623169,0.10-0.15,False,True,False,True,True,False,False,False,True,0.06129772588610649,-0.2779543995857239,0.44902077317237854,0.03377345949411392,0.04818087816238403,0.09999999403953552,0.05367499217391014,-0.019956517964601517,0.019956517964601517,-0.050530824810266495,-0.001828570500947535,0.05056431144475937,0.023429090157151222,0.01292802207171917,0.003670240519568324,-0.06384384632110596,0.06898950040340424,0.0004818087618332356,-0.04861709475517273,-0.001756108715198934,0.048648249357938766,0.02444225177168846,2-4deg,0.00-0.04,0.0,0.0,0.0,0.0
5,11,True,True,0.05053873732686043,0.04751932993531227,0.03649812564253807,0.2360088974237442,1.9199999570846558,1.3013274669647217,0.40758803486824036,-0.014749463647603989,-0.14569109678268433,0.2360088974237442,0.03649812564253807,-0.020036285743117332,0.13269564509391785,0.5562012791633606,0.30479559302330017,0.1856725662946701,0.21225780248641968,>=0.15,False,True,False,True,True,False,False,False,True,0.03241916000843048,-0.2530980706214905,0.18430127203464508,0.37956640124320984,0.37956640124320984,0.05999999865889549,0.03649812564253807,-0.02021908015012741,0.02021908015012741,0.015507259406149387,-0.036303117871284485,0.03947490081191063,0.05816936120390892,0.003844732651486993,0.00048828125,-0.15257000923156738,0.18006274104118347,0.0037956638261675835,0.013221795670688152,-0.035822246223688126,0.038183603435754776,0.05860058590769768,2-4deg,0.04-0.08,0.0,0.0,0.0,0.0
6,21,True,True,0.05473723262548447,0.05473723262548447,0.04207281023263931,0.10046658664941788,1.9799998998641968,1.453346610069275,0.35222887992858887,-0.00418754993006587,-0.05954231321811676,0.10046658664941788,0.04207281023263931,-0.019926130771636963,0.055396515876054764,0.9986017346382141,0.46406543254852295,0.0809212476015091,0.0899919867515564,0.05-0.10,False,True,False,True,True,False,False,False,True,0.051118846982717514,-0.26601311564445496,0.3999353349208832,0.14844146370887756,0.14844146370887756,0.09999999403953552,0.04207281023263931,-0.020009951665997505,0.020009951665997505,0.0006778126698918641,-0.0013869906542822719,0.0015440810238942504,0.001149637857452035,0.016942929476499557,0.0015822122804820538,-0.05965119227766991,0.08084102720022202,0.0014844145625829697,0.0007643247954547405,-0.0014125753659754992,0.0016194459749385715,0.0011053066700696945,0-2deg,0.00-0.04,0.0,0.0,0.0,0.0
7,0,True,True,0.10159383714199066,0.059496063739061356,0.09536831825971603,0.19722309708595276,2.0,1.6495684385299683,0.5153740048408508,-0.0020229117944836617,-0.022077009081840515,0.19722309708595276,0.09536831825971603,-0.019990425556898117,0.021155642345547676,0.44244909286499023,0.1660165935754776,0.19598355889320374,0.21368494629859924,>=0.15,False,True,False,True,True,False,False,False,True,0.09057765454053879,-0.07276348769664764,0.07460647821426392,0.04904787614941597,0.055194441229104996,0.05999999865889549,0.09536831825971603,-0.020010871812701225,0.020010871812701225,0.0018429836491122842,0.029333852231502533,0.029391370713710785,0.014671044424176216,0.00048828125,0.0,-0.02359047159552574,0.19580714404582977,0.0005519444239325821,0.0021565237548202276,0.029820984229445457,0.02989812381565571,0.014293723739683628,0-2deg,0.00-0.04,0.0,0.0,0.0,0.0
8,50,True,True,0.08194673806428909,0.08055488765239716,0.07369218021631241,0.14996439218521118,2.0,1.2345050573349,0.3933675289154053,0.010580655187368393,-0.06296401470899582,0.14996439218521118,0.07369218021631241,-0.019590873271226883,0.07205478101968765,0.9663774371147156,0.43669676780700684,0.13610602915287018,0.09017470479011536,0.05-0.10,False,True,False,True,True,False,False,False,True,0.07312163710594177,-0.2810188829898834,0.4096636176109314,0.027917753905057907,0.21297675371170044,0.07999999821186066,0.07369218021631241,-0.020035395398736,0.020035395398736,-0.031085120514035225,-0.027841530740261078,0.04172750934958458,0.06107819825410843,0.06215614452958107,0.006931200157850981,-0.06866162270307541,0.1333225518465042,0.002129767555743456,-0.032357100397348404,-0.031240638345479965,0.044973403215408325,0.059878118336200714,2-4deg,0.04-0.08,0.0,0.0,0.0,0.0
9,1,True,True,0.09249044954776764,0.09247466176748276,0.08561528474092484,0.07718030363321304,2.0399999618530273,1.5772455930709839,0.41675981879234314,0.019878586754202843,-0.005932144820690155,0.07718030363321304,0.08561528474092484,-0.0199460256844759,0.02579219453036785,0.8498913645744324,0.4720989167690277,0.0769519954919815,0.10859107971191406,0.10-0.15,False,True,False,True,True,False,False,False,True,0.09515088051557541,-0.323852002620697,0.4337988793849945,0.169541135430336,0.169541135430336,0.09999999403953552,0.08561528474092484,-0.01999962143599987,0.01999962143599987,0.08216074854135513,-0.07528707385063171,0.1113814041018486,0.019832894206047058,0.07592673599720001,0.001091830083169043,-0.01151981484144926,0.0763157457113266,0.001695411279797554,0.0823756754398346,-0.07364308089017868,0.1104390025138855,0.021803200244903564,>=6deg,0.00-0.04,0.0,0.0,0.0,0.0
10,42,True,True,0.03835539519786835,0.03835539519786835,0.015676967799663544,0.15332253277301788,2.059999942779541,1.3911811113357544,0.3598063588142395,0.005615664180368185,-0.005291580222547054,0.15332253277301788,0.015676967799663544,-0.019995292648673058,0.010041453875601292,0.9072151780128479,0.4602033495903015,0.1532311886548996,0.15029306709766388,>=0.15,False,True,False,True,True,False,False,False,True,0.018693210557103157,-0.05680565908551216,0.17261210083961487,0.36888518929481506,0.36888518929481506,0.05999999865889549,0.015676967799663544,-0.02015054225921631,0.02015054225921631,0.001558799878694117,-0.06441131979227066,0.06443004310131073,0.03364713862538338,0.0016194459749385715,0.0,-0.0019822001922875643,0.15330971777439117,0.003688851837068796,0.0014541856944561005,-0.06304724514484406,0.06306399405002594,0.034753795713186264,2-4deg,0.00-0.04,0.0,0.0,0.0,0.0
11,32,True,True,0.04698743671178818,0.04698743671178818,0.03131475672125816,0.09044529497623444,2.119999885559082,1.3402389287948608,0.3531164228916168,0.006050735246390104,0.017243923619389534,0.09044529497623444,0.03131475672125816,-0.019974179565906525,-0.012414162047207355,0.7631418108940125,0.3980270028114319,0.08878625929355621,0.09593498706817627,0.05-0.10,False,True,False,True,True,False,False,False,True,0.03184919059276581,-0.1149013414978981,0.21858510375022888,0.061925966292619705,0.4413684010505676,0.07999999821186066,0.03131475672125816,-0.02014773339033127,0.02014773339033127,-0.0614054910838604,-0.025776810944080353,0.06658976525068283,0.05486353114247322,0.03233690932393074,0.0003452669770922512,0.022127054631710052,0.08769689500331879,0.004413683898746967,-0.060878824442625046,-0.029005389660596848,0.06742741912603378,0.05416914448142052,2-4deg,0.04-0.08,0.0,0.0,0.0,0.0
12,9,True,True,0.0996728390455246,0.08516030758619308,0.09327230602502823,0.23120993375778198,2.1599998474121094,1.3548667430877686,0.42782947421073914,-0.025105027481913567,-0.1603384166955948,0.23120993375778198,0.09327230602502823,-0.01991741731762886,0.13759198784828186,0.9900225400924683,0.47075340151786804,0.16658219695091248,0.1531817466020584,>=0.15,False,True,False,True,True,False,False,False,True,0.07666444033384323,-0.0709153562784195,0.18568997085094452,0.061461444944143295,0.061461444944143295,0.1599999964237213,0.09327230602502823,-0.01991741731762886,0.01991741731762886,0.0018985323840752244,-0.025582317262887955,0.025652902200818062,0.02173410914838314,0.014906717464327812,0.0015822122804820538,-0.16402879357337952,0.16294965147972107,0.0006146144587546587,0.002219904214143753,-0.022445429116487503,0.022554103285074234,0.023280177265405655,0-2deg,0.00-0.04,0.0,0.0,0.0,0.0
13,7,True,False,0.12485295534133911,0.12485295534133911,0.0,0.0,2.200000047683716,1.4855115413665771,0.5238829255104065,-0.35053181648254395,-0.4220690131187439,0.580510675907135,0.12069175392389297,-0.017097463831305504,0.0510927177965641,1.2423287630081177,0.5335725545883179,0.39856040477752686,0.14366751909255981,0.10-0.15,True,True,False,True,False,False,False,True,True,0.12069175392389297,-0.39769765734672546,0.422882080078125,0.18809977173805237,0.18809977173805237,0.0,0.12069175392389297,-0.017097463831305504,0.017097463831305504,-0.045495882630348206,0.041525136679410934,0.06158740073442459,0.03125835210084915,0.04916156083345413,0.04916156083345413,-0.39769765734672546,0.422882080078125,0.0018809976754710078,-0.045495882630348206,0.041525136679410934,0.06158740073442459,0.03125835210084915,2-4deg,0.00-0.04,0.0,0.0,0.0,0.0
14,33,True,True,0.03887986019253731,0.03826633468270302,0.0169694684445858,0.24171221256256104,2.240000009536743,1.112394094467163,0.3221173584461212,-0.007414320949465036,-0.1415010392665863,0.24171221256256104,0.0169694684445858,-0.020024368539452553,0.13425427675247192,0.7702051997184753,0.4368434548377991,0.19596491754055023,0.1862902194261551,>=0.15,False,True,False,True,True,False,False,False,True,0.014903511852025986,-0.1442808359861374,0.1695927530527115,0.05965351313352585,0.23584569990634918,0.05999999865889549,0.0169694684445858,-0.020024368539452553,0.020024368539452553,-0.00417274609208107,-0.00825169775635004,0.009245197288691998,0.01784229837357998,0.0040559712797403336,0.0003452669770922512,-0.13978861272335052,0.19719010591506958,0.002358456840738654,-0.0035116132348775864,-0.007975002750754356,0.008714172057807446,0.017990566790103912,0-2deg,0.00-0.04,0.0,0.0,0.0,0.0
15,55,True,True,0.0511297732591629,0.048039138317108154,0.03731776773929596,0.1280040740966797,2.259999990463257,1.5257987976074219,0.384452223777771,-0.03844081982970238,-0.0021408647298812866,0.1280040740966797,0.03731776773929596,-0.020042872056365013,-0.035328805446624756,1.243635892868042,0.4878487288951874,0.12798616290092468,0.10663114488124847,0.10-0.15,False,True,False,True,True,False,False,False,True,0.02868056669831276,-0.12281184643507004,0.23840850591659546,0.07080741226673126,0.25648945569992065,0.14000000059604645,0.03731776773929596,-0.020133888348937035,0.020133888348937035,-0.029385117813944817,0.04021426662802696,0.049801453948020935,0.056105900555849075,0.08195894956588745,0.0,0.003686123061925173,0.127950981259346,0.002564894501119852,-0.0268306415528059,0.0462973453104496,0.05350494012236595,0.05381759628653526,2-4deg,0.04-0.08,0.0,0.0,0.0,0.0
16,24,True,True,0.07980480045080185,0.07980480045080185,0.07117579132318497,0.19254547357559204,2.2799999713897705,1.3352512121200562,0.2779480814933777,0.010228480212390423,-0.13658687472343445,0.19254547357559204,0.07117579132318497,-0.019495228305459023,0.14981748163700104,1.4419018030166626,0.6351667642593384,0.135712131857872,0.1715082824230194,>=0.15,False,True,False,True,True,False,False,False,True,0.07420450448989868,-0.14425568282604218,0.2828727960586548,0.09688960760831833,0.09688960760831833,0.05999999865889549,0.07117579132318497,-0.019623788073658943,0.019623788073658943,-0.025948433205485344,-0.030452465638518333,0.04000598564743996,0.050621967762708664,0.007697227410972118,0.009965047240257263,-0.1349007934331894,0.13738825917243958,0.0009688960271887481,-0.02506340481340885,-0.028605282306671143,0.03803027793765068,0.05178070813417435,2-4deg,0.04-0.08,0.0,0.0,0.0,0.0
17,43,True,False,0.14419902861118317,0.14419902861118317,0.0,0.0,2.2799999713897705,1.522430658340454,0.4778946340084076,-0.3652297258377075,-0.35131192207336426,0.5894434452056885,0.14095227420330048,-0.015837963670492172,-0.014206057414412498,1.3174625635147095,0.5562885403633118,0.4733112156391144,0.23998670279979706,>=0.15,True,True,False,True,False,False,False,True,True,0.14095227420330048,-0.3638264834880829,0.4637605845928192,0.03996110334992409,0.03996110334992409,0.0,0.14095227420330048,-0.015837963670492172,0.015837963670492172,0.025503797456622124,-0.007942135445773602,0.026711607351899147,0.04473426192998886,0.061809737235307693,0.061809737235307693,-0.3638264834880829,0.4637605845928192,0.0003996110172010958,0.025503797456622124,-0.007942135445773602,0.026711607351899147,0.04473426192998886,0-2deg,0.04-0.08,0.0,0.0,0.0,0.0
18,62,True,True,0.0699288547039032,0.06446655839681625,0.06053305044770241,0.23488923907279968,2.2799999713897705,1.1978892087936401,0.3278883099555969,-5.178978608455509e-05,-0.12109322845935822,0.23488923907279968,0.06053305044770241,-0.020023252815008163,0.12000342458486557,0.9306009411811829,0.3798222243785858,0.20126944780349731,0.1960259974002838,>=0.15,False,True,False,True,True,False,False,False,True,0.054358161985874176,-0.18985877931118011,0.1948491930961609,0.3715013563632965,0.3715013563632965,0.09999999403953552,0.06053305044770241,-0.02009151130914688,0.02009151130914688,-0.05641210824251175,0.0009005929459817708,0.056419290602207184,0.02537258341908455,0.004821395967155695,0.0006905339541845024,-0.12163932621479034,0.20093989372253418,0.003715013386681676,-0.058332957327365875,0.0008477425435557961,0.05833898112177849,0.02265169285237789,2-4deg,0.00-0.04,0.0,0.0,0.0,0.0
19,31,True,True,0.0400058850646019,0.0400058850646019,0.01938997395336628,0.11439403146505356,2.299999952316284,1.4151744842529297,0.34831973910331726,-0.00021319491497706622,-0.03330475091934204,0.11439403146505356,0.01938997395336628,-0.020007526502013206,0.032888174057006836,1.2507938146591187,0.4888021945953369,0.10943851619958878,0.11617974191904068,0.10-0.15,False,True,False,True,True,False,False,False,True,0.024025892838835716,-0.19143405556678772,0.26413723826408386,0.04321563243865967,0.29604434967041016,0.07999999821186066,0.01938997395336628,-0.020007526502013206,0.020007526502013206,-0.0013687392929568887,0.009808971546590328,0.009905051440000534,0.019505023956298828,0.03344080224633217,0.0,-0.03217404708266258,0.10977625101804733,0.0029604434967041016,-0.0014577776892110705,0.010970057919621468,0.011064772494137287,0.019308002665638924,0-2deg,0.00-0.04,0.0,0.0,0.0,0.0
20,53,True,True,0.06979086995124817,0.06979086995124817,0.06045980378985405,0.04540474712848663,2.299999952316284,1.6116015911102295,0.4644140601158142,-0.057935524731874466,0.003690626472234726,0.04540474712848663,0.06045980378985405,-0.01880272850394249,-0.06193414703011513,0.9272267818450928,0.44572389125823975,0.045254506170749664,0.16042177379131317,>=0.15,False,True,False,True,True,False,False,False,True,0.0792791023850441,-0.11182792484760284,0.1653708815574646,0.08884385973215103,0.15414530038833618,0.3199999928474426,0.06045980378985405,-0.01880272850394249,0.01880272850394249,0.00544737558811903,0.030650470405817032,0.03113086149096489,0.0026416934560984373,0.11565671861171722,0.02361539751291275,0.0024242086801677942,0.04533998295664787,0.0015414529480040073,0.00492214597761631,0.029422322288155556,0.02983025647699833,0.006282221060246229,0-2deg,0.00-0.04,0.0,0.0,0.0,0.0
21,29,True,True,0.08267439156770706,0.08050279319286346,0.07488490641117096,0.12160857021808624,2.319999933242798,1.6412017345428467,0.4414272904396057,-0.01051145326346159,-0.10236246138811111,0.12160857021808624,0.07488490641117096,-0.019873827695846558,0.09044307470321655,1.0692777633666992,0.46968191862106323,0.0656549409031868,0.06671013683080673,0.05-0.10,False,True,False,True,True,False,False,False,True,0.07564698159694672,-0.45867225527763367,0.17320609092712402,0.14206789433956146,0.5632493495941162,0.07999999821186066,0.07488490641117096,-0.02015393041074276,0.02015393041074276,0.02488151378929615,0.04487225413322449,0.0513053759932518,0.019315948709845543,0.08881988376379013,0.0026067092549055815,-0.10242393612861633,0.0655590146780014,0.005632493179291487,0.024817761033773422,0.04599716141819954,0.05226116627454758,0.018239879980683327,2-4deg,0.00-0.04,0.0,0.0,0.0,0.0
22,44,True,True,0.09973473101854324,0.09301701933145523,0.09379471838474274,0.12436279654502869,2.359999895095825,1.5401129722595215,0.4768508970737457,0.004691390786319971,-0.007416707929223776,0.12436279654502869,0.09379471838474274,-0.018711403012275696,0.011832018382847309,1.3246216773986816,0.5942862629890442,0.12414143979549408,0.12455079704523087,0.10-0.15,False,True,False,True,True,False,False,False,True,0.08912715315818787,-0.3787606954574585,0.3142746090888977,0.205039843916893,0.205039843916893,0.14000000059604645,0.09379471838474274,-0.019755909219384193,0.019755909219384193,0.0847490206360817,0.016906244680285454,0.08641472458839417,0.005369698628783226,0.1462046355009079,0.02553177997469902,-0.013654731214046478,0.12361089885234833,0.0020503983832895756,0.08501359820365906,0.01641671173274517,0.0865803137421608,0.004586393479257822,4-6deg,0.00-0.04,0.0,0.0,0.0,0.0
23,19,True,True,0.10344849526882172,0.10050486773252487,0.09735327959060669,0.19943690299987793,2.379999876022339,1.6417230367660522,0.38601186871528625,-0.004471834748983383,-0.18479613959789276,0.19943690299987793,0.09735327959060669,-0.019629616290330887,0.1778845638036728,1.0874384641647339,0.4721437096595764,0.07500310987234116,0.09287972003221512,0.05-0.10,False,True,False,True,True,False,False,False,True,0.09559372812509537,-0.4927842617034912,0.3421054780483246,0.2829500436782837,0.2829500436782837,0.09999999403953552,0.09735327959060669,-0.01982978545129299,0.01982978545129299,-0.010511125437915325,0.001406741444952786,0.010602612979710102,0.043592438101768494,0.07047104090452194,0.007348609156906605,-0.18558652698993683,0.07302549481391907,0.00282950047403574,-0.013965340331196785,0.0016544918762519956,0.014063124544918537,0.042954906821250916,0-2deg,0.04-0.08,0.0,0.0,0.0,0.0
24,2,True,True,0.10420400649309158,0.06497814506292343,0.0981464758515358,0.17925310134887695,2.440000057220459,1.3493951559066772,0.3339526951313019,0.007506935857236385,-0.02298877201974392,0.17925310134887695,0.0981464758515358,-0.019985835999250412,0.028892630711197853,0.40880659222602844,0.26368415355682373,0.1777728796005249,0.17336706817150116,>=0.15,False,True,False,True,True,False,False,False,True,0.09149777144193649,-0.09485933184623718,0.07523740828037262,0.05091660097241402,0.20947585999965668,0.07999999821186066,0.0981464758515358,-0.019994141533970833,0.019994141533970833,0.000313544791424647,0.027792826294898987,0.027794349938631058,0.016733357682824135,0.016002094373106956,0.0,-0.02030114084482193,0.17809981107711792,0.002094758441671729,0.0003152215213049203,0.026769427582621574,0.026771795004606247,0.01737593300640583,0-2deg,0.00-0.04,0.0,0.0,0.0,0.0
25,14,True,True,0.037616048008203506,0.037616048008203506,0.013834468089044094,0.11814096570014954,2.440000057220459,1.3869624137878418,0.4114823043346405,0.003737825434654951,-0.0745924785733223,0.11814096570014954,0.013834468089044094,-0.020012015476822853,0.07842139899730682,1.0037121772766113,0.4422759413719177,0.09161468595266342,0.09758682548999786,0.05-0.10,False,True,False,True,True,False,False,False,True,0.018149729818105698,-0.3142096996307373,0.2199888378381729,0.08982763439416885,0.36198991537094116,0.07999999821186066,0.013834468089044094,-0.020012307912111282,0.020012307912111282,0.01355002075433731,0.03663546219468117,0.039060406386852264,0.018502410501241684,0.04986128583550453,0.0006905339541845024,-0.07769858092069626,0.08899561315774918,0.0036198990419507027,0.012432058341801167,0.03650990128517151,0.03856733813881874,0.01900072954595089,2-4deg,0.00-0.04,0.0,0.0,0.0,0.0
26,22,True,True,0.11326434463262558,0.09861879795789719,0.10774321854114532,0.18941031396389008,2.4600000381469727,1.582916259765625,0.38433706760406494,-0.00992804765701294,-0.06402809172868729,0.18941031396389008,0.10774321854114532,-0.01978420838713646,0.057423412799835205,1.5574917793273926,0.43388932943344116,0.17826013267040253,0.0995832234621048,0.05-0.10,False,True,False,True,True,False,False,False,True,0.10292208939790726,-0.10194573551416397,0.20188193023204803,0.04990437626838684,0.04990437626838684,0.05999999865889549,0.10774321854114532,-0.01978420838713646,0.01978420838713646,0.015112239867448807,-0.016862377524375916,0.022643787786364555,0.03340017423033714,0.05161130800843239,0.004326186142861843,-0.0632505714893341,0.1785374879837036,0.0004990437300875783,0.016356749460101128,-0.016392145305871964,0.023156583309173584,0.03311586380004883,0-2deg,0.00-0.04,0.0,0.0,0.0,0.0
27,57,True,True,0.07373646646738052,0.053838104009628296,0.06466854363679886,0.09164943546056747,2.4600000381469727,1.4551588296890259,0.38227906823158264,-0.06515874713659286,-0.01081189513206482,0.09164943546056747,0.06466854363679886,-0.017710266634821892,-0.05529795587062836,0.8262767195701599,0.383609414100647,0.0910094603896141,0.008722599595785141,0.00-0.05,False,True,False,True,True,False,False,False,True,0.035434022545814514,-0.041864849627017975,0.195604145526886,0.05661163479089737,0.05661163479089737,0.35999998450279236,0.06466854363679886,-0.017710266634821892,0.017710266634821892,-0.04402415454387665,0.04841063171625137,0.06542313098907471,0.03558588773012161,0.12144222110509872,0.03252624347805977,-0.007625247351825237,0.09133167564868927,0.0005661163595505059,-0.03237473592162132,0.05228177458047867,0.06148660182952881,0.0368269607424736,2-4deg,0.00-0.04,0.0,0.0,0.0,0.0
28,54,True,True,0.08495495468378067,0.08063361048698425,0.07740942388772964,0.17313723266124725,2.5399999618530273,1.4612025022506714,0.34959328174591064,0.011200185865163803,-0.059606388211250305,0.17313723266124725,0.07740942388772964,-0.019994983449578285,0.0754602774977684,0.6180746555328369,0.273645281791687,0.1625533103942871,0.16079112887382507,>=0.15,False,True,False,True,True,False,False,False,True,0.07277897000312805,-0.12809033691883087,0.09327274560928345,0.03096502460539341,0.26847341656684875,0.07999999821186066,0.07740942388772964,-0.019994983449578285,0.019994983449578285,0.039988357573747635,-0.008672118186950684,0.04091808572411537,0.06212887540459633,0.015560172498226166,0.0003452669770922512,-0.05512537062168121,0.16412706673145294,0.0026847340632230043,0.04352044686675072,-0.009689638391137123,0.0445859357714653,0.060370445251464844,2-4deg,0.04-0.08,0.0,0.0,0.0,0.0
29,4,True,False,0.13529804348945618,0.13529804348945618,0.0,0.0,2.619999885559082,1.6423548460006714,0.402705579996109,-0.13808046281337738,-0.29036688804626465,0.5843324065208435,0.1305965930223465,-0.01212948840111494,0.14468899369239807,0.8646596670150757,0.49067041277885437,0.5070812702178955,0.19528426229953766,>=0.15,True,True,False,True,False,False,False,True,True,0.1305965930223465,-0.29960379004478455,0.5016791224479675,0.06467712670564651,0.06467712670564651,0.0,0.1305965930223465,-0.01212948840111494,0.01212948840111494,-0.015653522685170174,-0.016094371676445007,0.02245079167187214,0.021921208128333092,0.1102912649512291,0.1102912649512291,-0.29960379004478455,0.5016791224479675,0.0006467712810263038,-0.015653522685170174,-0.016094371676445007,0.02245079167187214,0.021921208128333092,0-2deg,0.00-0.04,0.0,0.0,0.0,0.0
30,34,True,True,0.047261904925107956,0.042307354509830475,0.031739138066768646,0.1325610876083374,2.679999828338623,1.4071030616760254,0.3752421736717224,0.006579281762242317,0.03301079571247101,0.1325610876083374,0.031739138066768646,-0.019972313195466995,-0.025715870782732964,1.0475478172302246,0.4254089593887329,0.12838508188724518,0.12607836723327637,0.10-0.15,False,True,False,True,True,False,False,False,True,0.02480543963611126,-0.17189674079418182,0.14315083622932434,0.0705309733748436,1.042258858680725,0.11999999731779099,0.031739138066768646,-0.020181065425276756,0.020181065425276756,-0.011318916454911232,-0.0711398646235466,0.07203333079814911,0.028284994885325432,0.11354304850101471,0.0005980199784971774,0.03141667693853378,0.1287844479084015,0.01042258832603693,-0.011533841490745544,-0.07368719577789307,0.07458296418190002,0.02281075529754162,4-6deg,0.00-0.04,0.0,0.0,0.0,0.0
31,30,True,True,0.044305454939603806,0.044305454939603806,0.027178622782230377,0.1897604912519455,2.799999952316284,1.2237999439239502,0.27496662735939026,-0.0017884487751871347,-0.08345550298690796,0.1897604912519455,0.027178622782230377,-0.01999952271580696,0.08147916197776794,0.4399336874485016,0.17737333476543427,0.17042365670204163,0.17094139754772186,>=0.15,False,True,False,True,True,False,False,False,True,0.031043818220496178,-0.03910325840115547,0.14553597569465637,0.033265870064496994,0.21431757509708405,0.05999999865889549,0.027178622782230377,-0.0200162623077631,0.0200162623077631,0.004017882980406284,-0.06359837204217911,0.06372540444135666,0.01866222731769085,0.007572314236313105,0.0005980199784971774,-0.07630519568920135,0.17374281585216522,0.002143175806850195,0.004740851931273937,-0.0637633427977562,0.06393938511610031,0.018419893458485603,2-4deg,0.00-0.04,0.0,0.0,0.0,0.0
32,35,True,True,0.11539176851511002,0.1149006336927414,0.10949237644672394,0.2074693739414215,2.819999933242798,1.5049338340759277,0.2897307276725769,0.010089060291647911,-0.1527308225631714,0.2074693739414215,0.10949237644672394,-0.01936275139451027,0.16241620481014252,0.947449266910553,0.4983668327331543,0.14041665196418762,0.20117971301078796,>=0.15,False,True,False,True,True,False,False,False,True,0.11138240993022919,-0.27928823232650757,0.3449555039405823,0.02363830991089344,0.09620735794305801,0.07999999821186066,0.10949237644672394,-0.019901106134057045,0.019901106134057045,0.003454566700384021,-0.03641912713646889,0.03658242151141167,0.008761509321630001,0.06565884500741959,0.008802643977105618,-0.1503533571958542,0.14295947551727295,0.0009620735654607415,0.0031778765842318535,-0.036843132227659225,0.036979541182518005,0.00812180619686842,2-4deg,0.00-0.04,0.0,0.0,0.0,0.0
33,46,True,True,0.05627298727631569,0.054473962634801865,0.044074688106775284,0.18560375273227692,2.8399999141693115,1.4808379411697388,0.3469758629798889,-0.003751242533326149,-0.0833948627114296,0.18560375273227692,0.044074688106775284,-0.02002011612057686,0.07927088439464569,0.9010081887245178,0.3065841794013977,0.16581329703330994,0.16339696943759918,>=0.15,False,True,False,True,True,False,False,False,True,0.04182259365916252,-0.049527548253536224,0.12320774793624878,0.4068623185157776,0.4068623185157776,0.05999999865889549,0.044074688106775284,-0.02002132311463356,0.02002132311463356,-0.015987958759069443,0.0044366479851305485,0.01659097895026207,0.010041236877441406,0.0017940601101145148,0.0006905339541845024,-0.0849401131272316,0.16502706706523895,0.004068623296916485,-0.016265181824564934,0.0047158896923065186,0.016935892403125763,0.009631980210542679,0-2deg,0.00-0.04,0.0,0.0,0.0,0.0
34,41,True,True,0.03516293689608574,0.03500351682305336,0.0020967849995940924,0.089792400598526,2.859999895095825,1.198949933052063,0.2762829065322876,-0.04613381251692772,0.01852942630648613,0.089792400598526,0.0020967849995940924,-0.019900662824511528,-0.06460024416446686,0.6643363833427429,0.29197847843170166,0.08785974234342575,0.11410076171159744,0.10-0.15,False,True,False,True,True,False,False,False,True,0.006019976455718279,-0.08526083081960678,0.08982333540916443,0.07607650011777878,0.18756674230098724,0.09999999403953552,0.0020967849995940924,-0.020041244104504585,0.020041244104504585,-0.026003070175647736,-0.016059303656220436,0.030560730025172234,0.025152401998639107,0.023693518713116646,0.0021283691748976707,0.021229485049843788,0.08724667876958847,0.001875667367130518,-0.02797314152121544,-0.015748830512166023,0.03210006654262543,0.024707006290555,0-2deg,0.00-0.04,0.0,0.0,0.0,0.0
35,60,True,True,0.04039156064391136,0.04039156064391136,0.020139697939157486,0.10870533436536789,2.8999998569488525,1.4386262893676758,0.31849929690361023,0.007673646789044142,-0.026136495172977448,0.10870533436536789,0.020139697939157486,-0.019988665357232094,0.03224501386284828,0.37594717741012573,0.20445388555526733,0.10551650077104568,0.10118064284324646,0.10-0.15,False,True,False,True,True,False,False,False,True,0.023037763312458992,0.002126238774508238,0.10091645270586014,0.5024594068527222,0.5024594068527222,0.05999999865889549,0.020139697939157486,-0.0200586449354887,0.0200586449354887,0.02208705060184002,-0.002355270553380251,0.022213228046894073,0.07034025341272354,0.0015822122804820538,0.0003452669770922512,-0.02396520785987377,0.10603073984384537,0.005024593789130449,0.02248067781329155,0.00042950117494910955,0.0224852804094553,0.07026942819356918,0-2deg,0.04-0.08,0.0,0.0,0.0,0.0
36,16,True,True,0.0783618688583374,0.07278018444776535,0.0700891986489296,0.19587118923664093,1.0799999237060547,1.7000871896743774,0.9156104326248169,0.016117267310619354,0.05556688457727432,0.19587118923664093,0.0700891986489296,-0.019998006522655487,-0.041274916380643845,0.3432714641094208,0.19264014065265656,0.18782396614551544,0.18065686523914337,>=0.15,False,True,False,True,True,False,False,False,True,0.06283538043498993,-0.2636754512786865,0.16281703114509583,0.12010733783245087,0.36532196402549744,0.07999999821186066,0.0700891986489296,-0.020005501806735992,0.020005501806735992,-0.043756235390901566,0.004027518909424543,0.0439407080411911,0.05917654559016228,0.020748017355799675,0.0005980199784971774,0.05002729594707489,0.18937474489212036,0.0036532196681946516,-0.04090747982263565,0.006221373099833727,0.04137740656733513,0.06065778061747551,2-4deg,0.04-0.08,0.0,0.0,0.0,0.0
37,36,True,True,0.08681734651327133,0.07512450963258743,0.07939086854457855,0.23688091337680817,2.9800000190734863,1.434743881225586,0.3881054222583771,-0.019229477271437645,-0.12239880859851837,0.23688091337680817,0.07939086854457855,-0.019919125363230705,0.10055608302354813,2.196519613265991,0.7001704573631287,0.20280803740024567,0.19729365408420563,>=0.15,False,True,False,True,True,False,False,False,True,0.06810817867517471,-0.18832886219024658,0.12598572671413422,0.02747100405395031,0.14400628209114075,0.07999999821186066,0.07939086854457855,-0.020023759454488754,0.020023759454488754,-9.856844553723931e-05,0.013672181405127048,0.013671981170773506,0.040793027728796005,0.0003452669770922512,0.0016558425268158317,-0.12536026537418365,0.2009909600019455,0.0014400627696886659,-8.953882934292778e-05,0.016098005697131157,0.01609865017235279,0.04004844278097153,0-2deg,0.04-0.08,0.0,0.0,0.0,0.0
38,37,True,True,0.06307253986597061,0.05658099427819252,0.052470654249191284,0.14948464930057526,3.059999942779541,1.4757328033447266,0.2961452007293701,0.006474494934082031,-0.02409987710416317,0.14948464930057526,0.052470654249191284,-0.019994083791971207,0.030631979927420616,1.8418080806732178,0.6212206482887268,0.14752918481826782,0.14568471908569336,0.10-0.15,False,True,False,True,True,False,False,False,True,0.044955987483263016,-0.13552621006965637,0.19034427404403687,0.038548655807971954,0.2792145013809204,0.09999999403953552,0.052470654249191284,-0.020102571696043015,0.020102571696043015,-0.011969441547989845,0.013682130724191666,0.018178481608629227,0.0012045924086123705,0.07139112800359726,0.0,-0.023553702980279922,0.14761735498905182,0.0027921448927372694,-0.012027625925838947,0.01370980218052864,0.018237410113215446,0.0004176191578153521,0-2deg,0.00-0.04,0.0,0.0,0.0,0.0
39,28,True,True,0.04099086672067642,0.037969641387462616,0.02131430059671402,0.187480166554451,3.0799999237060547,1.1186362504959106,0.2783980071544647,0.004143406171351671,0.012858191505074501,0.187480166554451,0.02131430059671402,-0.019985729828476906,-0.008943619206547737,0.814260721206665,0.3739302456378937,0.18703870475292206,0.18671874701976776,>=0.15,False,True,False,True,True,False,False,False,True,0.012594909407198429,-0.15286891162395477,0.18960237503051758,0.0621631033718586,0.20905962586402893,0.07999999821186066,0.02131430059671402,-0.02014133334159851,0.02014133334159851,-0.0009552310220897198,0.04132373631000519,0.041334155946969986,0.01482604630291462,0.030969588086009026,0.0,0.012590792030096054,0.18705689907073975,0.002090596128255129,-0.001481355750001967,0.04201523959636688,0.04204067960381508,0.014136217534542084,2-4deg,0.00-0.04,0.0,0.0,0.0,0.0
40,6,True,True,0.05903902277350426,0.05401176959276199,0.0475139245390892,0.20072442293167114,3.0999999046325684,1.443440318107605,0.3154168128967285,0.0034949462860822678,-0.11588035523891449,0.20072442293167114,0.0475139245390892,-0.02000376209616661,0.12221569567918777,1.023740530014038,0.3581290543079376,0.16389642655849457,0.1646626740694046,>=0.15,False,True,False,True,True,False,False,False,True,0.04142365604639053,-0.0675431415438652,0.15357047319412231,0.7960566282272339,0.7960566282272339,0.07999999821186066,0.0475139245390892,-0.02017306722700596,0.02017306722700596,0.017275912687182426,-0.026084886863827705,0.03128558769822121,0.06170462444424629,0.004367323592305183,0.001091830083169043,-0.11085686832666397,0.1673351377248764,0.007960566319525242,0.020439423620700836,-0.027952484786510468,0.034626688808202744,0.06073328107595444,0-2deg,0.04-0.08,0.0,0.0,0.0,0.0
41,47,True,True,0.06603565812110901,0.06217588111758232,0.05550016835331917,0.21882545948028564,2.0399999618530273,1.3102326393127441,0.4316343665122986,-0.002218673937022686,-0.16219864785671234,0.21882545948028564,0.05550016835331917,-0.0196137186139822,0.1584281027317047,0.6960763335227966,0.3483581840991974,0.14688833057880402,0.15158231556415558,>=0.15,False,True,False,True,True,False,False,False,True,0.050653111189603806,-0.29360970854759216,0.22143296897411346,0.049944326281547546,0.12361612915992737,0.09999999403953552,0.05550016835331917,-0.019887501373887062,0.019887501373887062,0.02685626968741417,-0.011055267415940762,0.029042469337582588,0.05551917105913162,0.08358249813318253,0.007858163677155972,-0.16356466710567474,0.14536568522453308,0.0012361612170934677,0.023467760533094406,-0.008078532293438911,0.024819066748023033,0.057191889733076096,0-2deg,0.04-0.08,0.0,0.0,0.0,0.0
42,48,True,True,0.03564377501606941,0.03564377501606941,0.006679960992187262,0.19075945019721985,3.1599998474121094,1.4278762340545654,0.3110044300556183,0.008305894210934639,-0.02699052356183529,0.19075945019721985,0.006679960992187262,-0.019986623898148537,0.03536292538046837,0.3461636006832123,0.19203999638557434,0.1888403594493866,0.1853196769952774,>=0.15,False,True,False,True,True,False,False,False,True,0.01648673042654991,-0.17504121363162994,0.10173723101615906,0.027253855019807816,0.3042592704296112,0.07999999821186066,0.006679960992187262,-0.020054403692483902,0.020054403692483902,-0.026917124167084694,-0.010474293492734432,0.028881922364234924,0.07277148216962814,0.0320238322019577,0.0003452669770922512,-0.031788505613803864,0.1880921572446823,0.003042592667043209,-0.024099480360746384,-0.013828286901116371,0.027783624827861786,0.07321745157241821,0-2deg,0.04-0.08,0.0,0.0,0.0,0.0
43,33,True,True,0.06829524040222168,0.06332573294639587,0.05866188928484917,0.24315352737903595,0.9399999976158142,1.1730518341064453,0.5008006691932678,-0.018865074962377548,-0.10774984210729599,0.24315352737903595,0.05866188928484917,-0.02001390978693962,0.08839394152164459,0.32150599360466003,0.22309936583042145,0.2179761677980423,0.21107758581638336,>=0.15,False,True,False,True,True,False,False,False,True,0.0529305636882782,-0.07056497782468796,0.1398775726556778,0.6121545433998108,0.6121545433998108,0.05999999865889549,0.05866188928484917,-0.02001390978693962,0.02001390978693962,-0.045263174921274185,0.024540703743696213,0.05148405209183693,0.016406141221523285,0.004858341533690691,0.0003452669770922512,-0.10896361619234085,0.21737195551395416,0.006121545098721981,-0.044720668345689774,0.02414783649146557,0.05081957206130028,0.01708407886326313,2-4deg,0.00-0.04,0.0,0.0,0.0,0.0
44,52,True,True,0.0705934390425682,0.06762730330228806,0.06065572425723076,0.17262060940265656,3.179999828338623,1.1911596059799194,0.2619965076446533,0.0214849840849638,-0.12652093172073364,0.17262060940265656,0.06065572425723076,-0.019440753385424614,0.14695091545581818,1.4561225175857544,0.5728141069412231,0.11743222922086716,0.2377633899450302,>=0.15,False,True,False,True,True,False,False,False,True,0.05804137885570526,-0.11001025885343552,0.11719803512096405,0.605134904384613,0.605134904384613,0.05999999865889549,0.06065572425723076,-0.020111432299017906,0.020111432299017906,0.021141286939382553,0.008004136383533478,0.022604264318943024,0.024556856602430344,0.0036376153584569693,0.01120395865291357,-0.12387678772211075,0.1202181950211525,0.006051348987966776,0.021115770563483238,0.007018452510237694,0.022250765934586525,0.0247406754642725,0-2deg,0.00-0.04,0.0,0.0,0.0,0.0
45,25,True,True,0.07511766254901886,0.07413492351770401,0.06647840142250061,0.09670969098806381,3.240000009536743,1.078565239906311,0.21614456176757812,0.0008373137679882348,-0.034237440675497055,0.09670969098806381,0.06647840142250061,-0.020005203783512115,0.03501855581998825,0.4844312071800232,0.21050091087818146,0.09044645726680756,0.11506246775388718,0.10-0.15,False,True,False,True,True,False,False,False,True,0.06534971296787262,-0.027705185115337372,0.03576720505952835,0.025036990642547607,0.1295967996120453,0.05999999865889549,0.06647840142250061,-0.020005203783512115,0.020005203783512115,-0.0091896653175354,-0.005152870435267687,0.010534935630857944,0.0021598530001938343,0.0006905339541845024,0.0003452669770922512,-0.033491771668195724,0.09072522073984146,0.00129596795886755,-0.009156007319688797,-0.005232825409621,0.010546245612204075,0.002189589198678732,0-2deg,0.00-0.04,0.0,0.0,0.0,0.0
46,10,True,True,0.04333169385790825,0.0385764017701149,0.025528449565172195,0.2363726943731308,3.259999990463257,1.3879600763320923,0.2885381281375885,0.018918313086032867,0.07747703790664673,0.2363726943731308,0.025528449565172195,-0.019991273060441017,-0.05836927890777588,0.9119352102279663,0.3883545696735382,0.22331449389457703,0.2187911719083786,>=0.15,False,True,False,True,True,False,False,False,True,0.015410899184644222,-0.07546854019165039,0.09645373374223709,0.03742421045899391,0.4501079022884369,0.11999999731779099,0.025528449565172195,-0.020152829587459564,0.020152829587459564,0.006664035376161337,-0.05371985211968422,0.05413099378347397,0.01484901923686266,0.0751749575138092,0.0,0.06956151127815247,0.2259054034948349,0.0045010787434875965,0.0066617438569664955,-0.05205758288502693,0.052482061088085175,0.018380824476480484,2-4deg,0.00-0.04,0.0,0.0,0.0,0.0
47,51,True,True,0.0438833050429821,0.04164811223745346,0.02644021436572075,0.2376541942358017,2.0399999618530273,1.2257905006408691,0.33453369140625,-0.03763122484087944,-0.1743260771036148,0.2376541942358017,0.02644021436572075,-0.019963281229138374,0.136630117893219,0.8701938390731812,0.40814316272735596,0.16152378916740417,0.17332443594932556,>=0.15,False,True,False,True,True,False,False,False,True,0.025268126279115677,-0.36225268244743347,0.34184539318084717,0.05490656942129135,0.22311146557331085,0.11999999731779099,0.02644021436572075,-0.020027386024594307,0.020027386024594307,0.0034243115223944187,-0.0024742342066019773,0.004228642676025629,0.0024822556879371405,0.04043881222605705,0.0007720404537394643,-0.17482370138168335,0.1609850376844406,0.0022311145439743996,0.0032174396328628063,-0.002317967591807246,0.003966818563640118,0.002700837329030037,0-2deg,0.00-0.04,0.0,0.0,0.0,0.0
48,49,True,True,0.0831814855337143,0.07334993034601212,0.07543289661407471,0.2508462965488434,3.299999952316284,1.3118926286697388,0.3213104009628296,0.014325779862701893,-0.0744723528623581,0.2508462965488434,0.07543289661407471,-0.019988225772976875,0.09108629822731018,1.5749553442001343,0.6274505257606506,0.23953649401664734,0.2323950231075287,>=0.15,False,True,False,True,True,False,False,False,True,0.06252219527959824,-0.33576399087905884,0.25293633341789246,0.08705113083124161,0.3370102345943451,0.07999999821186066,0.07543289661407471,-0.020007479935884476,0.020007479935884476,-0.02952272817492485,-0.003637436544522643,0.029746202751994133,0.03944024071097374,0.027723483741283417,0.0005980199784971774,-0.07695610821247101,0.2387501299381256,0.003370102262124419,-0.027140477672219276,-0.003544723382219672,0.027370749041438103,0.04002001881599426,0-2deg,0.00-0.04,0.0,0.0,0.0,0.0
49,8,True,True,0.036652665585279465,0.035921018570661545,0.009986142627894878,0.10243342816829681,3.319999933242798,1.144181251525879,0.22165891528129578,-0.05416763573884964,0.032659757882356644,0.10243342816829681,0.009986142627894878,-0.01967639848589897,-0.08752954751253128,0.6055446863174438,0.23308303952217102,0.0970873162150383,0.15477462112903595,>=0.15,False,True,False,True,True,False,False,False,True,0.011405247263610363,-0.049423035234212875,0.06573554873466492,0.045119233429431915,0.37782758474349976,0.07999999821186066,0.009986142627894878,-0.020108425989747047,0.020108425989747047,0.002722240751609206,-0.011213772930204868,0.01153942197561264,0.0392177551984787,0.013452228158712387,0.007134604267776012,0.03146718442440033,0.09748037159442902,0.003778275800868869,0.005070321261882782,-0.011303767561912537,0.012386457063257694,0.03909951448440552,0-2deg,0.00-0.04,0.0,0.0,0.0,0.0
50,20,True,True,0.10834179818630219,0.10698480159044266,0.10241232067346573,0.1481257528066635,3.3999998569488525,1.4611035585403442,0.33959537744522095,-0.011351021938025951,-0.12702621519565582,0.1481257528066635,0.10241232067346573,-0.019868116825819016,0.1174607202410698,0.8644353747367859,0.34394752979278564,0.07619434595108032,0.2019418179988861,>=0.15,False,True,False,True,True,False,False,False,True,0.10115226358175278,-0.0909540206193924,0.1250854730606079,0.06101375073194504,0.06101375073194504,0.05999999865889549,0.10241232067346573,-0.019868116825819016,0.019868116825819016,-0.011593826115131378,0.011232441291213036,0.01614302210509777,0.020508386194705963,0.0034526714589446783,0.0024168696254491806,-0.12800875306129456,0.07453187555074692,0.0006101374747231603,-0.011013763025403023,0.011809218674898148,0.016146713867783546,0.0203911904245615,0-2deg,0.00-0.04,0.0,0.0,0.0,0.0
51,59,True,True,0.04417986795306206,0.04417986795306206,0.026954513043165207,0.12173745036125183,3.5199999809265137,1.2902047634124756,0.26242902874946594,0.015429542399942875,0.07106879353523254,0.12173745036125183,0.026954513043165207,-0.01999618485569954,-0.0548747293651104,0.8711497783660889,0.36285853385925293,0.09883943200111389,0.09198208153247833,0.05-0.10,False,True,False,True,True,False,False,False,True,0.02897435985505581,-0.062070686370134354,0.06768564879894257,0.04635347053408623,0.6694167852401733,0.09999999403953552,0.026954513043165207,-0.020101895555853844,0.020101895555853844,-0.04816329479217529,0.024045981466770172,0.05382829159498215,0.04033162072300911,0.05046633630990982,0.0,0.06597940623760223,0.10230701416730881,0.006694167852401733,-0.04576089605689049,0.021770963445305824,0.05067268759012222,0.042367223650217056,2-4deg,0.04-0.08,0.0,0.0006905339541845024,0.0,0.0
52,57,True,True,0.09458772838115692,0.09458772838115692,0.08755739033222198,0.13061055541038513,1.0799999237060547,1.096577525138855,0.512116551399231,-0.032175906002521515,0.018498733639717102,0.13061055541038513,0.08755739033222198,-0.01905621588230133,-0.053515344858169556,0.5560958981513977,0.26643556356430054,0.12929390370845795,0.11893098056316376,0.10-0.15,False,True,False,True,True,False,False,False,True,0.09272894263267517,-0.46466565132141113,0.16418035328388214,0.2550921142101288,0.9738268256187439,0.11999999731779099,0.08755739033222198,-0.020051967352628708,0.020051967352628708,0.05438152700662613,0.022072674706578255,0.05868654325604439,0.05622672289609909,0.30163198709487915,0.018920788541436195,0.01375256571918726,0.1298845112323761,0.009738268330693245,0.05943255126476288,0.0239736195653677,0.06408008188009262,0.05164618417620659,2-4deg,0.04-0.08,0.0,0.0,0.0,0.0
53,61,True,True,0.055154949426651,0.055154949426651,0.04247896745800972,0.22773072123527527,3.559999942779541,1.4148918390274048,0.2825266122817993,-0.017986856400966644,-0.13380783796310425,0.22773072123527527,0.04247896745800972,-0.019893400371074677,0.1156989336013794,0.9950618743896484,0.3556203246116638,0.18427355587482452,0.2210884541273117,>=0.15,False,True,False,True,True,False,False,False,True,0.04927489906549454,-0.34533149003982544,0.4123690128326416,0.08545569330453873,0.47938796877861023,0.07999999821186066,0.04247896745800972,-0.02013816498219967,0.02013816498219967,-0.030737940222024918,0.011569324880838394,0.03284179046750069,0.007038370240479708,0.08307620882987976,0.0019531252328306437,-0.12772446870803833,0.18854106962680817,0.004793879576027393,-0.03110363334417343,0.011671700514853,0.0332208052277565,0.005619404371827841,0-2deg,0.00-0.04,0.0,0.0,0.0,0.0
54,38,True,True,0.052796777337789536,0.052117861807346344,0.03953366354107857,0.21751007437705994,3.5799999237060547,1.3936131000518799,0.26725903153419495,0.009963839314877987,-0.051996342837810516,0.21751007437705994,0.03953366354107857,-0.0200014878064394,0.06241142377257347,0.778908908367157,0.2796705365180969,0.21120372414588928,0.20078834891319275,>=0.15,False,True,False,True,True,False,False,False,True,0.039269544184207916,-0.17202062904834747,0.18073008954524994,0.039449818432331085,0.2636817395687103,0.07999999821186066,0.03953366354107857,-0.02001587487757206,0.02001587487757206,0.04449884966015816,-0.007251190021634102,0.045085955411195755,0.015099436976015568,0.011235833168029785,0.00048828125,-0.05515311285853386,0.21040144562721252,0.0026368172839283943,0.04527275264263153,-0.006809988059103489,0.04578150436282158,0.014598673209547997,2-4deg,0.00-0.04,0.0,0.0,0.0,0.0
55,56,True,True,0.1072462797164917,0.06309394538402557,0.10139796882867813,0.12114271521568298,3.6599998474121094,1.2652299404144287,0.26208576560020447,0.0012621482601389289,-0.03426887094974518,0.12114271521568298,0.10139796882867813,-0.020005617290735245,0.033747076988220215,0.4582008421421051,0.218980610370636,0.11619467288255692,0.10919088125228882,0.10-0.15,False,True,False,True,True,False,False,False,True,0.09774799644947052,-0.018142033368349075,0.08436866104602814,0.04534854739904404,0.09352272748947144,0.05999999865889549,0.10139796882867813,-0.020005617290735245,0.020005617290735245,-0.01950678415596485,-0.0004363831540104002,0.019510185346007347,0.01676299050450325,0.0011451211757957935,0.00048828125,-0.03210774436593056,0.11681032180786133,0.0009352272609248757,-0.018831828609108925,-0.00033590104430913925,0.018835533410310745,0.01735357753932476,0-2deg,0.00-0.04,0.0,0.0,0.0,0.0
56,39,True,True,0.06424754858016968,0.06381288170814514,0.05384155362844467,0.0564536415040493,3.6999998092651367,1.0437843799591064,0.19666214287281036,0.0037022323813289404,0.012464681640267372,0.0564536415040493,0.05384155362844467,-0.019982099533081055,-0.010516439564526081,1.025670051574707,0.41597121953964233,0.05506037920713425,0.19883941113948822,>=0.15,False,True,False,True,True,False,False,False,True,0.05468252673745155,-0.107479028403759,0.2367556095123291,0.034484297037124634,0.1750340461730957,0.11999999731779099,0.05384155362844467,-0.019982099533081055,0.019982099533081055,0.04196947440505028,-0.030961059033870697,0.05214808136224747,0.04223290830850601,0.0633593201637268,0.0007720404537394643,0.01263982243835926,0.05502044036984444,0.0017503404524177313,0.04534608870744705,-0.033185649663209915,0.05618520453572273,0.038600098341703415,2-4deg,0.04-0.08,0.0,0.0,0.0,0.0
57,40,True,True,0.038804925978183746,0.03520047292113304,0.016840538010001183,0.13250315189361572,3.7200000286102295,1.3015220165252686,0.2614439129829407,-0.044706907123327255,0.02366422861814499,0.13250315189361572,0.016840538010001183,-0.020067524164915085,-0.06742881238460541,1.2486436367034912,0.3744334280490875,0.13037288188934326,0.15576820075511932,>=0.15,False,True,False,True,True,False,False,False,True,0.008891455829143524,0.0696633979678154,0.145209401845932,0.3881389796733856,0.5754398107528687,0.17999999225139618,0.016840538010001183,-0.020115463063120842,0.020115463063120842,-0.013846567831933498,0.028206193819642067,0.03142058849334717,0.01658904179930687,0.003257243661209941,0.00172633514739573,0.02684807777404785,0.12975463271141052,0.0057543981820344925,-0.01137001533061266,0.029168076813220978,0.03130463883280754,0.016639485955238342,0-2deg,0.00-0.04,0.0,0.0,0.0,0.0
58,13,True,False,0.14279702305793762,0.06062455475330353,0.0,0.0,3.8999998569488525,1.2134466171264648,0.18097618222236633,0.00232072570361197,-0.06969870626926422,0.18328619003295898,0.1384730339050293,-0.019874198362231255,0.07322987914085388,0.5085864663124084,0.20952725410461426,0.16951672732830048,0.22796058654785156,>=0.15,True,True,False,True,False,False,False,True,True,0.1384730339050293,-0.07319848984479904,0.1680351346731186,0.024988360702991486,0.024988360702991486,0.0,0.1384730339050293,-0.019874198362231255,0.019874198362231255,-0.018922941759228706,-0.016130538657307625,0.02486465871334076,0.013879429548978806,0.0025135823525488377,0.0025135823525488377,-0.07319848984479904,0.1680351346731186,0.0002498835965525359,-0.018922941759228706,-0.016130538657307625,0.02486465871334076,0.013879429548978806,0-2deg,0.00-0.04,0.0,0.0,0.0,0.0
59,4,True,True,0.11188596487045288,0.08853016048669815,0.10604831576347351,0.19960147142410278,1.2999999523162842,1.883684515953064,0.693134605884552,-0.007049082312732935,-0.14129571616649628,0.19960147142410278,0.10604831576347351,-0.019706042483448982,0.1337888240814209,0.43009382486343384,0.25486499071121216,0.1409832090139389,0.13975612819194794,0.10-0.15,False,True,False,True,True,False,False,False,True,0.10029304027557373,-0.1583416908979416,0.17479927837848663,0.0256652794778347,0.10506799072027206,0.05999999865889549,0.10604831576347351,-0.01998685672879219,0.01998685672879219,0.023673448711633682,0.030728565528988838,0.03878776356577873,0.029471490532159805,0.0,0.005930163897573948,-0.13835714757442474,0.14386814832687378,0.0010506798280403018,0.0225021131336689,0.03048400767147541,0.03788735345005989,0.03035750240087509,2-4deg,0.00-0.04,0.0,0.0,0.0,0.0
60,12,True,True,0.04641258344054222,0.044786639511585236,0.030196208506822586,0.19134435057640076,3.919999837875366,1.1991311311721802,0.22276002168655396,-0.0760839655995369,0.001542896032333374,0.19134435057640076,0.030196208506822586,-0.019835783168673515,-0.07816607505083084,0.9809766411781311,0.3481959104537964,0.19133812189102173,0.15411216020584106,>=0.15,False,True,False,True,True,False,False,False,True,0.02665124647319317,-0.06336718797683716,0.12861041724681854,0.061134178191423416,0.3833876848220825,0.09999999403953552,0.030196208506822586,-0.02010035142302513,0.02010035142302513,-0.038755353540182114,0.03621610626578331,0.053037021309137344,0.05440666526556015,0.03386947885155678,0.0031455333810299635,-0.006782869808375835,0.1912240833044052,0.0038338766898959875,-0.03952469676733017,0.04042145237326622,0.05652700364589691,0.052441682666540146,2-4deg,0.04-0.08,0.0,0.0,0.0,0.0
61,17,True,True,0.08580642938613892,0.07723178714513779,0.07838385552167892,0.31497707962989807,3.9599997997283936,1.2756909132003784,0.21678373217582703,-0.007351671811193228,-0.17129267752170563,0.31497707962989807,0.07838385552167892,-0.020028766244649887,0.16544227302074432,1.0678452253341675,0.32896801829338074,0.2643281817436218,0.2293134331703186,>=0.15,False,True,False,True,True,False,False,False,True,0.06671678274869919,-0.38728803396224976,0.2393578737974167,0.1582835614681244,0.2461015284061432,0.09999999403953552,0.07838385552167892,-0.020028766244649887,0.020028766244649887,0.004201267845928669,-0.0037426166236400604,0.005631141364574432,0.02012694999575615,0.047062091529369354,0.0008457279182039201,-0.1704672873020172,0.26486122608184814,0.002461015246808529,0.005492817144840956,-0.0027826211880892515,0.006157001946121454,0.0200964342802763,0-2deg,0.00-0.04,0.0,0.0,0.0,0.0
62,26,True,True,0.043655164539813995,0.04341055080294609,0.02608332969248295,0.18729573488235474,4.019999980926514,1.4142558574676514,0.2355339676141739,0.01852642558515072,0.08877101540565491,0.18729573488235474,0.02608332969248295,-0.01999872736632824,-0.06920163333415985,0.4006904661655426,0.15597544610500336,0.16492240130901337,0.16790468990802765,>=0.15,False,True,False,True,True,False,False,False,True,0.09121138602495193,-0.027264980599284172,0.05198388919234276,0.034373704344034195,0.4550166428089142,2.1399998664855957,0.02608332969248295,-0.01999872736632824,0.01999872736632824,-0.04790612310171127,0.04891373589634895,0.06845203787088394,0.027639545500278473,0.0036376153584569693,0.0003452669770922512,0.08142336457967758,0.16867105662822723,0.004550166428089142,-0.016710039228200912,0.044163599610328674,0.04721767082810402,0.0445275604724884,2-4deg,0.00-0.04,0.0,0.0,0.0,0.0
63,5,True,True,0.07528039067983627,0.058512695133686066,0.06664460897445679,0.21865133941173553,4.059999942779541,1.2210782766342163,0.21412792801856995,0.021227063611149788,0.10700778663158417,0.21865133941173553,0.06664460897445679,-0.02003183215856552,-0.08481136709451675,0.4554196298122406,0.18444795906543732,0.19067706167697906,0.17904740571975708,>=0.15,False,True,False,True,True,False,False,False,True,0.05049031972885132,-0.06838123500347137,0.1291433721780777,0.09001731127500534,0.6854501962661743,0.14000000059604645,0.06664460897445679,-0.020072167739272118,0.020072167739272118,0.0027549604419618845,0.034293532371520996,0.03440387174487114,0.007366281934082508,0.011570372618734837,0.0016194459749385715,0.10075991600751877,0.19405114650726318,0.006854502018541098,0.0020862899255007505,0.033612675964832306,0.03367707133293152,0.008547905832529068,0-2deg,0.00-0.04,0.0,0.0,0.0,0.0
64,32,True,True,0.04442773759365082,0.04324593394994736,0.027254214510321617,0.16826321184635162,1.959999918937683,1.0812098979949951,0.31866246461868286,-0.003139136591926217,-0.04687000811100006,0.16826321184635162,0.027254214510321617,-0.019883880391716957,0.043816354125738144,0.7044333815574646,0.36618223786354065,0.16160356998443604,0.13345614075660706,0.10-0.15,False,True,False,True,True,False,False,False,True,0.02534615248441696,-0.03203169256448746,0.2529650330543518,0.3456571400165558,0.3456571400165558,0.05999999865889549,0.027254214510321617,-0.01996579021215439,0.01996579021215439,0.014923414215445518,-0.008783514611423016,0.017315277829766273,0.009805393405258656,0.0003452669770922512,0.002367031527683139,-0.04953853785991669,0.1608056128025055,0.0034565713722258806,0.015311159193515778,-0.008798998780548573,0.017659546807408333,0.00959668681025505,0-2deg,0.00-0.04,0.0,0.0,0.0,0.0
65,0,True,False,0.1319623589515686,0.1319623589515686,0.0,0.0,2.180000066757202,1.5871738195419312,0.5032052397727966,-0.33174747228622437,-0.4131312072277069,0.5148997902870178,0.1282259076833725,-0.012961035594344139,0.08441314101219177,1.3119019269943237,0.62110835313797,0.3073180913925171,0.18183855712413788,>=0.15,True,True,False,True,False,False,False,True,True,0.1282259076833725,-0.3930761516094208,0.3325852155685425,0.12962378561496735,0.12962378561496735,0.0,0.1282259076833725,-0.012961035594344139,0.012961035594344139,0.06206019967794418,0.0338377021253109,0.07067560404539108,0.049735065549612045,0.11392486840486526,0.11392486840486526,-0.3930761516094208,0.3325852155685425,0.0012962378095835447,0.06206019967794418,0.0338377021253109,0.07067560404539108,0.049735065549612045,4-6deg,0.04-0.08,0.0,0.0,0.0,0.0
66,18,True,True,0.05160060152411461,0.051281921565532684,0.037722229957580566,0.14257027208805084,4.199999809265137,1.498353123664856,0.29618847370147705,-0.012983718886971474,-0.09296724945306778,0.14257027208805084,0.037722229957580566,-0.019881170243024826,0.08094797283411026,2.1908187866210938,0.48462310433387756,0.10808965563774109,0.19910801947116852,>=0.15,False,True,False,True,True,False,False,False,True,0.03725044056773186,-0.08727629482746124,0.05140410736203194,0.04326718673110008,0.06555074453353882,0.05999999865889549,0.037722229957580566,-0.019904321059584618,0.019904321059584618,0.01053044106811285,0.05687033757567406,0.057835903018713,0.04200819879770279,0.0029092722106724977,0.0024168696254491806,-0.09819747507572174,0.10336120426654816,0.0006555074360221624,0.010373704135417938,0.05516662821173668,0.056132107973098755,0.04352797940373421,2-4deg,0.04-0.08,0.0,0.0,0.0,0.0
67,14,True,True,0.09522842615842819,0.08947886526584625,0.0885608047246933,0.20234781503677368,1.7799999713897705,1.3975011110305786,0.37945085763931274,-0.018202848732471466,-0.10125388950109482,0.20234781503677368,0.0885608047246933,-0.019992101937532425,0.08256286382675171,0.6491155624389648,0.34458231925964355,0.17519214749336243,0.17567721009254456,>=0.15,False,True,False,True,True,False,False,False,True,0.0823102667927742,-0.0743798166513443,0.14803166687488556,0.29502323269844055,0.29502323269844055,0.05999999865889549,0.0885608047246933,-0.019992101937532425,0.019992101937532425,-0.007150812540203333,-0.05119439214468002,0.0516909658908844,0.057916734367609024,0.0007720404537394643,0.0,-0.09387671202421188,0.1792534440755844,0.002950232243165374,-0.0062914141453802586,-0.05332110822200775,0.053690746426582336,0.05676543712615967,2-4deg,0.04-0.08,0.0,0.0,0.0,0.0
68,45,True,True,0.10256759822368622,0.05948429927229881,0.09638334065675735,0.21554115414619446,4.299999713897705,1.5666556358337402,0.26119592785835266,-0.09155704081058502,0.01913219690322876,0.21554115414619446,0.09638334065675735,-0.019875571131706238,-0.10748028010129929,0.6850864887237549,0.28065964579582214,0.21469035744667053,0.21737076342105865,>=0.15,False,True,False,True,True,False,False,False,True,0.07338500767946243,-0.1444694846868515,0.1837923377752304,0.04884614422917366,0.18595528602600098,0.6800000071525574,0.09638334065675735,-0.019875571131706238,0.019875571131706238,-0.0470559298992157,-0.04257787764072418,0.06344962865114212,0.05239057168364525,0.11098656803369522,0.0026067092549055815,0.003353952430188656,0.21551506221294403,0.0018595528090372682,-0.07338739186525345,-0.0298527330160141,0.07921640574932098,0.037895310670137405,2-4deg,0.04-0.08,0.0,0.0,0.0,0.0
69,23,True,True,0.06348486989736557,0.052402373403310776,0.05296366289258003,0.21895672380924225,4.360000133514404,1.2267005443572998,0.19771073758602142,0.021957021206617355,0.1002369225025177,0.21895672380924225,0.05296366289258003,-0.019977467134594917,-0.07620162516832352,0.8498917818069458,0.2727164328098297,0.19466538727283478,0.18055696785449982,>=0.15,False,True,False,True,True,False,False,False,True,0.03366084024310112,-0.051411956548690796,0.0932602509856224,0.04560382291674614,0.6366119980812073,0.17999999225139618,0.05296366289258003,-0.02002878300845623,0.02002878300845623,-0.03664504736661911,-0.05250435695052147,0.0640186220407486,0.034308020025491714,0.10172013938426971,0.00048828125,0.09752418100833893,0.19603848457336426,0.006366119720041752,-0.03538862243294716,-0.05750897154211998,0.06751494109630585,0.030193954706192017,2-4deg,0.00-0.04,0.0,0.0,0.0,0.0
70,31,True,True,0.04799311235547066,0.04022696614265442,0.03282155469059944,0.19364559650421143,2.0999999046325684,1.3823996782302856,0.4069841802120209,0.021018147468566895,0.05969678610563278,0.19364559650421143,0.03282155469059944,-0.02000316046178341,-0.03706107661128044,0.7136969566345215,0.3842080533504486,0.18421430885791779,0.16721969842910767,>=0.15,False,True,False,True,True,False,False,False,True,0.011674802750349045,-0.08093886077404022,0.30511948466300964,0.02293400838971138,0.450406551361084,0.14000000059604645,0.03282155469059944,-0.020051414147019386,0.020051414147019386,-0.009363004937767982,0.021857814863324165,0.023778904229402542,0.04397949203848839,0.08453380316495895,0.0007720404537394643,0.06214652210474014,0.18340237438678741,0.004504065494984388,-0.010031790472567081,0.027015572413802147,0.028817864134907722,0.042658787220716476,0-2deg,0.04-0.08,0.0,0.0,0.0,0.0
71,62,True,True,0.06875748187303543,0.06745662540197372,0.05919354781508446,0.16124574840068817,2.119999885559082,1.3731300830841064,0.4536742568016052,-0.023034118115901947,-0.1233205571770668,0.16124574840068817,0.05919354781508446,-0.020006805658340454,0.09769612550735474,0.8131728172302246,0.3983578085899353,0.10388566553592682,0.0918181911110878,0.05-0.10,False,True,False,True,True,False,False,False,True,0.057756684720516205,-0.10572125762701035,0.14971807599067688,0.5107452869415283,0.5107452869415283,0.05999999865889549,0.05919354781508446,-0.020116794854402542,0.020116794854402542,-0.003260924480855465,0.004226945340633392,0.005337704438716173,0.058825522661209106,0.0019531252328306437,0.0003452669770922512,-0.12327739596366882,0.10393687337636948,0.005107452627271414,-0.0040932889096438885,0.006425540894269943,0.007619396783411503,0.058712489902973175,0-2deg,0.04-0.08,0.0,0.0,0.0,0.0
72,63,True,True,0.036625102162361145,0.035254236310720444,0.010724250227212906,0.17641115188598633,3.119999885559082,1.1625028848648071,0.2774711549282074,0.008819428272545338,0.045582398772239685,0.17641115188598633,0.010724250227212906,-0.019972199574112892,-0.03685187175869942,0.695683479309082,0.26837271451950073,0.17042048275470734,0.15666307508945465,>=0.15,False,True,False,True,True,False,False,False,True,0.003166450187563896,-0.05290259048342705,0.13649871945381165,0.14725571870803833,0.40502265095710754,0.07999999821186066,0.010724250227212906,-0.02003258652985096,0.02003258652985096,-0.007409893441945314,0.031000856310129166,0.031874559819698334,0.02449781820178032,0.003107404103502631,0.0007720404537394643,0.0434589758515358,0.17097431421279907,0.004050226416438818,-0.006519535090774298,0.03213777765631676,0.03279274329543114,0.023637402802705765,0-2deg,0.00-0.04,0.0,0.0,0.0,0.0
73,43,True,True,0.04497811198234558,0.04497811198234558,0.028240634128451347,0.09087511897087097,2.240000009536743,1.508703589439392,0.40922579169273376,0.006601549685001373,0.01640966162085533,0.09087511897087097,0.028240634128451347,-0.019994625821709633,-0.010183500126004219,1.0324195623397827,0.46470877528190613,0.08938126266002655,0.09250357002019882,0.05-0.10,False,True,False,True,True,False,False,False,True,0.030259229242801666,-0.18488666415214539,0.23668628931045532,0.05302035063505173,0.5309918522834778,0.09999999403953552,0.028240634128451347,-0.020037366077303886,0.020037366077303886,-0.039018191397190094,0.03162097558379173,0.05021759122610092,0.04064895957708359,0.062123507261276245,0.0,0.0200221985578537,0.08864196389913559,0.00530991842970252,-0.037979088723659515,0.028442908078432083,0.047444432973861694,0.04290815070271492,2-4deg,0.04-0.08,0.0,0.0,0.0,0.0
74,24,True,True,0.08732997626066208,0.06643873453140259,0.08001511543989182,0.19059881567955017,2.259999990463257,1.2334394454956055,0.42670968174934387,0.008396169170737267,-0.02392442896962166,0.19059881567955017,0.08001511543989182,-0.019995765760540962,0.03201470524072647,0.7412574291229248,0.36162880063056946,0.18909132480621338,0.18268205225467682,>=0.15,False,True,False,True,True,False,False,False,True,0.06378748267889023,-0.09998012334108353,0.19946619868278503,0.02369486726820469,0.2671334743499756,0.14000000059604645,0.08001511543989182,-0.020029332488775253,0.020029332488775253,0.0399683341383934,-0.008834751322865486,0.04093265160918236,0.06478266417980194,0.1142406091094017,0.0,-0.025933073833584785,0.18882633745670319,0.002671334659680724,0.043278686702251434,-0.015713779255747795,0.04604124650359154,0.06234331429004669,2-4deg,0.04-0.08,0.0,0.0,0.0,0.0
75,22,True,True,0.05345030874013901,0.04994932562112808,0.040389467030763626,0.21612991392612457,2.0999999046325684,1.2581387758255005,0.3506584167480469,-0.015233589336276054,-0.1560794711112976,0.21612991392612457,0.040389467030763626,-0.020017102360725403,0.13983437418937683,0.9688324928283691,0.4096967279911041,0.14950363337993622,0.15955446660518646,>=0.15,False,True,False,True,True,False,False,False,True,0.042170777916908264,-0.3674168586730957,0.3568626344203949,0.09302150458097458,0.32444992661476135,0.14000000059604645,0.040389467030763626,-0.020084897056221962,0.020084897056221962,0.05495816469192505,-0.022150058299303055,0.0592498816549778,0.0339718759059906,0.07728038728237152,0.0009134905994869769,-0.15602101385593414,0.14956463873386383,0.003244499210268259,0.05079515650868416,-0.02157077006995678,0.055181700736284256,0.03605871647596359,2-4deg,0.00-0.04,0.0,0.0,0.0,0.0
76,44,True,False,0.13609926402568817,0.13609926402568817,0.0,0.0,2.200000047683716,1.4815502166748047,0.28799065947532654,-0.1559799611568451,-0.32382097840309143,0.6239494681358337,0.12974636256694794,-0.01121207233518362,0.16147512197494507,0.8805791735649109,0.4629851281642914,0.5333412885665894,0.23698747158050537,>=0.15,True,True,False,True,False,False,False,True,True,0.12974636256694794,-0.309358686208725,0.5418580770492554,0.0599723644554615,0.0599723644554615,0.0,0.12974636256694794,-0.01121207233518362,0.01121207233518362,0.01991642825305462,0.01845572516322136,0.027152081951498985,0.03646479919552803,0.13127478957176208,0.13127478957176208,-0.309358686208725,0.5418580770492554,0.0005997236585244536,0.01991642825305462,0.01845572516322136,0.027152081951498985,0.03646479919552803,0-2deg,0.00-0.04,0.0,0.0,0.0,0.0
77,42,True,True,0.07333474606275558,0.07290802896022797,0.06443701684474945,0.013536226004362106,2.5399999618530273,1.435901403427124,0.2996978759765625,0.004136246629059315,-0.00787405390292406,0.013536226004362106,0.06443701684474945,-0.019991237670183182,0.010827907361090183,0.7503318190574646,0.27520236372947693,0.01101039070636034,0.013238973915576935,0.00-0.05,False,True,False,True,True,False,False,False,True,0.06406311690807343,0.014823087491095066,0.023675035685300827,0.34346234798431396,0.34346234798431396,0.05999999865889549,0.06443701684474945,-0.020018713548779488,0.020018713548779488,0.01248044054955244,-3.796703458647244e-05,0.012482330203056335,0.02508528344333172,0.0027186358347535133,0.0003452669770922512,-0.007868138141930103,0.011014619842171669,0.003434623358771205,0.01147524081170559,7.66922312323004e-05,0.011477270163595676,0.025495080277323723,0-2deg,0.00-0.04,0.0,0.0,0.0,0.0
78,1,True,True,0.04780057072639465,0.047512996941804886,0.031720131635665894,0.11811443418264389,2.5999999046325684,1.1917861700057983,0.33959874510765076,0.007686586584895849,-0.11507274955511093,0.11811443418264389,0.031720131635665894,-0.01944473385810852,0.12158972024917603,1.0250414609909058,0.4957437813282013,0.026632342487573624,0.10683999955654144,0.10-0.15,False,True,False,True,True,False,False,False,True,0.032400306314229965,-0.12997221946716309,0.20992189645767212,0.09769854694604874,0.13218757510185242,0.05999999865889549,0.031720131635665894,-0.019729193300008774,0.019729193300008774,-0.03680321201682091,-0.06645531952381134,0.07595266401767731,0.01929633691906929,0.0060001094825565815,0.00787331908941269,-0.11609712988138199,0.021736502647399902,0.001321875723078847,-0.03705323114991188,-0.06713290512561798,0.07666648924350739,0.016812151297926903,4-6deg,0.00-0.04,0.0,0.0,0.0,0.0
79,50,True,True,0.0781378448009491,0.0781378448009491,0.06978777796030045,0.12479498982429504,2.6399998664855957,1.4455710649490356,0.30245453119277954,-0.025779109448194504,-0.08964556455612183,0.12479498982429504,0.06978777796030045,-0.01995200663805008,0.06272681802511215,1.128503680229187,0.37045612931251526,0.08681855350732803,0.1736750453710556,>=0.15,False,True,False,True,True,False,False,False,True,0.0708601251244545,-0.07450376451015472,0.08109636604785919,0.08989516645669937,0.08989516645669937,0.05999999865889549,0.06978777796030045,-0.02002643048763275,0.02002643048763275,-0.056130290031433105,-0.02739398367702961,0.06245194748044014,0.03965362161397934,0.0009765625,0.0015049839857965708,-0.08748935163021088,0.08899102360010147,0.0008989516645669937,-0.05637289583683014,-0.02894882671535015,0.06336403638124466,0.0390302948653698,2-4deg,0.00-0.04,0.0,0.0,0.0,0.0
80,15,True,True,0.04177706688642502,0.04177706688642502,0.022787289693951607,0.1346120983362198,4.659999847412109,1.243918776512146,0.21215194463729858,0.0034578898921608925,0.006875975988805294,0.1346120983362198,0.022787289693951607,-0.019989481195807457,-0.004035714082419872,1.096111536026001,0.30881521105766296,0.13443636894226074,0.13184112310409546,0.10-0.15,False,True,False,True,True,False,False,False,True,0.02777588553726673,-0.025008024647831917,0.09502332657575607,0.14414912462234497,0.14414912462234497,0.05999999865889549,0.022787289693951607,-0.019995659589767456,0.019995659589767456,-0.005833789706230164,0.03882364556193352,0.03925984725356102,0.037161920219659805,0.001035800902172923,0.0,0.00177879654802382,0.13460032641887665,0.0014414911856874824,-0.006282867398113012,0.037390049546957016,0.03791409730911255,0.037947263568639755,2-4deg,0.00-0.04,0.0,0.0,0.0,0.0
81,3,True,True,0.037397533655166626,0.037397533655166626,0.01321114506572485,0.1829555481672287,4.759999752044678,1.4519373178482056,0.20027852058410645,0.0014187422348186374,-0.034064680337905884,0.1829555481672287,0.01321114506572485,-0.02001356892287731,0.03571375459432602,0.8597306609153748,0.32042816281318665,0.179756298661232,0.20012100040912628,>=0.15,False,True,False,True,True,False,False,False,True,0.02769753336906433,-0.14326909184455872,0.3634200990200043,0.04097626358270645,0.3443377614021301,0.09999999403953552,0.01321114506572485,-0.020055990666151047,0.020055990666151047,0.025305751711130142,0.0014437614008784294,0.0253466609865427,0.015690188854932785,0.08803223073482513,0.00048828125,-0.03861422464251518,0.1788341999053955,0.003443377558141947,0.026229850947856903,0.0006523997290059924,0.02623877115547657,0.014727873727679253,0-2deg,0.00-0.04,0.0,0.0,0.0,0.0
82,53,True,True,0.08690578490495682,0.08690578490495682,0.07955402880907059,0.12325293570756912,2.4600000381469727,1.6080965995788574,0.3358813524246216,0.0021064667962491512,-0.10166798532009125,0.12325293570756912,0.07955402880907059,-0.019778789952397346,0.10383506864309311,1.0823822021484375,0.4800119996070862,0.06967715919017792,0.1532851755619049,>=0.15,False,True,False,True,True,False,False,False,True,0.09160725027322769,-0.3287202715873718,0.3517181873321533,0.08815018087625504,0.4806630313396454,0.09999999403953552,0.07955402880907059,-0.020014511421322823,0.020014511421322823,-0.005176445469260216,-0.0023519829846918583,0.00568381929770112,0.00256677670404315,0.12296145409345627,0.003126526717096567,-0.10143698006868362,0.07001303136348724,0.004806630313396454,-0.005035276059061289,-0.0021918383426964283,0.005491814576089382,0.0027688543777912855,0-2deg,0.00-0.04,0.0,0.0,0.0,0.0
83,37,True,True,0.05548952519893646,0.05448900908231735,0.04294190555810928,0.17439110577106476,1.71999990940094,1.476758599281311,0.45952531695365906,-0.024247756227850914,-0.1602230668067932,0.17439110577106476,0.04294190555810928,-0.019890520721673965,0.13569456338882446,0.776225209236145,0.2967568635940552,0.06885366141796112,0.05263753607869148,0.05-0.10,False,True,False,True,True,False,False,False,True,0.041069403290748596,-0.3149242103099823,0.14046576619148254,0.1326679140329361,0.1326679140329361,0.07999999821186066,0.04294190555810928,-0.019911114126443863,0.019911114126443863,-0.055636368691921234,-0.010969874449074268,0.05670607089996338,0.02274407632648945,0.05751120299100876,0.0015440810238942504,-0.16182419657707214,0.06500144302845001,0.001326679135672748,-0.05692574009299278,-0.010599423199892044,0.05790288373827934,0.02197602577507496,2-4deg,0.00-0.04,0.0,0.0,0.0,0.0
84,2,True,True,0.06869620829820633,0.06555678695440292,0.059090837836265564,0.17652663588523865,2.3999998569488525,1.484480619430542,0.3990829288959503,-0.04369085654616356,-0.005735967308282852,0.17652663588523865,0.059090837836265564,-0.019842764362692833,-0.03615935519337654,0.9915062785148621,0.49414220452308655,0.17643342912197113,0.18684254586696625,>=0.15,False,True,False,True,True,False,False,False,True,0.05556830018758774,0.015513228252530098,0.00938741397112608,0.38242805004119873,0.38242805004119873,0.05999999865889549,0.059090837836265564,-0.020168667659163475,0.020168667659163475,0.038646649569272995,0.016662195324897766,0.04208320751786232,0.03452358394861221,0.0016558425268158317,0.0032018758356571198,0.0016376851126551628,0.17651903629302979,0.0038242803420871496,0.03787508234381676,0.017817078158259392,0.041854482144117355,0.03492608666419983,2-4deg,0.00-0.04,0.0,0.0,0.0,0.0
85,12,True,True,0.036436036229133606,0.03620777279138565,0.010152091272175312,0.16353575885295868,1.0199999809265137,1.2965788841247559,0.5755689740180969,-0.002626710571348667,-0.10363364964723587,0.16353575885295868,0.010152091272175312,-0.020015863701701164,0.10120312124490738,0.5358483791351318,0.28188976645469666,0.1265069544315338,0.12275376170873642,0.10-0.15,False,True,False,True,True,False,False,False,True,0.013227771036326885,-0.3034137189388275,0.264487087726593,0.14019471406936646,0.2818070948123932,0.09999999403953552,0.010152091272175312,-0.020015863701701164,0.020015863701701164,0.02961002103984356,0.04979630932211876,0.05792862921953201,0.05188405513763428,0.0,0.0009134905994869769,-0.09799300134181976,0.13092483580112457,0.0028180708177387714,0.03215894103050232,0.04643717035651207,0.05647845193743706,0.05352792516350746,2-4deg,0.04-0.08,0.0,0.0,0.0,0.0
86,9,True,True,0.06618797779083252,0.06618797779083252,0.056164879351854324,0.1984701305627823,2.8399999141693115,1.062522292137146,0.2637532651424408,0.005330575164407492,-0.0012418529950082302,0.1984701305627823,0.056164879351854324,-0.019985230639576912,0.006155624985694885,0.9290012717247009,0.3709695041179657,0.1984662413597107,0.2016560584306717,>=0.15,False,True,False,True,True,False,False,False,True,0.06157084181904793,-0.1306595653295517,0.12372364848852158,0.03494857996702194,0.5964024066925049,0.14000000059604645,0.056164879351854324,-0.019991477951407433,0.019991477951407433,-0.04502006247639656,0.005499081686139107,0.0453549362719059,0.028056638315320015,0.12097489088773727,0.0,-0.009726335294544697,0.19823166728019714,0.005964023992419243,-0.0477517805993557,0.007067617494612932,0.048271726816892624,0.02442755363881588,2-4deg,0.00-0.04,0.0,0.0,0.0,0.0
87,35,True,True,0.08150386065244675,0.08150386065244675,0.07363132387399673,0.09969834238290787,2.180000066757202,1.5050002336502075,0.4086305797100067,0.001026322366669774,-0.08574005961418152,0.09969834238290787,0.07363132387399673,-0.01977396011352539,0.08889863640069962,1.0906810760498047,0.4787081480026245,0.05087634548544884,0.08430518209934235,0.05-0.10,False,True,False,True,True,False,False,False,True,0.08000940084457397,-0.39542147517204285,0.3446892201900482,0.12738895416259766,0.4489094018936157,0.07999999821186066,0.07363132387399673,-0.020010212436318398,0.020010212436318398,-0.017547553405165672,0.018593793734908104,0.02556677907705307,0.047790803015232086,0.053069617599248886,0.004554388113319874,-0.08451365679502487,0.05288857966661453,0.004489094018936157,-0.014670098200440407,0.018546760082244873,0.023645669221878052,0.04813016206026077,0-2deg,0.04-0.08,0.0,0.0,0.0,0.0
88,36,True,True,0.06385082006454468,0.06312272697687149,0.053214311599731445,0.15036360919475555,2.0199999809265137,1.707534909248352,0.48669517040252686,-0.01953580044209957,-0.12586118280887604,0.15036360919475555,0.053214311599731445,-0.019821062684059143,0.10736919194459915,0.3351997137069702,0.17941299080848694,0.08226894587278366,0.10043702274560928,0.10-0.15,False,True,False,True,True,False,False,False,True,0.053605787456035614,-0.21159668266773224,0.15696823596954346,0.03802921250462532,0.34258800745010376,0.07999999821186066,0.053214311599731445,-0.019985118880867958,0.019985118880867958,-0.03533457592129707,0.07814135402441025,0.08574431389570236,0.010842572897672653,0.0525774210691452,0.0037822125013917685,-0.12247076630592346,0.08723607659339905,0.003425880102440715,-0.03528742119669914,0.07874109596014023,0.08627165853977203,0.009242541156709194,4-6deg,0.00-0.04,0.0,0.0,0.0,0.0
89,11,True,True,0.0716065913438797,0.0673159584403038,0.06248483806848526,0.18369807302951813,3.0999999046325684,1.2631577253341675,0.305641233921051,-0.015421328134834766,-0.11377744376659393,0.18369807302951813,0.06248483806848526,-0.02000308781862259,0.10349728167057037,1.2852895259857178,0.5146771669387817,0.14422091841697693,0.1398656964302063,0.10-0.15,False,True,False,True,True,False,False,False,True,0.05755164474248886,-0.2770196795463562,0.1919543594121933,0.1469159573316574,0.15933851897716522,0.09999999403953552,0.06248483806848526,-0.02000698819756508,0.02000698819756508,0.01717917062342167,-0.03340629115700722,0.03756338357925415,0.07969760149717331,0.0012918708380311728,0.0,-0.11244657635688782,0.14526095986366272,0.001593385124579072,0.022857077419757843,-0.030550602823495865,0.038152363151311874,0.07914140075445175,2-4deg,0.04-0.08,0.0,0.0,0.0,0.0
90,60,True,True,0.09081584960222244,0.09081584960222244,0.08339514583349228,0.12570719420909882,2.119999885559082,1.4732451438903809,0.3504205644130707,0.0020188100170344114,-0.11494939774274826,0.12570719420909882,0.08339514583349228,-0.019638031721115112,0.11542187631130219,0.6248510479927063,0.36453530192375183,0.05088156461715698,0.18046502768993378,>=0.15,False,True,False,True,True,False,False,False,True,0.09087883681058884,-0.15629583597183228,0.3441593050956726,0.024493442848324776,0.055678922683000565,0.14000000059604645,0.08339514583349228,-0.01979544386267662,0.01979544386267662,-0.037340350449085236,-0.008073118515312672,0.03820233419537544,0.02757333777844906,0.08386474847793579,0.007291610352694988,-0.1134561076760292,0.05412955954670906,0.0005567892221733928,-0.038952190428972244,-0.010868583805859089,0.04043881222605705,0.026195663958787918,2-4deg,0.00-0.04,0.0,0.0,0.0,0.0
91,7,True,True,0.03747003152966499,0.03597528114914894,0.013431034050881863,0.12180238962173462,2.8399999141693115,1.1253774166107178,0.24591483175754547,0.007463717367500067,0.05587468296289444,0.12180238962173462,0.013431034050881863,-0.020031293854117393,-0.049084026366472244,0.8379671573638916,0.34554600715637207,0.10823050141334534,0.11351517587900162,0.10-0.15,False,True,False,True,True,False,False,False,True,0.006390958093106747,-0.11059113591909409,0.22502940893173218,0.12353157252073288,0.4153536856174469,0.09999999403953552,0.013431034050881863,-0.020192204043269157,0.020192204043269157,-0.004774672910571098,0.06326529383659363,0.06344493478536606,0.054838769137859344,0.0964645966887474,0.0015049839857965708,0.04971301183104515,0.11119549721479416,0.004153536632657051,-0.00729942973703146,0.0667114108800888,0.06710907816886902,0.051944032311439514,2-4deg,0.04-0.08,0.0,0.0,0.0,0.0
92,6,True,True,0.058179836720228195,0.058179836720228195,0.04626334458589554,0.1583404392004013,2.059999942779541,1.2570847272872925,0.4242437779903412,-0.015358620323240757,-0.1074797660112381,0.1583404392004013,0.04626334458589554,-0.0198323093354702,0.09154373407363892,0.49231821298599243,0.2844303846359253,0.1162746474146843,0.22081756591796875,>=0.15,False,True,False,True,True,False,False,False,True,0.05110994726419449,-0.3390294313430786,0.39921173453330994,0.08990081399679184,0.4638820290565491,0.07999999821186066,0.04626334458589554,-0.019945325329899788,0.019945325329899788,0.0298000480979681,0.0017323981737717986,0.029850231483578682,0.025626549497246742,0.06429938226938248,0.0034526714589446783,-0.110460564494133,0.11344671994447708,0.004638819955289364,0.03131420910358429,0.0017639240249991417,0.03136361762881279,0.02485010400414467,0-2deg,0.00-0.04,0.0,0.0,0.0,0.0
93,27,True,True,0.10705681145191193,0.08608438074588776,0.10117042064666748,0.2512608766555786,5.179999828338623,1.2715668678283691,0.19973114132881165,0.0054208156652748585,-0.00231643533334136,0.2512608766555786,0.10117042064666748,-0.019982226192951202,0.013197368942201138,1.2395247220993042,0.31658974289894104,0.2512502074241638,0.25157564878463745,>=0.15,False,True,False,True,True,False,False,False,True,0.08869364857673645,-0.09725965559482574,0.07246193289756775,0.04349149391055107,0.364530086517334,0.09999999403953552,0.10117042064666748,-0.019992327317595482,0.019992327317595482,0.002918367739766836,-0.02965233474969864,0.029796263203024864,0.056528836488723755,0.05412879213690758,0.0003452669770922512,0.004616917110979557,0.25121843814849854,0.00364530086517334,0.005195888690650463,-0.033501800149679184,0.03390290215611458,0.05525476858019829,0-2deg,0.04-0.08,0.0,0.0,0.0,0.0
94,20,True,True,0.05638354271650314,0.05638354271650314,0.04417424649000168,0.028685521334409714,1.7999999523162842,1.491694450378418,0.4242536723613739,-0.0447767972946167,-0.027989529073238373,0.028685521334409714,0.04417424649000168,-0.019864050671458244,-0.014384027570486069,1.196882724761963,0.46244800090789795,0.0062805586494505405,0.10866963863372803,0.10-0.15,False,True,False,True,True,False,False,False,True,0.04426402598619461,0.07043106108903885,0.076594278216362,0.10505598038434982,0.10505598038434982,0.05999999865889549,0.04417424649000168,-0.019864050671458244,0.019864050671458244,-0.024498866870999336,-0.038300786167383194,0.04546261206269264,0.03200312703847885,0.009599452838301659,0.0026966221630573273,-0.028153881430625916,0.005497101228684187,0.0010505598038434982,-0.024866897612810135,-0.039504487067461014,0.046675339341163635,0.03092845343053341,2-4deg,0.00-0.04,0.0,0.0,0.0,0.0
95,48,True,True,0.09562128782272339,0.08788242936134338,0.08887571096420288,0.18030588328838348,2.0399999618530273,1.242164969444275,0.37220922112464905,-0.00727412523701787,-0.06380955874919891,0.18030588328838348,0.08887571096420288,-0.019884929060935974,0.0580177940428257,0.5229735374450684,0.27539801597595215,0.16863733530044556,0.179726243019104,>=0.15,False,True,False,True,True,False,False,False,True,0.0804530456662178,-0.1996339112520218,0.18671363592147827,0.040894024074077606,0.07067592442035675,0.11999999731779099,0.08887571096420288,-0.019884929060935974,0.019884929060935974,0.0007306557381525636,-0.07418088614940643,0.0741843432188034,0.024495063349604607,0.0850461795926094,0.0022902425844222307,-0.06656219810247421,0.16756993532180786,0.0007067592232488096,0.0030927846673876047,-0.07336871325969696,0.07343344390392303,0.02555597946047783,4-6deg,0.00-0.04,0.0,0.0,0.0,0.0
96,19,True,True,0.11645547300577164,0.10933058708906174,0.11108165234327316,0.2426486611366272,2.8399999141693115,1.4109995365142822,0.352678507566452,-0.028585296124219894,-0.14850656688213348,0.2426486611366272,0.11108165234327316,-0.020009037107229233,0.12498554587364197,0.759351909160614,0.31012392044067383,0.1918962448835373,0.20117494463920593,>=0.15,False,True,False,True,True,False,False,False,True,0.10349154472351074,-0.13101011514663696,0.09916884452104568,0.06093928590416908,0.1552911251783371,0.09999999403953552,0.11108165234327316,-0.020009037107229233,0.020009037107229233,-0.03843827173113823,0.008352990262210369,0.0393357053399086,0.044401735067367554,0.002042627427726984,0.0005980199784971774,-0.14959481358528137,0.19104909896850586,0.0015529112424701452,-0.03495099022984505,0.009275809861719608,0.036161165684461594,0.0457594208419323,2-4deg,0.04-0.08,0.0,0.0,0.0,0.0
97,41,True,True,0.0802573636174202,0.08001399785280228,0.07222055643796921,0.07338909059762955,2.359999895095825,1.6924619674682617,0.4640367329120636,-0.0026810539420694113,-0.03385595232248306,0.07338909059762955,0.07222055643796921,-0.02000364661216736,0.03141641244292259,1.4414998292922974,0.5001408457756042,0.06511323153972626,0.06740535795688629,0.05-0.10,False,True,False,True,True,False,False,False,True,0.07810117304325104,-0.38918110728263855,0.4542297124862671,0.18916961550712585,0.23730263113975525,0.11999999731779099,0.07222055643796921,-0.020050767809152603,0.020050767809152603,-0.031130623072385788,-0.07552037388086319,0.08167377859354019,0.004146097227931023,0.0734366923570633,0.00048828125,-0.028482746332883835,0.06763646751642227,0.002373026218265295,-0.03079668991267681,-0.0750434622168541,0.08110632747411728,0.007502309512346983,4-6deg,0.00-0.04,0.0,0.0,0.0,0.0
98,47,True,True,0.10381003469228745,0.10012464970350266,0.09753865003585815,0.17390191555023193,2.119999885559082,1.1464728116989136,0.2842850089073181,-0.010637192055583,-0.09222887456417084,0.17390191555023193,0.09753865003585815,-0.01979336515069008,0.0832274779677391,0.5621924996376038,0.21435098350048065,0.14743036031723022,0.17908182740211487,>=0.15,False,True,False,True,True,False,False,False,True,0.09488461166620255,-0.14011624455451965,0.27155759930610657,0.03490636870265007,0.25288647413253784,0.07999999821186066,0.09753865003585815,-0.02001512236893177,0.02001512236893177,0.026009468361735344,0.01716100238263607,0.031159574165940285,0.015331817790865898,0.039337221533060074,0.004200357478111982,-0.09583784639835358,0.14511024951934814,0.0025288646575063467,0.025905197486281395,0.016224544495344162,0.030564632266759872,0.016082189977169037,0-2deg,0.00-0.04,0.0,0.0,0.0,0.0
99,28,True,True,0.053801923990249634,0.05095628276467323,0.04083948954939842,0.13254331052303314,2.259999990463257,1.5949218273162842,0.44216978549957275,-0.004348904825747013,-0.06353955715894699,0.13254331052303314,0.04083948954939842,-0.0198784489184618,0.05912773683667183,0.6752105951309204,0.3467184901237488,0.11632046848535538,0.032783351838588715,0.00-0.05,False,True,False,True,True,False,False,False,True,0.036668501794338226,-0.28454652428627014,0.18181785941123962,0.09248006343841553,0.1489032804965973,0.09999999403953552,0.04083948954939842,-0.020009949803352356,0.020009949803352356,0.07501357793807983,-0.01024834718555212,0.07570876181125641,0.004780348390340805,0.08333296328783035,0.0024657000321894884,-0.0548517145216465,0.12066075205802917,0.0014890327583998442,0.07489770650863647,-0.010601460002362728,0.07564253360033035,0.005578572396188974,4-6deg,0.00-0.04,0.0,0.0,0.0,0.0
100,46,True,True,0.09990253299474716,0.09966149926185608,0.09361831843852997,0.15338416397571564,2.5,1.657616138458252,0.42097973823547363,0.008099616505205631,-0.06476974487304688,0.15338416397571564,0.09361831843852997,-0.019791245460510254,0.07623781263828278,0.953352153301239,0.48648127913475037,0.1390380561351776,0.15282844007015228,>=0.15,False,True,False,True,True,False,False,False,True,0.10573688894510269,-0.3681061267852783,0.3583510220050812,0.09821953624486923,0.19755077362060547,0.11999999731779099,0.09361831843852997,-0.020038457587361336,0.020038457587361336,0.03224264830350876,-0.01709083467721939,0.036491040140390396,0.054114796221256256,0.1362333744764328,0.0040559712797403336,-0.06298602372407913,0.13985516130924225,0.0019755077082663774,0.03754417598247528,-0.01731126382946968,0.04134136438369751,0.051962461322546005,2-4deg,0.04-0.08,0.0,0.0,0.0,0.0
101,57,True,True,0.04425838962197304,0.03909721598029137,0.026931146159768105,0.2666638195514679,1.899999976158142,1.2840731143951416,0.3721356987953186,-0.02570296823978424,-0.17582498490810394,0.2666638195514679,0.026931146159768105,-0.019918059930205345,0.1505477875471115,0.5272752642631531,0.3302813172340393,0.20048734545707703,0.19874073565006256,>=0.15,False,True,False,True,True,False,False,False,True,0.015798864886164665,-0.2718600332736969,0.25688591599464417,0.043969836086034775,0.07585679739713669,0.07999999821186066,0.026931146159768105,-0.019942335784435272,0.019942335784435272,0.007449762430042028,-0.00462433323264122,0.008768721483647823,0.030200665816664696,0.015046019107103348,0.001691456069238484,-0.17722542583942413,0.1992505043745041,0.0007585679413750768,0.005646565929055214,-0.00441114092245698,0.007167944218963385,0.03031983971595764,0-2deg,0.00-0.04,0.0,0.0,0.0,0.0
102,21,True,True,0.06808926910161972,0.06427623331546783,0.05838929861783981,0.2362632006406784,3.559999942779541,1.2518104314804077,0.22535035014152527,-0.0317622572183609,-0.16252121329307556,0.2362632006406784,0.05838929861783981,-0.019986893981695175,0.13150669634342194,0.6093261241912842,0.2966899275779724,0.17148515582084656,0.21347884833812714,>=0.15,False,True,False,True,True,False,False,False,True,0.0539199523627758,-0.09536904096603394,0.1448671966791153,0.6531332731246948,0.6531332731246948,0.05999999865889549,0.05838929861783981,-0.02000776305794716,0.02000776305794716,-0.02980264462530613,-0.015730859711766243,0.03369830921292305,0.0528569258749485,0.0,0.0003452669770922512,-0.16151337325572968,0.1724347174167633,0.006531332619488239,-0.030562274158000946,-0.01769484393298626,0.035313721746206284,0.052427027374506,0-2deg,0.04-0.08,0.0,0.0,0.0,0.0
103,49,True,True,0.10083287954330444,0.08147818595170975,0.09455697983503342,0.2533493936061859,2.259999990463257,1.252216100692749,0.2701193392276764,-0.008607428520917892,-0.09900295734405518,0.2533493936061859,0.09455697983503342,-0.01988721825182438,0.09368498623371124,1.0999337434768677,0.46072760224342346,0.23320446908473969,0.23150378465652466,>=0.15,False,True,False,True,True,False,False,False,True,0.07680846750736237,-0.31946277618408203,0.35307639837265015,0.0952124297618866,0.0952124297618866,0.23999999463558197,0.09455697983503342,-0.01988721825182438,0.01988721825182438,-0.05115519091486931,0.06100982800126076,0.07959812134504318,0.0394270159304142,0.02748376876115799,0.0020716022700071335,-0.07925435155630112,0.24063386023044586,0.0009521243046037853,-0.05915609002113342,0.05910004675388336,0.08359535783529282,0.03557010740041733,4-6deg,0.00-0.04,0.0,0.0,0.0,0.0
104,55,True,True,0.05235967040061951,0.0371667705476284,0.038968849927186966,0.15612830221652985,3.3399999141693115,1.388390302658081,0.2954123318195343,-0.05221189931035042,0.020741648972034454,0.15612830221652985,0.038968849927186966,-0.02006392367184162,-0.07262616604566574,0.9837967753410339,0.34621936082839966,0.15474440157413483,0.16013550758361816,>=0.15,False,True,False,True,True,False,False,False,True,0.013815563172101974,-0.07282567769289017,0.09494160115718842,0.09198054671287537,0.5536404252052307,0.2199999988079071,0.038968849927186966,-0.02006392367184162,0.02006392367184162,0.00027196481823921204,0.025877181440591812,0.0258796289563179,0.029872087761759758,0.02713451348245144,0.001091830083169043,0.023335294798016548,0.15437456965446472,0.005536403972655535,0.006226221565157175,0.025514304637908936,0.026263751089572906,0.029758304357528687,0-2deg,0.00-0.04,0.0,0.0,0.0,0.0
105,1,True,True,0.09210120886564255,0.08354299515485764,0.08528224378824234,0.1311604231595993,1.0,1.5139273405075073,0.7445288300514221,-0.09610722959041595,-0.01090095192193985,0.1311604231595993,0.08528224378824234,-0.01951080746948719,-0.08662138134241104,0.3564138114452362,0.2253267467021942,0.13070665299892426,0.1795680671930313,>=0.15,False,True,False,True,True,False,False,False,True,0.07620850205421448,-0.016376232728362083,0.140102818608284,0.9355680346488953,0.9355680346488953,0.07999999821186066,0.08528224378824234,-0.02027014270424843,0.02027014270424843,-0.026219233870506287,0.012000852264463902,0.02883441001176834,0.02226642332971096,0.00747725972905755,0.009802216663956642,-0.008751945570111275,0.1308681070804596,0.009355680085718632,-0.024869006127119064,0.012076717801392078,0.027645966038107872,0.022807974368333817,0-2deg,0.00-0.04,0.0,0.0,0.0,0.0
106,8,True,True,0.04032698646187782,0.03889809548854828,0.020019080489873886,0.16675227880477905,2.3999998569488525,1.211698055267334,0.3387982249259949,0.0068620541132986546,0.03056945838034153,0.16675227880477905,0.020019080489873886,-0.01999402604997158,-0.025173090398311615,0.4623020887374878,0.2260742485523224,0.16392628848552704,0.15740558505058289,>=0.15,False,True,False,True,True,False,False,False,True,0.015442230738699436,-0.1394941359758377,0.01891164295375347,0.08798544853925705,0.20507442951202393,0.11999999731779099,0.020019080489873886,-0.020014120265841484,0.020014120265841484,-0.06086691841483116,-0.0086551858112216,0.06147884204983711,0.05798528343439102,0.06676331907510757,0.0,0.03569198399782181,0.16288770735263824,0.0020507441367954016,-0.05999477952718735,-0.014367419295012951,0.06168900057673454,0.05755973979830742,2-4deg,0.04-0.08,0.0,0.0,0.0,0.0
107,25,True,True,0.050340406596660614,0.05019613727927208,0.03617633879184723,0.18195995688438416,2.5399999618530273,1.5017802715301514,0.341515451669693,-0.0077327704057097435,-0.0714559257030487,0.18195995688438416,0.03617633879184723,-0.019986333325505257,0.06463465094566345,1.17140793800354,0.5452149510383606,0.1673423945903778,0.1805066019296646,>=0.15,False,True,False,True,True,False,False,False,True,0.03645388409495354,-0.040613703429698944,0.12791775166988373,0.2862699329853058,0.2862699329853058,0.05999999865889549,0.03617633879184723,-0.020000170916318893,0.020000170916318893,0.021310806274414062,0.005321311764419079,0.02196495793759823,0.025258716195821762,0.0,0.00048828125,-0.07131434977054596,0.16740277409553528,0.002862699329853058,0.02218666486442089,0.005806619767099619,0.02293413318693638,0.02480432391166687,0-2deg,0.00-0.04,0.0,0.0,0.0,0.0
108,59,True,True,0.06700622290372849,0.06684780865907669,0.057132478803396225,0.10719910264015198,2.319999933242798,1.5883656740188599,0.45824676752090454,-0.04531191289424896,0.003486938774585724,0.10719910264015198,0.057132478803396225,-0.019813193008303642,-0.04958679899573326,0.8320931196212769,0.461190789937973,0.1071423813700676,0.05820849537849426,0.05-0.10,False,True,False,True,True,False,False,False,True,0.06703723222017288,-0.23779740929603577,0.18180668354034424,0.12589117884635925,0.2896344065666199,0.11999999731779099,0.057132478803396225,-0.02008930779993534,0.02008930779993534,-0.03568781912326813,0.00027042030706070364,0.03568820655345917,0.02971372939646244,0.09469395875930786,0.0037186413537710905,0.007614591624587774,0.10692832618951797,0.002896344056352973,-0.03858191892504692,-0.00015443172014784068,0.03858279064297676,0.02877618931233883,2-4deg,0.00-0.04,0.0,0.0,0.0,0.0
109,39,True,True,0.07311797142028809,0.07259225100278854,0.06419805437326431,0.21516989171504974,2.1599998474121094,1.1960691213607788,0.2790322005748749,-0.03816806524991989,-0.19889786839485168,0.21516989171504974,0.06419805437326431,-0.019996922463178635,0.15953496098518372,0.4652664065361023,0.22613541781902313,0.08208362013101578,0.11938585340976715,0.10-0.15,False,True,False,True,True,False,False,False,True,0.0713191032409668,-0.32474812865257263,0.38507547974586487,0.06535539776086807,0.2657698392868042,0.1599999964237213,0.06419805437326431,-0.020190030336380005,0.020190030336380005,0.012702270410954952,0.06826195865869522,0.06943150609731674,0.008838326670229435,0.08854597806930542,0.0,-0.20414745807647705,0.06798451393842697,0.0026576982345432043,0.013232801109552383,0.06908160448074341,0.07033547759056091,0.00519269285723567,2-4deg,0.00-0.04,0.0,0.0,0.0,0.0
110,38,True,True,0.05138928070664406,0.04801260679960251,0.03762611374258995,0.12960633635520935,2.299999952316284,1.261400818824768,0.38967442512512207,0.010444716550409794,-0.03617923706769943,0.12960633635520935,0.03762611374258995,-0.01999272219836712,0.047474030405282974,0.6474172472953796,0.29383373260498047,0.12445426732301712,0.11807814985513687,0.10-0.15,False,True,False,True,True,False,False,False,True,0.03185638412833214,-0.2195778489112854,0.16087442636489868,0.0630357638001442,0.22570127248764038,0.09999999403953552,0.03762611374258995,-0.019995763897895813,0.019995763897895813,0.03459060937166214,0.011487973853945732,0.03644690662622452,0.025133395567536354,0.02525949478149414,0.0003452669770922512,-0.03992409631609917,0.12330397218465805,0.002257012762129307,0.0327019989490509,0.012243934907019138,0.034918151795864105,0.025723334401845932,2-4deg,0.00-0.04,0.0,0.0,0.0,0.0
111,14,True,True,0.03728649392724037,0.03728649392724037,0.012919551692903042,0.17503328621387482,1.8199999332427979,1.383659839630127,0.485117644071579,-0.006077537778764963,-0.11651275306940079,0.17503328621387482,0.012919551692903042,-0.020016737282276154,0.1112101674079895,0.7565034627914429,0.36062076687812805,0.13061939179897308,0.13277065753936768,0.10-0.15,False,True,False,True,True,False,False,False,True,0.01839355193078518,-0.20880098640918732,0.24299807846546173,0.3927808403968811,0.3927808403968811,0.05999999865889549,0.012919551692903042,-0.020151415839791298,0.020151415839791298,-0.08110055327415466,-0.02777167037129402,0.08571367710828781,0.011895554140210152,0.002341714920476079,0.0006905339541845024,-0.10674703866243362,0.1387145221233368,0.003927808254957199,-0.08059672266244888,-0.027631962671875954,0.0851920023560524,0.014244556427001953,4-6deg,0.00-0.04,0.0,0.0,0.0,0.0
112,13,True,True,0.04001704975962639,0.03773496672511101,0.018572088330984116,0.1551167070865631,2.1599998474121094,1.465247631072998,0.3500072658061981,0.025519326329231262,-0.052624620497226715,0.1551167070865631,0.018572088330984116,-0.01953473873436451,0.0781358927488327,1.2149497270584106,0.4965992569923401,0.14591723680496216,0.16251099109649658,>=0.15,False,True,False,True,True,False,False,False,True,0.01280627865344286,-0.12896129488945007,0.3316761553287506,0.053273431956768036,0.0638883113861084,0.07999999821186066,0.018572088330984116,-0.02000034600496292,0.02000034600496292,0.025350745767354965,-0.03322746977210045,0.04179033264517784,0.05271025374531746,0.00679221423342824,0.009283799678087234,-0.057768918573856354,0.14395812153816223,0.0006388830952346325,0.02848140522837639,-0.03330966830253601,0.04382249712944031,0.05167057365179062,2-4deg,0.04-0.08,0.0,0.0,0.0,0.0
113,58,True,True,0.053069353103637695,0.053069353103637695,0.03969582915306091,0.15151622891426086,5.159999847412109,1.6287070512771606,0.1884806901216507,-0.002773219021037221,-0.07380963861942291,0.15151622891426086,0.03969582915306091,-0.01984609290957451,0.070068359375,0.9710681438446045,0.3111771047115326,0.13232272863388062,0.13170820474624634,0.10-0.15,False,True,False,True,True,False,False,False,True,0.10077262669801712,-0.06740599870681763,0.3772302567958832,0.10079602152109146,0.10079602152109146,3.179999828338623,0.03969582915306091,-0.019869746640324593,0.019869746640324593,-0.04657185450196266,4.14110763813369e-05,0.0465717539191246,0.009175802581012249,0.05612891912460327,0.0031455333810299635,-0.07353977113962173,0.1324729025363922,0.0010079601779580116,0.0021016248501837254,-0.00026501051615923643,0.0021283691748976707,0.029808059334754944,2-4deg,0.00-0.04,0.0,0.0,0.0,0.0
114,3,True,True,0.051393475383520126,0.04660928621888161,0.037633009254932404,0.11806005984544754,1.3600000143051147,1.7219158411026,0.7736185789108276,-0.0023274451959878206,-0.0232396200299263,0.11806005984544754,0.037633009254932404,-0.020001161843538284,0.019441843032836914,0.33823588490486145,0.16274751722812653,0.11575014889240265,0.11098383367061615,0.10-0.15,False,True,False,True,True,False,False,False,True,0.026849549263715744,-0.12567934393882751,0.1504559963941574,0.027479486539959908,0.10481346398591995,0.11999999731779099,0.037633009254932404,-0.020001955330371857,0.020001955330371857,0.05936919525265694,0.023021450266242027,0.06367109715938568,0.041867028921842575,0.0610407292842865,0.0,-0.01594575121998787,0.1169782429933548,0.0010481346398591995,0.05976703017950058,0.01883724331855774,0.06266170740127563,0.042233020067214966,2-4deg,0.04-0.08,0.0,0.0,0.0,0.0
115,31,True,True,0.05834531784057617,0.05627322942018509,0.04667641222476959,0.11181176453828812,1.7799999713897705,1.538745641708374,0.49259471893310547,-0.003798456396907568,-0.088399238884449,0.11181176453828812,0.04667641222476959,-0.020014794543385506,0.08311685919761658,1.3343080282211304,0.4411163330078125,0.06846492737531662,0.06921984255313873,0.05-0.10,False,True,False,True,True,False,False,False,True,0.04703377187252045,-0.4432249367237091,0.27972009778022766,0.13337557017803192,0.593205451965332,0.07999999821186066,0.04667641222476959,-0.0201103575527668,0.0201103575527668,-0.05262988060712814,0.013515746220946312,0.054336611181497574,0.0442187674343586,0.07220868766307831,0.0006905339541845024,-0.08511485904455185,0.07250746339559555,0.005932054482400417,-0.05148453265428543,0.01591741293668747,0.053886979818344116,0.04447377473115921,2-4deg,0.04-0.08,0.0,0.0,0.0,0.0
116,53,True,True,0.09644292294979095,0.09163911640644073,0.0897996798157692,0.19236907362937927,1.4399999380111694,1.6425293684005737,0.6074137687683105,-0.020809553563594818,-0.1491037905216217,0.19236907362937927,0.0897996798157692,-0.01985030062496662,0.12743377685546875,0.4707110822200775,0.25750523805618286,0.12154801934957504,0.11822688579559326,0.10-0.15,False,True,False,True,True,False,False,False,True,0.0843711644411087,-0.43942728638648987,0.42288097739219666,0.1742112785577774,0.1742112785577774,0.07999999821186066,0.0897996798157692,-0.01985030062496662,0.01985030062496662,-0.03805335983633995,0.04514148458838463,0.05903206020593643,0.018740320578217506,0.023926351219415665,0.0028887116350233555,-0.15613454580307007,0.11237377673387527,0.0017421127995476127,-0.038743507117033005,0.04594873636960983,0.06009442359209061,0.016662299633026123,2-4deg,0.00-0.04,0.0,0.0,0.0,0.0
117,18,True,True,0.07385588437318802,0.07385588437318802,0.06482785940170288,0.14229096472263336,2.0399999618530273,1.2409725189208984,0.38472628593444824,-0.004520423244684935,-0.1278676986694336,0.14229096472263336,0.06482785940170288,-0.019742470234632492,0.12502102553844452,0.9992393255233765,0.44908037781715393,0.06242251768708229,0.03335011005401611,0.00-0.05,False,True,False,True,True,False,False,False,True,0.0660547986626625,-0.1701676845550537,0.17269572615623474,0.3876037895679474,0.3876037895679474,0.05999999865889549,0.06482785940170288,-0.020120445638895035,0.020120445638895035,-0.05041126161813736,-0.047874461859464645,0.06950792670249939,0.03233847767114639,0.0036376153584569693,0.005086105782538652,-0.1308349221944809,0.055936962366104126,0.003876037895679474,-0.04929357022047043,-0.04717355966567993,0.06821547448635101,0.03362661972641945,2-4deg,0.00-0.04,0.0,0.0,0.0,0.0
118,54,True,True,0.041754838079214096,0.041754838079214096,0.022921554744243622,0.14598383009433746,3.7799999713897705,1.3852564096450806,0.2246665358543396,-0.018177147954702377,0.04605896770954132,0.14598383009433746,0.022921554744243622,-0.020064955577254295,-0.06338726729154587,1.2831190824508667,0.3507928252220154,0.13852743804454803,0.128570094704628,0.10-0.15,False,True,False,True,True,False,False,False,True,0.028032630681991577,-0.0660429447889328,0.1102406308054924,0.0499698743224144,0.6528339385986328,0.09999999403953552,0.022921554744243622,-0.020064955577254295,0.020064955577254295,0.05061546713113785,-0.03377065807580948,0.06083911657333374,0.04779784381389618,0.040429964661598206,0.0015822122804820538,0.041615959256887436,0.13992637395858765,0.006528339348733425,0.046722762286663055,-0.033235326409339905,0.05733049288392067,0.050418395549058914,2-4deg,0.04-0.08,0.0,0.0,0.0,0.0
119,61,True,True,0.09896139800548553,0.08367537707090378,0.09256695955991745,0.27915459871292114,2.8399999141693115,1.4595367908477783,0.27896648645401,-0.013900434598326683,-0.10757975280284882,0.27915459871292114,0.09256695955991745,-0.020007148385047913,0.08810689300298691,1.3117082118988037,0.5071097612380981,0.25759246945381165,0.25823119282722473,>=0.15,False,True,False,True,True,False,False,False,True,0.07435058057308197,-0.16468025743961334,0.1331779509782791,0.022037992253899574,0.19046373665332794,0.11999999731779099,0.09256695955991745,-0.02002856507897377,0.02002856507897377,-0.01603267900645733,0.054198767989873886,0.0565185621380806,0.05434969440102577,0.11189822852611542,0.0003452669770922512,-0.1163153126835823,0.2537676692008972,0.0019046373199671507,-0.012221564538776875,0.058018527925014496,0.05929012969136238,0.05354157090187073,2-4deg,0.04-0.08,0.0,0.0,0.0,0.0
120,29,True,False,0.2290659248828888,0.06783788651227951,0.0,0.0,4.119999885559082,1.2448344230651855,0.20769904553890228,0.02829042635858059,0.12682129442691803,0.1985127031803131,0.22635985910892487,-0.019991764798760414,-0.09917021542787552,1.1390131711959839,0.30524253845214844,0.15272082388401031,0.16536907851696014,>=0.15,True,True,False,True,False,False,False,True,True,0.05879374220967293,-0.01286347396671772,0.10536734014749527,0.07071150094270706,0.9080679416656494,0.0,0.22635985910892487,-0.02009641006588936,0.02009641006588936,-0.0011710500111803412,-0.014450556598603725,0.014497228898108006,0.0543668158352375,0.0019223655108362436,0.0005980199784971774,0.1263752281665802,0.15309013426303864,0.009080679155886173,-0.0010514681925997138,-0.05986994132399559,0.05987867712974548,0.022036530077457428,0-2deg,0.04-0.08,0.0,0.0,0.0,0.0
121,12,True,True,0.07729686796665192,0.05804821848869324,0.0685555562376976,0.24358218908309937,1.5399999618530273,1.51020085811615,0.5504148602485657,0.03549031540751457,-0.0724409893155098,0.24358218908309937,0.0685555562376976,-0.019388489425182343,0.10604710131883621,0.5855304002761841,0.3416630029678345,0.232560932636261,0.18345537781715393,>=0.15,False,True,False,True,True,False,False,False,True,0.044186804443597794,-0.2310604453086853,0.38047516345977783,0.0319574773311615,0.040156327188014984,0.11999999731779099,0.0685555562376976,-0.019637471064925194,0.019637471064925194,0.021675165742635727,-0.06724721938371658,0.07064943015575409,0.005413297098129988,0.10505034029483795,0.011662732809782028,-0.08508896082639694,0.2282370626926422,0.00040156327304430306,0.021670397371053696,-0.06765558570623398,0.07103678584098816,0.0029748165979981422,4-6deg,0.00-0.04,0.0,0.0,0.0,0.0
122,0,True,True,0.049196913838386536,0.049196913838386536,0.034599367529153824,0.17712360620498657,2.319999933242798,1.415651559829712,0.426730215549469,-0.002559930318966508,-0.12977781891822815,0.17712360620498657,0.034599367529153824,-0.0200317595154047,0.12680192291736603,0.7191686034202576,0.4038065969944,0.1205424815416336,0.10802680999040604,0.10-0.15,False,True,False,True,True,False,False,False,True,0.03665172681212425,-0.13053126633167267,0.12239466607570648,0.5499172806739807,0.5499172806739807,0.05999999865889549,0.034599367529153824,-0.0201679989695549,0.0201679989695549,0.03422720730304718,-0.028388604521751404,0.044464077800512314,0.03465185686945915,0.0029296886641532183,0.0,-0.12579363584518433,0.1246945708990097,0.005499172490090132,0.032850876450538635,-0.02812850847840309,0.04324452951550484,0.03538225591182709,2-4deg,0.00-0.04,0.0,0.0,0.0,0.0
123,42,True,True,0.07726722210645676,0.07574375718832016,0.06888623535633087,0.06762433797121048,1.9799998998641968,1.3681833744049072,0.3695864677429199,0.004476319998502731,0.02143663913011551,0.06762433797121048,0.06888623535633087,-0.019995372742414474,-0.019185379147529602,0.7547606825828552,0.4037436544895172,0.06413674354553223,0.06401846557855606,0.05-0.10,False,True,False,True,True,False,False,False,True,0.06720663607120514,-0.15618325769901276,0.1703283041715622,0.19186502695083618,0.19186502695083618,0.07999999821186066,0.06888623535633087,-0.020027104765176773,0.020027104765176773,-0.047430407255887985,-0.018571607768535614,0.050934433937072754,0.03312009945511818,0.0013810680247843266,0.0,0.01888178288936615,0.06493481248617172,0.0019186502322554588,-0.049363959580659866,-0.01865021511912346,0.05276648327708244,0.03137797862291336,2-4deg,0.00-0.04,0.0,0.0,0.0,0.0
124,23,True,True,0.09726082533597946,0.09596455842256546,0.09085047990083694,0.15754693746566772,2.240000009536743,1.686446189880371,0.45594272017478943,-0.04525119438767433,0.01828097552061081,0.15754693746566772,0.09085047990083694,-0.019430110231041908,-0.06208793818950653,0.8491055965423584,0.4438471794128418,0.1564827263355255,0.16535040736198425,>=0.15,False,True,False,True,True,False,False,False,True,0.09781964123249054,-0.23134663701057434,0.2568754255771637,0.06526512652635574,0.17712907493114471,0.1599999964237213,0.09085047990083694,-0.01963292434811592,0.01963292434811592,0.00566885294392705,0.010621536523103714,0.012039943598210812,0.023434512317180634,0.08355465531349182,0.01121990755200386,0.017680497840046883,0.15655171871185303,0.0017712906701490283,0.008616543374955654,0.011934496462345123,0.01472163014113903,0.022624267265200615,0-2deg,0.00-0.04,0.0,0.0,0.0,0.0
125,62,True,True,0.07759901136159897,0.07262808084487915,0.06925343722105026,0.0795559287071228,2.259999990463257,1.5746561288833618,0.45620211958885193,-0.04534439370036125,0.016097381711006165,0.0795559287071228,0.06925343722105026,-0.02001216821372509,-0.05810178071260452,0.9147195816040039,0.46301400661468506,0.07791033387184143,0.09254250675439835,0.05-0.10,False,True,False,True,True,False,False,False,True,0.06376761943101883,0.06839682906866074,0.08907432109117508,0.5005159974098206,0.5005159974098206,0.11999999731779099,0.06925343722105026,-0.020074306055903435,0.020074306055903435,-0.00021443825971800834,-0.009473378770053387,0.009474453516304493,0.04948478564620018,0.0031644257251173258,0.00048828125,0.01574823632836342,0.07798165827989578,0.005005159880965948,-0.0005283463979139924,-0.004500743467360735,0.004528137855231762,0.05009336397051811,0-2deg,0.04-0.08,0.0,0.0,0.0,0.0
126,52,True,True,0.07349825650453568,0.06947072595357895,0.06462066620588303,0.1933755725622177,3.5199999809265137,1.3736107349395752,0.286470890045166,0.006498800124973059,-0.008833309635519981,0.1933755725622177,0.06462066620588303,-0.019986730068922043,0.01561589166522026,1.5643525123596191,0.4834132194519043,0.19317372143268585,0.1894720494747162,>=0.15,False,True,False,True,True,False,False,False,True,0.05998162925243378,0.00228592986240983,0.09052150696516037,0.035286955535411835,0.18625503778457642,0.05999999865889549,0.06462066620588303,-0.019996007904410362,0.019996007904410362,0.0028450938407331705,0.013424411416053772,0.013724199496209621,0.010737244039773941,0.0013810680247843266,0.0,-0.011166404001414776,0.19305290281772614,0.00186255038715899,0.0027961337473243475,0.012991699390113354,0.013287270441651344,0.011035380885004997,0-2deg,0.00-0.04,0.0,0.0,0.0,0.0
127,57,True,True,0.10405439883470535,0.09413132071495056,0.09798438102006912,0.23439350724220276,1.2799999713897705,1.2373731136322021,0.4995162785053253,-0.031170262023806572,-0.13536135852336884,0.23439350724220276,0.09798438102006912,-0.0199697595089674,0.10327035933732986,0.4348365068435669,0.24365052580833435,0.1913572996854782,0.19079570472240448,>=0.15,False,True,False,True,True,False,False,False,True,0.09177751839160919,-0.1079571545124054,0.1501714140176773,0.08852898329496384,0.2080318182706833,0.05999999865889549,0.09798438102006912,-0.020024340599775314,0.020024340599775314,0.01371146272867918,0.05400991067290306,0.055721573531627655,0.030628541484475136,0.0,0.0007720404537394643,-0.1378958821296692,0.18953903019428253,0.0020803180523216724,0.013972916640341282,0.0551796592772007,0.0569191612303257,0.029297802597284317,2-4deg,0.00-0.04,0.0,0.0,0.0,0.0
128,56,True,True,0.0390416719019413,0.0390416719019413,0.017309116199612617,0.19886168837547302,3.0799999237060547,1.5233032703399658,0.28671854734420776,-0.00042876199586316943,-0.06688343733549118,0.19886168837547302,0.017309116199612617,-0.01999572664499283,0.06661005318164825,0.4982621669769287,0.2504722476005554,0.18727675080299377,0.18753314018249512,>=0.15,False,True,False,True,True,False,False,False,True,0.025518963113427162,-0.01712796278297901,0.17247231304645538,0.030080724507570267,0.1796564757823944,0.07999999821186066,0.017309116199612617,-0.02000575140118599,0.02000575140118599,-0.018987996503710747,0.05656524375081062,0.05966414883732796,0.013914958573877811,0.010858137160539627,0.00048828125,-0.06001715362071991,0.18958880007266998,0.0017965646693482995,-0.018278243020176888,0.05604691058397293,0.05894915759563446,0.015411250293254852,2-4deg,0.00-0.04,0.0,0.0,0.0,0.0
129,5,True,True,0.06962870806455612,0.061680104583501816,0.06020132824778557,0.12760843336582184,2.700000047683716,1.2839932441711426,0.3334529995918274,0.0003854194947052747,-0.038139790296554565,0.12760843336582184,0.06020132824778557,-0.020004067569971085,0.03810903802514076,0.6064974665641785,0.3018448054790497,0.12177547812461853,0.1171468198299408,0.10-0.15,False,True,False,True,True,False,False,False,True,0.05911027640104294,-0.12407295405864716,0.0600770004093647,0.04802239313721657,0.13189586997032166,0.07999999821186066,0.06020132824778557,-0.020024266093969345,0.020024266093969345,0.05444677174091339,-0.03432176262140274,0.06435316056013107,0.04668048024177551,0.03105608932673931,0.0003452669770922512,-0.041814859956502914,0.12056295573711395,0.0013189587043598294,0.05667897313833237,-0.032702069729566574,0.06542769074440002,0.04525236785411835,2-4deg,0.04-0.08,0.0,0.0,0.0,0.0
130,10,True,True,0.06235990300774574,0.06235990300774574,0.05117863044142723,0.16293366253376007,3.5,1.2470488548278809,0.24813376367092133,0.0004075315373484045,-0.12500807642936707,0.16293366253376007,0.05117863044142723,-0.019647402688860893,0.1243634894490242,0.8460721969604492,0.29857301712036133,0.10450051724910736,0.15565240383148193,>=0.15,False,True,False,True,True,False,False,False,True,0.05405037850141525,-0.11317599564790726,0.1235131248831749,0.23826588690280914,0.23826588690280914,0.05999999865889549,0.05117863044142723,-0.0200506579130888,0.0200506579130888,-4.8926704039331526e-05,-0.03064020723104477,0.030640602111816406,0.018111012876033783,0.0024657000321894884,0.00715962378308177,-0.127330482006073,0.10165789723396301,0.002382658887654543,-0.0006996507290750742,-0.03030509687960148,0.030313950031995773,0.018490636721253395,0-2deg,0.00-0.04,0.0,0.0,0.0,0.0
131,16,True,True,0.07977835834026337,0.07924874871969223,0.07170335203409195,0.055010899901390076,3.8399999141693115,1.2008854150772095,0.21777789294719696,0.0012810083571821451,-0.038493942469358444,0.055010899901390076,0.07170335203409195,-0.019995220005512238,0.03940823674201965,1.1754322052001953,0.3702186048030853,0.03929905220866203,0.03761199116706848,0.00-0.05,False,True,False,True,True,False,False,False,True,0.07116115093231201,-0.007981786504387856,0.07076545804738998,0.30347082018852234,0.30347082018852234,0.05999999865889549,0.07170335203409195,-0.020014125853776932,0.020014125853776932,0.008663617074489594,0.012670660391449928,0.015348034910857677,0.01569388620555401,0.0017605233006179333,0.00048828125,-0.038496337831020355,0.0392967090010643,0.0030347080901265144,0.008992467075586319,0.013194484636187553,0.015968533232808113,0.015227912925183773,0-2deg,0.00-0.04,0.0,0.0,0.0,0.0
132,36,True,True,0.10134551674127579,0.10134551674127579,0.09454395622015,0.16375505924224854,1.8399999141693115,1.4343209266662598,0.46123823523521423,0.010420520789921284,-0.13552093505859375,0.16375505924224854,0.09454395622015,-0.01946314424276352,0.14119750261306763,0.9083546996116638,0.4279429316520691,0.09192276000976562,0.08529769629240036,0.05-0.10,False,True,False,True,True,False,False,False,True,0.09811454266309738,-0.29287099838256836,0.3182995021343231,0.03800048306584358,0.11170805245637894,0.07999999821186066,0.09454395622015,-0.019693683832883835,0.019693683832883835,-0.05908004194498062,0.02016168087720871,0.06242137774825096,0.05704202502965927,0.02092823199927807,0.010512280277907848,-0.13283368945121765,0.09576496481895447,0.0011170804500579834,-0.06235061585903168,0.019452346488833427,0.06531089544296265,0.05449732393026352,2-4deg,0.04-0.08,0.0,0.0006905339541845024,0.0,0.0
133,22,True,True,0.08076495677232742,0.068830206990242,0.07268445938825607,0.2752615809440613,2.359999895095825,1.382698655128479,0.33746591210365295,-0.021608177572488785,-0.1622990518808365,0.2752615809440613,0.07268445938825607,-0.019898779690265656,0.14163704216480255,1.0480104684829712,0.46385663747787476,0.22232398390769958,0.2241622805595398,>=0.15,False,True,False,True,True,False,False,False,True,0.06763780117034912,-0.15521536767482758,0.2131347954273224,0.10257984697818756,0.12869849801063538,0.05999999865889549,0.07268445938825607,-0.020028354600071907,0.020028354600071907,-0.06982985138893127,0.006760661490261555,0.07015544176101685,0.030839994549751282,0.0003452669770922512,0.002100177574902773,-0.14950522780418396,0.23112145066261292,0.0012869850033894181,-0.06856158375740051,0.0067784786224365234,0.06889504194259644,0.03257369622588158,4-6deg,0.00-0.04,0.0,0.0,0.0,0.0
134,34,True,True,0.04575592651963234,0.04575592651963234,0.028049729764461517,0.04891525208950043,4.239999771118164,1.1409577131271362,0.2600075602531433,-0.04890020564198494,-0.0002979077398777008,0.04891525208950043,0.028049729764461517,-0.01883115991950035,-0.047854695469141006,0.6744759678840637,0.2517187297344208,0.0489143468439579,0.11242041736841202,0.10-0.15,False,True,False,True,True,False,False,False,True,0.027773473411798477,-0.03844483569264412,0.05713723972439766,0.06065193563699722,0.06065193563699722,0.07999999821186066,0.028049729764461517,-0.01883115991950035,0.01883115991950035,0.042269378900527954,-0.03751584142446518,0.05650906264781952,0.02360362745821476,0.03851938247680664,0.022824706509709358,0.0024381931871175766,0.04885445162653923,0.00060651934472844,0.04352651908993721,-0.0380062460899353,0.057776059955358505,0.02136695198714733,2-4deg,0.00-0.04,0.0,0.0,0.0,0.0
135,51,True,True,0.036774493753910065,0.036774493753910065,0.01126128900796175,0.14300085604190826,3.6599998474121094,1.2602030038833618,0.28815725445747375,0.004456731956452131,-0.007462929002940655,0.14300085604190826,0.01126128900796175,-0.019992636516690254,0.012046336196362972,0.9678747057914734,0.35846030712127686,0.14280597865581512,0.1413731873035431,0.10-0.15,False,True,False,True,True,False,False,False,True,0.019111620262265205,-0.1160624548792839,0.0366392657160759,0.04431817680597305,0.15692824125289917,0.09999999403953552,0.01126128900796175,-0.019995734095573425,0.019995734095573425,0.016071783378720284,0.01760142296552658,0.023833991959691048,0.06281019002199173,0.03816330060362816,0.0,-0.010283432900905609,0.14263063669204712,0.0015692823799327016,0.01110961101949215,0.016598114743828773,0.019972169771790504,0.06370723992586136,0-2deg,0.04-0.08,0.0,0.0,0.0,0.0
136,60,True,True,0.11539948731660843,0.11130165308713913,0.10987546294927597,0.2048090249300003,1.9199999570846558,1.581773042678833,0.5090413689613342,0.007695995271205902,-0.056672465056180954,0.2048090249300003,0.10987546294927597,-0.019757358357310295,0.0703875720500946,0.9179957509040833,0.4620801508426666,0.19681201875209808,0.1864379346370697,>=0.15,False,True,False,True,True,False,False,False,True,0.10664650797843933,-0.27220869064331055,0.32161006331443787,0.1411220282316208,0.1411220282316208,0.07999999821186066,0.10987546294927597,-0.019994504749774933,0.019994504749774933,-0.011421609669923782,0.021773535758256912,0.024587411433458328,0.05559089407324791,0.04284143075346947,0.004670689348131418,-0.051733847707509995,0.19816747307777405,0.0014112202916294336,-0.008815919049084187,0.023852068930864334,0.02542884275317192,0.05550229549407959,0-2deg,0.04-0.08,0.0,0.0,0.0,0.0
137,13,True,True,0.06317324936389923,0.053677696734666824,0.05261834338307381,0.2112097293138504,0.8999999761581421,1.4918981790542603,0.6489447951316833,-0.001798064331524074,-0.09122070670127869,0.2112097293138504,0.05261834338307381,-0.020016923546791077,0.08950873464345932,0.4354861378669739,0.29658499360084534,0.19049496948719025,0.19505316019058228,>=0.15,False,True,False,True,True,False,False,False,True,0.04579906165599823,-0.05606664717197418,0.23056922852993011,0.48374229669570923,0.48374229669570923,0.05999999865889549,0.05261834338307381,-0.02002997137606144,0.02002997137606144,0.06981907784938812,-0.028542539104819298,0.07541899383068085,0.03370727226138115,0.00048828125,0.0005980199784971774,-0.07866527140140533,0.19601359963417053,0.004837422631680965,0.07072647660970688,-0.027554532513022423,0.07589608430862427,0.033374056220054626,4-6deg,0.00-0.04,0.0,0.0,0.0,0.0
138,24,True,True,0.045175667852163315,0.041692886501550674,0.028563039377331734,0.18349595367908478,2.4800000190734863,1.2485706806182861,0.35937535762786865,0.0051458729431033134,-0.015627045184373856,0.18349595367908478,0.028563039377331734,-0.020001187920570374,0.020638708025217056,1.0468195676803589,0.4469825327396393,0.18282932043075562,0.1768995225429535,>=0.15,False,True,False,True,True,False,False,False,True,0.021944545209407806,-0.19992128014564514,0.20296059548854828,0.06943680346012115,0.3618679344654083,0.09999999403953552,0.028563039377331734,-0.020062720403075218,0.020062720403075218,-0.023434719070792198,0.031205199658870697,0.03902222961187363,0.020044492557644844,0.0716288760304451,0.0,-0.022305944934487343,0.18213513493537903,0.0036186792422086,-0.02353568747639656,0.032732728868722916,0.040313296020030975,0.018216704949736595,2-4deg,0.00-0.04,0.0,0.0,0.0,0.0
139,32,True,True,0.0567048005759716,0.05196424201130867,0.04460971802473068,0.15996140241622925,2.93999981880188,1.3223390579223633,0.2998694181442261,0.010252836160361767,0.04021089896559715,0.15996140241622925,0.04460971802473068,-0.019995683804154396,-0.02988186664879322,0.5380781888961792,0.2659384310245514,0.1548248529434204,0.15132665634155273,>=0.15,False,True,False,True,True,False,False,False,True,0.03519817441701889,-0.10851278901100159,0.15414778888225555,0.10043054819107056,0.2598859369754791,0.09999999403953552,0.04460971802473068,-0.020032480359077454,0.020032480359077454,-0.04346855729818344,0.008509973995387554,0.04429344832897186,0.023445729166269302,0.05071268603205681,0.0,0.042593568563461304,0.15418638288974762,0.0025988593697547913,-0.04166445508599281,0.007766218855977058,0.04238108918070793,0.025326212868094444,2-4deg,0.00-0.04,0.0,0.0,0.0,0.0
140,3,True,True,0.07606660574674606,0.07431642711162567,0.0673980563879013,0.18313372135162354,0.9199999570846558,1.3300424814224243,0.6062243580818176,-0.013605562970042229,-0.1521643102169037,0.18313372135162354,0.0673980563879013,-0.01975691318511963,0.14397883415222168,0.23792964220046997,0.1439652144908905,0.1019018292427063,0.098747618496418,0.05-0.10,False,True,False,True,True,False,False,False,True,0.0683741644024849,-0.5139968991279602,0.15426816046237946,0.12384720146656036,0.13428042829036713,0.09999999403953552,0.0673980563879013,-0.019947532564401627,0.019947532564401627,0.01732853427529335,0.061813876032829285,0.06419353932142258,0.07372277975082397,0.2141992300748825,0.004919302184134722,-0.15791679918766022,0.09273749589920044,0.0013428042875602841,0.012933856807649136,0.05771978572010994,0.059149134904146194,0.07639918476343155,2-4deg,0.04-0.08,0.0,0.0,0.0,0.0
141,19,True,False,0.1373104304075241,0.1373104304075241,0.0,0.0,1.8399999141693115,1.6309250593185425,0.5356296896934509,-0.011326037347316742,-0.1519893854856491,0.302045077085495,0.13276298344135284,-0.019976194947957993,0.1425521969795227,0.8959254026412964,0.4634607136249542,0.26101812720298767,0.18167512118816376,>=0.15,True,True,False,True,False,False,False,True,True,0.13276298344135284,-0.13694073259830475,0.26921823620796204,0.5342833995819092,0.5342833995819092,0.0,0.13276298344135284,-0.019976194947957993,0.019976194947957993,-0.07544322311878204,0.019877886399626732,0.07801344245672226,0.07687748968601227,0.0003452669770922512,0.0003452669770922512,-0.13694073259830475,0.26921823620796204,0.005342833697795868,-0.07544322311878204,0.019877886399626732,0.07801344245672226,0.07687748968601227,4-6deg,0.04-0.08,0.0,0.0,0.0,0.0
142,37,True,True,0.0526137575507164,0.050320662558078766,0.039318814873695374,0.19135908782482147,2.3399999141693115,1.285651683807373,0.38953888416290283,-0.01834290660917759,-0.14076009392738342,0.19135908782482147,0.039318814873695374,-0.02001572959125042,0.12458077818155289,0.9094430804252625,0.46209192276000977,0.12963369488716125,0.121029794216156,0.10-0.15,False,True,False,True,True,False,False,False,True,0.036093104630708694,-0.14140455424785614,0.12327004224061966,0.0988091379404068,0.22241990268230438,0.05999999865889549,0.039318814873695374,-0.02001572959125042,0.02001572959125042,-0.009828506968915462,0.0027924145106226206,0.010219014249742031,0.06187077984213829,0.0009134905994869769,0.0007720404537394643,-0.13966406881809235,0.13081377744674683,0.0022241990081965923,-0.009783351793885231,0.00526472320780158,0.011107784695923328,0.06175392121076584,0-2deg,0.04-0.08,0.0,0.0,0.0,0.0
143,41,True,True,0.04169978201389313,0.04169978201389313,0.022581622004508972,0.11655625700950623,1.9199999570846558,1.1418005228042603,0.3254740834236145,-0.017811860889196396,-0.09667465090751648,0.11655625700950623,0.022581622004508972,-0.01996036246418953,0.07925251126289368,0.8471673130989075,0.4143345057964325,0.0651104748249054,0.06935859471559525,0.05-0.10,False,True,False,True,True,False,False,False,True,0.024557992815971375,-0.2268245369195938,0.24342243373394012,0.0547335185110569,0.14019154012203217,0.07999999821186066,0.022581622004508972,-0.01996036246418953,0.01996036246418953,-0.0314774215221405,-0.020182477310299873,0.03738998621702194,0.01340495329350233,0.02774282917380333,0.0007720404537394643,-0.09525210410356522,0.06717438995838165,0.0014019153313711286,-0.03224871680140495,-0.020123682916164398,0.0380098931491375,0.012390767224133015,2-4deg,0.00-0.04,0.0,0.0,0.0,0.0
144,45,True,True,0.06907232105731964,0.06907232105731964,0.059431131929159164,0.1393767148256302,2.859999895095825,1.759270429611206,0.3142848014831543,-0.01030505821108818,-0.09989696741104126,0.1393767148256302,0.059431131929159164,-0.019894516095519066,0.08775678277015686,0.3817374110221863,0.21106639504432678,0.0971929207444191,0.11364796757698059,0.10-0.15,False,True,False,True,True,False,False,False,True,0.06879167258739471,-0.12771055102348328,0.35623809695243835,0.04081070423126221,0.21789072453975677,0.07999999821186066,0.059431131929159164,-0.020032888278365135,0.020032888278365135,0.04897502064704895,-0.0833883285522461,0.09667786955833435,0.034315962344408035,0.0391731895506382,0.0022375863045454025,-0.10768023878335953,0.0884920135140419,0.002178907161578536,0.05073365196585655,-0.08229009807109833,0.09664266556501389,0.034857138991355896,4-6deg,0.00-0.04,0.0,0.0,0.0,0.0
145,7,True,True,0.11947691440582275,0.09689803421497345,0.11427279561758041,0.24856135249137878,2.1599998474121094,1.261584997177124,0.297806054353714,0.023544907569885254,-0.12373185902833939,0.24856135249137878,0.11427279561758041,-0.01946033351123333,0.14293649792671204,0.47857046127319336,0.3366429805755615,0.21557636559009552,0.1936953216791153,>=0.15,False,True,False,True,True,False,False,False,True,0.0928344801068306,-0.3584630787372589,0.4991263449192047,0.03016814775764942,0.3175898790359497,0.17999999225139618,0.11427279561758041,-0.020033936947584152,0.020033936947584152,0.06757919490337372,0.0008582279551774263,0.06758470088243484,0.03528605401515961,0.06976320594549179,0.00842199195176363,-0.11887096613645554,0.2182943969964981,0.003175898687914014,0.061353906989097595,4.504126627580263e-05,0.061353567987680435,0.04307159036397934,2-4deg,0.00-0.04,0.0,0.0,0.0,0.0
146,50,True,True,0.08370725065469742,0.07952796667814255,0.07603614777326584,0.07953926175832748,2.559999942779541,1.497990369796753,0.3643365204334259,0.006537666078656912,-0.001408349722623825,0.07953926175832748,0.07603614777326584,-0.019985010847449303,0.008571797050535679,0.9711524248123169,0.48682209849357605,0.07952679693698883,0.07613000273704529,0.05-0.10,False,True,False,True,True,False,False,False,True,0.0728616714477539,-0.27300530672073364,0.19773456454277039,0.11200189590454102,1.069332480430603,0.09999999403953552,0.07603614777326584,-0.020211154595017433,0.020211154595017433,0.006351395044475794,-0.07895378768444061,0.0792081207036972,0.007733565289527178,0.073445625603199,0.0,-0.0063538262620568275,0.07928507775068283,0.010693324729800224,0.005905292462557554,-0.07831229269504547,0.0785340741276741,0.011983245611190796,4-6deg,0.00-0.04,0.0,0.0,0.0,0.0
147,28,True,True,0.06425023823976517,0.05862627178430557,0.05387015640735626,0.1950654536485672,2.0,1.4160512685775757,0.3276287019252777,0.004750789608806372,-0.03260461986064911,0.1950654536485672,0.05387015640735626,-0.019997550174593925,0.040020205080509186,0.4566364884376526,0.21547794342041016,0.1923212707042694,0.18934692442417145,>=0.15,False,True,False,True,True,False,False,False,True,0.04720105603337288,-0.17756062746047974,0.1567865014076233,0.3064226508140564,0.3064226508140564,0.07999999821186066,0.05387015640735626,-0.020123237743973732,0.020123237743973732,0.010891681537032127,0.02048673667013645,0.023202871903777122,0.04957753047347069,0.003183205844834447,0.0,-0.027680788189172745,0.19309143722057343,0.003064226359128952,0.011423971503973007,0.023396791890263557,0.026035789400339127,0.04902423173189163,0-2deg,0.04-0.08,0.0,0.0,0.0,0.0
148,61,True,True,0.0724581927061081,0.07082010060548782,0.06341647356748581,0.13724704086780548,0.9399999976158142,1.9055523872375488,0.9047757983207703,-0.016917772591114044,-0.1074860543012619,0.13724704086780548,0.06341647356748581,-0.01993209682404995,0.0920550525188446,0.6896415948867798,0.32012930512428284,0.08534341305494308,0.07619748264551163,0.05-0.10,False,True,False,True,True,False,False,False,True,0.06179172173142433,-0.18839852511882782,0.32579198479652405,0.6057852506637573,0.6057852506637573,0.07999999821186066,0.06341647356748581,-0.02027544006705284,0.02027544006705284,-0.07536900788545609,-0.008175688795745373,0.07581034302711487,0.017051655799150467,0.002826133044436574,0.0011451211757957935,-0.11331163346767426,0.0774417445063591,0.006057852413505316,-0.0743078887462616,-0.00812439527362585,0.07474996149539948,0.018357209861278534,4-6deg,0.00-0.04,0.0,0.0,0.0,0.0
149,29,True,True,0.04593972489237785,0.044574808329343796,0.029786119237542152,0.2096404880285263,0.9399999976158142,1.490568995475769,0.6578409671783447,-0.020988481119275093,-0.13964886963367462,0.2096404880285263,0.029786119237542152,-0.02001182734966278,0.11845871061086655,0.5579003691673279,0.3284447193145752,0.15635640919208527,0.15461911261081696,>=0.15,False,True,False,True,True,False,False,False,True,0.027966201305389404,-0.18534575402736664,0.34809818863868713,0.3863302171230316,0.3863302171230316,0.07999999821186066,0.029786119237542152,-0.020225824788212776,0.020225824788212776,-0.002555402461439371,0.02331746183335781,0.02345583401620388,0.019217640161514282,0.0029296886641532183,0.0003452669770922512,-0.13892985880374908,0.15699562430381775,0.003863302059471607,-0.0025576178450137377,0.024459505453705788,0.024592259898781776,0.01884768158197403,0-2deg,0.00-0.04,0.0,0.0,0.0,0.0
150,48,True,True,0.09261815994977951,0.090386763215065,0.08571739494800568,0.17836257815361023,2.2200000286102295,1.449198603630066,0.32487231492996216,-0.011533364653587341,-0.12400980293750763,0.17836257815361023,0.08571739494800568,-0.019916824996471405,0.11220908910036087,0.9380606412887573,0.4156325161457062,0.12819820642471313,0.10543534904718399,0.10-0.15,False,True,False,True,True,False,False,False,True,0.08657023310661316,-0.43941161036491394,0.33808812499046326,0.1247495487332344,0.6111550331115723,0.07999999821186066,0.08571739494800568,-0.020111678168177605,0.020111678168177605,0.07414664328098297,-0.01941964030265808,0.07664314657449722,0.017506832256913185,0.07579617947340012,0.001423572306521237,-0.11456368118524551,0.1367054283618927,0.006111550144851208,0.07333757728338242,-0.01865815557539463,0.07566934823989868,0.019528018310666084,4-6deg,0.00-0.04,0.0,0.0,0.0,0.0
151,17,True,True,0.05053459107875824,0.05053459107875824,0.033711258322000504,0.07337483763694763,3.6999998092651367,0.9961339235305786,0.2627745270729065,-0.049949079751968384,-0.008071761578321457,0.07337483763694763,0.033711258322000504,-0.0183553583920002,-0.04116838425397873,0.9192535877227783,0.31395530700683594,0.0729295164346695,0.19831416010856628,>=0.15,False,True,False,True,True,False,False,False,True,0.03981545567512512,-0.0660049319267273,0.05973191559314728,0.036390360444784164,0.061287593096494675,0.09999999403953552,0.033711258322000504,-0.0183553583920002,0.0183553583920002,0.01270811166614294,-0.06976990401744843,0.07091575115919113,0.0210579801350832,0.0670325979590416,0.03197167068719864,-0.003309912048280239,0.07330014556646347,0.0006128759123384953,0.01100880466401577,-0.06989013403654099,0.07075068354606628,0.021592620760202408,4-6deg,0.00-0.04,0.0,0.0006905339541845024,0.0,0.0
152,2,True,True,0.05814886838197708,0.048918548971414566,0.04642709344625473,0.19742357730865479,2.8399999141693115,1.4218919277191162,0.31922879815101624,0.01026943325996399,-0.03367410600185394,0.19742357730865479,0.04642709344625473,-0.019990449771285057,0.046042539179325104,0.9336893558502197,0.3896867632865906,0.19453051686286926,0.1901906579732895,>=0.15,False,True,False,True,True,False,False,False,True,0.03220502659678459,-0.20862658321857452,0.21951471269130707,0.03945057839155197,0.25020965933799744,0.11999999731779099,0.04642709344625473,-0.019990449771285057,0.019990449771285057,-0.019451040774583817,0.029170982539653778,0.035059571266174316,0.042339492589235306,0.07848390936851501,0.0,-0.03627350181341171,0.19406262040138245,0.0025020965840667486,-0.021802354604005814,0.025633975863456726,0.03365050628781319,0.04259047284722328,2-4deg,0.04-0.08,0.0,0.0006905339541845024,0.0,0.0
153,47,True,True,0.07898343354463577,0.07086344063282013,0.07082420587539673,0.22131609916687012,2.3999998569488525,1.2911756038665771,0.38216841220855713,0.00917159765958786,0.08510810881853104,0.22131609916687012,0.07082420587539673,-0.020052757114171982,-0.07761749625205994,0.6187953352928162,0.2699945867061615,0.20429739356040955,0.2023870050907135,>=0.15,False,True,False,True,True,False,False,False,True,0.060801006853580475,-0.08032193779945374,0.07505148649215698,0.07057251781225204,0.4891777038574219,0.11999999731779099,0.07082420587539673,-0.020052757114171982,0.020052757114171982,-0.06779805570840836,0.024930421262979507,0.07223016768693924,0.017200080677866936,0.0821836069226265,0.002367031527683139,0.09392666071653366,0.2003960907459259,0.004891776945441961,-0.06712929904460907,0.023211847990751266,0.07102333754301071,0.019687416031956673,4-6deg,0.00-0.04,0.0,0.0,0.0,0.0
154,1,True,True,0.08047554641962051,0.08047554641962051,0.07203668355941772,0.18856865167617798,2.059999942779541,0.9374648332595825,0.2590716481208801,0.01738091930747032,-0.0989198386669159,0.18856865167617798,0.07203668355941772,-0.01948796957731247,0.11552496254444122,0.7186516523361206,0.38010236620903015,0.16053973138332367,0.1643989235162735,>=0.15,False,True,False,True,True,False,False,False,True,0.07625319063663483,-0.09718704223632812,0.3125624358654022,0.05702916905283928,0.07384626567363739,0.07999999821186066,0.07203668355941772,-0.01953682117164135,0.01953682117164135,-0.07923286408185959,-0.021856624633073807,0.0821857899427414,0.032752860337495804,0.010874593630433083,0.007275242358446121,-0.0934012308716774,0.16381193697452545,0.0007384626660495996,-0.07997062057256699,-0.020019741728901863,0.08243300020694733,0.03323711082339287,4-6deg,0.00-0.04,0.0,0.0,0.0,0.0
155,25,True,True,0.06075268238782883,0.05755522847175598,0.04968472942709923,0.25052982568740845,1.9399999380111694,1.3834364414215088,0.429067999124527,0.011642467230558395,-0.07584790885448456,0.25052982568740845,0.04968472942709923,-0.020014077425003052,0.08752931654453278,0.5540782809257507,0.3597806692123413,0.238772451877594,0.22433724999427795,>=0.15,False,True,False,True,True,False,False,False,True,0.049509529024362564,-0.3609563112258911,0.332396924495697,0.10420870780944824,0.1871812343597412,0.09999999403953552,0.04968472942709923,-0.020014077425003052,0.020014077425003052,-0.04883331432938576,0.014954623766243458,0.05107005685567856,0.017920611426234245,0.03642236068844795,0.0005980199784971774,-0.06346873939037323,0.24235698580741882,0.001871812273748219,-0.04967237263917923,0.01605582796037197,0.05220065638422966,0.016696013510227203,2-4deg,0.00-0.04,0.0,0.0,0.0,0.0
156,55,True,True,0.0676216408610344,0.06687358766794205,0.057856712490320206,0.12433937937021255,2.1399998664855957,1.4522796869277954,0.383417546749115,0.005938044749200344,-0.03505037724971771,0.12433937937021255,0.057856712490320206,-0.01999536342918873,0.04098537936806679,0.7313235402107239,0.38476279377937317,0.11929690092802048,0.12275857478380203,0.10-0.15,False,True,False,True,True,False,False,False,True,0.05699633061885834,-0.007499086204916239,0.1725369691848755,0.46866557002067566,0.46866557002067566,0.05999999865889549,0.057856712490320206,-0.020030267536640167,0.020030267536640167,0.005177768878638744,0.025144580751657486,0.02567148394882679,0.004007404204457998,0.0,0.0,-0.032629936933517456,0.11998152732849121,0.004686655476689339,0.005278570111840963,0.02501346729695797,0.025564447045326233,0.004266183357685804,0-2deg,0.00-0.04,0.0,0.0,0.0,0.0
157,6,True,True,0.09547319263219833,0.0898112878203392,0.0888347327709198,0.15670235455036163,2.5999999046325684,1.3966280221939087,0.4039815664291382,0.0002097051910823211,-0.032711975276470184,0.15670235455036163,0.0888347327709198,-0.0199968870729208,0.033265914767980576,1.0895816087722778,0.5063415765762329,0.15324997901916504,0.1499992161989212,0.10-0.15,False,True,False,True,True,False,False,False,True,0.08423306792974472,-0.009413274005055428,0.1048320084810257,0.2782313823699951,0.2782313823699951,0.05999999865889549,0.0888347327709198,-0.02000923454761505,0.02000923454761505,0.02204289473593235,0.014612263068556786,0.026444707065820694,0.025989584624767303,0.0015049839857965708,0.0,-0.03643111512064934,0.1524086594581604,0.0027823138516396284,0.02159675396978855,0.01365929376333952,0.02555278316140175,0.026616813614964485,0-2deg,0.00-0.04,0.0,0.0,0.0,0.0
158,59,True,True,0.06376346945762634,0.05223584920167923,0.05328067019581795,0.15258394181728363,1.9399999380111694,1.5328820943832397,0.4088497459888458,-0.007245780434459448,-0.0579351969063282,0.15258394181728363,0.05328067019581795,-0.019914690405130386,0.05019580200314522,0.6375284790992737,0.3547159433364868,0.14115725457668304,0.06616804748773575,0.05-0.10,False,True,False,True,True,False,False,False,True,0.03828892484307289,-0.12141213566064835,0.33027783036231995,0.03038785792887211,0.09187039732933044,0.11999999731779099,0.05328067019581795,-0.02001742646098137,0.02001742646098137,0.08380173146724701,-0.03545341640710831,0.0909762978553772,0.02631058357656002,0.05988166853785515,0.0017940601101145148,-0.04517873749136925,0.1457420289516449,0.0009187039686366916,0.08541150391101837,-0.03354530781507492,0.09174785017967224,0.023797249421477318,4-6deg,0.00-0.04,0.0,0.0,0.0,0.0
159,15,True,True,0.07506752759218216,0.0682893842458725,0.06640133261680603,0.21287398040294647,3.179999828338623,1.4098786115646362,0.26144930720329285,0.0131681552156806,-0.02970442920923233,0.21287398040294647,0.06640133261680603,-0.01998734660446644,0.042433980852365494,1.0490161180496216,0.3843214511871338,0.21079131960868835,0.20392803847789764,>=0.15,False,True,False,True,True,False,False,False,True,0.06027529388666153,-0.029942255467176437,0.1811465173959732,0.20756082236766815,0.2247626632452011,0.05999999865889549,0.06640133261680603,-0.01999405026435852,0.01999405026435852,-0.024516375735402107,-0.03049243986606598,0.03912293538451195,0.005014813505113125,0.0,0.0,-0.03141362965106964,0.21054339408874512,0.0022476266603916883,-0.0244599562138319,-0.03067554533481598,0.03923098370432854,0.004619907587766647,2-4deg,0.00-0.04,0.0,0.0,0.0,0.0
160,20,True,True,0.09500309079885483,0.09079748392105103,0.08831949532032013,0.24115142226219177,2.6399998664855957,1.4805982112884521,0.386400431394577,-0.0326271615922451,-0.16279998421669006,0.24115142226219177,0.08831949532032013,-0.019981514662504196,0.12686817348003387,0.39617350697517395,0.25752079486846924,0.17790494859218597,0.18468038737773895,>=0.15,False,True,False,True,True,False,False,False,True,0.08415431529283524,-0.17029915750026703,0.12295377254486084,0.03359775245189667,0.22312119603157043,0.07999999821186066,0.08831949532032013,-0.020028196275234222,0.020028196275234222,0.04275377839803696,0.03000975027680397,0.05222921073436737,0.05078493058681488,0.031178699806332588,0.00048828125,-0.15611042082309723,0.1838030070066452,0.002231211867183447,0.0397680439054966,0.03082376904785633,0.05031012371182442,0.05235708877444267,2-4deg,0.04-0.08,0.0,0.0,0.0,0.0
161,11,True,True,0.05325392261147499,0.050566449761390686,0.04017851501703262,0.17945212125778198,2.859999895095825,1.401353359222412,0.3070566654205322,0.0035962199326604605,-0.11207062005996704,0.17945212125778198,0.04017851501703262,-0.020015360787510872,0.1163831278681755,1.7164535522460938,0.6101803779602051,0.14015433192253113,0.1367514282464981,0.10-0.15,False,True,False,True,True,False,False,False,True,0.03623489290475845,-0.2382431924343109,0.12999595701694489,0.06662824749946594,0.26795104146003723,0.07999999821186066,0.04017851501703262,-0.020015360787510872,0.020015360787510872,-0.054908912628889084,-0.004014150705188513,0.05505511164665222,0.058931853622198105,0.008983608335256577,0.0007720404537394643,-0.10447545349597931,0.14590388536453247,0.002679510274901986,-0.05383896082639694,-0.000626271590590477,0.053842693567276,0.05947783961892128,2-4deg,0.04-0.08,0.0,0.0,0.0,0.0
162,39,True,True,0.10167340189218521,0.096560999751091,0.09544632583856583,0.25100409984588623,2.0199999809265137,1.399391770362854,0.4452618658542633,-0.035445671528577805,-0.18170982599258423,0.25100409984588623,0.09544632583856583,-0.019972020760178566,0.14458516240119934,0.6119220852851868,0.34582677483558655,0.1731606125831604,0.1610160619020462,>=0.15,False,True,False,True,True,False,False,False,True,0.09021036326885223,-0.159486323595047,0.16525475680828094,0.5943762063980103,0.5943762063980103,0.05999999865889549,0.09544632583856583,-0.020141422748565674,0.020141422748565674,-0.042002223432064056,-3.33432290062774e-05,0.042002372443675995,0.04897410422563553,0.004734066314995289,0.00048828125,-0.1886945366859436,0.16552169620990753,0.0059437621384859085,-0.04394257068634033,-7.848387031117454e-05,0.04394206404685974,0.04806207865476608,2-4deg,0.04-0.08,0.0,0.0,0.0,0.0
163,44,True,True,0.08160645514726639,0.07779356837272644,0.0733938217163086,0.21279533207416534,3.319999933242798,1.249269723892212,0.2870701849460602,0.004249067511409521,-0.15894095599651337,0.21279533207416534,0.0733938217163086,-0.019650422036647797,0.16464586555957794,0.9931449890136719,0.39692798256874084,0.14149072766304016,0.23857124149799347,>=0.15,False,True,False,True,True,False,False,False,True,0.06971503794193268,-0.1581965833902359,0.11019819974899292,0.562177836894989,0.562177836894989,0.05999999865889549,0.0733938217163086,-0.020189549773931503,0.020189549773931503,0.0238102525472641,-0.0007715479587204754,0.02382398396730423,0.021462827920913696,0.005270277615636587,0.0069139800034463406,-0.15553982555866241,0.14522124826908112,0.005621778313070536,0.024504641070961952,-0.0002804060059133917,0.024507272988557816,0.021061714738607407,0-2deg,0.00-0.04,0.0,0.0,0.0,0.0
164,26,True,True,0.06704214960336685,0.05712706968188286,0.05717975273728371,0.23227804899215698,3.8999998569488525,1.238980770111084,0.22099792957305908,0.016565680503845215,0.0650419294834137,0.23227804899215698,0.05717975273728371,-0.019990140572190285,-0.04901439696550369,1.0076881647109985,0.29565009474754333,0.22298572957515717,0.2148764431476593,>=0.15,False,True,False,True,True,False,False,False,True,0.047207802534103394,-0.06765881180763245,0.14687767624855042,0.09394537657499313,0.4567440152168274,0.07999999821186066,0.05717975273728371,-0.020046131685376167,0.020046131685376167,0.05252065882086754,0.008009986951947212,0.05312689393758774,0.031195662915706635,0.005545815918594599,0.0003452669770922512,0.06911545246839523,0.2217569500207901,0.004567440133541822,0.050604742020368576,0.008206739090383053,0.05126584321260452,0.032994501292705536,2-4deg,0.00-0.04,0.0,0.0,0.0,0.0
165,33,True,True,0.04386160895228386,0.04386160895228386,0.026505708694458008,0.17313072085380554,4.739999771118164,1.2959381341934204,0.1714249849319458,0.005558225326240063,0.0924060121178627,0.17313072085380554,0.026505708694458008,-0.020064497366547585,-0.08756066858768463,0.9156091213226318,0.32645440101623535,0.14640824496746063,0.17494751513004303,>=0.15,False,True,False,True,True,False,False,False,True,0.029153574258089066,-0.05723588168621063,0.14807912707328796,0.0576246976852417,0.6190611720085144,0.07999999821186066,0.026505708694458008,-0.0201325211673975,0.0201325211673975,-0.02886219322681427,-0.0010290372883901,0.028879856690764427,0.025077849626541138,0.01682288758456707,0.003951764199882746,0.08898939192295074,0.1485096961259842,0.006190611515194178,-0.030335495248436928,-0.0011996538378298283,0.030359147116541862,0.024354370310902596,0-2deg,0.00-0.04,0.0,0.0,0.0,0.0
166,36,True,True,0.08649022877216339,0.07727096229791641,0.07892170548439026,0.29311177134513855,1.0799999237060547,1.67335844039917,0.7610657811164856,-0.025464944541454315,-0.20345407724380493,0.29311177134513855,0.07892170548439026,-0.019847599789500237,0.17889824509620667,0.26307833194732666,0.17242202162742615,0.21099986135959625,0.17487218976020813,>=0.15,False,True,False,True,True,False,False,False,True,0.06978243589401245,-0.2979396879673004,0.19230122864246368,0.10278207063674927,0.1783650666475296,0.07999999821186066,0.07892170548439026,-0.020000014454126358,0.020000014454126358,0.029389197006821632,0.006236980203539133,0.030043326318264008,0.02501552551984787,0.0670841857790947,0.0029499635566025972,-0.19748705625534058,0.21659493446350098,0.0017836506012827158,0.03079516440629959,0.005761199630796909,0.03132938593626022,0.02445673756301403,0-2deg,0.00-0.04,0.0,0.0,0.0,0.0
167,3,True,True,0.06979652494192123,0.06762755662202835,0.0603056363761425,0.1657017022371292,0.8999999761581421,1.5123703479766846,0.6896253824234009,-0.026083070784807205,-0.13332101702690125,0.1657017022371292,0.0603056363761425,-0.019913440570235252,0.10759430378675461,0.49430611729621887,0.2640236020088196,0.09840000420808792,0.08818787336349487,0.05-0.10,False,True,False,True,True,False,False,False,True,0.0579138919711113,-0.07815689593553543,0.1866690218448639,0.8447585105895996,0.8447585105895996,0.09999999403953552,0.0603056363761425,-0.02003961242735386,0.02003961242735386,0.00804109312593937,0.01829454116523266,0.019984103739261627,0.02108144946396351,0.0007720404537394643,0.0017605233006179333,-0.13461337983608246,0.09662448614835739,0.008447584696114063,0.006531165447086096,0.019037261605262756,0.020126769319176674,0.020983446389436722,0-2deg,0.00-0.04,0.0,0.0,0.0,0.0
168,43,True,True,0.05216672644019127,0.047041893005371094,0.038675516843795776,0.2610020041465759,3.6999998092651367,1.2271062135696411,0.25645121932029724,0.012218620628118515,0.0536578893661499,0.2610020041465759,0.038675516843795776,-0.01998758874833584,-0.041177794337272644,0.9779487252235413,0.29266974329948425,0.2554268538951874,0.25062593817710876,>=0.15,False,True,False,True,True,False,False,False,True,0.031181367114186287,-0.09808491915464401,0.10428442806005478,0.055941902101039886,0.4242357015609741,0.09999999403953552,0.038675516843795776,-0.02006908878684044,0.02006908878684044,0.02575414441525936,-0.0011952659115195274,0.02578270249068737,0.0592651441693306,0.035306964069604874,0.0003452669770922512,0.04751260206103325,0.2566410005092621,0.004242356866598129,0.030238891020417213,0.00015977340808603913,0.030239129438996315,0.05781816318631172,0-2deg,0.04-0.08,0.0,0.0,0.0,0.0
169,14,True,True,0.052802685648202896,0.052802685648202896,0.03949377313256264,0.09739573299884796,2.359999895095825,1.4017307758331299,0.35322457551956177,-0.015531087294220924,-0.09731680154800415,0.09739573299884796,0.03949377313256264,-0.019973138347268105,0.08120924979448318,0.9702498316764832,0.4632056951522827,0.0039204200729727745,0.06330358982086182,0.05-0.10,False,True,False,True,True,False,False,False,True,0.04444035142660141,-0.2907767593860626,0.28164178133010864,0.08889269828796387,0.10398579388856888,0.07999999821186066,0.03949377313256264,-0.020071087405085564,0.020071087405085564,0.0006258772918954492,0.023104362189769745,0.02311277948319912,0.022155651822686195,0.066843681037426,0.0005980199784971774,-0.09733598679304123,0.003410839708521962,0.00103985785972327,0.0013887861277908087,0.021997693926095963,0.02204081602394581,0.022644704207777977,0-2deg,0.00-0.04,0.0,0.0,0.0,0.0
170,57,True,True,0.07840000092983246,0.07103081047534943,0.07016715407371521,0.2116597294807434,1.6799999475479126,1.1611731052398682,0.30779170989990234,0.007291651796549559,-0.0686265304684639,0.2116597294807434,0.07016715407371521,-0.019994311034679413,0.07441207021474838,0.4026903510093689,0.2606502175331116,0.20022547245025635,0.19995668530464172,>=0.15,False,True,False,True,True,False,False,False,True,0.06346625834703445,-0.07717239856719971,0.20133866369724274,0.10048048943281174,0.2331545054912567,0.05999999865889549,0.07016715407371521,-0.020003164187073708,0.020003164187073708,0.041723333299160004,0.014088145457208157,0.04403694346547127,0.0352165549993515,0.002652046736329794,0.0003452669770922512,-0.06446999311447144,0.20160223543643951,0.0023315451107919216,0.042597297579050064,0.015168977901339531,0.04521537199616432,0.03427991643548012,2-4deg,0.00-0.04,0.0,0.0,0.0,0.0
171,21,True,True,0.060864824801683426,0.060864824801683426,0.04983273893594742,0.1348835974931717,2.919999837875366,1.4306657314300537,0.31541329622268677,0.023393427953124046,0.07814342528581619,0.1348835974931717,0.04983273893594742,-0.020010070875287056,-0.0540408119559288,0.7011023163795471,0.38237541913986206,0.1099417507648468,0.08595532923936844,0.05-0.10,False,True,False,True,True,False,False,False,True,0.05659424141049385,-0.014939035288989544,0.08146940916776657,0.029890302568674088,0.36654943227767944,0.1599999964237213,0.04983273893594742,-0.020012391731142998,0.020012391731142998,-0.038058843463659286,-0.009390760213136673,0.03919905796647072,0.00458320789039135,0.08493523299694061,0.0009134905994869769,0.07379493117332458,0.1129065603017807,0.00366549426689744,-0.03807012364268303,-0.009956824593245983,0.03934933990240097,0.003965158015489578,2-4deg,0.00-0.04,0.0,0.0,0.0,0.0
172,30,True,True,0.07767217606306076,0.05522211268544197,0.06933505088090897,0.1031980812549591,5.659999847412109,1.2028815746307373,0.17224453389644623,0.006363465916365385,-0.022041041404008865,0.1031980812549591,0.06933505088090897,-0.0199932511895895,0.02899877540767193,1.8468551635742188,0.3829823136329651,0.10081684589385986,0.10057494789361954,0.10-0.15,False,True,False,True,True,False,False,False,True,0.07054828852415085,-0.07726261764764786,0.1685442328453064,0.0399523600935936,0.3265766501426697,0.14000000059604645,0.06933505088090897,-0.020002510398626328,0.020002510398626328,-6.931392999831587e-05,-0.06932318955659866,0.06932315975427628,0.018958890810608864,0.09208941459655762,0.0,-0.015312659554183483,0.10205569863319397,0.003265766426920891,-5.845786290592514e-05,-0.07116462290287018,0.07116430997848511,0.01170054916292429,2-4deg,0.00-0.04,0.0,0.0,0.0,0.0
173,58,True,True,0.06592438369989395,0.06584592908620834,0.05503047630190849,0.16377225518226624,2.359999895095825,1.2168010473251343,0.2753527760505676,0.019392456859350204,-0.14931470155715942,0.16377225518226624,0.05503047630190849,-0.019362859427928925,0.17012426257133484,0.8343790173530579,0.3302219808101654,0.06727906316518784,0.15528029203414917,>=0.15,False,True,False,True,True,False,False,False,True,0.055997513234615326,-0.1356496959924698,0.1742713749408722,0.11299854516983032,0.11299854516983032,0.05999999865889549,0.05503047630190849,-0.019392121583223343,0.019392121583223343,-0.030502289533615112,0.001303540077060461,0.030529504641890526,0.032182883471250534,0.012197337113320827,0.01284476276487112,-0.1479991227388382,0.07012569159269333,0.0011299854377284646,-0.029227228835225105,0.001058720052242279,0.029247011989355087,0.0327305793762207,0-2deg,0.00-0.04,0.0,0.0,0.0,0.0
174,63,True,True,0.0971483588218689,0.0971483588218689,0.09063592553138733,0.18639066815376282,4.0,1.2535381317138672,0.2555709183216095,-0.004182616714388132,-0.06173872947692871,0.18639066815376282,0.09063592553138733,-0.020004605874419212,0.05858849361538887,0.6745129227638245,0.34355682134628296,0.17586873471736908,0.16776986420154572,>=0.15,False,True,False,True,True,False,False,False,True,0.09652908891439438,-0.1747874617576599,0.21728484332561493,0.03789222612977028,0.07606953382492065,0.07999999821186066,0.09063592553138733,-0.020004605874419212,0.020004605874419212,0.011057985946536064,-0.022764110937714577,0.02530664950609207,0.03146049380302429,0.004408077336847782,0.00048828125,-0.06169253587722778,0.17588494718074799,0.0007606953149661422,0.011508691124618053,-0.02091996558010578,0.02387647144496441,0.031814344227313995,0-2deg,0.00-0.04,0.0,0.0,0.0,0.0
175,38,True,True,0.08218897879123688,0.07260797917842865,0.07435300946235657,0.2729637622833252,2.619999885559082,1.3403315544128418,0.4108467102050781,0.007572870701551437,-0.06293370574712753,0.2729637622833252,0.07435300946235657,-0.019998466596007347,0.06826845556497574,0.7446007132530212,0.34623226523399353,0.2656098008155823,0.2619553506374359,>=0.15,False,True,False,True,True,False,False,False,True,0.06373877823352814,-0.07596784830093384,0.2169150561094284,0.6664212942123413,0.6664212942123413,0.05999999865889549,0.07435300946235657,-0.02023264393210411,0.02023264393210411,0.057386673986911774,-0.02439725212752819,0.06235254183411598,0.044951826333999634,0.003183205844834447,0.00048828125,-0.047741569578647614,0.26875630021095276,0.006664212793111801,0.05767596885561943,-0.022615531459450722,0.06194660812616348,0.045302025973796844,2-4deg,0.04-0.08,0.0,0.0,0.0,0.0
176,42,True,True,0.05065707862377167,0.04348083212971687,0.036085840314626694,0.19406606256961823,2.0,1.511852741241455,0.47601479291915894,0.01834329590201378,-0.07299631088972092,0.19406606256961823,0.036085840314626694,-0.01956065557897091,0.0920240506529808,0.4808600842952728,0.2837964594364166,0.17981427907943726,0.18535548448562622,>=0.15,False,True,False,True,True,False,False,False,True,0.01572045311331749,-0.27085408568382263,0.30581167340278625,0.04633668065071106,0.05634242668747902,0.11999999731779099,0.036085840314626694,-0.0196926798671484,0.0196926798671484,0.06701008230447769,-0.045492351055145264,0.0809737890958786,0.045048221945762634,0.1147451251745224,0.00875511672347784,-0.08300592750310898,0.17541851103305817,0.000563424255233258,0.06686336547136307,-0.04090147837996483,0.07836522907018661,0.04690650478005409,4-6deg,0.04-0.08,0.0,0.0,0.0,0.0
177,27,True,True,0.04808066040277481,0.04767726734280586,0.03297577425837517,0.0671963170170784,3.419999837875366,1.338066816329956,0.27731260657310486,-0.006392172537744045,-0.020398247987031937,0.0671963170170784,0.03297577425837517,-0.020004959776997566,0.013818305917084217,0.9161608219146729,0.3208717703819275,0.06402543187141418,0.04700323939323425,0.00-0.05,False,True,False,True,True,False,False,False,True,0.03189271688461304,-0.06896110624074936,0.09885554760694504,0.038773972541093826,0.059601541608572006,0.05999999865889549,0.03297577425837517,-0.020004959776997566,0.020004959776997566,-0.04821503907442093,-0.07113508880138397,0.08591257780790329,0.023540150374174118,0.00955588836222887,0.0003452669770922512,-0.01642305590212345,0.06515848636627197,0.0005960154230706394,-0.047673486173152924,-0.07187780737876892,0.08622805774211884,0.022450022399425507,4-6deg,0.00-0.04,0.0,0.0,0.0,0.0
178,40,True,True,0.08547493070363998,0.07790696620941162,0.07797670364379883,0.2732083201408386,4.880000114440918,1.1873605251312256,0.25999659299850464,0.004921779502183199,-0.01104005053639412,0.2732083201408386,0.07797670364379883,-0.019994273781776428,0.015605509281158447,2.0610828399658203,0.5184295177459717,0.27298516035079956,0.26901450753211975,>=0.15,False,True,False,True,True,False,False,False,True,0.06976265460252762,0.013197778724133968,0.20712096989154816,0.4843285381793976,0.4843285381793976,0.05999999865889549,0.07797670364379883,-0.020125921815633774,0.020125921815633774,-0.0032446039840579033,-0.023770269006490707,0.023991040885448456,0.014049476012587547,0.0027836323715746403,0.0,-0.01617118902504444,0.2727293074131012,0.00484328530728817,-0.003350659739226103,-0.0243146363645792,0.024543732404708862,0.013679075986146927,0-2deg,0.00-0.04,0.0,0.0,0.0,0.0
179,48,True,True,0.047950658947229385,0.04760829359292984,0.032797086983919144,0.09605098515748978,1.1799999475479126,1.6863164901733398,0.7278996109962463,-0.03954685106873512,0.010992173105478287,0.09605098515748978,0.032797086983919144,-0.020021561533212662,-0.051555607467889786,0.5938950181007385,0.34740522503852844,0.09541993588209152,0.11636635661125183,0.10-0.15,False,True,False,True,True,False,False,False,True,0.03511975705623627,-0.17778782546520233,0.17583556473255157,0.11851944029331207,0.7561968564987183,0.09999999403953552,0.032797086983919144,-0.02021169662475586,0.02021169662475586,0.03693360462784767,0.04070740193128586,0.05495863035321236,0.0453358069062233,0.05294249206781387,0.0006905339541845024,0.01323071401566267,0.09513538330793381,0.007561968173831701,0.039818260818719864,0.04280257597565651,0.058451324701309204,0.04378033056855202,2-4deg,0.04-0.08,0.0,0.0,0.0,0.0
180,16,True,True,0.04005911946296692,0.04000091180205345,0.01952769048511982,0.22216828167438507,1.9199999570846558,1.1349846124649048,0.323043555021286,-0.023315876722335815,-0.15425366163253784,0.22216828167438507,0.01952769048511982,-0.020014168694615364,0.13213086128234863,0.6794019937515259,0.3640214204788208,0.15988919138908386,0.1744161993265152,>=0.15,False,True,False,True,True,False,False,False,True,0.019140886142849922,-0.12975886464118958,0.17083363234996796,0.08417793363332748,0.0851287767291069,0.05999999865889549,0.01952769048511982,-0.020014168694615364,0.020014168694615364,0.0658348798751831,0.027442891150712967,0.07131839543581009,0.06756449490785599,0.007720423396676779,0.0003452669770922512,-0.1643396019935608,0.14950333535671234,0.0008512877393513918,0.06512048840522766,0.024815602228045464,0.06968192011117935,0.06856170296669006,4-6deg,0.04-0.08,0.0,0.0,0.0,0.0
181,12,True,True,0.08949535340070724,0.08949535340070724,0.0824308842420578,0.15583646297454834,2.2799999713897705,1.644761085510254,0.4645135700702667,0.0031667149160057306,-0.10915127396583557,0.15583646297454834,0.0824308842420578,-0.019720526412129402,0.11062787473201752,1.5962104797363281,0.5814826488494873,0.11122501641511917,0.083914615213871,0.05-0.10,False,True,False,True,True,False,False,False,True,0.08433109521865845,-0.08534834533929825,0.24069523811340332,0.45501768589019775,0.45501768589019775,0.05999999865889549,0.0824308842420578,-0.020010000094771385,0.020010000094771385,-0.0017894329503178596,0.013035140931606293,0.013156534172594547,0.02684643119573593,0.0005980199784971774,0.005588641855865717,-0.10756594687700272,0.11275892704725266,0.004550176672637463,-0.0022160278167575598,0.014014527201652527,0.014189709909260273,0.02656302973628044,0-2deg,0.00-0.04,0.0,0.0,0.0,0.0
182,23,True,True,0.09669315069913864,0.08006422221660614,0.09012611210346222,0.34122800827026367,2.180000066757202,1.3369489908218384,0.33093029260635376,-0.023822132498025894,-0.21878910064697266,0.34122800827026367,0.09012611210346222,-0.01983926258981228,0.19477395713329315,1.3409522771835327,0.4315568208694458,0.2618546783924103,0.27322596311569214,>=0.15,False,True,False,True,True,False,False,False,True,0.07021195441484451,-0.37167224287986755,0.2597678601741791,0.05354440584778786,0.1323506385087967,0.09999999403953552,0.09012611210346222,-0.01996653899550438,0.01996653899550438,0.0018791325856000185,-0.036388903856277466,0.03643709048628807,0.015025939792394638,0.048499710857868195,0.003435364691540599,-0.22446222603321075,0.25700828433036804,0.0013235063524916768,0.0017639287980273366,-0.03515809774398804,0.03520211949944496,0.015873800963163376,2-4deg,0.00-0.04,0.0,0.0,0.0,0.0
183,9,True,True,0.056056853383779526,0.03782276809215546,0.04382059723138809,0.21117885410785675,3.819999933242798,1.2915090322494507,0.24027973413467407,-0.02272656001150608,0.0565456748008728,0.21117885410785675,0.04382059723138809,-0.02005511149764061,-0.07829391211271286,0.8867921233177185,0.27068832516670227,0.20346766710281372,0.19333837926387787,>=0.15,False,True,False,True,True,False,False,False,True,0.0704430639743805,0.026407964527606964,0.142916738986969,0.10478511452674866,0.25956621766090393,1.5799999237060547,0.04382059723138809,-0.020056072622537613,0.020056072622537613,-0.07020515203475952,-0.003083716845139861,0.07027268409729004,0.0073726242408156395,0.0003452669770922512,0.0006905339541845024,0.05312575399875641,0.20438727736473083,0.0025956621393561363,-0.025657543912529945,0.007332208566367626,0.02668481506407261,0.051912885159254074,4-6deg,0.00-0.04,0.0,0.0,0.0,0.0
184,31,True,True,0.06686067581176758,0.06182926148176193,0.0569344125688076,0.11524911969900131,2.6399998664855957,1.4119303226470947,0.3659508526325226,0.009926868602633476,0.025193288922309875,0.11524911969900131,0.0569344125688076,-0.01996760070323944,-0.016667507588863373,0.9529836773872375,0.35037562251091003,0.11246180534362793,0.10344120115041733,0.10-0.15,False,True,False,True,True,False,False,False,True,0.05760123208165169,-0.08722543716430664,0.06611831486225128,0.03336000815033913,0.6455508470535278,0.11999999731779099,0.0569344125688076,-0.01999417506158352,0.01999417506158352,-0.0857892706990242,-0.0059857661835849285,0.08599728345870972,0.007895251736044884,0.09356643259525299,0.0006905339541845024,0.034381359815597534,0.11000128835439682,0.006455508526414633,-0.0860397070646286,-0.006547435186803341,0.08628756552934647,0.00551679078489542,4-6deg,0.00-0.04,0.0,0.0,0.0,0.0
185,60,True,True,0.09658394753932953,0.09219374507665634,0.09002065658569336,0.17961205542087555,1.8799999952316284,1.4145950078964233,0.4421936869621277,-0.027644896879792213,-0.1247941106557846,0.17961205542087555,0.09002065658569336,-0.019992129877209663,0.10012581199407578,0.49898144602775574,0.30465471744537354,0.12917786836624146,0.12157421559095383,0.10-0.15,False,True,False,True,True,False,False,False,True,0.0840311273932457,-0.3470972180366516,0.40259337425231934,0.2570139765739441,0.2570139765739441,0.07999999821186066,0.09002065658569336,-0.019992129877209663,0.019992129877209663,-0.03173404559493065,0.06563839316368103,0.07289692014455795,0.025867152959108353,0.04052717238664627,0.0003452669770922512,-0.13331368565559387,0.12036589533090591,0.0025701397098600864,-0.03153640776872635,0.06406034529209137,0.07139279693365097,0.027143610641360283,4-6deg,0.00-0.04,0.0,0.0,0.0,0.0
186,62,True,True,0.10062246024608612,0.09194580465555191,0.09435465931892395,0.2539539933204651,2.180000066757202,1.4322913885116577,0.37827742099761963,-0.02244379371404648,-0.16310596466064453,0.2539539933204651,0.09435465931892395,-0.020027432590723038,0.14244817197322845,0.5895423293113708,0.2745526432991028,0.19465117156505585,0.1973830908536911,>=0.15,False,True,False,True,True,False,False,False,True,0.08874519169330597,-0.1619112193584442,0.14207357168197632,0.06918915361166,0.2387368381023407,0.05999999865889549,0.09435465931892395,-0.020028013736009598,0.020028013736009598,0.000758974114432931,0.04053414613008499,0.0405418835580349,0.023487236350774765,0.00048828125,0.0012448779307305813,-0.1611577421426773,0.19626721739768982,0.0023873683530837297,0.0006979906465858221,0.039572566747665405,0.03957897424697876,0.02468346804380417,2-4deg,0.00-0.04,0.0,0.0,0.0,0.0
187,52,True,True,0.07906150817871094,0.07756467163562775,0.07090000063180923,0.1374245285987854,2.3399999141693115,1.5178250074386597,0.39441582560539246,-0.05872645229101181,0.02374986931681633,0.1374245285987854,0.07090000063180923,-0.019703706726431847,-0.0776100903749466,0.9164447784423828,0.4989526867866516,0.13535673916339874,0.14134767651557922,0.10-0.15,False,True,False,True,True,False,False,False,True,0.07131785154342651,-0.09199066460132599,0.18096420168876648,0.06525791436433792,0.29048916697502136,0.07999999821186066,0.07090000063180923,-0.020086120814085007,0.020086120814085007,-0.0310397706925869,0.00759259844198823,0.03195488080382347,0.0913422703742981,0.020429544150829315,0.004514955449849367,0.027759302407503128,0.13459168374538422,0.00290489150211215,-0.027346331626176834,0.011659865267574787,0.029728161171078682,0.09175852686166763,0-2deg,0.08-0.12,0.0,0.0,0.0,0.0
188,35,True,True,0.06365733593702316,0.058640725910663605,0.053218185901641846,0.2355438619852066,4.079999923706055,1.268551230430603,0.2272850126028061,0.0051635983400046825,0.04476431757211685,0.2355438619852066,0.053218185901641846,-0.02005895785987377,-0.03944312781095505,1.2299870252609253,0.4120488166809082,0.2312510907649994,0.2195919007062912,>=0.15,False,True,False,True,True,False,False,False,True,0.04545443505048752,-0.11698226630687714,0.2202431708574295,0.052332356572151184,0.34273573756217957,0.07999999821186066,0.053218185901641846,-0.02005895785987377,0.02005895785987377,-0.012530623935163021,0.039570681750774384,0.04150688648223877,0.015005706809461117,0.020522698760032654,0.0009134905994869769,0.046871721744537354,0.23083317279815674,0.0034273574128746986,-0.011992603540420532,0.03878643363714218,0.04059772938489914,0.01669752225279808,2-4deg,0.00-0.04,0.0,0.0,0.0,0.0
189,34,True,True,0.12144957482814789,0.0947338119149208,0.11628758162260056,0.19691988825798035,2.2200000286102295,1.1306333541870117,0.2632325291633606,-0.008329513482749462,-0.024239588528871536,0.19691988825798035,0.11628758162260056,-0.019986467435956,0.01674528792500496,0.44297778606414795,0.3085109293460846,0.19542233645915985,0.18255513906478882,>=0.15,False,True,False,True,True,False,False,False,True,0.10094550251960754,-0.0793263167142868,0.3407519459724426,0.025743762031197548,0.18505513668060303,0.09999999403953552,0.11628758162260056,-0.019986467435956,0.019986467435956,-0.0354188047349453,-5.4691980039933696e-05,0.03541823476552963,0.013516808860003948,0.021149231120944023,0.0005980199784971774,-0.027263883501291275,0.19502340257167816,0.001850551343522966,-0.03430566564202309,-5.965392483631149e-05,0.03430496156215668,0.014307926408946514,2-4deg,0.00-0.04,0.0,0.0,0.0,0.0
190,37,True,False,0.12592801451683044,0.08825483918190002,0.0,0.0,2.0399999618530273,1.3673582077026367,0.3817764222621918,-0.0020825073588639498,-0.07978988438844681,0.1842477023601532,0.12100190669298172,-0.019571850076317787,0.07501813024282455,0.4243127405643463,0.28506335616111755,0.16607464849948883,0.16132628917694092,>=0.15,True,True,False,True,False,False,False,True,True,0.12100190669298172,-0.07440540939569473,0.16855576634407043,0.03212598338723183,0.03212598338723183,0.0,0.12100190669298172,-0.019571850076317787,0.019571850076317787,0.03486700356006622,0.03932758793234825,0.05255245789885521,0.054896168410778046,0.008478421717882156,0.008478421717882156,-0.07440540939569473,0.16855576634407043,0.00032125983852893114,0.03486700356006622,0.03932758793234825,0.05255245789885521,0.054896168410778046,2-4deg,0.04-0.08,0.0,0.0,0.0,0.0
191,18,True,True,0.0598783977329731,0.0598783977329731,0.04857498034834862,0.12097006291151047,3.059999942779541,1.3592392206192017,0.2868618369102478,0.001933209947310388,-0.0004481768701225519,0.12097006291151047,0.04857498034834862,-0.019991189241409302,0.0035136952064931393,1.1023672819137573,0.46452391147613525,0.12096922844648361,0.11985084414482117,0.10-0.15,False,True,False,True,True,False,False,False,True,0.04898196458816528,0.01302723865956068,0.13040907680988312,0.36055096983909607,0.36055096983909607,0.05999999865889549,0.04857498034834862,-0.02005789428949356,0.02005789428949356,-0.00023363660147879273,0.009213889949023724,0.009219372645020485,0.04916808009147644,0.0015440810238942504,0.0,-0.0015719184884801507,0.12095984816551208,0.003605509642511606,6.565553485415876e-05,0.011152893304824829,0.011150631122291088,0.04892198368906975,0-2deg,0.04-0.08,0.0,0.0,0.0,0.0
192,0,True,True,0.09356804937124252,0.07879219949245453,0.08676561713218689,0.2483055144548416,2.8399999141693115,1.5312613248825073,0.43232715129852295,0.010885429568588734,-0.08773712068796158,0.2483055144548416,0.08676561713218689,-0.01998857781291008,0.09669269621372223,2.183163642883301,0.7261334657669067,0.23228824138641357,0.23097063601016998,>=0.15,False,True,False,True,True,False,False,False,True,0.07768348604440689,-0.09466373175382614,0.24211153388023376,0.022579621523618698,0.33683332800865173,0.05999999865889549,0.08676561713218689,-0.019997112452983856,0.019997112452983856,0.01317745540291071,0.0021051226649433374,0.013345460407435894,0.021710649132728577,0.0003452669770922512,0.0007720404537394643,-0.08660915493965149,0.23271115124225616,0.003368333214893937,0.013098322786390781,0.00296936952508986,0.013430054299533367,0.021680966019630432,0-2deg,0.00-0.04,0.0,0.0,0.0,0.0
193,49,True,True,0.07652990520000458,0.07055709511041641,0.06806495785713196,0.23774929344654083,3.7799999713897705,1.306020736694336,0.32841113209724426,0.002166492398828268,-0.13623763620853424,0.23774929344654083,0.06806495785713196,-0.020025068894028664,0.13667787611484528,2.136477470397949,0.6256301999092102,0.1948436051607132,0.20611785352230072,>=0.15,False,True,False,True,True,False,False,False,True,0.06241326034069061,-0.097943976521492,0.04833497479557991,0.06493477523326874,0.31801265478134155,0.05999999865889549,0.06806495785713196,-0.02002895064651966,0.02002895064651966,-0.030179496854543686,0.03761141374707222,0.048218581825494766,0.030007191002368927,0.012709475122392178,0.0016558425268158317,-0.13819089531898499,0.19346317648887634,0.003180126426741481,-0.029551658779382706,0.03656727075576782,0.04701138660311699,0.030906055122613907,2-4deg,0.00-0.04,0.0,0.0,0.0,0.0
194,46,True,True,0.06993206590414047,0.06156902760267258,0.060535889118909836,0.22841878235340118,4.019999980926514,1.333214282989502,0.28701940178871155,0.010778249241411686,0.06505598872900009,0.22841878235340118,0.060535889118909836,-0.019966598600149155,-0.05197036266326904,1.2470914125442505,0.3747722804546356,0.21895857155323029,0.20992511510849,>=0.15,False,True,False,True,True,False,False,False,True,0.047397080808877945,-0.0819302424788475,0.09324328601360321,0.05595629662275314,0.6440767049789429,0.09999999403953552,0.060535889118909836,-0.02005566656589508,0.02005566656589508,-0.02318452298641205,0.005546628497540951,0.023838993161916733,0.028103157877922058,0.06601399928331375,0.0009765625,0.060450874269008636,0.2202744483947754,0.006440767087042332,-0.02175516076385975,0.0037632270250469446,0.02207864634692669,0.02902437001466751,0-2deg,0.00-0.04,0.0,0.0,0.0,0.0
195,8,True,True,0.05465012043714523,0.05380043759942055,0.041971080005168915,0.09394203871488571,3.6599998474121094,1.5284065008163452,0.29575642943382263,0.006286429241299629,0.02738957293331623,0.09394203871488571,0.041971080005168915,-0.019995225593447685,-0.022881167009472847,1.2414816617965698,0.3999827206134796,0.08986054360866547,0.08937958627939224,0.05-0.10,False,True,False,True,True,False,False,False,True,0.03715955466032028,-0.06693290919065475,0.12019944936037064,0.04215512424707413,0.29939064383506775,0.11999999731779099,0.041971080005168915,-0.019995225593447685,0.019995225593447685,-0.07090163975954056,-0.0647922232747078,0.09601053595542908,0.030997687950730324,0.06898762285709381,0.0,0.0307169072329998,0.08877825736999512,0.002993906382471323,-0.07378896325826645,-0.06517098844051361,0.09840929508209229,0.027244504541158676,4-6deg,0.00-0.04,0.0,0.0,0.0,0.0
196,50,True,True,0.07524644583463669,0.07277604192495346,0.06661296635866165,0.1351766288280487,2.200000047683716,1.4951034784317017,0.44966068863868713,-0.00389149971306324,-0.11737212538719177,0.1351766288280487,0.06661296635866165,-0.020016910508275032,0.11627347767353058,0.9669525027275085,0.4614831507205963,0.06705598533153534,0.06797602772712708,0.05-0.10,False,True,False,True,True,False,False,False,True,0.06385526061058044,-0.06263533979654312,0.05018576607108116,0.9729589819908142,0.9729589819908142,0.05999999865889549,0.06661296635866165,-0.020074674859642982,0.020074674859642982,-0.03682500869035721,0.016775159165263176,0.04046386852860451,0.04874059557914734,0.0005980199784971774,0.0007720404537394643,-0.11509231477975845,0.070897676050663,0.009729589335620403,-0.03718682378530502,0.014855924062430859,0.04004322737455368,0.0489082857966423,2-4deg,0.04-0.08,0.0,0.0,0.0,0.0
197,7,True,True,0.10342083126306534,0.08890267461538315,0.09737298637628555,0.15051212906837463,2.259999990463257,1.4788552522659302,0.41364091634750366,-0.00017741296323947608,-0.06881288439035416,0.15051212906837463,0.09737298637628555,-0.019856948405504227,0.06773754954338074,0.5033798217773438,0.27386292815208435,0.13386070728302002,0.095702163875103,0.05-0.10,False,True,False,True,True,False,False,False,True,0.08573602139949799,-0.11400206387042999,0.16333724558353424,0.03589825704693794,0.03589825704693794,0.14000000059604645,0.09737298637628555,-0.0198767501860857,0.0198767501860857,0.029906561598181725,-0.05849836766719818,0.06569243967533112,0.025916311889886856,0.103721484541893,0.003068801248446107,-0.06227496638894081,0.13702455163002014,0.00035898256464861333,0.031787797808647156,-0.055802617222070694,0.06421305239200592,0.029035646468400955,2-4deg,0.00-0.04,0.0,0.0,0.0,0.0
198,41,True,True,0.06562379747629166,0.06562379747629166,0.05553421005606651,0.15170614421367645,2.3399999141693115,1.595028281211853,0.4236002266407013,-0.10301412642002106,0.0023823603987693787,0.15170614421367645,0.05553421005606651,-0.019908420741558075,-0.10648752003908157,1.091720700263977,0.4990121126174927,0.15168744325637817,0.0994691401720047,0.05-0.10,False,True,False,True,True,False,False,False,True,0.0601687915623188,0.07598110288381577,0.15942324697971344,0.26938676834106445,0.26938676834106445,0.05999999865889549,0.05553421005606651,-0.02005382440984249,0.02005382440984249,-0.028844235464930534,-0.03170628473162651,0.04286091774702072,0.04106462746858597,0.0013372133253142238,0.003049316583201289,0.0011457409709692001,0.15170182287693024,0.0026938675437122583,-0.03047315403819084,-0.031595513224601746,0.04389319196343422,0.04056689888238907,2-4deg,0.04-0.08,0.0,0.0,0.0,0.0
199,54,True,True,0.0398799329996109,0.0398799329996109,0.018932463601231575,0.1036248728632927,3.1999998092651367,1.2652837038040161,0.232900470495224,-0.07824511080980301,-0.006457105278968811,0.1036248728632927,0.018932463601231575,-0.019881460815668106,-0.07288030534982681,0.7104083299636841,0.24711517989635468,0.10342349857091904,0.09567375481128693,0.05-0.10,False,True,False,True,True,False,False,False,True,0.022131364792585373,0.002862759865820408,0.08670169115066528,0.1820920705795288,0.39221635460853577,0.05999999865889549,0.018932463601231575,-0.02007370814681053,0.02007370814681053,0.02900170534849167,-0.006281217560172081,0.029673967510461807,0.07421258836984634,0.0007720404537394643,0.0026067092549055815,-0.00419477466493845,0.10353992879390717,0.003922163508832455,0.03137138485908508,-0.008047063834965229,0.032386649399995804,0.07354117929935455,0-2deg,0.04-0.08,0.0,0.0,0.0,0.0
200,1,True,True,0.10391994565725327,0.1033477708697319,0.09777995198965073,0.13390754163265228,1.8799999952316284,1.5302571058273315,0.476131409406662,0.01210967730730772,-0.09636883437633514,0.13390754163265228,0.09777995198965073,-0.01956847868859768,0.10885129868984222,0.8674966096878052,0.4518285393714905,0.09297460317611694,0.12082665413618088,0.10-0.15,False,True,False,True,True,False,False,False,True,0.1057170182466507,-0.3305022716522217,0.39842361211776733,0.09909379482269287,0.09909379482269287,0.11999999731779099,0.09777995198965073,-0.01963542029261589,0.01963542029261589,0.010644759982824326,0.0004132262256462127,0.010653089731931686,0.004977091681212187,0.08843671530485153,0.006019944790750742,-0.09596246480941772,0.09339398145675659,0.0009909379296004772,0.01111910492181778,0.0003309488238301128,0.011123872362077236,0.004649174399673939,0-2deg,0.00-0.04,0.0,0.0,0.0,0.0
201,29,True,True,0.03912864997982979,0.036127619445323944,0.017453253269195557,0.15523549914360046,2.299999952316284,1.4804565906524658,0.4584074318408966,0.005982433445751667,-0.006196905858814716,0.15523549914360046,0.017453253269195557,-0.01998181827366352,0.012189168483018875,0.5565621852874756,0.2887619733810425,0.15511175990104675,0.1538475900888443,>=0.15,False,True,False,True,True,False,False,False,True,0.006579000037163496,-0.1542440801858902,0.18209564685821533,0.06472591310739517,0.18875885009765625,0.11999999731779099,0.017453253269195557,-0.020070893689990044,0.020070893689990044,-0.04028698429465294,-0.02337597869336605,0.04657431319355965,0.06256852298974991,0.05588081479072571,0.0003452669770922512,0.0016727340407669544,0.15522648394107819,0.001887588412500918,-0.04130313917994499,-0.02942883037030697,0.05071032792329788,0.06012828275561333,2-4deg,0.04-0.08,0.0,0.0,0.0,0.0
202,15,True,True,0.052444443106651306,0.05235261470079422,0.039062682539224625,0.13974986970424652,1.9199999570846558,1.3313932418823242,0.3798612356185913,-0.01270376518368721,-0.06385906040668488,0.13974986970424652,0.039062682539224625,-0.019998369738459587,0.05009656026959419,0.7770161032676697,0.3969707190990448,0.12430625408887863,0.07973133027553558,0.05-0.10,False,True,False,True,True,False,False,False,True,0.03913497179746628,-0.20238898694515228,0.3038600981235504,0.031923774629831314,0.04813016951084137,0.09999999403953552,0.039062682539224625,-0.019998369738459587,0.019998369738459587,0.025119390338659286,-0.0008741990313865244,0.02513410523533821,0.05043158307671547,0.056885626167058945,0.0,-0.06565487384796143,0.12336718291044235,0.00048130168579518795,0.024568704888224602,-0.004873074125498533,0.025046197697520256,0.05046677961945534,0-2deg,0.04-0.08,0.0,0.0,0.0,0.0
203,27,True,True,0.10891994088888168,0.10828213393688202,0.10337718576192856,0.1939937174320221,1.2200000286102295,1.7071449756622314,0.7824607491493225,0.04982832446694374,-0.07980657368898392,0.1939937174320221,0.10337718576192856,-0.019158173352479935,0.132812961935997,0.6942353844642639,0.3662809133529663,0.1768176108598709,0.07080842554569244,0.05-0.10,False,True,False,True,True,False,False,False,True,0.10417933017015457,-0.319789320230484,0.47812703251838684,0.1315968781709671,0.1315968781709671,0.09999999403953552,0.10337718576192856,-0.01968652568757534,0.01968652568757534,-0.0285174660384655,0.0012072969693690538,0.0285435039550066,0.01886029541492462,0.03955034539103508,0.014926698058843613,-0.08363182097673416,0.17504078149795532,0.0013159688096493483,-0.02697128616273403,0.001156464102678001,0.02699575200676918,0.019806258380413055,0-2deg,0.00-0.04,0.0,0.0,0.0,0.0
204,5,True,False,0.14104688167572021,0.12380881607532501,0.0,0.0,3.0999999046325684,1.501004695892334,0.26295527815818787,0.01517301332205534,-0.10748174786567688,0.1320492923259735,0.13618114590644836,-0.019386202096939087,0.12305138260126114,1.3065794706344604,0.4486710727214813,0.0767117291688919,0.13996556401252747,0.10-0.15,True,True,False,True,False,False,False,True,True,0.13618114590644836,-0.10478755831718445,0.08035287261009216,0.03634889796376228,0.03634889796376228,0.0,0.13618114590644836,-0.019386202096939087,0.019386202096939087,0.009009191766381264,-0.035451292991638184,0.036577530205249786,0.05175347998738289,0.010089876130223274,0.010089876130223274,-0.10478755831718445,0.08035287261009216,0.0003634889726527035,0.009009191766381264,-0.035451292991638184,0.036577530205249786,0.05175347998738289,2-4deg,0.04-0.08,0.0,0.0,0.0,0.0
205,6,True,True,0.04101782292127609,0.039773158729076385,0.021272672340273857,0.20303641259670258,2.0999999046325684,1.3879199028015137,0.30881577730178833,-0.029783282428979874,0.001668071374297142,0.20303641259670258,0.021272672340273857,-0.01995033584535122,-0.03099573776125908,0.684376060962677,0.3537844121456146,0.2030295580625534,0.21070007979869843,>=0.15,False,True,False,True,True,False,False,False,True,0.023133480921387672,-0.1705489158630371,0.2932564914226532,0.07177117466926575,0.21827326714992523,0.11999999731779099,0.021272672340273857,-0.020014554262161255,0.020014554262161255,-0.01053684763610363,-0.028852295130491257,0.030716387555003166,0.027170496061444283,0.07191231846809387,0.0009765625,-0.0016018060268834233,0.20303009450435638,0.002182732569053769,-0.008437289856374264,-0.030481399968266487,0.03162671998143196,0.02599824033677578,0-2deg,0.00-0.04,0.0,0.0,0.0,0.0
206,51,True,True,0.03905963897705078,0.03905963897705078,0.017313113436102867,0.0877852812409401,2.919999837875366,1.365010142326355,0.34127306938171387,0.003945718985050917,-0.004491121508181095,0.0877852812409401,0.017313113436102867,-0.019987156614661217,0.008072633296251297,0.8811513185501099,0.32624515891075134,0.08767031878232956,0.08470568805932999,0.05-0.10,False,True,False,True,True,False,False,False,True,0.020807379856705666,-0.1402265876531601,0.02963874116539955,0.08712948858737946,0.16209258139133453,0.09999999403953552,0.017313113436102867,-0.01998734287917614,0.01998734287917614,-0.01719198189675808,-0.025935593992471695,0.031115539371967316,0.050373539328575134,0.051082901656627655,0.0,-0.002036748919636011,0.08776164799928665,0.0016209257300943136,-0.013193653896450996,-0.02510077878832817,0.028357019647955894,0.051701489835977554,0-2deg,0.04-0.08,0.0,0.0,0.0,0.0
207,22,True,True,0.1075749397277832,0.08386364579200745,0.10171695053577423,0.11230659484863281,3.0199999809265137,1.5720161199569702,0.326549768447876,-0.018283279612660408,-0.0843658298254013,0.11230659484863281,0.10171695053577423,-0.01999732293188572,0.06677183508872986,1.778310775756836,0.4410550892353058,0.07412946224212646,0.08818624913692474,0.05-0.10,False,True,False,True,True,False,False,False,True,0.10088151693344116,-0.07428614050149918,0.07083075493574142,0.048280198127031326,0.0730169266462326,0.05999999865889549,0.10171695053577423,-0.01999732293188572,0.01999732293188572,0.010228707455098629,-0.014001613482832909,0.01733935996890068,0.018959350883960724,0.0,0.0,-0.08549588173627853,0.07282324135303497,0.0007301692385226488,0.009997735731303692,-0.013272163458168507,0.016616109758615494,0.019295234233140945,0-2deg,0.00-0.04,0.0,0.0,0.0,0.0
208,56,True,True,0.07718084007501602,0.0666857659816742,0.06878895312547684,0.11945576220750809,3.2200000286102295,1.2554163932800293,0.3151382803916931,0.009980564005672932,0.029658930376172066,0.11945576220750809,0.06878895312547684,-0.019993122667074203,-0.02135564014315605,0.7901269793510437,0.2749565839767456,0.11571528762578964,0.11188796907663345,0.10-0.15,False,True,False,True,True,False,False,False,True,0.06717809289693832,-0.06455454975366592,0.09875889867544174,0.03641452640295029,0.43273770809173584,0.07999999821186066,0.06878895312547684,-0.0200896468013525,0.0200896468013525,-0.006950670387595892,0.029068736359477043,0.029888153076171875,0.025743471458554268,0.017726927995681763,0.0,0.027351167052984238,0.1162823885679245,0.004327376838773489,-0.007654315326362848,0.03040633536875248,0.031354114413261414,0.024627726525068283,0-2deg,0.00-0.04,0.0,0.0,0.0,0.0
209,47,True,True,0.0973837748169899,0.08531861007213593,0.09087606519460678,0.16297413408756256,2.3999998569488525,1.6882822513580322,0.4166243374347687,-0.0049141463823616505,-0.06065641716122627,0.16297413408756256,0.09087606519460678,-0.020004931837320328,0.056676629930734634,0.8674559593200684,0.3997651934623718,0.15126587450504303,0.15087784826755524,>=0.15,False,True,False,True,True,False,False,False,True,0.08467651158571243,-0.03428078815340996,0.19806312024593353,0.03646862879395485,0.12028300762176514,0.05999999865889549,0.09087606519460678,-0.020004931837320328,0.020004931837320328,-0.010332595556974411,-0.012811890803277493,0.016457509249448776,0.009872104972600937,0.009102254174649715,0.00048828125,-0.06021738424897194,0.15144120156764984,0.0012028299970552325,-0.010237078182399273,-0.01319043803960085,0.016698412597179413,0.009649119339883327,0-2deg,0.00-0.04,0.0,0.0,0.0,0.0
210,44,True,True,0.0878572165966034,0.0878572165966034,0.08060985058546066,0.149546280503273,2.2799999713897705,1.4845186471939087,0.39357438683509827,0.028160886839032173,-0.06897490471601486,0.149546280503273,0.08060985058546066,-0.01938522979617119,0.10018252581357956,1.652138590812683,0.6824955344200134,0.1326896846294403,0.16445425152778625,>=0.15,False,True,False,True,True,False,False,False,True,0.0838455781340599,-0.04969192296266556,0.2848241925239563,0.023214489221572876,0.059211764484643936,0.05999999865889549,0.08060985058546066,-0.019905949011445045,0.019905949011445045,-0.008780624717473984,0.024945884943008423,0.026444707065820694,0.03419608995318413,0.009392311796545982,0.008976971730589867,-0.06631238758563995,0.13404013216495514,0.0005921176052652299,-0.007634561043232679,0.024180196225643158,0.025356067344546318,0.03471778705716133,0-2deg,0.00-0.04,0.0,0.0,0.0,0.0
211,11,True,False,0.13346564769744873,0.13346564769744873,0.0,0.0,2.3399999141693115,1.513061761856079,0.45238354802131653,-0.36924827098846436,-0.32336005568504333,0.5431770086288452,0.13064157962799072,-0.01014623325318098,-0.058273959904909134,1.3061398267745972,0.5794278383255005,0.4364396631717682,0.20582491159439087,>=0.15,True,True,False,True,False,False,False,True,True,0.13064157962799072,-0.3465197682380676,0.41828861832618713,0.18169371783733368,0.18169371783733368,0.0,0.13064157962799072,-0.01014623325318098,0.01014623325318098,0.056059226393699646,-0.007945301942527294,0.05661871284246445,0.03956317901611328,0.14222855865955353,0.14222855865955353,-0.3465197682380676,0.41828861832618713,0.0018169371178373694,0.056059226393699646,-0.007945301942527294,0.05661871284246445,0.03956317901611328,2-4deg,0.00-0.04,0.0,0.0,0.0,0.0
212,38,True,True,0.09791605919599533,0.09009601920843124,0.09126302599906921,0.2637254297733307,1.7400000095367432,1.419075846672058,0.4171679615974426,-0.027829689905047417,-0.1977270096540451,0.2637254297733307,0.09126302599906921,-0.019829245284199715,0.16983303427696228,0.5852836966514587,0.2640100121498108,0.17451399564743042,0.15808522701263428,>=0.15,False,True,False,True,True,False,False,False,True,0.08318597823381424,-0.2092861384153366,0.20319871604442596,0.2936287522315979,0.2936287522315979,0.07999999821186066,0.09126302599906921,-0.020086677744984627,0.020086677744984627,-0.029956134036183357,0.005631459876894951,0.030480647459626198,0.009096846915781498,0.004186143167316914,0.0034004871267825365,-0.1993999034166336,0.17260006070137024,0.0029362875502556562,-0.030464904382824898,0.005773609969764948,0.031006140634417534,0.008510648272931576,0-2deg,0.00-0.04,0.0,0.0,0.0,0.0
213,36,True,True,0.08820628374814987,0.07613539695739746,0.08099444955587387,0.05570943281054497,2.359999895095825,1.4881278276443481,0.3408292531967163,-0.0028723585419356823,0.019849320873618126,0.05570943281054497,0.08099444955587387,-0.02003294788300991,-0.02352687530219555,1.1535152196884155,0.44427844882011414,0.052053291350603104,0.05269902944564819,0.05-0.10,False,True,False,True,True,False,False,False,True,0.07531671226024628,-0.07276950031518936,0.19648467004299164,0.025516390800476074,0.14528852701187134,0.09999999403953552,0.08099444955587387,-0.020056478679180145,0.020056478679180145,0.02460172399878502,0.03412037342786789,0.042061947286129,0.016186701133847237,0.06323494762182236,0.001091830083169043,0.021920107305049896,0.05121571570634842,0.0014528852188959718,0.02383768931031227,0.035172026604413986,0.04248647019267082,0.016356464475393295,2-4deg,0.00-0.04,0.0,0.0,0.0,0.0
214,24,True,True,0.08707647770643234,0.06127605214715004,0.07973714917898178,0.1721828728914261,3.3399999141693115,1.257530689239502,0.26678064465522766,-0.0032087545841932297,0.055454596877098083,0.1721828728914261,0.07973714917898178,-0.02004675194621086,-0.06000835448503494,0.9019820690155029,0.3140299618244171,0.16300836205482483,0.1514943242073059,>=0.15,False,True,False,True,True,False,False,False,True,0.07361089438199997,-0.05950714647769928,0.020089449360966682,0.02290908806025982,0.4745810329914093,0.11999999731779099,0.07973714917898178,-0.02014707215130329,0.02014707215130329,-0.05598805472254753,0.001995408907532692,0.05602363869547844,0.0015152767300605774,0.07792620360851288,0.0016194459749385715,0.05600515007972717,0.1628200262784958,0.00474581029266119,-0.055726390331983566,0.0019744231831282377,0.05576115846633911,0.0037338624242693186,2-4deg,0.00-0.04,0.0,0.0,0.0,0.0
215,58,True,True,0.06727392971515656,0.06727392971515656,0.0572282075881958,0.22535765171051025,1.9199999570846558,1.229870080947876,0.38259077072143555,-0.009396092034876347,-0.12910984456539154,0.22535765171051025,0.0572282075881958,-0.019733671098947525,0.11810361593961716,0.8033716082572937,0.3988321125507355,0.18470712006092072,0.11986786127090454,0.10-0.15,False,True,False,True,True,False,False,False,True,0.06909091025590897,-0.22294938564300537,0.46169528365135193,0.04114319384098053,0.37065088748931885,0.09999999403953552,0.0572282075881958,-0.02000318467617035,0.02000318467617035,-0.003949119709432125,0.00018899298447649926,0.003951764199882746,0.0307658389210701,0.11243128031492233,0.004085256718099117,-0.12869799137115479,0.18499433994293213,0.003706508781760931,-0.0063694920390844345,-0.00020647962810471654,0.0063757747411727905,0.030526859685778618,0-2deg,0.00-0.04,0.0,0.0,0.0,0.0
216,33,True,True,0.05866719409823418,0.05693165585398674,0.04708745330572128,0.16314363479614258,2.5,1.3757603168487549,0.30392059683799744,0.008276019245386124,-0.07153099030256271,0.16314363479614258,0.04708745330572128,-0.020000675693154335,0.08157172799110413,0.7869882583618164,0.2741721570491791,0.14662593603134155,0.13744628429412842,0.10-0.15,False,True,False,True,True,False,False,False,True,0.04533664509654045,-0.16946110129356384,0.11005201935768127,0.1154254674911499,0.46862339973449707,0.07999999821186066,0.04708745330572128,-0.020000675693154335,0.020000675693154335,0.04758782312273979,0.03684096038341522,0.06017376855015755,0.0371086448431015,0.04723913595080376,0.00048828125,-0.06338740140199661,0.1503259390592575,0.004686234053224325,0.04933615028858185,0.03548767417669296,0.060765545815229416,0.036589182913303375,2-4deg,0.00-0.04,0.0,0.0,0.0,0.0
217,14,True,True,0.11360468715429306,0.1079864427447319,0.10810874402523041,0.2785331606864929,2.119999885559082,1.5727769136428833,0.4534289538860321,-0.017516793683171272,-0.15641196072101593,0.2785331606864929,0.10810874402523041,-0.019859537482261658,0.13652539253234863,0.9947036504745483,0.43242302536964417,0.23046912252902985,0.19758498668670654,>=0.15,False,True,False,True,True,False,False,False,True,0.10228472203016281,-0.10506894439458847,0.1819520741701126,0.5925416350364685,0.5925416350364685,0.05999999865889549,0.10810874402523041,-0.02006402611732483,0.02006402611732483,-0.03203709051012993,0.007101735565811396,0.03281455114483833,0.02088243141770363,0.0030297066550701857,0.0022902425844222307,-0.15216170251369476,0.23329710960388184,0.005925416015088558,-0.03276427090167999,0.006707998923957348,0.0334443673491478,0.020463882014155388,0-2deg,0.00-0.04,0.0,0.0,0.0,0.0
218,20,True,True,0.05363237485289574,0.05363237485289574,0.04065154492855072,0.22813645005226135,2.700000047683716,0.944683313369751,0.2083723396062851,0.018747875466942787,0.08262619376182556,0.22813645005226135,0.04065154492855072,-0.020016442984342575,-0.06259188055992126,1.0870935916900635,0.43803125619888306,0.2126479595899582,0.21519777178764343,>=0.15,False,True,False,True,True,False,False,False,True,0.05306486785411835,-0.0562431775033474,0.19986948370933533,0.05559883639216423,0.4030444324016571,0.11999999731779099,0.04065154492855072,-0.020050903782248497,0.020050903782248497,0.039273668080568314,-0.03453564643859863,0.05229310318827629,0.013819493353366852,0.07145126163959503,0.0,0.0819493904709816,0.21290969848632812,0.004030444193631411,0.03967197611927986,-0.03577735647559166,0.05341570824384689,0.012290039099752903,2-4deg,0.00-0.04,0.0,0.0,0.0,0.0
219,21,True,True,0.05745264142751694,0.057370733469724655,0.045593395829200745,0.24236233532428741,2.119999885559082,1.434230089187622,0.369629830121994,-0.01850353367626667,-0.20188702642917633,0.24236233532428741,0.045593395829200745,-0.02001291699707508,0.18338249623775482,1.2354531288146973,0.5050697922706604,0.1340937316417694,0.10296319425106049,0.10-0.15,False,True,False,True,True,False,False,False,True,0.04540712758898735,-0.17412503063678741,0.03607743978500366,0.15649883449077606,0.1722937524318695,0.05999999865889549,0.045593395829200745,-0.02001291699707508,0.02001291699707508,-0.03327152505517006,0.025234250351786613,0.041756074875593185,0.013203831389546394,0.0006905339541845024,0.001091830083169043,-0.1963835209608078,0.1420317441225052,0.001722937449812889,-0.033755648881196976,0.02539767697453499,0.04224017262458801,0.012342352420091629,2-4deg,0.00-0.04,0.0,0.0,0.0,0.0
220,1,True,True,0.07004500180482864,0.06640847027301788,0.06065487861633301,0.13539086282253265,1.059999942779541,1.7403745651245117,0.8690602779388428,0.014189321547746658,-0.044958002865314484,0.13539086282253265,0.06065487861633301,-0.01998920924961567,0.05974472686648369,0.4749019742012024,0.3136459290981293,0.12770850956439972,0.12002509832382202,0.10-0.15,False,True,False,True,True,False,False,False,True,0.0566510371863842,-0.04511786624789238,0.03543740138411522,0.8099645376205444,0.8099645376205444,0.05999999865889549,0.06065487861633301,-0.020216310396790504,0.020216310396790504,-0.019402367994189262,0.02508987858891487,0.031715188175439835,0.026699410751461983,0.0023920803796499968,0.0003452669770922512,-0.041432131081819534,0.12889555096626282,0.008099645376205444,-0.019873421639204025,0.024130383506417274,0.031258903443813324,0.026745125651359558,0-2deg,0.00-0.04,0.0,0.0,0.0,0.0
221,48,True,True,0.09287338703870773,0.09239211678504944,0.08610153198242188,0.059622857719659805,2.0799999237060547,1.4848178625106812,0.42610976099967957,0.016902916133403778,-0.04503883048892021,0.059622857719659805,0.08610153198242188,-0.01972026750445366,0.06016600504517555,0.6074634194374084,0.3703101575374603,0.039069026708602905,0.24908347427845,>=0.15,False,True,False,True,True,False,False,False,True,0.0873931273818016,-0.15820075571537018,0.31334856152534485,0.020216435194015503,0.05224604904651642,0.11999999731779099,0.08610153198242188,-0.019993402063846588,0.019993402063846588,0.013370377942919731,-0.044788166880607605,0.04674044996500015,0.027217518538236618,0.025048580020666122,0.005577966570854187,-0.044486306607723236,0.03969702497124672,0.0005224604974500835,0.014393468387424946,-0.04217495024204254,0.04456185922026634,0.028912484645843506,2-4deg,0.00-0.04,0.0,0.0,0.0,0.0
222,19,True,True,0.04358867555856705,0.043359991163015366,0.026077136397361755,0.08158330619335175,3.6399998664855957,1.2677260637283325,0.257913202047348,-0.07811377942562103,-0.004291176795959473,0.08158330619335175,0.026077136397361755,-0.020035533234477043,-0.07446428388357162,0.769585371017456,0.3284926116466522,0.08147037029266357,0.11531573534011841,0.10-0.15,False,True,False,True,True,False,False,False,True,0.024923622608184814,-0.03718365356326103,0.11855185776948929,0.05841027945280075,0.33150315284729004,0.09999999403953552,0.026077136397361755,-0.020035533234477043,0.020035533234477043,0.014295589178800583,0.03524279221892357,0.03803027793765068,0.013486974872648716,0.024989012628793716,0.0013810680247843266,-0.004080061335116625,0.0814812183380127,0.0033150315284729004,0.014890741556882858,0.03429057449102402,0.03738360479474068,0.014599330723285675,2-4deg,0.00-0.04,0.0,0.0,0.0,0.0
223,32,True,True,0.0641648918390274,0.062043286859989166,0.05381936579942703,0.2119935005903244,3.6999998092651367,1.6457070112228394,0.3693079650402069,-0.003878035582602024,-0.12270455062389374,0.2119935005903244,0.05381936579942703,-0.02002570964396,0.11838443577289581,1.8058316707611084,0.5012761950492859,0.17287231981754303,0.1719452291727066,>=0.15,False,True,False,True,True,False,False,False,True,0.051151491701602936,-0.2042941004037857,0.05263349413871765,0.03445702791213989,0.19134896993637085,0.09999999403953552,0.05381936579942703,-0.02002570964396,0.02002570964396,6.201726591825718e-06,0.03162774071097374,0.03162860497832298,0.008700619451701641,0.03153800219297409,0.0007720404537394643,-0.12779706716537476,0.16914242506027222,0.0019134896574541926,2.341595290999976e-06,0.03226794674992561,0.03226862847805023,0.0073003689758479595,0-2deg,0.00-0.04,0.0,0.0,0.0,0.0
224,17,True,True,0.07322456687688828,0.07311788201332092,0.06432265788316727,0.06423857063055038,3.1399998664855957,1.393668532371521,0.32154929637908936,0.00825452245771885,0.019831687211990356,0.06423857063055038,0.06432265788316727,-0.01999940723180771,-0.009267058223485947,0.8055419325828552,0.3073136508464813,0.06110072508454323,0.19140666723251343,>=0.15,False,True,False,True,True,False,False,False,True,0.06666569411754608,-0.0812864825129509,0.10980889201164246,0.03963207080960274,0.1609407663345337,0.09999999403953552,0.06432265788316727,-0.02003149501979351,0.02003149501979351,-0.02419484220445156,-0.032552383840084076,0.040556587278842926,0.0583188571035862,0.03082294575870037,0.0,0.020997945219278336,0.06070980802178383,0.0016094075981527567,-0.028303131461143494,-0.030400026589632034,0.0415327325463295,0.0576050765812397,2-4deg,0.04-0.08,0.0,0.0,0.0,0.0
225,5,True,True,0.05056251958012581,0.043823983520269394,0.03651300445199013,0.23384013772010803,0.9599999785423279,1.594620704650879,0.730740487575531,-0.026002749800682068,-0.14537130296230316,0.23384013772010803,0.03651300445199013,-0.02001003362238407,0.1194600835442543,0.4019702970981598,0.20729190111160278,0.18316221237182617,0.1743835210800171,>=0.15,False,True,False,True,True,False,False,False,True,0.02626543864607811,-0.28295984864234924,0.34859439730644226,0.11167445033788681,0.12426280230283737,0.07999999821186066,0.03651300445199013,-0.02001730166375637,0.02001730166375637,-0.002351432805880904,-0.04724912717938423,0.047307245433330536,0.011790873482823372,0.0013810680247843266,0.00048828125,-0.15125331282615662,0.1783357858657837,0.0012426279718056321,-0.002327132038772106,-0.04791290685534477,0.047969378530979156,0.01034716796129942,2-4deg,0.00-0.04,0.0,0.0,0.0,0.0
226,26,True,True,0.10329703241586685,0.08309685438871384,0.09716883301734924,0.2649053633213043,3.0399999618530273,1.1743232011795044,0.31075769662857056,-0.027039026841521263,-0.1758040487766266,0.2649053633213043,0.09716883301734924,-0.019922584295272827,0.14841684699058533,0.733467698097229,0.339750200510025,0.19816100597381592,0.2083970010280609,>=0.15,False,True,False,True,True,False,False,False,True,0.07459544390439987,-0.36591145396232605,0.24547505378723145,0.09271284937858582,0.13647566735744476,0.19999998807907104,0.09716883301734924,-0.019997527822852135,0.019997527822852135,-0.0002340707287658006,-0.0020956534426659346,0.002100177574902773,0.02149188704788685,0.03076486848294735,0.0015049839857965708,-0.1760224848985672,0.19796699285507202,0.0013647566083818674,0.0027881767600774765,-0.004476141184568405,0.005270277615636587,0.021184487268328667,0-2deg,0.00-0.04,0.0,0.0,0.0,0.0
227,60,True,True,0.0916825383901596,0.0912715345621109,0.08469447493553162,0.10235629230737686,2.1399998664855957,1.3615939617156982,0.3538264036178589,-0.0030200225301086903,-0.058200664818286896,0.10235629230737686,0.08469447493553162,-0.019794415682554245,0.05591981112957001,0.7330105304718018,0.3879922032356262,0.08419912308454514,0.11534535139799118,0.10-0.15,False,True,False,True,True,False,False,False,True,0.0901210829615593,-0.36150458455085754,0.4160962402820587,0.12289723753929138,0.5123922228813171,0.09999999403953552,0.08469447493553162,-0.020022185519337654,0.020022185519337654,0.015267923474311829,-0.0018039887072518468,0.015375196933746338,0.01429817359894514,0.048322346061468124,0.0029296886641532183,-0.05704262852668762,0.08498793095350266,0.005123922135680914,0.01410528365522623,-0.002024056389927864,0.014248398132622242,0.015271742828190327,0-2deg,0.00-0.04,0.0,0.0,0.0,0.0
228,3,True,True,0.04558198153972626,0.04558198153972626,0.02922132983803749,0.17163090407848358,3.0399999618530273,1.2026766538619995,0.28241005539894104,0.0043919202871620655,-0.06356921046972275,0.17163090407848358,0.02922132983803749,-0.020002830773591995,0.0684790089726448,0.561837911605835,0.2490352839231491,0.1594243347644806,0.15353728830814362,>=0.15,False,True,False,True,True,False,False,False,True,0.031134717166423798,-0.02975759655237198,0.11790600419044495,0.38690656423568726,0.38690656423568726,0.05999999865889549,0.02922132983803749,-0.02005666121840477,0.02005666121840477,0.02351456694304943,-0.0007598022348247468,0.023526882752776146,0.039181195199489594,0.002367031527683139,0.0005980199784971774,-0.061092860996723175,0.16038961708545685,0.003869065549224615,0.02266548201441765,-0.00208010571077466,0.022761940956115723,0.039300497621297836,0-2deg,0.00-0.04,0.0,0.0,0.0,0.0
229,55,True,True,0.03671986982226372,0.03523667901754379,0.01108593586832285,0.18719881772994995,3.240000009536743,1.457574486732483,0.28552311658859253,0.007619400043040514,-0.025266828015446663,0.18719881772994995,0.01108593586832285,-0.019994664937257767,0.03255214914679527,0.8817870616912842,0.32124805450439453,0.1854858100414276,0.1790868639945984,>=0.15,False,True,False,True,True,False,False,False,True,0.0050658262334764,0.0019829412922263145,0.233322411775589,0.5948662757873535,0.5948662757873535,0.05999999865889549,0.01108593586832285,-0.020133644342422485,0.020133644342422485,0.04943304881453514,0.01484849862754345,0.051613613963127136,0.03607765957713127,0.003844732651486993,0.0,-0.026168668642640114,0.18536072969436646,0.005948662757873535,0.05081339552998543,0.015184192918241024,0.053031399846076965,0.03494591638445854,2-4deg,0.00-0.04,0.0,0.0,0.0,0.0
230,56,True,True,0.0721631646156311,0.0584239698946476,0.06281062215566635,0.25011661648750305,1.0199999809265137,1.7012622356414795,0.7471321225166321,-0.011526664718985558,-0.15731358528137207,0.25011661648750305,0.06281062215566635,-0.0197003036737442,0.1431201696395874,0.38053321838378906,0.22281479835510254,0.19444988667964935,0.1668001264333725,>=0.15,False,True,False,True,True,False,False,False,True,0.047107890248298645,-0.2540709674358368,0.3507169187068939,0.06389007717370987,0.06389007717370987,0.09999999403953552,0.06281062215566635,-0.0197003036737442,0.0197003036737442,0.04014434292912483,-0.07282362133264542,0.08313867449760437,0.03181416541337967,0.021631335839629173,0.004256740678101778,-0.16221852600574493,0.19037719070911407,0.0006389007321558893,0.03861471638083458,-0.07475541532039642,0.08412336558103561,0.029885834082961082,4-6deg,0.00-0.04,0.0,0.0,0.0,0.0
231,13,True,False,0.17984801530838013,0.11163900792598724,0.0,0.0,4.059999942779541,1.3162461519241333,0.24458153545856476,0.031674083322286606,-0.11844278126955032,0.19998818635940552,0.1762055605649948,-0.01938282884657383,0.14901185035705566,1.0027475357055664,0.380863219499588,0.161141499876976,0.24178056418895721,>=0.15,True,True,False,True,False,False,False,True,True,0.1762055605649948,-0.11795549094676971,0.1614985466003418,0.02553466521203518,0.02553466521203518,0.0,0.1762055605649948,-0.01954439841210842,0.01954439841210842,-0.03993522748351097,0.0017289008246734738,0.039973184466362,0.0361957810819149,0.00831515435129404,0.00831515435129404,-0.11795549094676971,0.1614985466003418,0.0002553466474637389,-0.03993522748351097,0.0017289008246734738,0.039973184466362,0.0361957810819149,2-4deg,0.00-0.04,0.0,0.0,0.0,0.0
232,53,True,True,0.09965565800666809,0.0672212764620781,0.09333371371030807,0.2372225672006607,4.819999694824219,1.1711609363555908,0.18083572387695312,-0.07034777849912643,-0.00317586213350296,0.2372225672006607,0.09333371371030807,-0.019837455824017525,-0.063563771545887,1.6655009984970093,0.4013768434524536,0.23720130324363708,0.26484522223472595,>=0.15,False,True,False,True,True,False,False,False,True,0.07621872425079346,-0.0933750718832016,0.01669730246067047,0.1650737226009369,0.754196047782898,0.09999999403953552,0.09333371371030807,-0.020065288990736008,0.020065288990736008,-0.012087604962289333,0.0013077997136861086,0.01215817965567112,0.03849069029092789,0.018870312720537186,0.0037979392800480127,-0.0007240825798362494,0.23722144961357117,0.00754196010529995,-0.015131399035453796,0.0010701697319746017,0.015168333426117897,0.0378105565905571,0-2deg,0.00-0.04,0.0,0.0,0.0,0.0
233,43,True,True,0.05827707424759865,0.05757439136505127,0.04632843658328056,0.060740627348423004,2.8399999141693115,1.41366708278656,0.3492708206176758,0.02124180644750595,-0.04243973270058632,0.060740627348423004,0.04632843658328056,-0.019617320969700813,0.06378869712352753,1.124393343925476,0.4223759174346924,0.04345449060201645,0.14284788072109222,0.10-0.15,False,True,False,True,True,False,False,False,True,0.05307527631521225,-0.34903684258461,0.2556987404823303,0.11201302707195282,0.12889033555984497,0.09999999403953552,0.04632843658328056,-0.019977621734142303,0.019977621734142303,-0.04687584191560745,0.04640597105026245,0.06594890356063843,0.03405584394931793,0.09110283106565475,0.007689479738473892,-0.045268114656209946,0.040499649941921234,0.0012889032950624824,-0.046461477875709534,0.04901357740163803,0.06752201914787292,0.03194419667124748,2-4deg,0.00-0.04,0.0,0.0,0.0,0.0
234,31,True,True,0.08377940207719803,0.08203846216201782,0.07612890005111694,0.14410075545310974,2.259999990463257,1.2639429569244385,0.2761702239513397,-0.01694997400045395,-0.12392378598451614,0.14410075545310974,0.07612890005111694,-0.020008493214845657,0.10627534240484238,1.1082887649536133,0.47251638770103455,0.07353857159614563,0.0790010616183281,0.05-0.10,False,True,False,True,True,False,False,False,True,0.0794714093208313,-0.31532022356987,0.4748231768608093,0.08891955763101578,0.11498396843671799,0.23999999463558197,0.07612890005111694,-0.020008493214845657,0.020008493214845657,-0.03469771519303322,-0.03344374895095825,0.048186417669057846,0.02755967155098915,0.008809412829577923,0.00048828125,-0.12132377177476883,0.07775326818227768,0.001149839605204761,-0.04018549621105194,-0.034056324511766434,0.05266920477151871,0.0225601214915514,2-4deg,0.00-0.04,0.0,0.0,0.0,0.0
235,41,True,True,0.059996381402015686,0.059996381402015686,0.04870625212788582,0.13130809366703033,1.659999966621399,1.4983686208724976,0.542153000831604,-0.024375436827540398,-0.11633465439081192,0.13130809366703033,0.04870625212788582,-0.01997961290180683,0.09347661584615707,0.43738946318626404,0.2598230838775635,0.06089387089014053,0.051187604665756226,0.05-0.10,False,True,False,True,True,False,False,False,True,0.051368627697229385,-0.38456282019615173,0.4149942398071289,0.03141731396317482,0.4871465563774109,0.07999999821186066,0.04870625212788582,-0.020012950524687767,0.020012950524687767,-0.028514767065644264,-0.06416069716215134,0.07020389288663864,0.02367267943918705,0.05693802237510681,0.00048828125,-0.12008965760469437,0.0531063936650753,0.004871465265750885,-0.02860422618687153,-0.06554669141769409,0.0715080201625824,0.022621536627411842,4-6deg,0.00-0.04,0.0,0.0,0.0,0.0
236,10,True,True,0.047498736530542374,0.047498736530542374,0.03210245445370674,0.11741166561841965,4.599999904632568,1.2606511116027832,0.22279991209506989,0.007153877057135105,-0.01342066191136837,0.11741166561841965,0.03210245445370674,-0.01999182440340519,0.02019229531288147,0.881536066532135,0.2889968454837799,0.11664212495088577,0.11192863434553146,0.10-0.15,False,True,False,True,True,False,False,False,True,0.03734122961759567,-0.1170685812830925,0.1170186996459961,0.02728978730738163,0.3919837772846222,0.07999999821186066,0.03210245445370674,-0.020049287006258965,0.020049287006258965,-0.08277429640293121,-0.0005496913800016046,0.08277613669633865,0.018580704927444458,0.03436746448278427,0.0003452669770922512,-0.02053733915090561,0.115601547062397,0.0039198375307023525,-0.08156381547451019,-0.000565335969440639,0.08156557381153107,0.021764330565929413,4-6deg,0.00-0.04,0.0,0.0,0.0,0.0
237,45,True,True,0.12043916434049606,0.03845946118235588,0.1156686320900917,0.11759066581726074,4.199999809265137,1.402694582939148,0.24019810557365417,-0.05785078555345535,0.0006874836981296539,0.11759066581726074,0.1156686320900917,-0.018722383305430412,-0.05758383497595787,0.6750756502151489,0.2983970046043396,0.11758865416049957,0.20169374346733093,>=0.15,False,True,False,True,True,False,False,False,True,0.012727286666631699,-0.03127673640847206,0.12774552404880524,0.050990864634513855,0.3922863006591797,1.2200000286102295,0.1156686320900917,-0.020151646807789803,0.020151646807789803,-0.00356880365870893,-0.012711032293736935,0.013201761990785599,0.02673686482012272,0.054871752858161926,0.0237713810056448,0.003567809471860528,0.1175365224480629,0.003922862932085991,-0.02157345414161682,0.012289682403206825,0.024828670546412468,0.020937224850058556,0-2deg,0.00-0.04,0.0,0.0,0.0,0.0
238,36,True,True,0.0748058557510376,0.0748058557510376,0.06612582504749298,0.20259399712085724,1.1399999856948853,1.3290194272994995,0.6771442294120789,0.00806023646146059,0.042990364134311676,0.20259399712085724,0.06612582504749298,-0.019975032657384872,-0.03756500780582428,0.7443870306015015,0.4280925691127777,0.19798019528388977,0.19768737256526947,>=0.15,False,True,False,True,True,False,False,False,True,0.07260433584451675,-0.11713068187236786,0.28776147961616516,0.04404349625110626,0.9894084334373474,0.11999999731779099,0.06612582504749298,-0.01999119110405445,0.01999119110405445,-0.004556420259177685,-0.004248892422765493,0.006233967840671539,0.03962954878807068,0.1340751200914383,0.0008457279182039201,0.04387345537543297,0.1977863609790802,0.009894084185361862,-0.0005981108406558633,-0.00450321426615119,0.00454128161072731,0.03968134894967079,0-2deg,0.00-0.04,0.0,0.0,0.0,0.0
239,9,True,True,0.08593074977397919,0.0851903185248375,0.07850963622331619,0.11885201930999756,2.619999885559082,1.233269453048706,0.34899699687957764,-0.007401003502309322,-0.11715821176767349,0.11885201930999756,0.07850963622331619,-0.020016131922602654,0.11051133275032043,0.49676504731178284,0.27023082971572876,0.01999388076364994,0.022135445848107338,0.00-0.05,False,True,False,True,True,False,False,False,True,0.08109194785356522,-0.19214113056659698,0.21271269023418427,0.021270079538226128,0.17169374227523804,0.09999999403953552,0.07850963622331619,-0.020016131922602654,0.020016131922602654,0.028517253696918488,-0.058183375746011734,0.06478916108608246,0.018507685512304306,0.0782410204410553,0.0006905339541845024,-0.11562926322221756,0.027489569038152695,0.0017169374041259289,0.027002936229109764,-0.05847474932670593,0.0644022673368454,0.02006266824901104,2-4deg,0.00-0.04,0.0,0.0,0.0,0.0
240,12,True,True,0.06837791949510574,0.06758323311805725,0.05875365436077118,0.22329704463481903,2.679999828338623,1.4334839582443237,0.25350692868232727,-0.025770416483283043,-0.16605088114738464,0.22329704463481903,0.05875365436077118,-0.020004350692033768,0.13895325362682343,0.9437679648399353,0.4825352430343628,0.1492939293384552,0.16933943331241608,>=0.15,False,True,False,True,True,False,False,False,True,0.05951172113418579,-0.25186437368392944,0.18507464230060577,0.02083747833967209,0.09666857868432999,0.09999999403953552,0.05875365436077118,-0.020004350692033768,0.020004350692033768,-0.047576311975717545,0.011139377020299435,0.048862274736166,0.036319710314273834,0.044555168598890305,0.00048828125,-0.1734744906425476,0.1405993402004242,0.0009666857658885419,-0.050299424678087234,0.011816294863820076,0.05166788771748543,0.0338064581155777,2-4deg,0.00-0.04,0.0,0.0,0.0,0.0
241,30,True,True,0.049211300909519196,0.044872887432575226,0.03459714725613594,0.2006339430809021,2.9800000190734863,1.3038736581802368,0.2897612154483795,0.005569080822169781,0.05028962716460228,0.2006339430809021,0.03459714725613594,-0.019987815991044044,-0.04403889551758766,0.9432306289672852,0.3989007771015167,0.19422906637191772,0.18844930827617645,>=0.15,False,True,False,True,True,False,False,False,True,0.025438031181693077,-0.15416541695594788,0.19232934713363647,0.048736341297626495,0.8882245421409607,0.07999999821186066,0.03459714725613594,-0.02001817524433136,0.02001817524433136,0.005068710073828697,0.08522108942270279,0.08537114411592484,0.010739405639469624,0.029334524646401405,0.0005980199784971774,0.03351215645670891,0.19781535863876343,0.008882245048880577,0.005561887752264738,0.0855494812130928,0.0857296884059906,0.00912084523588419,4-6deg,0.00-0.04,0.0,0.0,0.0,0.0
242,57,True,True,0.0394158735871315,0.0394158735871315,0.011004443280398846,0.0514225959777832,3.0399999618530273,1.439589500427246,0.311890184879303,-0.06375264376401901,-0.004686418920755386,0.0514225959777832,0.011004443280398846,-0.01728949137032032,-0.057547010481357574,0.41561785340309143,0.18365690112113953,0.05120859667658806,0.163958340883255,>=0.15,False,True,False,True,True,False,False,False,True,0.018802404403686523,-0.06704920530319214,0.07543785125017166,0.025777192786335945,0.06196438521146774,0.1599999964237213,0.011004443280398846,-0.01728949137032032,0.01728949137032032,-0.07369838654994965,0.0852624773979187,0.11264093220233917,0.012443051673471928,0.11610676348209381,0.05352611094713211,-0.0090191550552845,0.05062546953558922,0.0006196438334882259,-0.07255470007658005,0.08294110745191574,0.11014223843812943,0.0245183315128088,>=6deg,0.00-0.04,0.0,0.0,0.0,0.0
243,40,True,True,0.08062545210123062,0.07602350413799286,0.07262980937957764,0.21818313002586365,2.93999981880188,1.4592400789260864,0.37766188383102417,0.008280099369585514,-0.037473857402801514,0.21818313002586365,0.07262980937957764,-0.01999293826520443,0.044521037489175797,1.1013333797454834,0.4147737920284271,0.2149408906698227,0.2081599086523056,>=0.15,False,True,False,True,True,False,False,False,True,0.06734452396631241,-0.14878436923027039,0.1278175562620163,0.05651375651359558,0.23484833538532257,0.07999999821186066,0.07262980937957764,-0.01999293826520443,0.01999293826520443,-0.015598511323332787,0.016864171251654625,0.022970492020249367,0.019916366785764694,0.020309561863541603,0.0,-0.032951537519693375,0.21568048000335693,0.002348483307287097,-0.015264559537172318,0.01569872908294201,0.021897006779909134,0.02049373835325241,0-2deg,0.00-0.04,0.0,0.0,0.0,0.0
244,62,True,False,0.23283927142620087,0.1156754270195961,0.0,0.0,2.740000009536743,1.697676181793213,0.37776315212249756,0.14153261482715607,0.04499383270740509,0.25060635805130005,0.22962220013141632,-0.012977798469364643,0.09596792608499527,0.5554928183555603,0.2556629180908203,0.24653418362140656,0.18987806141376495,>=0.15,True,True,False,True,False,False,False,True,True,0.11256875097751617,-0.2720377445220947,0.3484440743923187,0.0874299481511116,0.0874299481511116,0.0,0.22962220013141632,-0.019646473228931427,0.019646473228931427,0.055548761039972305,-0.004464033059775829,0.0557279959321022,0.043522972613573074,0.13782687485218048,0.05340788885951042,0.048864759504795074,0.24579621851444244,0.0008742994396016002,-0.015888188034296036,0.0018831046763807535,0.015998369082808495,0.06189428269863129,2-4deg,0.04-0.08,0.0,0.0,0.0,0.0
245,8,True,True,0.12450103461742401,0.11502563208341599,0.11950439214706421,0.2440020591020584,2.240000009536743,1.457886815071106,0.29279208183288574,0.02001098357141018,-0.07357946038246155,0.2440020591020584,0.11950439214706421,-0.01955358125269413,0.09021394699811935,0.8059086203575134,0.39573317766189575,0.23264364898204803,0.16760973632335663,>=0.15,False,True,False,True,True,False,False,False,True,0.11180774122476578,-0.05923943594098091,0.3226601779460907,0.07334645092487335,0.07334645092487335,0.07999999821186066,0.11950439214706421,-0.01955358125269413,0.01955358125269413,0.030229240655899048,-0.045742109417915344,0.05482282489538193,0.024352366104722023,0.01571265608072281,0.006049575749784708,-0.06558294594287872,0.2350231558084488,0.000733464490622282,0.029128657653927803,-0.044721852988004684,0.053366560488939285,0.025665411725640297,2-4deg,0.00-0.04,0.0,0.0,0.0,0.0
246,23,True,True,0.0567568875849247,0.053016528487205505,0.04467463493347168,0.1753299981355667,2.8399999141693115,1.3284509181976318,0.36269086599349976,0.005963299889117479,-0.0319969542324543,0.1753299981355667,0.04467463493347168,-0.019995080307126045,0.03989492356777191,0.7203919887542725,0.38123825192451477,0.17238561809062958,0.16958999633789062,>=0.15,False,True,False,True,True,False,False,False,True,0.03982921689748764,0.017639344558119774,0.11955149471759796,0.76854407787323,0.76854407787323,0.05999999865889549,0.04467463493347168,-0.02001805789768696,0.02001805789768696,0.040775224566459656,0.029562801122665405,0.050359878689050674,0.049379825592041016,0.00048828125,0.0,-0.023055803030729294,0.17380747199058533,0.007685440592467785,0.04133656620979309,0.03143689036369324,0.05192691460251808,0.04843522980809212,2-4deg,0.04-0.08,0.0,0.0,0.0,0.0
247,25,True,True,0.11744129657745361,0.11744129657745361,0.11123331636190414,0.18023963272571564,3.919999837875366,1.6471638679504395,0.2159934788942337,-0.03153587505221367,0.006099049001932144,0.18023963272571564,0.11123331636190414,-0.016055811196565628,-0.04143306612968445,1.546603798866272,0.3846331238746643,0.18013641238212585,0.17611682415008545,>=0.15,False,True,False,True,True,False,False,False,True,0.11942005902528763,-0.1102793887257576,0.4225669503211975,0.11839909851551056,0.11839909851551056,1.6399999856948853,0.11123331636190414,-0.02002079039812088,0.02002079039812088,0.06988824903964996,0.006801464129239321,0.07021748274564743,0.041482437402009964,0.0006905339541845024,0.058395177125930786,0.00508300494402647,0.18016794323921204,0.001183990971185267,-0.03333020582795143,-0.0061926329508423805,0.033901143819093704,0.06645271927118301,4-6deg,0.04-0.08,0.0,0.0,0.0,0.0
248,16,True,True,0.0633964091539383,0.05472281202673912,0.05286513268947601,0.24658966064453125,2.9600000381469727,1.2058254480361938,0.2908225655555725,0.009882964193820953,0.029214944690465927,0.24658966064453125,0.05286513268947601,-0.019998474046587944,-0.021661264821887016,0.9437875747680664,0.40061599016189575,0.2448529154062271,0.23819923400878906,>=0.15,False,True,False,True,True,False,False,False,True,0.042748428881168365,-0.06735078990459442,0.22690188884735107,0.05506029352545738,0.19511261582374573,0.07999999821186066,0.05286513268947601,-0.02002347633242607,0.02002347633242607,0.037695206701755524,0.06084375083446503,0.07156221568584442,0.05456286668777466,0.004919302184134722,0.0,0.022372301667928696,0.24557268619537354,0.0019511261489242315,0.03863546624779701,0.06389225274324417,0.07465172559022903,0.05175623670220375,4-6deg,0.04-0.08,0.0,0.0,0.0,0.0
249,7,True,True,0.10638213902711868,0.10588212311267853,0.10045718401670456,0.12336218357086182,2.240000009536743,1.4629775285720825,0.37779268622398376,-0.008076059632003307,-0.02678777277469635,0.12336218357086182,0.10045718401670456,-0.019978784024715424,0.01833425834774971,1.133083701133728,0.5199803113937378,0.12041862308979034,0.15978536009788513,>=0.15,False,True,False,True,True,False,False,False,True,0.10499945282936096,-0.37821894884109497,0.4817545711994171,0.03595058619976044,0.7603538036346436,0.07999999821186066,0.10045718401670456,-0.020110340788960457,0.020110340788960457,0.02076677419245243,0.007134514860808849,0.02195681631565094,0.01965658739209175,0.05792451277375221,0.00048828125,-0.025751426815986633,0.12064448744058609,0.007603537756949663,0.019960306584835052,0.008013488724827766,0.021509746089577675,0.02010783925652504,0-2deg,0.00-0.04,0.0,0.0,0.0,0.0
250,19,True,True,0.06776788830757141,0.06776788830757141,0.058032747358083725,0.2200765609741211,1.0199999809265137,1.5246514081954956,0.6029977798461914,-0.016013823449611664,-0.144410640001297,0.2200765609741211,0.058032747358083725,-0.019993215799331665,0.13025276362895966,0.6410219669342041,0.3143883943557739,0.16607004404067993,0.1070847436785698,0.10-0.15,False,True,False,True,True,False,False,False,True,0.06296438723802567,-0.385280579328537,0.6548317074775696,0.26021674275398254,0.26021674275398254,0.11999999731779099,0.058032747358083725,-0.019993215799331665,0.019993215799331665,-0.030984574928879738,-0.03145110607147217,0.04414647817611694,0.02730109728872776,0.05335426703095436,0.00048828125,-0.15131033957004547,0.15980887413024902,0.0026021674275398254,-0.03062448836863041,-0.03403940424323082,0.045784108340740204,0.024945465847849846,2-4deg,0.00-0.04,0.0,0.0,0.0,0.0
251,59,True,True,0.0854325070977211,0.07370392978191376,0.07792720198631287,0.22353844344615936,3.93999981880188,1.5419493913650513,0.2845728397369385,0.018210016191005707,0.0706450566649437,0.22353844344615936,0.07792720198631287,-0.01998758502304554,-0.053592223674058914,1.6422678232192993,0.5309337377548218,0.21208186447620392,0.20095208287239075,>=0.15,False,True,False,True,True,False,False,False,True,0.06919943541288376,-0.06513459980487823,0.04125235602259636,0.09319943189620972,0.662987232208252,0.11999999731779099,0.07792720198631287,-0.020035549998283386,0.020035549998283386,-0.012534196488559246,-0.059400636702775955,0.060707610100507736,0.0180429145693779,0.07543165236711502,0.00048828125,0.08038812130689621,0.2085837721824646,0.006629872135818005,-0.014155298471450806,-0.05855920910835266,0.06024409830570221,0.018546583130955696,2-4deg,0.00-0.04,0.0,0.0,0.0,0.0
252,42,True,True,0.04519849643111229,0.03931448608636856,0.02821527048945427,0.1761566549539566,3.179999828338623,1.279133915901184,0.2284001260995865,-0.0817442312836647,0.015174925327301025,0.1761566549539566,0.02821527048945427,-0.019522691145539284,-0.09678096324205399,1.1621357202529907,0.421291708946228,0.17550180852413177,0.19980475306510925,>=0.15,False,True,False,True,True,False,False,False,True,0.012910023331642151,-0.11268134415149689,0.1466682106256485,0.04452444240450859,0.38418179750442505,0.09999999403953552,0.02821527048945427,-0.020127970725297928,0.020127970725297928,-0.0018975979182869196,-0.010561807081103325,0.010731135495007038,0.038883522152900696,0.048390164971351624,0.0071429540403187275,0.01694328337907791,0.17533992230892181,0.00384181784465909,-0.004607469774782658,-0.00903554167598486,0.01014290377497673,0.03884034976363182,0-2deg,0.00-0.04,0.0,0.0,0.0,0.0
253,61,True,True,0.11697566509246826,0.04482746869325638,0.11162659525871277,0.18944767117500305,4.460000038146973,1.392562747001648,0.254692018032074,-0.01437551062554121,-0.07068609446287155,0.18944767117500305,0.11162659525871277,-0.020008409395813942,0.056057773530483246,1.1601897478103638,0.34004002809524536,0.17576658725738525,0.1782878339290619,>=0.15,False,True,False,True,True,False,False,False,True,0.1069931611418724,-0.03980475664138794,0.14082282781600952,0.2264598160982132,0.2264598160982132,0.05999999865889549,0.11162659525871277,-0.020024864003062248,0.020024864003062248,-0.0014737664023414254,0.017410380765795708,0.01747291348874569,0.005529533140361309,0.002560569206252694,0.0,-0.07314416021108627,0.1747579723596573,0.002264598151668906,-0.0015533572295680642,0.017612705007195473,0.017679788172245026,0.005340836010873318,0-2deg,0.00-0.04,0.0,0.0,0.0,0.0
254,4,True,True,0.08317545056343079,0.06556738168001175,0.07544873654842377,0.13142162561416626,7.980000019073486,1.4064853191375732,0.1837335228919983,0.008893982507288456,-0.042794667184352875,0.13142162561416626,0.07544873654842377,-0.019986730068922043,0.04902239143848419,0.7683473229408264,0.2738533318042755,0.12425883859395981,0.11827254295349121,0.10-0.15,False,True,False,True,True,False,False,False,True,0.1131984293460846,-0.1361217498779297,0.26033714413642883,0.032906368374824524,0.2714093327522278,6.099999904632568,0.07544873654842377,-0.019986730068922043,0.019986730068922043,-0.043629005551338196,0.052321866154670715,0.06811220943927765,0.03008006140589714,0.007109497208148241,0.0,-0.03615175560116768,0.1263514757156372,0.0027140933088958263,0.04243025928735733,-0.04652368649840355,0.0629560798406601,0.03539782389998436,2-4deg,0.00-0.04,0.0,0.0,0.0,0.0
255,48,True,True,0.07593885064125061,0.05520077049732208,0.06739791482686996,0.12338097393512726,1.2599999904632568,1.4927934408187866,0.611814558506012,-0.06524048745632172,0.01718825101852417,0.12338097393512726,0.06739791482686996,-0.02004718780517578,-0.08326973766088486,0.30485010147094727,0.19119229912757874,0.1221778616309166,0.14372272789478302,0.10-0.15,False,True,False,True,True,False,False,False,True,0.0505756177008152,-0.12199578434228897,0.21823915839195251,0.08098240941762924,0.6506279110908508,0.29999998211860657,0.06739791482686996,-0.020133404061198235,0.020133404061198235,0.00019606419664341956,1.3778051652479917e-05,0.0,0.016472218558192253,0.01564803160727024,0.0008457279182039201,0.016820738092064857,0.12222899496555328,0.006506279110908508,0.00033890962367877364,-0.004575205966830254,0.004593482706695795,0.016247013583779335,0-2deg,0.00-0.04,0.0,0.0,0.0,0.0
