episode,env_id,align_success,success,final_distance,min_distance,touchdown_distance,touchdown_rel_vel,landing_time,max_descent_speed,mean_descent_speed,final_vertical_speed,terminal_vertical_relative_speed,terminal_relative_speed,terminal_horizontal_error,terminal_surface_clearance,terminal_pad_vertical_speed,max_horizontal_speed,mean_horizontal_speed,final_horizontal_speed,pad_speed,pad_speed_bucket,crash,terminated,time_out,contact_success,settled_landing,hard_contact,ground_crash,deck_miss,first_contact_seen,first_contact_xy_error_deck_frame,first_contact_normal_rel_speed,first_contact_tangential_rel_speed,first_contact_force,max_contact_force,settle_time,terminal_xy_error,minimum_surface_clearance,maximum_penetration,first_contact_deck_roll,first_contact_deck_pitch,first_contact_deck_tilt,first_contact_deck_angular_speed,first_contact_body_deck_normal_angle,terminal_body_deck_normal_angle,terminal_normal_relative_speed,terminal_tangential_relative_speed,max_contact_impulse,terminal_deck_roll,terminal_deck_pitch,terminal_deck_tilt,terminal_deck_angular_speed,deck_tilt_bucket,deck_angular_speed_bucket,max_deck_position_consistency_error,max_deck_orientation_consistency_error,max_deck_linear_velocity_consistency_error,max_deck_angular_velocity_consistency_error
0,53,False,False,0.5357541441917419,0.5357541441917419,0.0,0.0,0.699999988079071,2.1854827404022217,0.8730201721191406,-0.9702571630477905,-0.8379886150360107,1.7071763277053833,0.5294829607009888,-0.0013587195426225662,-0.1252039074897766,1.7326102256774902,0.8374782204627991,1.4873554706573486,0.15007321536540985,>=0.15,True,True,False,False,False,False,False,True,False,0.0,0.0,0.0,0.0,0.0,0.0,0.5294829607009888,-0.0013587195426225662,0.0013587195426225662,0.0,0.0,0.0,0.0,0.0,0.4447627663612366,-0.8213516473770142,1.4966070652008057,0.0,-0.007049849722534418,-0.008673896081745625,0.011177326552569866,0.027604419738054276,0-2deg,0.00-0.04,0.0,0.0,0.0,0.0
1,35,True,True,0.03800418972969055,0.03635017201304436,0.014824721030890942,0.23127004504203796,0.8399999737739563,1.521520733833313,0.710637092590332,-0.02578156255185604,-0.12997260689735413,0.23127004504203796,0.014824721030890942,-0.02000289596617222,0.106239914894104,0.6406585574150085,0.3397214114665985,0.19129285216331482,0.18189364671707153,>=0.15,False,True,False,True,True,False,False,False,True,0.007191786076873541,-0.34106695652008057,0.6700726747512817,0.2161194086074829,0.2161194086074829,0.07999999821186066,0.014824721030890942,-0.02000289596617222,0.02000289596617222,-0.07771138846874237,0.013637390919029713,0.07889639586210251,0.028951304033398628,0.012318902648985386,0.0003452669770922512,-0.1390969157218933,0.18476438522338867,0.0021611941047012806,-0.07752565294504166,0.015364906750619411,0.07903090119361877,0.029079744592308998,4-6deg,0.00-0.04,0.0,0.0,0.0,0.0
2,37,True,True,0.04822687804698944,0.04371655732393265,0.033169131726026535,0.1407204568386078,0.9399999976158142,1.0713238716125488,0.49210649728775024,0.012944553047418594,-0.028721226379275322,0.1407204568386078,0.033169131726026535,-0.01998724229633808,0.04176565632224083,0.4825575053691864,0.26779475808143616,0.1377582550048828,0.13692572712898254,0.10-0.15,False,True,False,True,True,False,False,False,True,0.0250293780118227,-0.2734737694263458,0.365983784198761,0.03362428396940231,0.23596106469631195,0.07999999821186066,0.033169131726026535,-0.020003056153655052,0.020003056153655052,0.01292478758841753,-0.000401811528718099,0.012932632118463516,0.012242844328284264,0.013745897449553013,0.0003452669770922512,-0.026936408132314682,0.13811835646629333,0.002359610516577959,0.013478034175932407,7.03920959495008e-05,0.013478787615895271,0.01200089417397976,0-2deg,0.00-0.04,0.0,0.0,0.0,0.0
3,45,True,True,0.12467727065086365,0.12226643413305283,0.11972267180681229,0.19363027811050415,0.9599999785423279,1.4066916704177856,0.7525174617767334,-0.01752413623034954,-0.16191570460796356,0.19363027811050415,0.11972267180681229,-0.019815681502223015,0.13947224617004395,0.7092640399932861,0.4005033075809479,0.10618844628334045,0.11131472140550613,0.10-0.15,False,True,False,True,True,False,False,False,True,0.11926622688770294,-0.7173166871070862,0.6115983128547668,0.2091142237186432,0.2422121912240982,0.07999999821186066,0.11972267180681229,-0.019873088225722313,0.019873088225722313,-0.035911280661821365,0.026700155809521675,0.044746123254299164,0.0598176084458828,0.07692675292491913,0.003554743016138673,-0.16365846991539001,0.10348230600357056,0.0024221218191087246,-0.03390209749341011,0.029678214341402054,0.04505288228392601,0.05992177501320839,2-4deg,0.04-0.08,0.0,0.0,0.0,0.0
4,27,True,True,0.07583397626876831,0.0642361044883728,0.0672982782125473,0.15797944366931915,1.2799999713897705,1.752357006072998,0.7713720202445984,-0.08029850572347641,0.01974543184041977,0.15797944366931915,0.0672982782125473,-0.01951443962752819,-0.09851617366075516,0.3877290189266205,0.25640666484832764,0.15674063563346863,0.18899135291576385,>=0.15,False,True,False,True,True,False,False,False,True,0.08090505003929138,-0.27195611596107483,0.11658069491386414,0.15999774634838104,0.5093629360198975,0.29999998211860657,0.0672982782125473,-0.02010917477309704,0.02010917477309704,0.03478783741593361,0.033478934317827225,0.048276666551828384,0.03726213052868843,0.06141380965709686,0.007971128448843956,0.01441952958703041,0.15732000768184662,0.0050936294719576836,0.025482509285211563,0.026524921879172325,0.0367807075381279,0.04533874988555908,2-4deg,0.00-0.04,0.0,0.0,0.0,0.0
5,58,True,True,0.05338425561785698,0.05234566330909729,0.039905764162540436,0.05458197742700577,1.559999942779541,1.4131089448928833,0.3910008668899536,-0.04313208907842636,0.03009738028049469,0.05458197742700577,0.039905764162540436,-0.019386615604162216,-0.07313989102840424,0.5838149189949036,0.2985394597053528,0.04553394392132759,0.08936706930398941,0.05-0.10,False,True,False,True,True,False,False,False,True,0.0391375906765461,-0.06911678612232208,0.17617712914943695,0.22425678372383118,0.33726802468299866,0.05999999865889549,0.039905764162540436,-0.020094571635127068,0.020094571635127068,-0.0017919352976605296,0.01592314802110195,0.016024429351091385,0.0048039499670267105,0.0021283691748976707,0.009587026201188564,0.029744528234004974,0.045765221118927,0.003372680163010955,-0.0018036740366369486,0.016111310571432114,0.016213025897741318,0.004622274544090033,0-2deg,0.00-0.04,0.0,0.0,0.0,0.0
6,19,True,True,0.08279681950807571,0.0819530338048935,0.0750400498509407,0.1962401270866394,1.7799999713897705,1.0738388299942017,0.31522899866104126,0.03129523992538452,-0.10590744018554688,0.1962401270866394,0.0750400498509407,-0.019332922995090485,0.13606257736682892,0.4788512885570526,0.27557820081710815,0.1652083545923233,0.17036621272563934,>=0.15,False,True,False,True,True,False,False,False,True,0.08141550421714783,-0.2662976384162903,0.4225008189678192,0.06636746972799301,0.13479304313659668,0.11999999731779099,0.0750400498509407,-0.02007325366139412,0.02007325366139412,-0.043093010783195496,-0.07174237817525864,0.08367098867893219,0.04078619182109833,0.11274746805429459,0.013179166242480278,-0.10648635029792786,0.16483581066131592,0.0013479304034262896,-0.039090417325496674,-0.07257384061813354,0.0824156254529953,0.04118959978222847,4-6deg,0.04-0.08,0.0,0.0,0.0,0.0
7,43,True,True,0.05210506543517113,0.05053166672587395,0.03862042352557182,0.06448271870613098,1.8600000143051147,1.3682752847671509,0.40122687816619873,-0.002673755632713437,-0.06255941838026047,0.06448271870613098,0.03862042352557182,-0.020016921684145927,0.058640047907829285,0.3923240303993225,0.2661445140838623,0.015631381422281265,0.01806757226586342,0.00-0.05,False,True,False,True,True,False,False,False,True,0.03622967749834061,-0.24140658974647522,0.3122832477092743,0.10250290483236313,0.1141090989112854,0.09999999403953552,0.03862042352557182,-0.020016921684145927,0.020016921684145927,-0.04613567888736725,-0.011666073463857174,0.047586239874362946,0.03684869781136513,0.003009968902915716,0.0,-0.061869923025369644,0.018169580027461052,0.0011410909937694669,-0.046261098235845566,-0.00870051234960556,0.047070957720279694,0.037345483899116516,2-4deg,0.00-0.04,0.0,0.0,0.0,0.0
8,28,True,True,0.0852980688214302,0.06998487561941147,0.07778076082468033,0.251205712556839,1.899999976158142,1.1976683139801025,0.3784174919128418,0.007047099992632866,-0.10049789398908615,0.251205712556839,0.07778076082468033,-0.02000894956290722,0.10725927352905273,0.7562146782875061,0.4053773581981659,0.2302270382642746,0.22669413685798645,>=0.15,False,True,False,True,True,False,False,False,True,0.06777221709489822,-0.19966036081314087,0.18414659798145294,0.06953627616167068,0.32255032658576965,0.07999999821186066,0.07778076082468033,-0.020018577575683594,0.020018577575683594,0.001642514718696475,0.021666569635272026,0.02172757126390934,0.018183447420597076,0.00172633514739573,0.001035800902172923,-0.097098708152771,0.23168116807937622,0.003225503256544471,0.0005589571665041149,0.021513111889362335,0.02152082696557045,0.018288765102624893,0-2deg,0.00-0.04,0.0,0.0,0.0,0.0
9,33,True,True,0.0947563499212265,0.09361806511878967,0.08811059594154358,0.14408421516418457,1.9799998998641968,1.4750173091888428,0.5209406614303589,0.0008191816159524024,-0.1167193055152893,0.14408421516418457,0.08811059594154358,-0.01981322467327118,0.11657780408859253,1.0635682344436646,0.4648103415966034,0.08447998762130737,0.05934472754597664,0.05-0.10,False,True,False,True,True,False,False,False,True,0.08979780972003937,-0.3626224994659424,0.3531222343444824,0.10260356962680817,0.3060929775238037,0.07999999821186066,0.08811059594154358,-0.020027002319693565,0.020027002319693565,0.049040887504816055,0.016473427414894104,0.051731325685977936,0.048008210957050323,0.06470532715320587,0.0037505615036934614,-0.11485042423009872,0.08700370788574219,0.003060929710045457,0.04908914864063263,0.013578121550381184,0.0509309247136116,0.04851812496781349,2-4deg,0.04-0.08,0.0,0.0,0.0,0.0
10,59,True,True,0.09875565022230148,0.09376046061515808,0.09250608831644058,0.18362027406692505,1.9799998998641968,1.4797577857971191,0.42500805854797363,0.03353428468108177,-0.04292599484324455,0.18362027406692505,0.09250608831644058,-0.01948986016213894,0.07564830780029297,0.9712467789649963,0.48392853140830994,0.17853225767612457,0.130079448223114,0.10-0.15,False,True,False,True,True,False,False,False,True,0.09258821606636047,-0.33311188220977783,0.43973714113235474,0.06783886253833771,0.06783886253833771,0.11999999731779099,0.09250608831644058,-0.019549554213881493,0.019549554213881493,0.0812113881111145,0.027611998841166496,0.08576727658510208,0.03321058303117752,0.14063997566699982,0.010248136706650257,-0.035079773515462875,0.18023821711540222,0.0006783886346966028,0.0803118348121643,0.0307645071297884,0.0859910398721695,0.032536499202251434,4-6deg,0.00-0.04,0.0,0.0,0.0,0.0
11,0,True,True,0.09494460374116898,0.08960580825805664,0.08803507685661316,0.20521511137485504,2.0,1.3506277799606323,0.4142681360244751,-0.012268029153347015,-0.1411811113357544,0.20521511137485504,0.08803507685661316,-0.01979599893093109,0.1288265585899353,0.5453256368637085,0.2995588779449463,0.14893335103988647,0.14177538454532623,0.10-0.15,False,True,False,True,True,False,False,False,True,0.08468776941299438,-0.12670563161373138,0.14999060332775116,0.09186524152755737,0.09186524152755737,0.05999999865889549,0.08803507685661316,-0.020012909546494484,0.020012909546494484,5.599814539891668e-05,0.008504904806613922,0.00850649643689394,0.0031121436040848494,0.0,0.004085256718099117,-0.14022517204284668,0.14983373880386353,0.0009186523966491222,5.5374897783622146e-05,0.008623611181974411,0.008624793030321598,0.0028226058930158615,0-2deg,0.00-0.04,0.0,0.0,0.0,0.0
12,21,True,True,0.09695834666490555,0.0673476904630661,0.09042290598154068,0.19857966899871826,2.0199999809265137,1.6125190258026123,0.3729879558086395,0.0036257123574614525,-0.1068551316857338,0.19857966899871826,0.09042290598154068,-0.020002182573080063,0.11426002532243729,0.6709470748901367,0.2978973686695099,0.16737940907478333,0.16486932337284088,>=0.15,False,True,False,True,True,False,False,False,True,0.08717914670705795,-0.10316245257854462,0.14909207820892334,0.09170415252447128,0.27693307399749756,0.11999999731779099,0.09042290598154068,-0.02001839317381382,0.02001839317381382,-0.0369955413043499,0.07871433347463608,0.08695860207080841,0.03844406455755234,0.00048828125,0.0007720404537394643,-0.09876338392496109,0.17227789759635925,0.0027693307492882013,-0.03307124227285385,0.0785856768488884,0.08524732291698456,0.040182244032621384,4-6deg,0.00-0.04,0.0,0.0,0.0,0.0
13,54,True,True,0.06768447905778885,0.06653142720460892,0.05793028697371483,0.06921164691448212,2.0199999809265137,1.5341832637786865,0.4803208112716675,0.0009065178455784917,0.0023411065340042114,0.06921164691448212,0.05793028697371483,-0.019998246803879738,0.00022748130140826106,0.7964548468589783,0.4067364037036896,0.06917203962802887,0.06852029263973236,0.05-0.10,False,True,False,True,True,False,False,False,True,0.05835406109690666,-0.22259728610515594,0.3453233242034912,0.13470475375652313,0.13470475375652313,0.09999999403953552,0.05793028697371483,-0.020021701231598854,0.020021701231598854,0.03231245279312134,-0.005692570004612207,0.03280910104513168,0.057045113295316696,0.05953506380319595,0.0,0.0003476556157693267,0.06921077519655228,0.001347047509625554,0.036784444004297256,-0.005449229851365089,0.03718532621860504,0.054873257875442505,0-2deg,0.04-0.08,0.0,0.0,0.0,0.0
14,60,True,True,0.05073340982198715,0.05073340982198715,0.03671260178089142,0.0695333406329155,2.059999942779541,1.4073803424835205,0.39944198727607727,0.011970221064984798,-0.04133031517267227,0.0695333406329155,0.03671260178089142,-0.01998937875032425,0.05323271453380585,0.7827165722846985,0.40614545345306396,0.055916815996170044,0.05459398403763771,0.05-0.10,False,True,False,True,True,False,False,False,True,0.043225158005952835,-0.2983635663986206,0.2931423485279083,0.08631643652915955,0.567403256893158,0.07999999821186066,0.03671260178089142,-0.02014515921473503,0.02014515921473503,-0.008758854120969772,-0.013999459333717823,0.01651174947619438,0.0019053056603297591,0.053718507289886475,0.0003452669770922512,-0.040400050580501556,0.056592587381601334,0.005674032494425774,-0.008859783411026001,-0.014017976820468903,0.016583791002631187,0.0015258699422702193,0-2deg,0.00-0.04,0.0,0.0,0.0,0.0
15,34,True,True,0.041551411151885986,0.041551411151885986,0.022382378578186035,0.049320995807647705,2.0799999237060547,1.2871686220169067,0.31709301471710205,0.00513806426897645,0.019904378801584244,0.049320995807647705,0.022382378578186035,-0.019996006041765213,-0.014930089004337788,1.1822552680969238,0.4371369481086731,0.04512622579932213,0.03879896178841591,0.00-0.05,False,True,False,True,True,False,False,False,True,0.02311554364860058,-0.0892132818698883,0.1523132175207138,0.1906755119562149,0.19855260848999023,0.05999999865889549,0.022382378578186035,-0.020114125683903694,0.020114125683903694,-0.013327166438102722,0.029313312843441963,0.03220019489526749,0.07981198281049728,0.002042627427726984,0.0003452669770922512,0.021134817972779274,0.04456321522593498,0.001985525945201516,-0.01022243220359087,0.028528865426778793,0.030304117128252983,0.08028556406497955,0-2deg,0.04-0.08,0.0,0.0,0.0,0.0
16,44,True,True,0.12128600478172302,0.1013118326663971,0.11615683883428574,0.20073169469833374,2.0799999237060547,1.3875274658203125,0.3821895718574524,-0.07680461555719376,0.0042959824204444885,0.20073169469833374,0.11615683883428574,-0.019859377294778824,-0.07614298164844513,0.6915919184684753,0.3847169876098633,0.20068572461605072,0.16652719676494598,>=0.15,False,True,False,True,True,False,False,False,True,0.09441525489091873,-0.04533204808831215,0.3156588673591614,0.08107582479715347,0.5163558721542358,0.2199999988079071,0.11615683883428574,-0.020188504830002785,0.020188504830002785,-0.06678175926208496,0.06432463973760605,0.09268961101770401,0.03288949280977249,0.09518063068389893,0.0020716022700071335,0.016521595418453217,0.20005062222480774,0.005163558758795261,-0.061209727078676224,0.06787896901369095,0.09136974066495895,0.03373503312468529,4-6deg,0.00-0.04,0.0,0.0,0.0,0.0
17,1,True,True,0.05008448660373688,0.04701726511120796,0.03581415116786957,0.21192395687103271,2.119999885559082,1.3579922914505005,0.388340562582016,-0.030160417780280113,-0.1593887060880661,0.21192395687103271,0.03581415116786957,-0.01996452547609806,0.1306026726961136,0.9324477910995483,0.4036285877227783,0.13966749608516693,0.14916536211967468,0.10-0.15,False,True,False,True,True,False,False,False,True,0.031371474266052246,-0.10447806119918823,0.12370124459266663,0.5158247947692871,0.5158247947692871,0.05999999865889549,0.03581415116786957,-0.02003057673573494,0.02003057673573494,-0.0004089513677172363,-0.002272982383146882,0.002316121943295002,0.0394478477537632,0.0006905339541845024,0.0007720404537394643,-0.15948405861854553,0.1395585983991623,0.005158247891813517,-0.00024793713237158954,-0.0007022056961432099,0.0007720404537394643,0.039494529366493225,0-2deg,0.00-0.04,0.0,0.0,0.0,0.0
18,11,True,True,0.09129025787115097,0.07769842445850372,0.08431962132453918,0.13539163768291473,2.119999885559082,1.4239953756332397,0.40242838859558105,-0.08932116627693176,0.011042572557926178,0.13539163768291473,0.08431962132453918,-0.019493084400892258,-0.10601487010717392,0.7675631642341614,0.3175841271877289,0.13494056463241577,0.14076489210128784,0.10-0.15,False,True,False,True,True,False,False,False,True,0.06850145757198334,-0.08305441588163376,0.2545739412307739,0.12326081097126007,0.5971565246582031,0.1599999964237213,0.08431962132453918,-0.02007947489619255,0.02007947489619255,0.03165184706449509,0.04683947563171387,0.05652489513158798,0.05523533374071121,0.01430267933756113,0.007812519557774067,0.004371072165668011,0.13532105088233948,0.005971564911305904,0.027733806520700455,0.05341564863920212,0.06018070876598358,0.05411197617650032,2-4deg,0.04-0.08,0.0,0.0,0.0,0.0
19,56,True,True,0.058468297123909,0.04408884420990944,0.04684332758188248,0.17080076038837433,2.200000047683716,1.119178056716919,0.2885681092739105,-0.06690998375415802,0.014743365347385406,0.17080076038837433,0.04684332758188248,-0.019841352477669716,-0.08342768996953964,0.45540836453437805,0.20128846168518066,0.17016325891017914,0.19343212246894836,>=0.15,False,True,False,True,True,False,False,False,True,0.035579465329647064,-0.08427614718675613,0.1616402566432953,0.06706678122282028,0.755057156085968,0.09999999403953552,0.04684332758188248,-0.020126577466726303,0.020126577466726303,-0.00427793525159359,-0.055598821491003036,0.05576330050826073,0.006141213234513998,0.021381886675953865,0.00417187949642539,0.005364878568798304,0.17071647942066193,0.007550571579486132,-0.00411501619964838,-0.05502953380346298,0.05518278107047081,0.008670230396091938,2-4deg,0.00-0.04,0.0,0.0,0.0,0.0
20,22,True,True,0.038850635290145874,0.038850635290145874,0.016826065257191658,0.09873799979686737,2.2200000286102295,1.3309552669525146,0.37277504801750183,0.005750562064349651,0.024930492043495178,0.09873799979686737,0.016826065257191658,-0.01998511329293251,-0.019335610792040825,0.9168520569801331,0.4324614703655243,0.09553880244493484,0.09185437113046646,0.05-0.10,False,True,False,True,True,False,False,False,True,0.023085549473762512,-0.0917164757847786,0.15872550010681152,0.022474609315395355,0.385532408952713,0.09999999403953552,0.016826065257191658,-0.020011110231280327,0.020011110231280327,-0.0004220478003844619,-0.011154255829751492,0.011161317117512226,0.018575308844447136,0.053801700472831726,0.0,0.025861522182822227,0.09529099613428116,0.0038553241174668074,-0.001906825229525566,-0.011118278838694096,0.011278193444013596,0.01854982227087021,0-2deg,0.00-0.04,0.0,0.0,0.0,0.0
21,23,True,True,0.11338461935520172,0.10904893279075623,0.10787105560302734,0.1201273500919342,2.2200000286102295,1.6485294103622437,0.43003255128860474,-0.036483969539403915,0.006829351186752319,0.1201273500919342,0.10787105560302734,-0.019890055060386658,-0.04429079592227936,1.0222724676132202,0.49368664622306824,0.11993306875228882,0.14145788550376892,0.10-0.15,False,True,False,True,True,False,False,False,True,0.10387768596410751,-0.3277542293071747,0.39617350697517395,0.11812976002693176,0.4012112021446228,0.07999999821186066,0.10787105560302734,-0.019969522953033447,0.019969522953033447,0.04950527474284172,-0.05584603548049927,0.074612557888031,0.019048865884542465,0.03514958173036575,0.002210787730291486,0.0036047848407179117,0.12007325887680054,0.0040121120400726795,0.04905085265636444,-0.05472654849290848,0.07347486913204193,0.021237969398498535,4-6deg,0.00-0.04,0.0,0.0,0.0,0.0
22,63,True,True,0.11083900183439255,0.08281503617763519,0.10517992824316025,0.18253031373023987,2.259999990463257,1.363159418106079,0.3702859580516815,0.0052958205342292786,-0.07056368887424469,0.18253031373023987,0.10517992824316025,-0.020008299499750137,0.07839414477348328,0.47387444972991943,0.2776130139827728,0.16833919286727905,0.160120889544487,>=0.15,False,True,False,True,True,False,False,False,True,0.10070009529590607,-0.09228134155273438,0.0489923320710659,0.0271341260522604,0.20717379450798035,0.07999999821186066,0.10517992824316025,-0.020008299499750137,0.020008299499750137,-0.00502776401117444,0.018735308200120926,0.019396811723709106,0.02490500919520855,0.02132325991988182,0.00048828125,-0.0671156570315361,0.1697433441877365,0.0020717380102723837,-0.004203158430755138,0.019960720092058182,0.020397422835230827,0.024322420358657837,0-2deg,0.00-0.04,0.0,0.0,0.0,0.0
23,31,True,True,0.046250421553850174,0.046102676540613174,0.0302253570407629,0.11736520379781723,2.2799999713897705,1.5264606475830078,0.48030129075050354,0.008659278973937035,-0.03411465510725975,0.11736520379781723,0.0302253570407629,-0.01999107375741005,0.04360778257250786,0.8666996359825134,0.4307374358177185,0.11229773610830307,0.11542513966560364,0.10-0.15,False,True,False,True,True,False,False,False,True,0.025412656366825104,-0.17835868895053864,0.24508903920650482,0.05272466689348221,0.19898559153079987,0.11999999731779099,0.0302253570407629,-0.019996263086795807,0.019996263086795807,-0.05939769744873047,0.06969472765922546,0.09154073894023895,0.04614599794149399,0.10841577500104904,0.0,-0.025711363181471825,0.11451426893472672,0.001989855896681547,-0.06355413049459457,0.07099564373493195,0.09525084495544434,0.040926843881607056,4-6deg,0.04-0.08,0.0,0.0,0.0,0.0
24,41,True,True,0.049312934279441833,0.04332944378256798,0.03474016487598419,0.17718654870986938,2.299999952316284,1.4631879329681396,0.4127607047557831,-0.0041811480186879635,-0.07463718950748444,0.17718654870986938,0.03474016487598419,-0.020012831315398216,0.07086355239152908,1.3342822790145874,0.45737263560295105,0.16069960594177246,0.16424889862537384,>=0.15,False,True,False,True,True,False,False,False,True,0.02860315702855587,-0.08960733562707901,0.1444406658411026,0.04257670417428017,0.15399542450904846,0.05999999865889549,0.03474016487598419,-0.020012831315398216,0.020012831315398216,-0.019326835870742798,-0.022929172962903976,0.029987715184688568,0.02133447863161564,0.0068097421899437904,0.00048828125,-0.07871658354997635,0.15874122083187103,0.0015399542171508074,-0.019797392189502716,-0.02221466228365898,0.029754217714071274,0.02144717425107956,0-2deg,0.00-0.04,0.0,0.0,0.0,0.0
25,47,True,True,0.09139320999383926,0.08864442259073257,0.08494576811790466,0.1738082617521286,2.299999952316284,1.5725178718566895,0.38737931847572327,-0.050774138420820236,0.03039756417274475,0.1738082617521286,0.08494576811790466,-0.017115985974669456,-0.08292791992425919,1.3031870126724243,0.5455397963523865,0.1711294800043106,0.09874775260686874,0.05-0.10,False,True,False,True,True,False,False,False,True,0.08861412107944489,-0.25062301754951477,0.2872011363506317,0.054887596517801285,0.14681373536586761,0.1599999964237213,0.08494576811790466,-0.018397517502307892,0.018397517502307892,0.0246257521212101,0.037581667304039,0.044928304851055145,0.02050035446882248,0.12673379480838776,0.05061381682753563,0.031672153621912,0.1708981692790985,0.0014681373722851276,0.02474101632833481,0.03446519747376442,0.042423274368047714,0.02402002550661564,2-4deg,0.00-0.04,0.0,0.0,0.0,0.0
26,7,True,True,0.05631851404905319,0.0481850691139698,0.04403548315167427,0.25711870193481445,2.3399999141693115,1.4675782918930054,0.34226998686790466,-0.013293208554387093,-0.04491870850324631,0.25711870193481445,0.04403548315167427,-0.019838152453303337,0.03000357374548912,0.8576208353042603,0.40644997358322144,0.2531646490097046,0.21689802408218384,>=0.15,False,True,False,True,True,False,False,False,True,0.03705018758773804,-0.026476841419935226,0.27369818091392517,0.09758404642343521,0.09758404642343521,0.05999999865889549,0.04403548315167427,-0.0199988204985857,0.0199988204985857,0.048709504306316376,-0.02323194406926632,0.05396217480301857,0.034832291305065155,0.0,0.002762136748060584,-0.03757016733288765,0.25435900688171387,0.0009758404339663684,0.04892755672335625,-0.024600090458989143,0.05475969985127449,0.03443748876452446,2-4deg,0.00-0.04,0.0,0.0,0.0,0.0
27,9,True,True,0.03867883235216141,0.03867883235216141,0.016432663425803185,0.21232664585113525,2.440000057220459,1.2601819038391113,0.2581009864807129,0.006934547331184149,-0.00674805324524641,0.21232664585113525,0.016432663425803185,-0.019986551254987717,0.013425854966044426,0.7469110488891602,0.3987767994403839,0.21221938729286194,0.2070520520210266,>=0.15,False,True,False,True,True,False,False,False,True,0.0247555673122406,-0.14010480046272278,0.1998773068189621,0.02027580700814724,0.21538399159908295,0.09999999403953552,0.016432663425803185,-0.019989298656582832,0.019989298656582832,-0.03454102203249931,0.05047466233372688,0.06115396320819855,0.0014165081083774567,0.06395337730646133,0.0,-0.00996580719947815,0.21209263801574707,0.0021538399159908295,-0.034567467868328094,0.050338633358478546,0.061056360602378845,0.0032398917246609926,2-4deg,0.00-0.04,0.0,0.0,0.0,0.0
28,36,True,True,0.047761231660842896,0.04474145174026489,0.03251155465841293,0.20029236376285553,2.4600000381469727,1.4168003797531128,0.31474822759628296,0.0020261285826563835,-0.15126506984233856,0.20029236376285553,0.03251155465841293,-0.020011303946375847,0.1530165821313858,1.4352072477340698,0.6303461194038391,0.13128560781478882,0.13441555202007294,0.10-0.15,False,True,False,True,True,False,False,False,True,0.026142047718167305,-0.32352373003959656,0.12054211646318436,0.06530023366212845,0.32173678278923035,0.07999999821186066,0.03251155465841293,-0.020014137029647827,0.020014137029647827,0.0073134987615048885,-0.02930954284965992,0.030207570642232895,0.03203355148434639,0.02820947952568531,0.0011960400734096766,-0.14893606305122375,0.13392193615436554,0.0032173676881939173,0.007068288512527943,-0.027369121089577675,0.028266480192542076,0.03314889967441559,0-2deg,0.00-0.04,0.0,0.0,0.0,0.0
29,17,True,True,0.05286768078804016,0.046231709420681,0.03960421308875084,0.2640373408794403,2.4800000190734863,1.421047329902649,0.4080144762992859,0.0044551086612045765,-0.11791019141674042,0.2640373408794403,0.03960421308875084,-0.020002109929919243,0.12242764979600906,0.993453323841095,0.4324542284011841,0.23624753952026367,0.23107267916202545,>=0.15,False,True,False,True,True,False,False,False,True,0.030187051743268967,-0.08587948977947235,0.22161974012851715,0.33935049176216125,0.3639146089553833,0.05999999865889549,0.03960421308875084,-0.020005270838737488,0.020005270838737488,-0.06295884400606155,-0.005676761735230684,0.06321419030427933,0.0470905639231205,0.00048828125,0.0008457279182039201,-0.10523524880409241,0.24215957522392273,0.00363914598710835,-0.06404567509889603,-0.004164046607911587,0.06418053060770035,0.04604865983128548,2-4deg,0.04-0.08,0.0,0.0,0.0,0.0
30,26,True,True,0.03642356023192406,0.03642356023192406,0.01015755720436573,0.20181234180927277,2.5,1.469666600227356,0.39610981941223145,0.0049215927720069885,0.050869233906269073,0.20181234180927277,0.01015755720436573,-0.02002413012087345,-0.046075351536273956,0.27233758568763733,0.15559262037277222,0.1952960342168808,0.1836574375629425,>=0.15,False,True,False,True,True,False,False,False,True,0.01441694051027298,-0.10386478155851364,0.11707636713981628,0.06563036143779755,0.28360894322395325,0.07999999821186066,0.01015755720436573,-0.020190758630633354,0.020190758630633354,0.0007299068383872509,-0.04258716106414795,0.042592987418174744,0.015398952178657055,0.03596775233745575,0.0008457279182039201,0.04596531018614769,0.1965080350637436,0.0028360893484205008,0.0007429073448292911,-0.04161760210990906,0.041624508798122406,0.016916505992412567,2-4deg,0.00-0.04,0.0,0.0,0.0,0.0
31,29,True,True,0.04847313463687897,0.04529206454753876,0.03351692855358124,0.18001508712768555,2.5399999618530273,1.1961909532546997,0.35664141178131104,-0.02826012670993805,-0.1408223658800125,0.18001508712768555,0.03351692855358124,-0.019976578652858734,0.1117892786860466,1.014188528060913,0.4635732173919678,0.11213605105876923,0.12154244631528854,0.10-0.15,False,True,False,True,True,False,False,False,True,0.028209351003170013,-0.022895105183124542,0.086298868060112,0.13843296468257904,0.1768035888671875,0.07999999821186066,0.03351692855358124,-0.0200356375426054,0.0200356375426054,-0.03179462254047394,-0.002879311330616474,0.031925018876791,0.033271413296461105,0.02597389556467533,0.0005980199784971774,-0.14198455214500427,0.11066082119941711,0.001768035814166069,-0.03375093266367912,-0.0029336665757000446,0.033878277987241745,0.031951069831848145,0-2deg,0.00-0.04,0.0,0.0,0.0,0.0
32,4,True,True,0.1065506786108017,0.10569272190332413,0.1008162721991539,0.11963171511888504,2.5799999237060547,1.6424319744110107,0.3781174123287201,0.049179453402757645,-0.06685663759708405,0.11963171511888504,0.1008162721991539,-0.019145263358950615,0.11589315533638,0.9905490875244141,0.4898378551006317,0.09920653700828552,0.16925734281539917,>=0.15,False,True,False,True,True,False,False,False,True,0.11026442795991898,-0.346792608499527,0.43816688656806946,0.0823206678032875,0.4990898370742798,0.11999999731779099,0.1008162721991539,-0.020108576864004135,0.020108576864004135,0.02066420577466488,-0.004859792999923229,0.02122800052165985,0.02667289599776268,0.14047318696975708,0.013706814497709274,-0.06475456058979034,0.10059122741222382,0.004990898072719574,0.022934911772608757,-0.0035215672105550766,0.023202871903777122,0.02602870762348175,0-2deg,0.00-0.04,0.0,0.0,0.0,0.0
33,5,True,True,0.08130938559770584,0.08130938559770584,0.07337396591901779,0.15791699290275574,2.619999885559082,1.6515156030654907,0.37435397505760193,-0.026877684518694878,-0.11839056015014648,0.15791699290275574,0.07337396591901779,-0.019995685666799545,0.08951142430305481,0.8823166489601135,0.4742531478404999,0.1045057475566864,0.18068885803222656,>=0.15,False,True,False,True,True,False,False,False,True,0.07602488994598389,-0.10229483991861343,0.26648998260498047,0.09825123101472855,0.09825123101472855,0.07999999821186066,0.07337396591901779,-0.020007017999887466,0.020007017999887466,-0.05902813747525215,0.006114364601671696,0.05934341624379158,0.030451690778136253,0.0028471453115344048,0.0006905339541845024,-0.11666374653577805,0.10643002390861511,0.000982512254267931,-0.06048091873526573,0.007157671265304089,0.060902804136276245,0.02916094847023487,2-4deg,0.00-0.04,0.0,0.0,0.0,0.0
34,24,True,True,0.11537909507751465,0.07069800794124603,0.10985228419303894,0.1864919662475586,2.679999828338623,1.5425937175750732,0.32470712065696716,-0.009790819138288498,-0.09407314658164978,0.1864919662475586,0.10985228419303894,-0.019883859902620316,0.0852784514427185,0.6546518206596375,0.30505406856536865,0.16102638840675354,0.16027888655662537,>=0.15,False,True,False,True,True,False,False,False,True,0.10685610771179199,-0.08291535824537277,0.13771545886993408,0.055716536939144135,0.09712659567594528,0.05999999865889549,0.10985228419303894,-0.019890211522579193,0.019890211522579193,-0.013584288768470287,-0.00810934416949749,0.015822285786271095,0.018008766695857048,0.003554743016138673,0.002341714920476079,-0.09428069740533829,0.16090494394302368,0.00097126595210284,-0.013950498774647713,-0.0074876341968774796,0.01583358459174633,0.018066879361867905,0-2deg,0.00-0.04,0.0,0.0,0.0,0.0
35,32,True,True,0.06346750259399414,0.06062915548682213,0.05293823778629303,0.22004389762878418,2.679999828338623,1.2795144319534302,0.3125055730342865,-0.0329764224588871,-0.18510332703590393,0.22004389762878418,0.05293823778629303,-0.01996961236000061,0.15267039835453033,0.9644242525100708,0.3866063952445984,0.118979312479496,0.16939640045166016,>=0.15,False,True,False,True,True,False,False,False,True,0.05031624808907509,-0.3744518756866455,0.24538128077983856,0.08744537830352783,0.6027513146400452,0.07999999821186066,0.05293823778629303,-0.019982555881142616,0.019982555881142616,-0.004628424067050219,0.005365724675357342,0.007084301207214594,0.015237655490636826,0.08128564059734344,0.0005980199784971774,-0.18583226203918457,0.1178375706076622,0.006027513183653355,-0.003936919383704662,0.004754418507218361,0.006176333408802748,0.01552105788141489,0-2deg,0.00-0.04,0.0,0.0,0.0,0.0
36,55,True,False,0.27079319953918457,0.12256407737731934,0.0,0.0,2.679999828338623,1.3726413249969482,0.39875873923301697,0.005713545251637697,-0.15592853724956512,0.27945253252983093,0.26852843165397644,-0.020002175122499466,0.15913523733615875,0.49394553899765015,0.2044627070426941,0.23190519213676453,0.2344391942024231,>=0.15,True,True,False,True,False,False,False,True,True,0.11752103269100189,-0.10175751149654388,0.04310774430632591,0.08568406850099564,0.3712477684020996,0.0,0.26852843165397644,-0.02004331722855568,0.02004331722855568,-0.025806404650211334,-0.008349418640136719,0.027123523876070976,0.03231484070420265,0.0015440810238942504,0.0003452669770922512,-0.16043490171432495,0.22881078720092773,0.0037124776281416416,-0.043434713035821915,-0.009584239684045315,0.044478822499513626,0.016910558566451073,0-2deg,0.00-0.04,0.0,0.0,0.0,0.0
37,16,True,True,0.06550807505846024,0.049246951937675476,0.05538535490632057,0.244918093085289,2.7200000286102295,1.3250681161880493,0.3344176709651947,0.011405116878449917,0.046832166612148285,0.244918093085289,0.05538535490632057,-0.020012691617012024,-0.03445855900645256,0.9952329397201538,0.4443369507789612,0.24039888381958008,0.2286691516637802,>=0.15,False,True,False,True,True,False,False,False,True,0.04671070724725723,-0.06141536682844162,0.16343580186367035,0.04012931138277054,0.5755259990692139,0.09999999403953552,0.05538535490632057,-0.020066456869244576,0.020066456869244576,-0.017152030020952225,-0.00777605501934886,0.018832368776202202,0.018041187897324562,0.04254116490483284,0.0011451211757957935,0.05106813460588455,0.23953479528427124,0.005755259655416012,-0.018575992435216904,-0.007836063392460346,0.020162276923656464,0.017584912478923798,0-2deg,0.00-0.04,0.0,0.0,0.0,0.0
38,10,True,True,0.07206504791975021,0.06882521510124207,0.06297670304775238,0.17531254887580872,2.7799999713897705,1.4460844993591309,0.33821338415145874,-0.0060035414062440395,-0.11998633295297623,0.17531254887580872,0.06297670304775238,-0.020012253895401955,0.11712618172168732,1.0051651000976562,0.46038857102394104,0.12781928479671478,0.13158710300922394,0.10-0.15,False,True,False,True,True,False,False,False,True,0.05846426635980606,-0.3486299514770508,0.2186279594898224,0.1127077117562294,0.2570692300796509,0.09999999403953552,0.06297670304775238,-0.020023129880428314,0.020023129880428314,0.022548425942659378,-0.01763104647397995,0.028622755780816078,0.05586124584078789,0.03327639028429985,0.0009765625,-0.11768196523189545,0.12994401156902313,0.002570692216977477,0.022504333406686783,-0.013127912767231464,0.026054101064801216,0.05668912082910538,0-2deg,0.04-0.08,0.0,0.0,0.0,0.0
39,37,True,True,0.03970332443714142,0.03970332443714142,0.01876494288444519,0.19405589997768402,1.8799999952316284,1.3869800567626953,0.5047115683555603,-0.007836383767426014,-0.1297900527715683,0.19405589997768402,0.01876494288444519,-0.02000466175377369,0.12207522243261337,0.7360728979110718,0.34724605083465576,0.14426445960998535,0.16461116075515747,>=0.15,False,True,False,True,True,False,False,False,True,0.0276201032102108,-0.36149999499320984,0.3244556188583374,0.07574771344661713,0.43516987562179565,0.07999999821186066,0.01876494288444519,-0.02009151317179203,0.02009151317179203,0.004964475054293871,-0.027597693726420403,0.02803991362452507,0.016953840851783752,0.06396269798278809,0.0003452669770922512,-0.1313134878873825,0.1428791880607605,0.0043516987934708595,0.005965829826891422,-0.027442391961812973,0.02808240056037903,0.016827935352921486,0-2deg,0.00-0.04,0.0,0.0,0.0,0.0
40,42,True,True,0.11722268164157867,0.10058382898569107,0.11184962093830109,0.15363839268684387,2.819999933242798,1.4940104484558105,0.3211841583251953,0.005957306828349829,-0.06344535201787949,0.15363839268684387,0.11184962093830109,-0.0197067242115736,0.07124640047550201,0.590702474117279,0.2827865779399872,0.13992655277252197,0.11961241066455841,0.10-0.15,False,True,False,True,True,False,False,False,True,0.10735145956277847,-0.04314408451318741,0.14420823752880096,0.042022738605737686,0.042022738605737686,0.05999999865889549,0.11184962093830109,-0.019912580028176308,0.019912580028176308,-0.018508726730942726,-0.05182170495390892,0.055024776607751846,0.023630822077393532,0.005662806797772646,0.004488474689424038,-0.05560445040464401,0.14322324097156525,0.00042022738489322364,-0.017846085131168365,-0.05247965455055237,0.055428631603717804,0.0230685006827116,2-4deg,0.00-0.04,0.0,0.0,0.0,0.0
41,20,True,True,0.10972803831100464,0.10402125120162964,0.10422691702842712,0.03569124639034271,2.879999876022339,1.6486188173294067,0.3290485143661499,-0.05296888202428818,0.01930665224790573,0.03569124639034271,0.10422691702842712,-0.01856737583875656,-0.0705413967370987,0.9027702808380127,0.4517751932144165,0.030018629506230354,0.21991267800331116,>=0.15,False,True,False,True,True,False,False,False,True,0.10263893008232117,-0.03584854304790497,0.20915114879608154,0.049873236566782,0.11203677207231522,0.35999998450279236,0.10422691702842712,-0.01989760808646679,0.01989760808646679,0.001687847194261849,-0.03796780854463577,0.03800518810749054,0.02678273245692253,0.05792142078280449,0.022237367928028107,0.018443550914525986,0.030556512996554375,0.0011203676695004106,-0.004431685898452997,-0.029584573581814766,0.029914071783423424,0.03408684954047203,2-4deg,0.00-0.04,0.0,0.0,0.0,0.0
42,39,True,True,0.03783855587244034,0.03783855587244034,0.01440872997045517,0.10907712578773499,2.879999876022339,1.3942604064941406,0.3330838978290558,-0.00026960577815771103,0.006979777477681637,0.10907712578773499,0.01440872997045517,-0.020009160041809082,-0.007799539249390364,1.6392617225646973,0.3612357974052429,0.10885358601808548,0.1615837812423706,>=0.15,False,True,False,True,True,False,False,False,True,0.01744304969906807,-0.13959386944770813,0.04084822162985802,0.0645844042301178,0.1284738928079605,0.09999999403953552,0.01440872997045517,-0.020009160041809082,0.020009160041809082,-0.055709291249513626,0.011671800166368484,0.05691811442375183,0.018634911626577377,0.0663294866681099,0.0,0.010817231610417366,0.10853942483663559,0.0012847388861700892,-0.057042479515075684,0.011819164268672466,0.05825304612517357,0.014883174560964108,2-4deg,0.00-0.04,0.0,0.0,0.0,0.0
43,13,True,True,0.06624004989862442,0.061069339513778687,0.05598706007003784,0.12014535069465637,2.8999998569488525,1.0960444211959839,0.23695480823516846,-0.08557754009962082,0.036113545298576355,0.12014535069465637,0.05598706007003784,-0.019039668142795563,-0.1234072744846344,0.7357844114303589,0.28166452050209045,0.11458934098482132,0.1876641809940338,>=0.15,False,True,False,True,True,False,False,False,True,0.05236336216330528,-0.01600809209048748,0.15394653379917145,0.15807870030403137,0.7058614492416382,0.09999999403953552,0.05598706007003784,-0.020189737901091576,0.020189737901091576,0.0626717284321785,0.0172240249812603,0.06499230116605759,0.04778577759861946,0.05033145472407341,0.018201421946287155,0.03913591429591179,0.11359262466430664,0.007058614399284124,0.05912673473358154,0.018905673176050186,0.06207260489463806,0.05029118061065674,2-4deg,0.04-0.08,0.0,0.0,0.0,0.0
44,2,True,True,0.04793540760874748,0.04793540760874748,0.03274824470281601,0.09572184830904007,3.119999885559082,1.365423560142517,0.3061559498310089,0.002178534399718046,0.015469047240912914,0.09572184830904007,0.03274824470281601,-0.019995423033833504,-0.012940662913024426,0.2934747338294983,0.1312868297100067,0.09446364641189575,0.09344910830259323,0.05-0.10,False,True,False,True,True,False,False,False,True,0.03756071627140045,-0.08990580588579178,0.07442913204431534,0.027214914560317993,0.10877248644828796,0.09999999403953552,0.03274824470281601,-0.020045205950737,0.020045205950737,0.011748024262487888,0.042929261922836304,0.044506967067718506,0.06893445551395416,0.04935403913259506,0.0,0.01312344428151846,0.09481796622276306,0.001087724813260138,0.0068861618638038635,0.04021475464105606,0.04079988971352577,0.07024244964122772,2-4deg,0.04-0.08,0.0,0.0,0.0,0.0
45,18,True,True,0.058702874928712845,0.058702874928712845,0.04711228236556053,0.09288250654935837,3.119999885559082,1.3840644359588623,0.2517819404602051,0.006791244726628065,-0.02178310789167881,0.09288250654935837,0.04711228236556053,-0.019984761252999306,0.029032696038484573,1.0177311897277832,0.2507389783859253,0.0902920588850975,0.08438961952924728,0.05-0.10,False,True,False,True,True,False,False,False,True,0.05072548985481262,-0.10341326147317886,0.10863412916660309,0.035627223551273346,0.3781375288963318,0.09999999403953552,0.04711228236556053,-0.020025523379445076,0.020025523379445076,-0.02458643913269043,-0.05581684783101082,0.0609869621694088,0.024029305204749107,0.05545874685049057,0.0,-0.016966305673122406,0.09131979197263718,0.003781375242397189,-0.025847025215625763,-0.05424806475639343,0.060085494071245193,0.026372577995061874,2-4deg,0.00-0.04,0.0,0.0,0.0,0.0
46,25,True,True,0.0919693112373352,0.08729638904333115,0.08480696380138397,0.1873176395893097,3.1399998664855957,1.0170460939407349,0.22458653151988983,-0.013820516876876354,-0.10258376598358154,0.1873176395893097,0.08480696380138397,-0.019780026748776436,0.08836224675178528,1.121127963066101,0.49163731932640076,0.1567305624485016,0.18475425243377686,>=0.15,False,True,False,True,True,False,False,False,True,0.07836126536130905,-0.18492600321769714,0.27880769968032837,0.020551569759845734,0.18338418006896973,0.09999999403953552,0.08480696380138397,-0.019993435591459274,0.019993435591459274,-0.06205965578556061,0.0074375225231051445,0.06250349432229996,0.05288044363260269,0.10260789841413498,0.004421578254550695,-0.09828059375286102,0.15946416556835175,0.0018338417867198586,-0.05772370472550392,0.006774349138140678,0.05811980366706848,0.05673340708017349,2-4deg,0.04-0.08,0.0,0.0,0.0,0.0
47,8,True,True,0.039731863886117935,0.03712257370352745,0.0187684353441,0.1984698474407196,3.240000009536743,1.379175066947937,0.26912492513656616,0.015446066856384277,0.05247724801301956,0.1984698474407196,0.0187684353441,-0.01998627558350563,-0.037228867411613464,1.6443735361099243,0.38338568806648254,0.19140642881393433,0.18013757467269897,>=0.15,False,True,False,True,True,False,False,False,True,0.011488309130072594,-0.12618191540241241,0.02365792915225029,0.07892322540283203,0.28897374868392944,0.09999999403953552,0.0187684353441,-0.020048249512910843,0.020048249512910843,-0.01981702260673046,0.0014079754473641515,0.019867433235049248,0.03959247097373009,0.03196607157588005,0.0003452669770922512,0.053400684148073196,0.19115082919597626,0.0028897374868392944,-0.01663426123559475,0.0015491019003093243,0.016705550253391266,0.040041934698820114,0-2deg,0.00-0.04,0.0,0.0,0.0,0.0
48,45,True,True,0.11425197124481201,0.10864094644784927,0.1087496280670166,0.22535505890846252,2.299999952316284,1.5140844583511353,0.4269462823867798,0.02277763932943344,-0.19702255725860596,0.22535505890846252,0.1087496280670166,-0.019306303933262825,0.21445973217487335,1.4517204761505127,0.6200262308120728,0.10939384996891022,0.13706398010253906,0.10-0.15,False,True,False,True,True,False,False,False,True,0.10365763306617737,-0.29260945320129395,0.3352283835411072,0.3746103346347809,0.3746103346347809,0.17999999225139618,0.1087496280670166,-0.020084157586097717,0.020084157586097717,0.003539917292073369,0.030497724190354347,0.030702799558639526,0.059876762330532074,0.0027186358347535133,0.013823730871081352,-0.20100201666355133,0.10189744085073471,0.003746103262528777,0.0036214005667716265,0.03978908434510231,0.03995379060506821,0.05610503628849983,0-2deg,0.04-0.08,0.0,0.0,0.0,0.0
49,57,True,True,0.0566396564245224,0.054960016161203384,0.04451945796608925,0.18738655745983124,3.2799999713897705,1.3707834482192993,0.3384208083152771,0.006342248525470495,-0.012381073087453842,0.18738655745983124,0.04451945796608925,-0.0199882909655571,0.018743110820651054,0.8503934741020203,0.32866859436035156,0.1869770884513855,0.1828160285949707,>=0.15,False,True,False,True,True,False,False,False,True,0.04266636073589325,-0.10629037767648697,0.08016011118888855,0.06285300850868225,0.1645832508802414,0.07999999821186066,0.04451945796608925,-0.020000725984573364,0.020000725984573364,0.0006679220241494477,-0.0002595743571873754,0.0006905339541845024,0.003216430777683854,0.013623939827084541,0.0003452669770922512,-0.012530381791293621,0.1869671493768692,0.0016458324389532208,0.0008225446217693388,-0.0001446130481781438,0.0008457279182039201,0.003205367596819997,0-2deg,0.00-0.04,0.0,0.0,0.0,0.0
50,27,True,True,0.06703048944473267,0.06703048944473267,0.0560062900185585,0.17487525939941406,2.059999942779541,1.3891127109527588,0.33201244473457336,-0.07802844792604446,-0.05856466293334961,0.17487525939941406,0.0560062900185585,-0.01401720754802227,-0.02166706882417202,0.676655113697052,0.40871280431747437,0.1647772341966629,0.2264489382505417,>=0.15,False,True,False,True,True,False,False,False,True,0.06503958255052567,-0.04794981703162193,0.20489610731601715,0.02336559258401394,0.025402484461665154,0.09999999403953552,0.0560062900185585,-0.01401720754802227,0.01401720754802227,0.0536646842956543,-0.03365449607372284,0.06333579123020172,0.051522716879844666,0.14869648218154907,0.08416023850440979,-0.06823599338531494,0.16101305186748505,0.00025402483879588544,0.05385414883494377,-0.02948540635406971,0.06139049679040909,0.05280555039644241,2-4deg,0.04-0.08,0.0,0.0,0.0,0.0
51,30,True,True,0.06602209061384201,0.058740030974149704,0.05596864968538284,0.034327682107686996,3.3399999141693115,1.2670234441757202,0.23404933512210846,-0.072378970682621,0.0011317133903503418,0.034327682107686996,0.05596864968538284,-0.0199925284832716,-0.07227879017591476,1.9881411790847778,0.6404972076416016,0.034309022128582,0.014923319220542908,0.00-0.05,False,True,False,True,True,False,False,False,True,0.05397680774331093,-0.025036051869392395,0.11841659992933273,0.03662412613630295,0.1793539673089981,0.23999999463558197,0.05596864968538284,-0.020036282017827034,0.020036282017827034,0.020820559933781624,0.06262234598398209,0.065988689661026,0.05547809600830078,0.059560101479291916,0.0005980199784971774,0.0027594470884650946,0.03421659395098686,0.0017935396172106266,0.00926700234413147,0.05702943354845047,0.05777709186077118,0.06130816414952278,2-4deg,0.04-0.08,0.0,0.0,0.0,0.0
52,3,True,True,0.041273247450590134,0.03961532562971115,0.021849798038601875,0.16591040790081024,3.359999895095825,1.4310150146484375,0.24608370661735535,0.005531483795493841,-0.003383348695933819,0.16591040790081024,0.021849798038601875,-0.019983185455203056,0.009245464578270912,1.392941951751709,0.4290374517440796,0.1658758968114853,0.1603633165359497,>=0.15,False,True,False,True,True,False,False,False,True,0.018751107156276703,-6.264320836635306e-05,0.07654369622468948,0.4115850627422333,0.4115850627422333,0.05999999865889549,0.021849798038601875,-0.02006101794540882,0.02006101794540882,0.001043542637489736,0.0023374203592538834,0.002560569206252694,0.018468955531716347,0.002560569206252694,0.0003452669770922512,-0.002959924517199397,0.16588400304317474,0.004115850664675236,0.0017812787555158138,0.0023493540938943624,0.0029499635566025972,0.01841835491359234,0-2deg,0.00-0.04,0.0,0.0,0.0,0.0
53,19,True,True,0.08084533363580704,0.07962074130773544,0.07294336706399918,0.13637328147888184,1.5999999046325684,1.443752646446228,0.3855374753475189,-0.008723859675228596,0.04212744161486626,0.13637328147888184,0.07294336706399918,-0.020042836666107178,-0.04949769005179405,0.8719217777252197,0.3744734823703766,0.1297033131122589,0.1404789835214615,0.10-0.15,False,True,False,True,True,False,False,False,True,0.07469739019870758,-0.22411508858203888,0.1221955195069313,0.0898231789469719,0.7873203754425049,0.07999999821186066,0.07294336706399918,-0.02023845911026001,0.02023845911026001,0.026783520355820656,-0.06815104186534882,0.07321783900260925,0.031018001958727837,0.063108429312706,0.0013372133253142238,0.03277870640158653,0.1323753297328949,0.007873203605413437,0.025252096354961395,-0.06919323652982712,0.07365003973245621,0.030735833570361137,4-6deg,0.00-0.04,0.0,0.0,0.0,0.0
54,49,True,True,0.11004742234945297,0.06516700983047485,0.10435275733470917,0.24046924710273743,3.43999981880188,1.2572180032730103,0.20925858616828918,-0.06914199143648148,-0.004037335515022278,0.24046924710273743,0.10435275733470917,-0.019985320046544075,-0.05887425318360329,1.0667966604232788,0.3592027723789215,0.24043536186218262,0.2629297971725464,>=0.15,False,True,False,True,True,False,False,False,True,0.08346398174762726,-0.08451874554157257,0.10731976479291916,0.08568930625915527,0.5033125877380371,0.1599999964237213,0.10435275733470917,-0.02007926255464554,0.02007926255464554,0.02130209468305111,-0.038337111473083496,0.04385513812303543,0.048621803522109985,0.04696570336818695,0.0009134905994869769,-0.00036701769568026066,0.24046897888183594,0.005033125635236502,0.014428695663809776,-0.038341280072927475,0.04096468538045883,0.049608051776885986,2-4deg,0.04-0.08,0.0,0.0006905339541845024,0.0,0.0
55,38,True,True,0.0473165437579155,0.046602390706539154,0.031832143664360046,0.14604584872722626,3.6399998664855957,1.5225850343704224,0.2710058093070984,0.004084672313183546,0.010310164652764797,0.14604584872722626,0.031832143664360046,-0.019994381815195084,-0.007189907133579254,1.5325813293457031,0.4001319110393524,0.1456814706325531,0.14425338804721832,0.10-0.15,False,True,False,True,True,False,False,False,True,0.03122689574956894,-0.1015520915389061,0.32890135049819946,0.04810887947678566,0.5129364132881165,0.9399999976158142,0.031832143664360046,-0.019994381815195084,0.019994381815195084,0.0073089394718408585,0.028766948729753494,0.02967999503016472,0.04232625663280487,0.11076031625270844,0.0003452669770922512,0.012929570861160755,0.14547237753868103,0.005129363853484392,-0.01783106103539467,-0.003443470923230052,0.018162081018090248,0.04354503005743027,0-2deg,0.04-0.08,0.0,0.0,0.0,0.0
56,21,False,False,0.19794867932796478,0.19794867932796478,0.0,0.0,1.6399999856948853,1.6460353136062622,0.6065704822540283,-0.3980701267719269,-0.6767831444740295,1.1990705728530884,0.17433446645736694,0.006429227069020271,0.17076708376407623,1.8870258331298828,1.1275798082351685,0.9898154735565186,0.14773570001125336,0.10-0.15,True,True,False,True,False,False,False,True,True,0.17433446645736694,-0.6384612321853638,1.0149568319320679,0.32863283157348633,0.32863283157348633,0.0,0.17433446645736694,0.006429227069020271,0.0,0.037493277341127396,0.010030374862253666,0.038810811936855316,0.03297886997461319,0.4656356871128082,0.4656356871128082,-0.6384612321853638,1.0149568319320679,0.0032863281667232513,0.037493277341127396,0.010030374862253666,0.038810811936855316,0.03297886997461319,2-4deg,0.00-0.04,0.0,0.0,0.0,0.0
57,50,True,True,0.09831798821687698,0.07138696312904358,0.09097189456224442,0.06367219984531403,3.6599998474121094,1.1416852474212646,0.30000102519989014,-0.06512760370969772,-0.030633684247732162,0.06367219984531403,0.09097189456224442,-0.01731199026107788,-0.03664759546518326,0.6053317785263062,0.27947279810905457,0.05581868439912796,0.18055441975593567,>=0.15,False,True,False,True,True,False,False,False,True,0.09022220224142075,-0.06779618561267853,0.07810480892658234,0.05085315927863121,0.05085315927863121,0.05999999865889549,0.09097189456224442,-0.01731199026107788,0.01731199026107788,-0.0025101229548454285,0.06270098686218262,0.06275111436843872,0.0480925589799881,0.06832119077444077,0.03803498297929764,-0.034151341766119,0.05373857542872429,0.0005085315788164735,-0.0016804495826363564,0.06439897418022156,0.06442078948020935,0.0463949590921402,2-4deg,0.04-0.08,0.0,0.0006905339541845024,0.0,0.0
58,6,True,True,0.047801822423934937,0.04265006631612778,0.03255880996584892,0.1961648166179657,3.7799999713897705,1.5338000059127808,0.288647323846817,0.00465775839984417,-0.0016905316151678562,0.1961648166179657,0.03255880996584892,-0.01999402418732643,0.006665406282991171,1.3163193464279175,0.3233153820037842,0.1961575299501419,0.1926262080669403,>=0.15,False,True,False,True,True,False,False,False,True,0.025107035413384438,-0.16533884406089783,0.028887445107102394,0.08669573068618774,0.16672903299331665,0.11999999731779099,0.03255880996584892,-0.01999402418732643,0.01999402418732643,-0.05797917768359184,0.038329970091581345,0.06949161738157272,0.03949541971087456,0.07954038679599762,0.0,0.011225521564483643,0.19584336876869202,0.0016672903439030051,-0.055632319301366806,0.041468992829322815,0.06937477737665176,0.038970883935689926,2-4deg,0.00-0.04,0.0,0.0006905339541845024,0.0,0.0
59,28,True,True,0.12305917590856552,0.1158902645111084,0.11801651865243912,0.2450791299343109,1.8799999952316284,1.6278557777404785,0.44675976037979126,0.0026959392707794905,-0.02765752002596855,0.2450791299343109,0.11801651865243912,-0.01989118382334709,0.030616723001003265,0.7905518412590027,0.47596919536590576,0.2435135394334793,0.1606031060218811,>=0.15,False,True,False,True,True,False,False,False,True,0.11631050705909729,-0.2112601101398468,0.5092571973800659,0.04392732307314873,0.14866270124912262,0.17999999225139618,0.11801651865243912,-0.020032012835144997,0.020032012835144997,0.006431090645492077,-0.023647814989089966,0.024507272988557816,0.040804073214530945,0.16450166702270508,0.0021836606319993734,-0.025180498138070107,0.2437821328639984,0.0014866270357742906,0.01228847075253725,-0.020613327622413635,0.02399849332869053,0.04161608964204788,0-2deg,0.04-0.08,0.0,0.0,0.0,0.0
60,1,True,True,0.10875015705823898,0.10197871178388596,0.10286419838666916,0.18560382723808289,1.6799999475479126,1.710471510887146,0.567421555519104,-0.010370566509664059,-0.15284599363803864,0.18560382723808289,0.10286419838666916,-0.019703660160303116,0.142699733376503,0.5520992875099182,0.36147594451904297,0.10529427230358124,0.14530569314956665,0.10-0.15,False,True,False,True,True,False,False,False,True,0.09595301002264023,-0.430866539478302,0.37010571360588074,0.1348339319229126,0.1348339319229126,0.09999999403953552,0.10286419838666916,-0.019703660160303116,0.019703660160303116,-0.012355701066553593,0.005414597224444151,0.013492047786712646,0.06502537429332733,0.01944591850042343,0.004270719829946756,-0.15261195600032806,0.1056331917643547,0.0013483392540365458,-0.016672568395733833,0.008246255107223988,0.018599875271320343,0.06398598849773407,0-2deg,0.04-0.08,0.0,0.0,0.0,0.0
61,48,True,True,0.04537265747785568,0.04537265747785568,0.028893357142806053,0.20035532116889954,3.879999876022339,1.2414085865020752,0.20121562480926514,0.010803730227053165,-0.06403157114982605,0.20035532116889954,0.028893357142806053,-0.019997742027044296,0.07488159090280533,0.8503885865211487,0.3009006977081299,0.18984787166118622,0.1873042732477188,>=0.15,False,True,False,True,True,False,False,False,True,0.03591793775558472,-0.06484369188547134,0.19157543778419495,0.1963491290807724,0.23734575510025024,0.05999999865889549,0.028893357142806053,-0.02000785619020462,0.02000785619020462,-0.006062474101781845,0.009306097403168678,0.011107784695923328,0.01011409517377615,0.00048828125,0.0006905339541845024,-0.06605526804924011,0.1891532689332962,0.002373457420617342,-0.006432016845792532,0.009146105498075485,0.01118265837430954,0.010020095854997635,0-2deg,0.00-0.04,0.0,0.0,0.0,0.0
62,36,True,True,0.035069216042757034,0.035069216042757034,0.0022549666464328766,0.061434827744960785,1.4800000190734863,1.4213533401489258,0.4143306314945221,0.0040390389040112495,-0.04126518964767456,0.061434827744960785,0.0022549666464328766,-0.02000296488404274,0.04526917636394501,0.4189624786376953,0.2554410398006439,0.045512884855270386,0.04229971021413803,0.00-0.05,False,True,False,True,True,False,False,False,True,0.0038283762987703085,-0.02690920978784561,0.04090532287955284,0.5296564698219299,0.5296564698219299,0.05999999865889549,0.0022549666464328766,-0.020067857578396797,0.020067857578396797,-0.03771298751235008,0.02883601374924183,0.04746956005692482,0.046538304537534714,0.001691456069238484,0.00048828125,-0.042088355869054794,0.04475274682044983,0.005296564660966396,-0.03594833239912987,0.028208358213305473,0.04569024592638016,0.04710423946380615,2-4deg,0.04-0.08,0.0,0.0,0.0,0.0
63,59,True,True,0.08504053950309753,0.08235132694244385,0.07751134783029556,0.15558375418186188,1.959999918937683,1.4247705936431885,0.4817052185535431,-0.010615278966724873,-0.1249721497297287,0.15558375418186188,0.07751134783029556,-0.02002113126218319,0.11459733545780182,1.0165013074874878,0.42807403206825256,0.0926729142665863,0.09765017777681351,0.05-0.10,False,True,False,True,True,False,False,False,True,0.08521903306245804,-0.332544207572937,0.40270715951919556,0.09143226593732834,0.1405961662530899,0.2199999988079071,0.07751134783029556,-0.02002113126218319,0.02002113126218319,0.0286492258310318,-4.6065131755312905e-05,0.028649818152189255,0.016068926081061363,0.11214456707239151,0.0005980199784971774,-0.12497550994157791,0.09266837686300278,0.0014059615787118673,0.027862338349223137,-0.003233409021049738,0.02804841659963131,0.01701199822127819,0-2deg,0.00-0.04,0.0,0.0,0.0,0.0
64,62,True,True,0.06926049292087555,0.059964828193187714,0.05976491421461105,0.19696222245693207,3.9800000190734863,1.4477452039718628,0.3084523677825928,0.0017768231919035316,-0.04092685505747795,0.19696222245693207,0.05976491421461105,-0.02000514790415764,0.0447688028216362,1.590322494506836,0.5223317742347717,0.19266320765018463,0.188405379652977,>=0.15,False,True,False,True,True,False,False,False,True,0.04864869266748428,-0.2209852635860443,0.329425573348999,0.12655988335609436,0.21541935205459595,0.09999999403953552,0.05976491421461105,-0.02000514790415764,0.02000514790415764,0.024757182225584984,0.03699347376823425,0.0445096455514431,0.031840208917856216,0.004955518525093794,0.0,-0.04266497492790222,0.19228577613830566,0.0021541935857385397,0.026281995698809624,0.03493780270218849,0.04371624439954758,0.03215660899877548,2-4deg,0.00-0.04,0.0,0.0,0.0,0.0
65,35,True,True,0.05806396156549454,0.04692189395427704,0.04631447792053223,0.20940470695495605,3.1599998474121094,1.3766790628433228,0.2744573950767517,0.011501191183924675,0.04803013801574707,0.20940470695495605,0.04631447792053223,-0.019987361505627632,-0.03696416690945625,1.0148694515228271,0.3376143276691437,0.203822061419487,0.20286142826080322,>=0.15,False,True,False,True,True,False,False,False,True,0.029773494228720665,-0.10383045673370361,0.028241470456123352,0.09087865054607391,0.39029911160469055,0.19999998807907104,0.04631447792053223,-0.02005472593009472,0.02005472593009472,-0.06954637169837952,0.04133813828229904,0.08088752627372742,0.03828231245279312,0.0840616300702095,0.00048828125,0.06151752546429634,0.20016475021839142,0.003902991069480777,-0.06270953267812729,0.04435550048947334,0.07679401338100433,0.0451967716217041,4-6deg,0.00-0.04,0.0,0.0,0.0,0.0
66,60,True,True,0.03793935477733612,0.03603605180978775,0.01461905986070633,0.16713066399097443,1.959999918937683,1.0609698295593262,0.3807212710380554,0.005174039863049984,-0.022358743473887444,0.16713066399097443,0.01461905986070633,-0.01998991146683693,0.0268672127276659,0.6009548306465149,0.22936877608299255,0.1656283289194107,0.161787211894989,>=0.15,False,True,False,True,True,False,False,False,True,0.006291854660958052,-0.18562491238117218,0.05335771664977074,0.09278909862041473,0.38730576634407043,0.09999999403953552,0.01461905986070633,-0.02001430094242096,0.02001430094242096,-0.05218309164047241,-0.0007618464878760278,0.05218809098005295,0.040582675486803055,0.0681200921535492,0.0,-0.014817309565842152,0.16647253930568695,0.0038730576634407043,-0.04881312698125839,-0.0009322447585873306,0.04882198944687843,0.043738964945077896,2-4deg,0.04-0.08,0.0,0.0,0.0,0.0
67,54,True,True,0.08690145611763,0.0868910551071167,0.07917560636997223,0.11842595785856247,2.0199999809265137,1.3251547813415527,0.3408045172691345,-0.002955659059807658,-0.11501988768577576,0.11842595785856247,0.07917560636997223,-0.019679071381688118,0.11199161410331726,0.9643651843070984,0.44139379262924194,0.02819810062646866,0.06119341403245926,0.05-0.10,False,True,False,True,True,False,False,False,True,0.08281354606151581,-0.3273850381374359,0.3300759494304657,0.05864396691322327,0.06939965486526489,0.09999999403953552,0.07917560636997223,-0.019868677482008934,0.019868677482008934,0.044171325862407684,0.056783683598041534,0.07192642241716385,0.041643176227808,0.012978639453649521,0.0064593651331961155,-0.1128234937787056,0.035993993282318115,0.0006939965533092618,0.04116307571530342,0.055120546370744705,0.0687815248966217,0.0442662388086319,4-6deg,0.04-0.08,0.0,0.0,0.0,0.0
68,0,True,True,0.05737290158867836,0.05604269728064537,0.045452456921339035,0.03511442244052887,2.059999942779541,1.3202359676361084,0.3993969261646271,0.0020005316473543644,0.006317924242466688,0.03511442244052887,0.045452456921339035,-0.019994501024484634,-0.004119414836168289,0.5734861493110657,0.31245651841163635,0.03454137220978737,0.035023536533117294,0.00-0.05,False,True,False,True,True,False,False,False,True,0.04446069523692131,0.009748300537467003,0.059168606996536255,0.038991864770650864,0.10659108310937881,0.05999999865889549,0.045452456921339035,-0.019994501024484634,0.019994501024484634,-0.005684182979166508,-0.007388068363070488,0.009322241879999638,0.004141712561249733,0.002013235352933407,0.0,0.006402401719242334,0.03452581167221069,0.0010659107938408852,-0.005664472468197346,-0.007550020702183247,0.009436631575226784,0.004015866667032242,0-2deg,0.00-0.04,0.0,0.0,0.0,0.0
69,61,True,True,0.05971812829375267,0.05728211998939514,0.04837114363908768,0.16139572858810425,4.059999942779541,1.261817216873169,0.22480830550193787,0.0015682131052017212,0.02190220169723034,0.16139572858810425,0.04837114363908768,-0.019985537976026535,-0.02045127935707569,0.8526836633682251,0.2440914809703827,0.15990270674228668,0.15716636180877686,>=0.15,False,True,False,True,True,False,False,False,True,0.04599566012620926,-0.08633309602737427,0.07185573875904083,0.03211847320199013,0.24183079600334167,0.07999999821186066,0.04837114363908768,-0.020156895741820335,0.020156895741820335,0.01398859079927206,0.05990303307771683,0.0615127868950367,0.02136698178946972,0.03414645045995712,0.00048828125,0.012737653218209743,0.1608923226594925,0.0024183078203350306,0.01496953796595335,0.0590347982943058,0.060900840908288956,0.022325504571199417,2-4deg,0.00-0.04,0.0,0.0,0.0,0.0
70,29,True,True,0.12195060402154922,0.10410626977682114,0.11713114380836487,0.25891879200935364,1.6200000047683716,1.433593988418579,0.4125632643699646,0.006683059502393007,0.025762051343917847,0.25891879200935364,0.11713114380836487,-0.018633631989359856,-0.020350433886051178,0.5752109289169312,0.26553094387054443,0.2576339840888977,0.12905210256576538,0.10-0.15,False,True,False,True,True,False,False,False,True,0.09842617064714432,-0.06886419653892517,0.42550382018089294,0.028505098074674606,0.06975629925727844,0.19999998807907104,0.11713114380836487,-0.019959362223744392,0.019959362223744392,-0.024188142269849777,-0.026388203725218773,0.03579495847225189,0.04350295662879944,0.0405021570622921,0.02426036074757576,0.015184961259365082,0.25847312808036804,0.0006975629949010909,-0.025010032579302788,-0.03379639610648155,0.04204067960381508,0.03918192908167839,2-4deg,0.04-0.08,0.0,0.0,0.0,0.0
71,53,True,True,0.06387437880039215,0.05161728709936142,0.05321741849184036,0.14780160784721375,3.4600000381469727,1.1552611589431763,0.3101159334182739,-0.10988710075616837,0.013180702924728394,0.14780160784721375,0.05321741849184036,-0.019724462181329727,-0.1217757984995842,1.5724066495895386,0.5477035045623779,0.14721272885799408,0.1213788315653801,0.10-0.15,False,True,False,True,True,False,False,False,True,0.04100539907813072,-0.024558808654546738,0.09027288109064102,0.09240783005952835,0.2640513479709625,0.41999998688697815,0.05321741849184036,-0.020040877163410187,0.020040877163410187,0.02969902753829956,0.07110493630170822,0.07704842835664749,0.009202778339385986,0.014177101664245129,0.004931403789669275,0.014769967645406723,0.1470617800951004,0.0026405134703963995,0.027409786358475685,0.06561288982629776,0.07110057771205902,0.02045908197760582,4-6deg,0.00-0.04,0.0,0.0,0.0,0.0
72,57,True,True,0.06878428906202316,0.06878428906202316,0.05919897183775902,0.09056146442890167,0.9399999976158142,1.047571063041687,0.5547699928283691,0.004967072978615761,-0.08942142128944397,0.09056146442890167,0.05919897183775902,-0.020009007304906845,0.09459982812404633,0.7063489556312561,0.27914342284202576,0.014324413612484932,0.02267378196120262,0.00-0.05,False,True,False,True,True,False,False,False,True,0.06102774664759636,-0.5308053493499756,0.6217594742774963,0.10832545906305313,0.2757812440395355,0.09999999403953552,0.05919897183775902,-0.020009007304906845,0.020009007304906845,0.03940289095044136,-0.03723672032356262,0.05420695245265961,0.028486572206020355,0.020236052572727203,0.0006905339541845024,-0.08867470175027847,0.01838957704603672,0.0027578123845160007,0.03796631470322609,-0.039026595652103424,0.054440777748823166,0.02891448512673378,2-4deg,0.00-0.04,0.0,0.0,0.0,0.0
73,14,True,True,0.06232862174510956,0.041788335889577866,0.05161095783114433,0.18541640043258667,4.339999675750732,1.3050907850265503,0.2020888775587082,-0.0339193157851696,0.06562221050262451,0.18541640043258667,0.05161095783114433,-0.02008059434592724,-0.0998796597123146,1.778813123703003,0.3873146176338196,0.17341560125350952,0.17840158939361572,>=0.15,False,True,False,True,True,False,False,False,True,0.022319916635751724,-0.08669400215148926,0.06662911176681519,0.08938801288604736,0.33509689569473267,0.19999998807907104,0.05161095783114433,-0.020137572661042213,0.020137572661042213,0.014349066652357578,0.006284216418862343,0.015663260594010353,0.007511939387768507,0.009225835092365742,0.001091830083169043,0.06330673396587372,0.17427422106266022,0.003350968938320875,0.013397538103163242,0.007331585045903921,0.015274066478013992,0.008271846920251846,0-2deg,0.00-0.04,0.0,0.0,0.0,0.0
74,15,True,True,0.052998676896095276,0.04476878046989441,0.0398632250726223,0.20268882811069489,4.339999675750732,1.3299773931503296,0.2750677764415741,0.0024828810710459948,0.06724432110786438,0.20268882811069489,0.0398632250726223,-0.02005155384540558,-0.06451018154621124,1.4092150926589966,0.41013744473457336,0.19120921194553375,0.18487784266471863,>=0.15,False,True,False,True,True,False,False,False,True,0.027128858491778374,-0.04264141246676445,0.07244361191987991,0.058589741587638855,0.408864289522171,0.14000000059604645,0.0398632250726223,-0.020077424123883247,0.020077424123883247,-0.036335911601781845,0.011541084386408329,0.03812422603368759,0.019547466188669205,0.014373352751135826,0.0013810680247843266,0.0663110613822937,0.1915348619222641,0.004088643006980419,-0.03847171738743782,0.01210639625787735,0.04033103957772255,0.01725447177886963,2-4deg,0.00-0.04,0.0,0.0,0.0,0.0
75,40,True,True,0.04477541148662567,0.04477541148662567,0.027968155220150948,0.2506956160068512,4.380000114440918,1.103002667427063,0.20607727766036987,0.008249405771493912,-0.08891332149505615,0.2506956160068512,0.027968155220150948,-0.020009690895676613,0.09720873087644577,1.2082065343856812,0.384004145860672,0.23439860343933105,0.22670318186283112,>=0.15,False,True,False,True,True,False,False,False,True,0.03703415393829346,-0.07909056544303894,0.21476684510707855,0.022090962156653404,0.30150720477104187,0.05999999865889549,0.027968155220150948,-0.02001647837460041,0.02001647837460041,-0.05806061625480652,-0.020306769758462906,0.0615059994161129,0.021431665867567062,0.002868003910407424,0.0008457279182039201,-0.09292333573102951,0.2328380048274994,0.0030150720849633217,-0.05890008807182312,-0.02028462290763855,0.06229129433631897,0.020556021481752396,2-4deg,0.00-0.04,0.0,0.0,0.0,0.0
76,46,True,True,0.04473753273487091,0.04473753273487091,0.027898693457245827,0.12517012655735016,4.559999942779541,0.9479088187217712,0.17590981721878052,-0.009462594985961914,-0.07640857994556427,0.12517012655735016,0.027898693457245827,-0.02001860737800598,0.06615596264600754,0.5600885152816772,0.2393852025270462,0.09914277493953705,0.12681983411312103,0.10-0.15,False,True,False,True,True,False,False,False,True,0.034087907522916794,-0.11536119133234024,0.17853808403015137,0.023638153448700905,0.10260471701622009,0.07999999821186066,0.027898693457245827,-0.02001860737800598,0.02001860737800598,0.07670439034700394,-0.006320495158433914,0.07696396857500076,0.006131740286946297,0.011601241305470467,0.0003452669770922512,-0.08281198143959045,0.0938601940870285,0.0010260471608489752,0.07635233551263809,-0.006055704317986965,0.07659174501895905,0.008637811057269573,4-6deg,0.00-0.04,0.0,0.0,0.0,0.0
77,55,True,True,0.06115828454494476,0.05923036113381386,0.05017414689064026,0.12433578819036484,1.9199999570846558,1.2343363761901855,0.35505351424217224,-0.002102322643622756,-0.048641499131917953,0.12433578819036484,0.05017414689064026,-0.02001420222222805,0.04518715664744377,0.36514532566070557,0.2520821988582611,0.11442635953426361,0.11448117345571518,0.10-0.15,False,True,False,True,True,False,False,False,True,0.04749678820371628,-0.1499660611152649,0.2200218141078949,0.043333567678928375,0.3304300308227539,0.07999999821186066,0.05017414689064026,-0.02009359933435917,0.02009359933435917,0.04882469028234482,-0.0012017718981951475,0.048839081078767776,0.024157915264368057,0.04844927787780762,0.0003452669770922512,-0.04991202801465988,0.11387790739536285,0.00330430013127625,0.04733344539999962,-0.001199137419462204,0.04734882339835167,0.02554318681359291,2-4deg,0.00-0.04,0.0,0.0,0.0,0.0
78,31,True,True,0.09433995932340622,0.08430829644203186,0.08758608251810074,0.2274446189403534,2.379999876022339,1.580694556236267,0.43756455183029175,-0.02757546864449978,-0.1774379462003708,0.2274446189403534,0.08758608251810074,-0.019907841458916664,0.14774498343467712,0.9044135808944702,0.41119256615638733,0.1422913670539856,0.11222773045301437,0.10-0.15,False,True,False,True,True,False,False,False,True,0.0769142434000969,-0.39714884757995605,0.14868579804897308,0.11014437675476074,0.11014437675476074,0.11999999731779099,0.08758608251810074,-0.0199546217918396,0.0199546217918396,0.07497541606426239,-0.015457401983439922,0.07654966413974762,0.004175099078565836,0.12883710861206055,0.0012448779307305813,-0.16613517701625824,0.15533886849880219,0.0011014437768608332,0.07469732314348221,-0.01502085942775011,0.07618951797485352,0.0062872362323105335,4-6deg,0.00-0.04,0.0,0.0,0.0,0.0
79,58,True,True,0.039673320949077606,0.03805125877261162,0.01867024600505829,0.15741640329360962,3.179999828338623,1.327926516532898,0.25051090121269226,0.0028423815965652466,0.013998167589306831,0.15741640329360962,0.01867024600505829,-0.019995786249637604,-0.010882490314543247,0.9103461503982544,0.31516939401626587,0.1567927896976471,0.18142293393611908,>=0.15,False,True,False,True,True,False,False,False,True,0.016308261081576347,-0.15178877115249634,0.08233565092086792,0.057906411588191986,0.16980993747711182,0.14000000059604645,0.01867024600505829,-0.02001229114830494,0.02001229114830494,-0.002702242461964488,-0.07956921309232712,0.07961460947990417,0.04437217116355896,0.08820967376232147,0.0,0.0023280256427824497,0.15739919245243073,0.001698099309578538,0.0021928364876657724,-0.07704448699951172,0.0770755186676979,0.047596681863069534,4-6deg,0.04-0.08,0.0,0.0,0.0,0.0
80,5,True,True,0.054014746099710464,0.046851202845573425,0.04113597050309181,0.22166307270526886,2.180000066757202,1.5318191051483154,0.38887137174606323,-0.0044480422511696815,-0.12263257801532745,0.22166307270526886,0.04113597050309181,-0.020020131021738052,0.1184951588511467,1.4560905694961548,0.4909299314022064,0.18465039134025574,0.1921398788690567,>=0.15,False,True,False,True,True,False,False,False,True,0.031229447573423386,-0.23997166752815247,0.17504291236400604,0.193303182721138,0.2402559220790863,0.07999999821186066,0.04113597050309181,-0.020043684169650078,0.020043684169650078,0.000787315599154681,0.007193129044026136,0.007234162651002407,0.01157772820442915,0.0015049839857965708,0.001035800902172923,-0.12129799276590347,0.18552981317043304,0.002402559155598283,0.0012473664246499538,0.007704509422183037,0.007804886903613806,0.01134802121669054,0-2deg,0.00-0.04,0.0,0.0,0.0,0.0
81,22,True,True,0.10829734057188034,0.08335749804973602,0.10233262181282043,0.06137639656662941,2.6599998474121094,1.4641005992889404,0.34199661016464233,0.0022477484308183193,-0.04009278118610382,0.06137639656662941,0.10233262181282043,-0.019846497103571892,0.04456034302711487,1.1790210008621216,0.39751219749450684,0.04647183045744896,0.07875804603099823,0.05-0.10,False,True,False,True,True,False,False,False,True,0.0833633542060852,-0.0338464230298996,0.27020299434661865,0.040722668170928955,0.042539067566394806,0.25999999046325684,0.10233262181282043,-0.019981591030955315,0.019981591030955315,-0.07566998153924942,-0.02802830934524536,0.08068440854549408,0.04700106382369995,0.02456558123230934,0.0030881629791110754,-0.0430862121284008,0.04371087625622749,0.0004253906663507223,-0.06920871138572693,-0.03744938597083092,0.07867677509784698,0.04826417192816734,4-6deg,0.04-0.08,0.0,0.0006905339541845024,0.0,0.0
82,56,True,True,0.048639293760061264,0.04623113572597504,0.033768173307180405,0.20259204506874084,2.679999828338623,1.307742953300476,0.35187074542045593,0.0028154586907476187,-0.011582817882299423,0.20259204506874084,0.033768173307180405,-0.019986072555184364,0.012665984220802784,0.6410799026489258,0.3685356676578522,0.20226067304611206,0.19669793546199799,>=0.15,False,True,False,True,True,False,False,False,True,0.03040521778166294,-0.03445495665073395,0.10543441772460938,0.47796785831451416,0.47796785831451416,0.05999999865889549,0.033768173307180405,-0.02013573981821537,0.02013573981821537,0.03176737204194069,0.02189406007528305,0.038579702377319336,0.06917643547058105,0.0013810680247843266,0.00048828125,-0.006058283615857363,0.20250144600868225,0.004779678303748369,0.028982119634747505,0.021871399134397507,0.036307599395513535,0.0700775757431984,2-4deg,0.04-0.08,0.0,0.0,0.0,0.0
83,61,True,False,0.13047264516353607,0.13047264516353607,0.0,0.0,0.9199999570846558,1.4445525407791138,0.7749055027961731,-0.5074905157089233,-0.6225607991218567,0.7178104519844055,0.12670069932937622,-0.014698842540383339,0.10897447168827057,0.40372171998023987,0.2944752871990204,0.3573092222213745,0.24721959233283997,>=0.15,True,True,False,True,False,False,False,True,True,0.12670069932937622,-0.6202980279922485,0.3612233102321625,0.18486014008522034,0.18486014008522034,0.0,0.12670069932937622,-0.014698842540383339,0.014698842540383339,0.019699767231941223,0.053404442965984344,0.0569191612303257,0.00626616133376956,0.1011957973241806,0.1011957973241806,-0.6202980279922485,0.3612233102321625,0.0018486013868823647,0.019699767231941223,0.053404442965984344,0.0569191612303257,0.00626616133376956,2-4deg,0.00-0.04,0.0,0.0,0.0,0.0
84,10,True,True,0.050496507436037064,0.047481048852205276,0.03640170022845268,0.14417782425880432,2.240000009536743,1.2538245916366577,0.4023961126804352,0.009433591738343239,-0.05942082777619362,0.14417782425880432,0.03640170022845268,-0.019999345764517784,0.06714468449354172,0.8616786003112793,0.3460882306098938,0.1313636600971222,0.1220264583826065,0.10-0.15,False,True,False,True,True,False,False,False,True,0.03178994357585907,-0.20222437381744385,0.07415755838155746,0.08440779894590378,0.2759161591529846,0.07999999821186066,0.03640170022845268,-0.019999878481030464,0.019999878481030464,-0.0028501495253294706,0.018628323450684547,0.018845025449991226,0.05735907331109047,0.0045674568973481655,0.0005980199784971774,-0.05883149430155754,0.13162866234779358,0.002759161638095975,-0.0029221565928310156,0.015160017646849155,0.01544096227735281,0.058245763182640076,0-2deg,0.04-0.08,0.0,0.0,0.0,0.0
85,7,True,True,0.07422931492328644,0.07337548583745956,0.06547637283802032,0.15587295591831207,2.799999952316284,1.140925407409668,0.24167101085186005,-0.004037071950733662,-0.12098351866006851,0.15587295591831207,0.06547637283802032,-0.020024431869387627,0.11577581614255905,0.4868236482143402,0.2213030606508255,0.09828208386898041,0.08404208719730377,0.05-0.10,False,True,False,True,True,False,False,False,True,0.067537322640419,-0.18670403957366943,0.17624647915363312,0.0661519393324852,0.1709403693675995,0.09999999403953552,0.06547637283802032,-0.020024431869387627,0.020024431869387627,0.0006866725743748248,0.03929104655981064,0.03929779678583145,0.015527288429439068,0.06618274748325348,0.0005980199784971774,-0.12082463502883911,0.09847734123468399,0.0017094037029892206,0.0005730828852392733,0.03798827528953552,0.03799263387918472,0.017156612128019333,2-4deg,0.00-0.04,0.0,0.0,0.0,0.0
86,43,True,True,0.04458678886294365,0.03891032934188843,0.027531927451491356,0.10890630632638931,3.299999952316284,1.2306337356567383,0.32749754190444946,-0.056146297603845596,0.01618734374642372,0.10890630632638931,0.027531927451491356,-0.019875744357705116,-0.07007493078708649,0.6649332046508789,0.29739028215408325,0.10769657790660858,0.13725672662258148,0.10-0.15,False,True,False,True,True,False,False,False,True,0.010429862886667252,-0.07794574648141861,0.07844670116901398,0.06375882774591446,0.09161639958620071,0.19999998807907104,0.027531927451491356,-0.019875744357705116,0.019875744357705116,-0.008688115514814854,-0.041593316942453384,0.042490679770708084,0.04078320786356926,0.04937336593866348,0.0021283691748976707,0.014001034200191498,0.10800256580114365,0.0009161639609374106,-0.0077949450351297855,-0.04831647127866745,0.04894031211733818,0.034436848014593124,2-4deg,0.04-0.08,0.0,0.0,0.0,0.0
87,24,True,True,0.0700070708990097,0.0700070708990097,0.060650721192359924,0.11040861159563065,2.5199999809265137,1.571691870689392,0.39806175231933594,-0.04235740005970001,0.0010922662913799286,0.11040861159563065,0.060650721192359924,-0.020026911050081253,-0.03837641328573227,1.4938888549804688,0.6233027577400208,0.11040320992469788,0.16624893248081207,>=0.15,False,True,False,True,True,False,False,False,True,0.06982958316802979,-0.2568574845790863,0.4263744354248047,0.11381658166646957,0.5510587692260742,0.07999999821186066,0.060650721192359924,-0.020158514380455017,0.020158514380455017,-0.06092626973986626,-0.08228585869073868,0.10234569758176804,0.04691636562347412,0.0383782796561718,0.0003452669770922512,0.007030968554317951,0.11018452048301697,0.005510587710887194,-0.05802454799413681,-0.0822557881474495,0.10062423348426819,0.04980671778321266,4-6deg,0.04-0.08,0.0,0.0,0.0,0.0
88,44,True,True,0.037862926721572876,0.037862926721572876,0.014464304782450199,0.14499986171722412,3.1399998664855957,1.2430717945098877,0.28454846143722534,0.015330741181969643,0.05094413831830025,0.14499986171722412,0.014464304782450199,-0.020005622878670692,-0.0354420430958271,0.6156764626502991,0.25680139660835266,0.13575586676597595,0.13150416314601898,0.10-0.15,False,True,False,True,True,False,False,False,True,0.016345474869012833,-0.015262594446539879,0.030240360647439957,0.2699652910232544,0.32741644978523254,0.05999999865889549,0.014464304782450199,-0.02015623450279236,0.02015623450279236,0.0030833811033517122,0.00579847814515233,0.006569163873791695,0.04386458918452263,0.0011451211757957935,0.0009765625,0.050433091819286346,0.13594654202461243,0.0032741643954068422,0.0013337343698367476,0.005934759043157101,0.006079061888158321,0.04387856274843216,0-2deg,0.04-0.08,0.0,0.0,0.0,0.0
89,13,True,True,0.06674113869667053,0.06625369191169739,0.05651561915874481,0.17624431848526,2.359999895095825,1.682973027229309,0.3311361074447632,-0.004651674535125494,-0.14350134134292603,0.17624431848526,0.05651561915874481,-0.019747378304600716,0.13697558641433716,0.5921546220779419,0.2776881456375122,0.10232019424438477,0.18773023784160614,>=0.15,False,True,False,True,True,False,False,False,True,0.0573885515332222,-0.21342360973358154,0.1881728172302246,0.03132252395153046,0.09651283174753189,0.07999999821186066,0.05651561915874481,-0.01999993622303009,0.01999993622303009,0.033312950283288956,-0.00414850190281868,0.03357068821787834,0.03577789291739464,0.022947123274207115,0.005167488474398851,-0.14117693901062012,0.10550414770841599,0.0009651283035054803,0.0321304015815258,-0.002342840190976858,0.03221500664949417,0.036161214113235474,0-2deg,0.00-0.04,0.0,0.0,0.0,0.0
90,63,True,True,0.06144040450453758,0.05795783922076225,0.050485432147979736,0.0958428606390953,3.0,1.2794691324234009,0.27010980248451233,0.006453243084251881,0.025718286633491516,0.0958428606390953,0.050485432147979736,-0.019991472363471985,-0.017826421186327934,0.5376801490783691,0.2702801525592804,0.09232781082391739,0.09665460139513016,0.05-0.10,False,True,False,True,True,False,False,False,True,0.07799467444419861,-0.047901272773742676,0.3941459357738495,0.05810195580124855,0.260774165391922,1.1999999284744263,0.050485432147979736,-0.020004188641905785,0.020004188641905785,0.0019379988079890609,0.04736420139670372,0.047404199838638306,0.052945688366889954,0.10896030813455582,0.0,0.020519332960247993,0.09362056851387024,0.0026077416259795427,0.04974360018968582,0.05039170756936073,0.07079283148050308,0.035454243421554565,2-4deg,0.04-0.08,0.0,0.0,0.0,0.0
91,4,True,False,0.13040654361248016,0.10034334659576416,0.0,0.0,2.759999990463257,1.4914917945861816,0.3736586272716522,-0.024837924167513847,-0.14143219590187073,0.19249039888381958,0.1261603981256485,-0.018349964171648026,0.12127673625946045,0.4692016839981079,0.26617860794067383,0.13057368993759155,0.11709357053041458,0.10-0.15,True,True,False,True,False,False,False,True,True,0.1261603981256485,-0.14928841590881348,0.12151346355676651,0.04276743158698082,0.04276743158698082,0.0,0.1261603981256485,-0.018349964171648026,0.018349964171648026,-0.016061577945947647,0.07482686638832092,0.07652784138917923,0.029196294024586678,0.03278547152876854,0.03278547152876854,-0.14928841590881348,0.12151346355676651,0.0004276742984075099,-0.016061577945947647,0.07482686638832092,0.07652784138917923,0.029196294024586678,4-6deg,0.00-0.04,0.0,0.0,0.0,0.0
92,0,True,True,0.08582405000925064,0.08015831559896469,0.07837379723787308,0.13715606927871704,1.3600000143051147,1.4449841976165771,0.6299789547920227,0.010492772795259953,-0.070016048848629,0.13715606927871704,0.07837379723787308,-0.020000034943223,0.0802277997136116,0.45847827196121216,0.2399548590183258,0.11793871968984604,0.12351422011852264,0.10-0.15,False,True,False,True,True,False,False,False,True,0.07323721051216125,-0.16511721909046173,0.07378741353750229,0.05431684851646423,0.35420966148376465,0.07999999821186066,0.07837379723787308,-0.0200054869055748,0.0200054869055748,0.06461110711097717,0.011639350093901157,0.06564975529909134,0.01125760842114687,0.04030442237854004,0.00048828125,-0.0631624162197113,0.12174685299396515,0.0035420965868979692,0.06518032401800156,0.011861000210046768,0.06624940782785416,0.009105176664888859,2-4deg,0.00-0.04,0.0,0.0,0.0,0.0
93,16,True,True,0.0526895746588707,0.04752131924033165,0.03936796635389328,0.19711461663246155,2.7799999713897705,1.4899840354919434,0.34192728996276855,0.010268197394907475,0.04666278511285782,0.19711461663246155,0.03936796635389328,-0.01998942159116268,-0.03705547749996185,0.5568034648895264,0.23698894679546356,0.19151178002357483,0.18765957653522491,>=0.15,False,True,False,True,True,False,False,False,True,0.031205933541059494,-0.0887863039970398,0.026637518778443336,0.09887102246284485,0.29494786262512207,0.09999999403953552,0.03936796635389328,-0.020038411021232605,0.020038411021232605,-0.012302189134061337,0.019131170585751534,0.022743601351976395,0.06801030039787292,0.016992112621665,0.0,0.05013596639037132,0.19063201546669006,0.0029494785703718662,-0.012380529195070267,0.013652977533638477,0.018429240211844444,0.06890854984521866,0-2deg,0.04-0.08,0.0,0.0,0.0,0.0
94,51,True,True,0.09676988422870636,0.06858957558870316,0.0902104452252388,0.24358318746089935,5.5,1.2359739542007446,0.19803349673748016,0.00752882519736886,0.027168337255716324,0.24358318746089935,0.0902104452252388,-0.019976966083049774,-0.01704506389796734,1.1647515296936035,0.27925485372543335,0.24206331372261047,0.24025601148605347,>=0.15,False,True,False,True,True,False,False,False,True,0.08227159082889557,-0.05549187958240509,0.06785555183887482,0.03298281505703926,0.39757636189460754,0.09999999403953552,0.0902104452252388,-0.02009914629161358,0.02009914629161358,0.012169170193374157,-0.00026640031137503684,0.012172878719866276,0.030367035418748856,0.045223284512758255,0.0003452669770922512,0.029788589105010033,0.24175484478473663,0.003975763451308012,0.014567019417881966,-0.0002957242541015148,0.014571050181984901,0.02955949865281582,0-2deg,0.00-0.04,0.0,0.0,0.0,0.0
95,33,True,True,0.04525246471166611,0.0451803021132946,0.02823050320148468,0.16825304925441742,3.5799999237060547,1.4971709251403809,0.2942216694355011,-0.07076132297515869,0.01820182055234909,0.16825304925441742,0.02823050320148468,-0.019507920369505882,-0.08760850131511688,1.1432130336761475,0.397920697927475,0.1672656089067459,0.1424446552991867,0.10-0.15,False,True,False,True,True,False,False,False,True,0.02922535128891468,-0.015879154205322266,0.07183258980512619,0.041770726442337036,0.4099949896335602,0.09999999403953552,0.02823050320148468,-0.020076964050531387,0.020076964050531387,0.003830196335911751,-8.015740604605526e-05,0.0038291984237730503,0.05868900939822197,0.020603865385055542,0.009010110050439835,0.018119800835847855,0.16727450489997864,0.004099949728697538,-0.0008690968970768154,-6.420176941901445e-05,0.0008457279182039201,0.05875774100422859,0-2deg,0.04-0.08,0.0,0.0,0.0,0.0
96,34,True,True,0.053600236773490906,0.051901981234550476,0.04062192142009735,0.23702508211135864,3.5199999809265137,1.128949522972107,0.2752191126346588,-0.003328398335725069,-0.11925248801708221,0.23702508211135864,0.04062192142009735,-0.020021110773086548,0.11562465876340866,0.9031909704208374,0.2942330837249756,0.204840749502182,0.20055659115314484,>=0.15,False,True,False,True,True,False,False,False,True,0.03904888406395912,-0.20256976783275604,0.14542075991630554,0.08877367526292801,0.2692550718784332,0.09999999403953552,0.04062192142009735,-0.020021110773086548,0.020021110773086548,0.007434232160449028,0.0014632680686190724,0.007580181583762169,0.02661377377808094,0.0349198579788208,0.0007720404537394643,-0.11970362067222595,0.20457744598388672,0.002692550653591752,0.005340376868844032,0.0019183849217370152,0.005673322826623917,0.02693554013967514,0-2deg,0.00-0.04,0.0,0.0,0.0,0.0
97,30,True,True,0.05644388496875763,0.05335833877325058,0.04430381953716278,0.13397999107837677,2.2799999713897705,1.1293805837631226,0.30564364790916443,0.004550533834844828,-0.056712664663791656,0.13397999107837677,0.04430381953716278,-0.020003724843263626,0.06122767552733421,0.9766315221786499,0.44976553320884705,0.12138497829437256,0.12562759220600128,0.10-0.15,False,True,False,True,True,False,False,False,True,0.03846839442849159,-0.2820763885974884,0.27096065878868103,0.13302333652973175,0.18341173231601715,0.09999999403953552,0.04430381953716278,-0.02000761404633522,0.02000761404633522,-0.0010840785689651966,-0.02473445050418377,0.024758948013186455,0.004618302918970585,0.10676836967468262,0.0005980199784971774,-0.05973110720515251,0.11992845684289932,0.0018341172253713012,-0.001012764172628522,-0.025054743513464928,0.02507474459707737,0.003587151411920786,0-2deg,0.00-0.04,0.0,0.0,0.0,0.0
98,52,True,True,0.09124599397182465,0.08386756479740143,0.0842648297548294,0.14789286255836487,5.71999979019165,1.3988593816757202,0.1733904778957367,0.003982883878052235,0.015463607385754585,0.14789286255836487,0.0842648297548294,-0.019994007423520088,-0.010778248310089111,1.0855189561843872,0.24675831198692322,0.14708220958709717,0.14733180403709412,0.10-0.15,False,True,False,True,True,False,False,False,True,0.11307456344366074,-0.11568716168403625,0.12219806760549545,0.023634180426597595,0.16791601479053497,3.559999942779541,0.0842648297548294,-0.01999811828136444,0.01999811828136444,-0.0386543944478035,-0.06175092235207558,0.07283879071474075,0.01562484260648489,0.070887990295887,0.0003452669770922512,0.010495172813534737,0.14751999080181122,0.0016791601665318012,0.027192801237106323,0.057399701327085495,0.06350882351398468,0.029154252260923386,4-6deg,0.00-0.04,0.0,0.0,0.0,0.0
99,23,True,True,0.06473410129547119,0.06063075363636017,0.05444369837641716,0.20000936090946198,3.5399999618530273,1.1682535409927368,0.2786886990070343,0.012595306150615215,0.0446857213973999,0.20000936090946198,0.05444369837641716,-0.019974546507000923,-0.031822752207517624,0.8711705207824707,0.30728697776794434,0.19495366513729095,0.18351471424102783,>=0.15,False,True,False,True,True,False,False,False,True,0.052779898047447205,-0.05637305974960327,0.13189798593521118,0.07425638288259506,0.43847954273223877,0.11999999731779099,0.05444369837641716,-0.020042410120368004,0.020042410120368004,-0.06569487601518631,-0.02062825672328472,0.06885259598493576,0.06153706833720207,0.05918038636445999,0.00048828125,0.05733013153076172,0.19161681830883026,0.00438479520380497,-0.06914567202329636,-0.02550516463816166,0.07369296252727509,0.05789308622479439,2-4deg,0.04-0.08,0.0,0.0,0.0,0.0
100,37,True,True,0.10602398961782455,0.09876513481140137,0.10007794201374054,0.18719600141048431,2.9600000381469727,1.2708642482757568,0.2843860685825348,0.010509911924600601,-0.05723629891872406,0.18719600141048431,0.10007794201374054,-0.020001795142889023,0.07010456174612045,0.8403199315071106,0.3752497732639313,0.1782311648130417,0.1712876856327057,>=0.15,False,True,False,True,True,False,False,False,True,0.09385945647954941,-0.05283312126994133,0.06843926012516022,0.09273767471313477,0.30003297328948975,0.05999999865889549,0.10007794201374054,-0.02001265622675419,0.02001265622675419,0.01701294258236885,0.029842251911759377,0.034350115805864334,0.0298465546220541,0.0003452669770922512,0.0003452669770922512,-0.05425723269581795,0.17916052043437958,0.003000329714268446,0.01615257002413273,0.030669601634144783,0.03466110676527023,0.02983366884291172,0-2deg,0.00-0.04,0.0,0.0,0.0,0.0
101,39,True,True,0.05950285494327545,0.05950285494327545,0.048115864396095276,0.07190123200416565,2.9600000381469727,1.5555628538131714,0.3666863441467285,0.006508445367217064,-0.01313499454408884,0.07190123200416565,0.048115864396095276,-0.019990339875221252,0.022339748218655586,0.5622786283493042,0.21245703101158142,0.0706912949681282,0.06665848195552826,0.05-0.10,False,True,False,True,True,False,False,False,True,0.05077396333217621,-0.10970746725797653,0.05666964128613472,0.03999798372387886,0.13875937461853027,0.09999999403953552,0.048115864396095276,-0.019990339875221252,0.019990339875221252,-0.01906225085258484,-0.009495222941040993,0.02129528671503067,0.062235575169324875,0.035876475274562836,0.0,-0.014448956586420536,0.07043448090553284,0.0013875936856493354,-0.023043550550937653,-0.012417823076248169,0.026175081729888916,0.06120068579912186,0-2deg,0.04-0.08,0.0,0.0,0.0,0.0
102,22,True,True,0.03504641726613045,0.035023074597120285,0.0018172600539401174,0.12415338307619095,1.0199999809265137,1.362198829650879,0.6199213862419128,0.006790724582970142,0.003958484623581171,0.12415338307619095,0.0018172600539401174,-0.020000720396637917,0.0029750955291092396,0.6957308650016785,0.31698936223983765,0.12409026175737381,0.11243284493684769,0.10-0.15,False,True,False,True,True,False,False,False,True,0.010372322984039783,-0.0771590992808342,0.39790189266204834,0.6351158022880554,0.6351158022880554,0.07999999821186066,0.0018172600539401174,-0.0201914943754673,0.0201914943754673,-0.004620843566954136,-0.026244429871439934,0.026649046689271927,0.0587298721075058,0.006403759587556124,0.0,0.0023875324986875057,0.12413043528795242,0.006351158022880554,-0.004960286431014538,-0.029707850888371468,0.030118633061647415,0.05724066123366356,0-2deg,0.04-0.08,0.0,0.0,0.0,0.0
103,25,True,True,0.04450507089495659,0.043968264013528824,0.027586469426751137,0.11614729464054108,2.759999990463257,1.3818589448928833,0.3489716649055481,-0.058924123644828796,0.04556399583816528,0.11614729464054108,0.027586469426751137,-0.020102065056562424,-0.10456415265798569,1.1329057216644287,0.2746575176715851,0.10683687031269073,0.11643540114164352,0.10-0.15,False,True,False,True,True,False,False,False,True,0.028072470799088478,-0.0250186026096344,0.1415930539369583,0.07819877564907074,0.3020191788673401,0.07999999821186066,0.027586469426751137,-0.02014521136879921,0.02014521136879921,0.015253647230565548,-0.0001866671082098037,0.015254542231559753,0.012888195924460888,0.00749318627640605,0.0015049839857965708,0.04669369384646416,0.10634798556566238,0.0030201917979866266,0.014488711021840572,-0.0003468992072157562,0.014493117108941078,0.013160644099116325,0-2deg,0.00-0.04,0.0,0.0,0.0,0.0
104,50,True,True,0.11461880803108215,0.09857508540153503,0.10883785784244537,0.19419990479946136,2.2799999713897705,1.3624237775802612,0.35998666286468506,-0.0014763142680749297,-0.10564540326595306,0.19419990479946136,0.10883785784244537,-0.019600193947553635,0.1037130355834961,0.6355919241905212,0.3299793004989624,0.1629498302936554,0.2056637853384018,>=0.15,False,True,False,True,True,False,False,False,True,0.10348247736692429,-0.08981432020664215,0.09262543171644211,0.0391058549284935,0.06190380081534386,0.09999999403953552,0.10883785784244537,-0.01989472284913063,0.01989472284913063,-0.0007201608386822045,-0.0741288959980011,0.0741320475935936,0.006217383313924074,0.002042627427726984,0.00800098292529583,-0.10995890945196152,0.16007071733474731,0.0006190380081534386,-0.0006898018182255328,-0.07449398934841156,0.07449731975793839,0.0029439276549965143,4-6deg,0.00-0.04,0.0,0.0,0.0,0.0
105,42,True,True,0.04020901024341583,0.04020901024341583,0.019781731069087982,0.12486256659030914,3.1399998664855957,1.266859769821167,0.24174876511096954,0.0026118147652596235,0.007885497063398361,0.12486256659030914,0.019781731069087982,-0.019995179027318954,-0.0059475768357515335,0.6077293753623962,0.2233116179704666,0.12461331486701965,0.12374971807003021,0.10-0.15,False,True,False,True,True,False,False,False,True,0.027896279469132423,-0.11350194364786148,0.06488405168056488,0.04114881157875061,0.20286962389945984,0.11999999731779099,0.019781731069087982,-0.020062599331140518,0.020062599331140518,-0.042669087648391724,0.0004905137466266751,0.04267130792140961,0.036457717418670654,0.06353043019771576,0.0,0.0038531189784407616,0.1248030960559845,0.0020286962389945984,-0.038854919373989105,0.0008123189327307045,0.038863006979227066,0.04004164785146713,2-4deg,0.00-0.04,0.0,0.0,0.0,0.0
106,41,True,True,0.04789331927895546,0.04789331927895546,0.032690439373254776,0.09307164698839188,3.7200000286102295,1.2111339569091797,0.2259484827518463,-0.0021655960008502007,-0.002789450343698263,0.09307164698839188,0.032690439373254776,-0.01999801956117153,-0.0005560248391702771,0.7359620332717896,0.23736867308616638,0.09302983433008194,0.09727974981069565,0.05-0.10,False,True,False,True,True,False,False,False,True,0.03827637806534767,-0.0921001210808754,0.06868767738342285,0.09664177894592285,0.09664177894592285,0.07999999821186066,0.032690439373254776,-0.02000860683619976,0.02000860683619976,0.0135760847479105,-0.005117986351251602,0.014509559608995914,0.03941596299409866,0.0003452669770922512,0.0003452669770922512,-0.0012855743989348412,0.09306276589632034,0.0009664177778176963,0.01592486910521984,-0.005206230096518993,0.01675543002784252,0.03891947120428085,0-2deg,0.00-0.04,0.0,0.0,0.0,0.0
107,26,True,True,0.05261845886707306,0.05261845886707306,0.039281800389289856,0.09010503441095352,3.559999942779541,1.2152940034866333,0.2151220142841339,0.00974915362894535,-0.036495793610811234,0.09010503441095352,0.039281800389289856,-0.019985945895314217,0.04514574632048607,0.6724808216094971,0.22542855143547058,0.08238308876752853,0.07737904042005539,0.05-0.10,False,True,False,True,True,False,False,False,True,0.041873738169670105,-0.031197531148791313,0.07797970622777939,0.08409895747900009,0.23481428623199463,0.05999999865889549,0.039281800389289856,-0.02000315673649311,0.02000315673649311,-0.026149362325668335,-0.03292931616306305,0.042046353220939636,0.03845333680510521,0.0003452669770922512,0.0003452669770922512,-0.034403394907712936,0.0832785815000534,0.002348142908886075,-0.02627318538725376,-0.03444734960794449,0.04332029074430466,0.037695109844207764,2-4deg,0.00-0.04,0.0,0.0,0.0,0.0
108,36,True,True,0.05514080822467804,0.05354614555835724,0.04259427636861801,0.1140647754073143,2.119999885559082,1.184487223625183,0.3538176119327545,0.0068425326608121395,-0.01788526400923729,0.1140647754073143,0.04259427636861801,-0.019985897466540337,0.02404193952679634,0.708630383014679,0.3496849238872528,0.11265385150909424,0.11108534038066864,0.10-0.15,False,True,False,True,True,False,False,False,True,0.03765278682112694,-0.17837512493133545,0.2227444052696228,0.048576660454273224,0.19320103526115417,0.09999999403953552,0.04259427636861801,-0.01998862624168396,0.01998862624168396,0.01840377040207386,0.06452484428882599,0.06709485501050949,0.01747937873005867,0.06470348685979843,0.0,-0.011705582961440086,0.11346255987882614,0.0019320102874189615,0.018938980996608734,0.06569856405258179,0.06837007403373718,0.014767509885132313,2-4deg,0.00-0.04,0.0,0.0,0.0,0.0
109,48,True,True,0.09609413892030716,0.09470193088054657,0.08949382603168488,0.11219920217990875,2.240000009536743,1.6311901807785034,0.40113410353660583,0.0007377201109193265,-0.013776085339486599,0.11219920217990875,0.08949382603168488,-0.01998163014650345,0.01432684063911438,1.3643269538879395,0.5674636960029602,0.11135026067495346,0.09476618468761444,0.05-0.10,False,True,False,True,True,False,False,False,True,0.0934712290763855,-0.32998648285865784,0.4152635633945465,0.1877216398715973,0.1877216398715973,0.09999999403953552,0.08949382603168488,-0.019998233765363693,0.019998233765363693,0.04903523996472359,0.018812408670783043,0.05251727253198624,0.0032978008966892958,0.09336910396814346,0.0003452669770922512,-0.013181975111365318,0.11142215132713318,0.0018772163894027472,0.04872148856520653,0.018972856923937798,0.05228284001350403,0.00576192419975996,2-4deg,0.00-0.04,0.0,0.0,0.0,0.0
110,1,True,True,0.10368982702493668,0.10255628079175949,0.09756257385015488,0.10613896697759628,2.3399999141693115,1.3706856966018677,0.3537491261959076,0.019096799194812775,-0.09838151931762695,0.10613896697759628,0.09756257385015488,-0.01951828971505165,0.11307185888290405,0.9806491732597351,0.4752116799354553,0.03983161970973015,0.21054497361183167,>=0.15,False,True,False,True,True,False,False,False,True,0.09970134496688843,-0.2071530669927597,0.4632530212402344,0.030932409688830376,0.05686713010072708,0.17999999225139618,0.09756257385015488,-0.019648093730211258,0.019648093730211258,0.024084744974970818,-0.008055820129811764,0.02539600059390068,0.05097115412354469,0.02849542908370495,0.008983608335256577,-0.09793597459793091,0.040914878249168396,0.0005686712684109807,0.015789572149515152,-0.007499337196350098,0.017479734495282173,0.05282643809914589,0-2deg,0.04-0.08,0.0,0.0,0.0,0.0
111,11,True,True,0.04189737141132355,0.04189737141132355,0.022939076647162437,0.10363885760307312,4.079999923706055,1.2263411283493042,0.23119033873081207,-0.07644505798816681,-0.006028629839420319,0.10363885760307312,0.022939076647162437,-0.019922083243727684,-0.0711413100361824,0.8986576199531555,0.29258233308792114,0.10346336662769318,0.14574770629405975,0.10-0.15,False,True,False,True,True,False,False,False,True,0.024321911856532097,-0.046873364597558975,0.09014718234539032,0.09633959084749222,0.09633959084749222,0.14000000059604645,0.022939076647162437,-0.019922083243727684,0.019922083243727684,-0.021526141092181206,0.00699975248426199,0.022635886445641518,0.04397999495267868,0.03780858963727951,0.0012918708380311728,-0.005760806147009134,0.10347862541675568,0.0009633958688937128,-0.016827140003442764,0.004481113515794277,0.017414823174476624,0.044836025685071945,0-2deg,0.04-0.08,0.0,0.0,0.0,0.0
112,47,True,True,0.09279816597700119,0.07315443456172943,0.08634031563997269,0.17005756497383118,4.0,1.3959604501724243,0.26768362522125244,-0.045521825551986694,-0.0022415965795516968,0.17005756497383118,0.08634031563997269,-0.017174437642097473,-0.041438207030296326,0.7895045280456543,0.31830817461013794,0.17004278302192688,0.1740896850824356,>=0.15,False,True,False,True,True,False,False,False,True,0.10793526470661163,-0.12294163554906845,0.1433638036251068,0.022218797355890274,0.06268438696861267,1.899999976158142,0.08634031563997269,-0.01987558975815773,0.01987558975815773,0.04409626126289368,0.008976731449365616,0.04499991238117218,0.027951927855610847,0.0029092722106724977,0.0502021498978138,0.004113856703042984,0.17000779509544373,0.0006268438301049173,0.012200278230011463,0.04314950853586197,0.044840630143880844,0.026156924664974213,2-4deg,0.00-0.04,0.0,0.0,0.0,0.0
113,32,True,True,0.0773482397198677,0.07167244702577591,0.06891331076622009,0.2197410762310028,3.6399998664855957,1.74143385887146,0.2994900047779083,-0.025517845526337624,-0.1889643520116806,0.2197410762310028,0.06891331076622009,-0.01985565572977066,0.16604086756706238,2.425137996673584,0.7062623500823975,0.11215442419052124,0.13004951179027557,0.10-0.15,False,True,False,True,True,False,False,False,True,0.06261686980724335,-0.36104437708854675,0.2803528308868408,0.16943039000034332,0.19078491628170013,0.09999999403953552,0.06891331076622009,-0.01985565572977066,0.01985565572977066,0.004366667475551367,-0.007802652660757303,0.008943711407482624,0.037109360098838806,0.008583227172493935,0.002762136748060584,-0.18938206136226654,0.11144763976335526,0.001907849102281034,0.004591706208884716,-0.004836587235331535,0.006668225396424532,0.03724409267306328,0-2deg,0.00-0.04,0.0,0.0,0.0,0.0
114,33,True,True,0.08404901623725891,0.08282016217708588,0.0764097347855568,0.21371303498744965,0.7999999523162842,1.2245582342147827,0.5553528666496277,-0.012548625469207764,-0.17615355551242828,0.21371303498744965,0.0764097347855568,-0.01975744590163231,0.16229812800884247,0.4463217258453369,0.20123103260993958,0.12100902944803238,0.14993534982204437,0.10-0.15,False,True,False,True,True,False,False,False,True,0.07509069889783859,-0.1223953366279602,0.13803884387016296,0.7080958485603333,0.7080958485603333,0.05999999865889549,0.0764097347855568,-0.02000845968723297,0.02000845968723297,0.017327962443232536,0.04958682134747505,0.052525222301483154,0.034592971205711365,0.0007720404537394643,0.004771689418703318,-0.17021362483501434,0.12923072278499603,0.007080958224833012,0.016902336850762367,0.04825398325920105,0.05112607404589653,0.035360872745513916,2-4deg,0.00-0.04,0.0,0.0,0.0,0.0
115,62,True,True,0.08210653811693192,0.07271215319633484,0.07425670325756073,0.30362242460250854,2.379999876022339,1.3618285655975342,0.408963680267334,-0.03699680417776108,-0.22285500168800354,0.30362242460250854,0.07425670325756073,-0.019963502883911133,0.18471111357212067,0.9658825993537903,0.40620264410972595,0.206209197640419,0.22339127957820892,>=0.15,False,True,False,True,True,False,False,False,True,0.06235254183411598,-0.34352025389671326,0.220072939991951,0.07716537266969681,0.10241924226284027,0.07999999821186066,0.07425670325756073,-0.019963502883911133,0.019963502883911133,0.055213022977113724,-0.0037635578773915768,0.055341415107250214,0.028674762696027756,0.021861590445041656,0.00048828125,-0.23069952428340912,0.19739380478858948,0.0010241924319416285,0.056852299720048904,-0.003508409019559622,0.056960009038448334,0.02661723829805851,2-4deg,0.00-0.04,0.0,0.0,0.0,0.0
116,17,True,True,0.036324307322502136,0.03568024933338165,0.009820067323744297,0.1563565582036972,3.919999837875366,1.3077549934387207,0.2835266590118408,-0.04975387454032898,0.021777670830488205,0.1563565582036972,0.009820067323744297,-0.020021405071020126,-0.07189342379570007,0.9127746820449829,0.3021889925003052,0.15483251214027405,0.19930066168308258,>=0.15,False,True,False,True,True,False,False,False,True,0.007163005415350199,-0.07030262053012848,0.10373249650001526,0.045346226543188095,0.25734761357307434,0.07999999821186066,0.009820067323744297,-0.020091751590371132,0.020091751590371132,0.01054175104945898,-0.015383773483335972,0.01864788308739662,0.006345718167722225,0.01294645108282566,0.0005980199784971774,0.019100703299045563,0.1551854908466339,0.0025734761729836464,0.010221331380307674,-0.015161490999162197,0.01828637160360813,0.006652992684394121,0-2deg,0.00-0.04,0.0,0.0,0.0,0.0
117,54,True,True,0.04563826695084572,0.04563826695084572,0.028771284967660904,0.12657946348190308,2.379999876022339,1.228375792503357,0.31854313611984253,0.00218769907951355,-0.11596335470676422,0.12657946348190308,0.028771284967660904,-0.019721126183867455,0.11808629333972931,1.0417660474777222,0.454312801361084,0.050743088126182556,0.15605996549129486,>=0.15,False,True,False,True,True,False,False,False,True,0.03001011721789837,-0.1467178612947464,0.19565951824188232,0.21468693017959595,0.21468693017959595,0.05999999865889549,0.028771284967660904,-0.020027680322527885,0.020027680322527885,0.01758108288049698,0.041701871901750565,0.045254919677972794,0.018982674926519394,0.0011451211757957935,0.005588641855865717,-0.11774744838476181,0.04645320400595665,0.0021468691993504763,0.017066894099116325,0.04225517436861992,0.04557002708315849,0.01878497563302517,2-4deg,0.00-0.04,0.0,0.0,0.0,0.0
118,9,True,True,0.08470853418111801,0.08269423246383667,0.07672138512134552,0.12418940663337708,4.019999980926514,1.2718236446380615,0.2131860852241516,0.004047088790684938,-0.09443570673465729,0.12418940663337708,0.07672138512134552,-0.019634786993265152,0.09506069868803024,1.436049461364746,0.449947327375412,0.08065299689769745,0.1838579773902893,>=0.15,False,True,False,True,True,False,False,False,True,0.07821024954319,-0.2816045880317688,0.2898983657360077,0.07565750181674957,0.7639356255531311,0.09999999403953552,0.07672138512134552,-0.01997051201760769,0.01997051201760769,0.009562472812831402,-0.034957095980644226,0.03624021261930466,0.054081324487924576,0.0713643729686737,0.007340493146330118,-0.0973956510424614,0.07705255597829819,0.007639355957508087,0.013862836174666882,-0.034886524081230164,0.03753957152366638,0.05340276286005974,2-4deg,0.04-0.08,0.0,0.0,0.0,0.0
119,2,True,True,0.055199794471263885,0.051802463829517365,0.04188041388988495,0.07698027044534683,3.359999895095825,1.2181776762008667,0.27688032388687134,-0.04377308487892151,-0.003924891352653503,0.07698027044534683,0.04188041388988495,-0.018240757286548615,-0.040494970977306366,0.9174136519432068,0.2892420291900635,0.07688014209270477,0.10621660947799683,0.10-0.15,False,True,False,True,True,False,False,False,True,0.03618130087852478,-0.03687563166022301,0.07394153624773026,0.041586801409721375,0.06185687705874443,0.17999999225139618,0.04188041388988495,-0.018240757286548615,0.018240757286548615,-0.00029862840892747045,-0.07300924509763718,0.07300976663827896,0.055949918925762177,0.08606941998004913,0.03501533344388008,0.0006687206332571805,0.07697735726833344,0.0006185687379911542,-0.009106363169848919,-0.07373083382844925,0.07429042458534241,0.05479239299893379,4-6deg,0.04-0.08,0.0,0.0,0.0,0.0
120,12,True,True,0.054212503135204315,0.05117504298686981,0.04138680174946785,0.19538122415542603,6.539999961853027,1.2617093324661255,0.1724860668182373,0.00898723490536213,-0.04384540393948555,0.19538122415542603,0.04138680174946785,-0.019990812987089157,0.05279849097132683,1.1026709079742432,0.26766297221183777,0.19039800763130188,0.18467654287815094,>=0.15,False,True,False,True,True,False,False,False,True,0.037529949098825455,-0.06254607439041138,0.2258114516735077,0.3763639032840729,0.3763639032840729,0.05999999865889549,0.04138680174946785,-0.020131299272179604,0.020131299272179604,0.08499734103679657,0.01745295524597168,0.08676622807979584,0.047662701457738876,0.0020716022700071335,0.0003452669770922512,-0.033327944576740265,0.1925177127122879,0.0037636389024555683,0.08493006974458694,0.01935247704386711,0.08710192143917084,0.0474078394472599,4-6deg,0.04-0.08,0.0,0.0,0.0,0.0
121,20,True,True,0.08584504574537277,0.04577260464429855,0.07840584963560104,0.18848690390586853,3.879999876022339,1.303153157234192,0.28911131620407104,-0.09904313832521439,-0.0054200515151023865,0.18848690390586853,0.07840584963560104,-0.01990886777639389,-0.08975666761398315,0.8667746782302856,0.27550366520881653,0.1884089559316635,0.20514939725399017,>=0.15,False,True,False,True,True,False,False,False,True,0.044437434524297714,-0.02853601984679699,0.05344418063759804,0.04470004141330719,0.3135910630226135,0.7999999523162842,0.07840584963560104,-0.02006453648209572,0.02006453648209572,-0.027658849954605103,-0.014037408865988255,0.031015750020742416,0.0498163066804409,0.025690054520964622,0.0018269813153892756,-0.0067992862313985825,0.18836422264575958,0.003135910490527749,-0.041286442428827286,0.02037244290113449,0.04603606462478638,0.04335487633943558,0-2deg,0.04-0.08,0.0,0.0,0.0,0.0
122,46,True,False,0.12509913742542267,0.12509913742542267,0.0,0.0,2.2799999713897705,1.5350542068481445,0.30462542176246643,-0.29983097314834595,-0.3519939184188843,0.6987874507904053,0.1220412626862526,-0.014241654425859451,0.0427108034491539,0.9195526242256165,0.4249957799911499,0.6036589741706848,0.24097152054309845,>=0.15,True,True,False,True,False,False,False,True,True,0.1220412626862526,-0.35184890031814575,0.6037435531616211,0.1677004098892212,0.1677004098892212,0.0,0.1220412626862526,-0.014241654425859451,0.014241654425859451,0.026862431317567825,-0.030435599386692047,0.040591854602098465,0.06366655975580215,0.10629918426275253,0.10629918426275253,-0.35184890031814575,0.6037435531616211,0.0016770040383562446,0.026862431317567825,-0.030435599386692047,0.040591854602098465,0.06366655975580215,2-4deg,0.04-0.08,0.0,0.0,0.0,0.0
123,8,True,True,0.0590452216565609,0.05592205747961998,0.04755435511469841,0.15711145102977753,3.619999885559082,1.5557142496109009,0.3457839787006378,-0.013273671269416809,-0.09344332665205002,0.15711145102977753,0.04755435511469841,-0.02001386508345604,0.08044973015785217,1.611329197883606,0.6197723150253296,0.12630262970924377,0.12863114476203918,0.10-0.15,False,True,False,True,True,False,False,False,True,0.0439344197511673,-0.1271040439605713,0.017196062952280045,0.6560727953910828,0.6560727953910828,0.05999999865889549,0.04755435511469841,-0.020271556451916695,0.020271556451916695,0.0413462370634079,0.014853119850158691,0.04393120855093002,0.009094580076634884,0.004380950704216957,0.0003452669770922512,-0.0878123790025711,0.13028044998645782,0.006560727953910828,0.04150032624602318,0.014525272883474827,0.0439678393304348,0.009043676778674126,2-4deg,0.00-0.04,0.0,0.0,0.0,0.0
124,49,True,True,0.06797586381435394,0.06797586381435394,0.05827151611447334,0.04088377580046654,3.419999837875366,1.2192964553833008,0.23829816281795502,0.0033857605885714293,-0.029572853818535805,0.04088377580046654,0.05827151611447334,-0.019991595298051834,0.03512023761868477,0.7371723055839539,0.25898510217666626,0.028229940682649612,0.02489650622010231,0.00-0.05,False,True,False,True,True,False,False,False,True,0.05926603451371193,-0.09015373140573502,0.06319122016429901,0.06280680000782013,0.1572187840938568,0.05999999865889549,0.05827151611447334,-0.020000405609607697,0.020000405609607697,0.05712397024035454,-0.005238632671535015,0.05736376717686653,0.04577565938234329,0.00048828125,0.0,-0.027994100004434586,0.02979619987308979,0.0015721877571195364,0.05528984218835831,-0.004936038050800562,0.05550926551222801,0.047163452953100204,2-4deg,0.04-0.08,0.0,0.0,0.0,0.0
125,14,True,True,0.055237483233213425,0.055237483233213425,0.04247237369418144,0.1373150497674942,2.559999942779541,1.2553737163543701,0.3423002362251282,-0.005034919362515211,-0.12915082275867462,0.1373150497674942,0.04247237369418144,-0.019822968170046806,0.1238049566745758,1.2461705207824707,0.4922197163105011,0.04664210230112076,0.1530332863330841,>=0.15,False,True,False,True,True,False,False,False,True,0.047686200588941574,-0.2904433012008667,0.3031386733055115,0.032505352050065994,0.12469631433486938,0.07999999821186066,0.04247237369418144,-0.019962286576628685,0.019962286576628685,0.01735365204513073,0.001922672730870545,0.017459264025092125,0.02174132689833641,0.09114278852939606,0.0034179703798145056,-0.12881195545196533,0.04756992682814598,0.0012469631619751453,0.016128599643707275,0.002411212772130966,0.016308335587382317,0.022214649245142937,0-2deg,0.00-0.04,0.0,0.0,0.0,0.0
126,5,True,True,0.046236053109169006,0.045219238847494125,0.03024948574602604,0.19029931724071503,2.1399998664855957,1.4214551448822021,0.42171165347099304,-0.003321428783237934,-0.12252234667539597,0.19029931724071503,0.03024948574602604,-0.020007070153951645,0.11992514878511429,0.5409883260726929,0.32518038153648376,0.14560942351818085,0.1447899043560028,0.10-0.15,False,True,False,True,True,False,False,False,True,0.02868463471531868,-0.22640679776668549,0.17190766334533691,0.03224995732307434,0.2577706575393677,0.07999999821186066,0.03024948574602604,-0.020007070153951645,0.020007070153951645,-0.04971117526292801,0.012524197809398174,0.05126351863145828,0.06597710400819778,0.03400123491883278,0.0008457279182039201,-0.1156536340713501,0.15112268924713135,0.0025777064729481936,-0.04723764955997467,0.01563342660665512,0.04975593835115433,0.06644421815872192,2-4deg,0.04-0.08,0.0,0.0,0.0,0.0
127,60,True,True,0.06449522078037262,0.06355123966932297,0.0539073571562767,0.06942577660083771,2.919999837875366,1.2741403579711914,0.31173020601272583,0.001496046083047986,-0.05305285379290581,0.06942577660083771,0.0539073571562767,-0.019795576110482216,0.05604751780629158,1.357351303100586,0.5608113408088684,0.044780950993299484,0.13586276769638062,0.10-0.15,False,True,False,True,True,False,False,False,True,0.05502374842762947,-0.18793204426765442,0.2824110686779022,0.057655446231365204,0.07363919168710709,0.07999999821186066,0.0539073571562767,-0.019984453916549683,0.019984453916549683,0.003016892820596695,-0.005649743136018515,0.006403759587556124,0.029844854027032852,0.03217797353863716,0.00393665162846446,-0.05323939025402069,0.044559020549058914,0.000736391928512603,0.003598830895498395,-0.003952961415052414,0.00534885935485363,0.029940955340862274,0-2deg,0.00-0.04,0.0,0.0,0.0,0.0
128,3,True,True,0.06507634371519089,0.05350054055452347,0.05485346168279648,0.27059274911880493,3.5999999046325684,1.1380475759506226,0.285785049200058,-0.0029429453425109386,0.08211524784564972,0.27059274911880493,0.05485346168279648,-0.020039359107613564,-0.08501437306404114,0.7377463579177856,0.21198724210262299,0.2578323483467102,0.2494601011276245,>=0.15,False,True,False,True,True,False,False,False,True,0.039025239646434784,-0.0473424531519413,0.11843429505825043,0.06870811432600021,0.5737190842628479,0.1599999964237213,0.05485346168279648,-0.020098943263292313,0.020098943263292313,-0.0168928112834692,-0.031527068465948105,0.035766635090112686,0.028032349422574043,0.033030036836862564,0.0011960400734096766,0.07197640091180801,0.26084446907043457,0.00573719060048461,-0.017726639285683632,-0.03509465232491493,0.039315998554229736,0.024248523637652397,2-4deg,0.00-0.04,0.0,0.0,0.0,0.0
129,0,True,True,0.062733955681324,0.06174317002296448,0.05202404037117958,0.13808439671993256,1.559999942779541,1.3559699058532715,0.36607250571250916,-0.025118516758084297,-0.1320241540670395,0.13808439671993256,0.05202404037117958,-0.019945183768868446,0.10648512840270996,0.3926701843738556,0.27111852169036865,0.04045891761779785,0.04663306474685669,0.00-0.05,False,True,False,True,True,False,False,False,True,0.05096590891480446,-0.0432555191218853,0.09737624228000641,0.7644204497337341,0.7644204497337341,0.09999999403953552,0.05202404037117958,-0.02005457505583763,0.02005457505583763,0.038922104984521866,-0.011667545884847641,0.040632959455251694,0.0033309338614344597,0.002264067530632019,0.0011451211757957935,-0.13350173830986023,0.03527865558862686,0.007644204422831535,0.03855095058679581,-0.011667896993458271,0.040277786552906036,0.005958184599876404,2-4deg,0.00-0.04,0.0,0.0,0.0,0.0
130,27,True,True,0.03968546912074089,0.03968546912074089,0.018717752769589424,0.19791650772094727,3.6399998664855957,1.2655246257781982,0.2212192863225937,0.0052177621982991695,-0.05090119317173958,0.19791650772094727,0.018717752769589424,-0.02000141702592373,0.05653267726302147,0.6316378712654114,0.2675416171550751,0.19125902652740479,0.18613123893737793,>=0.15,False,True,False,True,True,False,False,False,True,0.026048127561807632,-0.021704483777284622,0.1725309044122696,0.024242760613560677,0.18246403336524963,0.05999999865889549,0.018717752769589424,-0.02000141702592373,0.02000141702592373,0.03827589377760887,0.051581449806690216,0.06422141194343567,0.014224410057067871,0.0037505615036934614,0.0003452669770922512,-0.03931991383433342,0.19397136569023132,0.0018246403196826577,0.03787294775247574,0.051136184483766556,0.06362424045801163,0.015799613669514656,2-4deg,0.00-0.04,0.0,0.0,0.0,0.0
131,28,True,True,0.056819889694452286,0.056819889694452286,0.044752947986125946,0.1834915727376938,3.1999998092651367,1.0832439661026,0.1895293891429901,0.004488826729357243,-0.00939817912876606,0.1834915727376938,0.044752947986125946,-0.019987035542726517,0.01422197837382555,1.598944902420044,0.5594128370285034,0.18325074017047882,0.18074378371238708,>=0.15,False,True,False,True,True,False,False,False,True,0.04971209540963173,-0.015205234289169312,0.17192907631397247,0.08207040280103683,0.15407514572143555,0.05999999865889549,0.044752947986125946,-0.019992226734757423,0.019992226734757423,0.011911706998944283,-0.030167115852236748,0.03243263438344002,0.007709227968007326,0.00048828125,0.0003452669770922512,-0.006271393038332462,0.18338437378406525,0.0015407514292746782,0.01169409230351448,-0.02993004024028778,0.03213347867131233,0.008383172564208508,0-2deg,0.00-0.04,0.0,0.0,0.0,0.0
132,61,True,True,0.059467095881700516,0.056042883545160294,0.047888725996017456,0.1804477572441101,2.059999942779541,1.441806674003601,0.41906628012657166,-0.059602100402116776,0.017133228480815887,0.1804477572441101,0.047888725996017456,-0.019246086478233337,-0.07548236101865768,0.7257938385009766,0.38630402088165283,0.1796325147151947,0.022493503987789154,0.00-0.05,False,True,False,True,True,False,False,False,True,0.05310153216123581,-0.20430569350719452,0.2601393759250641,0.09439440816640854,0.136766716837883,0.19999998807907104,0.047888725996017456,-0.019507458433508873,0.019507458433508873,0.012839418835937977,0.024837873876094818,0.027959009632468224,0.020626654848456383,0.07748239487409592,0.010814132168889046,0.02210555598139763,0.17908860743045807,0.0013676671078428626,0.014965391717851162,0.02762475050985813,0.031416792422533035,0.018275544047355652,0-2deg,0.00-0.04,0.0,0.0,0.0,0.0
133,10,True,True,0.037554796785116196,0.037554796785116196,0.01358281821012497,0.15423716604709625,2.0799999237060547,1.680635929107666,0.4319332242012024,0.003790818154811859,0.01870991289615631,0.15423716604709625,0.01358281821012497,-0.01998898759484291,-0.014621843583881855,0.6149317622184753,0.24015142023563385,0.15309815108776093,0.15249402821063995,>=0.15,False,True,False,True,True,False,False,False,True,0.018767425790429115,0.01915009133517742,0.1339903175830841,0.08492596447467804,0.18351061642169952,0.05999999865889549,0.01358281821012497,-0.019990675151348114,0.019990675151348114,0.024869536980986595,0.0015615610172972083,0.024917345494031906,0.02064087614417076,0.0,0.0,0.014947372488677502,0.1535111665725708,0.001835106173530221,0.024696141481399536,0.0007514863973483443,0.024708334356546402,0.020779181271791458,0-2deg,0.00-0.04,0.0,0.0,0.0,0.0
134,4,True,True,0.086068294942379,0.08597161620855331,0.0782790333032608,0.15973696112632751,1.8199999332427979,1.3323711156845093,0.3652556836605072,0.0049021742306649685,-0.11296945810317993,0.15973696112632751,0.0782790333032608,-0.019652234390378,0.117747962474823,0.5593065023422241,0.33328068256378174,0.1129327267408371,0.05547301098704338,0.05-0.10,False,True,False,True,True,False,False,False,True,0.08066795021295547,-0.32052063941955566,0.4886583387851715,0.1601087599992752,0.1601087599992752,0.09999999403953552,0.0782790333032608,-0.01978868432343006,0.01978868432343006,0.007062147371470928,0.01749468967318535,0.01886715367436409,0.0020642648451030254,0.006550991907715797,0.005746395792812109,-0.11089925467967987,0.11496631056070328,0.0016010875115171075,0.006915179081261158,0.017378145828843117,0.018702145665884018,0.002623588778078556,0-2deg,0.00-0.04,0.0,0.0,0.0,0.0
135,51,True,True,0.05051058530807495,0.05051058530807495,0.03641742840409279,0.06079141050577164,1.6799999475479126,1.6087297201156616,0.5042004585266113,0.011485251598060131,0.021588966250419617,0.06079141050577164,0.03641742840409279,-0.020002806559205055,-0.00952103827148676,0.5563684105873108,0.3425229489803314,0.05682880058884621,0.08681870996952057,0.05-0.10,False,True,False,True,True,False,False,False,True,0.042636938393116,-0.2642923593521118,0.33017146587371826,0.08903327584266663,0.19820334017276764,0.07999999821186066,0.03641742840409279,-0.020002806559205055,0.020002806559205055,0.0017865111585706472,0.054391272366046906,0.05442105606198311,0.029210105538368225,0.026065535843372345,0.0,0.0241974126547575,0.055768102407455444,0.0019820332527160645,0.001830443856306374,0.052594736218452454,0.05262616649270058,0.030684201046824455,2-4deg,0.00-0.04,0.0,0.0,0.0,0.0
136,44,True,True,0.046347882598638535,0.046347882598638535,0.030446255579590797,0.12133627384901047,1.9799998998641968,1.3148407936096191,0.3726159334182739,0.00982716679573059,0.031559452414512634,0.12133627384901047,0.030446255579590797,-0.020043861120939255,-0.022265437990427017,0.6603435277938843,0.39488890767097473,0.11716011166572571,0.18326710164546967,>=0.15,False,True,False,True,True,False,False,False,True,0.04239058122038841,-0.13885173201560974,0.3119394779205322,0.06715256720781326,0.20851296186447144,0.09999999403953552,0.030446255579590797,-0.020043861120939255,0.020043861120939255,-0.03794049471616745,-0.029393674805760384,0.047990504652261734,0.0067617278546094894,0.05448129028081894,0.0012448779307305813,0.03522283956408501,0.11611133813858032,0.0020851294975727797,-0.03792933002114296,-0.029895665124058723,0.04829024896025658,0.005870843306183815,2-4deg,0.00-0.04,0.0,0.0,0.0,0.0
137,32,True,True,0.051791705191135406,0.05101923272013664,0.03816970810294151,0.02816014550626278,1.0799999237060547,1.6961842775344849,0.82725590467453,0.0029182727448642254,-0.015103286132216454,0.02816014550626278,0.03816970810294151,-0.019996093586087227,0.016723280772566795,0.43670323491096497,0.25187066197395325,0.023767299950122833,0.024725453928112984,0.00-0.05,False,True,False,True,True,False,False,False,True,0.037130821496248245,0.020298609510064125,0.07239438593387604,0.6008248925209045,0.6008248925209045,0.05999999865889549,0.03816970810294151,-0.020028620958328247,0.020028620958328247,-0.02424190565943718,0.009861206635832787,0.026170525699853897,0.05501847341656685,0.0005980199784971774,0.0,-0.015537373721599579,0.0234858226031065,0.0060082487761974335,-0.02626815065741539,0.010694470256567001,0.02836122177541256,0.05451909452676773,0-2deg,0.04-0.08,0.0,0.0,0.0,0.0
138,15,True,True,0.04182552546262741,0.04115377366542816,0.022874930873513222,0.1828981637954712,3.0799999237060547,1.496545672416687,0.3492104113101959,0.011455695144832134,-0.09765283763408661,0.1828981637954712,0.022874930873513222,-0.020001575350761414,0.10904177278280258,1.4047534465789795,0.5498860478401184,0.15464690327644348,0.1566314697265625,>=0.15,False,True,False,True,True,False,False,False,True,0.02325552888214588,-0.33547231554985046,0.2666890025138855,0.020447060465812683,0.3212130069732666,0.09999999403953552,0.022874930873513222,-0.020001575350761414,0.020001575350761414,0.007896163500845432,-0.027352631092071533,0.02847031131386757,0.00583740184083581,0.003068801248446107,0.0007720404537394643,-0.09408297389745712,0.15684430301189423,0.00321212993003428,0.00835376512259245,-0.027322769165039062,0.028570640832185745,0.0056412979029119015,0-2deg,0.00-0.04,0.0,0.0,0.0,0.0
139,38,True,False,0.24143119156360626,0.0988779366016388,0.0,0.0,3.7799999713897705,1.4722988605499268,0.2527984380722046,0.11133641004562378,0.08630476146936417,0.13345225155353546,0.2410254031419754,-0.014532322064042091,0.026389285922050476,0.4364597797393799,0.19628484547138214,0.1017889529466629,0.09938018769025803,0.05-0.10,True,True,False,True,False,False,False,True,True,0.10640334337949753,-0.0895591527223587,0.029771987348794937,0.09847215563058853,0.09847215563058853,0.0,0.2410254031419754,-0.02000492624938488,0.02000492624938488,0.03243193030357361,-0.05283208191394806,0.061984140425920486,0.012451251037418842,0.0,0.09469711035490036,0.08737064152956009,0.10087553411722183,0.0009847215842455626,0.022320862859487534,-0.029198970645666122,0.03675151616334915,0.03803938627243042,2-4deg,0.00-0.04,0.0,0.0,0.0,0.0
140,57,True,True,0.04834505915641785,0.04692545905709267,0.03333330154418945,0.2060474008321762,3.1999998092651367,1.4821617603302002,0.30978357791900635,-0.0030002801213413477,-0.15337441861629486,0.2060474008321762,0.03333330154418945,-0.020026326179504395,0.15184184908866882,1.6811165809631348,0.6000241637229919,0.13759294152259827,0.13296592235565186,0.10-0.15,False,True,False,True,True,False,False,False,True,0.031503498554229736,-0.4130339026451111,0.2774847745895386,0.08829378336668015,0.31031328439712524,0.09999999403953552,0.03333330154418945,-0.02003048174083233,0.02003048174083233,0.002033395227044821,-0.006516282446682453,0.0068272254429757595,0.04452156275510788,0.049320198595523834,0.0012918708380311728,-0.15246233344078064,0.13860292732715607,0.003103132825344801,0.005533253308385611,-0.007130091544240713,0.009023331105709076,0.04427710920572281,0-2deg,0.04-0.08,0.0,0.0,0.0,0.0
141,30,True,True,0.06401573121547699,0.06401573121547699,0.05359736829996109,0.07824166864156723,1.8799999952316284,1.4855848550796509,0.46613258123397827,0.002426141407340765,-0.02068433165550232,0.07824166864156723,0.05359736829996109,-0.01999356411397457,0.02359030954539776,0.4599076211452484,0.2798148989677429,0.07545804232358932,0.07491619884967804,0.05-0.10,False,True,False,True,True,False,False,False,True,0.05495835840702057,-0.07667487114667892,0.1862693876028061,0.6212957501411438,0.6212957501411438,0.05999999865889549,0.05359736829996109,-0.020199192687869072,0.020199192687869072,-0.0341474674642086,-0.02827145904302597,0.04432843253016472,0.018761461600661278,0.0016194459749385715,0.0,-0.017385208979249,0.07628573477268219,0.006212957203388214,-0.0334048829972744,-0.02810533344745636,0.04365209490060806,0.019289329648017883,2-4deg,0.00-0.04,0.0,0.0,0.0,0.0
142,37,True,True,0.0917569100856781,0.07876715809106827,0.08482711762189865,0.2603452503681183,1.7599999904632568,1.3360755443572998,0.3352363407611847,-0.009100286290049553,-0.1757596880197525,0.2603452503681183,0.08482711762189865,-0.0196588933467865,0.16798797249794006,0.4526672065258026,0.2661588490009308,0.19206295907497406,0.19600825011730194,>=0.15,False,True,False,True,True,False,False,False,True,0.07367819547653198,-0.4275279939174652,0.3562163710594177,0.10736002773046494,0.10736002773046494,0.17999999225139618,0.08482711762189865,-0.01997680962085724,0.01997680962085724,-0.04560663178563118,0.03704237937927246,0.058746472001075745,0.013044103048741817,0.0495036244392395,0.005673322826623917,-0.1653340756893158,0.20110765099525452,0.0010736002586781979,-0.04712635651230812,0.03808533772826195,0.0605827160179615,0.009991955012083054,2-4deg,0.00-0.04,0.0,0.0,0.0,0.0
143,34,True,True,0.058272410184144974,0.057732466608285904,0.046470530331134796,0.03780674934387207,2.059999942779541,1.4513895511627197,0.4203067421913147,-0.09682582318782806,-0.01570408046245575,0.03780674934387207,0.046470530331134796,-0.01983892358839512,-0.0806921198964119,0.7226923704147339,0.3702479302883148,0.03439087048172951,0.010349842719733715,0.00-0.05,False,True,False,True,True,False,False,False,True,0.05291152372956276,-0.16614288091659546,0.2837662696838379,0.1789541393518448,0.3486500382423401,0.17999999225139618,0.046470530331134796,-0.020077761262655258,0.020077761262655258,-0.03608936816453934,-0.023724546656012535,0.04318658262491226,0.05392121896147728,0.022140655666589737,0.0033652479760348797,-0.016811497509479523,0.033863309770822525,0.0034865003544837236,-0.04000003635883331,-0.031087085604667664,0.05065503716468811,0.05020638182759285,2-4deg,0.04-0.08,0.0,0.0,0.0,0.0
144,6,True,True,0.07689089328050613,0.07689089328050613,0.06835900992155075,0.10572459548711777,3.93999981880188,1.2564902305603027,0.21161241829395294,-0.02050824649631977,-0.0906839594244957,0.10572459548711777,0.06835900992155075,-0.01988627016544342,0.07520999014377594,0.6144823431968689,0.27679678797721863,0.054351720958948135,0.09469671547412872,0.05-0.10,False,True,False,True,True,False,False,False,True,0.08260513097047806,-0.039181411266326904,0.17927192151546478,0.031690746545791626,0.04975385591387749,0.19999998807907104,0.06835900992155075,-0.01994824782013893,0.01994824782013893,-0.037191618233919144,0.05267776548862457,0.06447353959083557,0.06437034904956818,0.003487027483060956,0.0022375863045454025,-0.08845847845077515,0.057903263717889786,0.0004975385381840169,-0.03435927629470825,0.04069548100233078,0.05325470119714737,0.07213734835386276,2-4deg,0.04-0.08,0.0,0.0,0.0,0.0
145,23,True,True,0.05155430734157562,0.050819408148527145,0.03786375746130943,0.10958235710859299,1.959999918937683,1.3083657026290894,0.4175547659397125,0.0074929287657141685,-0.06465446949005127,0.10958235710859299,0.03786375746130943,-0.020001120865345,0.0715707540512085,1.0136849880218506,0.45041143894195557,0.0884765088558197,0.0873105376958847,0.05-0.10,False,True,False,True,True,False,False,False,True,0.03613360971212387,-0.1856330931186676,0.13981831073760986,0.05812068656086922,0.2352980077266693,0.07999999821186066,0.03786375746130943,-0.020001120865345,0.020001120865345,-0.01506268884986639,-0.030370302498340607,0.03389938920736313,0.03936168923974037,0.021861590445041656,0.00048828125,-0.06400317698717117,0.08894877880811691,0.002352979965507984,-0.01714053936302662,-0.0314536951482296,0.03581993281841278,0.03874099254608154,0-2deg,0.00-0.04,0.0,0.0,0.0,0.0
146,12,True,True,0.07730342447757721,0.07730342447757721,0.06920401006937027,0.23770473897457123,1.2599999904632568,0.9284991025924683,0.5141684412956238,-0.08436069637537003,0.024751663208007812,0.23770473897457123,0.06920401006937027,-0.018376488238573074,-0.10530256479978561,0.8702281713485718,0.3552970588207245,0.23641255497932434,0.205463707447052,>=0.15,False,True,False,True,True,False,False,False,True,0.08507649600505829,-0.5642319321632385,0.5409282445907593,0.46639013290405273,1.7920551300048828,0.25999999046325684,0.06920401006937027,-0.020158886909484863,0.020158886909484863,-0.03624026104807854,0.026021044701337814,0.04461133852601051,0.049350809305906296,0.13499365746974945,0.03250240907073021,0.013182571157813072,0.23733891546726227,0.01792055182158947,-0.046859923750162125,0.021842563524842262,0.05169673264026642,0.04568997770547867,2-4deg,0.04-0.08,0.0,0.0,0.0,0.0
147,22,True,True,0.06719259172677994,0.06376288831233978,0.057361092418432236,0.17433063685894012,1.959999918937683,1.1435191631317139,0.32881075143814087,0.008006720803678036,0.009259071201086044,0.17433063685894012,0.057361092418432236,-0.019989117980003357,-0.001356633729301393,0.3104570508003235,0.15982116758823395,0.17408457398414612,0.16642192006111145,>=0.15,False,True,False,True,True,False,False,False,True,0.054133787751197815,-0.10436440259218216,0.10826665908098221,0.0501595214009285,0.4426848888397217,0.09999999403953552,0.057361092418432236,-0.020085670053958893,0.020085670053958893,0.08009970933198929,0.054058738052845,0.09660250693559647,0.0234612338244915,0.0838661789894104,0.0003452669770922512,0.024868007749319077,0.1725478321313858,0.004426848609000444,0.08068711310625076,0.05221301689743996,0.09607642143964767,0.025019820779561996,4-6deg,0.00-0.04,0.0,0.0,0.0,0.0
148,18,True,True,0.0613039992749691,0.04395699128508568,0.050277598202228546,0.18924760818481445,4.759999752044678,1.1116644144058228,0.232941135764122,-0.11135731637477875,0.005401186645030975,0.18924760818481445,0.050277598202228546,-0.019024772569537163,-0.11791210621595383,0.9635295271873474,0.370665967464447,0.18917052447795868,0.22207801043987274,>=0.15,False,True,False,True,True,False,False,False,True,0.027578454464673996,-0.09978020191192627,0.18102850019931793,0.08510161936283112,0.665951669216156,0.19999998807907104,0.050277598202228546,-0.020084872841835022,0.020084872841835022,-0.011270915158092976,-0.007658456917852163,0.01362831424921751,0.018223075196146965,0.07156971842050552,0.021004995331168175,0.004971136339008808,0.189182311296463,0.006659516599029303,-0.013693748973309994,-0.0056112948805093765,0.01479835994541645,0.016994057223200798,0-2deg,0.00-0.04,0.0,0.0,0.0,0.0
149,35,True,True,0.05941501632332802,0.05941501632332802,0.048033107072114944,0.10685719549655914,3.879999876022339,1.5931506156921387,0.27745649218559265,0.0036328171845525503,-0.04516887292265892,0.10685719549655914,0.048033107072114944,-0.02000606246292591,0.04905206710100174,0.9744521975517273,0.3294922709465027,0.09684128314256668,0.09367430955171585,0.05-0.10,False,True,False,True,True,False,False,False,True,0.08557282388210297,-0.22467397153377533,0.3847602307796478,0.07717321813106537,0.17472681403160095,2.180000066757202,0.048033107072114944,-0.02000606246292591,0.02000606246292591,0.001634953310713172,-0.03302600607275963,0.03306611254811287,0.006318859290331602,0.09380664676427841,0.00048828125,-0.046151380985975266,0.0963769257068634,0.0017472681356593966,-0.009427007287740707,-0.012052646838128567,0.015301359817385674,0.01766813173890114,0-2deg,0.00-0.04,0.0,0.0,0.0,0.0
150,63,True,True,0.09545700252056122,0.09534087777137756,0.0887925997376442,0.08196235448122025,2.7200000286102295,1.5581086874008179,0.42462775111198425,-0.009223541244864464,-0.049388423562049866,0.08196235448122025,0.0887925997376442,-0.019990047439932823,0.04281832277774811,0.948809802532196,0.3786749243736267,0.06541109830141068,0.1669396162033081,>=0.15,False,True,False,True,True,False,False,False,True,0.09984549880027771,-0.06755656003952026,0.3521013557910919,0.033440206199884415,0.056842803955078125,0.7799999713897705,0.0887925997376442,-0.019999662414193153,0.019999662414193153,0.058838505297899246,-0.00950978510081768,0.05960114300251007,0.02277347631752491,0.10395438224077225,0.0003452669770922512,-0.04623501002788544,0.06767682731151581,0.0005684280185960233,0.056459881365299225,0.006780232768505812,0.056864652782678604,0.026861321181058884,2-4deg,0.00-0.04,0.0,0.0,0.0,0.0
151,29,True,True,0.058154523372650146,0.05550869181752205,0.04643721505999565,0.23202627897262573,3.879999876022339,1.1787793636322021,0.2917177081108093,0.006235120352357626,-0.03168884664773941,0.23202627897262573,0.04643721505999565,-0.020003650337457657,0.037360526621341705,1.0198917388916016,0.3089997470378876,0.22985215485095978,0.2319285124540329,>=0.15,False,True,False,True,True,False,False,False,True,0.04318521171808243,-0.1033954918384552,0.0963694155216217,0.10238522291183472,0.1610899567604065,0.05999999865889549,0.04643721505999565,-0.020078901201486588,0.020078901201486588,0.00979350134730339,0.0012640011264011264,0.009874917566776276,0.014292845502495766,0.0012918708380311728,0.0003452669770922512,-0.033450063318014145,0.22960245609283447,0.0016108995769172907,0.00942924153059721,0.0008193384273909032,0.009461862966418266,0.014446353539824486,0-2deg,0.00-0.04,0.0,0.0,0.0,0.0
152,21,True,True,0.04326237365603447,0.04326237365603447,0.024743463844060898,0.09185060113668442,4.420000076293945,1.7077220678329468,0.2467467486858368,-0.06163611263036728,0.004453461617231369,0.09185060113668442,0.024743463844060898,-0.019666139036417007,-0.06453731656074524,2.2645962238311768,0.5972777605056763,0.09174256771802902,0.11786889284849167,0.10-0.15,False,True,False,True,True,False,False,False,True,0.030488556250929832,-0.029272016137838364,0.14728513360023499,0.02211129665374756,0.5215580463409424,0.1599999964237213,0.024743463844060898,-0.020026111975312233,0.020026111975312233,-0.01792367547750473,0.045920390635728836,0.04929238185286522,0.020503219217061996,0.04288177564740181,0.0063005415722727776,0.008012242615222931,0.09150047600269318,0.005215580575168133,-0.018976161256432533,0.043001625686883926,0.0469999685883522,0.023914063349366188,2-4deg,0.00-0.04,0.0,0.0,0.0,0.0
153,58,True,True,0.03588751703500748,0.03571978583931923,0.007980534806847572,0.11891715973615646,3.3399999141693115,1.2204530239105225,0.22339725494384766,0.006805709097534418,0.030430052429437637,0.11891715973615646,0.007980534806847572,-0.020011436194181442,-0.024396304041147232,0.40584638714790344,0.16822071373462677,0.11495783179998398,0.13704964518547058,0.10-0.15,False,True,False,True,True,False,False,False,True,0.003319118870422244,-0.11645457148551941,0.07263894379138947,0.05450517311692238,0.20826207101345062,0.11999999731779099,0.007980534806847572,-0.020020615309476852,0.020020615309476852,-0.04031387344002724,-0.05209914222359657,0.06586383283138275,0.04485003650188446,0.06813585013151169,0.0,0.02508743852376938,0.11624074727296829,0.002082620747387409,-0.036129824817180634,-0.05006316304206848,0.06172959506511688,0.04816872999072075,2-4deg,0.04-0.08,0.0,0.0,0.0,0.0
154,1,True,False,0.1296021193265915,0.10557340830564499,0.0,0.0,2.0999999046325684,1.4421790838241577,0.4286331832408905,-0.004872188437730074,-0.15041902661323547,0.24638815224170685,0.12485942244529724,-0.01978953927755356,0.14210474491119385,0.39603137969970703,0.2848954200744629,0.1951441466808319,0.17528361082077026,>=0.15,True,True,False,True,False,False,False,True,True,0.12485942244529724,-0.1487639844417572,0.19640874862670898,0.03664365038275719,0.03664365038275719,0.0,0.12485942244529724,-0.019921062514185905,0.019921062514185905,0.020469337701797485,0.004083958454430103,0.02087404578924179,0.04276442900300026,0.0037822125013917685,0.0037822125013917685,-0.1487639844417572,0.19640874862670898,0.0003664364921860397,0.020469337701797485,0.004083958454430103,0.02087404578924179,0.04276442900300026,0-2deg,0.04-0.08,0.0,0.0,0.0,0.0
155,40,True,True,0.06621915847063065,0.0653500184416771,0.056207943707704544,0.015574533492326736,3.859999895095825,1.327164649963379,0.21779803931713104,0.0036900523118674755,-0.007736461702734232,0.015574533492326736,0.056207943707704544,-0.019993556663393974,0.011442606337368488,1.1573470830917358,0.24483734369277954,0.013517146930098534,0.013709817081689835,0.00-0.05,False,True,False,True,True,False,False,False,True,0.057220179587602615,-0.08738839626312256,0.11389785259962082,0.022961946204304695,0.1964215636253357,0.07999999821186066,0.056207943707704544,-0.0200020931661129,0.0200020931661129,0.0010287633631378412,0.02078806422650814,0.020813990384340286,0.0009608856635168195,0.015113217756152153,0.0,-0.007976149208843708,0.013377112336456776,0.0019642156548798084,0.0009843562729656696,0.020809218287467957,0.020831165835261345,0.0007631363696418703,0-2deg,0.00-0.04,0.0,0.0,0.0,0.0
156,50,True,True,0.0759432464838028,0.0759432464838028,0.06739955395460129,0.020525438711047173,2.319999933242798,1.3701014518737793,0.3296104371547699,0.00271097244694829,-0.013891026377677917,0.020525438711047173,0.06739955395460129,-0.020004237070679665,0.01719515211880207,0.6217513084411621,0.3527241051197052,0.015110692009329796,0.13366876542568207,0.10-0.15,False,True,False,True,True,False,False,False,True,0.07665170729160309,-0.1282210350036621,0.2846851646900177,0.05598307400941849,0.32573285698890686,0.14000000059604645,0.06739955395460129,-0.02010243386030197,0.02010243386030197,0.0015144712524488568,-0.0009813134092837572,0.0017940601101145148,0.011265595443546772,0.12864257395267487,0.0,-0.013926059938967228,0.015078411437571049,0.003257328411564231,0.002843181136995554,-0.0011481338879093528,0.003068801248446107,0.011030015535652637,0-2deg,0.00-0.04,0.0,0.0,0.0,0.0
157,51,True,True,0.11170625686645508,0.1028868705034256,0.10608824342489243,0.15834003686904907,1.0799999237060547,1.2874224185943604,0.6452102065086365,-0.0014459001831710339,-0.03425033763051033,0.15834003686904907,0.10608824342489243,-0.02000497095286846,0.036762479692697525,0.38024088740348816,0.22588330507278442,0.15459132194519043,0.15402524173259735,>=0.15,False,True,False,True,True,False,False,False,True,0.09708388149738312,-0.030712882056832314,0.21996578574180603,0.9114848971366882,0.9114848971366882,0.07999999821186066,0.10608824342489243,-0.020230503752827644,0.020230503752827644,0.03746090456843376,0.01981690526008606,0.042376868426799774,0.03648662194609642,0.009089147672057152,0.00048828125,-0.039344046264886856,0.1533740907907486,0.00911484844982624,0.035563644021749496,0.018621711060404778,0.040142860263586044,0.03824354708194733,2-4deg,0.00-0.04,0.0,0.0,0.0,0.0
158,25,True,True,0.061143700033426285,0.06106553226709366,0.05013921111822128,0.09910597652196884,2.379999876022339,1.4748986959457397,0.374270498752594,0.010781817138195038,-0.03941904008388519,0.09910597652196884,0.05013921111822128,-0.019993672147393227,0.04905597120523453,0.6252939105033875,0.22977451980113983,0.09092928469181061,0.08456604182720184,0.05-0.10,False,True,False,True,True,False,False,False,True,0.0552385188639164,-0.13640467822551727,0.21172219514846802,0.045936621725559235,0.41195887327194214,0.09999999403953552,0.05013921111822128,-0.020075473934412003,0.020075473934412003,0.04375440627336502,-0.0354415625333786,0.056300777941942215,0.02648446522653103,0.08232290297746658,0.0003452669770922512,-0.0366862490773201,0.09206581115722656,0.004119588527828455,0.04248617962002754,-0.03365698829293251,0.05419595167040825,0.02823593094944954,2-4deg,0.00-0.04,0.0,0.0,0.0,0.0
159,9,True,True,0.10481222718954086,0.09475875645875931,0.0987999215722084,0.20146916806697845,1.9399999380111694,1.211421012878418,0.320159375667572,0.0053976369090378284,-0.031348083168268204,0.20146916806697845,0.0987999215722084,-0.019999558106064796,0.033194102346897125,0.34554314613342285,0.2609686255455017,0.19901537895202637,0.19478049874305725,>=0.15,False,True,False,True,True,False,False,False,True,0.0895855724811554,-0.11792031675577164,0.16963499784469604,0.031596824526786804,0.157065287232399,0.09999999403953552,0.0987999215722084,-0.020017946138978004,0.020017946138978004,0.029727205634117126,0.013052092865109444,0.032465703785419464,0.04728053882718086,0.06576776504516602,0.0,-0.02625862881541252,0.199750617146492,0.0015706528211012483,0.028055690228939056,0.00961191114038229,0.029655881226062775,0.048300597816705704,0-2deg,0.04-0.08,0.0,0.0,0.0,0.0
160,48,True,True,0.05858681723475456,0.05858681723475456,0.04697046056389809,0.07550962269306183,2.319999933242798,1.5399969816207886,0.4069059491157532,-0.054453618824481964,0.005628649145364761,0.07550962269306183,0.04697046056389809,-0.01975359208881855,-0.05763392895460129,1.2099120616912842,0.5147779583930969,0.07529954612255096,0.026201145723462105,0.00-0.05,False,True,False,True,True,False,False,False,True,0.05252676084637642,-0.15439921617507935,0.28088146448135376,0.15405061841011047,0.15405061841011047,0.1599999964237213,0.04697046056389809,-0.01975359208881855,0.01975359208881855,0.016333220526576042,0.014114491641521454,0.021587200462818146,0.058693777769804,0.030720269307494164,0.004931403789669275,0.0040319692343473434,0.0754019021987915,0.0015405061421915889,0.024362146854400635,0.013171801343560219,0.027693362906575203,0.056657154113054276,0-2deg,0.04-0.08,0.0,0.0,0.0,0.0
161,56,True,True,0.03521869331598282,0.03521869331598282,0.003964500036090612,0.17992836236953735,3.559999942779541,1.2297985553741455,0.22648511826992035,0.011374416761100292,0.035569533705711365,0.17992836236953735,0.003964500036090612,-0.02000565081834793,-0.02414589747786522,0.7198385000228882,0.22762644290924072,0.17637750506401062,0.18049389123916626,>=0.15,False,True,False,True,True,False,False,False,True,0.010899140499532223,-0.11471883207559586,0.08527024835348129,0.04713047668337822,0.2095625400543213,0.09999999403953552,0.003964500036090612,-0.020007522776722908,0.020007522776722908,-0.007200215477496386,-0.02089567482471466,0.022100232541561127,0.02670084312558174,0.04111576825380325,0.0003452669770922512,0.031474605202674866,0.177154079079628,0.0020956252701580524,-0.008579704910516739,-0.022487597540020943,0.024067943915724754,0.02594873122870922,0-2deg,0.00-0.04,0.0,0.0,0.0,0.0
162,39,True,True,0.056854601949453354,0.05052351579070091,0.04480166360735893,0.22149355709552765,2.619999885559082,1.2424416542053223,0.3094538450241089,0.0030447288881987333,0.004420679062604904,0.22149355709552765,0.04480166360735893,-0.01998918503522873,-0.0009381424752064049,0.9824562668800354,0.40132176876068115,0.22144943475723267,0.22061467170715332,>=0.15,False,True,False,True,True,False,False,False,True,0.03402908891439438,-0.16275599598884583,0.21478737890720367,0.03495832160115242,0.5207551717758179,0.07999999821186066,0.04480166360735893,-0.02008293941617012,0.02008293941617012,0.020943956449627876,0.011278070509433746,0.023786423727869987,0.021516548469662666,0.03768223151564598,0.0,0.004554538056254387,0.22144672274589539,0.005207551643252373,0.022214937955141068,0.01121759507805109,0.024886226281523705,0.020894119516015053,0-2deg,0.00-0.04,0.0,0.0,0.0,0.0
163,16,True,True,0.0850115641951561,0.07492046803236008,0.07744494825601578,0.24856984615325928,3.0,1.3912580013275146,0.2997745871543884,0.020522812381386757,-0.08362281322479248,0.24856984615325928,0.07744494825601578,-0.019991004839539528,0.10683047026395798,1.5232170820236206,0.5889398455619812,0.23408159613609314,0.22776082158088684,>=0.15,False,True,False,True,True,False,False,False,True,0.0635044053196907,-0.3374950885772705,0.1973220705986023,0.1609184890985489,0.36225128173828125,0.07999999821186066,0.07744494825601578,-0.019991004839539528,0.019991004839539528,0.0012182125356048346,-0.012200453318655491,0.012260700576007366,0.03546373173594475,0.046712372452020645,0.0008457279182039201,-0.08054491877555847,0.23515842854976654,0.003622512798756361,0.00253634643740952,-0.013863190077245235,0.0140927629545331,0.035256724804639816,0-2deg,0.00-0.04,0.0,0.0,0.0,0.0
164,55,True,True,0.06426142156124115,0.03735390678048134,0.053881093859672546,0.2627483308315277,3.8999998569488525,1.2225565910339355,0.263185977935791,0.02836461551487446,0.09895205497741699,0.2627483308315277,0.053881093859672546,-0.02001318335533142,-0.0741698145866394,1.3253812789916992,0.37593355774879456,0.2434033304452896,0.2233390212059021,>=0.15,False,True,False,True,True,False,False,False,True,0.0031255867797881365,-0.037561677396297455,0.12509280443191528,0.0991576686501503,0.5872225761413574,0.3199999928474426,0.053881093859672546,-0.02006918378174305,0.02006918378174305,0.016011646017432213,0.0787811353802681,0.08038879185914993,0.03151634335517883,0.06797808408737183,0.0006905339541845024,0.1160595566034317,0.2357262670993805,0.005872225854545832,0.022636689245700836,0.07068455964326859,0.07421489804983139,0.03862381353974342,4-6deg,0.00-0.04,0.0,0.0,0.0,0.0
165,59,True,True,0.05621377006173134,0.05621377006173134,0.043997764587402344,0.1796867698431015,4.579999923706055,1.3220086097717285,0.19582244753837585,0.007430782075971365,-0.048889413475990295,0.1796867698431015,0.043997764587402344,-0.019992312416434288,0.05394231155514717,1.1298316717147827,0.37968024611473083,0.1729079633951187,0.17063488066196442,>=0.15,False,True,False,True,True,False,False,False,True,0.050310999155044556,-0.03244024142622948,0.14360305666923523,0.33765700459480286,0.33765700459480286,0.05999999865889549,0.043997764587402344,-0.020010704174637794,0.020010704174637794,-0.008303310722112656,-0.02595817856490612,0.027252888306975365,0.057194117456674576,0.0,0.00048828125,-0.050825443118810654,0.17234879732131958,0.00337657006457448,-0.006016669794917107,-0.025795187801122665,0.026487501338124275,0.05742071568965912,0-2deg,0.04-0.08,0.0,0.0,0.0,0.0
166,33,True,True,0.07941005378961563,0.07760032266378403,0.07118845731019974,0.157699316740036,2.180000066757202,1.5252255201339722,0.3839053809642792,-0.015158948488533497,-0.12282029539346695,0.157699316740036,0.07118845731019974,-0.019848491996526718,0.10784135013818741,1.3312114477157593,0.5505998730659485,0.09891536086797714,0.0923149511218071,0.05-0.10,False,True,False,True,True,False,False,False,True,0.06931955367326736,-0.23010896146297455,0.2328108251094818,0.034813638776540756,0.07109484076499939,0.07999999821186066,0.07118845731019974,-0.019848491996526718,0.019848491996526718,0.061273206025362015,0.0023177622351795435,0.06131661683320999,0.0024071368388831615,0.006703884806483984,0.003068801248446107,-0.12544463574886322,0.09556525200605392,0.0007109483703970909,0.06113428249955177,0.0024081245064735413,0.061181262135505676,0.0031456376891583204,2-4deg,0.00-0.04,0.0,0.0,0.0,0.0
167,42,True,True,0.03911174088716507,0.03911174088716507,0.017546864226460457,0.16803193092346191,2.5799999237060547,1.5734587907791138,0.3815215229988098,0.010468488559126854,0.09490939229726791,0.16803193092346191,0.017546864226460457,-0.020033352077007294,-0.08687165379524231,1.2751938104629517,0.542948842048645,0.1386612355709076,0.1293533742427826,0.10-0.15,False,True,False,True,True,False,False,False,True,0.04133709892630577,-0.11571934074163437,0.2711595892906189,0.14675934612751007,0.47033610939979553,0.23999999463558197,0.017546864226460457,-0.020044563338160515,0.020044563338160515,0.05736760422587395,-0.017605312168598175,0.06000503897666931,0.0419921949505806,0.054542552679777145,0.001035800902172923,0.10281717032194138,0.1329035758972168,0.004703361075371504,0.05642788112163544,-0.02663794532418251,0.0623936653137207,0.04051506891846657,2-4deg,0.04-0.08,0.0,0.0,0.0,0.0
168,19,True,True,0.07834378629922867,0.057735275477170944,0.07004453986883163,0.06704884022474289,5.179999828338623,1.3162680864334106,0.22670502960681915,-0.012225769460201263,-0.05929818004369736,0.06704884022474289,0.07004453986883163,-0.01995399221777916,0.04741004481911659,1.7962640523910522,0.4275124967098236,0.03129332885146141,0.07334744185209274,0.05-0.10,False,True,False,True,True,False,False,False,True,0.07294858992099762,-0.09083917737007141,0.1329435408115387,0.027403373271226883,0.0634910836815834,0.14000000059604645,0.07004453986883163,-0.020008591935038567,0.020008591935038567,0.027815429493784904,-0.025931894779205322,0.03802557662129402,0.04352214187383652,0.06631600111722946,0.0012448779307305813,-0.058434490114450455,0.032877907156944275,0.0006349108298309147,0.026801684871315956,-0.020663486793637276,0.03384130075573921,0.04581962898373604,2-4deg,0.04-0.08,0.0,0.0,0.0,0.0
169,24,True,True,0.05594545602798462,0.05594545602798462,0.0436394177377224,0.161510169506073,3.359999895095825,1.3777555227279663,0.20487269759178162,-0.003321742406114936,-0.0838952288031578,0.161510169506073,0.0436394177377224,-0.019928857684135437,0.08163201063871384,0.6587146520614624,0.23102816939353943,0.13801132142543793,0.22895200550556183,>=0.15,False,True,False,True,True,False,False,False,True,0.04497314617037773,-0.06065967306494713,0.24842804670333862,0.36327359080314636,0.36327359080314636,0.05999999865889549,0.0436394177377224,-0.02001003734767437,0.02001003734767437,-0.014396104961633682,-0.00882195495069027,0.016883015632629395,0.033876605331897736,0.0005980199784971774,0.0015049839857965708,-0.08562449365854263,0.13694517314434052,0.003632735926657915,-0.015163831412792206,-0.007702390663325787,0.01700613647699356,0.03399406000971794,0-2deg,0.00-0.04,0.0,0.0,0.0,0.0
170,31,True,False,0.29811206459999084,0.05090082436800003,0.0,0.0,3.919999837875366,1.1548237800598145,0.27535510063171387,-0.03801075741648674,0.09988580644130707,0.23481906950473785,0.29753991961479187,-0.015232253819704056,-0.14647768437862396,1.027479887008667,0.3192272484302521,0.2125154584646225,0.26259845495224,>=0.15,True,True,False,True,False,False,False,True,True,0.03173504397273064,-0.09925679862499237,0.19567759335041046,0.06012130528688431,0.7754144668579102,0.0,0.29753991961479187,-0.020119424909353256,0.020119424909353256,0.01244455948472023,0.02902841940522194,0.031583335250616074,0.08954015374183655,0.07401688396930695,0.06119491159915924,0.08084581792354584,0.22046303749084473,0.007754144724458456,-0.0461597815155983,0.07956217229366302,0.09195839613676071,0.05178344249725342,0-2deg,0.08-0.12,0.0,0.0,0.0,0.0
171,2,True,True,0.04619933292269707,0.04500233381986618,0.030154742300510406,0.14850252866744995,2.180000066757202,1.432369351387024,0.47172755002975464,-0.0031496642623096704,-0.10492659360170364,0.14850252866744995,0.030154742300510406,-0.020017506554722786,0.10308549553155899,0.9035302400588989,0.44791942834854126,0.10508763045072556,0.10692046582698822,0.10-0.15,False,True,False,True,True,False,False,False,True,0.028462432324886322,-0.06297412514686584,0.11225894093513489,0.839175820350647,0.839175820350647,0.05999999865889549,0.030154742300510406,-0.020136220380663872,0.020136220380663872,0.04178420081734657,0.023857994005084038,0.04811211675405502,0.050207026302814484,0.0005980199784971774,0.0009765625,-0.10391240566968918,0.10609058290719986,0.008391758427023888,0.03987869992852211,0.024526726454496384,0.04681438207626343,0.05076153948903084,2-4deg,0.04-0.08,0.0,0.0,0.0,0.0
172,43,True,True,0.06261106580495834,0.04185328260064125,0.05189603194594383,0.17883040010929108,3.559999942779541,1.1612504720687866,0.2423587590456009,-0.05478600785136223,0.014371156692504883,0.17883040010929108,0.05189603194594383,-0.020016852766275406,-0.06672623753547668,0.8048189878463745,0.2675017714500427,0.17825202643871307,0.1952320635318756,>=0.15,False,True,False,True,True,False,False,False,True,0.02278108522295952,-0.013508166186511517,0.03785520792007446,0.058600712567567825,0.12666594982147217,0.3799999952316284,0.05189603194594383,-0.020016852766275406,0.020016852766275406,-0.06499791890382767,-0.03547285497188568,0.0740354135632515,0.018217086791992188,0.058909688144922256,0.001035800902172923,0.018372345715761185,0.17788414657115936,0.0012666594702750444,-0.06531926244497299,-0.04095252975821495,0.07708016782999039,0.012751791626214981,4-6deg,0.00-0.04,0.0,0.0006905339541845024,0.0,0.0
173,23,True,True,0.10160178691148758,0.0813513696193695,0.09538175910711288,0.1875506341457367,1.059999942779541,1.6472338438034058,0.6554704308509827,-0.014405973255634308,-0.07445055991411209,0.1875506341457367,0.09538175910711288,-0.019961079582571983,0.058391064405441284,0.6205358505249023,0.3540582060813904,0.17214050889015198,0.1685275435447693,>=0.15,False,True,False,True,True,False,False,False,True,0.07362779229879379,-0.35667145252227783,0.6427850723266602,0.09795437008142471,0.407566636800766,0.19999998807907104,0.09538175910711288,-0.020053701475262642,0.020053701475262642,-0.06624846160411835,-0.03849784657359123,0.0766080990433693,0.029826976358890533,0.06446151435375214,0.0007720404537394643,-0.08499891310930252,0.1671837866306305,0.004075666423887014,-0.06819737702608109,-0.033656951040029526,0.07603902369737625,0.029133668169379234,4-6deg,0.00-0.04,0.0,0.0,0.0,0.0
174,53,True,True,0.05043609440326691,0.05043609440326691,0.03586422652006149,0.19853368401527405,4.619999885559082,1.4273544549942017,0.21902553737163544,-0.0244249626994133,-0.13317780196666718,0.19853368401527405,0.03586422652006149,-0.019675396382808685,0.10785232484340668,0.9515503644943237,0.3313327729701996,0.14723891019821167,0.17521604895591736,>=0.15,False,True,False,True,True,False,False,False,True,0.06518702954053879,-0.10304076969623566,0.17955729365348816,0.02459973841905594,0.03556614741683006,0.3999999761581421,0.03586422652006149,-0.019675396382808685,0.019675396382808685,-0.07627400010824203,-0.007483263034373522,0.07663924992084503,0.005539660342037678,0.10895812511444092,0.0068707396276295185,-0.12166619300842285,0.15688519179821014,0.00035566146834753454,-0.07571179419755936,-0.00879374798387289,0.07622005045413971,0.007585044484585524,4-6deg,0.00-0.04,0.0,0.0,0.0,0.0
175,11,True,True,0.06542278081178665,0.06540033966302872,0.05532081425189972,0.23744416236877441,2.679999828338623,1.5997018814086914,0.34101155400276184,0.0025524157099425793,-0.10770654678344727,0.23744416236877441,0.05532081425189972,-0.020036740228533745,0.10891468077898026,1.1166952848434448,0.5126364231109619,0.2116105556488037,0.20023970305919647,>=0.15,False,True,False,True,True,False,False,False,True,0.060745202004909515,-0.2525389492511749,0.19698557257652283,0.05147344619035721,0.19026923179626465,0.09999999403953552,0.05532081425189972,-0.020036740228533745,0.020036740228533745,-0.07361454516649246,0.0029603729490190744,0.07367433607578278,0.03810594603419304,0.11885181814432144,0.0008457279182039201,-0.11333388090133667,0.20865081250667572,0.0019026922527700663,-0.07572538405656815,0.005046015605330467,0.07589293271303177,0.03608282282948494,4-6deg,0.00-0.04,0.0,0.0,0.0,0.0
176,62,True,True,0.05093783140182495,0.05093783140182495,0.03694941848516464,0.12087580561637878,2.559999942779541,1.4799755811691284,0.3747119903564453,-0.03312456235289574,-0.07262283563613892,0.12087580561637878,0.03694941848516464,-0.01996627077460289,0.0396355576813221,0.508629560470581,0.20013637840747833,0.09662754833698273,0.17048774659633636,>=0.15,False,True,False,True,True,False,False,False,True,0.04105037450790405,-0.1446641981601715,0.03846331685781479,0.07950551807880402,0.07950551807880402,0.09999999403953552,0.03694941848516464,-0.01996627077460289,0.01996627077460289,-0.05159842595458031,0.06894873082637787,0.08609368652105331,0.03426601365208626,0.10446836054325104,0.0007720404537394643,-0.06443573534488678,0.1022692322731018,0.0007950551807880402,-0.05428765341639519,0.06864259392023087,0.08748887479305267,0.033495575189590454,4-6deg,0.00-0.04,0.0,0.0,0.0,0.0
177,3,True,True,0.0832676887512207,0.07227333635091782,0.07555048912763596,0.20698919892311096,2.0199999809265137,1.3164129257202148,0.43926942348480225,0.006138564087450504,0.008059779182076454,0.20698919892311096,0.07555048912763596,-0.01999383419752121,-0.001987222582101822,1.0826982259750366,0.37865549325942993,0.20683223009109497,0.2049824446439743,>=0.15,False,True,False,True,True,False,False,False,True,0.06766906380653381,-0.10423682630062103,0.060783084481954575,0.0333520881831646,0.3371981084346771,0.07999999821186066,0.07555048912763596,-0.01999383419752121,0.01999383419752121,0.03949422761797905,0.01682211458683014,0.04292624443769455,0.05850129574537277,0.018471239134669304,0.0,0.016034718602895737,0.20636717975139618,0.0033719809725880623,0.03929860144853592,0.013291913084685802,0.04148389399051666,0.05932383984327316,2-4deg,0.04-0.08,0.0,0.0006905339541845024,0.0,0.0
178,20,True,True,0.07343889027833939,0.06854357570409775,0.06459899246692657,0.2361375391483307,2.240000009536743,1.4522693157196045,0.45491209626197815,-0.015519707463681698,-0.17869549989700317,0.2361375391483307,0.06459899246692657,-0.02001563087105751,0.16507168114185333,0.8871098756790161,0.465758353471756,0.15436595678329468,0.15418276190757751,>=0.15,False,True,False,True,True,False,False,False,True,0.0589236356317997,-0.33492398262023926,0.18814338743686676,0.04038136079907417,0.19504530727863312,0.07999999821186066,0.06459899246692657,-0.02001563087105751,0.02001563087105751,-0.026763780042529106,-0.04613153636455536,0.05332855135202408,0.033896174281835556,0.006118156015872955,0.0008457279182039201,-0.17764796316623688,0.15557032823562622,0.0019504530355334282,-0.02819700352847576,-0.044686295092105865,0.052834250032901764,0.03396179527044296,2-4deg,0.00-0.04,0.0,0.0,0.0,0.0
179,14,True,True,0.08268261700868607,0.08250182121992111,0.07492280006408691,0.06396986544132233,2.2200000286102295,1.5031647682189941,0.3995167016983032,0.011058157309889793,0.04050835222005844,0.06396986544132233,0.07492280006408691,-0.020003823563456535,-0.030147014185786247,0.8533850312232971,0.39921921491622925,0.049509771168231964,0.1158342957496643,0.10-0.15,False,True,False,True,True,False,False,False,True,0.078646719455719,-0.29331880807876587,0.2529900074005127,0.09950420260429382,0.7041693925857544,0.07999999821186066,0.07492280006408691,-0.020025288686156273,0.020025288686156273,0.06775824725627899,-0.002510057296603918,0.06780499964952469,0.013419602066278458,0.04490707069635391,0.0003452669770922512,0.03726508468389511,0.05199477821588516,0.007041693665087223,0.06847374886274338,-0.0024920711293816566,0.06851910799741745,0.01043340191245079,2-4deg,0.00-0.04,0.0,0.0,0.0,0.0
180,5,True,True,0.09345743060112,0.09196697175502777,0.08655473589897156,0.15240871906280518,2.200000047683716,1.3994354009628296,0.3571370244026184,0.001923442236147821,-0.07174384593963623,0.15240871906280518,0.08655473589897156,-0.01974092610180378,0.06986039131879807,1.3425416946411133,0.5842467546463013,0.1344664990901947,0.08463425934314728,0.05-0.10,False,True,False,True,True,False,False,False,True,0.0849454402923584,-0.05776127427816391,0.28238511085510254,0.022317269816994667,0.04776926338672638,0.09999999403953552,0.08655473589897156,-0.01974092610180378,0.01974092610180378,-0.0036161409225314856,0.005825754255056381,0.006853367201983929,0.049037590622901917,0.01165250688791275,0.003981816116720438,-0.07093878090381622,0.13489295542240143,0.00047769263619557023,-0.007517906371504068,0.006171233486384153,0.009728972800076008,0.04887136444449425,0-2deg,0.04-0.08,0.0,0.0,0.0,0.0
181,47,True,True,0.060820840299129486,0.05056453123688698,0.04971688240766525,0.2752252519130707,3.0,1.2944469451904297,0.34379908442497253,0.04702971875667572,0.13718418776988983,0.2752252519130707,0.04971688240766525,-0.02000570110976696,-0.09080519527196884,0.5994833111763,0.2512083351612091,0.23859889805316925,0.21060088276863098,>=0.15,False,True,False,True,True,False,False,False,True,0.036289867013692856,-0.06170549988746643,0.137083500623703,0.10614576190710068,0.6283560991287231,0.11999999731779099,0.04971688240766525,-0.020074281841516495,0.020074281841516495,0.042881596833467484,-0.0009241679217666388,0.04289150983095169,0.05119789019227028,0.0182504802942276,0.001091830083169043,0.12787126004695892,0.24371680617332458,0.0062835607677698135,0.0470442958176136,-0.0036566066555678844,0.04718609154224396,0.04835057631134987,2-4deg,0.04-0.08,0.0,0.0,0.0,0.0
182,26,True,True,0.08869925141334534,0.08543190360069275,0.08134205639362335,0.12127842754125595,3.299999952316284,1.1226396560668945,0.28708258271217346,-0.010861093178391457,-0.09367216378450394,0.12127842754125595,0.08134205639362335,-0.019862355664372444,0.08363281190395355,0.8792721629142761,0.33776137232780457,0.07703235000371933,0.19360528886318207,>=0.15,False,True,False,True,True,False,False,False,True,0.07800078392028809,-0.09635990858078003,0.07882922887802124,0.13892316818237305,0.13892316818237305,0.05999999865889549,0.08134205639362335,-0.020060744136571884,0.020060744136571884,0.02691814862191677,0.00390044623054564,0.027198147028684616,0.03384510800242424,0.0011960400734096766,0.0029092722106724977,-0.0938606783747673,0.07680253684520721,0.0013892316492274404,0.025548161938786507,0.003927791956812143,0.025847360491752625,0.034660279750823975,0-2deg,0.00-0.04,0.0,0.0,0.0,0.0
183,37,True,True,0.049586113542318344,0.049586113542318344,0.034844085574150085,0.21375378966331482,1.8199999332427979,1.2726802825927734,0.318413108587265,-0.020011356100440025,-0.20463205873966217,0.21375378966331482,0.034844085574150085,-0.019707681611180305,0.18469582498073578,0.727167010307312,0.3484300374984741,0.06177709251642227,0.07157351076602936,0.05-0.10,False,True,False,True,True,False,False,False,True,0.03540346026420593,-0.133891761302948,0.10811735689640045,0.7352637052536011,0.7352637052536011,0.05999999865889549,0.034844085574150085,-0.020016048103570938,0.020016048103570938,0.0041819470934569836,0.06477440148591995,0.06490872800350189,0.03918198496103287,0.0031455333810299635,0.005818550940603018,-0.20025905966758728,0.07474624365568161,0.007352636661380529,0.00470985472202301,0.06622839719057083,0.066395103931427,0.03815682977437973,2-4deg,0.00-0.04,0.0,0.0,0.0,0.0
184,46,True,True,0.11228369921445847,0.10304702818393707,0.10670363157987595,0.19058696925640106,2.5199999809265137,1.5174715518951416,0.27381250262260437,0.00024403991119470447,-0.14561094343662262,0.19058696925640106,0.10670363157987595,-0.01958385482430458,0.14659637212753296,1.0433735847473145,0.47187620401382446,0.12296686321496964,0.12453877925872803,0.10-0.15,False,True,False,True,True,False,False,False,True,0.09855727851390839,-0.1377592235803604,0.29433882236480713,0.07533054798841476,0.07533054798841476,0.25999999046325684,0.10670363157987595,-0.019678201526403427,0.019678201526403427,0.02716887556016445,-0.05474139377474785,0.06110713258385658,0.01058006938546896,0.006505339872092009,0.0058593833819031715,-0.14127212762832642,0.12792803347110748,0.0007533054449595511,0.027830880135297775,-0.056414589285850525,0.06289921700954437,0.004384794272482395,2-4deg,0.00-0.04,0.0,0.0,0.0,0.0
185,12,True,True,0.045073606073856354,0.045073606073856354,0.02845652587711811,0.20075984299182892,1.5799999237060547,1.4285119771957397,0.519972026348114,-0.01733594387769699,-0.15100260078907013,0.20075984299182892,0.02845652587711811,-0.020037394016981125,0.13361525535583496,0.4500361680984497,0.2436458319425583,0.13229785859584808,0.11389631778001785,0.10-0.15,False,True,False,True,True,False,False,False,True,0.03237491846084595,-0.34345701336860657,0.37375473976135254,0.07151936739683151,0.2420222908258438,0.09999999403953552,0.02845652587711811,-0.020037394016981125,0.020037394016981125,0.015966877341270447,0.004208672791719437,0.01651174947619438,0.009250444360077381,0.06937477737665176,0.00048828125,-0.1507309079170227,0.1326073408126831,0.0024202228523790836,0.016125129535794258,0.0034871213138103485,0.016497300937771797,0.009232521057128906,0-2deg,0.00-0.04,0.0,0.0,0.0,0.0
186,27,True,True,0.05531362071633339,0.05531362071633339,0.04284359887242317,0.08951817452907562,2.419999837875366,1.5739096403121948,0.4467490315437317,0.004168712068349123,-0.025460779666900635,0.08951817452907562,0.04284359887242317,-0.02000901848077774,0.029366331174969673,1.5340189933776855,0.6400747299194336,0.08582105487585068,0.07018844783306122,0.05-0.10,False,True,False,True,True,False,False,False,True,0.04761109873652458,-0.3352656662464142,0.3755266070365906,0.13750189542770386,0.13750189542770386,0.09999999403953552,0.04284359887242317,-0.02000901848077774,0.02000901848077774,0.029395408928394318,-0.057139720767736435,0.06425019353628159,0.02302725240588188,0.10973480343818665,0.00048828125,-0.030968880280852318,0.0839906707406044,0.0013750189682468772,0.02815973572432995,-0.05843859538435936,0.06486276537179947,0.021866224706172943,2-4deg,0.00-0.04,0.0,0.0,0.0,0.0
187,60,True,True,0.08702255040407181,0.07954403012990952,0.07967620342969894,0.1323690265417099,2.4600000381469727,1.4112567901611328,0.3746888041496277,0.0057958634570240974,-0.030189506709575653,0.1323690265417099,0.07967620342969894,-0.01999741792678833,0.03479204699397087,0.8842352032661438,0.44893380999565125,0.12888038158416748,0.13191501796245575,0.10-0.15,False,True,False,True,True,False,False,False,True,0.0735301747918129,-0.12301309406757355,0.17402471601963043,0.021497225388884544,0.4014211893081665,0.07999999821186066,0.07967620342969894,-0.02000170573592186,0.02000170573592186,-0.05881412699818611,-0.00010681736603146419,0.05881444737315178,0.02927924320101738,0.026942703872919083,0.0,-0.02380312792956829,0.1302112489938736,0.00401421170681715,-0.056988704949617386,-7.419153553200886e-05,0.056988269090652466,0.03156604245305061,2-4deg,0.00-0.04,0.0,0.0,0.0,0.0
188,54,True,True,0.04889649525284767,0.04889649525284767,0.034154992550611496,0.08506853133440018,3.0,1.433398962020874,0.2818624973297119,0.00932649802416563,0.030779171735048294,0.08506853133440018,0.034154992550611496,-0.019997790455818176,-0.022985778748989105,0.3897780179977417,0.18719439208507538,0.07930509001016617,0.07507986575365067,0.05-0.10,False,True,False,True,True,False,False,False,True,0.03818313404917717,-0.06886103004217148,0.029533816501498222,0.04570886120200157,0.2195236086845398,0.09999999403953552,0.034154992550611496,-0.020017342641949654,0.020017342641949654,0.04238519072532654,0.009509905241429806,0.04343849793076515,0.043517205864191055,0.018351448699831963,0.0003452669770922512,0.033903516829013824,0.07802055031061172,0.0021952360402792692,0.04559989273548126,0.010601017624139786,0.0468156561255455,0.04132843762636185,2-4deg,0.04-0.08,0.0,0.0,0.0,0.0
189,19,True,True,0.05935463681817055,0.058289095759391785,0.04792752489447594,0.10147923976182938,1.0,1.5917527675628662,0.7625945210456848,0.004729628562927246,0.02350126951932907,0.10147923976182938,0.04792752489447594,-0.01998334936797619,-0.01863507181406021,0.3964940309524536,0.24927036464214325,0.09872044622898102,0.09498459100723267,0.05-0.10,False,True,False,True,True,False,False,False,True,0.048516854643821716,-0.2826351523399353,0.23127032816410065,0.08953328430652618,0.20128807425498962,0.07999999821186066,0.04792752489447594,-0.019994260743260384,0.019994260743260384,0.06986518204212189,0.004950059577822685,0.07003969699144363,0.0041639311239123344,0.02947441302239895,0.0003452669770922512,0.02017274685204029,0.09945399314165115,0.002012880751863122,0.06992065161466599,0.005164638161659241,0.07011120766401291,0.0035112795885652304,4-6deg,0.00-0.04,0.0,0.0,0.0,0.0
190,52,True,True,0.09185127913951874,0.062242455780506134,0.08493812382221222,0.10506146401166916,3.879999876022339,1.1616840362548828,0.25598666071891785,0.0010326002957299352,-0.04009191319346428,0.10506146401166916,0.08493812382221222,-0.020009446889162064,0.0434146448969841,0.4855223298072815,0.2237003743648529,0.09711101651191711,0.09406942129135132,0.05-0.10,False,True,False,True,True,False,False,False,True,0.08114153146743774,-0.09244439005851746,0.07740559428930283,0.03972666710615158,0.08430539816617966,0.14000000059604645,0.08493812382221222,-0.020009446889162064,0.020009446889162064,-0.013192444108426571,-0.05332444608211517,0.05493040755391121,0.03438466787338257,0.06634747236967087,0.0,-0.03452024981379509,0.09922833740711212,0.0008430539746768773,-0.010159422643482685,-0.05605938658118248,0.05697152391076088,0.03367403522133827,2-4deg,0.00-0.04,0.0,0.0,0.0,0.0
191,7,True,True,0.03657909855246544,0.03657909855246544,0.010574974119663239,0.24891093373298645,4.480000019073486,1.4964408874511719,0.26436737179756165,0.007531120907515287,0.04788857325911522,0.24891093373298645,0.010574974119663239,-0.0199804175645113,-0.04047993943095207,1.3890714645385742,0.40397223830223083,0.24426080286502838,0.24295951426029205,>=0.15,False,True,False,True,True,False,False,False,True,0.11662106215953827,-0.04674997553229332,0.23231925070285797,0.13071933388710022,0.46332162618637085,2.1599998474121094,0.010574974119663239,-0.02001846767961979,0.02001846767961979,0.018001163378357887,0.0033234013244509697,0.01830591820180416,0.015771815553307533,0.0013810680247843266,0.0005980199784971774,0.05151588097214699,0.24352160096168518,0.0046332161873579025,0.0029650076758116484,0.01663484051823616,0.016897130757570267,0.015812614932656288,0-2deg,0.00-0.04,0.0,0.0,0.0,0.0
192,25,True,True,0.0672076940536499,0.06629089266061783,0.057348307222127914,0.19613145291805267,1.3399999141693115,1.3815022706985474,0.4446066617965698,-0.023372622206807137,-0.17663776874542236,0.19613145291805267,0.057348307222127914,-0.019908500835299492,0.1560828685760498,0.4789227545261383,0.2150060534477234,0.08524463325738907,0.11842596530914307,0.10-0.15,False,True,False,True,True,False,False,False,True,0.05940307304263115,-0.47028425335884094,0.45050063729286194,0.030662907287478447,0.07917860895395279,0.09999999403953552,0.057348307222127914,-0.019908500835299492,0.019908500835299492,0.010102033615112305,0.0517776757478714,0.05275292322039604,0.03555453196167946,0.005662806797772646,0.0016558425268158317,-0.17177726328372955,0.09465794265270233,0.0007917860639281571,0.007887070998549461,0.05346846580505371,0.05404610186815262,0.03412995487451553,2-4deg,0.00-0.04,0.0,0.0,0.0,0.0
193,61,True,True,0.08416854590177536,0.08349358290433884,0.07655754685401917,0.20506037771701813,2.5799999237060547,1.6402887105941772,0.3938303291797638,-0.04091094434261322,-0.19130750000476837,0.20506037771701813,0.07655754685401917,-0.01999654993414879,0.15123003721237183,0.9253153800964355,0.3344617784023285,0.07383222877979279,0.05815066397190094,0.05-0.10,False,True,False,True,True,False,False,False,True,0.07578683644533157,-0.11348304152488708,0.02996569499373436,0.7497988343238831,0.7497988343238831,0.05999999865889549,0.07655754685401917,-0.020009241998195648,0.020009241998195648,-0.07205440104007721,0.04721731320023537,0.08612487465143204,0.0404561422765255,0.0012918708380311728,0.0003452669770922512,-0.1954195648431778,0.06213657185435295,0.007497988175600767,-0.07310596853494644,0.04597863554954529,0.08634079992771149,0.04080021753907204,4-6deg,0.04-0.08,0.0,0.0,0.0,0.0
194,2,True,True,0.058237165212631226,0.05348851531744003,0.0465758815407753,0.23603485524654388,1.0399999618530273,1.5737299919128418,0.7590782642364502,0.009687431156635284,-0.11707092821598053,0.23603485524654388,0.0465758815407753,-0.02003459259867668,0.12834258377552032,0.4489368796348572,0.2773462235927582,0.20495574176311493,0.190586119890213,>=0.15,False,True,False,True,True,False,False,False,True,0.0406075194478035,-0.24871788918972015,0.253486692905426,0.3813982307910919,0.3813982307910919,0.05999999865889549,0.0465758815407753,-0.02025723271071911,0.02025723271071911,-0.01295728050172329,0.0015158656751736999,0.013047347776591778,0.04564962908625603,0.0022902425844222307,0.0,-0.11879691481590271,0.20396016538143158,0.003813982242718339,-0.01112664770334959,0.0015320272650569677,0.0112305274233222,0.045879729092121124,0-2deg,0.04-0.08,0.0,0.0,0.0,0.0
195,22,True,True,0.04747774451971054,0.04645702242851257,0.03210819140076637,0.2732985019683838,1.8399999141693115,1.088984727859497,0.3329714834690094,-0.0005171300144866109,-0.11315039545297623,0.2732985019683838,0.03210819140076637,-0.020014680922031403,0.1127191111445427,0.41947564482688904,0.2061915397644043,0.24877513945102692,0.2439112812280655,>=0.15,False,True,False,True,True,False,False,False,True,0.030336739495396614,-0.09115210175514221,0.154966801404953,0.020113972947001457,0.22258427739143372,0.05999999865889549,0.03210819140076637,-0.020014680922031403,0.020014680922031403,0.07077659666538239,-0.015759818255901337,0.07250715047121048,0.02663641981780529,0.0024657000321894884,0.0007720404537394643,-0.09822563081979752,0.255036860704422,0.0022258427925407887,0.0714636743068695,-0.014973562210798264,0.07301304489374161,0.02559622749686241,4-6deg,0.00-0.04,0.0,0.0,0.0,0.0
196,17,True,True,0.06882885098457336,0.06682359427213669,0.05876713618636131,0.13140738010406494,3.4600000381469727,1.1452968120574951,0.2410174310207367,0.010545379482209682,-0.11001516878604889,0.13140738010406494,0.05876713618636131,-0.019612906500697136,0.11996503174304962,0.6048860549926758,0.34151971340179443,0.07186488807201385,0.2275906354188919,>=0.15,False,True,False,True,True,False,False,False,True,0.05873531848192215,-0.27228474617004395,0.269936740398407,0.07387988269329071,0.07387988269329071,0.07999999821186066,0.05876713618636131,-0.01983427070081234,0.01983427070081234,-0.006866766605526209,0.031247643753886223,0.031992170959711075,0.030521858483552933,0.051108572632074356,0.007751244120299816,-0.10860487818717957,0.07397892326116562,0.0007387988152913749,-0.005262515973299742,0.03033551201224327,0.030788114294409752,0.03098994493484497,0-2deg,0.00-0.04,0.0,0.0,0.0,0.0
197,36,True,True,0.06400185823440552,0.06400185823440552,0.053580619394779205,0.051016490906476974,3.799999952316284,1.3570064306259155,0.273497074842453,0.005190653260797262,0.019490480422973633,0.051016490906476974,0.053580619394779205,-0.019994813948869705,-0.01418725959956646,0.3764958083629608,0.19585691392421722,0.047146618366241455,0.04813576117157936,0.00-0.05,False,True,False,True,True,False,False,False,True,0.05455337092280388,0.04702551290392876,0.058529872447252274,0.3691205680370331,0.3691205680370331,0.05999999865889549,0.053580619394779205,-0.020014457404613495,0.020014457404613495,0.030873047187924385,0.0025706393644213676,0.030979210510849953,0.0062914518639445305,0.0009134905994869769,0.0,0.019284257665276527,0.04723134636878967,0.003691205522045493,0.030615048483014107,0.002568167867138982,0.030722210183739662,0.006608887109905481,0-2deg,0.00-0.04,0.0,0.0,0.0,0.0
198,15,True,True,0.05567753314971924,0.05562760308384895,0.04329260438680649,0.06094804406166077,2.4800000190734863,1.4653724431991577,0.4124904274940491,-0.0005106640746816993,-0.04978599399328232,0.06094804406166077,0.04329260438680649,-0.019999125972390175,0.04686594754457474,1.0017794370651245,0.5056455731391907,0.035157062113285065,0.03370126709342003,0.00-0.05,False,True,False,True,True,False,False,False,True,0.0465109646320343,-0.2900588810443878,0.3668915927410126,0.251850962638855,0.251850962638855,0.07999999821186066,0.04329260438680649,-0.020012445747852325,0.020012445747852325,0.031804557889699936,0.026582729071378708,0.041447948664426804,0.05663442239165306,0.028947895392775536,0.0003452669770922512,-0.04952366277575493,0.03552563488483429,0.002518509514629841,0.028700508177280426,0.025126174092292786,0.038142986595630646,0.057643305510282516,2-4deg,0.04-0.08,0.0,0.0,0.0,0.0
199,6,True,True,0.05876053497195244,0.05876053497195244,0.04718920961022377,0.21359175443649292,2.2200000286102295,1.4842697381973267,0.4190104007720947,-0.0292822178453207,-0.18930162489414215,0.21359175443649292,0.04718920961022377,-0.019941335543990135,0.1618642956018448,1.1306406259536743,0.4551607072353363,0.09892589598894119,0.12672097980976105,0.10-0.15,False,True,False,True,True,False,False,False,True,0.058103837072849274,-0.43345823884010315,0.3114631175994873,0.11002743989229202,0.11002743989229202,0.11999999731779099,0.04718920961022377,-0.019941335543990135,0.019941335543990135,0.041746169328689575,0.021006494760513306,0.04673023894429207,0.039010778069496155,0.11768491566181183,0.001091830083169043,-0.19353221356868744,0.09036993235349655,0.0011002743849530816,0.04550052061676979,0.020641490817070007,0.04996044933795929,0.036409538239240646,2-4deg,0.00-0.04,0.0,0.0,0.0,0.0
200,13,True,True,0.06435111910104752,0.06435111910104752,0.05401751399040222,0.16565781831741333,4.699999809265137,1.8470094203948975,0.23285646736621857,-0.040051981806755066,-0.001290004700422287,0.16565781831741333,0.05401751399040222,-0.019406473264098167,-0.03802263364195824,0.7811105847358704,0.24727469682693481,0.165652796626091,0.1644940823316574,>=0.15,False,True,False,True,True,False,False,False,True,0.102751225233078,-0.30147355794906616,0.5367873907089233,0.08791478723287582,0.17630696296691895,3.740000009536743,0.05401751399040222,-0.02001216821372509,0.02001216821372509,-0.018298126757144928,-0.06390434503555298,0.0664687305688858,0.03162095323204994,0.06738229095935822,0.011789810843765736,0.0016771428054198623,0.16564932465553284,0.001763069536536932,0.011734909377992153,0.07786238193511963,0.078739695250988,0.011494160629808903,2-4deg,0.00-0.04,0.0,0.0,0.0,0.0
201,28,True,True,0.04335952550172806,0.04051556810736656,0.02559317834675312,0.2019972801208496,3.0,1.297773838043213,0.30732354521751404,0.014797022566199303,0.04793176427483559,0.2019972801208496,0.02559317834675312,-0.019998136907815933,-0.03195603936910629,0.6664515733718872,0.2664196789264679,0.1962280422449112,0.19336409866809845,>=0.15,False,True,False,True,True,False,False,False,True,0.02063910663127899,0.037094563245773315,0.13288599252700806,0.5038743019104004,0.5038743019104004,0.05999999865889549,0.02559317834675312,-0.020084723830223083,0.020084723830223083,-0.0027750565204769373,0.02591477334499359,0.02606325037777424,0.0687650591135025,0.0025135823525488377,0.00048828125,0.053480252623558044,0.19478902220726013,0.005038742907345295,-0.003134602215141058,0.028626574203372,0.028797172009944916,0.06799870729446411,0-2deg,0.04-0.08,0.0,0.0,0.0,0.0
202,49,True,True,0.05845828354358673,0.05260594189167023,0.0468214750289917,0.17873091995716095,3.1999998092651367,1.3677978515625,0.30880028009414673,0.0048223077319562435,0.009626545011997223,0.17873091995716095,0.0468214750289917,-0.01999351754784584,-0.0033222800120711327,0.952307939529419,0.4029300808906555,0.17847147583961487,0.1777178794145584,>=0.15,False,True,False,True,True,False,False,False,True,0.03784196078777313,-0.16485397517681122,0.15379895269870758,0.06353352963924408,0.27207741141319275,0.07999999821186066,0.0468214750289917,-0.01999351754784584,0.01999351754784584,0.006252124905586243,0.010580657981336117,0.012289836071431637,0.056992966681718826,0.019677504897117615,0.0,0.009617337957024574,0.17847196757793427,0.0027207741513848305,0.006033232901245356,0.007159753702580929,0.009360527619719505,0.057254016399383545,0-2deg,0.04-0.08,0.0,0.0,0.0,0.0
203,40,True,True,0.039425622671842575,0.039425622671842575,0.018005860969424248,0.1888466775417328,1.899999976158142,1.3406809568405151,0.4008539021015167,-0.030000954866409302,-0.14049330353736877,0.1888466775417328,0.018005860969424248,-0.01994650438427925,0.11152536422014236,0.56178218126297,0.32136741280555725,0.126193106174469,0.12467377632856369,0.10-0.15,False,True,False,True,True,False,False,False,True,0.020311428233981133,-0.12444434314966202,0.1271611750125885,0.07223500311374664,0.15583349764347076,0.05999999865889549,0.018005860969424248,-0.01996404118835926,0.01996404118835926,-0.06119735166430473,-0.0531260222196579,0.08101799339056015,0.03357495367527008,0.0008457279182039201,0.0011451211757957935,-0.13971176743507385,0.12705782055854797,0.0015583349158987403,-0.06126807630062103,-0.05445298179984093,0.08194656670093536,0.03287729248404503,4-6deg,0.00-0.04,0.0,0.0,0.0,0.0
204,58,True,True,0.10005230456590652,0.08446191251277924,0.09372751414775848,0.11979023367166519,2.059999942779541,1.207393765449524,0.3436259925365448,0.0018736027413979173,-0.0018435975071042776,0.11979023367166519,0.09372751414775848,-0.019993191584944725,0.002863196423277259,0.6926537156105042,0.3470114469528198,0.11977604776620865,0.11829504370689392,0.10-0.15,False,True,False,True,True,False,False,False,True,0.0887356549501419,-0.06916727870702744,0.19625899195671082,0.028719035908579826,0.3188639283180237,0.05999999865889549,0.09372751414775848,-0.019993191584944725,0.019993191584944725,0.038994744420051575,0.023328086361289024,0.045436371117830276,0.035649124532938004,0.019077656790614128,0.0003452669770922512,0.00344346696510911,0.11974073201417923,0.0031886391807347536,0.038666218519210815,0.021925486624240875,0.04444798082113266,0.03637572377920151,2-4deg,0.00-0.04,0.0,0.0,0.0,0.0
205,44,True,True,0.10824805498123169,0.1044064611196518,0.10244932770729065,0.11813823878765106,2.9600000381469727,1.4990955591201782,0.35960322618484497,0.008743192069232464,0.04572528973221779,0.11813823878765106,0.10244932770729065,-0.020010339096188545,-0.03917459771037102,2.2676546573638916,0.7441567182540894,0.10893043875694275,0.20245526731014252,>=0.15,False,True,False,True,True,False,False,False,True,0.09840077906847,0.07678525894880295,0.09035293012857437,0.6312357783317566,0.6312357783317566,0.09999999403953552,0.10244932770729065,-0.020104018971323967,0.020104018971323967,0.0533476322889328,0.05225613713264465,0.07465971261262894,0.05451395362615585,0.0013372133253142238,0.0003452669770922512,0.04260379076004028,0.11018874496221542,0.0063123577274382114,0.05519532784819603,0.048252541571855545,0.07329683005809784,0.05572958663105965,4-6deg,0.04-0.08,0.0,0.0,0.0,0.0
206,10,True,True,0.0570264495909214,0.05607764795422554,0.044513847678899765,0.1438019871711731,3.1399998664855957,1.2517472505569458,0.27400827407836914,0.01260407455265522,-0.12645301222801208,0.1438019871711731,0.044513847678899765,-0.019596289843320847,0.13913701474666595,0.986587405204773,0.3687620162963867,0.0684736967086792,0.1860934942960739,>=0.15,False,True,False,True,True,False,False,False,True,0.04402660205960274,-0.12908117473125458,0.1483781784772873,0.4583566188812256,0.4583566188812256,0.05999999865889549,0.044513847678899765,-0.020123565569519997,0.020123565569519997,0.05674980208277702,0.04392291605472565,0.07174704223871231,0.03719477728009224,0.0038291984237730503,0.0055134785361588,-0.12837626039981842,0.06479621678590775,0.0045835659839212894,0.05729151889681816,0.042526617646217346,0.07133594900369644,0.03769504651427269,4-6deg,0.00-0.04,0.0,0.0,0.0,0.0
207,18,True,True,0.10873451828956604,0.09869371354579926,0.10292660444974899,0.25985032320022583,2.359999895095825,1.201646327972412,0.3055829405784607,0.024426616728305817,0.11858334392309189,0.25985032320022583,0.10292660444974899,-0.020039599388837814,-0.09451131522655487,0.4057559669017792,0.2301727831363678,0.23121456801891327,0.21622923016548157,>=0.15,False,True,False,True,True,False,False,False,True,0.09279251098632812,-0.06537453085184097,0.061576832085847855,0.04450272396206856,0.6008766293525696,0.11999999731779099,0.10292660444974899,-0.020039599388837814,0.020039599388837814,-7.066578109515831e-05,0.020576883107423782,0.02057781256735325,0.0049820467829704285,0.06012915074825287,0.0012448779307305813,0.12229345738887787,0.22927385568618774,0.006008766125887632,-6.5895119405467995e-06,0.02102389931678772,0.021024851128458977,0.0040473551489412785,0-2deg,0.00-0.04,0.0,0.0,0.0,0.0
208,33,True,True,0.062205735594034195,0.06114029884338379,0.05147761106491089,0.07682795822620392,2.0,1.4179519414901733,0.38094183802604675,0.006707881577312946,0.05765553563833237,0.07682795822620392,0.05147761106491089,-0.020032983273267746,-0.05212315171957016,0.7264459729194641,0.35027366876602173,0.05077769234776497,0.04160856828093529,0.00-0.05,False,True,False,True,True,False,False,False,True,0.050270725041627884,0.062354736030101776,0.09986753016710281,0.6200116872787476,0.6200116872787476,0.05999999865889549,0.05147761106491089,-0.02013268508017063,0.02013268508017063,-0.046585969626903534,0.004801927134394646,0.046832211315631866,0.03410351276397705,0.0013810680247843266,0.001091830083169043,0.05674387887120247,0.051794473081827164,0.006200116593390703,-0.04783989489078522,0.00531161529943347,0.04813317954540253,0.033571552485227585,2-4deg,0.00-0.04,0.0,0.0,0.0,0.0
209,1,True,True,0.055501580238342285,0.04513714462518692,0.04150596633553505,0.1925976276397705,2.319999933242798,1.4235457181930542,0.4275400936603546,-0.06288199871778488,-0.02515798807144165,0.1925976276397705,0.04150596633553505,-0.01697196625173092,-0.03903355821967125,0.942966103553772,0.44842442870140076,0.19094742834568024,0.1190841868519783,0.10-0.15,False,True,False,True,True,False,False,False,True,0.021455811336636543,-0.0633850023150444,0.2338264435529709,0.04487771913409233,0.04487771913409233,0.11999999731779099,0.04150596633553505,-0.01697196625173092,0.01697196625173092,0.034420616924762726,0.02234961837530136,0.04103739187121391,0.021978050470352173,0.09313225746154785,0.04232477769255638,-0.026648199185729027,0.19074515998363495,0.00044877719483338296,0.03454146534204483,0.02009008824825287,0.039956774562597275,0.023272795602679253,2-4deg,0.00-0.04,0.0,0.0,0.0,0.0
210,0,True,True,0.05293407663702965,0.047029126435518265,0.03972486034035683,0.2814018130302429,3.5999999046325684,1.2417582273483276,0.2748168408870697,-0.011104116216301918,-0.09961333125829697,0.2814018130302429,0.03972486034035683,-0.02001190185546875,0.08936640620231628,0.846034586429596,0.24175550043582916,0.26318085193634033,0.2656828463077545,>=0.15,False,True,False,True,True,False,False,False,True,0.030263543128967285,-0.1991792619228363,0.217132568359375,0.05368935316801071,0.2050824612379074,0.09999999403953552,0.03972486034035683,-0.02001877687871456,0.02001877687871456,-0.00419577257707715,0.03279067948460579,0.03305710107088089,0.05880946293473244,0.010523613542318344,0.0003452669770922512,-0.10542228072881699,0.26090824604034424,0.002050824463367462,-5.5823245929786935e-05,0.030495166778564453,0.030494336038827896,0.059515029191970825,0-2deg,0.04-0.08,0.0,0.0,0.0,0.0
211,31,True,True,0.08174930512905121,0.08174930512905121,0.0738755539059639,0.03767916187644005,2.0,1.5884900093078613,0.4954301118850708,0.008069154806435108,0.021401269361376762,0.03767916187644005,0.0738755539059639,-0.020002735778689384,-0.01316436380147934,0.6153120994567871,0.37619549036026,0.031011367216706276,0.11278791725635529,0.10-0.15,False,True,False,True,True,False,False,False,True,0.0879146158695221,-0.2967348098754883,0.2676609754562378,0.11789656430482864,0.19592688977718353,0.11999999731779099,0.0738755539059639,-0.020071392878890038,0.020071392878890038,-0.0172925665974617,0.008761351928114891,0.019384516403079033,0.028444068506360054,0.10851213335990906,0.0,0.021014736965298653,0.03127459064126015,0.0019592689350247383,-0.016280869022011757,0.011388839222490788,0.019867433235049248,0.02783554419875145,0-2deg,0.00-0.04,0.0,0.0,0.0,0.0
212,29,True,True,0.08329663425683975,0.06257028132677078,0.07551349699497223,0.1934194415807724,2.559999942779541,1.4526687860488892,0.3801518678665161,-0.016277270391583443,-0.10831509530544281,0.1934194415807724,0.07551349699497223,-0.019897744059562683,0.09553619474172592,0.4413515329360962,0.2244555950164795,0.16024644672870636,0.1835252046585083,>=0.15,False,True,False,True,True,False,False,False,True,0.07383930683135986,-0.08148975670337677,0.10821149498224258,0.03724657744169235,0.06490273773670197,0.05999999865889549,0.07551349699497223,-0.019897744059562683,0.019897744059562683,0.01467372290790081,-0.03470637649297714,0.03767906501889229,0.04694055765867233,0.0043945349752902985,0.002042627427726984,-0.11196722835302353,0.1577162742614746,0.0006490273517556489,0.014139981009066105,-0.03288472816348076,0.03579495847225189,0.04796295613050461,2-4deg,0.04-0.08,0.0,0.0,0.0,0.0
213,32,True,True,0.06070695072412491,0.05691738426685333,0.04960920289158821,0.19052165746688843,3.1999998092651367,1.4793802499771118,0.30091723799705505,0.009878485463559628,-0.022798782214522362,0.19052165746688843,0.04960920289158821,-0.020006809383630753,0.03317780792713165,1.5904371738433838,0.6286901831626892,0.18915262818336487,0.19779998064041138,>=0.15,False,True,False,True,True,False,False,False,True,0.046119771897792816,-0.2964284420013428,0.2904641628265381,0.10383176058530807,0.48056164383888245,0.07999999821186066,0.04960920289158821,-0.020120395347476006,0.020120395347476006,0.0009525378700345755,0.0025894774589687586,0.002762136748060584,0.013168582692742348,0.05540495365858078,0.0,-0.02222573570907116,0.18922081589698792,0.004805616103112698,0.0006679787184111774,0.003324628807604313,0.003382913302630186,0.013104897923767567,0-2deg,0.00-0.04,0.0,0.0,0.0,0.0
214,48,True,True,0.11750363558530807,0.10851233452558517,0.11283902078866959,0.2754153609275818,2.259999990463257,1.475862979888916,0.3721397817134857,0.019930295646190643,0.04981575161218643,0.2754153609275818,0.11283902078866959,-0.01813274435698986,-0.03167510777711868,0.9979836344718933,0.46078625321388245,0.27087268233299255,0.21018704771995544,>=0.15,False,True,False,True,True,False,False,False,True,0.10511870682239532,-0.24328522384166718,0.49180641770362854,0.12266717106103897,0.12266717106103897,0.14000000059604645,0.11283902078866959,-0.019957812502980232,0.019957812502980232,0.022310320287942886,-0.005449318792670965,0.02296530269086361,0.01650785654783249,0.07184509187936783,0.037069715559482574,0.05072801187634468,0.2707033157348633,0.001226671738550067,0.020225556567311287,-0.005504083354026079,0.020962383598089218,0.01822698675096035,0-2deg,0.00-0.04,0.0,0.0,0.0,0.0
215,41,True,True,0.049040842801332474,0.049040842801332474,0.03434177115559578,0.1471150517463684,4.71999979019165,1.3922595977783203,0.28711506724357605,0.015837261453270912,0.05047966539859772,0.1471150517463684,0.03434177115559578,-0.019993288442492485,-0.03384966030716896,1.9307986497879028,0.4419921934604645,0.1381833553314209,0.12902674078941345,0.10-0.15,False,True,False,True,True,False,False,False,True,0.059581395238637924,-0.09396097809076309,0.4140159487724304,0.030326345935463905,0.5601139068603516,2.0199999809265137,0.03434177115559578,-0.020030781626701355,0.020030781626701355,0.06076771765947342,-0.0068456437438726425,0.06115201115608215,0.041900623589754105,0.14616331458091736,0.0,0.05278308317065239,0.13732001185417175,0.005601138807833195,0.03954335302114487,0.022217530757188797,0.0453549362719059,0.05580955371260643,2-4deg,0.04-0.08,0.0,0.0,0.0,0.0
216,42,True,False,0.1409023255109787,0.1409023255109787,0.0,0.0,2.379999876022339,1.6815310716629028,0.3677263557910919,-0.08926601707935333,-0.14178049564361572,0.42895635962486267,0.13657329976558685,-0.01981269381940365,0.0477837398648262,0.7651098370552063,0.36988842487335205,0.4048479497432709,0.2531616985797882,>=0.15,True,True,False,True,False,False,False,True,True,0.13657329976558685,-0.17351989448070526,0.3922937512397766,0.11925871670246124,0.11925871670246124,0.0,0.13657329976558685,-0.01981269381940365,0.01981269381940365,-0.06887199729681015,-0.04690573364496231,0.0833064615726471,0.02905076928436756,0.003875614609569311,0.003875614609569311,-0.17351989448070526,0.3922937512397766,0.0011925871949642897,-0.06887199729681015,-0.04690573364496231,0.0833064615726471,0.02905076928436756,4-6deg,0.00-0.04,0.0,0.0,0.0,0.0
217,4,True,True,0.06293907761573792,0.06285211443901062,0.05200285464525223,0.22024326026439667,3.7799999713897705,1.4140504598617554,0.19955696165561676,-0.0034326824825257063,-0.15348273515701294,0.22024326026439667,0.05200285464525223,-0.01975051686167717,0.15155065059661865,0.8345821499824524,0.2393149882555008,0.15795615315437317,0.21571271121501923,>=0.15,False,True,False,True,True,False,False,False,True,0.05651121959090233,-0.44250863790512085,0.41537749767303467,0.11342412233352661,0.11342412233352661,0.07999999821186066,0.05200285464525223,-0.01975051686167717,0.01975051686167717,0.008251282386481762,-0.0002878510276786983,0.00825760792940855,0.032606907188892365,0.05437501147389412,0.004157567862421274,-0.15296484529972076,0.15845772624015808,0.0011342412326484919,0.0069276876747608185,0.001156653743237257,0.0070251584984362125,0.03269185870885849,0-2deg,0.00-0.04,0.0,0.0,0.0,0.0
218,51,True,True,0.03906543552875519,0.03847244754433632,0.017339935526251793,0.10367059707641602,2.679999828338623,1.4264723062515259,0.343950092792511,0.001797870616428554,-0.03017224185168743,0.10367059707641602,0.017339935526251793,-0.019997132942080498,0.03183724358677864,1.228397011756897,0.5676600337028503,0.09918280690908432,0.09731719642877579,0.05-0.10,False,True,False,True,True,False,False,False,True,0.019182223826646805,-0.23675107955932617,0.214498370885849,0.1031685620546341,0.30695077776908875,0.07999999821186066,0.017339935526251793,-0.02003556676208973,0.02003556676208973,0.03249679133296013,0.04231078550219536,0.053344208747148514,0.010119444690644741,0.038898274302482605,0.0,-0.0309260543435812,0.0989503562450409,0.0030695076566189528,0.032210782170295715,0.04281023517251015,0.05356843024492264,0.009101071394979954,2-4deg,0.00-0.04,0.0,0.0,0.0,0.0
219,56,True,True,0.09553853422403336,0.08966609835624695,0.08951283991336823,0.065755695104599,2.5999999046325684,1.7129102945327759,0.39355865120887756,-0.05222994461655617,0.016089297831058502,0.065755695104599,0.08951283991336823,-0.01743490807712078,-0.07074770331382751,0.724267303943634,0.39748477935791016,0.06375692784786224,0.177833691239357,>=0.15,False,True,False,True,True,False,False,False,True,0.10070834308862686,-0.2901016175746918,0.2068273425102234,0.15195056796073914,0.18557310104370117,0.3400000035762787,0.08951283991336823,-0.019125457853078842,0.019125457853078842,0.029172420501708984,0.01418572198599577,0.03243814781308174,0.015713706612586975,0.11107693612575531,0.05066680535674095,0.018013373017311096,0.06324025243520737,0.0018557310104370117,0.025355398654937744,0.01736629754304886,0.030731910839676857,0.015559888444840908,0-2deg,0.00-0.04,0.0,0.0,0.0,0.0
220,38,True,True,0.0480065681040287,0.0480065681040287,0.0328550711274147,0.12220975011587143,3.6599998474121094,1.0798306465148926,0.24799461662769318,0.0066451746970415115,-0.035925865173339844,0.12220975011587143,0.0328550711274147,-0.01999407820403576,0.043944064527750015,1.412314534187317,0.447549045085907,0.1168099045753479,0.11241089552640915,0.10-0.15,False,True,False,True,True,False,False,False,True,0.03659505397081375,-0.005033808760344982,0.1107848659157753,0.3581894040107727,0.3581894040107727,0.05999999865889549,0.0328550711274147,-0.02002144791185856,0.02002144791185856,-0.026804422959685326,-0.03659512475132942,0.04535757005214691,0.06641526520252228,0.0009765625,0.0,-0.030611053109169006,0.11831393092870712,0.003581893863156438,-0.02881941758096218,-0.03486064076423645,0.04522724077105522,0.0665149912238121,2-4deg,0.04-0.08,0.0,0.0,0.0,0.0
221,57,True,False,0.2571662962436676,0.03886283561587334,0.0,0.0,3.679999828338623,1.2582814693450928,0.18649566173553467,-0.038674693554639816,-0.0005549713969230652,0.19264622032642365,0.2547743320465088,-0.020012808963656425,-0.031069405376911163,0.4424029588699341,0.18529987335205078,0.19264541566371918,0.2061316817998886,>=0.15,True,True,False,True,False,False,False,True,True,0.025307338684797287,-0.12544895708560944,0.3060654103755951,0.06850921362638474,0.6337295770645142,0.0,0.2547743320465088,-0.020136110484600067,0.020136110484600067,-0.034981776028871536,-0.012755261734127998,0.037233393639326096,0.03972146660089493,0.09779831022024155,0.0,0.003940165974199772,0.19260592758655548,0.00633729575201869,-0.03919415548443794,0.041001372039318085,0.05671343207359314,0.026772256940603256,2-4deg,0.00-0.04,0.0,0.0,0.0,0.0
222,14,True,True,0.10226799547672272,0.09667900949716568,0.09503008425235748,0.2391309142112732,2.0,1.2361268997192383,0.30071917176246643,0.05500774085521698,-0.13729777932167053,0.2391309142112732,0.09503008425235748,-0.0188570786267519,0.1869639754295349,0.38281455636024475,0.3055042028427124,0.1957879215478897,0.20524053275585175,>=0.15,False,True,False,True,True,False,False,False,True,0.0904272273182869,-0.11972716450691223,0.23723232746124268,0.12259841710329056,0.12259841710329056,0.05999999865889549,0.09503008425235748,-0.01935746520757675,0.01935746520757675,0.000397843134123832,-0.02259429544210434,0.0225989893078804,0.0703543871641159,0.02028019167482853,0.02251971885561943,-0.1420370638370514,0.19237740337848663,0.001225984189659357,-0.0011003516847267747,-0.024966975674033165,0.024991396814584732,0.06994056701660156,0-2deg,0.04-0.08,0.0,0.0,0.0,0.0
223,19,True,True,0.08295844495296478,0.08244498819112778,0.07521594315767288,0.07448863983154297,1.5999999046325684,1.3168362379074097,0.3057553768157959,0.004472280386835337,-0.003436104394495487,0.07448863983154297,0.07521594315767288,-0.019997762516140938,0.008486977778375149,0.6414036154747009,0.33600395917892456,0.07440934330224991,0.21206146478652954,>=0.15,False,True,False,True,True,False,False,False,True,0.077009417116642,-0.13993611931800842,0.27192702889442444,0.022433951497077942,0.10494326800107956,0.07999999821186066,0.07521594315767288,-0.019997762516140938,0.019997762516140938,-0.059641413390636444,-0.01135652232915163,0.060711540281772614,0.010330327786505222,0.012992409989237785,0.0,0.0008047993760555983,0.07448429614305496,0.0010494326706975698,-0.05972423404455185,-0.010743887163698673,0.060682062059640884,0.010473230853676796,2-4deg,0.00-0.04,0.0,0.0,0.0,0.0
224,47,True,True,0.056306589394807816,0.050479717552661896,0.04413886368274689,0.24644412100315094,1.8600000143051147,1.2192803621292114,0.3382723927497864,-0.00526374252513051,-0.1422412246465683,0.24644412100315094,0.04413886368274689,-0.02003195695579052,0.13721907138824463,0.5834271311759949,0.32467353343963623,0.20125143229961395,0.1970011442899704,>=0.15,False,True,False,True,True,False,False,False,True,0.03639860451221466,-0.25453701615333557,0.18791702389717102,0.04579181224107742,0.23653653264045715,0.07999999821186066,0.04413886368274689,-0.02003195695579052,0.02003195695579052,-0.008519892580807209,-0.026786576956510544,0.028107862919569016,0.0159575417637825,0.00048828125,0.0009765625,-0.14740315079689026,0.19750194251537323,0.002365365158766508,-0.008768429048359394,-0.025831105187535286,0.027279121801257133,0.01694766990840435,0-2deg,0.00-0.04,0.0,0.0,0.0,0.0
225,11,True,True,0.04574815556406975,0.04574815556406975,0.02942781336605549,0.16127723455429077,2.319999933242798,1.478474736213684,0.3813973069190979,-0.018632978200912476,-0.10538658499717712,0.16127723455429077,0.02942781336605549,-0.019975200295448303,0.08660902082920074,1.6358839273452759,0.6532342433929443,0.12208200246095657,0.1235889419913292,0.10-0.15,False,True,False,True,True,False,False,False,True,0.03390943259000778,-0.0747002437710762,0.15478090941905975,0.027355514466762543,0.12244706600904465,0.05999999865889549,0.02942781336605549,-0.020000947639346123,0.020000947639346123,-0.04434109479188919,-0.04606502503156662,0.06392725557088852,0.046906113624572754,0.0021283691748976707,0.00048828125,-0.09919475764036179,0.12716425955295563,0.001224470674060285,-0.046089790761470795,-0.04667685553431511,0.06558521836996078,0.04572209715843201,2-4deg,0.04-0.08,0.0,0.0,0.0,0.0
226,43,True,False,0.1304183304309845,0.1304183304309845,0.0,0.0,2.4800000190734863,1.6628074645996094,0.42863452434539795,-0.2172785997390747,-0.38765037059783936,0.6118870377540588,0.12687979638576508,-0.0164484865963459,0.16180919110774994,0.735116183757782,0.42937228083610535,0.4734267592430115,0.1808459609746933,>=0.15,True,True,False,True,False,False,False,True,True,0.12687979638576508,-0.4044933319091797,0.45911967754364014,0.10493314266204834,0.10493314266204834,0.0,0.12687979638576508,-0.0164484865963459,0.0164484865963459,-0.002884575165808201,-0.037559088319540024,0.03766957297921181,0.006379948928952217,0.06971187889575958,0.06971187889575958,-0.4044933319091797,0.45911967754364014,0.0010493313893675804,-0.002884575165808201,-0.037559088319540024,0.03766957297921181,0.006379948928952217,2-4deg,0.00-0.04,0.0,0.0,0.0,0.0
227,49,True,True,0.05744234845042229,0.053898148238658905,0.04551595076918602,0.1547277569770813,1.1399999856948853,1.5105150938034058,0.7501047849655151,0.0011630385415628552,-0.13173557817935944,0.1547277569770813,0.04551595076918602,-0.020002290606498718,0.130219504237175,0.4890024662017822,0.2958112955093384,0.08115673065185547,0.0818462148308754,0.05-0.10,False,True,False,True,True,False,False,False,True,0.04023342207074165,-0.4377750754356384,0.37409254908561707,0.14381521940231323,0.32284626364707947,0.09999999403953552,0.04551595076918602,-0.020002290606498718,0.020002290606498718,0.00276079005561769,0.033560510724782944,0.03367353230714798,0.06584526598453522,0.02256203070282936,0.001035800902172923,-0.1291370689868927,0.08523084968328476,0.0032284625340253115,0.007294082548469305,0.03084447979927063,0.031694501638412476,0.06624051928520203,0-2deg,0.04-0.08,0.0,0.0,0.0,0.0
228,5,True,True,0.07985147833824158,0.07983604073524475,0.07100459188222885,0.12807641923427582,2.119999885559082,1.4036548137664795,0.3849473297595978,0.023696910589933395,-0.12447689473628998,0.12807641923427582,0.07100459188222885,-0.019350750371813774,0.14819106459617615,0.8200068473815918,0.42433860898017883,0.030150849372148514,0.06418690830469131,0.05-0.10,False,True,False,True,True,False,False,False,True,0.07464274764060974,-0.26759010553359985,0.3213452994823456,0.04433060437440872,0.10709922015666962,0.07999999821186066,0.07100459188222885,-0.02002798765897751,0.02002798765897751,0.0020607144106179476,-0.0610840804874897,0.06111884117126465,0.016918785870075226,0.00048828125,0.013010748662054539,-0.12354905158281326,0.03375207632780075,0.001070992206223309,0.0017380795907229185,-0.060084614902734756,0.06010930985212326,0.018087266013026237,2-4deg,0.00-0.04,0.0,0.0,0.0,0.0
229,62,True,True,0.03769102692604065,0.03769102692604065,0.01394177507609129,0.15343375504016876,2.3399999141693115,1.5232926607131958,0.4435139298439026,0.01919523812830448,0.07044313848018646,0.15343375504016876,0.01394177507609129,-0.019981227815151215,-0.05155111849308014,1.219598650932312,0.5260212421417236,0.13630729913711548,0.12918269634246826,0.10-0.15,False,True,False,True,True,False,False,False,True,0.014031073078513145,-0.09695121645927429,0.1754246950149536,0.07043561339378357,0.5626833438873291,0.09999999403953552,0.01394177507609129,-0.019981227815151215,0.019981227815151215,-0.051396969705820084,-0.026215720921754837,0.05769135802984238,0.008782987482845783,0.052029021084308624,0.0,0.07814721018075943,0.13204140961170197,0.0056268335320055485,-0.05082811042666435,-0.026708243414759636,0.057412609457969666,0.010186678729951382,2-4deg,0.00-0.04,0.0,0.0,0.0,0.0
230,8,True,True,0.11275900155305862,0.05430742725729942,0.10719067603349686,0.1403447836637497,4.420000076293945,1.1466968059539795,0.24491192400455475,0.0038779161404818296,-0.018919892609119415,0.1403447836637497,0.10719067603349686,-0.01999759115278721,0.01722767949104309,1.185681939125061,0.3537349998950958,0.13906364142894745,0.13851255178451538,0.10-0.15,False,True,False,True,True,False,False,False,True,0.10153993219137192,-0.05479593575000763,0.16292226314544678,0.022063041105866432,0.13185220956802368,0.1599999964237213,0.10719067603349686,-0.01999759115278721,0.01999759115278721,0.00792290735989809,0.0351514108479023,0.03603234142065048,0.04999670386314392,0.0700286254286766,0.0003452669770922512,-0.017242275178432465,0.13928158581256866,0.0013185220304876566,0.0015791418263688684,0.03188840299844742,0.03192688524723053,0.05182841792702675,2-4deg,0.04-0.08,0.0,0.0,0.0,0.0
231,63,True,True,0.057229332625865936,0.057229332625865936,0.045272260904312134,0.02537842094898224,3.319999933242798,1.126231074333191,0.2645227015018463,0.0019339121645316482,0.008839183486998081,0.02537842094898224,0.045272260904312134,-0.019990401342511177,-0.00792914628982544,0.8939983248710632,0.31514182686805725,0.02378934621810913,0.02603987045586109,0.00-0.05,False,True,False,True,True,False,False,False,True,0.045218080282211304,-0.0836486667394638,0.1318671703338623,0.03864118456840515,0.19700680673122406,0.09999999403953552,0.045272260904312134,-0.01999976485967636,0.01999976485967636,0.00428738072514534,-0.038243617862463,0.038483768701553345,0.022563142701983452,0.03570156916975975,0.0,0.009634123183786869,0.023478668183088303,0.001970068085938692,0.005393241532146931,-0.039598312228918076,0.039964236319065094,0.021155864000320435,2-4deg,0.00-0.04,0.0,0.0,0.0,0.0
232,61,True,True,0.0777084082365036,0.0777084082365036,0.0693967193365097,0.05840354040265083,1.899999976158142,1.4706825017929077,0.37776297330856323,0.015412406995892525,0.036660294979810715,0.05840354040265083,0.0693967193365097,-0.020001985132694244,-0.021269505843520164,0.9894375801086426,0.4618731141090393,0.04546423628926277,0.07029323279857635,0.05-0.10,False,True,False,True,True,False,False,False,True,0.07542096823453903,-0.3045046627521515,0.2953711152076721,0.1196269690990448,0.5985028147697449,0.07999999821186066,0.0693967193365097,-0.020055511966347694,0.020055511966347694,-0.031843580305576324,-0.0027666145469993353,0.03196420520544052,0.0025805772747844458,0.04190715774893761,0.0006905339541845024,0.037430815398693085,0.04483199864625931,0.005985028110444546,-0.03169691562652588,-0.0026627706829458475,0.03180903196334839,0.0034246202558279037,0-2deg,0.00-0.04,0.0,0.0,0.0,0.0
233,21,True,True,0.07802591472864151,0.07204270362854004,0.06973054260015488,0.2071639895439148,3.5399999618530273,1.5803762674331665,0.30033424496650696,0.003608700120821595,-0.0006364108994603157,0.2071639895439148,0.06973054260015488,-0.01999250240623951,0.003293616697192192,1.4255701303482056,0.5076344609260559,0.2071630209684372,0.20925693213939667,>=0.15,False,True,False,True,True,False,False,False,True,0.06553763896226883,-0.0009137321030721068,0.20809735357761383,0.14124329388141632,0.14124329388141632,0.05999999865889549,0.06973054260015488,-0.019999785348773003,0.019999785348773003,0.009338537231087685,-0.056410230696201324,0.05717737227678299,0.022848254069685936,0.0003452669770922512,0.0,-0.009310279972851276,0.206954687833786,0.001412432873621583,0.010247747413814068,-0.05642427131533623,0.05734609067440033,0.0226200670003891,2-4deg,0.00-0.04,0.0,0.0,0.0,0.0
234,30,True,True,0.05029836669564247,0.05029836669564247,0.036164503544569016,0.20560577511787415,4.179999828338623,1.2418625354766846,0.26862746477127075,-0.007451774086803198,-0.11706378310918808,0.20560577511787415,0.036164503544569016,-0.02002284675836563,0.1101021096110344,1.671137809753418,0.4461708962917328,0.16902604699134827,0.1825096160173416,>=0.15,False,True,False,True,True,False,False,False,True,0.04287305101752281,-0.21219928562641144,0.09942533075809479,0.027782628312706947,0.21196958422660828,0.09999999403953552,0.036164503544569016,-0.02002284675836563,0.02002284675836563,0.047724466770887375,0.011000245809555054,0.0489744171500206,0.038347166031599045,0.09206802397966385,0.0009765625,-0.1247141882777214,0.16346286237239838,0.002119695767760277,0.04462158679962158,0.011225242167711258,0.04601144790649414,0.03941812738776207,2-4deg,0.00-0.04,0.0,0.0,0.0,0.0
235,7,True,True,0.04521007090806961,0.04521007090806961,0.028672054409980774,0.09503771364688873,2.240000009536743,1.4677212238311768,0.4066184461116791,-0.007581038866192102,0.058832988142967224,0.09503771364688873,0.028672054409980774,-0.020062291994690895,-0.06560119986534119,0.49559706449508667,0.26821884512901306,0.07463810592889786,0.08727911859750748,0.05-0.10,False,True,False,True,True,False,False,False,True,0.037186309695243835,-0.09698405116796494,0.12044632434844971,0.11358607560396194,0.5321316123008728,0.14000000059604645,0.028672054409980774,-0.020062291994690895,0.020062291994690895,0.0024068611674010754,-0.06289136409759521,0.06293712556362152,0.032443881034851074,0.0007720404537394643,0.002156191971153021,0.06312732398509979,0.07104300707578659,0.005321315955370665,0.002768058329820633,-0.0664718970656395,0.06652972847223282,0.027489766478538513,2-4deg,0.00-0.04,0.0,0.0,0.0,0.0
236,25,True,True,0.06549771130084991,0.061689190566539764,0.05540609732270241,0.22854112088680267,2.299999952316284,1.1904171705245972,0.3948296010494232,-0.004108721390366554,-0.09724926203489304,0.22854112088680267,0.05540609732270241,-0.020017951726913452,0.0944061279296875,0.8763224482536316,0.3762955367565155,0.2068178653717041,0.17649994790554047,>=0.15,False,True,False,True,True,False,False,False,True,0.05073082819581032,-0.09462230652570724,0.09360578656196594,0.3768673837184906,0.3768673837184906,0.05999999865889549,0.05540609732270241,-0.020017951726913452,0.020017951726913452,-0.016676967963576317,0.06748226284980774,0.06950964033603668,0.022262128069996834,0.0015822122804820538,0.0009134905994869769,-0.11139505356550217,0.19955497980117798,0.0037686738651245832,-0.015838779509067535,0.06776821613311768,0.06959198415279388,0.0220342930406332,2-4deg,0.00-0.04,0.0,0.0,0.0,0.0
237,23,True,True,0.04764847457408905,0.04647715389728546,0.03231988474726677,0.15695913136005402,3.1599998474121094,1.4029951095581055,0.34010371565818787,0.004360073246061802,-0.018463140353560448,0.15695913136005402,0.03231988474726677,-0.019991641864180565,0.021711302921175957,0.57221919298172,0.2709158658981323,0.15586942434310913,0.15430746972560883,>=0.15,False,True,False,True,True,False,False,False,True,0.030664093792438507,0.02022571861743927,0.17238666117191315,0.4736986458301544,0.4736986458301544,0.05999999865889549,0.03231988474726677,-0.020049232989549637,0.020049232989549637,-0.007834305986762047,0.015010200440883636,0.016932372003793716,0.040207166224718094,0.0009765625,0.0,-0.02077324688434601,0.1555784046649933,0.004736986476927996,-0.00863563921302557,0.01360973622649908,0.0161171555519104,0.04046274721622467,0-2deg,0.04-0.08,0.0,0.0,0.0,0.0
238,36,True,True,0.08670324832201004,0.08299563825130463,0.07915563881397247,0.15386219322681427,2.0799999237060547,1.4746872186660767,0.4027676284313202,-0.009742931462824345,0.044018324464559555,0.15386219322681427,0.07915563881397247,-0.018767407163977623,-0.051629889756441116,0.8089511394500732,0.4191974401473999,0.14743120968341827,0.1451277732849121,0.10-0.15,False,True,False,True,True,False,False,False,True,0.07962597906589508,-0.2611807882785797,0.429057776927948,0.11938602477312088,0.2794297933578491,0.11999999731779099,0.07915563881397247,-0.02004537172615528,0.02004537172615528,0.08364126831293106,-0.05898872762918472,0.10231010615825653,0.020124174654483795,0.09307648241519928,0.017483146861195564,0.0319720022380352,0.1505037099123001,0.0027942978776991367,0.08356450498104095,-0.05685632303357124,0.10103518515825272,0.02261485531926155,4-6deg,0.00-0.04,0.0,0.0,0.0,0.0
239,54,True,True,0.048454396426677704,0.043199993669986725,0.03351537883281708,0.21591341495513916,2.5199999809265137,1.3169628381729126,0.31487202644348145,-0.0009378806571476161,-0.023408573120832443,0.21591341495513916,0.03351537883281708,-0.020007438957691193,0.02206171490252018,0.4121401309967041,0.22431248426437378,0.21464073657989502,0.26735609769821167,>=0.15,False,True,False,True,True,False,False,False,True,0.024533970281481743,-0.16460354626178741,0.09738098084926605,0.06262630224227905,0.09873182326555252,0.09999999403953552,0.03351537883281708,-0.020008090883493423,0.020008090883493423,-0.03346392139792442,-0.008490653708577156,0.03452323377132416,0.019439084455370903,0.020153407007455826,0.0003452669770922512,-0.02936325967311859,0.21390745043754578,0.0009873182279989123,-0.03447302058339119,-0.007336250506341457,0.03524443507194519,0.018897879868745804,0-2deg,0.00-0.04,0.0,0.0,0.0,0.0
240,13,True,True,0.03679303079843521,0.03620932623744011,0.01044899970293045,0.20367443561553955,2.059999942779541,1.4853389263153076,0.49149414896965027,-0.01197583694010973,-0.14914079010486603,0.20367443561553955,0.01044899970293045,-0.019763397052884102,0.1365872025489807,0.633319616317749,0.3645722568035126,0.1387094110250473,0.14039276540279388,0.10-0.15,False,True,False,True,True,False,False,False,True,0.008193825371563435,-0.13097810745239258,0.17244306206703186,0.035025518387556076,0.16845208406448364,0.05999999865889549,0.01044899970293045,-0.019875256344676018,0.019875256344676018,0.0074039301835000515,0.002103210426867008,0.007697227410972118,0.05278773978352547,0.005818550940603018,0.004657910671085119,-0.14976981282234192,0.138030007481575,0.001684520859271288,0.0061747790314257145,0.0003839476848952472,0.006185976322740316,0.05287867784500122,0-2deg,0.04-0.08,0.0,0.0,0.0,0.0
241,39,True,True,0.043854113668203354,0.043854113668203354,0.02641015686094761,0.13236522674560547,3.5799999237060547,1.1480052471160889,0.2413560301065445,0.006759230513125658,0.01701885648071766,0.13236522674560547,0.02641015686094761,-0.019987212494015694,-0.011164238676428795,0.852566659450531,0.2642401158809662,0.13126657903194427,0.12418054789304733,0.10-0.15,False,True,False,True,True,False,False,False,True,0.030034059658646584,-0.1081831231713295,0.14145420491695404,0.04699363559484482,0.4064778983592987,0.09999999403953552,0.02641015686094761,-0.02006823942065239,0.02006823942065239,-0.06816946715116501,-0.01854105480015278,0.07064183056354523,0.03178010508418083,0.06477074325084686,0.0,0.02519254945218563,0.12994572520256042,0.004064778797328472,-0.06623278558254242,-0.01671726442873478,0.06830722838640213,0.034736134111881256,4-6deg,0.00-0.04,0.0,0.0,0.0,0.0
242,20,True,True,0.05778532102704048,0.05698172375559807,0.04596946761012077,0.09331347793340683,3.119999885559082,1.389014482498169,0.3422524333000183,0.0032588846515864134,0.01091997791081667,0.09331347793340683,0.04596946761012077,-0.019995108246803284,-0.007175001315772533,0.9200718402862549,0.33106428384780884,0.09267232567071915,0.09301936626434326,0.05-0.10,False,True,False,True,True,False,False,False,True,0.0449957400560379,-0.09192006289958954,0.08985909819602966,0.058778177946805954,0.23185032606124878,0.07999999821186066,0.04596946761012077,-0.0200198981910944,0.0200198981910944,0.005536493845283985,0.02177138812839985,0.02246406488120556,0.032403942197561264,0.0003452669770922512,0.0003452669770922512,0.009168841876089573,0.09286192804574966,0.00231850310228765,0.005894147790968418,0.019828958436846733,0.02068759687244892,0.03341619670391083,0-2deg,0.00-0.04,0.0,0.0,0.0,0.0
243,37,True,True,0.048525236546993256,0.04491829127073288,0.03361152485013008,0.20267945528030396,2.7799999713897705,1.3439524173736572,0.2846437096595764,0.003142461646348238,-0.05033176764845848,0.20267945528030396,0.03361152485013008,-0.020005717873573303,0.05381445586681366,0.5711745023727417,0.24991878867149353,0.19633053243160248,0.1923469603061676,>=0.15,False,True,False,True,True,False,False,False,True,0.028138482943177223,-0.03218649700284004,0.14446565508842468,0.221265509724617,0.22950223088264465,0.05999999865889549,0.03361152485013008,-0.020005717873573303,0.020005717873573303,0.018054045736789703,0.01900404505431652,0.02621149644255638,0.019118966534733772,0.0,0.0,-0.045898620039224625,0.19741398096084595,0.002295022364705801,0.01876676082611084,0.018738504499197006,0.026518989354372025,0.018908768892288208,0-2deg,0.00-0.04,0.0,0.0,0.0,0.0
244,58,True,True,0.04537901654839516,0.04449612647294998,0.028885141015052795,0.07652527838945389,2.0,1.2493555545806885,0.3818347156047821,0.008120718412101269,-0.05330329015851021,0.07652527838945389,0.028885141015052795,-0.019990719854831696,0.06017390638589859,0.9605611562728882,0.45585861802101135,0.0549078993499279,0.055650971829891205,0.05-0.10,False,True,False,True,True,False,False,False,True,0.027181560173630714,-0.04294474050402641,0.09591974318027496,0.054211344569921494,0.23225365579128265,0.05999999865889549,0.028885141015052795,-0.020011240616440773,0.020011240616440773,-0.012805648148059845,0.04478020966053009,0.04657431319355965,0.050513654947280884,0.0037822125013917685,0.0003452669770922512,-0.05093323439359665,0.05711325630545616,0.002322536427527666,-0.012892547063529491,0.042732901871204376,0.044634055346250534,0.0519329309463501,2-4deg,0.04-0.08,0.0,0.0,0.0,0.0
245,9,True,True,0.09547537565231323,0.05457067862153053,0.08884049952030182,0.21818701922893524,3.799999952316284,1.1913704872131348,0.23144114017486572,-0.015542068518698215,0.05321421101689339,0.21818701922893524,0.08884049952030182,-0.020027171820402145,-0.07073628157377243,0.9210092425346375,0.2634981572628021,0.2115982621908188,0.20819182693958282,>=0.15,False,True,False,True,True,False,False,False,True,0.06543660163879395,-0.07042443752288818,0.059670597314834595,0.09553807228803635,0.22744502127170563,0.35999998450279236,0.08884049952030182,-0.020027171820402145,0.020027171820402145,0.05225331708788872,-0.058438364416360855,0.07837284356355667,0.036036476492881775,0.06361111253499985,0.001035800902172923,0.04952595755457878,0.21249179542064667,0.002274450147524476,0.061686161905527115,-0.06090085953474045,0.08665679395198822,0.02178884483873844,4-6deg,0.00-0.04,0.0,0.0,0.0,0.0
246,16,True,True,0.10824505984783173,0.10190417617559433,0.10241340845823288,0.24075497686862946,3.740000009536743,1.266210913658142,0.2761912941932678,0.011302590370178223,-0.04067857563495636,0.24075497686862946,0.10241340845823288,-0.019998865202069283,0.05195410177111626,1.3773281574249268,0.4616440236568451,0.2372935265302658,0.2404419630765915,>=0.15,False,True,False,True,True,False,False,False,True,0.09581215679645538,-0.05318953096866608,0.12355829775333405,0.3272794187068939,0.3272794187068939,0.05999999865889549,0.10241340845823288,-0.02005300298333168,0.02005300298333168,0.01616586744785309,0.020557763054966927,0.026152297854423523,0.0018706731498241425,0.0028049631509929895,0.0006905339541845024,-0.04111463949084282,0.23721836507320404,0.003272794187068939,0.016212644055485725,0.020599359646439552,0.026213768869638443,0.0012618263717740774,0-2deg,0.00-0.04,0.0,0.0,0.0,0.0
247,24,True,True,0.04758060351014137,0.04758060351014137,0.03223270922899246,0.18222592771053314,3.7200000286102295,1.2475605010986328,0.2268073558807373,0.010112222284078598,-0.041987478733062744,0.18222592771053314,0.03223270922899246,-0.01999320089817047,0.05223632603883743,0.591168224811554,0.26659372448921204,0.17732270061969757,0.17329703271389008,>=0.15,False,True,False,True,True,False,False,False,True,0.039015188813209534,-0.01342083141207695,0.21562649309635162,0.47633129358291626,0.47633129358291626,0.05999999865889549,0.03223270922899246,-0.020011162385344505,0.020011162385344505,0.020002150908112526,-0.03305945172905922,0.03863837942481041,0.01317672710865736,0.0007720404537394643,0.0003452669770922512,-0.03639664128422737,0.17855411767959595,0.004763312637805939,0.0199865885078907,-0.032521966844797134,0.038171108812093735,0.013709883205592632,2-4deg,0.00-0.04,0.0,0.0,0.0,0.0
248,34,True,True,0.03914510831236839,0.03914510831236839,0.017483899369835854,0.13643242418766022,4.71999979019165,1.0659147500991821,0.19224180281162262,0.008080747909843922,0.027415171265602112,0.13643242418766022,0.017483899369835854,-0.0199783593416214,-0.019313817843794823,0.6924824714660645,0.3031821846961975,0.13364960253238678,0.12781701982021332,0.10-0.15,False,True,False,True,True,False,False,False,True,0.024997815489768982,-0.09701075404882431,0.141500785946846,0.12214361131191254,0.36709722876548767,0.07999999821186066,0.017483899369835854,-0.019982466474175453,0.019982466474175453,-0.033375333994627,-0.007949450053274632,0.03430843725800514,0.02669588103890419,0.015931161120533943,0.0,0.025440922006964684,0.13403941690921783,0.003670972306281328,-0.034081242978572845,-0.009357284754514694,0.03534240648150444,0.02579963393509388,0-2deg,0.00-0.04,0.0,0.0,0.0,0.0
249,6,True,True,0.06898930668830872,0.06631501019001007,0.05888332799077034,0.2210303097963333,2.4800000190734863,1.2874757051467896,0.31734201312065125,0.020373782142996788,-0.13062633574008942,0.2210303097963333,0.05888332799077034,-0.019520191475749016,0.1505718231201172,0.455940306186676,0.23905764520168304,0.17830075323581696,0.26669827103614807,>=0.15,False,True,False,True,True,False,False,False,True,0.05811384692788124,-0.2536226511001587,0.3177168369293213,0.21521617472171783,0.21521617472171783,0.09999999403953552,0.05888332799077034,-0.020133649930357933,0.020133649930357933,0.06691800802946091,-0.006518103647977114,0.06723429262638092,0.01571677066385746,0.0020716022700071335,0.008700480684638023,-0.141446053981781,0.16984525322914124,0.0021521616727113724,0.06810638308525085,-0.006344367749989033,0.06840060651302338,0.014306833036243916,2-4deg,0.00-0.04,0.0,0.0,0.0,0.0
250,45,True,True,0.056779783219099045,0.056779783219099045,0.044702447950839996,0.07510637491941452,9.15999984741211,1.1963276863098145,0.11535325646400452,-0.04175923764705658,-0.018861960619688034,0.07510637491941452,0.044702447950839996,-0.01999245584011078,-0.02301981672644615,0.5141083002090454,0.20750591158866882,0.07269933819770813,0.047691311687231064,0.00-0.05,False,True,False,True,True,False,False,False,True,0.07829950749874115,-0.05377265438437462,0.07952775806188583,0.02239058166742325,0.0550868846476078,5.199999809265137,0.044702447950839996,-0.01999245584011078,0.01999245584011078,-0.06306449323892593,0.05789395794272423,0.0855826884508133,0.023875752463936806,0.07998324185609818,0.0,-0.016395803540945053,0.07329492270946503,0.0005508688627742231,0.015728913247585297,-0.04534032940864563,0.047989264130592346,0.06043173372745514,4-6deg,0.00-0.04,0.0,0.0,0.0,0.0
251,17,True,True,0.058065686374902725,0.05544593557715416,0.04620939493179321,0.23572023212909698,2.5799999237060547,1.3485743999481201,0.37097206711769104,-0.04735565185546875,0.030722416937351227,0.23572023212909698,0.04620939493179321,-0.01938808709383011,-0.07630755752325058,0.9619736671447754,0.4780198633670807,0.23370957374572754,0.08268570154905319,0.05-0.10,False,True,False,True,True,False,False,False,True,0.042884230613708496,-0.04073813930153847,0.3384018838405609,0.08704445511102676,0.10261353850364685,0.07999999821186066,0.04620939493179321,-0.01942959986627102,0.01942959986627102,0.008972294628620148,0.047560062259435654,0.04839879274368286,0.010959056206047535,0.01631564274430275,0.01211397722363472,0.024718673899769783,0.23442058265209198,0.00102613540366292,0.00945208314806223,0.0479666143655777,0.04888789355754852,0.010003142058849335,2-4deg,0.00-0.04,0.0,0.0,0.0,0.0
252,28,True,True,0.10728049278259277,0.06517305970191956,0.10142544656991959,0.23492759466171265,2.5,1.294588327407837,0.31421753764152527,-0.009886196814477444,-0.12750928103923798,0.23492759466171265,0.10142544656991959,-0.020018234848976135,0.1189902201294899,0.5832725167274475,0.3017466068267822,0.1973128467798233,0.199292853474617,>=0.15,False,True,False,True,True,False,False,False,True,0.0870237797498703,-0.09365829825401306,0.09265846014022827,0.02849646843969822,0.18263041973114014,0.14000000059604645,0.10142544656991959,-0.020019235089421272,0.020019235089421272,0.021165108308196068,-0.009592016227543354,0.023236246779561043,0.029513049870729446,0.0,0.001035800902172923,-0.1313968449831009,0.19474560022354126,0.0018263041274622083,0.017542697489261627,-0.009565450251102448,0.01998111978173256,0.03082365170121193,0-2deg,0.00-0.04,0.0,0.0,0.0,0.0
253,43,True,True,0.074284128844738,0.0732845664024353,0.06553975492715836,0.09105449914932251,1.3399999141693115,1.2799369096755981,0.6036849617958069,0.006051142234355211,-0.05810441076755524,0.09105449914932251,0.06553975492715836,-0.019996600225567818,0.0675116553902626,0.3891215920448303,0.17833739519119263,0.07010563462972641,0.07402271032333374,0.05-0.10,False,True,False,True,True,False,False,False,True,0.06449807435274124,-0.08533438295125961,0.038859717547893524,0.33308589458465576,0.33308589458465576,0.05999999865889549,0.06553975492715836,-0.020080314949154854,0.020080314949154854,-0.0032489339355379343,0.03814329579472542,0.038281843066215515,0.053040746599435806,0.002537184627726674,0.0005980199784971774,-0.059282101690769196,0.0691126212477684,0.003330858889967203,-0.0031424479093402624,0.036009784787893295,0.03614632412791252,0.0537603385746479,2-4deg,0.04-0.08,0.0,0.0,0.0,0.0
254,2,True,True,0.06014756113290787,0.05901148542761803,0.048957642167806625,0.1980055570602417,2.9600000381469727,1.4296456575393677,0.333820641040802,-0.005154034122824669,-0.11594647914171219,0.1980055570602417,0.048957642167806625,-0.020021533593535423,0.11037750542163849,0.8130666613578796,0.31836655735969543,0.16050736606121063,0.14468622207641602,0.10-0.15,False,True,False,True,True,False,False,False,True,0.04747537896037102,-0.0831495150923729,0.11430027335882187,0.3997100293636322,0.3997100293636322,0.05999999865889549,0.048957642167806625,-0.020021533593535423,0.020021533593535423,-0.01878400892019272,-0.015513303689658642,0.02436089515686035,0.011425039730966091,0.0006905339541845024,0.0009134905994869769,-0.11985299736261368,0.15761172771453857,0.003997100051492453,-0.01923711597919464,-0.01550915464758873,0.024710748344659805,0.011235030367970467,0-2deg,0.00-0.04,0.0,0.0,0.0,0.0
255,40,True,True,0.08147897571325302,0.08147897571325302,0.07358666509389877,0.1101682111620903,2.5199999809265137,1.6214238405227661,0.33529019355773926,0.03724817931652069,-0.06956656277179718,0.1101682111620903,0.07358666509389877,-0.019519448280334473,0.10709185153245926,1.0941357612609863,0.4765629768371582,0.08542557060718536,0.21455615758895874,>=0.15,False,True,False,True,True,False,False,False,True,0.08378834277391434,-0.2943302392959595,0.38218894600868225,0.1424158215522766,0.1424158215522766,0.09999999403953552,0.07358666509389877,-0.019789112731814384,0.019789112731814384,0.0022013860289007425,-0.04575541242957115,0.04580884426832199,0.03631023317575455,0.051745157688856125,0.0068097421899437904,-0.07273508608341217,0.08274443447589874,0.0014241582248359919,-0.00024580181343480945,-0.04728766903281212,0.04728833958506584,0.03585486859083176,2-4deg,0.00-0.04,0.0,0.0,0.0,0.0
