episode,env_id,align_success,success,final_distance,min_distance,touchdown_distance,touchdown_rel_vel,landing_time,max_descent_speed,mean_descent_speed,final_vertical_speed,terminal_vertical_relative_speed,terminal_relative_speed,terminal_horizontal_error,terminal_surface_clearance,terminal_pad_vertical_speed,max_horizontal_speed,mean_horizontal_speed,final_horizontal_speed,pad_speed,pad_speed_bucket,crash,terminated,time_out,contact_success,settled_landing,hard_contact,ground_crash,deck_miss,first_contact_seen,first_contact_xy_error_deck_frame,first_contact_normal_rel_speed,first_contact_tangential_rel_speed,first_contact_force,max_contact_force,settle_time,terminal_xy_error,minimum_surface_clearance,maximum_penetration,first_contact_deck_roll,first_contact_deck_pitch,first_contact_deck_tilt,first_contact_deck_angular_speed,first_contact_body_deck_normal_angle,terminal_body_deck_normal_angle,terminal_normal_relative_speed,terminal_tangential_relative_speed,max_contact_impulse,terminal_deck_roll,terminal_deck_pitch,terminal_deck_tilt,terminal_deck_angular_speed,deck_tilt_bucket,deck_angular_speed_bucket,max_deck_position_consistency_error,max_deck_orientation_consistency_error,max_deck_linear_velocity_consistency_error,max_deck_angular_velocity_consistency_error
0,61,True,False,0.2306308150291443,0.2306308150291443,0.0,0.0,0.5399999618530273,2.9897966384887695,1.1506121158599854,-0.48558953404426575,-1.0413283109664917,1.1141798496246338,0.2250654548406601,0.0026621874421834946,0.1594812422990799,0.5684425830841064,0.2305988073348999,0.39627259969711304,0.14679941534996033,0.10-0.15,True,True,False,True,False,True,False,True,True,0.2250654548406601,-1.0321142673492432,0.4196862280368805,7.470795154571533,7.470795154571533,0.0,0.2250654548406601,0.0026621874421834946,0.0,0.07059773802757263,0.03275243192911148,0.07781358063220978,0.0431307852268219,0.4287378489971161,0.4287378489971161,-1.0321142673492432,0.4196862280368805,0.07470794767141342,0.07059773802757263,0.03275243192911148,0.07781358063220978,0.0431307852268219,4-6deg,0.04-0.08,0.0,0.0,0.0,0.0
1,39,False,False,0.32046592235565186,0.3190575838088989,0.0,0.0,8.639999389648438,0.17663335800170898,0.0551142543554306,0.09579253941774368,0.04765627905726433,0.10073592513799667,0.11550220102071762,0.243233785033226,0.05244794115424156,0.4621758759021759,0.18814627826213837,0.08875023573637009,0.2567632496356964,>=0.15,True,True,False,False,False,False,False,False,False,0.0,0.0,0.0,0.0,0.0,0.0,0.11550220102071762,0.2401493340730667,0.0,0.0,0.0,0.0,0.0,0.0,0.06266550719738007,0.049172330647706985,0.08791933208703995,0.0,-0.0103254159912467,0.030326414853334427,0.03203500434756279,0.03179776296019554,0-2deg,0.00-0.04,0.0,0.0,0.0,0.0
2,20,False,False,0.37668654322624207,0.3370390832424164,0.0,0.0,9.460000038146973,0.2405218482017517,0.03708479553461075,-0.0432487316429615,0.06850224733352661,0.14545683562755585,0.0839521735906601,0.31258007884025574,-0.10735965520143509,0.7443454265594482,0.19368624687194824,0.12831652164459229,0.2637602686882019,>=0.15,True,True,False,False,False,False,False,False,False,0.0,0.0,0.0,0.0,0.0,0.0,0.0839521735906601,0.2608715891838074,0.0,0.0,0.0,0.0,0.0,0.0,0.05627959221601486,0.06748916953802109,0.1288522332906723,0.0,0.0030202220659703016,-0.01096472330391407,0.011372927576303482,0.017888912931084633,0-2deg,0.00-0.04,0.0,0.0,0.0,0.0
3,42,False,False,0.3411305844783783,0.3411305844783783,0.0,0.0,9.519999504089355,0.5650064945220947,0.07175574451684952,0.08992944657802582,-0.008774057030677795,0.15714780986309052,0.04591112956404686,0.28317946195602417,0.09794016182422638,1.102864384651184,0.27237609028816223,0.15690268576145172,0.2385348230600357,>=0.15,True,True,False,False,False,False,False,False,False,0.0,0.0,0.0,0.0,0.0,0.0,0.04591112956404686,0.2659924328327179,0.0,0.0,0.0,0.0,0.0,0.0,0.029293851926922798,-0.007527136709541082,0.156967431306839,0.0,0.024253901094198227,0.019269848242402077,0.03097536228597164,0.009942693635821342,0-2deg,0.00-0.04,0.0,0.0,0.0,0.0
4,0,False,False,0.37373340129852295,0.311108261346817,0.0,0.0,9.979999542236328,0.3068526089191437,0.04759566858410835,-0.025230050086975098,0.07855454087257385,0.26224106550216675,0.01375146396458149,0.3185475766658783,-0.10726656764745712,0.9680222272872925,0.22279423475265503,0.25019901990890503,0.17374929785728455,>=0.15,False,False,True,False,False,False,False,False,False,0.0,0.0,0.0,0.0,0.0,0.0,0.01375146396458149,0.2460619956254959,0.0,0.0,0.0,0.0,0.0,0.0,0.04520350322127342,0.07197106629610062,0.25217166543006897,0.0,-0.013502666726708412,0.0232380423694849,0.026876244693994522,0.033647485077381134,0-2deg,0.00-0.04,0.0,0.0,0.0,0.0
5,1,False,False,0.3820188343524933,0.3131045699119568,0.0,0.0,9.979999542236328,0.5388449430465698,0.09117434173822403,-0.003503583837300539,-0.0425025150179863,0.0914066880941391,0.07608895003795624,0.3200724124908447,0.039552927017211914,1.018964171409607,0.2707524001598358,0.0809241533279419,0.11633851379156113,0.10-0.15,False,False,True,False,False,False,False,False,False,0.0,0.0,0.0,0.0,0.0,0.0,0.07608895003795624,0.253542423248291,0.0,0.0,0.0,0.0,0.0,0.0,0.08549966663122177,-0.042920202016830444,0.08070340007543564,0.0,-0.05168847367167473,0.006587718613445759,0.05210575461387634,0.01898147724568844,0-2deg,0.00-0.04,0.0,0.0,0.0,0.0
6,2,False,False,0.4243503212928772,0.30863261222839355,0.0,0.0,9.979999542236328,0.298275887966156,0.047294337302446365,-0.0751054584980011,0.02506830543279648,0.1674516350030899,0.05674884840846062,0.3657149076461792,-0.0909719243645668,0.556122899055481,0.17196832597255707,0.16556458175182343,0.15349459648132324,>=0.15,False,False,True,False,False,False,False,False,False,0.0,0.0,0.0,0.0,0.0,0.0,0.05674884840846062,0.24255086481571198,0.0,0.0,0.0,0.0,0.0,0.0,0.04951326176524162,0.025232264772057533,0.1655396670103073,0.0,-0.032641515135765076,-0.024747241288423538,0.040958862751722336,0.00718478299677372,0-2deg,0.00-0.04,0.0,0.0,0.0,0.0
7,3,False,False,0.3906172513961792,0.3339967727661133,0.0,0.0,9.979999542236328,0.4253235161304474,0.05762426555156708,0.08000681549310684,-0.016888730227947235,0.28086209297180176,0.039404258131980896,0.3337394595146179,0.09706173092126846,1.2401612997055054,0.22097226977348328,0.280353844165802,0.22255516052246094,>=0.15,False,False,True,False,False,False,False,False,False,0.0,0.0,0.0,0.0,0.0,0.0,0.039404258131980896,0.2764967083930969,0.0,0.0,0.0,0.0,0.0,0.0,0.05602789297699928,-0.01292282436043024,0.28056463599205017,0.0,0.03675789386034012,-0.006596006453037262,0.037345316261053085,0.039663396775722504,0-2deg,0.00-0.04,0.0,0.0,0.0,0.0
8,4,False,False,0.38852182030677795,0.3394588828086853,0.0,0.0,9.979999542236328,0.2676534950733185,0.05439586192369461,-0.03655102476477623,0.06212068721652031,0.20311450958251953,0.10984542965888977,0.3176773190498352,-0.0992010235786438,0.7241144180297852,0.2373514324426651,0.19338181614875793,0.20815837383270264,>=0.15,False,False,True,False,False,False,False,False,False,0.0,0.0,0.0,0.0,0.0,0.0,0.10984542965888977,0.2832484841346741,0.0,0.0,0.0,0.0,0.0,0.0,0.015705065801739693,0.060848888009786606,0.19378575682640076,0.0,0.00659334659576416,-0.0011548923794180155,0.006694987881928682,0.02874395251274109,0-2deg,0.00-0.04,0.0,0.0,0.0,0.0
9,5,False,False,0.3470930755138397,0.3000790476799011,0.0,0.0,9.979999542236328,0.264940470457077,0.0437045656144619,-0.03967723250389099,0.0926646888256073,0.17942649126052856,0.030753545463085175,0.29097163677215576,-0.12563858926296234,1.1382516622543335,0.22624433040618896,0.1536460965871811,0.10256898403167725,0.10-0.15,False,False,True,False,False,False,False,False,False,0.0,0.0,0.0,0.0,0.0,0.0,0.030753545463085175,0.24179677665233612,0.0,0.0,0.0,0.0,0.0,0.0,0.06637533754110336,0.08468931913375854,0.15818212926387787,0.0,-0.04776432737708092,0.028053488582372665,0.05538773164153099,0.029583923518657684,0-2deg,0.00-0.04,0.0,0.0,0.0,0.0
10,6,False,False,0.4404221177101135,0.3239886164665222,0.0,0.0,9.979999542236328,0.34703338146209717,0.06714525073766708,-0.08366709202528,-0.06967099756002426,0.34395745396614075,0.14364923536777496,0.36260709166526794,-0.02152816392481327,0.6010302901268005,0.1976453959941864,0.3368273675441742,0.19339917600154877,>=0.15,False,False,True,False,False,False,False,False,False,0.0,0.0,0.0,0.0,0.0,0.0,0.14364923536777496,0.25140106678009033,0.0,0.0,0.0,0.0,0.0,0.0,0.10198745131492615,-0.0771346315741539,0.33519694209098816,0.0,0.021920571103692055,0.003856753231957555,0.022256124764680862,0.029892386868596077,0-2deg,0.00-0.04,0.0,0.0,0.0,0.0
11,7,False,False,0.4000166952610016,0.3328511416912079,0.0,0.0,9.979999542236328,0.6540558338165283,0.07051505893468857,-0.054549723863601685,0.01774325594305992,0.30583950877189636,0.06979800760746002,0.33888137340545654,-0.07572519034147263,1.1505099534988403,0.2641485929489136,0.30532437562942505,0.13736093044281006,0.10-0.15,False,False,True,False,False,False,False,False,False,0.0,0.0,0.0,0.0,0.0,0.0,0.06979800760746002,0.2631126344203949,0.0,0.0,0.0,0.0,0.0,0.0,0.019668417051434517,0.014552365988492966,0.3054930865764618,0.0,-0.04155554994940758,0.011873884126543999,0.04321832209825516,0.010655037127435207,0-2deg,0.00-0.04,0.0,0.0,0.0,0.0
12,8,False,False,0.4186382293701172,0.3432733416557312,0.0,0.0,9.979999542236328,0.4866962730884552,0.06249219924211502,-0.0799974575638771,-0.0753130316734314,0.34530970454216003,0.15211179852485657,0.3363737165927887,-0.01597861386835575,1.4169611930847168,0.2885417342185974,0.3369966447353363,0.16441676020622253,>=0.15,False,False,True,False,False,False,False,False,False,0.0,0.0,0.0,0.0,0.0,0.0,0.15211179852485657,0.26096153259277344,0.0,0.0,0.0,0.0,0.0,0.0,0.09725780785083771,-0.07369618117809296,0.33735391497612,0.0,0.0008342883083969355,0.014518249779939651,0.01454238686710596,0.053211551159620285,0-2deg,0.00-0.04,0.0,0.0006905339541845024,0.0,0.0
13,9,False,False,0.361814945936203,0.31047603487968445,0.0,0.0,9.979999542236328,0.28098011016845703,0.057730067521333694,0.09316349029541016,-0.09253664314746857,0.11295660585165024,0.07801511883735657,0.29834452271461487,0.18290990591049194,0.8922082185745239,0.21927478909492493,0.06477781385183334,0.152670219540596,>=0.15,False,False,True,False,False,False,False,False,False,0.0,0.0,0.0,0.0,0.0,0.0,0.07801511883735657,0.2447618693113327,0.0,0.0,0.0,0.0,0.0,0.0,0.005535057745873928,-0.09411481022834778,0.06246279180049896,0.0,0.025254705920815468,-0.002596143865957856,0.025386610999703407,0.03889091685414314,0-2deg,0.00-0.04,0.0,0.0,0.0,0.0
14,10,False,False,0.3716219961643219,0.30474987626075745,0.0,0.0,9.979999542236328,0.179773211479187,0.053598552942276,0.04570568725466728,-0.06098705530166626,0.10339169949293137,0.031505223363637924,0.3152976632118225,0.10864928364753723,1.1669005155563354,0.26406365633010864,0.08348905295133591,0.11743858456611633,0.10-0.15,False,False,True,False,False,False,False,False,False,0.0,0.0,0.0,0.0,0.0,0.0,0.031505223363637924,0.2391238957643509,0.0,0.0,0.0,0.0,0.0,0.0,0.025039058178663254,-0.06107565388083458,0.08342426270246506,0.0,-2.807558121276088e-05,0.0014695953577756882,0.0014648438664153218,0.04199458658695221,0-2deg,0.00-0.04,0.0,0.0,0.0,0.0
15,11,False,False,0.4026221036911011,0.3010055124759674,0.0,0.0,9.979999542236328,0.27540338039398193,0.06794470548629761,-0.11213573068380356,-0.07062602788209915,0.31930530071258545,0.104913629591465,0.3345038890838623,-0.041546352207660675,0.7610127329826355,0.23276379704475403,0.31139659881591797,0.14202480018138885,0.10-0.15,False,False,True,False,False,False,False,False,False,0.0,0.0,0.0,0.0,0.0,0.0,0.104913629591465,0.24094851315021515,0.0,0.0,0.0,0.0,0.0,0.0,0.07499219477176666,-0.06899599730968475,0.3117618262767792,0.0,-0.012945410795509815,0.006199276074767113,0.014352601952850819,0.027328159660100937,0-2deg,0.00-0.04,0.0,0.0,0.0,0.0
16,12,False,False,0.4143122434616089,0.31200388073921204,0.0,0.0,9.979999542236328,0.5695549249649048,0.0918307900428772,0.006227993406355381,0.025265663862228394,0.30092108249664307,0.0733671709895134,0.35370156168937683,-0.021325115114450455,0.7675039768218994,0.26222026348114014,0.29985854029655457,0.07373140007257462,0.05-0.10,False,False,True,False,False,False,False,False,False,0.0,0.0,0.0,0.0,0.0,0.0,0.0733671709895134,0.25361549854278564,0.0,0.0,0.0,0.0,0.0,0.0,0.12087607383728027,0.020898064598441124,0.30019456148147583,0.0,0.07316651195287704,-0.02041315659880638,0.07595580071210861,0.023331087082624435,0-2deg,0.00-0.04,0.0,0.0,0.0,0.0
17,13,False,False,0.360230952501297,0.3397129476070404,0.0,0.0,9.979999542236328,0.16558797657489777,0.04163016006350517,0.03450798988342285,-0.05868452414870262,0.2719002068042755,0.15451735258102417,0.2715558707714081,0.08285624533891678,0.6545838117599487,0.20600847899913788,0.26549169421195984,0.24930353462696075,>=0.15,False,False,True,False,False,False,False,False,False,0.0,0.0,0.0,0.0,0.0,0.0,0.15451735258102417,0.2715558707714081,0.0,0.0,0.0,0.0,0.0,0.0,0.06580856442451477,-0.04582180455327034,0.26801133155822754,0.0,0.049035899341106415,-0.0005098790279589593,0.049038901925086975,0.05806240066885948,0-2deg,0.00-0.04,0.0,0.0006905339541845024,0.0,0.0
18,14,False,False,0.3921603262424469,0.3150808811187744,0.0,0.0,9.979999542236328,0.30702802538871765,0.07149243354797363,-0.012436280958354473,-0.06793469935655594,0.2869444489479065,0.08486443758010864,0.32847094535827637,0.05324637144804001,0.7645528316497803,0.2380584329366684,0.27878662943840027,0.07521156966686249,0.05-0.10,False,False,True,False,False,False,False,False,False,0.0,0.0,0.0,0.0,0.0,0.0,0.08486443758010864,0.25570690631866455,0.0,0.0,0.0,0.0,0.0,0.0,0.0854179635643959,-0.07009245455265045,0.2782519459724426,0.0,-0.015216204337775707,-0.027018994092941284,0.03100806288421154,0.01878807134926319,0-2deg,0.00-0.04,0.0,0.0,0.0,0.0
19,15,False,False,0.3192777633666992,0.3114149868488312,0.0,0.0,9.979999542236328,0.2398185431957245,0.06338430196046829,0.13990360498428345,-0.05100829899311066,0.07834435254335403,0.07341017574071884,0.25644633173942566,0.19095805287361145,0.5919817686080933,0.20214436948299408,0.05946420133113861,0.11385451257228851,0.10-0.15,False,False,True,False,False,False,False,False,False,0.0,0.0,0.0,0.0,0.0,0.0,0.07341017574071884,0.24119023978710175,0.0,0.0,0.0,0.0,0.0,0.0,0.10208107531070709,-0.04814708232879639,0.06180369108915329,0.0,-0.019318237900733948,-0.06298276782035828,0.06587470322847366,0.00778938876464963,0-2deg,0.00-0.04,0.0,0.0,0.0,0.0
20,16,False,False,0.36416077613830566,0.3134043216705322,0.0,0.0,9.979999542236328,0.2506428360939026,0.055468183010816574,0.03304506093263626,0.08110982924699783,0.17947633564472198,0.05207429826259613,0.3057982623577118,-0.048875339329242706,0.6399052143096924,0.21318893134593964,0.1601029336452484,0.2610083222389221,>=0.15,False,False,True,False,False,False,False,False,False,0.0,0.0,0.0,0.0,0.0,0.0,0.05207429826259613,0.24381665885448456,0.0,0.0,0.0,0.0,0.0,0.0,0.07081221044063568,0.07264222204685211,0.1641184389591217,0.0,0.04571907967329025,0.027612170204520226,0.05340565741062164,0.030370239168405533,0-2deg,0.00-0.04,0.0,0.0006905339541845024,0.0,0.0
21,17,False,False,0.3855281174182892,0.3161771297454834,0.0,0.0,9.979999542236328,0.3437293469905853,0.06366293877363205,0.01787238009274006,-0.07961622625589371,0.09894728660583496,0.06835632026195526,0.3247523903846741,0.09897314757108688,1.2838751077651978,0.2720908224582672,0.05875220522284508,0.16736295819282532,>=0.15,False,False,True,False,False,False,False,False,False,0.0,0.0,0.0,0.0,0.0,0.0,0.06835632026195526,0.25922784209251404,0.0,0.0,0.0,0.0,0.0,0.0,0.051071226596832275,-0.07783127576112747,0.06109711527824402,0.0,-0.0015084723709151149,0.06426871567964554,0.06428639590740204,0.017676180228590965,0-2deg,0.00-0.04,0.0,0.0,0.0,0.0
22,18,False,False,0.39960917830467224,0.3029894530773163,0.0,0.0,9.979999542236328,0.26052626967430115,0.07525651156902313,0.045498911291360855,-0.07467582821846008,0.2475505918264389,0.11443610489368439,0.32820993661880493,0.12395130097866058,0.5536504983901978,0.22822457551956177,0.23601867258548737,0.18460047245025635,>=0.15,False,False,True,False,False,False,False,False,False,0.0,0.0,0.0,0.0,0.0,0.0,0.11443610489368439,0.2417907565832138,0.0,0.0,0.0,0.0,0.0,0.0,0.03461463749408722,-0.08828721195459366,0.23127183318138123,0.0,0.060222774744033813,-0.007073181681334972,0.060635849833488464,0.024004526436328888,0-2deg,0.00-0.04,0.0,0.0,0.0,0.0
23,19,False,False,0.3343230187892914,0.2981964647769928,0.0,0.0,9.979999542236328,0.4964829087257385,0.07907839119434357,0.11553414165973663,-0.05094928294420242,0.11842279136180878,0.06815753132104874,0.2724558711051941,0.1692783385515213,0.697928786277771,0.2175133377313614,0.10690242052078247,0.13407279551029205,0.10-0.15,False,False,True,False,False,False,False,False,False,0.0,0.0,0.0,0.0,0.0,0.0,0.06815753132104874,0.23798920214176178,0.0,0.0,0.0,0.0,0.0,0.0,0.05159397050738335,-0.05306395888328552,0.10586865991353989,0.0,0.049847427755594254,-0.030531158670783043,0.05844826251268387,0.02799854427576065,0-2deg,0.00-0.04,0.0,0.0,0.0,0.0
24,21,False,False,0.3919936716556549,0.31149739027023315,0.0,0.0,9.979999542236328,0.4438188374042511,0.04953411966562271,0.0052030812948942184,-0.10042159259319305,0.2794159948825836,0.05437018349766731,0.333159863948822,0.10251419991254807,1.0690088272094727,0.22907476127147675,0.2607465982437134,0.1879909634590149,>=0.15,False,False,True,False,False,False,False,False,False,0.0,0.0,0.0,0.0,0.0,0.0,0.05437018349766731,0.24203111231327057,0.0,0.0,0.0,0.0,0.0,0.0,0.05064326152205467,-0.11270570755004883,0.2556769549846649,0.0,0.061561234295368195,0.007725887931883335,0.062043771147727966,0.0273386612534523,0-2deg,0.00-0.04,0.0,0.0,0.0,0.0
25,22,False,False,0.33246564865112305,0.3323422074317932,0.0,0.0,9.979999542236328,0.5787193775177002,0.08250992000102997,0.06305307894945145,0.002640988677740097,0.1885422170162201,0.0719255656003952,0.2699929177761078,0.06227734312415123,0.9853745102882385,0.253022164106369,0.18852370977401733,0.16084575653076172,>=0.15,False,False,True,False,False,False,False,False,False,0.0,0.0,0.0,0.0,0.0,0.0,0.0719255656003952,0.2699929177761078,0.0,0.0,0.0,0.0,0.0,0.0,0.0949130728840828,-0.012633915059268475,0.18811845779418945,0.0,-0.026668431237339973,0.08579904586076736,0.08983813226222992,0.03840162977576256,0-2deg,0.00-0.04,0.0,0.0006905339541845024,0.0,0.0
26,23,False,False,0.33659854531288147,0.3356421887874603,0.0,0.0,9.979999542236328,0.4483641982078552,0.0600166879594326,0.12566488981246948,0.03159153461456299,0.09816250205039978,0.10979116708040237,0.26331308484077454,0.09308560192584991,1.5842245817184448,0.28113454580307007,0.09294004738330841,0.2083991914987564,>=0.15,False,False,True,False,False,False,False,False,False,0.0,0.0,0.0,0.0,0.0,0.0,0.10979116708040237,0.2593357563018799,0.0,0.0,0.0,0.0,0.0,0.0,0.11082339286804199,0.033689867705106735,0.09220016002655029,0.0,-0.07482902705669403,0.056731730699539185,0.09387151896953583,0.03134690225124359,0-2deg,0.00-0.04,0.0,0.0006905339541845024,0.0,0.0
27,24,False,False,0.38826122879981995,0.31275245547294617,0.0,0.0,9.979999542236328,0.40533211827278137,0.06532356142997742,0.034396033734083176,-0.09132139384746552,0.27254706621170044,0.13267414271831512,0.31070464849472046,0.1262110471725464,1.093794822692871,0.24465377628803253,0.2567923367023468,0.16151095926761627,>=0.15,False,False,True,False,False,False,False,False,False,0.0,0.0,0.0,0.0,0.0,0.0,0.13267414271831512,0.24844862520694733,0.0,0.0,0.0,0.0,0.0,0.0,0.06717748194932938,-0.10678273439407349,0.2507575452327728,0.0,0.046928681433200836,-0.038901980966329575,0.06094685569405556,0.013207223266363144,0-2deg,0.00-0.04,0.0,0.0,0.0,0.0
28,25,False,False,0.4283495843410492,0.32364705204963684,0.0,0.0,9.979999542236328,0.46737757325172424,0.0799296498298645,-0.08326176553964615,0.024812892079353333,0.3048480451107025,0.14451952278614044,0.35015109181404114,-0.10974009335041046,1.239516019821167,0.2572222650051117,0.30383655428886414,0.19708359241485596,>=0.15,False,False,True,False,False,False,False,False,False,0.0,0.0,0.0,0.0,0.0,0.0,0.14451952278614044,0.2653469145298004,0.0,0.0,0.0,0.0,0.0,0.0,0.13639873266220093,0.036153268069028854,0.3026966452598572,0.0,-0.008197096176445484,-0.06259164214134216,0.06312543898820877,0.050294939428567886,0-2deg,0.00-0.04,0.0,0.0,0.0,0.0
29,26,False,False,0.3103228509426117,0.3088318705558777,0.0,0.0,9.979999542236328,0.4727663993835449,0.07077113538980484,0.16957181692123413,0.0009981989860534668,0.16935782134532928,0.05751712620258331,0.2495708018541336,0.16987591981887817,0.6213991641998291,0.2305431365966797,0.1693548858165741,0.1920006275177002,>=0.15,False,False,True,False,False,False,False,False,False,0.0,0.0,0.0,0.0,0.0,0.0,0.05751712620258331,0.2359975427389145,0.0,0.0,0.0,0.0,0.0,0.0,0.09969193488359451,0.011425730772316456,0.1689719706773758,0.0,0.006172432564198971,-0.06137343496084213,0.06168223172426224,0.038439322263002396,0-2deg,0.00-0.04,0.0,0.0,0.0,0.0
30,27,False,False,0.4039676785469055,0.30360138416290283,0.0,0.0,9.979999542236328,0.3248101770877838,0.06040783226490021,-0.10406579077243805,-0.016084522008895874,0.12758366763591766,0.04311973229050636,0.3468639552593231,-0.08255232870578766,0.734063982963562,0.20767800509929657,0.12656570971012115,0.055307745933532715,0.05-0.10,False,False,True,False,False,False,False,False,False,0.0,0.0,0.0,0.0,0.0,0.0,0.04311973229050636,0.2464451640844345,0.0,0.0,0.0,0.0,0.0,0.0,0.04806375876069069,-0.016083834692835808,0.1265658140182495,0.0,0.00012623654038179666,0.011269745416939259,0.011272907257080078,0.00646556681022048,0-2deg,0.00-0.04,0.0,0.0,0.0,0.0
31,28,False,False,0.32932722568511963,0.32926371693611145,0.0,0.0,9.979999542236328,0.45321694016456604,0.08023475110530853,-0.005308746360242367,-0.013909293338656425,0.1870751678943634,0.10909036546945572,0.2561092674732208,0.00437620235607028,0.9818556904792786,0.27749308943748474,0.1865573674440384,0.1991075724363327,>=0.15,False,False,True,False,False,False,False,False,False,0.0,0.0,0.0,0.0,0.0,0.0,0.10909036546945572,0.2561092674732208,0.0,0.0,0.0,0.0,0.0,0.0,0.04239937663078308,-0.007800097577273846,0.18691249191761017,0.0,0.027850892394781113,0.01893574371933937,0.03367707133293152,0.03767687454819679,0-2deg,0.00-0.04,0.0,0.0,0.0,0.0
32,29,False,False,0.36521172523498535,0.3145997226238251,0.0,0.0,9.979999542236328,1.5752127170562744,0.10327812284231186,-0.05855692923069,0.0824379026889801,0.20488113164901733,0.11194462329149246,0.2928358018398285,-0.1454433798789978,3.128314256668091,0.4022044539451599,0.18756404519081116,0.14438891410827637,0.10-0.15,False,False,True,False,False,False,False,False,False,0.0,0.0,0.0,0.0,0.0,0.0,0.11194462329149246,0.25715285539627075,0.0,0.0,0.0,0.0,0.0,0.0,0.024929305538535118,0.07960108667612076,0.18878546357154846,0.0,0.002577783539891243,0.01939178816974163,0.01956205442547798,0.022994449362158775,0-2deg,0.00-0.04,0.0,0.0,0.0,0.0
33,30,False,False,0.41164159774780273,0.3472413420677185,0.0,0.0,9.979999542236328,0.4426332712173462,0.05406612157821655,-0.13628149032592773,-0.021251782774925232,0.1712084710597992,0.14805541932582855,0.32967135310173035,-0.11301889270544052,0.8084172010421753,0.22816422581672668,0.16988438367843628,0.2200612872838974,>=0.15,False,False,True,False,False,False,False,False,False,0.0,0.0,0.0,0.0,0.0,0.0,0.14805541932582855,0.27626490592956543,0.0,0.0,0.0,0.0,0.0,0.0,0.05329611524939537,-0.02681897021830082,0.16909490525722504,0.0,-0.0512365959584713,0.029707811772823334,0.05921967700123787,0.04806601256132126,0-2deg,0.00-0.04,0.0,0.0,0.0,0.0
34,31,False,False,0.32968956232070923,0.3014533221721649,0.0,0.0,9.979999542236328,0.6452474594116211,0.07211828231811523,0.010549717582762241,0.08766508847475052,0.15346002578735352,0.06062103807926178,0.26908886432647705,-0.07769770920276642,0.8587502241134644,0.24551193416118622,0.12595558166503906,0.1577574610710144,>=0.15,False,False,True,False,False,False,False,False,False,0.0,0.0,0.0,0.0,0.0,0.0,0.06062103807926178,0.2354944497346878,0.0,0.0,0.0,0.0,0.0,0.0,0.012737583369016647,0.08755505830049515,0.12603209912776947,0.0,0.027557753026485443,0.016335410997271538,0.03203500434756279,0.06485402584075928,0-2deg,0.00-0.04,0.0,0.0,0.0,0.0
35,32,False,False,0.3505094349384308,0.30162519216537476,0.0,0.0,9.979999542236328,0.30725228786468506,0.06598562747240067,0.039253950119018555,-0.08219844102859497,0.22795000672340393,0.07899495959281921,0.28685057163238525,0.11824289709329605,0.6071091890335083,0.23204629123210907,0.2126137763261795,0.12257841229438782,0.10-0.15,False,False,True,False,False,False,False,False,False,0.0,0.0,0.0,0.0,0.0,0.0,0.07899495959281921,0.23842664062976837,0.0,0.0,0.0,0.0,0.0,0.0,0.04468078538775444,-0.07485359907150269,0.21530941128730774,0.0,0.011343155056238174,0.03420950472354889,0.036040615290403366,0.03870214894413948,0-2deg,0.00-0.04,0.0,0.0,0.0,0.0
36,33,False,False,0.4211394190788269,0.3323683738708496,0.0,0.0,9.979999542236328,0.4138369560241699,0.05180741474032402,-0.07124349474906921,-0.04947088658809662,0.3011064827442169,0.06711900234222412,0.3607655465602875,-0.027794620022177696,0.9460345506668091,0.2323255091905594,0.2970147132873535,0.1618409901857376,>=0.15,False,False,True,False,False,False,False,False,False,0.0,0.0,0.0,0.0,0.0,0.0,0.06711900234222412,0.25721293687820435,0.0,0.0,0.0,0.0,0.0,0.0,0.050916869193315506,-0.061175182461738586,0.29482656717300415,0.0,0.041063666343688965,0.050910208374261856,0.0653957724571228,0.03626375272870064,0-2deg,0.00-0.04,0.0,0.0,0.0,0.0
37,34,False,False,0.40427637100219727,0.3049706816673279,0.0,0.0,9.979999542236328,0.27638405561447144,0.05111030861735344,-0.07675635814666748,-0.04252595826983452,0.09258104860782623,0.04583929851651192,0.34688645601272583,-0.03246534615755081,0.7579283118247986,0.19770309329032898,0.08223620057106018,0.1244201585650444,0.10-0.15,False,False,True,False,False,False,False,False,False,0.0,0.0,0.0,0.0,0.0,0.0,0.04583929851651192,0.2477203756570816,0.0,0.0,0.0,0.0,0.0,0.0,0.060123201459646225,-0.04743105545639992,0.07950814813375473,0.0,0.07400639355182648,0.04729718342423439,0.08780618757009506,0.026840688660740852,0-2deg,0.00-0.04,0.0,0.0,0.0,0.0
38,35,False,False,0.36122190952301025,0.3115139603614807,0.0,0.0,9.979999542236328,0.16397908329963684,0.04302017763257027,0.07111499458551407,-0.04377999156713486,0.11911461502313614,0.07900678366422653,0.29838210344314575,0.12011907994747162,0.34644344449043274,0.15706922113895416,0.11077727377414703,0.10632794350385666,0.10-0.15,False,False,True,False,False,False,False,False,False,0.0,0.0,0.0,0.0,0.0,0.0,0.07900678366422653,0.24785588681697845,0.0,0.0,0.0,0.0,0.0,0.0,0.11041845381259918,-0.03820251300930977,0.11282224953174591,0.0,0.054472435265779495,-0.02568933740258217,0.06022033840417862,0.012008790858089924,0-2deg,0.00-0.04,0.0,0.0,0.0,0.0
39,36,False,False,0.36451083421707153,0.3243315815925598,0.0,0.0,9.979999542236328,0.4047171175479889,0.05570850148797035,-0.05964042246341705,0.024509206414222717,0.10068321973085403,0.13066525757312775,0.28663012385368347,-0.08634254336357117,0.5233633518218994,0.1756424754858017,0.0976545438170433,0.17132847011089325,>=0.15,False,False,True,False,False,False,False,False,False,0.0,0.0,0.0,0.0,0.0,0.0,0.13066525757312775,0.26817548274993896,0.0,0.0,0.0,0.0,0.0,0.0,0.09077202528715134,0.02835117280483246,0.09660911560058594,0.0,-0.02130988799035549,-0.033334746956825256,0.0395624041557312,0.052651628851890564,0-2deg,0.00-0.04,0.0,0.0,0.0,0.0
40,37,False,False,0.37897253036499023,0.3265482485294342,0.0,0.0,9.979999542236328,0.521591305732727,0.06278690695762634,-0.04844753071665764,0.09288856387138367,0.2109016627073288,0.05999021604657173,0.3194737434387207,-0.13535176217556,0.9070401787757874,0.24059291183948517,0.18934419751167297,0.2311120182275772,>=0.15,False,False,True,False,False,False,False,False,False,0.0,0.0,0.0,0.0,0.0,0.0,0.05999021604657173,0.2448299676179886,0.0,0.0,0.0,0.0,0.0,0.0,0.07044395804405212,0.09458642452955246,0.18850177526474,0.0,-0.0003227833076380193,-0.012721095234155655,0.012723537161946297,0.041634153574705124,0-2deg,0.00-0.04,0.0,0.0,0.0,0.0
41,38,False,False,0.34062057733535767,0.3082466125488281,0.0,0.0,9.979999542236328,0.43152761459350586,0.06946814060211182,0.10349548608064651,-0.031702056527137756,0.25976505875587463,0.0845518484711647,0.2753441333770752,0.13434243202209473,1.1791393756866455,0.279427170753479,0.25782331824302673,0.10975375026464462,0.10-0.15,False,False,True,False,False,False,False,False,False,0.0,0.0,0.0,0.0,0.0,0.0,0.0845518484711647,0.2457180768251419,0.0,0.0,0.0,0.0,0.0,0.0,0.06354263424873352,-0.03519414737820625,0.25736987590789795,0.0,0.001504056272096932,0.020763635635375977,0.020816853269934654,0.023627279326319695,0-2deg,0.00-0.04,0.0,0.0,0.0,0.0
42,40,False,False,0.3812895119190216,0.31470465660095215,0.0,0.0,9.979999542236328,0.1626235395669937,0.04630637168884277,-0.05917590856552124,0.06834889203310013,0.30538415908813477,0.021534111350774765,0.3256353437900543,-0.13065998256206512,0.4396902918815613,0.17860323190689087,0.2976372241973877,0.21553075313568115,>=0.15,False,False,True,False,False,False,False,False,False,0.0,0.0,0.0,0.0,0.0,0.0,0.021534111350774765,0.25254952907562256,0.0,0.0,0.0,0.0,0.0,0.0,0.03622211888432503,0.06335164606571198,0.29874077439308167,0.0,-0.030411293730139732,-0.022201379761099815,0.03765057772397995,0.04666604846715927,0-2deg,0.00-0.04,0.0,0.0,0.0,0.0
43,41,False,False,0.3677724599838257,0.3244790732860565,0.0,0.0,9.979999542236328,0.45277538895606995,0.05865251645445824,-0.0023177620023489,0.08852700144052505,0.13495449721813202,0.10452769696712494,0.29830461740493774,-0.08818387985229492,1.288203477859497,0.26413479447364807,0.10186111927032471,0.19968540966510773,>=0.15,False,False,True,False,False,False,False,False,False,0.0,0.0,0.0,0.0,0.0,0.0,0.10452769696712494,0.25348326563835144,0.0,0.0,0.0,0.0,0.0,0.0,0.07248245924711227,0.08344651758670807,0.10606316477060318,0.0,0.06040870025753975,0.0029683983884751797,0.060481227934360504,0.047381311655044556,0-2deg,0.00-0.04,0.0,0.0,0.0,0.0
44,43,False,False,0.3261357247829437,0.3261357247829437,0.0,0.0,9.979999542236328,0.6027507185935974,0.07108641415834427,0.017044391483068466,0.02477215602993965,0.14877551794052124,0.1169324591755867,0.24891065061092377,-0.007046982645988464,1.0090036392211914,0.26458173990249634,0.14669865369796753,0.23724840581417084,>=0.15,False,False,True,False,False,False,False,False,False,0.0,0.0,0.0,0.0,0.0,0.0,0.1169324591755867,0.248155876994133,0.0,0.0,0.0,0.0,0.0,0.0,0.04775385186076164,0.02509903348982334,0.14664308726787567,0.0,0.013637542724609375,-0.04388872906565666,0.045956991612911224,0.044784560799598694,0-2deg,0.00-0.04,0.0,0.0006905339541845024,0.0,0.0
45,44,False,False,0.3975047171115875,0.32998353242874146,0.0,0.0,9.979999542236328,0.3383926451206207,0.05606907606124878,-0.01863507553935051,-0.07940041273832321,0.26365670561790466,0.12655027210712433,0.3225362300872803,0.060959454625844955,0.8456800580024719,0.2137433886528015,0.2514168620109558,0.1305621713399887,0.10-0.15,False,False,True,False,False,False,False,False,False,0.0,0.0,0.0,0.0,0.0,0.0,0.12655027210712433,0.2713818848133087,0.0,0.0,0.0,0.0,0.0,0.0,0.05793480575084686,-0.09756746888160706,0.2449396848678589,0.0,0.05709370598196983,-0.047546181827783585,0.07428239285945892,0.047363460063934326,0-2deg,0.00-0.04,0.0,0.0,0.0,0.0
46,45,False,False,0.42154285311698914,0.3205875754356384,0.0,0.0,9.979999542236328,0.7266371250152588,0.07839612662792206,-0.030201513320207596,0.009920265525579453,0.11530935764312744,0.059244416654109955,0.3626788258552551,-0.03834681212902069,1.358899712562561,0.30947089195251465,0.11488183587789536,0.21144290268421173,>=0.15,False,False,True,False,False,False,False,False,False,0.0,0.0,0.0,0.0,0.0,0.0,0.059244416654109955,0.2597799301147461,0.0,0.0,0.0,0.0,0.0,0.0,0.05647633969783783,0.0053945486433804035,0.11518310010433197,0.0,0.0011471592588350177,0.04505343735218048,0.0450674407184124,0.04689880460500717,0-2deg,0.00-0.04,0.0,0.0,0.0,0.0
47,46,False,False,0.3308359384536743,0.3040303587913513,0.0,0.0,9.979999542236328,0.40674927830696106,0.040958426892757416,0.04870225861668587,0.03450760245323181,0.16488270461559296,0.06950614601373672,0.2691010534763336,0.021265262737870216,0.7548487782478333,0.17999476194381714,0.16123129427433014,0.09853850305080414,0.05-0.10,False,False,True,False,False,False,False,False,False,0.0,0.0,0.0,0.0,0.0,0.0,0.06950614601373672,0.2429603487253189,0.0,0.0,0.0,0.0,0.0,0.0,0.09111003577709198,0.026824412867426872,0.1626860797405243,0.0,0.04976419359445572,0.06509074568748474,0.081913061439991,0.05841555446386337,0-2deg,0.00-0.04,0.0,0.0,0.0,0.0
48,47,False,False,0.332602322101593,0.3213154673576355,0.0,0.0,9.979999542236328,0.7543851733207703,0.08262632042169571,0.07933083921670914,0.046258822083473206,0.14855273067951202,0.04616439715027809,0.2743108868598938,0.0382545180618763,1.1976408958435059,0.30739185214042664,0.14116668701171875,0.23598137497901917,>=0.15,False,False,True,False,False,False,False,False,False,0.0,0.0,0.0,0.0,0.0,0.0,0.04616439715027809,0.24187515676021576,0.0,0.0,0.0,0.0,0.0,0.0,0.015780791640281677,0.04342307895421982,0.14206458628177643,0.0,-0.018603229895234108,-0.041825272142887115,0.045773688703775406,0.03415410593152046,0-2deg,0.00-0.04,0.0,0.0,0.0,0.0
49,48,False,False,0.3293776214122772,0.3072849214076996,0.0,0.0,9.979999542236328,0.4336373805999756,0.060016609728336334,0.13841219246387482,-0.041095659136772156,0.13424506783485413,0.04407215490937233,0.2712864875793457,0.1819331794977188,0.8613292574882507,0.21924568712711334,0.12780016660690308,0.16799427568912506,>=0.15,False,False,True,False,False,False,False,False,False,0.0,0.0,0.0,0.0,0.0,0.0,0.04407215490937233,0.23926754295825958,0.0,0.0,0.0,0.0,0.0,0.0,0.032059185206890106,-0.041001807898283005,0.12783032655715942,0.0,0.0010451520793139935,-0.00020106422016397119,0.001091830083169043,0.0010203822748735547,0-2deg,0.00-0.04,0.0,0.0,0.0,0.0
50,49,False,False,0.38349559903144836,0.3037868142127991,0.0,0.0,9.979999542236328,0.3908730745315552,0.06342457979917526,-0.1057395190000534,0.07169514149427414,0.16158470511436462,0.0987197607755661,0.3161890506744385,-0.17279809713363647,0.8657318353652954,0.2279101312160492,0.14480823278427124,0.1211991086602211,0.10-0.15,False,False,True,False,False,False,False,False,False,0.0,0.0,0.0,0.0,0.0,0.0,0.0987197607755661,0.24657244980335236,0.0,0.0,0.0,0.0,0.0,0.0,0.06109444051980972,0.07021453976631165,0.14553190767765045,0.0,0.011896519921720028,-0.021752336993813515,0.024792632088065147,0.035009730607271194,0-2deg,0.00-0.04,0.0,0.0,0.0,0.0
51,50,False,False,0.3486075699329376,0.3154919147491455,0.0,0.0,9.979999542236328,0.5200048685073853,0.0845445841550827,0.04450061172246933,-0.04584221541881561,0.07484368979930878,0.029793227091431618,0.29224371910095215,0.09231735020875931,0.9397742748260498,0.25788915157318115,0.059161387383937836,0.11809615045785904,0.10-0.15,False,False,True,False,False,False,False,False,False,0.0,0.0,0.0,0.0,0.0,0.0,0.029793227091431618,0.25990980863571167,0.0,0.0,0.0,0.0,0.0,0.0,0.03788892552256584,-0.04843812435865402,0.05705546215176582,0.0,0.04779669642448425,0.0012162851635366678,0.04781249910593033,0.05608155578374863,0-2deg,0.00-0.04,0.0,0.0,0.0,0.0
52,51,False,False,0.36728131771087646,0.3067176342010498,0.0,0.0,9.979999542236328,0.5099757313728333,0.07624372094869614,0.08127880096435547,-0.03776948153972626,0.21304461359977722,0.041670531034469604,0.3098621368408203,0.12091949582099915,0.9442160725593567,0.25207918882369995,0.20966991782188416,0.08423212915658951,0.05-0.10,False,False,True,False,False,False,False,False,False,0.0,0.0,0.0,0.0,0.0,0.0,0.041670531034469604,0.24540294706821442,0.0,0.0,0.0,0.0,0.0,0.0,0.012549004517495632,-0.03899313136935234,0.2094458043575287,0.0,-0.008428957313299179,0.01782885380089283,0.019719872623682022,0.04739869013428688,0-2deg,0.00-0.04,0.0,0.0,0.0,0.0
53,52,False,False,0.39137932658195496,0.32529574632644653,0.0,0.0,9.979999542236328,0.5167978405952454,0.08785639703273773,-0.10168430209159851,0.05017293244600296,0.15983186662197113,0.10110285133123398,0.32335329055786133,-0.1497962921857834,1.093166470527649,0.27947548031806946,0.151752769947052,0.17207103967666626,>=0.15,False,False,True,False,False,False,False,False,False,0.0,0.0,0.0,0.0,0.0,0.0,0.10110285133123398,0.26072514057159424,0.0,0.0,0.0,0.0,0.0,0.0,0.026408614590764046,0.04745142161846161,0.15262563526630402,0.0,-0.002866623690351844,-0.017827587202191353,0.018056752160191536,0.06337817758321762,0-2deg,0.00-0.04,0.0,0.0,0.0,0.0
54,53,False,False,0.3913944959640503,0.30748164653778076,0.0,0.0,9.979999542236328,0.3283595144748688,0.056637272238731384,-0.0886647179722786,-0.08091969788074493,0.1502823680639267,0.07022394239902496,0.3303261995315552,-0.003179473802447319,0.5724859833717346,0.20096756517887115,0.12663644552230835,0.07310791313648224,0.05-0.10,False,False,True,False,False,False,False,False,False,0.0,0.0,0.0,0.0,0.0,0.0,0.07022394239902496,0.24425892531871796,0.0,0.0,0.0,0.0,0.0,0.0,0.055975716561079025,-0.08559220284223557,0.12352637201547623,0.0,0.008240013383328915,-0.03649314492940903,0.037410710006952286,0.01167028397321701,0-2deg,0.00-0.04,0.0,0.0,0.0,0.0
55,54,False,False,0.34928053617477417,0.3471163511276245,0.0,0.0,9.979999542236328,0.38454052805900574,0.06464559584856033,0.062164876610040665,-0.031876251101493835,0.07606327533721924,0.08524609357118607,0.28388816118240356,0.09694952517747879,0.7445403933525085,0.21513433754444122,0.0690617635846138,0.2572022080421448,>=0.15,False,False,True,False,False,False,False,False,False,0.0,0.0,0.0,0.0,0.0,0.0,0.08524609357118607,0.28388816118240356,0.0,0.0,0.0,0.0,0.0,0.0,0.048381540924310684,-0.03630613535642624,0.06683925539255142,0.0,0.0032693298999220133,-0.08150564134120941,0.08157069981098175,0.015641333535313606,0-2deg,0.00-0.04,0.0,0.0,0.0,0.0
56,55,False,False,0.354454904794693,0.31273338198661804,0.0,0.0,9.979999542236328,0.43183356523513794,0.07356258481740952,-0.08478010445833206,0.04165569692850113,0.13430899381637573,0.10018400847911835,0.28542956709861755,-0.12323343008756638,1.4379160404205322,0.27530863881111145,0.12768597900867462,0.15453587472438812,>=0.15,False,False,True,False,False,False,False,False,False,0.0,0.0,0.0,0.0,0.0,0.0,0.10018400847911835,0.2446788102388382,0.0,0.0,0.0,0.0,0.0,0.0,0.039150357246398926,0.04240322485566139,0.1274396777153015,0.0,-0.0019795564003288746,0.007021848578006029,0.007291610352694988,0.001880665891803801,0-2deg,0.00-0.04,0.0,0.0,0.0,0.0
57,56,False,False,0.399299293756485,0.3171084523200989,0.0,0.0,9.979999542236328,0.66131591796875,0.07587695121765137,-0.09698992222547531,0.04475904256105423,0.1621081531047821,0.028347073122859,0.343600869178772,-0.1357550323009491,1.1168432235717773,0.2655611038208008,0.1558065563440323,0.14289380609989166,0.10-0.15,False,False,True,False,False,False,False,False,False,0.0,0.0,0.0,0.0,0.0,0.0,0.028347073122859,0.25158774852752686,0.0,0.0,0.0,0.0,0.0,0.0,0.09033172577619553,0.04985456168651581,0.15425164997577667,0.0,-0.022105583921074867,0.031840112060308456,0.038758546113967896,0.020564164966344833,0-2deg,0.00-0.04,0.0,0.0,0.0,0.0
58,57,False,False,0.3453770875930786,0.3355936110019684,0.0,0.0,9.979999542236328,0.5879114270210266,0.07392734289169312,0.044602539390325546,-0.10519229620695114,0.24631017446517944,0.12756666541099548,0.26701751351356506,0.15314249694347382,1.6232038736343384,0.28679338097572327,0.22271794080734253,0.2232877016067505,>=0.15,False,False,True,False,False,False,False,False,False,0.0,0.0,0.0,0.0,0.0,0.0,0.12756666541099548,0.26701751351356506,0.0,0.0,0.0,0.0,0.0,0.0,0.0786244347691536,-0.1154559776186943,0.21757440268993378,0.0,-0.03317805007100105,-0.04394986107945442,0.055060528218746185,0.034095264971256256,0-2deg,0.00-0.04,0.0,0.0,0.0,0.0
59,58,False,False,0.3714056611061096,0.30415233969688416,0.0,0.0,9.979999542236328,0.6741310954093933,0.08372808992862701,0.018653899431228638,-0.02704242244362831,0.2137705683708191,0.07654977589845657,0.30852609872817993,0.04739304631948471,1.549444556236267,0.31143423914909363,0.21205319464206696,0.15906748175621033,>=0.15,False,False,True,False,False,False,False,False,False,0.0,0.0,0.0,0.0,0.0,0.0,0.07654977589845657,0.2400263398885727,0.0,0.0,0.0,0.0,0.0,0.0,0.037064891308546066,-0.027544718235731125,0.21198853850364685,0.0,-0.007574907969683409,-0.00514603266492486,0.009154491126537323,0.05994055047631264,0-2deg,0.00-0.04,0.0,0.0,0.0,0.0
60,59,False,False,0.3701172173023224,0.2982955574989319,0.0,0.0,9.979999542236328,0.47064653038978577,0.06757717579603195,-0.09986776858568192,0.07254812121391296,0.17743323743343353,0.06294800341129303,0.31040695309638977,-0.16676415503025055,0.9612404108047485,0.24778436124324799,0.1619238257408142,0.05453728511929512,0.05-0.10,False,False,True,False,False,False,False,False,False,0.0,0.0,0.0,0.0,0.0,0.0,0.06294800341129303,0.24050678312778473,0.0,0.0,0.0,0.0,0.0,0.0,0.0913815051317215,0.0768740326166153,0.15991540253162384,0.0,-0.03280480206012726,-0.010675841011106968,0.03449732065200806,0.02960711345076561,0-2deg,0.00-0.04,0.0,0.0,0.0,0.0
61,60,False,False,0.33866578340530396,0.3184759318828583,0.0,0.0,9.979999542236328,0.3278622627258301,0.07572248578071594,0.09150546789169312,-0.05696459114551544,0.22013118863105774,0.13193127512931824,0.258551687002182,0.145738422870636,1.092856764793396,0.32025331258773804,0.212632954120636,0.14951546490192413,0.10-0.15,False,False,True,False,False,False,False,False,False,0.0,0.0,0.0,0.0,0.0,0.0,0.13193127512931824,0.258551687002182,0.0,0.0,0.0,0.0,0.0,0.0,0.1007404699921608,-0.0586312897503376,0.21217943727970123,0.0,0.007134387269616127,0.055547844618558884,0.05600341036915779,0.040506720542907715,0-2deg,0.00-0.04,0.0,0.0,0.0,0.0
62,62,False,False,0.41946086287498474,0.3600921034812927,0.0,0.0,9.979999542236328,0.22800692915916443,0.0606217198073864,-0.05642278492450714,0.012227755039930344,0.31054559350013733,0.03829004988074303,0.3627392053604126,-0.0706828236579895,1.2850102186203003,0.24422043561935425,0.31030476093292236,0.24869343638420105,>=0.15,False,False,True,False,False,False,False,False,False,0.0,0.0,0.0,0.0,0.0,0.0,0.03829004988074303,0.2734256982803345,0.0,0.0,0.0,0.0,0.0,0.0,0.016932372003793716,0.0071197557263076305,0.31046396493911743,0.0,0.002703913487493992,-0.03435144200921059,0.034457553178071976,0.059714969247579575,0-2deg,0.00-0.04,0.0,0.0,0.0,0.0
63,63,False,False,0.4122154712677002,0.3117610812187195,0.0,0.0,9.979999542236328,0.3270765542984009,0.05565306916832924,-0.12674656510353088,-0.03761066496372223,0.29862621426582336,0.10360576212406158,0.3444187641143799,-0.0908067524433136,0.7872074842453003,0.2231062650680542,0.29624828696250916,0.17842906713485718,>=0.15,False,False,True,False,False,False,False,False,False,0.0,0.0,0.0,0.0,0.0,0.0,0.10360576212406158,0.24296541512012482,0.0,0.0,0.0,0.0,0.0,0.0,0.04468211904168129,-0.03578170761466026,0.29647472500801086,0.0,0.00995884370058775,0.021008100360631943,0.02324906922876835,0.04614400491118431,0-2deg,0.00-0.04,0.0,0.0,0.0,0.0
64,9,True,False,0.07046984881162643,0.07046984881162643,0.0,0.0,0.5,2.7419748306274414,1.0336741209030151,-0.9678630232810974,-1.2355116605758667,1.2407363653182983,0.05139179527759552,-0.004757441580295563,-0.12611077725887299,0.19050560891628265,0.08026749640703201,0.1137440875172615,0.18212194740772247,>=0.15,True,True,False,True,False,True,False,False,True,0.05139179527759552,-1.2366582155227661,0.10051368921995163,5.138943195343018,5.138943195343018,0.0,0.05139179527759552,-0.004757441580295563,0.004757441580295563,0.000769195263274014,-0.03944449499249458,0.039452239871025085,0.006568252574652433,0.3019542098045349,0.3019542098045349,-1.2366582155227661,0.10051368921995163,0.051389429718256,0.000769195263274014,-0.03944449499249458,0.039452239871025085,0.006568252574652433,2-4deg,0.00-0.04,0.0,0.0,0.0,0.0
65,48,True,False,0.15684828162193298,0.15684828162193298,0.0,0.0,0.5,2.7380688190460205,1.0709608793258667,-0.5680146813392639,-1.079027533531189,1.1467392444610596,0.16030803322792053,0.015125270932912827,0.1395936757326126,0.430085688829422,0.14852948486804962,0.3882143199443817,0.09447871148586273,0.05-0.10,True,True,False,True,False,True,False,True,True,0.16030803322792053,-1.0726237297058105,0.4055729806423187,6.521312236785889,6.521312236785889,0.0,0.16030803322792053,0.015125270932912827,0.0,-0.009448142722249031,0.028688944876194,0.030203621834516525,0.07580327987670898,0.537187397480011,0.537187397480011,-1.0726237297058105,0.4055729806423187,0.06521312147378922,-0.009448142722249031,0.028688944876194,0.030203621834516525,0.07580327987670898,0-2deg,0.04-0.08,0.0,0.0,0.0,0.0
66,61,False,False,0.3487555682659149,0.33737438917160034,0.0,0.0,9.979999542236328,0.4615633189678192,0.07241044193506241,0.08310562372207642,0.06959906220436096,0.17850615084171295,0.10128096491098404,0.27931278944015503,0.010267137549817562,0.8976132869720459,0.2632087171077728,0.16437888145446777,0.18148525059223175,>=0.15,False,False,True,False,False,False,False,False,False,0.0,0.0,0.0,0.0,0.0,0.0,0.10128096491098404,0.2606028616428375,0.0,0.0,0.0,0.0,0.0,0.0,0.05277552455663681,0.06399629265069962,0.16664008796215057,0.0,-0.0057294019497931,0.033529702574014664,0.03401525691151619,0.08313542604446411,0-2deg,0.00-0.04,0.0,0.0006905339541845024,0.0,0.0
67,36,True,False,0.1733420044183731,0.1733420044183731,0.0,0.0,0.5999999642372131,2.78409481048584,0.9863941073417664,-0.8211461901664734,-0.8351516723632812,0.9042092561721802,0.16788771748542786,-0.007958461530506611,-0.08056287467479706,0.20942911505699158,0.1088627502322197,0.34657758474349976,0.20111188292503357,>=0.15,True,True,False,True,False,True,False,True,True,0.16788771748542786,-0.8307310342788696,0.35704389214515686,0.5379204154014587,0.5379204154014587,0.0,0.16788771748542786,-0.007958461530506611,0.007958461530506611,-0.013917949050664902,-0.0060865613631904125,0.01519189402461052,0.04446621239185333,0.2166590690612793,0.2166590690612793,-0.8307310342788696,0.35704389214515686,0.005379204172641039,-0.013917949050664902,-0.0060865613631904125,0.01519189402461052,0.04446621239185333,0-2deg,0.04-0.08,0.0,0.0,0.0,0.0
68,43,True,False,0.13507652282714844,0.13507652282714844,0.0,0.0,1.0,2.5768303871154785,0.4964412748813629,0.019067171961069107,-0.04709608852863312,0.12191184610128403,0.1307387351989746,-0.02011299878358841,0.07108518481254578,1.0753482580184937,0.2242833524942398,0.11244756728410721,0.16702435910701752,>=0.15,True,True,False,True,False,False,False,True,True,0.1307387351989746,-0.04601401463150978,0.11289467662572861,1.226930856704712,1.226930856704712,0.0,0.1307387351989746,-0.02011299878358841,0.02011299878358841,-0.05838550999760628,-0.020839205011725426,0.0619889535009861,0.05265595018863678,0.00700816884636879,0.00700816884636879,-0.04601401463150978,0.11289467662572861,0.012269307859241962,-0.05838550999760628,-0.020839205011725426,0.0619889535009861,0.05265595018863678,2-4deg,0.04-0.08,0.0,0.0,0.0,0.0
69,6,True,True,0.09340988844633102,0.07987918704748154,0.08662106841802597,0.23732289671897888,1.0199999809265137,3.3698761463165283,0.9550654888153076,-0.0004917539190500975,0.010909940116107464,0.23732289671897888,0.08662106841802597,-0.02000769041478634,-0.014142433181405067,1.0979394912719727,0.1872185468673706,0.23707199096679688,0.23762525618076324,>=0.15,False,True,False,True,True,False,False,False,True,0.08958863466978073,-0.5677481889724731,0.734287440776825,0.7680068612098694,1.2430219650268555,0.3400000035762787,0.08662106841802597,-0.020041000097990036,0.020041000097990036,0.03760712593793869,-6.138753815321252e-05,0.03760780021548271,0.03216681256890297,0.18416368961334229,0.0005980199784971774,0.01566006802022457,0.23680566251277924,0.012430218979716301,0.036296870559453964,0.010118475183844566,0.037680648267269135,0.03187001496553421,2-4deg,0.00-0.04,0.0,0.0,0.0,0.0
70,35,True,False,0.08886813372373581,0.08886813372373581,0.0,0.0,1.1799999475479126,2.713438034057617,0.4656839668750763,-0.9680988192558289,-1.293922781944275,1.4818273782730103,0.04843073710799217,0.010651158168911934,0.03726818412542343,0.7952440977096558,0.36409348249435425,0.7222021818161011,0.11339539289474487,0.10-0.15,True,True,False,True,False,True,False,False,True,0.04843073710799217,-1.2954236268997192,0.7195067405700684,5.243809223175049,5.243809223175049,0.0,0.04843073710799217,0.010651158168911934,0.0,0.019893934950232506,-0.004747279454022646,0.020452871918678284,0.021046429872512817,0.5056872963905334,0.5056872963905334,-1.2954236268997192,0.7195067405700684,0.05243809148669243,0.019893934950232506,-0.004747279454022646,0.020452871918678284,0.021046429872512817,0-2deg,0.00-0.04,0.0,0.0,0.0,0.0
71,9,True,False,0.14130914211273193,0.14130914211273193,0.0,0.0,1.2200000286102295,2.817075490951538,0.4849793314933777,0.10449792444705963,-0.05772239714860916,0.9213744401931763,0.1374032199382782,-0.01879803277552128,0.14223097264766693,1.3069828748703003,0.46325284242630005,0.9195645451545715,0.11771726608276367,0.10-0.15,True,True,False,True,False,False,False,True,True,0.1374032199382782,-0.09638145565986633,0.9163195490837097,2.1803348064422607,2.1803348064422607,0.0,0.1374032199382782,-0.01879803277552128,0.01879803277552128,-0.04455811157822609,-0.05565308406949043,0.07127822935581207,0.054861459881067276,0.08794676512479782,0.08794676512479782,-0.09638145565986633,0.9163195490837097,0.021803347393870354,-0.04455811157822609,-0.05565308406949043,0.07127822935581207,0.054861459881067276,4-6deg,0.04-0.08,0.0,0.0,0.0,0.0
72,39,False,False,0.4299178123474121,0.32077446579933167,0.0,0.0,9.979999542236328,0.28299885988235474,0.045661717653274536,-0.1392514705657959,-0.06704089790582657,0.3497636616230011,0.12071385979652405,0.35833895206451416,-0.07850891351699829,0.4130154550075531,0.18662986159324646,0.3432784974575043,0.20323853194713593,>=0.15,False,False,True,False,False,False,False,False,False,0.0,0.0,0.0,0.0,0.0,0.0,0.12071385979652405,0.24424923956394196,0.0,0.0,0.0,0.0,0.0,0.0,0.07494524866342545,-0.07008849829435349,0.3426692485809326,0.0,0.013040612451732159,9.165413939626887e-05,0.013042778708040714,0.009547842666506767,0-2deg,0.00-0.04,0.0,0.0,0.0,0.0
73,13,False,False,0.43818002939224243,0.3529285192489624,0.0,0.0,8.9399995803833,0.6601100564002991,0.0873868316411972,-0.04939258098602295,-0.1061202734708786,0.21173247694969177,0.13825683295726776,0.3617669343948364,0.06582217663526535,0.7338966131210327,0.23808929324150085,0.1832188069820404,0.24784329533576965,>=0.15,True,True,False,False,False,False,False,False,False,0.0,0.0,0.0,0.0,0.0,0.0,0.13825683295726776,0.26609307527542114,0.0,0.0,0.0,0.0,0.0,0.0,0.12913551926612854,-0.10774321109056473,0.1822691708803177,0.0,0.02887466922402382,1.622322088223882e-05,0.028873663395643234,0.04064754769206047,0-2deg,0.00-0.04,0.0,0.0,0.0,0.0
74,12,False,False,0.4380682408809662,0.3323415219783783,0.0,0.0,9.420000076293945,0.42338404059410095,0.06317541748285294,-0.03305582329630852,0.08345206081867218,0.31907641887664795,0.05297026410698891,0.3799925744533539,-0.12013660371303558,0.8441357612609863,0.24584339559078217,0.30796998739242554,0.2693808078765869,>=0.15,True,True,False,False,False,False,False,False,False,0.0,0.0,0.0,0.0,0.0,0.0,0.05297026410698891,0.23948322236537933,0.0,0.0,0.0,0.0,0.0,0.0,0.05416403338313103,0.09907373040914536,0.30330538749694824,0.0,-0.05105384439229965,-0.013890882022678852,0.05290869250893593,0.04568398743867874,0-2deg,0.00-0.04,0.0,0.0,0.0,0.0
75,20,False,False,0.4011844992637634,0.32650211453437805,0.0,0.0,9.979999542236328,0.3545890748500824,0.0698462426662445,-0.10328559577465057,0.0196850448846817,0.16739270091056824,0.10925012081861496,0.33206483721733093,-0.1138724759221077,1.1802804470062256,0.28063687682151794,0.1662312150001526,0.14829644560813904,0.10-0.15,False,False,True,False,False,False,False,False,False,0.0,0.0,0.0,0.0,0.0,0.0,0.10925012081861496,0.2696896195411682,0.0,0.0,0.0,0.0,0.0,0.0,0.0921768769621849,0.02435954287648201,0.16561079025268555,0.0,-0.010784422978758812,-0.028138330206274986,0.03013446368277073,0.05969236046075821,0-2deg,0.00-0.04,0.0,0.0006905339541845024,0.0,0.0
76,42,False,False,0.4154600203037262,0.3262585997581482,0.0,0.0,9.979999542236328,0.6703038215637207,0.07343463599681854,-0.028047164902091026,0.05247385799884796,0.1910644918680191,0.03117060475051403,0.3592013418674469,-0.07534268498420715,1.1076548099517822,0.28271156549453735,0.1837175488471985,0.16021807491779327,>=0.15,False,False,True,False,False,False,False,False,False,0.0,0.0,0.0,0.0,0.0,0.0,0.03117060475051403,0.26652538776397705,0.0,0.0,0.0,0.0,0.0,0.0,0.051039692014455795,0.056256212294101715,0.18259485065937042,0.0,-0.03028716892004013,-0.06074327975511551,0.06786742806434631,0.06654233485460281,0-2deg,0.00-0.04,0.0,0.0006905339541845024,0.0,0.0
77,0,False,False,0.3804377615451813,0.32719293236732483,0.0,0.0,9.979999542236328,0.37398648262023926,0.0925876796245575,-0.016521122306585312,-0.028538011014461517,0.27226999402046204,0.11046453565359116,0.3088846206665039,0.012285977602005005,0.8819720149040222,0.2941700220108032,0.27077025175094604,0.231267511844635,>=0.15,False,False,True,False,False,False,False,False,False,0.0,0.0,0.0,0.0,0.0,0.0,0.11046453565359116,0.2475263923406601,0.0,0.0,0.0,0.0,0.0,0.0,0.06138855218887329,-0.018592309206724167,0.27163445949554443,0.0,0.010094350203871727,-0.04344329237937927,0.04459930583834648,0.023438187316060066,0-2deg,0.00-0.04,0.0,0.0,0.0,0.0
78,1,False,False,0.33533409237861633,0.32592740654945374,0.0,0.0,9.979999542236328,0.45015600323677063,0.05699383094906807,0.09193369001150131,-0.020456448197364807,0.25802135467529297,0.08910341560840607,0.26871803402900696,0.1130138710141182,1.0944398641586304,0.2572671175003052,0.2572091519832611,0.13328026235103607,0.10-0.15,False,False,True,False,False,False,False,False,False,0.0,0.0,0.0,0.0,0.0,0.0,0.08910341560840607,0.26871803402900696,0.0,0.0,0.0,0.0,0.0,0.0,0.09737559407949448,-0.00634012371301651,0.25794345140457153,0.0,-0.007527614943683147,-0.05801481753587723,0.05850027874112129,0.009185727685689926,0-2deg,0.00-0.04,0.0,0.0,0.0,0.0
79,2,False,False,0.3865036964416504,0.3239085078239441,0.0,0.0,9.979999542236328,0.5431162118911743,0.07850826531648636,-0.09515852481126785,0.04980769753456116,0.13086827099323273,0.0900721475481987,0.3208068311214447,-0.14582055807113647,1.042940378189087,0.2627406716346741,0.1210194081068039,0.14963802695274353,0.10-0.15,False,False,True,False,False,False,False,False,False,0.0,0.0,0.0,0.0,0.0,0.0,0.0900721475481987,0.2671487629413605,0.0,0.0,0.0,0.0,0.0,0.0,0.03573327884078026,0.045888274908065796,0.12255925685167313,0.0,0.07205197960138321,0.012098911218345165,0.07305878400802612,0.055984821170568466,0-2deg,0.00-0.04,0.0,0.0,0.0,0.0
80,3,False,False,0.3090015947818756,0.3082786798477173,0.0,0.0,9.979999542236328,0.4010508358478546,0.07083351910114288,0.09945051372051239,0.01049041748046875,0.09375539422035217,0.04768701642751694,0.2503106892108917,0.08978983014822006,1.3497865200042725,0.2626180350780487,0.09316664934158325,0.15695331990718842,>=0.15,False,False,True,False,False,False,False,False,False,0.0,0.0,0.0,0.0,0.0,0.0,0.04768701642751694,0.24931861460208893,0.0,0.0,0.0,0.0,0.0,0.0,0.07177697122097015,0.011093031615018845,0.09309682995080948,0.0,-0.04298330843448639,0.05189376696944237,0.06737077981233597,0.02083193138241768,0-2deg,0.00-0.04,0.0,0.0,0.0,0.0
81,4,False,False,0.33590200543403625,0.33590200543403625,0.0,0.0,9.979999542236328,0.5611329674720764,0.07777856290340424,0.07620538771152496,-0.05224581062793732,0.12630674242973328,0.06572313606739044,0.27433648705482483,0.1319282203912735,1.5567231178283691,0.31909582018852234,0.11499464511871338,0.19673241674900055,>=0.15,False,False,True,False,False,False,False,False,False,0.0,0.0,0.0,0.0,0.0,0.0,0.06572313606739044,0.27433648705482483,0.0,0.0,0.0,0.0,0.0,0.0,0.03326563909649849,-0.05256130173802376,0.11485078930854797,0.0,-0.001236893585883081,-0.0024790382012724876,0.002762136748060584,0.05000494420528412,0-2deg,0.00-0.04,0.0,0.0,0.0,0.0
82,5,False,False,0.40625324845314026,0.32526490092277527,0.0,0.0,9.979999542236328,0.5070151090621948,0.0525929220020771,-0.04963553324341774,-0.02924230694770813,0.30726367235183716,0.05695469677448273,0.34740111231803894,-0.02040574699640274,1.3498172760009766,0.24692325294017792,0.3058689832687378,0.2004871517419815,>=0.15,False,False,True,False,False,False,False,False,False,0.0,0.0,0.0,0.0,0.0,0.0,0.05695469677448273,0.2606154978275299,0.0,0.0,0.0,0.0,0.0,0.0,0.02968401089310646,-0.02044222317636013,0.30658289790153503,0.0,0.042437318712472916,-0.0005175771075300872,0.04244013503193855,0.013859900645911694,0-2deg,0.00-0.04,0.0,0.0,0.0,0.0
83,7,False,False,0.35051941871643066,0.33106717467308044,0.0,0.0,9.979999542236328,0.5331319570541382,0.058545127511024475,0.009709739126265049,-0.12846596539020538,0.27542969584465027,0.09659013152122498,0.28206372261047363,0.13727504014968872,1.4385638236999512,0.26531657576560974,0.24363501369953156,0.1548522561788559,>=0.15,False,False,True,False,False,False,False,False,False,0.0,0.0,0.0,0.0,0.0,0.0,0.09659013152122498,0.26609712839126587,0.0,0.0,0.0,0.0,0.0,0.0,0.021415313705801964,-0.128278911113739,0.24373355507850647,0.0,0.037669599056243896,-0.003938875626772642,0.03787476196885109,0.0068056536838412285,0-2deg,0.00-0.04,0.0,0.0,0.0,0.0
84,8,False,False,0.3645135462284088,0.32819586992263794,0.0,0.0,9.979999542236328,0.5651411414146423,0.07868970930576324,0.02121037244796753,-0.09993911534547806,0.11723987758159637,0.0905936062335968,0.29806119203567505,0.12169495224952698,1.2803549766540527,0.30061203241348267,0.06129733845591545,0.07943379878997803,0.05-0.10,False,False,True,False,False,False,False,False,False,0.0,0.0,0.0,0.0,0.0,0.0,0.0905936062335968,0.26150694489479065,0.0,0.0,0.0,0.0,0.0,0.0,0.05729511007666588,-0.10292855650186539,0.056132905185222626,0.0,-0.06784388422966003,0.07746337354183197,0.1029280349612236,0.028974592685699463,0-2deg,0.00-0.04,0.0,0.0006905339541845024,0.0,0.0
85,10,False,False,0.32203108072280884,0.31284934282302856,0.0,0.0,9.979999542236328,0.6550652384757996,0.0834278091788292,0.08637717366218567,-0.04330489784479141,0.06315257400274277,0.05462491884827614,0.262488454580307,0.12845991551876068,1.235560417175293,0.29736560583114624,0.045966651290655136,0.06363684684038162,0.05-0.10,False,False,True,False,False,False,False,False,False,0.0,0.0,0.0,0.0,0.0,0.0,0.05462491884827614,0.25760385394096375,0.0,0.0,0.0,0.0,0.0,0.0,0.057607561349868774,-0.04577163979411125,0.04351096600294113,0.0,-0.03658515214920044,0.04827449470758438,0.060563020408153534,0.058548521250486374,0-2deg,0.00-0.04,0.0,0.0,0.0,0.0
86,11,False,False,0.30965808033943176,0.3023536205291748,0.0,0.0,9.979999542236328,0.7520244717597961,0.09510661661624908,0.07527907192707062,0.05461388826370239,0.13423478603363037,0.04406849294900894,0.25143370032310486,0.020766064524650574,1.9454526901245117,0.3552211821079254,0.12262258678674698,0.040832314640283585,0.00-0.05,False,False,True,False,False,False,False,False,False,0.0,0.0,0.0,0.0,0.0,0.0,0.04406849294900894,0.24188362061977386,0.0,0.0,0.0,0.0,0.0,0.0,0.08532429486513138,0.05938568338751793,0.12038403004407883,0.0,-0.0744466632604599,0.03686947748064995,0.08306112140417099,0.019126908853650093,0-2deg,0.00-0.04,0.0,0.0,0.0,0.0
87,14,False,False,0.34104418754577637,0.32726186513900757,0.0,0.0,9.979999542236328,0.5184244513511658,0.061370693147182465,0.09719269722700119,-0.04685670882463455,0.16815662384033203,0.06627882272005081,0.2792890965938568,0.14645808935165405,2.039949417114258,0.29522305727005005,0.16149643063545227,0.16207094490528107,>=0.15,False,False,True,False,False,False,False,False,False,0.0,0.0,0.0,0.0,0.0,0.0,0.06627882272005081,0.25381606817245483,0.0,0.0,0.0,0.0,0.0,0.0,0.040071506053209305,-0.04598235338926315,0.16174755990505219,0.0,0.008790825493633747,0.006596211809664965,0.010989095084369183,0.012240824289619923,0-2deg,0.00-0.04,0.0,0.0,0.0,0.0
88,15,False,False,0.41002610325813293,0.32691094279289246,0.0,0.0,9.979999542236328,0.34824100136756897,0.05703442171216011,-0.09946008026599884,0.0273001566529274,0.33784228563308716,0.07925111055374146,0.34773191809654236,-0.12911845743656158,0.8265810012817383,0.2375059425830841,0.3367374539375305,0.23079104721546173,>=0.15,False,False,True,False,False,False,False,False,False,0.0,0.0,0.0,0.0,0.0,0.0,0.07925111055374146,0.2522405982017517,0.0,0.0,0.0,0.0,0.0,0.0,0.10741912573575974,0.02756490558385849,0.3367158770561218,0.0,-0.05810614675283432,0.022039636969566345,0.06214078888297081,0.022989701479673386,0-2deg,0.00-0.04,0.0,0.0,0.0,0.0
89,16,False,False,0.32415851950645447,0.32045474648475647,0.0,0.0,9.979999542236328,0.5043385028839111,0.0711648166179657,0.12060173600912094,0.027390897274017334,0.17667856812477112,0.029451297596096992,0.267912358045578,0.09394609183073044,1.3410629034042358,0.2843073308467865,0.17454242706298828,0.20502100884914398,>=0.15,False,False,True,False,False,False,False,False,False,0.0,0.0,0.0,0.0,0.0,0.0,0.029451297596096992,0.251246839761734,0.0,0.0,0.0,0.0,0.0,0.0,0.05604066327214241,0.029622511938214302,0.17417757213115692,0.0,0.0597282275557518,0.025609686970710754,0.06498128175735474,0.029164906591176987,0-2deg,0.00-0.04,0.0,0.0,0.0,0.0
90,17,False,False,0.32405489683151245,0.32405489683151245,0.0,0.0,9.979999542236328,0.574976921081543,0.07821003347635269,0.10235600173473358,-0.010984063148498535,0.21620672941207886,0.0976976528763771,0.25434911251068115,0.11261661350727081,1.7652863264083862,0.3262377381324768,0.21592752635478973,0.11833701282739639,0.10-0.15,False,False,True,False,False,False,False,False,False,0.0,0.0,0.0,0.0,0.0,0.0,0.0976976528763771,0.25434911251068115,0.0,0.0,0.0,0.0,0.0,0.0,0.057064611464738846,-0.011054040864109993,0.2159239649772644,0.0,0.019432198256254196,0.002425751183182001,0.01958337426185608,0.01729186251759529,0-2deg,0.00-0.04,0.0,0.0,0.0,0.0
91,18,False,False,0.40610241889953613,0.32251814007759094,0.0,0.0,9.979999542236328,0.6873018741607666,0.07736863195896149,-0.0788934975862503,-0.009313613176345825,0.2891949713230133,0.05136575177311897,0.3478794991970062,-0.0743146613240242,1.1015797853469849,0.28103840351104736,0.28904494643211365,0.09302619099617004,0.05-0.10,False,False,True,False,False,False,False,False,False,0.0,0.0,0.0,0.0,0.0,0.0,0.05136575177311897,0.2547483742237091,0.0,0.0,0.0,0.0,0.0,0.0,0.018529236316680908,-0.0013658571988344193,0.28919175267219543,0.0,-0.031053772196173668,0.04414016380906105,0.05396328493952751,0.03619670495390892,0-2deg,0.00-0.04,0.0,0.0006905339541845024,0.0,0.0
92,19,False,False,0.3199016749858856,0.30684131383895874,0.0,0.0,9.979999542236328,0.33683767914772034,0.056980013847351074,0.13596153259277344,-0.014599665999412537,0.16774660348892212,0.056199200451374054,0.2600066363811493,0.15439622104167938,0.632714569568634,0.21409212052822113,0.16711005568504333,0.14490443468093872,0.10-0.15,False,False,True,False,False,False,False,False,False,0.0,0.0,0.0,0.0,0.0,0.0,0.056199200451374054,0.23991422355175018,0.0,0.0,0.0,0.0,0.0,0.0,0.06573601067066193,-0.014086327515542507,0.16715410351753235,0.0,0.02353169023990631,0.02565978839993477,0.03481385111808777,0.028209516778588295,0-2deg,0.00-0.04,0.0,0.0,0.0,0.0
93,21,False,False,0.34022143483161926,0.2998128831386566,0.0,0.0,9.979999542236328,0.23947416245937347,0.042579490691423416,-0.02563449740409851,0.07220549881458282,0.17304456233978271,0.07334238290786743,0.2776523530483246,-0.09307285398244858,0.6987811326980591,0.17118827998638153,0.1572602540254593,0.1111259013414383,0.10-0.15,False,False,True,False,False,False,False,False,False,0.0,0.0,0.0,0.0,0.0,0.0,0.07334238290786743,0.24228499829769135,0.0,0.0,0.0,0.0,0.0,0.0,0.05558548867702484,0.0642772987484932,0.16066378355026245,0.0,0.009659704752266407,-0.05028852820396423,0.05120765417814255,0.05630550906062126,0-2deg,0.00-0.04,0.0,0.0,0.0,0.0
94,22,False,False,0.33197498321533203,0.32205262780189514,0.0,0.0,9.979999542236328,0.3470425009727478,0.0607173815369606,0.018827587366104126,0.02930804342031479,0.16530920565128326,0.07466890662908554,0.2690228223800659,-0.009786086156964302,1.1354568004608154,0.27680525183677673,0.1626904159784317,0.09183681756258011,0.05-0.10,False,False,True,False,False,False,False,False,False,0.0,0.0,0.0,0.0,0.0,0.0,0.07466890662908554,0.2647209167480469,0.0,0.0,0.0,0.0,0.0,0.0,0.06276156008243561,0.029635746031999588,0.1626310497522354,0.0,-0.05559257045388222,-0.00023304999922402203,0.05559299886226654,0.01967553421854973,0-2deg,0.00-0.04,0.0,0.0,0.0,0.0
95,23,False,False,0.44297870993614197,0.3228794038295746,0.0,0.0,9.979999542236328,0.40736955404281616,0.06908925622701645,-0.1312444657087326,-0.049338847398757935,0.19267861545085907,0.10468374192714691,0.3765794336795807,-0.07342097163200378,0.9425562620162964,0.2678152322769165,0.18625445663928986,0.17677786946296692,>=0.15,False,False,True,False,False,False,False,False,False,0.0,0.0,0.0,0.0,0.0,0.0,0.10468374192714691,0.24356429278850555,0.0,0.0,0.0,0.0,0.0,0.0,0.15511535108089447,-0.04017186164855957,0.1884443312883377,0.0,-0.051991917192935944,-0.03431029990315437,0.06228363513946533,0.028373848646879196,0-2deg,0.00-0.04,0.0,0.0,0.0,0.0
96,24,False,False,0.3137875199317932,0.2987964451313019,0.0,0.0,9.979999542236328,0.6223978996276855,0.06666844338178635,0.14948613941669464,-0.0018880218267440796,0.16923552751541138,0.06921273469924927,0.25069162249565125,0.149945929646492,0.9654847383499146,0.26585128903388977,0.16922499239444733,0.11428457498550415,0.10-0.15,False,False,True,False,False,False,False,False,False,0.0,0.0,0.0,0.0,0.0,0.0,0.06921273469924927,0.2410707026720047,0.0,0.0,0.0,0.0,0.0,0.0,0.08195312321186066,0.004906798247247934,0.16916438937187195,0.0,-0.05177290365099907,-0.006945574190467596,0.052236057817935944,0.06584429740905762,0-2deg,0.00-0.04,0.0,0.0,0.0,0.0
97,25,False,False,0.31975287199020386,0.3089938759803772,0.0,0.0,9.979999542236328,0.1938580870628357,0.04050900787115097,0.04117564111948013,0.04566456750035286,0.14473700523376465,0.08203629404306412,0.2539706528186798,-0.003638013731688261,0.34976378083229065,0.1647999882698059,0.137344628572464,0.11746230721473694,0.10-0.15,False,False,True,False,False,False,False,False,False,0.0,0.0,0.0,0.0,0.0,0.0,0.08203629404306412,0.24653692543506622,0.0,0.0,0.0,0.0,0.0,0.0,0.010346541181206703,0.04621114954352379,0.13716168701648712,0.0,-0.0088874576613307,-0.002400025026872754,0.009206432849168777,0.012700894847512245,0-2deg,0.00-0.04,0.0,0.0,0.0,0.0
98,26,False,False,0.3913622498512268,0.31552985310554504,0.0,0.0,9.979999542236328,0.5953578352928162,0.062258243560791016,-0.036083851009607315,-0.023484542965888977,0.09036827087402344,0.08730999380350113,0.3270760774612427,-0.01120456401258707,1.0394667387008667,0.25491970777511597,0.08726339787244797,0.04021400585770607,0.00-0.05,False,False,True,False,False,False,False,False,False,0.0,0.0,0.0,0.0,0.0,0.0,0.08730999380350113,0.2589055597782135,0.0,0.0,0.0,0.0,0.0,0.0,0.07176533341407776,-0.023315852507948875,0.0873086228966713,0.0,0.0017440087394788861,-0.0013418521266430616,0.002210787730291486,0.055638398975133896,0-2deg,0.00-0.04,0.0,0.0,0.0,0.0
99,27,False,False,0.30811789631843567,0.30811789631843567,0.0,0.0,9.979999542236328,0.62535160779953,0.06673501431941986,0.09784901887178421,-0.0033523738384246826,0.1571703851222992,0.05384032055735588,0.24829672276973724,0.10227151215076447,1.2132477760314941,0.2617970407009125,0.15713462233543396,0.06448162347078323,0.05-0.10,False,False,True,False,False,False,False,False,False,0.0,0.0,0.0,0.0,0.0,0.0,0.05384032055735588,0.24829672276973724,0.0,0.0,0.0,0.0,0.0,0.0,0.02787359431385994,-0.0010035205632448196,0.15716716647148132,0.0,-0.015237290412187576,-0.009902897290885448,0.018171923235058784,0.004575014114379883,0-2deg,0.00-0.04,0.0,0.0,0.0,0.0
100,28,False,False,0.3996374011039734,0.31711289286613464,0.0,0.0,9.979999542236328,0.46555233001708984,0.05889733135700226,-0.09982601553201675,-0.011060655117034912,0.09536508470773697,0.04046018794178963,0.34275200963020325,-0.08411822468042374,2.107024669647217,0.28894954919815063,0.09472149610519409,0.07278425991535187,0.05-0.10,False,False,True,False,False,False,False,False,False,0.0,0.0,0.0,0.0,0.0,0.0,0.04046018794178963,0.26165783405303955,0.0,0.0,0.0,0.0,0.0,0.0,0.04261258244514465,-0.014652805402874947,0.09423267096281052,0.0,0.03605927899479866,-0.012665662914514542,0.0382179357111454,0.025996511802077293,0-2deg,0.00-0.04,0.0,0.0006905339541845024,0.0,0.0
101,29,False,False,0.3310917615890503,0.31116852164268494,0.0,0.0,9.979999542236328,0.4439890384674072,0.08425582200288773,0.04852820560336113,0.07502705603837967,0.14302614331245422,0.08870731294155121,0.26395222544670105,-0.02964751422405243,0.8178606033325195,0.26639389991760254,0.12176789343357086,0.1738404482603073,>=0.15,False,False,True,False,False,False,False,False,False,0.0,0.0,0.0,0.0,0.0,0.0,0.08870731294155121,0.23958207666873932,0.0,0.0,0.0,0.0,0.0,0.0,0.026175081729888916,0.07694646716117859,0.12056417018175125,0.0,0.006348218768835068,-0.022325722500681877,0.02321057952940464,0.03741048276424408,0-2deg,0.00-0.04,0.0,0.0,0.0,0.0
102,30,False,False,0.41294047236442566,0.29799118638038635,0.0,0.0,9.979999542236328,0.5579383969306946,0.08860097825527191,-0.03931411728262901,-0.06934113055467606,0.3241424262523651,0.1521221399307251,0.3304453492164612,0.027413384988904,1.0036996603012085,0.2833278477191925,0.3166387975215912,0.1523616760969162,>=0.15,False,False,True,False,False,False,False,False,False,0.0,0.0,0.0,0.0,0.0,0.0,0.1521221399307251,0.23246867954730988,0.0,0.0,0.0,0.0,0.0,0.0,0.10308107733726501,-0.0972873643040657,0.3091981112957001,0.0,-0.08683500438928604,0.02183520793914795,0.08953133225440979,0.003659077687188983,0-2deg,0.00-0.04,0.0,0.0,0.0,0.0
103,31,False,False,0.3981539011001587,0.2976361811161041,0.0,0.0,9.979999542236328,0.4236740171909332,0.06218530237674713,-0.023773644119501114,-0.06752920895814896,0.11591701209545135,0.05040312185883522,0.34016820788383484,0.04901668429374695,1.4556573629379272,0.25241655111312866,0.0942154973745346,0.06813540309667587,0.05-0.10,False,False,True,False,False,False,False,False,False,0.0,0.0,0.0,0.0,0.0,0.0,0.05040312185883522,0.24207110702991486,0.0,0.0,0.0,0.0,0.0,0.0,0.04466743767261505,-0.07165981829166412,0.09111324697732925,0.0,0.034700412303209305,0.03225303441286087,0.04737022519111633,0.037973206490278244,0-2deg,0.00-0.04,0.0,0.0,0.0,0.0
104,32,False,False,0.42796242237091064,0.3138850927352905,0.0,0.0,9.979999542236328,0.221888929605484,0.07178542017936707,-0.09576205164194107,-0.08211146295070648,0.3680460751056671,0.14414213597774506,0.3484034538269043,-0.01698821596801281,0.7361096143722534,0.24311605095863342,0.35876962542533875,0.19840089976787567,>=0.15,False,False,True,False,False,False,False,False,False,0.0,0.0,0.0,0.0,0.0,0.0,0.14414213597774506,0.24796612560749054,0.0,0.0,0.0,0.0,0.0,0.0,0.04034286364912987,-0.07900747656822205,0.35946589708328247,0.0,-0.03285226225852966,0.03999864310026169,0.05175552889704704,0.027102451771497726,0-2deg,0.00-0.04,0.0,0.0006905339541845024,0.0,0.0
105,33,False,False,0.39767974615097046,0.3166389465332031,0.0,0.0,9.979999542236328,0.23108163475990295,0.04145297035574913,-0.04686469957232475,0.05954964831471443,0.28426238894462585,0.028796495869755745,0.34168121218681335,-0.10949631780385971,0.9014784097671509,0.23178698122501373,0.27795493602752686,0.11650387197732925,0.10-0.15,False,False,True,False,False,False,False,False,False,0.0,0.0,0.0,0.0,0.0,0.0,0.028796495869755745,0.25010040402412415,0.0,0.0,0.0,0.0,0.0,0.0,0.02417420968413353,0.05742242559790611,0.2784021496772766,0.0,-0.0090046226978302,0.040348902344703674,0.04134136438369751,0.04992888122797012,0-2deg,0.00-0.04,0.0,0.0,0.0,0.0
106,34,False,False,0.40341275930404663,0.3177153766155243,0.0,0.0,9.979999542236328,0.49070194363594055,0.0784560814499855,-0.07033126801252365,0.04441411793231964,0.17455628514289856,0.06979191303253174,0.3426188826560974,-0.10902559757232666,0.7328484654426575,0.24246425926685333,0.1688113808631897,0.09513171762228012,0.05-0.10,False,False,True,False,False,False,False,False,False,0.0,0.0,0.0,0.0,0.0,0.0,0.06979191303253174,0.2545442283153534,0.0,0.0,0.0,0.0,0.0,0.0,0.0429498516023159,0.04207566753029823,0.1694093644618988,0.0,-0.01361793838441372,-0.0026060743257403374,0.013866782188415527,0.05047519505023956,0-2deg,0.00-0.04,0.0,0.0,0.0,0.0
107,37,False,False,0.3831072151660919,0.30531275272369385,0.0,0.0,9.979999542236328,0.3409932553768158,0.06339326500892639,-0.039005063474178314,0.14676177501678467,0.20821596682071686,0.0871099904179573,0.31861740350723267,-0.18520069122314453,0.5650687217712402,0.2098892480134964,0.14769858121871948,0.18726880848407745,>=0.15,False,False,True,False,False,False,False,False,False,0.0,0.0,0.0,0.0,0.0,0.0,0.0871099904179573,0.23118101060390472,0.0,0.0,0.0,0.0,0.0,0.0,0.06015394255518913,0.14200592041015625,0.15227673947811127,0.0,0.03789281100034714,-0.012585136108100414,0.0399269238114357,0.02827572263777256,0-2deg,0.00-0.04,0.0,0.0,0.0,0.0
108,38,False,False,0.32413041591644287,0.30829545855522156,0.0,0.0,9.979999542236328,0.5247223973274231,0.05899781361222267,0.022639881819486618,0.07088177651166916,0.12550151348114014,0.10058478266000748,0.25366100668907166,-0.05038955807685852,1.3803575038909912,0.26478898525238037,0.10356836766004562,0.06673239171504974,0.05-0.10,False,False,True,False,False,False,False,False,False,0.0,0.0,0.0,0.0,0.0,0.0,0.10058478266000748,0.24056227505207062,0.0,0.0,0.0,0.0,0.0,0.0,0.08163431286811829,0.06403478980064392,0.10793599486351013,0.0,-0.042400117963552475,0.05036566033959389,0.06582488119602203,0.02743261121213436,0-2deg,0.00-0.04,0.0,0.0006905339541845024,0.0,0.0
109,40,False,False,0.36592811346054077,0.30776235461235046,0.0,0.0,9.979999542236328,0.1264740228652954,0.041949979960918427,-0.015234277583658695,0.10494059324264526,0.23751288652420044,0.06725646555423737,0.3051096200942993,-0.12634263932704926,0.5683462619781494,0.1794424206018448,0.21307238936424255,0.11605768650770187,0.10-0.15,False,False,True,False,False,False,False,False,False,0.0,0.0,0.0,0.0,0.0,0.0,0.06725646555423737,0.24079863727092743,0.0,0.0,0.0,0.0,0.0,0.0,0.060530513525009155,0.09810763597488403,0.21630363166332245,0.0,-0.008706116117537022,0.03406707942485809,0.03516145050525665,0.06398867070674896,0-2deg,0.00-0.04,0.0,0.0,0.0,0.0
110,41,False,False,0.32528823614120483,0.3232078552246094,0.0,0.0,9.979999542236328,0.5510189533233643,0.07269498705863953,0.008270807564258575,0.03868164122104645,0.11816130578517914,0.09565920382738113,0.2552014887332916,-0.03127261623740196,1.9112883806228638,0.31277239322662354,0.11165045946836472,0.21395987272262573,>=0.15,False,False,True,False,False,False,False,False,False,0.0,0.0,0.0,0.0,0.0,0.0,0.09565920382738113,0.2511252164840698,0.0,0.0,0.0,0.0,0.0,0.0,0.0774107500910759,0.04459220543503761,0.10942408442497253,0.0,0.06957538425922394,0.004599773325026035,0.06972727924585342,0.037617746740579605,0-2deg,0.00-0.04,0.0,0.0,0.0,0.0
111,44,False,False,0.28949058055877686,0.28949058055877686,0.0,0.0,9.979999542236328,0.43026766180992126,0.06885544210672379,0.11707448959350586,-0.04480903595685959,0.09309972077608109,0.052535686641931534,0.2298225611448288,0.16044899821281433,1.2181997299194336,0.26836535334587097,0.08160703629255295,0.10702186822891235,0.10-0.15,False,False,True,False,False,False,False,False,False,0.0,0.0,0.0,0.0,0.0,0.0,0.052535686641931534,0.2298225611448288,0.0,0.0,0.0,0.0,0.0,0.0,0.09039314836263657,-0.0399300642311573,0.08410200476646423,0.0,-0.010337192565202713,0.06140692159533501,0.062270231544971466,0.03320416435599327,0-2deg,0.00-0.04,0.0,0.0,0.0,0.0
112,45,False,False,0.3898507356643677,0.3249512314796448,0.0,0.0,9.979999542236328,0.40723517537117004,0.0642441064119339,0.050839632749557495,-0.02813585102558136,0.2895382046699524,0.1147385835647583,0.3189500570297241,0.08180689066648483,1.3260847330093384,0.280227929353714,0.28816792368888855,0.0706857293844223,0.05-0.10,False,False,True,False,False,False,False,False,False,0.0,0.0,0.0,0.0,0.0,0.0,0.1147385835647583,0.2666114568710327,0.0,0.0,0.0,0.0,0.0,0.0,0.11006304621696472,-0.04475768655538559,0.28605788946151733,0.0,0.06845603883266449,0.02997615374624729,0.07472202181816101,0.04073518142104149,0-2deg,0.00-0.04,0.0,0.0006905339541845024,0.0,0.0
113,46,False,False,0.3938366174697876,0.32370200753211975,0.0,0.0,9.979999542236328,0.3068709075450897,0.04967484623193741,-0.056630782783031464,-0.0012438856065273285,0.20952211320400238,0.04910391941666603,0.3358969986438751,-0.05526113882660866,1.157531499862671,0.2393263280391693,0.2095184326171875,0.12567825615406036,0.10-0.15,False,False,True,False,False,False,False,False,False,0.0,0.0,0.0,0.0,0.0,0.0,0.04910391941666603,0.2680220603942871,0.0,0.0,0.0,0.0,0.0,0.0,0.06482229381799698,0.004693607799708843,0.20946954190731049,0.0,-0.02640150487422943,0.02716837078332901,0.03788105770945549,0.04983408749103546,0-2deg,0.00-0.04,0.0,0.0,0.0,0.0
114,47,False,False,0.34112685918807983,0.3138544261455536,0.0,0.0,9.979999542236328,0.2950887382030487,0.05337104946374893,0.07762030512094498,-0.03470829129219055,0.09698300063610077,0.040603626519441605,0.2838776707649231,0.11550751328468323,0.9671859741210938,0.2184647023677826,0.09055957198143005,0.16050729155540466,>=0.15,False,False,True,False,False,False,False,False,False,0.0,0.0,0.0,0.0,0.0,0.0,0.040603626519441605,0.25060155987739563,0.0,0.0,0.0,0.0,0.0,0.0,0.07450453191995621,-0.03150494769215584,0.09172317385673523,0.0,0.03254082426428795,-0.018666371703147888,0.037512559443712234,0.02816610038280487,0-2deg,0.00-0.04,0.0,0.0,0.0,0.0
115,49,False,False,0.3105602562427521,0.3069518506526947,0.0,0.0,9.979999542236328,0.6355270147323608,0.0777876228094101,0.06612550467252731,0.046850863844156265,0.12214057147502899,0.06696418672800064,0.24788518249988556,0.02038920298218727,1.1141380071640015,0.26803478598594666,0.11279767751693726,0.11443088948726654,0.10-0.15,False,False,True,False,False,False,False,False,False,0.0,0.0,0.0,0.0,0.0,0.0,0.06696418672800064,0.24326075613498688,0.0,0.0,0.0,0.0,0.0,0.0,0.07345455884933472,0.04988705366849899,0.11148812621831894,0.0,-0.04621487483382225,0.03792588412761688,0.059776000678539276,0.01631917990744114,0-2deg,0.00-0.04,0.0,0.0,0.0,0.0
116,50,False,False,0.3592551648616791,0.3074682354927063,0.0,0.0,9.979999542236328,0.45201992988586426,0.05657326802611351,-0.06721266359090805,0.07241662591695786,0.2942754030227661,0.06058161333203316,0.29942524433135986,-0.141215518116951,1.4100804328918457,0.2524060606956482,0.2852259576320648,0.16974757611751556,>=0.15,False,False,True,False,False,False,False,False,False,0.0,0.0,0.0,0.0,0.0,0.0,0.06058161333203316,0.24107547104358673,0.0,0.0,0.0,0.0,0.0,0.0,0.05116221681237221,0.08972062170505524,0.28026455640792847,0.0,0.06797800213098526,-0.01972065307199955,0.07077682018280029,0.02900770865380764,0-2deg,0.00-0.04,0.0,0.0,0.0,0.0
117,51,False,False,0.33454829454421997,0.3003745973110199,0.0,0.0,9.979999542236328,0.2648620307445526,0.06431256234645844,-0.0050102900713682175,0.03849269077181816,0.1806844174861908,0.056860510259866714,0.2746865153312683,-0.0467587374150753,0.7031590938568115,0.22770468890666962,0.17653660476207733,0.16508692502975464,>=0.15,False,False,True,False,False,False,False,False,False,0.0,0.0,0.0,0.0,0.0,0.0,0.056860510259866714,0.23446573317050934,0.0,0.0,0.0,0.0,0.0,0.0,0.024652782827615738,0.037219636142253876,0.1768093705177307,0.0,0.0061352066695690155,-0.004505384247750044,0.007611569482833147,0.02727632224559784,0-2deg,0.00-0.04,0.0,0.0,0.0,0.0
118,52,False,False,0.40505123138427734,0.3325844705104828,0.0,0.0,9.979999542236328,0.7154383063316345,0.09237419068813324,-0.09500787407159805,-0.09517762064933777,0.3407881557941437,0.13143445551395416,0.329462468624115,-0.004926202353090048,2.202193260192871,0.34963738918304443,0.3272274136543274,0.2250012308359146,>=0.15,False,False,True,False,False,False,False,False,False,0.0,0.0,0.0,0.0,0.0,0.0,0.13143445551395416,0.2598802149295807,0.0,0.0,0.0,0.0,0.0,0.0,0.1348833292722702,-0.07969225198030472,0.3313392698764801,0.0,-0.020264003425836563,0.05127546191215515,0.05513088405132294,0.07687925547361374,0-2deg,0.00-0.04,0.0,0.0006905339541845024,0.0,0.0
119,53,False,False,0.32442590594291687,0.3083697557449341,0.0,0.0,9.979999542236328,0.4804234802722931,0.08191829919815063,-0.0012660098727792501,0.03679228574037552,0.16901428997516632,0.029127851128578186,0.2683682143688202,-0.032764919102191925,0.9026807546615601,0.269917756319046,0.1649610847234726,0.06646769493818283,0.05-0.10,False,False,True,False,False,False,False,False,False,0.0,0.0,0.0,0.0,0.0,0.0,0.029127851128578186,0.25102463364601135,0.0,0.0,0.0,0.0,0.0,0.0,0.06218492239713669,0.04054132103919983,0.1640799641609192,0.0,-0.013354802504181862,0.018639471381902695,0.022928934544324875,0.05755292624235153,0-2deg,0.00-0.04,0.0,0.0,0.0,0.0
120,54,False,False,0.378559410572052,0.33029210567474365,0.0,0.0,9.979999542236328,0.3160704970359802,0.06125745177268982,0.006379707250744104,-0.05815551429986954,0.23153318464756012,0.006041885819286108,0.32354673743247986,0.06433345377445221,0.5716206431388855,0.21895375847816467,0.22411057353019714,0.13291624188423157,0.10-0.15,False,False,True,False,False,False,False,False,False,0.0,0.0,0.0,0.0,0.0,0.0,0.006041885819286108,0.2726918160915375,0.0,0.0,0.0,0.0,0.0,0.0,0.03558281064033508,-0.06293382495641708,0.22281596064567566,0.0,0.05717846378684044,-0.002441421151161194,0.057230543345212936,0.025700576603412628,0-2deg,0.00-0.04,0.0,0.0,0.0,0.0
121,55,False,False,0.36888375878334045,0.3389655351638794,0.0,0.0,9.979999542236328,0.7467393279075623,0.0773048847913742,-0.08688737452030182,0.04552921652793884,0.3037681579589844,0.10003215074539185,0.3004191815853119,-0.13065098226070404,2.090489149093628,0.3618309497833252,0.3003368079662323,0.24152520298957825,>=0.15,False,False,True,False,False,False,False,False,False,0.0,0.0,0.0,0.0,0.0,0.0,0.10003215074539185,0.2771398723125458,0.0,0.0,0.0,0.0,0.0,0.0,0.03585154190659523,0.055527012795209885,0.29865002632141113,0.0,0.03173721954226494,0.012051098048686981,0.03394683822989464,0.05678136274218559,0-2deg,0.00-0.04,0.0,0.0,0.0,0.0
122,56,False,False,0.4303838610649109,0.31655681133270264,0.0,0.0,9.979999542236328,0.35686391592025757,0.06438541412353516,-0.13006316125392914,-0.06774715334177017,0.35893160104751587,0.0950661227107048,0.36535191535949707,-0.06715334206819534,0.6573178172111511,0.2349797934293747,0.35248008370399475,0.1874166876077652,>=0.15,False,False,True,False,False,False,False,False,False,0.0,0.0,0.0,0.0,0.0,0.0,0.0950661227107048,0.24399395287036896,0.0,0.0,0.0,0.0,0.0,0.0,0.10223070532083511,-0.08655660599470139,0.34833869338035583,0.0,-0.007440479937940836,-0.054018035531044006,0.05452724173665047,0.0451589860022068,0-2deg,0.00-0.04,0.0,0.0,0.0,0.0
123,57,False,False,0.3310565948486328,0.30465570092201233,0.0,0.0,9.979999542236328,0.6245378851890564,0.08349709212779999,0.1254289448261261,-0.038941070437431335,0.12141440808773041,0.09544091671705246,0.2628421485424042,0.1591404676437378,0.7564709782600403,0.2315341830253601,0.11500022560358047,0.12705832719802856,0.10-0.15,False,False,True,False,False,False,False,False,False,0.0,0.0,0.0,0.0,0.0,0.0,0.09544091671705246,0.24558238685131073,0.0,0.0,0.0,0.0,0.0,0.0,0.09056729823350906,-0.04406549409031868,0.11313571780920029,0.0,0.067293681204319,-0.04433242231607437,0.08056598901748657,0.06425278633832932,0-2deg,0.00-0.04,0.0,0.0006905339541845024,0.0,0.0
124,58,False,False,0.42158541083335876,0.3144778609275818,0.0,0.0,9.979999542236328,0.23436371982097626,0.033862560987472534,-0.032866768538951874,0.06520900130271912,0.15306851267814636,0.1585896909236908,0.3373763859272003,-0.0997329130768776,0.9382171630859375,0.21796293556690216,0.13848376274108887,0.2318931668996811,>=0.15,False,False,True,False,False,False,False,False,False,0.0,0.0,0.0,0.0,0.0,0.0,0.1585896909236908,0.2518518567085266,0.0,0.0,0.0,0.0,0.0,0.0,0.11545200645923615,0.05039219558238983,0.14453577995300293,0.0,0.06845539808273315,-0.07939627766609192,0.10478568077087402,0.016107216477394104,0-2deg,0.00-0.04,0.0,0.0,0.0,0.0
125,59,False,False,0.37360066175460815,0.3238396644592285,0.0,0.0,9.979999542236328,0.22099623084068298,0.0504915751516819,0.08892282098531723,-0.0031533092260360718,0.20540949702262878,0.10706744343042374,0.3026920258998871,0.09061813354492188,0.8618612885475159,0.2391514629125595,0.20538529753684998,0.20074328780174255,>=0.15,False,False,True,False,False,False,False,False,False,0.0,0.0,0.0,0.0,0.0,0.0,0.10706744343042374,0.2555924654006958,0.0,0.0,0.0,0.0,0.0,0.0,0.041590116918087006,-0.004110807552933693,0.20536835491657257,0.0,-0.0021358185913413763,0.032138921320438385,0.03220945596694946,0.06395353376865387,0-2deg,0.00-0.04,0.0,0.0,0.0,0.0
126,60,False,False,0.4044112265110016,0.3029508888721466,0.0,0.0,9.979999542236328,0.4151122272014618,0.09596318751573563,-0.0977671816945076,-0.018081605434417725,0.1646997183561325,0.09498371183872223,0.33862411975860596,-0.06924062222242355,0.6290697455406189,0.25633519887924194,0.16370417177677155,0.11168798059225082,0.10-0.15,False,False,True,False,False,False,False,False,False,0.0,0.0,0.0,0.0,0.0,0.0,0.09498371183872223,0.24468569457530975,0.0,0.0,0.0,0.0,0.0,0.0,0.06005571037530899,-0.02168460190296173,0.16326595842838287,0.0,-0.019672229886054993,-0.01215858943760395,0.023125672712922096,0.05032533034682274,0-2deg,0.00-0.04,0.0,0.0,0.0,0.0
127,62,False,False,0.3799550235271454,0.3153858780860901,0.0,0.0,9.979999542236328,0.283844918012619,0.06583772599697113,0.019273696467280388,-0.09247289597988129,0.26918095350265503,0.041806381195783615,0.3227296471595764,0.11013857275247574,0.8105625510215759,0.22775621712207794,0.2527986168861389,0.11266636848449707,0.10-0.15,False,False,True,False,False,False,False,False,False,0.0,0.0,0.0,0.0,0.0,0.0,0.041806381195783615,0.249032124876976,0.0,0.0,0.0,0.0,0.0,0.0,0.019510185346007347,-0.09115414321422577,0.25327712297439575,0.0,0.010727107524871826,0.022648155689239502,0.02506047487258911,0.014149622991681099,0-2deg,0.00-0.04,0.0,0.0,0.0,0.0
128,63,False,False,0.3870491087436676,0.2946063280105591,0.0,0.0,9.979999542236328,0.6053781509399414,0.07095767557621002,-0.08129258453845978,0.1118333637714386,0.20445042848587036,0.07975862920284271,0.3249141573905945,-0.18806760013103485,1.3345094919204712,0.2961181700229645,0.17115278542041779,0.019218435510993004,0.00-0.05,False,False,True,False,False,False,False,False,False,0.0,0.0,0.0,0.0,0.0,0.0,0.07975862920284271,0.23946236073970795,0.0,0.0,0.0,0.0,0.0,0.0,0.12578284740447998,0.12440919131040573,0.16224157810211182,0.0,0.05184447392821312,-0.05897565186023712,0.07850367575883865,0.04270053654909134,0-2deg,0.00-0.04,0.0,0.0,0.0,0.0
129,48,False,False,0.39170247316360474,0.33646640181541443,0.0,0.0,9.979999542236328,0.29911714792251587,0.06046354025602341,-0.07219001650810242,0.021741583943367004,0.268381267786026,0.10458865761756897,0.3226027488708496,-0.10156191140413284,1.0184203386306763,0.2545739412307739,0.267499178647995,0.19256524741649628,>=0.15,False,False,True,False,False,False,False,False,False,0.0,0.0,0.0,0.0,0.0,0.0,0.10458865761756897,0.2682288587093353,0.0,0.0,0.0,0.0,0.0,0.0,0.0769663006067276,0.0051204608753323555,0.26833242177963257,0.0,-0.011411165818572044,0.07466091215610504,0.07552650570869446,0.02746540680527687,0-2deg,0.00-0.04,0.0,0.0,0.0,0.0
130,62,True,False,0.29205092787742615,0.29205092787742615,0.0,0.0,0.5,2.7082507610321045,1.0798419713974,-0.5894396901130676,-1.0818545818328857,1.109440803527832,0.3025711476802826,0.009972944855690002,0.09563754498958588,0.2880036234855652,0.07114282250404358,0.24586500227451324,0.07397110760211945,0.05-0.10,True,True,False,True,False,True,False,True,True,0.3025711476802826,-1.064751148223877,0.31171122193336487,6.383132457733154,6.383132457733154,0.0,0.3025711476802826,0.009972944855690002,0.0,-0.056503694504499435,-0.02387114055454731,0.06133412569761276,0.050452932715415955,0.5048251748085022,0.5048251748085022,-1.064751148223877,0.31171122193336487,0.06383132189512253,-0.056503694504499435,-0.02387114055454731,0.06133412569761276,0.050452932715415955,2-4deg,0.04-0.08,0.0,0.0,0.0,0.0
131,61,False,False,0.34136107563972473,0.31781643629074097,0.0,0.0,9.979999542236328,0.30195602774620056,0.06533709168434143,-0.003573033260181546,-0.1304153949022293,0.1547023057937622,0.10531657189130783,0.26961129903793335,0.1282270848751068,0.9712732434272766,0.29152047634124756,0.08321434259414673,0.24036774039268494,>=0.15,False,False,True,False,False,False,False,False,False,0.0,0.0,0.0,0.0,0.0,0.0,0.10531657189130783,0.24874697625637054,0.0,0.0,0.0,0.0,0.0,0.0,0.06542039662599564,-0.13661888241767883,0.07258152961730957,0.0,0.06104161962866783,-0.05414947122335434,0.08157581835985184,0.008701669983565807,0-2deg,0.00-0.04,0.0,0.0,0.0,0.0
132,0,True,False,0.19821123778820038,0.1721985936164856,0.0,0.0,0.5600000023841858,3.098158121109009,1.3220155239105225,0.06505974382162094,-0.08258046209812164,0.91053706407547,0.19297881424427032,-0.01865345984697342,0.11603377759456635,1.21185302734375,0.15543563663959503,0.9067845344543457,0.09964129328727722,0.05-0.10,True,True,False,True,False,False,False,True,True,0.19297881424427032,-0.08887502551078796,0.9061892628669739,2.004525661468506,2.004525661468506,0.0,0.19297881424427032,-0.01865345984697342,0.01865345984697342,0.007073163520544767,-0.0007554870098829269,0.007109497208148241,0.04936880245804787,0.060248058289289474,0.060248058289289474,-0.08887502551078796,0.9061892628669739,0.02004525624215603,0.007073163520544767,-0.0007554870098829269,0.007109497208148241,0.04936880245804787,0-2deg,0.04-0.08,0.0,0.0,0.0,0.0
133,36,False,False,0.39028850197792053,0.3206084966659546,0.0,0.0,9.979999542236328,0.26575374603271484,0.0706254318356514,0.05532011389732361,-0.02648770809173584,0.2720135450363159,0.025425750762224197,0.3344307839870453,0.08152436465024948,0.7201664447784424,0.239829882979393,0.27072083950042725,0.18039466440677643,>=0.15,False,False,True,False,False,False,False,False,False,0.0,0.0,0.0,0.0,0.0,0.0,0.025425750762224197,0.259519100189209,0.0,0.0,0.0,0.0,0.0,0.0,0.09354346245527267,-0.016596022993326187,0.27150678634643555,0.0,-0.047193773090839386,-0.04167548567056656,0.06295039504766464,0.04697601869702339,0-2deg,0.00-0.04,0.0,0.0006905339541845024,0.0,0.0
134,6,False,False,0.34566205739974976,0.34565770626068115,0.0,0.0,9.579999923706055,0.21301287412643433,0.0477069616317749,0.04828626289963722,-0.029017679393291473,0.22867794334888458,0.08517450839281082,0.2800687849521637,0.07512567192316055,0.6523034572601318,0.22639094293117523,0.226829394698143,0.2734105885028839,>=0.15,True,True,False,False,False,False,False,False,False,0.0,0.0,0.0,0.0,0.0,0.0,0.08517450839281082,0.2551126480102539,0.0,0.0,0.0,0.0,0.0,0.0,0.05862248316407204,-0.03289303183555603,0.22629991173744202,0.0,-0.03547942638397217,0.0030121065210551023,0.0356062576174736,0.0042839376255869865,0-2deg,0.00-0.04,0.0,0.0,0.0,0.0
135,43,False,False,0.39192959666252136,0.31339752674102783,0.0,0.0,9.979999542236328,0.5818687081336975,0.08359535783529282,-0.04587634652853012,-0.00671139732003212,0.0745433121919632,0.005775064695626497,0.33688291907310486,-0.03572249785065651,1.7364240884780884,0.29965341091156006,0.07424057275056839,0.1284661591053009,0.10-0.15,False,False,True,False,False,False,False,False,False,0.0,0.0,0.0,0.0,0.0,0.0,0.005775064695626497,0.2548547089099884,0.0,0.0,0.0,0.0,0.0,0.0,0.015822285786271095,-0.007252272218465805,0.074189692735672,0.0,0.04216298833489418,-0.012466132640838623,0.04396648332476616,0.004540157038718462,0-2deg,0.00-0.04,0.0,0.0,0.0,0.0
136,35,False,False,0.404573917388916,0.32095426321029663,0.0,0.0,9.979999542236328,0.30418872833251953,0.07603660970926285,-0.06649123877286911,0.0037006959319114685,0.17923863232135773,0.08629904687404633,0.3407279849052429,-0.0679805651307106,1.677555799484253,0.2974109649658203,0.1792004257440567,0.1368517279624939,0.10-0.15,False,False,True,False,False,False,False,False,False,0.0,0.0,0.0,0.0,0.0,0.0,0.08629904687404633,0.25951406359672546,0.0,0.0,0.0,0.0,0.0,0.0,0.054723747074604034,-0.005579384975135326,0.1791517734527588,0.0,-0.036585964262485504,-0.03786914050579071,0.052649956196546555,0.0335993655025959,0-2deg,0.00-0.04,0.0,0.0,0.0,0.0
137,60,True,True,0.12277060002088547,0.10521069169044495,0.11685924232006073,0.20001111924648285,1.2799999713897705,2.639730215072632,0.42363834381103516,0.032395001500844955,-0.10740719735622406,0.20001111924648285,0.11685924232006073,-0.019185932353138924,0.14030689001083374,0.9743930101394653,0.28519079089164734,0.16872504353523254,0.19956621527671814,>=0.15,False,True,False,True,True,False,False,False,True,0.10432346910238266,-0.6356912851333618,0.5982771515846252,0.3516846299171448,0.42862287163734436,0.19999998807907104,0.11685924232006073,-0.020149854943156242,0.020149854943156242,-0.014799142256379128,0.01311587169766426,0.01977420598268509,0.040842559188604355,0.1667640060186386,0.016471991315484047,-0.10968651622533798,0.16725225746631622,0.004286228679120541,-0.007575055118650198,0.011258135549724102,0.01357133686542511,0.04193710908293724,0-2deg,0.04-0.08,0.0,0.0,0.0,0.0
138,9,False,False,0.43882226943969727,0.30433353781700134,0.0,0.0,9.979999542236328,0.6981761455535889,0.08717013150453568,-0.07438193261623383,0.04990086704492569,0.3697405457496643,0.1533050239086151,0.35892459750175476,-0.13368047773838043,1.0357072353363037,0.2647101581096649,0.3663577139377594,0.12094496935606003,0.10-0.15,False,False,True,False,False,False,False,False,False,0.0,0.0,0.0,0.0,0.0,0.0,0.1533050239086151,0.24572966992855072,0.0,0.0,0.0,0.0,0.0,0.0,0.17506326735019684,0.05440807342529297,0.36571550369262695,0.0,0.08252859860658646,4.8762747610453516e-05,0.0825285017490387,0.012015456333756447,0-2deg,0.00-0.04,0.0,0.0,0.0,0.0
139,39,False,False,0.36007949709892273,0.2988419532775879,0.0,0.0,9.979999542236328,0.6545020341873169,0.07693325728178024,0.0655500739812851,-0.06121306121349335,0.11224237084388733,0.03525848686695099,0.30352145433425903,0.12822836637496948,0.8251509666442871,0.26629987359046936,0.09408140927553177,0.06980425864458084,0.05-0.10,False,False,True,False,False,False,False,False,False,0.0,0.0,0.0,0.0,0.0,0.0,0.03525848686695099,0.23888327181339264,0.0,0.0,0.0,0.0,0.0,0.0,0.04892934486269951,-0.05951126292347908,0.09516701102256775,0.0,-0.014914298430085182,-0.01207488402724266,0.019189808517694473,0.04979916661977768,0-2deg,0.00-0.04,0.0,0.0,0.0,0.0
140,46,False,False,0.4097694754600525,0.33447760343551636,0.0,0.0,8.899999618530273,0.37727871537208557,0.054375264793634415,-0.04451601952314377,-0.020154794678092003,0.0498991534113884,0.0902741402387619,0.3448210656642914,-0.0240924209356308,0.5566993951797485,0.1978316754102707,0.045647673308849335,0.2548621892929077,>=0.15,True,True,False,False,False,False,False,False,False,0.0,0.0,0.0,0.0,0.0,0.0,0.0902741402387619,0.27354341745376587,0.0,0.0,0.0,0.0,0.0,0.0,0.016673406586050987,-0.021204637363553047,0.045169562101364136,0.0,0.022290805354714394,-0.01050356961786747,0.02464069053530693,0.05413150042295456,0-2deg,0.00-0.04,0.0,0.0,0.0,0.0
141,13,False,False,0.37151628732681274,0.31549862027168274,0.0,0.0,9.979999542236328,0.4320216178894043,0.0626661628484726,0.06967569887638092,-0.04260670393705368,0.2646815776824951,0.05381537601351738,0.3131137490272522,0.11305618286132812,1.3196901082992554,0.2572522461414337,0.2612297832965851,0.12637799978256226,0.10-0.15,False,False,True,False,False,False,False,False,False,0.0,0.0,0.0,0.0,0.0,0.0,0.05381537601351738,0.26048174500465393,0.0,0.0,0.0,0.0,0.0,0.0,0.09413505345582962,-0.045603472739458084,0.2607233226299286,0.0,-0.002866034395992756,0.06386608630418777,0.06393004953861237,0.02810589037835598,0-2deg,0.00-0.04,0.0,0.0,0.0,0.0
142,12,False,False,0.41562405228614807,0.32722780108451843,0.0,0.0,9.979999542236328,0.5815442204475403,0.07123519480228424,-0.05504583939909935,-0.003821633756160736,0.3441331088542938,0.10206200927495956,0.34826600551605225,-0.05525882914662361,1.480432152748108,0.29345703125,0.3441118896007538,0.15697714686393738,>=0.15,False,False,True,False,False,False,False,False,False,0.0,0.0,0.0,0.0,0.0,0.0,0.10206200927495956,0.2621895968914032,0.0,0.0,0.0,0.0,0.0,0.0,0.043360188603401184,0.0011980381095781922,0.3441310226917267,0.0,-0.006484225858002901,-0.02158760279417038,0.022540884092450142,0.002674380550161004,0-2deg,0.00-0.04,0.0,0.0,0.0,0.0
143,20,False,False,0.40928536653518677,0.3044084310531616,0.0,0.0,9.979999542236328,0.3678959906101227,0.06989181041717529,-0.04459645599126816,0.03102802112698555,0.2964353561401367,0.05280463024973869,0.35107457637786865,-0.0790635198354721,1.12241792678833,0.25587502121925354,0.2948070466518402,0.0357648991048336,0.00-0.05,False,False,True,False,False,False,False,False,False,0.0,0.0,0.0,0.0,0.0,0.0,0.05280463024973869,0.24808065593242645,0.0,0.0,0.0,0.0,0.0,0.0,0.049277860671281815,0.03770534321665764,0.2940276265144348,0.0,-0.0010649249888956547,-0.02295147255063057,0.022975681349635124,0.017478251829743385,0-2deg,0.00-0.04,0.0,0.0,0.0,0.0
144,42,False,False,0.30557557940483093,0.30557557940483093,0.0,0.0,9.979999542236328,0.27218514680862427,0.055015239864587784,0.10515782237052917,0.00391223281621933,0.0926801785826683,0.09721145778894424,0.2343285232782364,0.10225223004817963,0.5971391201019287,0.18144583702087402,0.09259756654500961,0.17184390127658844,>=0.15,False,False,True,False,False,False,False,False,False,0.0,0.0,0.0,0.0,0.0,0.0,0.09721145778894424,0.2343285232782364,0.0,0.0,0.0,0.0,0.0,0.0,0.05296614021062851,0.003961725626140833,0.09259545803070068,0.0,0.04030671343207359,0.008679156191647053,0.04123016819357872,0.011952903121709824,0-2deg,0.00-0.04,0.0,0.0,0.0,0.0
145,1,False,False,0.34889137744903564,0.3221762478351593,0.0,0.0,9.979999542236328,0.390238881111145,0.06786628067493439,0.061213865876197815,0.07295261323451996,0.14306670427322388,0.08132390677928925,0.28441494703292847,-0.012618765234947205,0.7297143936157227,0.2454969584941864,0.12306907773017883,0.1995040476322174,>=0.15,False,False,True,False,False,False,False,False,False,0.0,0.0,0.0,0.0,0.0,0.0,0.08132390677928925,0.2519257664680481,0.0,0.0,0.0,0.0,0.0,0.0,0.050599679350852966,0.07343855500221252,0.1227797269821167,0.0,-0.04522046446800232,-0.042197972536087036,0.06184156984090805,0.027958372607827187,0-2deg,0.00-0.04,0.0,0.0,0.0,0.0
146,2,False,False,0.3270707130432129,0.31616806983947754,0.0,0.0,9.979999542236328,0.44782790541648865,0.06592920422554016,0.04247742518782616,0.018691537901759148,0.2060733288526535,0.07886234670877457,0.26314839720726013,0.024129100143909454,1.0858460664749146,0.2392764687538147,0.20522388815879822,0.18230347335338593,>=0.15,False,False,True,False,False,False,False,False,False,0.0,0.0,0.0,0.0,0.0,0.0,0.07886234670877457,0.25416845083236694,0.0,0.0,0.0,0.0,0.0,0.0,0.08126949518918991,0.0353836789727211,0.20301282405853271,0.0,-0.07350035756826401,0.03589992970228195,0.08178475499153137,0.03294536471366882,0-2deg,0.00-0.04,0.0,0.0,0.0,0.0
147,3,False,False,0.34375056624412537,0.310818612575531,0.0,0.0,9.979999542236328,0.1751653403043747,0.03140025585889816,-0.007844583131372929,0.05027737468481064,0.15422333776950836,0.10159628838300705,0.27441078424453735,-0.05232897028326988,0.6694450974464417,0.17601023614406586,0.14579789340496063,0.1301400065422058,0.10-0.15,False,False,True,False,False,False,False,False,False,0.0,0.0,0.0,0.0,0.0,0.0,0.10159628838300705,0.244877889752388,0.0,0.0,0.0,0.0,0.0,0.0,0.0853075161576271,0.057899001985788345,0.14294245839118958,0.0,0.049522314220666885,0.018510419875383377,0.05286584049463272,0.0417204275727272,0-2deg,0.00-0.04,0.0,0.0,0.0,0.0
148,4,False,False,0.39266330003738403,0.31025105714797974,0.0,0.0,9.979999542236328,0.3452255427837372,0.0481775663793087,-0.061224307864904404,0.08028164505958557,0.2801492512226105,0.020200146362185478,0.33712321519851685,-0.14406567811965942,1.1395456790924072,0.21872156858444214,0.26839983463287354,0.05211843550205231,0.05-0.10,False,False,True,False,False,False,False,False,False,0.0,0.0,0.0,0.0,0.0,0.0,0.020200146362185478,0.2519230842590332,0.0,0.0,0.0,0.0,0.0,0.0,0.0452456921339035,0.09359883517026901,0.2640508711338043,0.0,-0.05489558354020119,-0.03726079314947128,0.06633667647838593,0.02918379195034504,0-2deg,0.00-0.04,0.0,0.0006905339541845024,0.0,0.0
149,5,False,False,0.3314628303050995,0.30957236886024475,0.0,0.0,9.979999542236328,0.3150901198387146,0.07030431926250458,-0.056937821209430695,0.06810261309146881,0.1146358847618103,0.09154100716114044,0.2634883522987366,-0.12386329472064972,1.0926082134246826,0.27899304032325745,0.09221399575471878,0.17826150357723236,>=0.15,False,False,True,False,False,False,False,False,False,0.0,0.0,0.0,0.0,0.0,0.0,0.09154100716114044,0.24921156466007233,0.0,0.0,0.0,0.0,0.0,0.0,0.011383404955267906,0.06608323007822037,0.09367172420024872,0.0,0.037014078348875046,-0.010962986387312412,0.03860287368297577,0.016397079452872276,0-2deg,0.00-0.04,0.0,0.0,0.0,0.0
150,7,False,False,0.3547649681568146,0.32085198163986206,0.0,0.0,9.979999542236328,0.529528021812439,0.07176873087882996,0.11167187243700027,-0.009255416691303253,0.3233834505081177,0.11662633717060089,0.28016456961631775,0.11745585501194,0.9381112456321716,0.25773924589157104,0.32325097918510437,0.16946280002593994,>=0.15,False,False,True,False,False,False,False,False,False,0.0,0.0,0.0,0.0,0.0,0.0,0.11662633717060089,0.24921883642673492,0.0,0.0,0.0,0.0,0.0,0.0,0.0789153054356575,-0.007465737871825695,0.32329729199409485,0.0,0.010915455408394337,-0.009523449465632439,0.014484889805316925,0.055262789130210876,0-2deg,0.00-0.04,0.0,0.0,0.0,0.0
151,8,False,False,0.37159019708633423,0.3244575262069702,0.0,0.0,9.979999542236328,0.48255395889282227,0.08202618360519409,0.051500946283340454,-0.08287543058395386,0.25420111417770386,0.023189539089798927,0.3160025477409363,0.13411344587802887,1.0360416173934937,0.28179487586021423,0.24031202495098114,0.1538098156452179,>=0.15,False,False,True,False,False,False,False,False,False,0.0,0.0,0.0,0.0,0.0,0.0,0.023189539089798927,0.26067468523979187,0.0,0.0,0.0,0.0,0.0,0.0,0.04693141207098961,-0.09744695574045181,0.2347813844680786,0.0,0.02103123627603054,-0.05981167405843735,0.06339696794748306,0.04841216653585434,0-2deg,0.00-0.04,0.0,0.0,0.0,0.0
152,10,False,False,0.39859282970428467,0.3133108913898468,0.0,0.0,9.979999542236328,0.33053576946258545,0.06772220134735107,-0.10327348858118057,-0.01783248782157898,0.11287397146224976,0.08495119959115982,0.33472907543182373,-0.0823436975479126,1.0601725578308105,0.2611645460128784,0.11145643144845963,0.08343959599733353,0.05-0.10,False,False,True,False,False,False,False,False,False,0.0,0.0,0.0,0.0,0.0,0.0,0.08495119959115982,0.25605058670043945,0.0,0.0,0.0,0.0,0.0,0.0,0.03589807078242302,-0.020055320113897324,0.11107797920703888,0.0,0.018074441701173782,0.012660668231546879,0.02206784300506115,0.011445853859186172,0-2deg,0.00-0.04,0.0,0.0,0.0,0.0
153,11,False,False,0.39511287212371826,0.3426283895969391,0.0,0.0,9.979999542236328,0.14613881707191467,0.05659664794802666,0.016032669693231583,-0.010000918060541153,0.2850842773914337,0.11049395799636841,0.3242162764072418,0.0223078615963459,0.7590303421020508,0.26138564944267273,0.28490880131721497,0.1923065483570099,>=0.15,False,False,True,False,False,False,False,False,False,0.0,0.0,0.0,0.0,0.0,0.0,0.11049395799636841,0.26418337225914,0.0,0.0,0.0,0.0,0.0,0.0,0.03282363712787628,-0.01355273462831974,0.2847619354724884,0.0,0.013760790228843689,0.004574431572109461,0.014501339755952358,0.04768584296107292,0-2deg,0.00-0.04,0.0,0.0,0.0,0.0
154,14,False,False,0.38225987553596497,0.33938077092170715,0.0,0.0,9.979999542236328,0.34145593643188477,0.0622667595744133,0.014510461129248142,-0.04052131623029709,0.24001650512218475,0.04637051746249199,0.324724018573761,0.05486498773097992,0.7920885682106018,0.24712857604026794,0.23657122254371643,0.17659884691238403,>=0.15,False,False,True,False,False,False,False,False,False,0.0,0.0,0.0,0.0,0.0,0.0,0.04637051746249199,0.27906838059425354,0.0,0.0,0.0,0.0,0.0,0.0,0.05591495335102081,-0.028626060113310814,0.2383033186197281,0.0,0.013434977270662785,0.054859310388565063,0.05647845193743706,0.011559166945517063,0-2deg,0.00-0.04,0.0,0.0,0.0,0.0
155,15,False,False,0.4134659171104431,0.3204120397567749,0.0,0.0,9.979999542236328,0.30712950229644775,0.06734371930360794,-0.047879643738269806,-0.18266160786151886,0.3812269866466522,0.13194191455841064,0.33765923976898193,0.1241564005613327,0.4617428183555603,0.19381093978881836,0.3346173167228699,0.20605508983135223,>=0.15,False,False,True,False,False,False,False,False,False,0.0,0.0,0.0,0.0,0.0,0.0,0.13194191455841064,0.254928320646286,0.0,0.0,0.0,0.0,0.0,0.0,0.087786465883255,-0.19831979274749756,0.325581431388855,0.0,0.05017418786883354,-0.024285290390253067,0.055737629532814026,0.05354209989309311,0-2deg,0.00-0.04,0.0,0.0,0.0,0.0
156,16,False,False,0.3886226415634155,0.3179316222667694,0.0,0.0,9.979999542236328,0.5135020613670349,0.08169838786125183,0.050569720566272736,-0.03416374698281288,0.20714831352233887,0.03516313433647156,0.33224454522132874,0.08464448153972626,1.0240920782089233,0.2572516202926636,0.20431168377399445,0.17593048512935638,>=0.15,False,False,True,False,False,False,False,False,False,0.0,0.0,0.0,0.0,0.0,0.0,0.03516313433647156,0.25886788964271545,0.0,0.0,0.0,0.0,0.0,0.0,0.05424105003476143,-0.04270303621888161,0.2026989758014679,0.0,-0.06189131736755371,0.026312239468097687,0.06724581867456436,0.03768305107951164,0-2deg,0.00-0.04,0.0,0.0,0.0,0.0
157,17,False,False,0.35334014892578125,0.31010985374450684,0.0,0.0,9.979999542236328,0.7951266765594482,0.08350248634815216,0.012386265210807323,0.1211225762963295,0.2004612386226654,0.0673782229423523,0.2919343113899231,-0.1083775982260704,1.3235061168670654,0.2945404648780823,0.15973110496997833,0.12165004014968872,0.10-0.15,False,False,True,False,False,False,False,False,False,0.0,0.0,0.0,0.0,0.0,0.0,0.0673782229423523,0.24216784536838531,0.0,0.0,0.0,0.0,0.0,0.0,0.02367841824889183,0.12519758939743042,0.15655755996704102,0.0,-0.02889033406972885,-0.020534589886665344,0.03544347360730171,0.05392707511782646,0-2deg,0.00-0.04,0.0,0.0,0.0,0.0
158,18,False,False,0.38868263363838196,0.30983197689056396,0.0,0.0,9.979999542236328,0.3795385956764221,0.06541857123374939,-0.05230382829904556,-0.0001225583255290985,0.268216073513031,0.07349865138530731,0.3271072804927826,-0.054303549230098724,1.0801860094070435,0.2525129020214081,0.2682160437107086,0.13121403753757477,0.10-0.15,False,False,True,False,False,False,False,False,False,0.0,0.0,0.0,0.0,0.0,0.0,0.07349865138530731,0.2512233853340149,0.0,0.0,0.0,0.0,0.0,0.0,0.09171987324953079,0.015154587104916573,0.2677875757217407,0.0,0.05920988693833351,0.00461588567122817,0.0593896321952343,0.034521616995334625,0-2deg,0.00-0.04,0.0,0.0,0.0,0.0
159,19,False,False,0.33778437972068787,0.3020530641078949,0.0,0.0,9.979999542236328,0.36509010195732117,0.07494748383760452,0.05551896616816521,-0.07239535450935364,0.09743818640708923,0.09790468215942383,0.26936206221580505,0.1294129192829132,1.1903537511825562,0.2827800214290619,0.06521589308977127,0.11930104345083237,0.10-0.15,False,False,True,False,False,False,False,False,False,0.0,0.0,0.0,0.0,0.0,0.0,0.09790468215942383,0.24329693615436554,0.0,0.0,0.0,0.0,0.0,0.0,0.0903819277882576,-0.06920536607503891,0.06859167665243149,0.0,-0.04524824023246765,-0.016312897205352783,0.048097237944602966,0.05293425917625427,0-2deg,0.00-0.04,0.0,0.0006905339541845024,0.0,0.0
160,21,False,False,0.39506471157073975,0.30544158816337585,0.0,0.0,9.979999542236328,0.17296604812145233,0.047527242451906204,0.07928444445133209,-0.08413904905319214,0.2674686312675476,0.20492763817310333,0.2877531349658966,0.16749300062656403,0.4454144835472107,0.18532980978488922,0.25388994812965393,0.21999017894268036,>=0.15,False,False,True,False,False,False,False,False,False,0.0,0.0,0.0,0.0,0.0,0.0,0.20492763817310333,0.23124633729457855,0.0,0.0,0.0,0.0,0.0,0.0,0.20727451145648956,-0.08259228616952896,0.25439730286598206,0.0,0.04680745303630829,0.06303373724222183,0.07849379628896713,0.042669154703617096,0-2deg,0.00-0.04,0.0,0.0006905339541845024,0.0,0.0
161,22,False,False,0.4030419588088989,0.3330972492694855,0.0,0.0,9.979999542236328,0.47680291533470154,0.07595212012529373,-0.1419769525527954,-0.00023673474788665771,0.147710382938385,0.08336547762155533,0.33950456976890564,-0.13731184601783752,1.0399779081344604,0.27259930968284607,0.1477101892232895,0.15606991946697235,>=0.15,False,False,True,False,False,False,False,False,False,0.0,0.0,0.0,0.0,0.0,0.0,0.08336547762155533,0.26420995593070984,0.0,0.0,0.0,0.0,0.0,0.0,0.030217435210943222,0.0007462057983502746,0.1477084904909134,0.0,0.0422879159450531,0.01988120935857296,0.046725139021873474,0.04611197113990784,0-2deg,0.00-0.04,0.0,0.0,0.0,0.0
162,23,False,False,0.43842974305152893,0.30840250849723816,0.0,0.0,9.979999542236328,0.3048059046268463,0.060786474496126175,-0.07207603007555008,-0.07493850588798523,0.40018293261528015,0.15888828039169312,0.3555523157119751,0.0005235894932411611,0.4835730195045471,0.1957567185163498,0.39310380816459656,0.21464918553829193,>=0.15,False,False,True,False,False,False,False,False,False,0.0,0.0,0.0,0.0,0.0,0.0,0.15888828039169312,0.23787905275821686,0.0,0.0,0.0,0.0,0.0,0.0,0.13270144164562225,-0.059089574962854385,0.39579641819000244,0.0,-0.03162192553281784,-0.026824701577425003,0.04146376997232437,0.030390730127692223,0-2deg,0.00-0.04,0.0,0.0,0.0,0.0
163,24,False,False,0.32866978645324707,0.31400004029273987,0.0,0.0,9.979999542236328,0.417939692735672,0.05324792116880417,0.007936459966003895,0.04020063206553459,0.10710727423429489,0.09766460210084915,0.25890976190567017,-0.03431684151291847,1.0207774639129639,0.2427700161933899,0.09927677363157272,0.15112291276454926,>=0.15,False,False,True,False,False,False,False,False,False,0.0,0.0,0.0,0.0,0.0,0.0,0.09766460210084915,0.24905197322368622,0.0,0.0,0.0,0.0,0.0,0.0,0.009480741806328297,0.04057988524436951,0.09912236034870148,0.0,0.005165419541299343,0.008124700747430325,0.009630449116230011,0.055461786687374115,0-2deg,0.00-0.04,0.0,0.0,0.0,0.0
164,25,False,False,0.4075685441493988,0.3020966947078705,0.0,0.0,9.979999542236328,0.6113330721855164,0.07428200542926788,-0.11228358745574951,0.03636741638183594,0.17433208227157593,0.08003098517656326,0.34529349207878113,-0.14124421775341034,1.1397571563720703,0.2643936574459076,0.17049658298492432,0.03509969264268875,0.00-0.05,False,False,True,False,False,False,False,False,False,0.0,0.0,0.0,0.0,0.0,0.0,0.08003098517656326,0.24578721821308136,0.0,0.0,0.0,0.0,0.0,0.0,0.08081962913274765,0.0388716422021389,0.16994313895702362,0.0,0.014203335158526897,-0.010085699148476124,0.01741824671626091,0.009860250167548656,0-2deg,0.00-0.04,0.0,0.0,0.0,0.0
165,26,False,False,0.41224801540374756,0.31341803073883057,0.0,0.0,9.979999542236328,0.2704830467700958,0.08300316333770752,-0.09602057188749313,0.013493731617927551,0.24021413922309875,0.09820720553398132,0.3454340100288391,-0.11110301315784454,1.053733468055725,0.2653828561306,0.23983483016490936,0.15864521265029907,>=0.15,False,False,True,False,False,False,False,False,False,0.0,0.0,0.0,0.0,0.0,0.0,0.09820720553398132,0.2572474479675293,0.0,0.0,0.0,0.0,0.0,0.0,0.034454088658094406,0.01649826392531395,0.23964689671993256,0.0,-0.009836921468377113,0.007773893419653177,0.01253950223326683,0.002657433971762657,0-2deg,0.00-0.04,0.0,0.0,0.0,0.0
166,27,False,False,0.33658790588378906,0.32238802313804626,0.0,0.0,9.979999542236328,0.5073742866516113,0.07952454686164856,0.10822229832410812,-0.024617508053779602,0.135972261428833,0.06401697546243668,0.2755206823348999,0.13357645273208618,0.7784340381622314,0.24640245735645294,0.13372522592544556,0.17635881900787354,>=0.15,False,False,True,False,False,False,False,False,False,0.0,0.0,0.0,0.0,0.0,0.0,0.06401697546243668,0.2607067823410034,0.0,0.0,0.0,0.0,0.0,0.0,0.024907775223255157,-0.02884463034570217,0.13287755846977234,0.0,0.021766865625977516,0.023301389068365097,0.0318857803940773,0.03100690431892872,0-2deg,0.00-0.04,0.0,0.0,0.0,0.0
167,28,False,False,0.41261252760887146,0.3005252480506897,0.0,0.0,9.979999542236328,0.3072095811367035,0.07871530950069427,-0.09833399951457977,-0.044692154973745346,0.12777581810951233,0.06701789796352386,0.3530104160308838,-0.05062529817223549,0.5457342863082886,0.21831731498241425,0.11970493197441101,0.030343906953930855,0.00-0.05,False,False,True,False,False,False,False,False,False,0.0,0.0,0.0,0.0,0.0,0.0,0.06701789796352386,0.24292074143886566,0.0,0.0,0.0,0.0,0.0,0.0,0.11554872244596481,-0.03718790411949158,0.12224451452493668,0.0,-0.05504312738776207,0.033173322677612305,0.06425855308771133,0.06693648546934128,0-2deg,0.00-0.04,0.0,0.0,0.0,0.0
168,29,False,False,0.3412887752056122,0.32508963346481323,0.0,0.0,9.979999542236328,0.4101297855377197,0.0783998966217041,0.07514216005802155,-0.07098115980625153,0.2042827159166336,0.09923773258924484,0.27138060331344604,0.14922167360782623,0.5839436054229736,0.2204599529504776,0.19155444204807281,0.19940441846847534,>=0.15,False,False,True,False,False,False,False,False,False,0.0,0.0,0.0,0.0,0.0,0.0,0.09923773258924484,0.2515743374824524,0.0,0.0,0.0,0.0,0.0,0.0,0.04951205849647522,-0.07059110701084137,0.19169852137565613,0.0,-0.0016265136655420065,0.0016797268763184547,0.002341714920476079,0.017115619033575058,0-2deg,0.00-0.04,0.0,0.0,0.0,0.0
169,30,False,False,0.3733181953430176,0.30483099818229675,0.0,0.0,9.979999542236328,0.49977320432662964,0.06569363921880722,0.03489506617188454,-0.005248792469501495,0.08597555011510849,0.044550348073244095,0.31580448150634766,0.04143906012177467,1.2885905504226685,0.2954108715057373,0.0858151763677597,0.09109879285097122,0.05-0.10,False,False,True,False,False,False,False,False,False,0.0,0.0,0.0,0.0,0.0,0.0,0.044550348073244095,0.24326501786708832,0.0,0.0,0.0,0.0,0.0,0.0,0.04345770925283432,-0.004316486418247223,0.08586711436510086,0.0,0.0005943427095189691,-0.01375788077712059,0.01377189066261053,0.0459732785820961,0-2deg,0.00-0.04,0.0,0.0,0.0,0.0
170,31,False,False,0.3861826956272125,0.3159496486186981,0.0,0.0,9.979999542236328,0.1844167411327362,0.042075276374816895,0.010145955719053745,-0.037485044449567795,0.1083826795220375,0.0840999111533165,0.32259994745254517,0.04987986385822296,0.7979000210762024,0.20010331273078918,0.1016940325498581,0.09934921562671661,0.05-0.10,False,False,True,False,False,False,False,False,False,0.0,0.0,0.0,0.0,0.0,0.0,0.0840999111533165,0.25642040371894836,0.0,0.0,0.0,0.0,0.0,0.0,0.07854774594306946,-0.032691605389118195,0.10333471745252609,0.0,0.041189681738615036,-0.022123001515865326,0.046751927584409714,0.07634439319372177,0-2deg,0.00-0.04,0.0,0.0,0.0,0.0
171,32,False,False,0.35644254088401794,0.33140408992767334,0.0,0.0,9.979999542236328,0.2059468775987625,0.04931588098406792,0.006786448415368795,0.0710584744811058,0.15897776186466217,0.11937233060598373,0.2815781533718109,-0.061089709401130676,1.0336833000183105,0.2232729196548462,0.14221329987049103,0.20836296677589417,>=0.15,False,False,True,False,False,False,False,False,False,0.0,0.0,0.0,0.0,0.0,0.0,0.11937233060598373,0.2549133598804474,0.0,0.0,0.0,0.0,0.0,0.0,0.06198607012629509,0.06505823135375977,0.14505638182163239,0.0,-0.043814703822135925,-0.029010619968175888,0.05254337936639786,0.047683488577604294,0-2deg,0.00-0.04,0.0,0.0,0.0,0.0
172,33,False,False,0.3850274980068207,0.31211522221565247,0.0,0.0,9.979999542236328,0.4385201334953308,0.057093530893325806,-0.07053019106388092,-0.04824380204081535,0.09624151885509491,0.07077622413635254,0.3232954740524292,-0.02168315462768078,0.9310281872749329,0.23178330063819885,0.08327644318342209,0.11031998693943024,0.10-0.15,False,False,True,False,False,False,False,False,False,0.0,0.0,0.0,0.0,0.0,0.0,0.07077622413635254,0.2516458332538605,0.0,0.0,0.0,0.0,0.0,0.0,0.05078670755028725,-0.05029015615582466,0.08205687254667282,0.0,0.08092764019966125,0.02274409867823124,0.08405594527721405,0.010100368410348892,0-2deg,0.00-0.04,0.0,0.0006905339541845024,0.0,0.0
173,34,False,False,0.41329842805862427,0.3218325972557068,0.0,0.0,9.979999542236328,0.22921136021614075,0.05994405597448349,-0.13014939427375793,0.016692638397216797,0.188788503408432,0.1167098730802536,0.3421783149242401,-0.1363774985074997,1.089878797531128,0.25963470339775085,0.1880490779876709,0.16003376245498657,>=0.15,False,False,True,False,False,False,False,False,False,0.0,0.0,0.0,0.0,0.0,0.0,0.1167098730802536,0.2617497444152832,0.0,0.0,0.0,0.0,0.0,0.0,0.08518850058317184,0.009516535326838493,0.1885485053062439,0.0,0.0017069780733436346,0.0416116788983345,0.04164598509669304,0.03853879123926163,0-2deg,0.00-0.04,0.0,0.0,0.0,0.0
174,37,False,False,0.38282665610313416,0.3182464838027954,0.0,0.0,9.979999542236328,0.5655060410499573,0.07511096447706223,-0.05473855137825012,0.0807504877448082,0.2865992486476898,0.0038131976034492254,0.327805757522583,-0.1381746530532837,1.1753233671188354,0.2659512758255005,0.27498817443847656,0.16542261838912964,>=0.15,False,False,True,False,False,False,False,False,False,0.0,0.0,0.0,0.0,0.0,0.0,0.0038131976034492254,0.2533436715602875,0.0,0.0,0.0,0.0,0.0,0.0,0.012099206447601318,0.08122164756059647,0.2748493552207947,0.0,-0.015713941305875778,-0.020916083827614784,0.02616141550242901,0.01594923995435238,0-2deg,0.00-0.04,0.0,0.0,0.0,0.0
175,38,False,False,0.3872969448566437,0.3097632825374603,0.0,0.0,9.979999542236328,0.19769054651260376,0.06618110835552216,-0.011813057586550713,-0.09446501731872559,0.12003150582313538,0.026612579822540283,0.3313913643360138,0.08505449444055557,0.8957939147949219,0.22592739760875702,0.07405351847410202,0.08809147030115128,0.05-0.10,False,False,True,False,False,False,False,False,False,0.0,0.0,0.0,0.0,0.0,0.0,0.026612579822540283,0.24901102483272552,0.0,0.0,0.0,0.0,0.0,0.0,0.004326186142861843,-0.09465084969997406,0.07381585240364075,0.0,-0.025359004735946655,0.043641723692417145,0.05047105997800827,0.04073037579655647,0-2deg,0.00-0.04,0.0,0.0,0.0,0.0
176,40,False,False,0.3794344663619995,0.31256043910980225,0.0,0.0,9.979999542236328,0.45939746499061584,0.06269428133964539,-0.003064606338739395,-0.04968595877289772,0.1338493973016739,0.10482748597860336,0.310260146856308,0.052321258932352066,1.464859127998352,0.2951604127883911,0.12428582459688187,0.10107804834842682,0.10-0.15,False,False,True,False,False,False,False,False,False,0.0,0.0,0.0,0.0,0.0,0.0,0.10482748597860336,0.25564759969711304,0.0,0.0,0.0,0.0,0.0,0.0,0.054769497364759445,-0.052884116768836975,0.12295906245708466,0.0,-0.024856626987457275,0.012008554302155972,0.02760496735572815,0.014303365722298622,0-2deg,0.00-0.04,0.0,0.0,0.0,0.0
177,41,False,False,0.3109589219093323,0.3109589219093323,0.0,0.0,9.979999542236328,1.2826135158538818,0.09114592522382736,0.07536594569683075,0.009890250861644745,0.042849309742450714,0.10556768625974655,0.23744307458400726,0.06590092182159424,2.4385485649108887,0.42274197936058044,0.041692279279232025,0.2203928530216217,>=0.15,False,False,True,False,False,False,False,False,False,0.0,0.0,0.0,0.0,0.0,0.0,0.10556768625974655,0.23708124458789825,0.0,0.0,0.0,0.0,0.0,0.0,0.027158666402101517,0.009914523921906948,0.041686512529850006,0.0,0.007410993333905935,-0.0017405996331945062,0.007611569482833147,0.013429829850792885,0-2deg,0.00-0.04,0.0,0.0,0.0,0.0
178,44,False,False,0.4044851064682007,0.31746068596839905,0.0,0.0,9.979999542236328,0.2993999421596527,0.04844425618648529,-0.10240917652845383,0.0060263946652412415,0.20842264592647552,0.07753175497055054,0.3427305817604065,-0.09747893363237381,1.0988242626190186,0.24607816338539124,0.2083354890346527,0.13840392231941223,0.10-0.15,False,False,True,False,False,False,False,False,False,0.0,0.0,0.0,0.0,0.0,0.0,0.07753175497055054,0.2503858208656311,0.0,0.0,0.0,0.0,0.0,0.0,0.1113915890455246,0.009938215836882591,0.20818555355072021,0.0,0.003991730976849794,-0.031829677522182465,0.032079633325338364,0.03878019005060196,0-2deg,0.00-0.04,0.0,0.0,0.0,0.0
179,45,False,False,0.41960760951042175,0.3137787878513336,0.0,0.0,9.979999542236328,0.21600821614265442,0.06282605230808258,-0.10444829612970352,0.06525653600692749,0.3231983184814453,0.13457882404327393,0.3437633812427521,-0.18353931605815887,1.0423041582107544,0.24114426970481873,0.3165418207645416,0.14482183754444122,0.10-0.15,False,False,True,False,False,False,False,False,False,0.0,0.0,0.0,0.0,0.0,0.0,0.13457882404327393,0.2526324987411499,0.0,0.0,0.0,0.0,0.0,0.0,0.09891396015882492,0.08384217321872711,0.3121339976787567,0.0,0.027109259739518166,-0.05457291752099991,0.06092923879623413,0.0617251843214035,0-2deg,0.00-0.04,0.0,0.0,0.0,0.0
180,47,False,False,0.3063983917236328,0.3063983917236328,0.0,0.0,9.979999542236328,0.5925788283348083,0.07183296233415604,0.12292174249887466,-0.03191932290792465,0.14312656223773956,0.023337511345744133,0.2504672110080719,0.15684032440185547,1.1055835485458374,0.2715229094028473,0.13952194154262543,0.06485731899738312,0.05-0.10,False,False,True,False,False,False,False,False,False,0.0,0.0,0.0,0.0,0.0,0.0,0.023337511345744133,0.2504672110080719,0.0,0.0,0.0,0.0,0.0,0.0,0.024977082386612892,-0.031682129949331284,0.1395760029554367,0.0,-0.01808643713593483,-0.010178693570196629,0.020753761753439903,0.0725952610373497,0-2deg,0.00-0.04,0.0,0.0,0.0,0.0
181,49,False,False,0.3085673451423645,0.2947433590888977,0.0,0.0,9.979999542236328,0.18260280787944794,0.05613265559077263,0.10225977003574371,0.023440755903720856,0.1638248860836029,0.03758895769715309,0.25168851017951965,0.07879289984703064,0.8488500118255615,0.21526725590229034,0.16213920712471008,0.07224324345588684,0.05-0.10,False,False,True,False,False,False,False,False,False,0.0,0.0,0.0,0.0,0.0,0.0,0.03758895769715309,0.23747234046459198,0.0,0.0,0.0,0.0,0.0,0.0,0.08222426474094391,0.03673951327800751,0.15965211391448975,0.0,-0.07740581780672073,-0.03308476135134697,0.08416662365198135,0.02296079322695732,0-2deg,0.00-0.04,0.0,0.0,0.0,0.0
182,50,False,False,0.318603515625,0.318603515625,0.0,0.0,9.979999542236328,0.4566199481487274,0.06734084337949753,0.0874134972691536,-0.014924749732017517,0.1378716230392456,0.05661988630890846,0.25886213779449463,0.1052592545747757,0.9236215353012085,0.2506972849369049,0.13706143200397491,0.09867718815803528,0.05-0.10,False,False,True,False,False,False,False,False,False,0.0,0.0,0.0,0.0,0.0,0.0,0.05661988630890846,0.25886213779449463,0.0,0.0,0.0,0.0,0.0,0.0,0.04701519012451172,-0.01014944538474083,0.13749752938747406,0.0,-0.036772485822439194,-0.00045336311450228095,0.03677584230899811,0.03484414890408516,0-2deg,0.00-0.04,0.0,0.0,0.0,0.0
183,51,False,False,0.33989331126213074,0.32088378071784973,0.0,0.0,9.979999542236328,0.2307681292295456,0.058154936879873276,0.09156102687120438,-0.03552774339914322,0.19041678309440613,0.048494111746549606,0.2820325791835785,0.127609521150589,0.5131485462188721,0.21970036625862122,0.18707305192947388,0.07794921100139618,0.05-0.10,False,False,True,False,False,False,False,False,False,0.0,0.0,0.0,0.0,0.0,0.0,0.048494111746549606,0.26022425293922424,0.0,0.0,0.0,0.0,0.0,0.0,0.0957440510392189,-0.022563375532627106,0.18907523155212402,0.0,-0.03665444999933243,0.07227002084255219,0.08101946860551834,0.010297576896846294,0-2deg,0.00-0.04,0.0,0.0006905339541845024,0.0,0.0
184,52,False,False,0.38538652658462524,0.2953897714614868,0.0,0.0,9.979999542236328,0.16223673522472382,0.04013696685433388,-0.04765165597200394,0.09792210161685944,0.28395313024520874,0.036905232816934586,0.32882028818130493,-0.15046678483486176,0.28821712732315063,0.14571985602378845,0.2665345072746277,0.16030600666999817,>=0.15,False,False,True,False,False,False,False,False,False,0.0,0.0,0.0,0.0,0.0,0.0,0.036905232816934586,0.2335921674966812,0.0,0.0,0.0,0.0,0.0,0.0,0.06305831670761108,0.09314824640750885,0.26824015378952026,0.0,0.02418791875243187,-0.0052924687042832375,0.024758948013186455,0.015171846374869347,0-2deg,0.00-0.04,0.0,0.0,0.0,0.0
185,53,False,False,0.40515533089637756,0.31188905239105225,0.0,0.0,9.979999542236328,0.20620745420455933,0.06681206822395325,0.05809712037444115,-0.06336639821529388,0.11766459792852402,0.06780499964952469,0.34491071105003357,0.12649491429328918,0.799350917339325,0.2124546766281128,0.09914463013410568,0.1777927428483963,>=0.15,False,False,True,False,False,False,False,False,False,0.0,0.0,0.0,0.0,0.0,0.0,0.06780499964952469,0.25461795926094055,0.0,0.0,0.0,0.0,0.0,0.0,0.07270434498786926,-0.058719452470541,0.10196559876203537,0.0,-0.01770939491689205,-0.08254258334636688,0.08441653847694397,0.0044487277045845985,0-2deg,0.00-0.04,0.0,0.0006905339541845024,0.0,0.0
186,54,False,False,0.4053744673728943,0.3340424597263336,0.0,0.0,9.979999542236328,0.18722616136074066,0.05350938439369202,-0.10893078148365021,0.00010198354721069336,0.13134655356407166,0.07836990058422089,0.34255579113960266,-0.10330648720264435,0.691077709197998,0.21095037460327148,0.13134652376174927,0.1974629908800125,>=0.15,False,False,True,False,False,False,False,False,False,0.0,0.0,0.0,0.0,0.0,0.0,0.07836990058422089,0.2604677081108093,0.0,0.0,0.0,0.0,0.0,0.0,0.03157012164592743,-0.004518356639891863,0.13126881420612335,0.0,0.00336890434846282,-0.0626145675778389,0.06270547211170197,0.026329202577471733,0-2deg,0.00-0.04,0.0,0.0,0.0,0.0
187,55,False,False,0.3413594663143158,0.31813493371009827,0.0,0.0,9.979999542236328,0.33657026290893555,0.049108102917671204,0.08472627401351929,0.052985016256570816,0.13359229266643524,0.076186403632164,0.27865996956825256,0.03158344700932503,0.8306010365486145,0.20955203473567963,0.12263559550046921,0.195320263504982,>=0.15,False,False,True,False,False,False,False,False,False,0.0,0.0,0.0,0.0,0.0,0.0,0.076186403632164,0.24017827212810516,0.0,0.0,0.0,0.0,0.0,0.0,0.09775862842798233,0.06093667075037956,0.11888491362333298,0.0,0.07984914630651474,0.04303702339529991,0.09068717062473297,0.02056073769927025,0-2deg,0.00-0.04,0.0,0.0,0.0,0.0
188,56,False,False,0.39095795154571533,0.31973275542259216,0.0,0.0,9.979999542236328,0.13500666618347168,0.046298809349536896,-0.030214644968509674,-0.040885768830776215,0.13381758332252502,0.06800338625907898,0.3306320011615753,0.015922052785754204,0.9094020128250122,0.23607830703258514,0.12741859257221222,0.018097374588251114,0.00-0.05,False,False,True,False,False,False,False,False,False,0.0,0.0,0.0,0.0,0.0,0.0,0.06800338625907898,0.259844571352005,0.0,0.0,0.0,0.0,0.0,0.0,0.08517659455537796,-0.03707300126552582,0.12857969105243683,0.0,-0.014968869276344776,-0.026540499180555344,0.030468912795186043,0.012545735575258732,0-2deg,0.00-0.04,0.0,0.0,0.0,0.0
189,57,False,False,0.36560481786727905,0.3089665174484253,0.0,0.0,9.979999542236328,0.3807782828807831,0.08823901414871216,0.06046384572982788,-0.007803618907928467,0.24683277308940887,0.04226113483309746,0.30814486742019653,0.06917508691549301,1.4081916809082031,0.3137359917163849,0.24670937657356262,0.12454652041196823,0.10-0.15,False,False,True,False,False,False,False,False,False,0.0,0.0,0.0,0.0,0.0,0.0,0.04226113483309746,0.24374376237392426,0.0,0.0,0.0,0.0,0.0,0.0,0.03788735345005989,-0.006148193031549454,0.2467561811208725,0.0,0.0008431934984400868,-0.007038835436105728,0.00709270965307951,0.005062385927885771,0-2deg,0.00-0.04,0.0,0.0,0.0,0.0
190,58,False,False,0.377234548330307,0.32198208570480347,0.0,0.0,9.979999542236328,0.2169894129037857,0.0591360479593277,0.006596075836569071,-0.11857594549655914,0.3059452176094055,0.08660624921321869,0.31243032217025757,0.11946213245391846,1.0193835496902466,0.2982509732246399,0.282032310962677,0.17419648170471191,>=0.15,False,False,True,False,False,False,False,False,False,0.0,0.0,0.0,0.0,0.0,0.0,0.08660624921321869,0.2587408125400543,0.0,0.0,0.0,0.0,0.0,0.0,0.06157771497964859,-0.12984724342823029,0.2770237624645233,0.0,0.0012558094458654523,-0.04274021089076996,0.0427592433989048,0.06296040117740631,0-2deg,0.00-0.04,0.0,0.0,0.0,0.0
191,59,False,False,0.35104668140411377,0.29417866468429565,0.0,0.0,9.979999542236328,0.47905877232551575,0.08707302808761597,0.07293695956468582,-0.0756007581949234,0.08787702023983002,0.0908571183681488,0.2843014895915985,0.15090587735176086,1.223730206489563,0.28744322061538696,0.044798389077186584,0.16835466027259827,>=0.15,False,False,True,False,False,False,False,False,False,0.0,0.0,0.0,0.0,0.0,0.0,0.0908571183681488,0.23140276968479156,0.0,0.0,0.0,0.0,0.0,0.0,0.023420225828886032,-0.07710132747888565,0.04216344282031059,0.0,-0.033356498926877975,-0.010875009931623936,0.03508337214589119,0.028962712734937668,0-2deg,0.00-0.04,0.0,0.0,0.0,0.0
192,63,False,False,0.3793129324913025,0.32009756565093994,0.0,0.0,9.979999542236328,0.28187209367752075,0.049195483326911926,-0.011366263031959534,-0.05205889791250229,0.3169865310192108,0.07034453004598618,0.31845325231552124,0.04157058894634247,0.7766323089599609,0.21493756771087646,0.31268244981765747,0.11956831067800522,0.10-0.15,False,False,True,False,False,False,False,False,False,0.0,0.0,0.0,0.0,0.0,0.0,0.07034453004598618,0.25926855206489563,0.0,0.0,0.0,0.0,0.0,0.0,0.08995895832777023,-0.03620658442378044,0.31491196155548096,0.0,-0.05739264190196991,0.01512468233704567,0.059350453317165375,0.061053331941366196,0-2deg,0.00-0.04,0.0,0.0,0.0,0.0
193,20,True,False,0.21029570698738098,0.21029570698738098,0.0,0.0,0.5799999833106995,3.229896306991577,1.3804395198822021,-0.40780696272850037,-0.6982629299163818,0.7841150164604187,0.21651314198970795,-0.010471150279045105,-0.10228820145130157,0.4753035604953766,0.1323990672826767,0.3567424714565277,0.1948510706424713,>=0.15,True,True,False,True,False,True,False,True,True,0.21651314198970795,-0.6981762051582336,0.35691216588020325,8.284092903137207,8.284092903137207,0.0,0.21651314198970795,-0.010471150279045105,0.010471150279045105,-0.01310156099498272,0.015092859975993633,0.019987087696790695,0.04144643619656563,0.32448625564575195,0.32448625564575195,-0.6981762051582336,0.35691216588020325,0.0828409269452095,-0.01310156099498272,0.015092859975993633,0.019987087696790695,0.04144643619656563,0-2deg,0.04-0.08,0.0,0.0,0.0,0.0
194,43,False,False,0.41483357548713684,0.3257662355899811,0.0,0.0,9.199999809265137,0.3889981508255005,0.05458943918347359,-0.019044985994696617,0.04293119162321091,0.17817330360412598,0.061786189675331116,0.3553575873374939,-0.059325020760297775,0.9114852547645569,0.21568076312541962,0.17292380332946777,0.2607250511646271,>=0.15,True,True,False,False,False,False,False,False,False,0.0,0.0,0.0,0.0,0.0,0.0,0.061786189675331116,0.2552852928638458,0.0,0.0,0.0,0.0,0.0,0.0,0.03036503680050373,0.037679851055145264,0.1741434931755066,0.0,0.003083837451413274,0.031036971136927605,0.031190169975161552,0.05131082609295845,0-2deg,0.00-0.04,0.0,0.0,0.0,0.0
195,48,False,False,0.35333940386772156,0.30835872888565063,0.0,0.0,9.979999542236328,0.43983015418052673,0.07367416471242905,0.09598950296640396,-0.05812576413154602,0.12391788512468338,0.04989917203783989,0.295072078704834,0.15924592316150665,0.755454957485199,0.24289478361606598,0.10943964868783951,0.16521954536437988,>=0.15,False,False,True,False,False,False,False,False,False,0.0,0.0,0.0,0.0,0.0,0.0,0.04989917203783989,0.24974752962589264,0.0,0.0,0.0,0.0,0.0,0.0,0.056174591183662415,-0.0616486519575119,0.10749458521604538,0.0,-0.05815642699599266,0.0500483401119709,0.07670850306749344,0.07269623130559921,0-2deg,0.00-0.04,0.0,0.0,0.0,0.0
196,62,False,False,0.3137580454349518,0.30896827578544617,0.0,0.0,9.979999542236328,0.5554776191711426,0.08316674083471298,0.09272648394107819,0.0209406316280365,0.1641487330198288,0.05053680017590523,0.2548680305480957,0.07113781571388245,0.9576902389526367,0.2484700083732605,0.16280755400657654,0.10162834823131561,0.10-0.15,False,False,True,False,False,False,False,False,False,0.0,0.0,0.0,0.0,0.0,0.0,0.05053680017590523,0.25311046838760376,0.0,0.0,0.0,0.0,0.0,0.0,0.03641090169548988,0.0208766870200634,0.16281576454639435,0.0,0.03318644315004349,0.0001954387262230739,0.033186692744493484,0.00044105685083195567,0-2deg,0.00-0.04,0.0,0.0,0.0,0.0
197,61,False,False,0.3326863646507263,0.3077400028705597,0.0,0.0,9.979999542236328,0.18474669754505157,0.046857886016368866,0.021582331508398056,0.05147850513458252,0.17023144662380219,0.0655108094215393,0.2712695300579071,-0.031132088974118233,0.9272549152374268,0.22503650188446045,0.1622612327337265,0.056985195726156235,0.05-0.10,False,False,True,False,False,False,False,False,False,0.0,0.0,0.0,0.0,0.0,0.0,0.0655108094215393,0.24932225048542023,0.0,0.0,0.0,0.0,0.0,0.0,0.013602047227323055,0.05155032128095627,0.16223841905593872,0.0,-0.0009485717746429145,-0.00853875931352377,0.008590169250965118,0.015889959409832954,0-2deg,0.00-0.04,0.0,0.0,0.0,0.0
198,0,False,False,0.43448606133461,0.3336375951766968,0.0,0.0,9.979999542236328,0.35902276635169983,0.04917781427502632,-0.07014674693346024,0.006717011332511902,0.1416776329278946,0.049147527664899826,0.3772633671760559,-0.06871621310710907,0.8312568068504333,0.19710122048854828,0.14151830971240997,0.18115173280239105,>=0.15,False,False,True,False,False,False,False,False,False,0.0,0.0,0.0,0.0,0.0,0.0,0.049147527664899826,0.26993221044540405,0.0,0.0,0.0,0.0,0.0,0.0,0.12933439016342163,0.013419557362794876,0.1410406529903412,0.0,0.02047812007367611,-0.05038122460246086,0.054380498826503754,0.03180001676082611,0-2deg,0.00-0.04,0.0,0.0,0.0,0.0
199,36,False,False,0.3316967785358429,0.3214431703090668,0.0,0.0,9.979999542236328,0.5795524716377258,0.0647222250699997,-0.0034574735909700394,0.018168151378631592,0.1525549441576004,0.06572747975587845,0.27037563920021057,-0.016149917617440224,1.4030545949935913,0.29259011149406433,0.15146923065185547,0.13100972771644592,0.10-0.15,False,False,True,False,False,False,False,False,False,0.0,0.0,0.0,0.0,0.0,0.0,0.06572747975587845,0.26626938581466675,0.0,0.0,0.0,0.0,0.0,0.0,0.058172114193439484,0.018867725506424904,0.1513836830854416,0.0,-0.002585715614259243,0.009010178036987782,0.009373254142701626,0.010076611302793026,0-2deg,0.00-0.04,0.0,0.0,0.0,0.0
200,6,False,False,0.3184322118759155,0.3161609470844269,0.0,0.0,9.979999542236328,0.3905564546585083,0.06153290718793869,0.12634851038455963,0.008864320814609528,0.2043881118297577,0.04874255135655403,0.25986284017562866,0.11877802759408951,1.0375080108642578,0.2673488259315491,0.2041957974433899,0.029311006888747215,0.00-0.05,False,False,True,False,False,False,False,False,False,0.0,0.0,0.0,0.0,0.0,0.0,0.04874255135655403,0.25275981426239014,0.0,0.0,0.0,0.0,0.0,0.0,0.04004620388150215,0.007205799221992493,0.20426104962825775,0.0,0.03206660598516464,-0.012439289130270481,0.03439347445964813,0.04570982977747917,0-2deg,0.00-0.04,0.0,0.0,0.0,0.0
201,38,True,True,0.11207674443721771,0.11207674443721771,0.10561423003673553,0.11500932276248932,0.6800000071525574,2.8309011459350586,0.8650380969047546,0.039792995899915695,-0.09575341641902924,0.11500932276248932,0.10561423003673553,-0.019163908436894417,0.13539442420005798,1.2158714532852173,0.24141687154769897,0.06370578706264496,0.05474451184272766,0.05-0.10,False,True,False,True,True,False,False,False,True,0.11519964784383774,0.08817188441753387,0.6862366795539856,2.4038798809051514,2.4038798809051514,0.17999999225139618,0.10561423003673553,-0.01971893012523651,0.01971893012523651,0.014471384696662426,0.03491828590631485,0.037797555327415466,0.007056358736008406,0.17513716220855713,0.01675187237560749,-0.09782810509204865,0.06047152727842331,0.024038799107074738,0.013364875689148903,0.035066813230514526,0.03752686083316803,0.0073853954672813416,2-4deg,0.00-0.04,0.0,0.0,0.0,0.0
202,35,False,False,0.3811502456665039,0.31056085228919983,0.0,0.0,9.979999542236328,0.2682291269302368,0.049492910504341125,-0.09365838766098022,0.05785880237817764,0.22219236195087433,0.09086566418409348,0.3146025240421295,-0.1544557362794876,0.7700510025024414,0.2109665870666504,0.2145269364118576,0.16987323760986328,>=0.15,False,False,True,False,False,False,False,False,False,0.0,0.0,0.0,0.0,0.0,0.0,0.09086566418409348,0.2500747740268707,0.0,0.0,0.0,0.0,0.0,0.0,0.0780753642320633,0.07156630605459213,0.21035140752792358,0.0,-0.0162148829549551,0.08140367269515991,0.08299931138753891,0.03642459958791733,0-2deg,0.00-0.04,0.0,0.0006905339541845024,0.0,0.0
203,60,False,False,0.383436918258667,0.303418904542923,0.0,0.0,9.979999542236328,0.48889100551605225,0.05075594782829285,-0.01097755879163742,-0.03248033672571182,0.19930808246135712,0.012466328218579292,0.3282524049282074,0.022399606183171272,1.3085741996765137,0.23038093745708466,0.19664369523525238,0.07469962537288666,0.05-0.10,False,False,True,False,False,False,False,False,False,0.0,0.0,0.0,0.0,0.0,0.0,0.012466328218579292,0.248008593916893,0.0,0.0,0.0,0.0,0.0,0.0,0.03793295845389366,-0.03378940001130104,0.1964229792356491,0.0,0.007717280648648739,-0.05251987650990486,0.05308309942483902,0.062344957143068314,0-2deg,0.00-0.04,0.0,0.0,0.0,0.0
204,38,True,True,0.12218394130468369,0.11777707189321518,0.11694683134555817,0.08879490196704865,0.7400000095367432,3.140218496322632,0.9742980003356934,-0.00994860753417015,-0.04213215410709381,0.08879490196704865,0.11694683134555817,-0.019897278398275375,0.029345601797103882,0.9852613210678101,0.21750058233737946,0.07816275209188461,0.09841860830783844,0.05-0.10,False,True,False,True,True,False,False,False,True,0.11125747114419937,0.09310396015644073,0.5162402391433716,0.3710995018482208,0.3710995018482208,0.17999999225139618,0.11694683134555817,-0.019966935738921165,0.019966935738921165,-0.054200705140829086,0.001235757488757372,0.054214656352996826,0.022968649864196777,0.14140665531158447,0.0024657000321894884,-0.04594039171934128,0.07598693668842316,0.0037109949626028538,-0.05736562982201576,0.0010802277829498053,0.05737624317407608,0.01658220775425434,2-4deg,0.00-0.04,0.0,0.0,0.0,0.0
205,9,False,False,0.42470479011535645,0.3073931634426117,0.0,0.0,9.979999542236328,0.3249387741088867,0.06486839056015015,-0.05861356109380722,-0.05825956165790558,0.3217950463294983,0.07643457502126694,0.3631419539451599,-0.005870984401553869,0.8311057090759277,0.2098464071750641,0.31647729873657227,0.09988921880722046,0.05-0.10,False,False,True,False,False,False,False,False,False,0.0,0.0,0.0,0.0,0.0,0.0,0.07643457502126694,0.24198703467845917,0.0,0.0,0.0,0.0,0.0,0.0,0.06572694331407547,-0.07195395231246948,0.31364738941192627,0.0,0.035000454634428024,0.034998729825019836,0.049491576850414276,0.030854806303977966,0-2deg,0.00-0.04,0.0,0.0,0.0,0.0
206,19,True,False,0.248615100979805,0.11899800598621368,0.0,0.0,1.9799998998641968,2.778930425643921,0.3184162974357605,-0.1599092036485672,-0.0035550743341445923,0.21723203361034393,0.23380067944526672,-0.013063918799161911,-0.14183863997459412,1.4191808700561523,0.34081125259399414,0.21720294654369354,0.18870602548122406,>=0.15,True,True,False,True,False,False,False,True,True,0.11348142474889755,-0.16371099650859833,1.5636430978775024,1.8404556512832642,1.8404556512832642,0.0,0.23380067944526672,-0.02006738819181919,0.02006738819181919,0.032940879464149475,0.00040962581988424063,0.03294328972697258,0.025907982140779495,0.09966018795967102,0.34652411937713623,-0.002679213183000684,0.21721552312374115,0.018404556438326836,0.012278588488698006,0.010020126588642597,0.015848634764552116,0.03290095180273056,0-2deg,0.00-0.04,0.0,0.0,0.0,0.0
207,39,False,False,0.3841104507446289,0.34635138511657715,0.0,0.0,9.979999542236328,0.439105749130249,0.08457181602716446,0.05198683589696884,-0.060871049761772156,0.24329553544521332,0.011571288108825684,0.3289729952812195,0.11294315755367279,0.8675135970115662,0.27074238657951355,0.2355577051639557,0.22436641156673431,>=0.15,False,False,True,False,False,False,False,False,False,0.0,0.0,0.0,0.0,0.0,0.0,0.011571288108825684,0.2807570993900299,0.0,0.0,0.0,0.0,0.0,0.0,0.06267883628606796,-0.06605077534914017,0.23415809869766235,0.0,-0.026111721992492676,-0.031984418630599976,0.04128652438521385,0.03664175420999527,0-2deg,0.00-0.04,0.0,0.0,0.0,0.0
208,46,False,False,0.42442092299461365,0.29817062616348267,0.0,0.0,9.979999542236328,0.5350564122200012,0.08761903643608093,-0.0888948142528534,-0.029640279710292816,0.3058507442474365,0.04726796969771385,0.36711469292640686,-0.06324790418148041,1.2657134532928467,0.30194219946861267,0.3044111132621765,0.10688077658414841,0.10-0.15,False,False,True,False,False,False,False,False,False,0.0,0.0,0.0,0.0,0.0,0.0,0.04726796969771385,0.23406384885311127,0.0,0.0,0.0,0.0,0.0,0.0,0.07035497575998306,-0.03219754621386528,0.3041512668132782,0.0,-0.0026145153678953648,-0.01765165477991104,0.017844228073954582,0.00456151831895113,0-2deg,0.00-0.04,0.0,0.0,0.0,0.0
209,13,False,False,0.31324660778045654,0.3131787180900574,0.0,0.0,9.979999542236328,0.36460286378860474,0.06667899340391159,0.01801512949168682,0.011913014575839043,0.15146078169345856,0.06137872114777565,0.25236281752586365,0.00856990460306406,1.1296453475952148,0.28650858998298645,0.1509915441274643,0.039276693016290665,0.00-0.05,False,False,True,False,False,False,False,False,False,0.0,0.0,0.0,0.0,0.0,0.0,0.06137872114777565,0.25188183784484863,0.0,0.0,0.0,0.0,0.0,0.0,0.054967306554317474,0.0038145529106259346,0.1514127403497696,0.0,0.045967359095811844,-0.028589358553290367,0.05412768945097923,0.05664890632033348,0-2deg,0.00-0.04,0.0,0.0,0.0,0.0
210,53,False,False,0.4237271845340729,0.31093552708625793,0.0,0.0,8.960000038146973,0.38276195526123047,0.05680853873491287,-0.14291200041770935,0.0052188485860824585,0.12642835080623627,0.055707067251205444,0.3650414049625397,-0.14197957515716553,1.4437808990478516,0.2657098174095154,0.12632060050964355,0.24094855785369873,>=0.15,True,True,False,False,False,False,False,False,False,0.0,0.0,0.0,0.0,0.0,0.0,0.055707067251205444,0.234617218375206,0.0,0.0,0.0,0.0,0.0,0.0,0.06500056385993958,0.0059013389982283115,0.12629055976867676,0.0,0.0016111761797219515,0.008401570841670036,0.008555404841899872,0.04385365918278694,0-2deg,0.00-0.04,0.0,0.0,0.0,0.0
211,12,False,False,0.3484779894351959,0.3321739435195923,0.0,0.0,9.979999542236328,0.3248596787452698,0.06560715287923813,0.002900506602600217,0.031034857034683228,0.23711135983467102,0.07803373038768768,0.28463369607925415,-0.032161395996809006,1.456771731376648,0.25681155920028687,0.2350715547800064,0.23206061124801636,>=0.15,False,False,True,False,False,False,False,False,False,0.0,0.0,0.0,0.0,0.0,0.0,0.07803373038768768,0.2678919732570648,0.0,0.0,0.0,0.0,0.0,0.0,0.07303100824356079,0.01942586340010166,0.23631425201892853,0.0,-0.021275300532579422,0.04582629352807999,0.050520654767751694,0.013935125432908535,0-2deg,0.00-0.04,0.0,0.0,0.0,0.0
212,13,True,False,0.18232634663581848,0.1532302051782608,0.0,0.0,0.5799999833106995,3.187669277191162,1.3712440729141235,0.16844215989112854,0.1787271797657013,0.5743181705474854,0.17741826176643372,-0.01639297790825367,-0.004745480138808489,1.206566333770752,0.2095775604248047,0.5458003282546997,0.11686436086893082,0.10-0.15,True,True,False,True,False,False,False,True,True,0.17741826176643372,0.17745712399482727,0.5462145805358887,0.43764179944992065,0.43764179944992065,0.0,0.17741826176643372,-0.01639297790825367,0.01639297790825367,0.00011551453644642606,-0.07674068957567215,0.07674115896224976,0.036625370383262634,0.07027013599872589,0.07027013599872589,0.17745712399482727,0.5462145805358887,0.0043764179572463036,0.00011551453644642606,-0.07674068957567215,0.07674115896224976,0.036625370383262634,4-6deg,0.00-0.04,0.0,0.0,0.0,0.0
213,42,False,False,0.32429561018943787,0.32429561018943787,0.0,0.0,9.979999542236328,0.4826086163520813,0.055565569549798965,0.06749684363603592,-0.06016607582569122,0.10113093256950378,0.09595903009176254,0.2554332911968231,0.13367246091365814,0.9506658315658569,0.249847412109375,0.08128657191991806,0.11630531400442123,0.10-0.15,False,False,True,False,False,False,False,False,False,0.0,0.0,0.0,0.0,0.0,0.0,0.09595903009176254,0.2554332911968231,0.0,0.0,0.0,0.0,0.0,0.0,0.07255814224481583,-0.05841422080993652,0.08255448192358017,0.0,-0.06935323774814606,0.012800122611224651,0.07052265852689743,0.06101209670305252,0-2deg,0.00-0.04,0.0,0.0,0.0,0.0
214,23,False,False,0.4266290068626404,0.3494599759578705,0.0,0.0,9.559999465942383,0.5517258048057556,0.08530617505311966,-0.08719668537378311,-0.08488678932189941,0.34051281213760376,0.17913857102394104,0.3329043388366699,-0.008811015635728836,0.9554015398025513,0.279984712600708,0.32976233959198,0.2645086944103241,>=0.15,True,True,False,False,False,False,False,False,False,0.0,0.0,0.0,0.0,0.0,0.0,0.17913857102394104,0.27908802032470703,0.0,0.0,0.0,0.0,0.0,0.0,0.06985976547002792,-0.08440836519002914,0.3298851251602173,0.0,0.002557608764618635,0.021970117464661598,0.022119106724858284,0.022338183596730232,0-2deg,0.00-0.04,0.0,0.0,0.0,0.0
215,1,False,False,0.4003393054008484,0.33640241622924805,0.0,0.0,9.979999542236328,0.16061846911907196,0.040365032851696014,-0.03558572009205818,0.06101301684975624,0.2232438027858734,0.052189163863658905,0.34221234917640686,-0.09581727534532547,0.8023903369903564,0.19315731525421143,0.21474452316761017,0.14993536472320557,0.10-0.15,False,False,True,False,False,False,False,False,False,0.0,0.0,0.0,0.0,0.0,0.0,0.052189163863658905,0.26992273330688477,0.0,0.0,0.0,0.0,0.0,0.0,0.05667451024055481,0.05018479377031326,0.21752996742725372,0.0,-0.0419410839676857,0.047132495790719986,0.06308101862668991,0.04518650472164154,0-2deg,0.00-0.04,0.0,0.0,0.0,0.0
216,2,False,False,0.3449028432369232,0.3181363344192505,0.0,0.0,9.979999542236328,0.27772077918052673,0.05378994345664978,0.0863981544971466,-0.0744488537311554,0.21704530715942383,0.1364755928516388,0.26251691579818726,0.15663361549377441,0.7102465033531189,0.20811915397644043,0.2038775086402893,0.14470459520816803,0.10-0.15,False,False,True,False,False,False,False,False,False,0.0,0.0,0.0,0.0,0.0,0.0,0.1364755928516388,0.26251691579818726,0.0,0.0,0.0,0.0,0.0,0.0,0.04952771216630936,-0.08625805377960205,0.19916881620883942,0.0,0.043993350118398666,0.047934774309396744,0.06505100429058075,0.04540484771132469,0-2deg,0.00-0.04,0.0,0.0,0.0,0.0
217,3,False,False,0.39763712882995605,0.2977552115917206,0.0,0.0,9.979999542236328,0.3683324456214905,0.06311682611703873,-0.09767252206802368,-0.014355063438415527,0.2764180302619934,0.0649246945977211,0.33756181597709656,-0.08461476117372513,0.8559243083000183,0.23964464664459229,0.276045024394989,0.05007024109363556,0.05-0.10,False,False,True,False,False,False,False,False,False,0.0,0.0,0.0,0.0,0.0,0.0,0.0649246945977211,0.2381523996591568,0.0,0.0,0.0,0.0,0.0,0.0,0.047740112990140915,-0.011875806376338005,0.2761628031730652,0.0,0.002420714357867837,0.009307258762419224,0.009618062525987625,0.0011472845217213035,0-2deg,0.00-0.04,0.0,0.0,0.0,0.0
218,4,False,False,0.3492904603481293,0.31171199679374695,0.0,0.0,9.979999542236328,0.6048343181610107,0.08582999557256699,0.05967055261135101,-0.056194059550762177,0.14001958072185516,0.08533021807670593,0.28437381982803345,0.12091552466154099,0.802747368812561,0.2865368723869324,0.12824863195419312,0.1949271559715271,>=0.15,False,False,True,False,False,False,False,False,False,0.0,0.0,0.0,0.0,0.0,0.0,0.08533021807670593,0.23814789950847626,0.0,0.0,0.0,0.0,0.0,0.0,0.12607897818088531,-0.049467723816633224,0.1309901773929596,0.0,0.057698626071214676,-0.056905608624219894,0.08101726323366165,0.003166988492012024,0-2deg,0.00-0.04,0.0,0.0,0.0,0.0
219,5,False,False,0.3837355375289917,0.31716418266296387,0.0,0.0,9.979999542236328,0.3586482107639313,0.04625152423977852,-0.128490149974823,0.04671251028776169,0.1040332168340683,0.01827775314450264,0.32847800850868225,-0.16944560408592224,1.4299569129943848,0.2529473900794983,0.09295618534088135,0.169460266828537,>=0.15,False,False,True,False,False,False,False,False,False,0.0,0.0,0.0,0.0,0.0,0.0,0.01827775314450264,0.2513267397880554,0.0,0.0,0.0,0.0,0.0,0.0,0.06596608459949493,0.03993844613432884,0.0960615947842598,0.0,0.07749313861131668,-0.0034174667671322823,0.07756859064102173,0.026326080784201622,0-2deg,0.00-0.04,0.0,0.0,0.0,0.0
220,7,False,False,0.4088650941848755,0.3013168275356293,0.0,0.0,9.979999542236328,0.28720536828041077,0.055796872824430466,-0.04563666507601738,-0.014280509203672409,0.08578874915838242,0.0627407655119896,0.3493625521659851,-0.02536957524716854,1.541070580482483,0.26155248284339905,0.0845918208360672,0.155633345246315,>=0.15,False,False,True,False,False,False,False,False,False,0.0,0.0,0.0,0.0,0.0,0.0,0.0627407655119896,0.2383519560098648,0.0,0.0,0.0,0.0,0.0,0.0,0.05404830724000931,-0.01642415300011635,0.084201879799366,0.0,0.03468525782227516,0.025816775858402252,0.043234873563051224,0.04867953434586525,0-2deg,0.00-0.04,0.0,0.0,0.0,0.0
221,8,False,False,0.40395933389663696,0.31517893075942993,0.0,0.0,9.979999542236328,0.5850724577903748,0.08730773627758026,-0.05983629450201988,0.03570767492055893,0.10512834787368774,0.06277294456958771,0.3440384268760681,-0.0907958447933197,1.1866018772125244,0.2938905358314514,0.09887836873531342,0.1711600124835968,>=0.15,False,False,True,False,False,False,False,False,False,0.0,0.0,0.0,0.0,0.0,0.0,0.06277294456958771,0.25093910098075867,0.0,0.0,0.0,0.0,0.0,0.0,0.02923273853957653,0.03067873977124691,0.10055239498615265,0.0,-0.07346459478139877,0.0066188848577439785,0.07376173883676529,0.021431099623441696,0-2deg,0.00-0.04,0.0,0.0,0.0,0.0
222,10,False,False,0.31542912125587463,0.31542912125587463,0.0,0.0,9.979999542236328,0.3709644079208374,0.0635611042380333,0.0686098262667656,-0.07229070365428925,0.1763540357351303,0.07093051075935364,0.2522810995578766,0.14162249863147736,0.9604848027229309,0.24976103007793427,0.1608564555644989,0.10993601381778717,0.10-0.15,False,False,True,False,False,False,False,False,False,0.0,0.0,0.0,0.0,0.0,0.0,0.07093051075935364,0.2522810995578766,0.0,0.0,0.0,0.0,0.0,0.0,0.02195953018963337,-0.07669899612665176,0.15880179405212402,0.0,0.029108431190252304,-0.032331984490156174,0.0435015894472599,0.013037236407399178,0-2deg,0.00-0.04,0.0,0.0,0.0,0.0
223,11,False,False,0.3172394633293152,0.3159829080104828,0.0,0.0,9.979999542236328,0.25196731090545654,0.05075986683368683,0.10518937557935715,-0.06640023738145828,0.08399409800767899,0.02721351571381092,0.26095736026763916,0.17098203301429749,1.3268852233886719,0.2571623623371124,0.05143945664167404,0.04845099151134491,0.00-0.05,False,False,True,False,False,False,False,False,False,0.0,0.0,0.0,0.0,0.0,0.0,0.02721351571381092,0.2559804618358612,0.0,0.0,0.0,0.0,0.0,0.0,0.050867658108472824,-0.0663437768816948,0.05151224881410599,0.0,-0.005663353484123945,0.044799722731113434,0.04515599459409714,0.04218435660004616,0-2deg,0.00-0.04,0.0,0.0,0.0,0.0
224,14,False,False,0.416323721408844,0.3332275450229645,0.0,0.0,9.979999542236328,0.3593843877315521,0.0795159786939621,-0.08217498660087585,0.05229143798351288,0.2308390736579895,0.15045778453350067,0.33418843150138855,-0.13275106251239777,0.6767382025718689,0.22457805275917053,0.22483834624290466,0.23068855702877045,>=0.15,False,False,True,False,False,False,False,False,False,0.0,0.0,0.0,0.0,0.0,0.0,0.15045778453350067,0.2753100097179413,0.0,0.0,0.0,0.0,0.0,0.0,0.07493966817855835,0.04782953858375549,0.2258296012878418,0.0,0.025481222197413445,-0.03260444104671478,0.04137740656733513,0.02790394052863121,0-2deg,0.00-0.04,0.0,0.0,0.0,0.0
225,15,False,False,0.38271772861480713,0.32692334055900574,0.0,0.0,9.979999542236328,0.6286326050758362,0.06889688223600388,-0.06688088178634644,0.010629110038280487,0.28834688663482666,0.06068161129951477,0.3228994905948639,-0.07969784736633301,2.0377421379089355,0.33094871044158936,0.28815093636512756,0.07371307909488678,0.05-0.10,False,False,True,False,False,False,False,False,False,0.0,0.0,0.0,0.0,0.0,0.0,0.06068161129951477,0.26239028573036194,0.0,0.0,0.0,0.0,0.0,0.0,0.047492168843746185,0.02398543432354927,0.28734755516052246,0.0,0.007689108606427908,-0.07481259852647781,0.07520589977502823,0.0054818312637507915,0-2deg,0.00-0.04,0.0,0.0,0.0,0.0
226,16,False,False,0.4212411642074585,0.3218032717704773,0.0,0.0,9.979999542236328,0.2662094533443451,0.06432009488344193,-0.15362615883350372,-0.11925733089447021,0.24960985779762268,0.1394946128129959,0.3438468277454376,-0.02867545187473297,0.9508281946182251,0.2619132995605469,0.21927784383296967,0.19950610399246216,>=0.15,False,False,True,False,False,False,False,False,False,0.0,0.0,0.0,0.0,0.0,0.0,0.1394946128129959,0.2466425746679306,0.0,0.0,0.0,0.0,0.0,0.0,0.10341013967990875,-0.11718755215406418,0.2203909307718277,0.0,-3.4742763091344386e-05,0.010033073835074902,0.010030627250671387,0.019017567858099937,0-2deg,0.00-0.04,0.0,0.0,0.0,0.0
227,17,False,False,0.3697378933429718,0.3184415102005005,0.0,0.0,9.979999542236328,0.44667911529541016,0.07976964116096497,0.04820818454027176,-0.04249090701341629,0.06521701067686081,0.03758098930120468,0.3128737211227417,0.09363391250371933,0.6210514307022095,0.23703575134277344,0.0494750551879406,0.1469046026468277,0.10-0.15,False,False,True,False,False,False,False,False,False,0.0,0.0,0.0,0.0,0.0,0.0,0.03758098930120468,0.25131556391716003,0.0,0.0,0.0,0.0,0.0,0.0,0.051942989230155945,-0.04594149813055992,0.0462886206805706,0.0,-0.045906223356723785,-0.06321451812982559,0.07810670137405396,0.02394125424325466,0-2deg,0.00-0.04,0.0,0.0,0.0,0.0
228,18,False,False,0.42071932554244995,0.315065860748291,0.0,0.0,9.979999542236328,0.8345683813095093,0.08673948794603348,-0.054358236491680145,0.044573619961738586,0.2513333857059479,0.04319258779287338,0.3640914559364319,-0.10324712842702866,2.1574478149414062,0.36036136746406555,0.24734927713871002,0.16052111983299255,>=0.15,False,False,True,False,False,False,False,False,False,0.0,0.0,0.0,0.0,0.0,0.0,0.04319258779287338,0.2471475750207901,0.0,0.0,0.0,0.0,0.0,0.0,0.12160152941942215,0.020099829882383347,0.25052839517593384,0.0,0.07673519104719162,0.06237666308879852,0.09885115921497345,0.016774732619524002,0-2deg,0.00-0.04,0.0,0.0,0.0,0.0
229,21,False,False,0.33201709389686584,0.3071459233760834,0.0,0.0,9.979999542236328,0.45580196380615234,0.06957194954156876,0.053573112934827805,-0.05881163477897644,0.0779382586479187,0.09427575021982193,0.263828307390213,0.11402199417352676,1.6725341081619263,0.2889787554740906,0.051142580807209015,0.13221624493598938,0.10-0.15,False,False,True,False,False,False,False,False,False,0.0,0.0,0.0,0.0,0.0,0.0,0.09427575021982193,0.24787203967571259,0.0,0.0,0.0,0.0,0.0,0.0,0.04327346757054329,-0.0589175745844841,0.05102050304412842,0.0,-0.027839312329888344,-0.018353942781686783,0.03334439918398857,0.01935769058763981,0-2deg,0.00-0.04,0.0,0.0,0.0,0.0
230,22,False,False,0.3977213501930237,0.30609169602394104,0.0,0.0,9.979999542236328,0.44318512082099915,0.05377646163105965,-0.02802465856075287,-0.045784998685121536,0.26462528109550476,0.03781922161579132,0.340982586145401,0.0147132258862257,1.2352367639541626,0.23252658545970917,0.2606343924999237,0.12704013288021088,0.10-0.15,False,False,True,False,False,False,False,False,False,0.0,0.0,0.0,0.0,0.0,0.0,0.03781922161579132,0.24975650012493134,0.0,0.0,0.0,0.0,0.0,0.0,0.03137882053852081,-0.050749775022268295,0.2597133219242096,0.0,-0.009878480806946754,-0.023014124482870102,0.025043819099664688,0.050883304327726364,0-2deg,0.00-0.04,0.0,0.0006905339541845024,0.0,0.0
231,24,False,False,0.4064476191997528,0.32195356488227844,0.0,0.0,9.979999542236328,0.6987903118133545,0.08263317495584488,-0.07415060698986053,0.08365355432033539,0.1688418686389923,0.05745408311486244,0.34750235080718994,-0.15116286277770996,1.2920801639556885,0.2932717502117157,0.14666171371936798,0.23158162832260132,>=0.15,False,False,True,False,False,False,False,False,False,0.0,0.0,0.0,0.0,0.0,0.0,0.05745408311486244,0.24304087460041046,0.0,0.0,0.0,0.0,0.0,0.0,0.05333302915096283,0.08469706773757935,0.14606156945228577,0.0,0.008678010664880276,0.0005878793890587986,0.008700480684638023,0.008129432797431946,0-2deg,0.00-0.04,0.0,0.0,0.0,0.0
232,25,False,False,0.3913450837135315,0.32313627004623413,0.0,0.0,9.979999542236328,0.5269205570220947,0.0809754952788353,-0.11432848870754242,0.05511173605918884,0.2748265266418457,0.013025657273828983,0.3361316919326782,-0.17230239510536194,0.8332506418228149,0.26600420475006104,0.269243985414505,0.20047396421432495,>=0.15,False,False,True,False,False,False,False,False,False,0.0,0.0,0.0,0.0,0.0,0.0,0.013025657273828983,0.24712882936000824,0.0,0.0,0.0,0.0,0.0,0.0,0.02305079810321331,0.055423226207494736,0.2691799998283386,0.0,0.042713552713394165,0.007609082385897636,0.04338492825627327,0.015386266633868217,0-2deg,0.00-0.04,0.0,0.0,0.0,0.0
233,26,False,False,0.34297242760658264,0.3150032162666321,0.0,0.0,9.979999542236328,0.5851070880889893,0.07634588330984116,0.04857680946588516,0.047075431793928146,0.11793772131204605,0.09036794304847717,0.2763916552066803,0.0031745939049869776,0.7006242871284485,0.23053932189941406,0.10813514143228531,0.1993226408958435,>=0.15,False,False,True,False,False,False,False,False,False,0.0,0.0,0.0,0.0,0.0,0.0,0.09036794304847717,0.24843867123126984,0.0,0.0,0.0,0.0,0.0,0.0,0.06765174865722656,0.04720627889037132,0.10807808488607407,0.0,-0.04375041276216507,0.04151762276887894,0.06030544638633728,0.033787406980991364,0-2deg,0.00-0.04,0.0,0.0,0.0,0.0
234,27,False,False,0.38285213708877563,0.3103039264678955,0.0,0.0,9.979999542236328,0.3522398769855499,0.07013799250125885,-0.14587481319904327,0.02753777801990509,0.28413277864456177,0.09381935000419617,0.31664812564849854,-0.176377072930336,0.718154788017273,0.23080560564994812,0.28279516100883484,0.15851756930351257,>=0.15,False,False,True,False,False,False,False,False,False,0.0,0.0,0.0,0.0,0.0,0.0,0.09381935000419617,0.2416442185640335,0.0,0.0,0.0,0.0,0.0,0.0,0.04908265918493271,0.0347398966550827,0.2820010483264923,0.0,0.009849444963037968,0.023629507049918175,0.025599399581551552,0.011294767260551453,0-2deg,0.00-0.04,0.0,0.0,0.0,0.0
235,28,False,False,0.351241797208786,0.3254474401473999,0.0,0.0,9.979999542236328,0.31821978092193604,0.04159869998693466,0.08818420767784119,0.026766955852508545,0.13596168160438538,0.08135614544153214,0.2870846390724182,0.060189057141542435,0.8284609317779541,0.2123768925666809,0.1333008110523224,0.255151629447937,>=0.15,False,False,True,False,False,False,False,False,False,0.0,0.0,0.0,0.0,0.0,0.0,0.08135614544153214,0.24835379421710968,0.0,0.0,0.0,0.0,0.0,0.0,0.05436623841524124,0.027483787387609482,0.13315488398075104,0.0,0.029867585748434067,0.03851019963622093,0.04873029887676239,0.017430951818823814,0-2deg,0.00-0.04,0.0,0.0,0.0,0.0
236,29,False,False,0.36076274514198303,0.32442203164100647,0.0,0.0,9.979999542236328,0.42174065113067627,0.07809785008430481,-0.06731055676937103,0.07752329856157303,0.13603608310222626,0.11727981269359589,0.2864730656147003,-0.14450819790363312,1.352649211883545,0.30212631821632385,0.11178531497716904,0.2075033336877823,>=0.15,False,False,True,False,False,False,False,False,False,0.0,0.0,0.0,0.0,0.0,0.0,0.11727981269359589,0.2607337236404419,0.0,0.0,0.0,0.0,0.0,0.0,0.02809513546526432,0.07836627215147018,0.11119598150253296,0.0,0.009062491357326508,0.0047861733473837376,0.010248136706650257,0.034064583480358124,0-2deg,0.00-0.04,0.0,0.0,0.0,0.0
237,30,False,False,0.33641883730888367,0.3309248685836792,0.0,0.0,9.979999542236328,0.36899739503860474,0.07550807297229767,0.005046831909567118,0.009828086942434311,0.19631636142730713,0.032591331750154495,0.2798275351524353,-0.0069508845917880535,0.6499830484390259,0.2568236291408539,0.19607019424438477,0.18410564959049225,>=0.15,False,False,True,False,False,False,False,False,False,0.0,0.0,0.0,0.0,0.0,0.0,0.032591331750154495,0.27143171429634094,0.0,0.0,0.0,0.0,0.0,0.0,0.04361793398857117,0.004151653498411179,0.19627244770526886,0.0,0.009537449106574059,-0.027349498122930527,0.028964364901185036,0.020774610340595245,0-2deg,0.00-0.04,0.0,0.0,0.0,0.0
238,31,False,False,0.36186346411705017,0.3228553235530853,0.0,0.0,9.979999542236328,0.2155444622039795,0.05242414399981499,0.10922657698392868,-0.03407911956310272,0.17155291140079498,0.05394035577774048,0.3025857210159302,0.14648805558681488,0.5011560916900635,0.21307390928268433,0.1681339144706726,0.1933038979768753,>=0.15,False,False,True,False,False,False,False,False,False,0.0,0.0,0.0,0.0,0.0,0.0,0.05394035577774048,0.2509050965309143,0.0,0.0,0.0,0.0,0.0,0.0,0.07431932538747787,-0.02583198808133602,0.16959689557552338,0.0,-0.04815002158284187,-0.013297205790877342,0.04995090141892433,0.042976755648851395,0-2deg,0.00-0.04,0.0,0.0,0.0,0.0
239,32,False,False,0.3852580785751343,0.3027716875076294,0.0,0.0,9.979999542236328,0.32634037733078003,0.06691823154687881,-0.025887882336974144,-0.08729040622711182,0.2755071222782135,0.03953655809164047,0.32824933528900146,0.06158630922436714,0.7769507765769958,0.22602975368499756,0.2613131105899811,0.04480605199933052,0.00-0.05,False,False,True,False,False,False,False,False,False,0.0,0.0,0.0,0.0,0.0,0.0,0.03953655809164047,0.2466149479150772,0.0,0.0,0.0,0.0,0.0,0.0,0.020973755046725273,-0.08458299934864044,0.2622019648551941,0.0,0.025531454011797905,0.023852156475186348,0.03493863344192505,0.01709359511733055,0-2deg,0.00-0.04,0.0,0.0,0.0,0.0
240,33,False,False,0.35058489441871643,0.30978551506996155,0.0,0.0,9.979999542236328,0.6323840618133545,0.06788051873445511,-0.03436674922704697,0.09963520616292953,0.19471721351146698,0.09225254505872726,0.28326642513275146,-0.1307370513677597,0.9490281939506531,0.23419201374053955,0.16729500889778137,0.1878998577594757,>=0.15,False,False,True,False,False,False,False,False,False,0.0,0.0,0.0,0.0,0.0,0.0,0.09225254505872726,0.23741881549358368,0.0,0.0,0.0,0.0,0.0,0.0,0.00991106778383255,0.09384600818157196,0.17060986161231995,0.0,0.03502560779452324,0.02654569037258625,0.04394477978348732,0.011433050967752934,0-2deg,0.00-0.04,0.0,0.0,0.0,0.0
241,34,False,False,0.32533541321754456,0.31647220253944397,0.0,0.0,9.979999542236328,0.5062779188156128,0.08034554123878479,0.09311752021312714,-0.026823215186595917,0.06879881769418716,0.019959555938839912,0.26977938413619995,0.12246381491422653,0.6613004803657532,0.23120753467082977,0.0633544996380806,0.12673166394233704,0.10-0.15,False,False,True,False,False,False,False,False,False,0.0,0.0,0.0,0.0,0.0,0.0,0.019959555938839912,0.25644317269325256,0.0,0.0,0.0,0.0,0.0,0.0,0.040450602769851685,-0.030144069343805313,0.061843451112508774,0.0,0.0008939885883592069,-0.05657393857836723,0.05658078193664551,0.04990262910723686,0-2deg,0.00-0.04,0.0,0.0,0.0,0.0
242,37,False,False,0.3215685486793518,0.3078420162200928,0.0,0.0,9.979999542236328,0.6469622254371643,0.08680170029401779,0.054846085608005524,0.07115474343299866,0.11307293176651001,0.1064360961318016,0.24884434044361115,-0.018546827137470245,1.1717581748962402,0.30258145928382874,0.08787770569324493,0.19541902840137482,>=0.15,False,False,True,False,False,False,False,False,False,0.0,0.0,0.0,0.0,0.0,0.0,0.1064360961318016,0.23100240528583527,0.0,0.0,0.0,0.0,0.0,0.0,0.0346834622323513,0.07395978271961212,0.0855303406715393,0.0,0.033060189336538315,0.007555119693279266,0.03391169384121895,0.03696040064096451,0-2deg,0.00-0.04,0.0,0.0,0.0,0.0
243,40,False,False,0.3367392122745514,0.33642086386680603,0.0,0.0,9.979999542236328,0.38853874802589417,0.052190955728292465,0.06496967375278473,-0.04004877060651779,0.20617274940013885,0.10756119340658188,0.2646750807762146,0.10679619014263153,0.9473004937171936,0.23083685338497162,0.20224563777446747,0.21663439273834229,>=0.15,False,False,True,False,False,False,False,False,False,0.0,0.0,0.0,0.0,0.0,0.0,0.10756119340658188,0.2646750807762146,0.0,0.0,0.0,0.0,0.0,0.0,0.08753456920385361,-0.03989101201295853,0.202276811003685,0.0,-0.024610571563243866,0.032582662999629974,0.04083056375384331,0.0282903965562582,0-2deg,0.00-0.04,0.0,0.0,0.0,0.0
244,41,False,False,0.40254658460617065,0.32736441493034363,0.0,0.0,9.979999542236328,0.16906626522541046,0.051440220326185226,-0.0487525537610054,0.024052269756793976,0.11588722467422485,0.07737214118242264,0.3404460549354553,-0.06663738191127777,0.718721866607666,0.1909702867269516,0.11336374282836914,0.2181757092475891,>=0.15,False,False,True,False,False,False,False,False,False,0.0,0.0,0.0,0.0,0.0,0.0,0.07737214118242264,0.26200783252716064,0.0,0.0,0.0,0.0,0.0,0.0,0.054664868861436844,0.021798541769385338,0.11381859332323074,0.0,-0.02949441410601139,-0.014016206376254559,0.0326542891561985,0.024541214108467102,0-2deg,0.00-0.04,0.0,0.0,0.0,0.0
245,44,False,False,0.3987414240837097,0.33589786291122437,0.0,0.0,9.979999542236328,0.4670899510383606,0.06662451475858688,0.03495806083083153,-0.05694480985403061,0.25494036078453064,0.01631776988506317,0.34342533349990845,0.09128156304359436,1.1727616786956787,0.2653702199459076,0.24849925935268402,0.21206200122833252,>=0.15,False,False,True,False,False,False,False,False,False,0.0,0.0,0.0,0.0,0.0,0.0,0.01631776988506317,0.2596803903579712,0.0,0.0,0.0,0.0,0.0,0.0,0.04135434329509735,-0.06637901812791824,0.24614715576171875,0.0,0.02556142583489418,-0.028937937691807747,0.03860905393958092,0.03660163655877113,0-2deg,0.00-0.04,0.0,0.0,0.0,0.0
246,45,False,False,0.4143890142440796,0.32187986373901367,0.0,0.0,9.979999542236328,0.28812986612319946,0.04618005082011223,-0.06605596095323563,0.034376878291368484,0.17136898636817932,0.037973467260599136,0.3576078712940216,-0.09155672788619995,1.2159476280212402,0.24838575720787048,0.16788555681705475,0.20303870737552643,>=0.15,False,False,True,False,False,False,False,False,False,0.0,0.0,0.0,0.0,0.0,0.0,0.037973467260599136,0.2503601014614105,0.0,0.0,0.0,0.0,0.0,0.0,0.06508033722639084,0.027470065280795097,0.16915296018123627,0.0,-0.0291345976293087,0.028894921764731407,0.04103012755513191,0.013121121563017368,0-2deg,0.00-0.04,0.0,0.0,0.0,0.0
247,47,False,False,0.3184734582901001,0.3150055706501007,0.0,0.0,9.979999542236328,0.17289799451828003,0.054957158863544464,0.1355913281440735,-0.00746193528175354,0.17544174194335938,0.03455711901187897,0.26171985268592834,0.14342956244945526,0.3714238703250885,0.1631823033094406,0.17528298497200012,0.18298092484474182,>=0.15,False,False,True,False,False,False,False,False,False,0.0,0.0,0.0,0.0,0.0,0.0,0.03455711901187897,0.2573564052581787,0.0,0.0,0.0,0.0,0.0,0.0,0.029645830392837524,-0.0024053379893302917,0.17542526125907898,0.0,0.0074671171605587006,-0.028063176199793816,0.029038364067673683,0.03106549009680748,0-2deg,0.00-0.04,0.0,0.0,0.0,0.0
248,49,False,False,0.3437131643295288,0.3249853551387787,0.0,0.0,9.979999542236328,0.33384305238723755,0.07751722633838654,0.09122133255004883,-0.08863432705402374,0.27197083830833435,0.0702783465385437,0.2822614312171936,0.1810092329978943,0.8401896953582764,0.25666773319244385,0.2571227252483368,0.1029072254896164,0.10-0.15,False,False,True,False,False,False,False,False,False,0.0,0.0,0.0,0.0,0.0,0.0,0.0702783465385437,0.2696847915649414,0.0,0.0,0.0,0.0,0.0,0.0,0.09507834166288376,-0.0910978615283966,0.2562602460384369,0.0,-0.06194384768605232,-0.008617321029305458,0.06253974884748459,0.04917249083518982,0-2deg,0.00-0.04,0.0,0.0006905339541845024,0.0,0.0
249,50,False,False,0.35050487518310547,0.3128436505794525,0.0,0.0,9.979999542236328,0.3844587802886963,0.05638899654150009,0.08487223088741302,-0.03573144972324371,0.08104688674211502,0.09502674639225006,0.2826792299747467,0.12112873792648315,1.176182746887207,0.2627266049385071,0.072745181620121,0.15837599337100983,>=0.15,False,False,True,False,False,False,False,False,False,0.0,0.0,0.0,0.0,0.0,0.0,0.09502674639225006,0.2479443997144699,0.0,0.0,0.0,0.0,0.0,0.0,0.031741492450237274,-0.03827158734202385,0.07144147157669067,0.0,-0.03619590774178505,0.011568514630198479,0.03799891471862793,0.03854890912771225,0-2deg,0.00-0.04,0.0,0.0,0.0,0.0
250,51,False,False,0.3278151750564575,0.316727876663208,0.0,0.0,9.979999542236328,0.3955264091491699,0.0910499170422554,0.10528537631034851,-0.07322434335947037,0.255779504776001,0.07644600421190262,0.26483991742134094,0.1763772815465927,0.8498804569244385,0.2725643515586853,0.24507418274879456,0.06216094642877579,0.05-0.10,False,False,True,False,False,False,False,False,False,0.0,0.0,0.0,0.0,0.0,0.0,0.07644600421190262,0.24835442006587982,0.0,0.0,0.0,0.0,0.0,0.0,0.12962430715560913,-0.050775960087776184,0.25068897008895874,0.0,0.08120682090520859,0.04652934893965721,0.09356707334518433,0.04448356851935387,0-2deg,0.00-0.04,0.0,0.0,0.0,0.0
251,52,False,False,0.37402209639549255,0.3225918412208557,0.0,0.0,9.979999542236328,0.35213181376457214,0.07662761211395264,-0.06293968111276627,0.08021529018878937,0.20513369143009186,0.10266855359077454,0.30441972613334656,-0.14881303906440735,0.5589853525161743,0.2216556966304779,0.18879973888397217,0.1564103662967682,>=0.15,False,False,True,False,False,False,False,False,False,0.0,0.0,0.0,0.0,0.0,0.0,0.10266855359077454,0.2641330659389496,0.0,0.0,0.0,0.0,0.0,0.0,0.02716744691133499,0.08518078923225403,0.1866120845079422,0.0,0.0005385552649386227,0.03280934318900108,0.03281455114483833,0.06331031769514084,0-2deg,0.00-0.04,0.0,0.0,0.0,0.0
252,54,False,False,0.33752965927124023,0.32709434628486633,0.0,0.0,9.979999542236328,0.3995169401168823,0.06290183216333389,0.0350789837539196,-0.11501157283782959,0.2518189251422882,0.0918722003698349,0.2699163258075714,0.1512719690799713,1.2091602087020874,0.28085505962371826,0.2240203469991684,0.15866464376449585,>=0.15,False,False,True,False,False,False,False,False,False,0.0,0.0,0.0,0.0,0.0,0.0,0.0918722003698349,0.259285569190979,0.0,0.0,0.0,0.0,0.0,0.0,0.03475385904312134,-0.11338581144809723,0.22484758496284485,0.0,0.024775860831141472,0.0007090424187481403,0.024785418063402176,0.010230815038084984,0-2deg,0.00-0.04,0.0,0.0,0.0,0.0
253,55,False,False,0.32685586810112,0.3143945038318634,0.0,0.0,9.979999542236328,0.43722015619277954,0.06200799718499184,0.08423442393541336,-0.09802387654781342,0.2166399210691452,0.08669770509004593,0.2600230574607849,0.1832626909017563,0.5171160697937012,0.19774506986141205,0.1931946575641632,0.16855235397815704,>=0.15,False,False,True,False,False,False,False,False,False,0.0,0.0,0.0,0.0,0.0,0.0,0.08669770509004593,0.2464250773191452,0.0,0.0,0.0,0.0,0.0,0.0,0.05032790079712868,-0.09554855525493622,0.19443079829216003,0.0,0.019640754908323288,0.004950117319822311,0.02025371976196766,0.023914789780974388,0-2deg,0.00-0.04,0.0,0.0,0.0,0.0
254,56,False,False,0.32869696617126465,0.3078574240207672,0.0,0.0,9.979999542236328,0.6513994932174683,0.07645390927791595,0.04194620996713638,0.06424790620803833,0.1910448968410492,0.026214657351374626,0.2726171016693115,-0.023498665541410446,1.0452693700790405,0.2528792917728424,0.17991764843463898,0.07752656936645508,0.05-0.10,False,False,True,False,False,False,False,False,False,0.0,0.0,0.0,0.0,0.0,0.0,0.026214657351374626,0.24802003800868988,0.0,0.0,0.0,0.0,0.0,0.0,0.06857653707265854,0.07600653171539307,0.1752745360136032,0.0,-0.07697367668151855,0.0014028806472197175,0.07698645442724228,0.03311562538146973,0-2deg,0.00-0.04,0.0,0.0,0.0,0.0
255,57,False,False,0.4298936128616333,0.3047698438167572,0.0,0.0,9.979999542236328,1.4695255756378174,0.11535264551639557,-0.04896814003586769,-0.028208736330270767,0.29836297035217285,0.038718488067388535,0.3735587000846863,-0.02471614070236683,2.20733642578125,0.37925004959106445,0.29702645540237427,0.1474432498216629,0.10-0.15,False,False,True,False,False,False,False,False,False,0.0,0.0,0.0,0.0,0.0,0.0,0.038718488067388535,0.24383382499217987,0.0,0.0,0.0,0.0,0.0,0.0,0.08988993614912033,-0.04380367323756218,0.2951299548149109,0.0,0.04078778624534607,-0.04545848071575165,0.06106514856219292,0.06004256382584572,0-2deg,0.00-0.04,0.0,0.0006905339541845024,0.0,0.0
