episode,env_id,align_success,success,final_distance,min_distance,touchdown_distance,touchdown_rel_vel,landing_time,max_descent_speed,mean_descent_speed,final_vertical_speed,terminal_vertical_relative_speed,terminal_relative_speed,terminal_horizontal_error,terminal_surface_clearance,terminal_pad_vertical_speed,max_horizontal_speed,mean_horizontal_speed,final_horizontal_speed,pad_speed,pad_speed_bucket,crash,terminated,time_out,contact_success,settled_landing,hard_contact,ground_crash,deck_miss,first_contact_seen,first_contact_xy_error_deck_frame,first_contact_normal_rel_speed,first_contact_tangential_rel_speed,first_contact_force,max_contact_force,settle_time,terminal_xy_error,minimum_surface_clearance,maximum_penetration,first_contact_deck_roll,first_contact_deck_pitch,first_contact_deck_tilt,first_contact_deck_angular_speed,first_contact_body_deck_normal_angle,terminal_body_deck_normal_angle,terminal_normal_relative_speed,terminal_tangential_relative_speed,max_contact_impulse,terminal_deck_roll,terminal_deck_pitch,terminal_deck_tilt,terminal_deck_angular_speed,deck_tilt_bucket,deck_angular_speed_bucket,max_deck_position_consistency_error,max_deck_orientation_consistency_error,max_deck_linear_velocity_consistency_error,max_deck_angular_velocity_consistency_error
0,53,False,False,0.6321381330490112,0.6321381330490112,0.0,0.0,0.6200000047683716,2.456347942352295,0.9397945404052734,-1.9253369569778442,-1.7937408685684204,2.7037599086761475,0.6384634375572205,-0.008512046188116074,-0.13412420451641083,1.7423334121704102,0.6947380900382996,2.0230698585510254,0.15007321536540985,>=0.15,True,True,False,False,False,False,False,True,False,0.0,0.0,0.0,0.0,0.0,0.0,0.6384634375572205,-0.008512046188116074,0.008512046188116074,0.0,0.0,0.0,0.0,0.0,0.4624091386795044,-1.7759950160980225,2.038666009902954,0.0,-0.004830996040254831,-0.008628219366073608,0.009886981919407845,0.02786528319120407,0-2deg,0.00-0.04,0.0,0.0,0.0,0.0
1,37,True,True,0.06475405395030975,0.05783401429653168,0.05447978526353836,0.14492450654506683,0.9399999976158142,1.0274930000305176,0.4860081672668457,0.010292060673236847,-0.03127214312553406,0.14492450654506683,0.05447978526353836,-0.019991915673017502,0.04176565632224083,0.5081986784934998,0.28468337655067444,0.14151030778884888,0.13692572712898254,0.10-0.15,False,True,False,True,True,False,False,False,True,0.04915544390678406,-0.01747438870370388,0.14713609218597412,0.6811999678611755,0.6811999678611755,0.05999999865889549,0.05447978526353836,-0.02001592144370079,0.02001592144370079,0.013111338019371033,-0.00024443757138215005,0.013115695677697659,0.012163594365119934,0.0009134905994869769,0.0,-0.02944246120750904,0.14190228283405304,0.006811999715864658,0.013478034175932407,7.03920959495008e-05,0.013478787615895271,0.01200089417397976,0-2deg,0.00-0.04,0.0,0.0,0.0,0.0
2,35,True,False,0.1374150514602661,0.08400488644838333,0.0,0.0,1.0,1.3545472621917725,0.564091145992279,0.04541314020752907,-0.07568719238042831,0.34062403440475464,0.13300739228725433,-0.0193837471306324,0.12535645067691803,0.680507481098175,0.39715853333473206,0.33210867643356323,0.18189364671707153,>=0.15,True,True,False,True,False,False,False,True,True,0.13300739228725433,-0.09676478803157806,0.3265904486179352,0.06239994987845421,0.06239994987845421,0.0,0.13300739228725433,-0.0193837471306324,0.0193837471306324,-0.07594176381826401,0.019882092252373695,0.07849608361721039,0.03147328272461891,0.009929093532264233,0.009929093532264233,-0.09676478803157806,0.3265904486179352,0.0006239995127543807,-0.07594176381826401,0.019882092252373695,0.07849608361721039,0.03147328272461891,4-6deg,0.00-0.04,0.0,0.0,0.0,0.0
3,45,True,False,0.1429888904094696,0.1429888904094696,0.0,0.0,1.0399999618530273,1.27420175075531,0.6629939675331116,-0.5959317684173584,-0.7610895037651062,1.0587435960769653,0.14028601348400116,-0.00851224735379219,0.13500791788101196,0.7386705875396729,0.4537142515182495,0.7359897494316101,0.11131472140550613,0.10-0.15,True,True,False,True,False,False,False,True,True,0.14028601348400116,-0.7890404462814331,0.705941379070282,0.16658824682235718,0.16658824682235718,0.0,0.14028601348400116,-0.00851224735379219,0.00851224735379219,-0.031109027564525604,0.03357645496726036,0.04576847702264786,0.05995120853185654,0.17239156365394592,0.17239156365394592,-0.7890404462814331,0.705941379070282,0.0016658824170008302,-0.031109027564525604,0.03357645496726036,0.04576847702264786,0.05995120853185654,2-4deg,0.04-0.08,0.0,0.0,0.0,0.0
4,15,False,False,0.4110482335090637,0.4110482335090637,0.0,0.0,1.2999999523162842,2.2007288932800293,0.8023915886878967,-1.0930739641189575,-1.2142302989959717,1.5392498970031738,0.4375242590904236,-0.020123526453971863,0.14708125591278076,2.1849193572998047,1.1171042919158936,0.9460100531578064,0.18487784266471863,>=0.15,True,True,False,False,False,False,False,True,False,0.0,0.0,0.0,0.0,0.0,0.0,0.4375242590904236,-0.020123526453971863,0.020123526453971863,0.0,0.0,0.0,0.0,0.0,0.9039039015769958,-1.226870059967041,0.9295591711997986,0.0,0.04036324471235275,-0.012352071702480316,0.042210519313812256,0.014923492446541786,0-2deg,0.00-0.04,0.0,0.0,0.0,0.0
5,27,True,True,0.04357830807566643,0.04190912842750549,0.02595198154449463,0.18546190857887268,1.71999990940094,1.5833653211593628,0.595578670501709,0.0022608693689107895,0.02160683274269104,0.18546190857887268,0.02595198154449463,-0.019994035363197327,-0.018850039690732956,0.31310969591140747,0.21221192181110382,0.18419897556304932,0.18899135291576385,>=0.15,False,True,False,True,True,False,False,False,True,0.023492831736803055,-0.09767710417509079,0.11706044524908066,0.04415137320756912,0.5568388104438782,0.09999999403953552,0.02595198154449463,-0.019994035363197327,0.019994035363197327,0.011145135387778282,0.016220886260271072,0.019680537283420563,0.05199209600687027,0.052090875804424286,0.0003452669770922512,0.018867474049329758,0.18449969589710236,0.005568387918174267,0.007735663093626499,0.01377742551267147,0.015799665823578835,0.05283414572477341,0-2deg,0.04-0.08,0.0,0.0,0.0,0.0
6,21,True,True,0.060268569737672806,0.057072050869464874,0.04886708781123161,0.1764885038137436,1.7999999523162842,1.414497971534729,0.41143113374710083,-0.014634598977863789,-0.10178104043006897,0.1764885038137436,0.04886708781123161,-0.01983780600130558,0.08867877721786499,0.7164060473442078,0.3329223096370697,0.14418324828147888,0.16486932337284088,>=0.15,False,True,False,True,True,False,False,False,True,0.04492933675646782,-0.08816850930452347,0.17800264060497284,0.05197123438119888,0.17505410313606262,0.05999999865889549,0.04886708781123161,-0.020016217604279518,0.020016217604279518,-0.04291759431362152,0.07797852903604507,0.08898771554231644,0.03645783290266991,0.0028471453115344048,0.003435364691540599,-0.09089433401823044,0.15128254890441895,0.001750541036017239,-0.04148126393556595,0.07827083021402359,0.08856349438428879,0.036850910633802414,4-6deg,0.00-0.04,0.0,0.0,0.0,0.0
7,55,True,True,0.04231225326657295,0.04231225326657295,0.023801498115062714,0.26035967469215393,2.0399999618530273,1.2506632804870605,0.5235826373100281,-0.019330056384205818,-0.11514431238174438,0.26035967469215393,0.023801498115062714,-0.02001073583960533,0.0959939956665039,0.5097562670707703,0.2554652690887451,0.23351432383060455,0.2344391942024231,>=0.15,False,True,False,True,True,False,False,False,True,0.03626960515975952,0.0029174459632486105,0.1025022491812706,0.06564841419458389,0.15800973773002625,0.09999999403953552,0.023801498115062714,-0.02001073583960533,0.02001073583960533,-0.025159236043691635,-0.008294736966490746,0.026492001488804817,0.03263179585337639,0.020667415112257004,0.0,-0.11760179698467255,0.23228639364242554,0.0015800973633304238,-0.02770916186273098,-0.00850734580308199,0.02898493967950344,0.031316809356212616,0-2deg,0.00-0.04,0.0,0.0,0.0,0.0
8,56,True,True,0.07918015122413635,0.06017902120947838,0.07101771235466003,0.1922280490398407,2.119999885559082,0.8938066959381104,0.2926344871520996,-0.059927940368652344,0.03302711620926857,0.1922280490398407,0.07101771235466003,-0.02006336860358715,-0.09431883692741394,0.38765522837638855,0.19844955205917358,0.1893695592880249,0.19343212246894836,>=0.15,False,True,False,True,True,False,False,False,True,0.04835253953933716,-0.13107360899448395,0.16983073949813843,0.0811014249920845,0.7998206615447998,0.17999999225139618,0.07101771235466003,-0.02014726772904396,0.02014726772904396,-0.004573131911456585,-0.056109875440597534,0.0562954805791378,0.0018036203691735864,0.03396790102124214,0.0011451211757957935,0.02260771207511425,0.1908939927816391,0.007998206652700901,-0.00427793525159359,-0.055598821491003036,0.05576330050826073,0.006141213234513998,2-4deg,0.00-0.04,0.0,0.0,0.0,0.0
9,26,True,True,0.04216301441192627,0.038956135511398315,0.02318977192044258,0.15197573602199554,2.1599998474121094,1.3779785633087158,0.4462273120880127,-0.07318829745054245,0.02065456658601761,0.15197573602199554,0.02318977192044258,-0.01962531916797161,-0.0961017832159996,0.2994229197502136,0.15210244059562683,0.15056563913822174,0.1836574375629425,>=0.15,False,True,False,True,True,False,False,False,True,0.01603209786117077,-0.11794528365135193,0.13420169055461884,0.0771118700504303,0.44133099913597107,0.07999999821186066,0.02318977192044258,-0.0200862605124712,0.0200862605124712,0.000630498630926013,-0.04629146680235863,0.04629566892981529,0.006276508327573538,0.01907453127205372,0.007151294033974409,0.016597341746091843,0.15106672048568726,0.004413309972733259,0.0006510769599117339,-0.045865558087825775,0.04586998000741005,0.00793488509953022,2-4deg,0.00-0.04,0.0,0.0,0.0,0.0
10,14,True,True,0.08986809104681015,0.08061075210571289,0.0827738493680954,0.186147078871727,2.200000047683716,1.2470706701278687,0.3393307030200958,0.017545122653245926,-0.050652652978897095,0.186147078871727,0.0827738493680954,-0.019989052787423134,0.06728081405162811,1.520627737045288,0.4438440501689911,0.17912298440933228,0.17840158939361572,>=0.15,False,True,False,True,True,False,False,False,True,0.07272928208112717,-0.22742220759391785,0.10761553794145584,0.18172919750213623,0.2777468264102936,0.07999999821186066,0.0827738493680954,-0.019996562972664833,0.019996562972664833,0.0038349598180502653,-0.007452779915183783,0.008379419334232807,0.013444166630506516,0.011107784695923328,0.00048828125,-0.049897704273462296,0.17933474481105804,0.002777468180283904,0.004566551186144352,-0.007118385285139084,0.00845730397850275,0.0133648831397295,0-2deg,0.00-0.04,0.0,0.0,0.0,0.0
11,43,True,True,0.06454873830080032,0.06454873830080032,0.054233185946941376,0.01980171538889408,2.200000047683716,1.2767565250396729,0.34074103832244873,0.003052446525543928,0.008120750077068806,0.01980171538889408,0.054233185946941376,-0.019997553899884224,-0.005512475501745939,0.5640421509742737,0.2876989245414734,0.01805993914604187,0.01806757226586342,0.00-0.05,False,True,False,True,True,False,False,False,True,0.05509897321462631,-0.11806335300207138,0.045647237449884415,0.029010679572820663,0.07788196951150894,0.07999999821186066,0.054233185946941376,-0.019997553899884224,0.019997553899884224,-0.04574837535619736,0.0018937420099973679,0.04578801617026329,0.038257282227277756,0.006948377937078476,0.0,0.0085752559825778,0.017848612740635872,0.0007788196671754122,-0.04544692113995552,0.004170202184468508,0.04563801735639572,0.03827982395887375,2-4deg,0.00-0.04,0.0,0.0,0.0,0.0
12,19,True,True,0.06478326767683029,0.06059712544083595,0.05450344458222389,0.18543973565101624,2.3399999141693115,0.9682621359825134,0.23167869448661804,0.0035063177347183228,-0.07373367995023727,0.18543973565101624,0.05450344458222389,-0.02001025900244713,0.07739341259002686,0.5747472643852234,0.3373270630836487,0.17015063762664795,0.17036621272563934,>=0.15,False,True,False,True,True,False,False,False,True,0.051017068326473236,-0.0544646754860878,0.13750039041042328,0.056292735040187836,0.2229815274477005,0.05999999865889549,0.05450344458222389,-0.020019227638840675,0.020019227638840675,-0.01609523594379425,-0.06706764549016953,0.06896946579217911,0.053529080003499985,0.006338269915431738,0.0005980199784971774,-0.07311995327472687,0.17041528224945068,0.0022298151161521673,-0.01421922817826271,-0.06598132848739624,0.067493736743927,0.05487060546875,2-4deg,0.04-0.08,0.0,0.0,0.0,0.0
13,1,True,True,0.0825386568903923,0.07791166752576828,0.07472804188728333,0.18005651235580444,2.359999895095825,1.2154438495635986,0.332899808883667,0.011568618938326836,-0.09067865461111069,0.18005651235580444,0.07472804188728333,-0.02000112645328045,0.1024397611618042,1.1212719678878784,0.42644262313842773,0.15555620193481445,0.14916536211967468,0.10-0.15,False,True,False,True,True,False,False,False,True,0.06968066841363907,-0.26687493920326233,0.09417659044265747,0.06154051050543785,0.3209714889526367,0.07999999821186066,0.07472804188728333,-0.020008979365229607,0.020008979365229607,0.00047757785068824887,0.0063490611501038074,0.006366419605910778,0.039102502167224884,0.01808973215520382,0.0008457279182039201,-0.08957269042730331,0.15619565546512604,0.0032097147777676582,0.0007175914361141622,0.008672923780977726,0.008700480684638023,0.03875408321619034,0-2deg,0.00-0.04,0.0,0.0,0.0,0.0
14,30,True,True,0.07819483429193497,0.07759128510951996,0.06993463635444641,0.07096363604068756,2.419999837875366,1.4291496276855469,0.3155004382133484,0.006522627547383308,-0.06916215270757675,0.07096363604068756,0.06993463635444641,-0.01999363861978054,0.07247671484947205,1.4268418550491333,0.45379191637039185,0.01588817872107029,0.014923319220542908,0.00-0.05,False,True,False,True,True,False,False,False,True,0.06977765262126923,-0.17553138732910156,0.044420503079891205,0.020587055012583733,0.29136359691619873,0.09999999403953552,0.06993463635444641,-0.019994305446743965,0.019994305446743965,0.05669443681836128,0.06260579079389572,0.0844363272190094,0.04323013871908188,0.09127366542816162,0.0006905339541845024,-0.0681556686758995,0.01976468600332737,0.0029136359225958586,0.05355747789144516,0.06405859440565109,0.08347462862730026,0.04328743740916252,4-6deg,0.04-0.08,0.0,0.0,0.0,0.0
15,41,True,True,0.07693523913621902,0.07400403171777725,0.06850534677505493,0.1753794252872467,2.5,1.2651829719543457,0.3646496832370758,0.003354148706421256,-0.046856094151735306,0.1753794252872467,0.06850534677505493,-0.0200106929987669,0.05000052601099014,1.3531888723373413,0.4758390188217163,0.16900427639484406,0.16424889862537384,>=0.15,False,True,False,True,True,False,False,False,True,0.06585578620433807,-0.012242886237800121,0.16063576936721802,0.7140867710113525,0.7140867710113525,0.05999999865889549,0.06850534677505493,-0.02007284015417099,0.02007284015417099,-0.021410025656223297,-0.019141986966133118,0.02871840074658394,0.02200084924697876,0.004070640541613102,0.0005980199784971774,-0.05049474164843559,0.16795304417610168,0.0071408674120903015,-0.02174309454858303,-0.018324002623558044,0.028434693813323975,0.022163398563861847,0-2deg,0.00-0.04,0.0,0.0,0.0,0.0
16,2,True,True,0.05491627752780914,0.048653390258550644,0.04189164191484451,0.12496289610862732,2.5199999809265137,1.2922712564468384,0.36064207553863525,-0.07454369217157364,0.022034965455532074,0.12496289610862732,0.04189164191484451,-0.019665902480483055,-0.09362112730741501,0.2134048193693161,0.11888566613197327,0.12300482392311096,0.09344910830259323,0.05-0.10,False,True,False,True,True,False,False,False,True,0.050278645008802414,-0.05856427922844887,0.058751430362463,0.05942494422197342,0.316156804561615,0.7400000095367432,0.04189164191484451,-0.020095132291316986,0.020095132291316986,0.07286866754293442,0.05949994549155235,0.09404179453849792,0.032449979335069656,0.09638287872076035,0.00528157502412796,0.018577583134174347,0.12357426434755325,0.003161567961797118,0.041694995015859604,0.05616644397377968,0.06993827223777771,0.05600641667842865,4-6deg,0.00-0.04,0.0,0.0,0.0,0.0
17,52,True,True,0.09984704852104187,0.08717401325702667,0.09351231157779694,0.20345991849899292,2.5399999618530273,1.493700385093689,0.319048672914505,-0.025682372972369194,-0.14061681926250458,0.20345991849899292,0.09351231157779694,-0.01999795436859131,0.11693361401557922,1.151320219039917,0.40074560046195984,0.14704708755016327,0.14733180403709412,0.10-0.15,False,True,False,True,True,False,False,False,True,0.07993020862340927,-0.18063923716545105,0.2412143051624298,0.029644856229424477,0.04944375902414322,0.2199999988079071,0.09351231157779694,-0.01999795436859131,0.01999795436859131,-0.037439391016960144,-0.06346214562654495,0.07367029041051865,0.011197397485375404,0.023190023377537727,0.0,-0.13584139943122864,0.1514696329832077,0.0004944375832565129,-0.03548363968729973,-0.06401476263999939,0.07317952811717987,0.011084623634815216,4-6deg,0.00-0.04,0.0,0.0,0.0,0.0
18,0,True,True,0.10593649744987488,0.09826334565877914,0.10001027584075928,0.16726751625537872,2.6599998474121094,1.4049782752990723,0.3067786991596222,-0.0010581562528386712,-0.09510022401809692,0.16726751625537872,0.10001027584075928,-0.020016837865114212,0.09374081343412399,0.7814847826957703,0.3811798095703125,0.13760221004486084,0.14177538454532623,0.10-0.15,False,True,False,True,True,False,False,False,True,0.09273109585046768,-0.12470193952322006,0.05223285034298897,0.18059927225112915,0.18059927225112915,0.09999999403953552,0.10001027584075928,-0.020020868629217148,0.020020868629217148,4.086248009116389e-05,0.008987132459878922,0.008990242145955563,0.0015992175322026014,0.0008457279182039201,0.0005980199784971774,-0.09417735785245895,0.13823547959327698,0.0018059926806017756,3.814898809650913e-05,0.008835043758153915,0.008836435154080391,0.0022019054740667343,0-2deg,0.00-0.04,0.0,0.0,0.0,0.0
19,63,True,True,0.09385310858488083,0.08988188207149506,0.08667102456092834,0.1736583262681961,2.759999990463257,1.4325292110443115,0.30478158593177795,0.004237992689013481,-0.1270943582057953,0.1736583262681961,0.08667102456092834,-0.019618330523371696,0.13137254118919373,0.6311302781105042,0.35060787200927734,0.11833950877189636,0.160120889544487,>=0.15,False,True,False,True,True,False,False,False,True,0.0827731117606163,-0.11207655072212219,0.13004587590694427,0.2743193507194519,0.2743193507194519,0.05999999865889549,0.08667102456092834,-0.019993087276816368,0.019993087276816368,0.002310764277353883,0.027439765632152557,0.027537940070033073,0.01861228421330452,0.0005980199784971774,0.0075328536331653595,-0.12506741285324097,0.12047970294952393,0.0027431934140622616,0.0028749839402735233,0.0279080793261528,0.028054792433977127,0.018051374703645706,0-2deg,0.00-0.04,0.0,0.0,0.0,0.0
20,4,True,True,0.037709034979343414,0.037709034979343414,0.01410408690571785,0.22296671569347382,2.819999933242798,1.4480074644088745,0.32498085498809814,-0.01091694738715887,-0.146955668926239,0.22296671569347382,0.01410408690571785,-0.020016508176922798,0.13602527976036072,1.1959811449050903,0.49399420619010925,0.16768479347229004,0.16925734281539917,>=0.15,False,True,False,True,True,False,False,False,True,0.023742860183119774,-0.2716442942619324,0.2227243185043335,0.02250450849533081,0.2188694179058075,0.07999999821186066,0.01410408690571785,-0.020018216222524643,0.020018216222524643,0.026801638305187225,-0.0010921498760581017,0.026822960004210472,0.02467402257025242,0.0033296358305960894,0.001035800902172923,-0.14789597690105438,0.166856050491333,0.0021886941976845264,0.028020983561873436,-0.00027930375654250383,0.028022900223731995,0.024170508608222008,0-2deg,0.00-0.04,0.0,0.0,0.0,0.0
21,34,True,True,0.0696907639503479,0.06900210678577423,0.06027659773826599,0.08952483534812927,2.879999876022339,1.1639291048049927,0.2535310983657837,0.0017457997892051935,0.08633927255868912,0.08952483534812927,0.06027659773826599,-0.020049840211868286,-0.08043189346790314,1.314634919166565,0.3863915801048279,0.023669105023145676,0.03879896178841591,0.00-0.05,False,True,False,True,True,False,False,False,True,0.06219527870416641,-0.10282018035650253,0.11359849572181702,0.08758528530597687,0.6598731875419617,0.17999999225139618,0.06027659773826599,-0.02015845850110054,0.02015845850110054,0.03848790004849434,0.01421352569013834,0.041027218103408813,0.07421212643384933,0.07299832999706268,0.002316121943295002,0.08701083064079285,0.02106684260070324,0.006598731502890587,0.04925275221467018,0.010251021943986416,0.050307754427194595,0.06896372139453888,2-4deg,0.04-0.08,0.0,0.0,0.0,0.0
22,18,True,True,0.06103610247373581,0.060168541967868805,0.04997578635811806,0.08373314887285233,2.8999998569488525,1.2192909717559814,0.2750959098339081,0.007068402133882046,0.02328711748123169,0.08373314887285233,0.04997578635811806,-0.01997998170554638,-0.014903899282217026,1.0105750560760498,0.27412137389183044,0.08042978495359421,0.08438961952924728,0.05-0.10,False,True,False,True,True,False,False,False,True,0.04907744377851486,-0.06934766471385956,0.05679003894329071,0.21181294322013855,0.317912220954895,0.09999999403953552,0.04997578635811806,-0.02009267359972,0.02009267359972,-0.02068573236465454,-0.058476440608501434,0.0620235837996006,0.020130988210439682,0.002652046736329794,0.0003452669770922512,0.02764042839407921,0.07903952896595001,0.0031791222281754017,-0.022173920646309853,-0.05779523402452469,0.06189844384789467,0.02098299004137516,2-4deg,0.00-0.04,0.0,0.0,0.0,0.0
23,7,True,True,0.11598526686429977,0.11014215648174286,0.1100190132856369,0.22709821164608002,3.0,1.3604881763458252,0.2614118158817291,0.0027009095065295696,-0.18196044862270355,0.22709821164608002,0.1100190132856369,-0.019409876316785812,0.18189354240894318,1.1487412452697754,0.4430854916572571,0.13588227331638336,0.21689802408218384,>=0.15,False,True,False,True,True,False,False,False,True,0.10500681400299072,-0.19636593759059906,0.10861450433731079,0.11210570484399796,0.11210570484399796,0.05999999865889549,0.1100190132856369,-0.01987665332853794,0.01987665332853794,0.04908764362335205,-0.043817996978759766,0.06578771770000458,0.02770555205643177,0.002264067530632019,0.010669861920177937,-0.1904340237379074,0.12372743338346481,0.0011210570810362697,0.048889998346567154,-0.044899534434080124,0.0663672536611557,0.02726896107196808,2-4deg,0.00-0.04,0.0,0.0,0.0,0.0
24,39,True,True,0.03716925159096718,0.03616003692150116,0.012514038942754269,0.1394335776567459,3.119999885559082,1.3343087434768677,0.30921655893325806,-0.006701368372887373,-0.037284791469573975,0.1394335776567459,0.012514038942754269,-0.02000386267900467,0.030636420473456383,1.6453518867492676,0.3908238112926483,0.13435612618923187,0.1615837812423706,>=0.15,False,True,False,True,True,False,False,False,True,0.005106870085000992,-0.17827744781970978,0.09120683372020721,0.036985352635383606,0.13230495154857635,0.07999999821186066,0.012514038942754269,-0.02000386267900467,0.02000386267900467,-0.05892808735370636,0.012058041989803314,0.06014799326658249,0.006192794535309076,0.04500521719455719,0.0003452669770922512,-0.032124292105436325,0.13568255305290222,0.001323049538768828,-0.059207022190093994,0.012108802795410156,0.060430917888879776,0.0032601552084088326,2-4deg,0.00-0.04,0.0,0.0,0.0,0.0
25,60,True,True,0.03789011761546135,0.03740400820970535,0.014560137875378132,0.18911626935005188,3.119999885559082,1.0999804735183716,0.23701633512973785,-0.025032345205545425,-0.17909419536590576,0.18911626935005188,0.014560137875378132,-0.020014982670545578,0.15378086268901825,0.9400409460067749,0.4190700352191925,0.06074727699160576,0.05459398403763771,0.05-0.10,False,True,False,True,True,False,False,False,True,0.011080061085522175,-0.41956430673599243,0.11919007450342178,0.09994278848171234,0.18585990369319916,0.07999999821186066,0.014560137875378132,-0.020014982670545578,0.020014982670545578,-0.007646127138286829,-0.011397144757211208,0.013724199496209621,0.006454147398471832,0.015297463163733482,0.00048828125,-0.17829377949237823,0.06305783987045288,0.00185859901830554,-0.00740847596898675,-0.01107682567089796,0.01332758367061615,0.0068391114473342896,0-2deg,0.00-0.04,0.0,0.0,0.0,0.0
26,11,True,True,0.08360765129327774,0.077247753739357,0.07479837536811829,0.10186894237995148,3.1399998664855957,1.4051551818847656,0.30889689922332764,-0.055265918374061584,0.019409067928791046,0.10186894237995148,0.07479837536811829,-0.018901171162724495,-0.07414635270833969,0.7252389192581177,0.2648390233516693,0.10000284761190414,0.14076489210128784,0.10-0.15,False,True,False,True,True,False,False,False,True,0.06507992744445801,-0.061798471957445145,0.16365396976470947,0.05623059719800949,0.4003921449184418,0.14000000059604645,0.07479837536811829,-0.020009823143482208,0.020009823143482208,-0.00435055373236537,0.0821797326207161,0.08229462802410126,0.04150158911943436,0.058802280575037,0.018000543117523193,0.012076918967068195,0.1011505275964737,0.004003921523690224,-0.008882496505975723,0.08390016853809357,0.08436774462461472,0.039320893585681915,4-6deg,0.04-0.08,0.0,0.0,0.0,0.0
27,31,True,True,0.060250263661146164,0.055717483162879944,0.04888084530830383,0.2820969223976135,3.1399998664855957,1.3724908828735352,0.3002427816390991,-0.020192861557006836,-0.226824089884758,0.2820969223976135,0.04888084530830383,-0.019784949719905853,0.20341818034648895,1.0518542528152466,0.44885560870170593,0.16771849989891052,0.11542513966560364,0.10-0.15,False,True,False,True,True,False,False,False,True,0.04335371032357216,-0.17435607314109802,0.13391998410224915,0.31814002990722656,0.31814002990722656,0.05999999865889549,0.04888084530830383,-0.019985081627964973,0.019985081627964973,-0.07840996980667114,0.06905023753643036,0.10443291813135147,0.016629887744784355,0.0009765625,0.0032936385832726955,-0.2105025351047516,0.18779602646827698,0.003181400243192911,-0.07818218320608139,0.06838499009609222,0.10382390767335892,0.018568117171525955,4-6deg,0.00-0.04,0.0,0.0,0.0,0.0
28,8,True,True,0.06412643194198608,0.05688240006566048,0.0537000373005867,0.19102069735527039,3.1599998474121094,1.1100096702575684,0.26471707224845886,0.01423159334808588,0.06558430939912796,0.19102069735527039,0.0537000373005867,-0.020009972155094147,-0.0511237308382988,1.6396472454071045,0.417304664850235,0.17940905690193176,0.18013757467269897,>=0.15,False,True,False,True,True,False,False,False,True,0.04402767866849899,-0.19075648486614227,0.04757435619831085,0.12182241678237915,0.34833747148513794,0.09999999403953552,0.0537000373005867,-0.020031385123729706,0.020031385123729706,-0.022960394620895386,0.0012616087915375829,0.02299383655190468,0.03906437009572983,0.04624025523662567,0.0011451211757957935,0.06637140363454819,0.17911936342716217,0.0034833746030926704,-0.01981702260673046,0.0014079754473641515,0.019867433235049248,0.03959247097373009,0-2deg,0.00-0.04,0.0,0.0,0.0,0.0
29,32,True,True,0.09991250187158585,0.0918007418513298,0.09356842935085297,0.1874374896287918,3.1599998474121094,1.0909671783447266,0.2831016480922699,0.013239573687314987,-0.059276510030031204,0.1874374896287918,0.09356842935085297,-0.019993945956230164,0.0738024041056633,1.2417030334472656,0.4674278795719147,0.17781762778759003,0.16939640045166016,>=0.15,False,True,False,True,True,False,False,False,True,0.0852394625544548,-0.3725128769874573,0.03414232283830643,0.11817335337400436,0.3265424072742462,0.07999999821186066,0.09356842935085297,-0.020000481978058815,0.020000481978058815,0.0011149994097650051,0.00026106825680471957,0.0011451211757957935,0.0163260530680418,0.05036935210227966,0.00048828125,-0.05901286005973816,0.17790529131889343,0.003265423933044076,0.0018408145988360047,-0.0003945392672903836,0.0018911053193733096,0.016269410029053688,0-2deg,0.00-0.04,0.0,0.0,0.0,0.0
30,51,True,True,0.0711156353354454,0.06086399778723717,0.06191782280802727,0.25675076246261597,3.179999828338623,0.8924912214279175,0.2616517245769501,-0.0035015528555959463,-0.08397067338228226,0.25675076246261597,0.06191782280802727,-0.020014995709061623,0.08032013475894928,1.258521318435669,0.5275592803955078,0.24263115227222443,0.24025601148605347,>=0.15,False,True,False,True,True,False,False,False,True,0.04960859194397926,-0.08866775780916214,0.10273687541484833,0.6481771469116211,0.6481771469116211,0.07999999821186066,0.06191782280802727,-0.020014995709061623,0.020014995709061623,-0.03685498982667923,0.0004868917167186737,0.03685842826962471,0.0029596362728625536,0.005062613170593977,0.0,-0.09080076217651367,0.24015864729881287,0.006481771357357502,-0.03698243573307991,0.00048536312533542514,0.03698598966002464,0.0012881869915872812,2-4deg,0.00-0.04,0.0,0.0,0.0,0.0
31,46,True,True,0.09122882783412933,0.0797828957438469,0.08423105627298355,0.1950930953025818,3.1999998092651367,0.868094265460968,0.2320508062839508,-0.0381210520863533,0.12379465997219086,0.1950930953025818,0.08423105627298355,-0.020129775628447533,-0.16598471999168396,0.6838570833206177,0.31126534938812256,0.15078525245189667,0.12681983411312103,0.10-0.15,False,True,False,True,True,False,False,False,True,0.07227221131324768,-0.11993362754583359,0.17023654282093048,0.15265023708343506,0.4955434799194336,0.1599999964237213,0.08423105627298355,-0.020129775628447533,0.020129775628447533,0.035756126046180725,-0.007330290507525206,0.03649921342730522,0.054835811257362366,0.014151853509247303,0.002264067530632019,0.11832937598228455,0.1551111489534378,0.0049554347060620785,0.04317867010831833,-0.00770916510373354,0.043860577046871185,0.05122753977775574,2-4deg,0.04-0.08,0.0,0.0,0.0,0.0
32,57,True,True,0.06148988753557205,0.055189188569784164,0.05055126175284386,0.18393339216709137,3.1999998092651367,1.1669814586639404,0.3693312704563141,0.002266212599352002,-0.0016722215805202723,0.18393339216709137,0.05055126175284386,-0.019992534071207047,0.0038874950259923935,1.0434778928756714,0.4375137686729431,0.1839257925748825,0.1828160285949707,>=0.15,False,True,False,True,True,False,False,False,True,0.042536910623311996,-0.13443219661712646,0.031060542911291122,0.040283504873514175,0.13797789812088013,0.09999999403953552,0.05055126175284386,-0.020015155896544456,0.020015155896544456,0.00040830046054907143,-0.0004503748205024749,0.0005980199784971774,0.003225490218028426,0.005448227748274803,0.0,-0.0017790510319173336,0.18392477929592133,0.001379778957925737,0.0006161688943393528,-0.0002978285192511976,0.0006905339541845024,0.003219182137399912,0-2deg,0.00-0.04,0.0,0.0,0.0,0.0
33,22,True,True,0.07783550024032593,0.07338403910398483,0.0695146694779396,0.11376386880874634,3.240000009536743,1.1254034042358398,0.26299095153808594,0.013179048895835876,-0.06763264536857605,0.11376386880874634,0.0695146694779396,-0.01999880187213421,0.08043474704027176,1.0476267337799072,0.41302090883255005,0.09147700667381287,0.09185437113046646,0.05-0.10,False,True,False,True,True,False,False,False,True,0.06452345848083496,-0.2690640091896057,0.11163000762462616,0.020721469074487686,0.292439728975296,0.09999999403953552,0.0695146694779396,-0.020009255036711693,0.020009255036711693,-0.018060674890875816,-0.008352771401405334,0.01989741437137127,0.0156903937458992,0.07549490034580231,0.0008457279182039201,-0.06758104264736176,0.09151513129472733,0.0029243971221148968,-0.019227255135774612,-0.00793843436986208,0.020802531391382217,0.015256095677614212,0-2deg,0.00-0.04,0.0,0.0,0.0,0.0
34,24,True,True,0.08792019635438919,0.08060738444328308,0.08038689196109772,0.22344857454299927,3.240000009536743,1.4950339794158936,0.258513867855072,-0.011884394101798534,-0.1475922018289566,0.22344857454299927,0.08038689196109772,-0.01973697543144226,0.13682404160499573,0.7439776659011841,0.391573041677475,0.16776712238788605,0.16027888655662537,>=0.15,False,True,False,True,True,False,False,False,True,0.07274875789880753,-0.2062540054321289,0.1592540442943573,0.114084392786026,0.1493159681558609,0.07999999821186066,0.08038689196109772,-0.02006872557103634,0.02006872557103634,-0.01775481551885605,0.0006953200208954513,0.017767230048775673,0.017742715775966644,0.003068801248446107,0.005167488474398851,-0.14533329010009766,0.16972772777080536,0.001493159681558609,-0.01810551807284355,0.0016950274584814906,0.01818503998219967,0.017567669972777367,0-2deg,0.00-0.04,0.0,0.0,0.0,0.0
35,10,True,True,0.06852345913648605,0.06295880675315857,0.05888114869594574,0.25147417187690735,3.319999933242798,1.1405757665634155,0.2749519944190979,-0.036911360919475555,-0.22281086444854736,0.25147417187690735,0.05888114869594574,-0.01989424042403698,0.1849084347486496,1.1302651166915894,0.494038462638855,0.1165957823395729,0.13158710300922394,0.10-0.15,False,True,False,True,True,False,False,False,True,0.054563432931900024,-0.2161722630262375,0.1255081295967102,0.1245129182934761,0.22874344885349274,0.05999999865889549,0.05888114869594574,-0.01991192065179348,0.01991192065179348,0.020218761637806892,0.015508058480918407,0.02548036351799965,0.0568302646279335,0.0018593198619782925,0.0019223655108362436,-0.21997669339179993,0.12185854464769363,0.0022874344140291214,0.019892418757081032,0.01775054633617401,0.02666023001074791,0.05646583437919617,0-2deg,0.04-0.08,0.0,0.0,0.0,0.0
36,26,False,False,0.8113752603530884,0.7702405452728271,0.0,0.0,1.159999966621399,3.8851053714752197,0.9316741824150085,-3.677025318145752,-3.3158793449401855,3.7343554496765137,0.8168567419052124,-0.03541463986039162,0.13945190608501434,2.9987123012542725,1.415703535079956,1.7176597118377686,0.19775618612766266,>=0.15,True,True,False,False,False,False,False,True,False,0.0,0.0,0.0,0.0,0.0,0.0,0.8168567419052124,-0.03541463986039162,0.03541463986039162,0.0,0.0,0.0,0.0,0.0,0.8469148278236389,-3.1549904346466064,1.997860312461853,0.0,-0.061895474791526794,0.06913388520479202,0.09276042133569717,0.028134984895586967,0-2deg,0.00-0.04,0.0,0.0,0.0,0.0
37,33,True,True,0.03854884207248688,0.03854884207248688,0.016147837042808533,0.0677831768989563,3.3399999141693115,1.0415680408477783,0.2581949830055237,0.008059583604335785,-0.035512007772922516,0.0677831768989563,0.016147837042808533,-0.019997045397758484,0.04417911171913147,1.0802325010299683,0.45917168259620667,0.05773609131574631,0.05934472754597664,0.05-0.10,False,True,False,True,True,False,False,False,True,0.01824411191046238,-0.013820451684296131,0.07825583964586258,0.7374045252799988,0.7374045252799988,0.05999999865889549,0.016147837042808533,-0.0200599767267704,0.0200599767267704,0.023124143481254578,-0.046362996101379395,0.05180619657039642,0.04916345700621605,0.009618062525987625,0.0,-0.03606637194752693,0.05739142373204231,0.007374044973403215,0.02170027606189251,-0.0477093830704689,0.05240929126739502,0.04881824553012848,2-4deg,0.04-0.08,0.0,0.0,0.0,0.0
38,14,True,True,0.04915282875299454,0.040116582065820694,0.03358209878206253,0.14276570081710815,1.159999966621399,0.8758341670036316,0.49366211891174316,-0.07069704681634903,0.03445431590080261,0.14276570081710815,0.03358209878206253,-0.01939629204571247,-0.10485205799341202,0.4435611069202423,0.21752022206783295,0.13854582607746124,0.027777589857578278,0.00-0.05,False,True,False,True,True,False,False,False,True,0.01440743263810873,-0.110252246260643,0.32751893997192383,0.06336375325918198,0.28926441073417664,0.11999999731779099,0.03358209878206253,-0.020078063011169434,0.020078063011169434,-0.051771070808172226,-0.011139318346977234,0.05295488238334656,0.06405946612358093,0.05101281404495239,0.011925534345209599,0.028881335631012917,0.1398138701915741,0.0028926441445946693,-0.0571855790913105,-0.014192934148013592,0.058918800204992294,0.06020171195268631,2-4deg,0.04-0.08,0.0,0.0,0.0,0.0
39,54,True,True,0.04517557844519615,0.044965893030166626,0.027984943240880966,0.1672772318124771,3.359999895095825,1.1199318170547485,0.24066318571567535,-0.011346613988280296,-0.15042556822299957,0.1672772318124771,0.027984943240880966,-0.019682403653860092,0.1392059624195099,0.9176174998283386,0.4407566487789154,0.07316979765892029,0.06852029263973236,0.05-0.10,False,True,False,True,True,False,False,False,True,0.028619004413485527,-0.3223758339881897,0.11245230585336685,0.05777765065431595,0.1706533133983612,0.07999999821186066,0.027984943240880966,-0.019745754078030586,0.019745754078030586,0.07137330621480942,-0.00013625409337691963,0.07137357443571091,0.008181488141417503,0.007712699472904205,0.0062530613504350185,-0.1533680260181427,0.06678260862827301,0.001706533133983612,0.07087000459432602,0.0001455253950553015,0.07087031751871109,0.01111350767314434,4-6deg,0.00-0.04,0.0,0.0,0.0,0.0
40,58,True,True,0.07683240622282028,0.07540276646614075,0.06840062886476517,0.09656200557947159,3.359999895095825,1.2185144424438477,0.24949997663497925,0.006005343049764633,-0.026371702551841736,0.09656200557947159,0.06840062886476517,-0.01999768428504467,0.03209725767374039,0.5197058320045471,0.1957644671201706,0.09289108961820602,0.08936706930398941,0.05-0.10,False,True,False,True,True,False,False,False,True,0.06790664792060852,-0.12680120766162872,0.1530473828315735,0.036524321883916855,0.21005317568778992,0.07999999821186066,0.06840062886476517,-0.020016660913825035,0.020016660913825035,-0.00017637983546592295,0.01674392633140087,0.01674475520849228,0.004290504846721888,0.022701628506183624,0.0003452669770922512,-0.025615129619836807,0.09310255199670792,0.0021005317103117704,-7.416775042656809e-05,0.016499223187565804,0.016500916332006454,0.004548859316855669,0-2deg,0.00-0.04,0.0,0.0,0.0,0.0
41,59,True,True,0.03808904439210892,0.0373331718146801,0.01500326581299305,0.13848531246185303,3.43999981880188,0.9374310374259949,0.2096441388130188,0.009703761897981167,-0.033409155905246735,0.13848531246185303,0.01500326581299305,-0.019995544105768204,0.042169611901044846,1.069144606590271,0.48749294877052307,0.13439497351646423,0.130079448223114,0.10-0.15,False,True,False,True,True,False,False,False,True,0.0124150225892663,-0.2825841009616852,0.14279073476791382,0.04068654403090477,0.1821482926607132,0.07999999821186066,0.01500326581299305,-0.020001990720629692,0.020001990720629692,0.023509491235017776,0.044528912752866745,0.050350409001111984,0.06273771077394485,0.027211295440793037,0.0003452669770922512,-0.027243128046393394,0.1357792168855667,0.0018214829033240676,0.019804462790489197,0.04368062689900398,0.047958191484212875,0.06394695490598679,2-4deg,0.04-0.08,0.0,0.0,0.0,0.0
42,9,True,True,0.09478846937417984,0.08499462902545929,0.08809278160333633,0.23542198538780212,3.4600000381469727,1.164116621017456,0.186166912317276,-0.011849401518702507,-0.11549042165279388,0.23542198538780212,0.08809278160333633,-0.0200192853808403,0.10318735241889954,0.951008141040802,0.40658292174339294,0.20514744520187378,0.2070520520210266,>=0.15,False,True,False,True,True,False,False,False,True,0.07709597051143646,-0.24994347989559174,0.1260177195072174,0.039782751351594925,0.25567322969436646,0.07999999821186066,0.08809278160333633,-0.0200192853808403,0.0200192853808403,-0.022383904084563255,0.03179984167218208,0.03888601437211037,0.040545690804719925,0.013832351192831993,0.00048828125,-0.11728478223085403,0.20412689447402954,0.0025567321572452784,-0.020965809002518654,0.029761284589767456,0.03640271723270416,0.04221227392554283,2-4deg,0.04-0.08,0.0,0.0,0.0,0.0
43,4,False,False,0.5989316701889038,0.5989316701889038,0.0,0.0,0.6800000071525574,2.089681625366211,0.8569998741149902,-0.9813690185546875,-0.9067021608352661,1.6542402505874634,0.5963811874389648,-0.0013279076665639877,-0.09321115911006927,1.9087830781936646,0.948714554309845,1.3836193084716797,0.22897548973560333,>=0.15,True,True,False,False,False,False,False,True,False,0.0,0.0,0.0,0.0,0.0,0.0,0.5963811874389648,-0.0013279076665639877,0.0013279076665639877,0.0,0.0,0.0,0.0,0.0,0.3973700702190399,-0.9897371530532837,1.3254928588867188,0.0,0.0816834419965744,0.004805418197065592,0.08182413876056671,0.02020389214158058,0-2deg,0.00-0.04,0.0,0.0,0.0,0.0
44,50,True,True,0.08801736682653427,0.06667862087488174,0.08128459006547928,0.17949870228767395,3.5,1.0680891275405884,0.3151414096355438,-0.06848388910293579,0.013446599245071411,0.17949870228767395,0.08128459006547928,-0.017169132828712463,-0.08154422044754028,0.812916100025177,0.31636467576026917,0.1789943426847458,0.18055441975593567,>=0.15,False,True,False,True,True,False,False,False,True,0.060400985181331635,-0.07724019140005112,0.11480172723531723,0.02507958561182022,0.15430493652820587,0.17999999225139618,0.08128459006547928,-0.01820363663136959,0.01820363663136959,-0.008177505806088448,0.04881942272186279,0.04949880391359329,0.058622557669878006,0.059688132256269455,0.054567694664001465,0.015664968639612198,0.1788138598203659,0.00154304935131222,-0.0049769640900194645,0.05716101825237274,0.05737728253006935,0.052920375019311905,2-4deg,0.04-0.08,0.0,0.0006905339541845024,0.0,0.0
45,16,True,True,0.08033327758312225,0.0728546530008316,0.07230930775403976,0.25466498732566833,3.5399999618530273,1.228493332862854,0.25392386317253113,0.0093513960018754,-0.08868943154811859,0.25466498732566833,0.07230930775403976,-0.02001040242612362,0.09843409806489944,1.1713972091674805,0.42789673805236816,0.23872248828411102,0.2286691516637802,>=0.15,False,True,False,True,True,False,False,False,True,0.06387139111757278,-0.07801894098520279,0.10506782680749893,0.39773425459861755,0.39773425459861755,0.05999999865889549,0.07230930775403976,-0.0200234092772007,0.0200234092772007,-0.03013395145535469,-0.007059232331812382,0.030950332060456276,0.011865557171404362,0.0007720404537394643,0.0007720404537394643,-0.08299494534730911,0.24076145887374878,0.0039773425087332726,-0.03059018962085247,-0.006955266464501619,0.03137121722102165,0.011531069874763489,0-2deg,0.00-0.04,0.0,0.0,0.0,0.0
46,38,True,True,0.08121554553508759,0.07691682130098343,0.07328944653272629,0.15263347327709198,3.5399999618530273,1.53642737865448,0.2827285826206207,0.011158966459333897,0.03661155700683594,0.15263347327709198,0.07328944653272629,-0.020005179569125175,-0.02630261890590191,1.4130982160568237,0.3033488094806671,0.14817748963832855,0.14425338804721832,0.10-0.15,False,True,False,True,True,False,False,False,True,0.07417310029268265,-0.056803733110427856,0.14210475981235504,0.04924320429563522,0.3493430018424988,0.09999999403953552,0.07328944653272629,-0.02003287896513939,0.02003287896513939,-0.013304540887475014,0.003093596315011382,0.013658896088600159,0.04470410197973251,0.03372306749224663,0.00048828125,0.03887436166405678,0.14760001003742218,0.00349342986010015,-0.015361018478870392,0.00018815317889675498,0.015363561920821667,0.044265881180763245,0-2deg,0.04-0.08,0.0,0.0,0.0,0.0
47,42,True,True,0.09438028931617737,0.0878654345870018,0.08764483779668808,0.18474258482456207,3.559999942779541,1.1961015462875366,0.23711590468883514,-0.009681631810963154,-0.14589130878448486,0.18474258482456207,0.08764483779668808,-0.020017152652144432,0.13619589805603027,0.5843761563301086,0.34400203824043274,0.11333821713924408,0.11961241066455841,0.10-0.15,False,True,False,True,True,False,False,False,True,0.08098579198122025,-0.31806090474128723,0.10658472031354904,0.06601331382989883,0.4049370586872101,0.09999999403953552,0.08764483779668808,-0.020021678879857063,0.020021678879857063,-0.0053564864210784435,-0.05638158321380615,0.05663556605577469,0.020896410569548607,0.09786117076873779,0.0011960400734096766,-0.14107514917850494,0.11927960813045502,0.004049370530992746,-0.0037129977717995644,-0.055939629673957825,0.056063007563352585,0.021704018115997314,2-4deg,0.00-0.04,0.0,0.0,0.0,0.0
48,44,True,True,0.07011470198631287,0.06456302106380463,0.06073540449142456,0.2138703465461731,3.619999885559082,1.0981543064117432,0.2022198587656021,-0.00029641640139743686,-0.12761007249355316,0.2138703465461731,0.06073540449142456,-0.02001901902258396,0.1309472620487213,0.762403130531311,0.45469948649406433,0.17162807285785675,0.16652719676494598,>=0.15,False,True,False,True,True,False,False,False,True,0.05409007519483566,-0.05469616875052452,0.1413109004497528,0.9197911024093628,0.9197911024093628,0.07999999821186066,0.06073540449142456,-0.02001901902258396,0.02001901902258396,0.004482320975512266,0.047816574573516846,0.04802652448415756,0.06373287737369537,0.004708818159997463,0.0008457279182039201,-0.12192454934120178,0.17571264505386353,0.009197911247611046,0.007528786081820726,0.04546451196074486,0.046082671731710434,0.06454842537641525,2-4deg,0.04-0.08,0.0,0.0,0.0,0.0
49,29,True,True,0.07241246849298477,0.06720398366451263,0.06338885426521301,0.1320783495903015,3.679999828338623,1.0049244165420532,0.295060396194458,0.008803806267678738,0.03555767610669136,0.1320783495903015,0.06338885426521301,-0.019986391067504883,-0.026616916060447693,1.659622311592102,0.5866335034370422,0.12720197439193726,0.12154244631528854,0.10-0.15,False,True,False,True,True,False,False,False,True,0.05725596845149994,-0.2067198008298874,0.09017273783683777,0.09704617410898209,0.43543070554733276,0.07999999821186066,0.06338885426521301,-0.019986391067504883,0.019986391067504883,-0.05155165120959282,-0.0033867049496620893,0.05166211724281311,0.0011547066969797015,0.028859209269285202,0.0003452669770922512,0.03336627781391144,0.1277942955493927,0.00435430696234107,-0.05142026022076607,-0.003381128888577223,0.05153152346611023,0.003228110261261463,2-4deg,0.00-0.04,0.0,0.0,0.0,0.0
50,5,True,True,0.12488812208175659,0.11508562415838242,0.11987524479627609,0.2110053300857544,3.6999998092651367,1.1397125720977783,0.23577778041362762,0.018377751111984253,-0.07623371481895447,0.2110053300857544,0.11987524479627609,-0.019997287541627884,0.09419461339712143,1.2105075120925903,0.4654369056224823,0.19675280153751373,0.18068885803222656,>=0.15,False,True,False,True,True,False,False,False,True,0.11307507753372192,-0.10004700720310211,0.18909749388694763,0.08982737362384796,0.3949590027332306,0.05999999865889549,0.11987524479627609,-0.01999928243458271,0.01999928243458271,-0.07141434401273727,0.019514532759785652,0.07402817159891129,0.005731876939535141,0.0018593198619782925,0.0006905339541845024,-0.08427497744560242,0.19344502687454224,0.003949590027332306,-0.07126370817422867,0.019690971821546555,0.0739297866821289,0.005933170206844807,4-6deg,0.00-0.04,0.0,0.0,0.0,0.0
51,23,True,True,0.05823714658617973,0.05643734708428383,0.046541836112737656,0.1796439290046692,3.6999998092651367,1.1417471170425415,0.2329331934452057,0.008933608420193195,-0.10113823413848877,0.1796439290046692,0.046541836112737656,-0.020013203844428062,0.10831703990697861,1.1876534223556519,0.5422592163085938,0.14846883714199066,0.14145788550376892,0.10-0.15,False,True,False,True,True,False,False,False,True,0.04412498697638512,-0.04414302483201027,0.14753061532974243,0.7653791904449463,0.7653791904449463,0.05999999865889549,0.046541836112737656,-0.020013203844428062,0.020013203844428062,0.009088375605642796,-0.006491357926279306,0.011166656389832497,0.05826957896351814,0.003183205844834447,0.0008457279182039201,-0.10120174288749695,0.14842554926872253,0.007653791923075914,0.007469226140528917,-0.004808128345757723,0.008883527480065823,0.05849991366267204,0-2deg,0.04-0.08,0.0,0.0,0.0,0.0
52,28,True,True,0.06796587258577347,0.06469738483428955,0.058124739676713943,0.2392502725124359,3.6999998092651367,0.9870956540107727,0.2704123556613922,-0.08517830818891525,0.0040693506598472595,0.2392502725124359,0.058124739676713943,-0.01957409642636776,-0.08985115587711334,0.8611477613449097,0.25985637307167053,0.2392156571149826,0.22669413685798645,>=0.15,False,True,False,True,True,False,False,False,True,0.05428479239344597,-0.07806051522493362,0.0238502100110054,0.06163864955306053,0.56462162733078,0.05999999865889549,0.058124739676713943,-0.020088709890842438,0.020088709890842438,-0.020242616534233093,0.008346079848706722,0.021894285455346107,0.011079002171754837,0.009929093532264233,0.007858163677155972,0.008239435963332653,0.2391083538532257,0.005646216217428446,-0.020248692482709885,0.007901408709585667,0.021735800430178642,0.01116515975445509,0-2deg,0.00-0.04,0.0,0.0,0.0,0.0
53,17,True,True,0.09596084803342819,0.08336573094129562,0.08934672176837921,0.23927514255046844,3.7200000286102295,1.1070970296859741,0.2795073688030243,0.011792948469519615,-0.039153847843408585,0.23927514255046844,0.08934672176837921,-0.0199877992272377,0.04752685874700546,1.412414789199829,0.4981429874897003,0.23604993522167206,0.23107267916202545,>=0.15,False,True,False,True,True,False,False,False,True,0.07620886713266373,-0.21455945074558258,0.06225430965423584,0.06105820834636688,0.2849118411540985,0.09999999403953552,0.08934672176837921,-0.02001064643263817,0.02001064643263817,-0.05999493598937988,0.03687882423400879,0.07041176408529282,0.044021643698215485,0.061823245137929916,0.0,-0.03443048894405365,0.23678500950336456,0.0028491183184087276,-0.05724500119686127,0.03919480741024017,0.06936530768871307,0.045888565480709076,4-6deg,0.04-0.08,0.0,0.0,0.0,0.0
54,35,True,False,0.12830112874507904,0.12652269005775452,0.0,0.0,2.740000009536743,1.0033639669418335,0.3356359302997589,0.05841479077935219,0.18120208382606506,0.34272101521492004,0.12347584217786789,-0.019976692274212837,-0.12177831679582596,0.9645609855651855,0.46226438879966736,0.29090115427970886,0.2316293716430664,>=0.15,True,True,False,True,False,False,False,True,True,0.12347584217786789,0.1617445945739746,0.3021529018878937,0.9155511260032654,0.9155511260032654,0.0,0.12347584217786789,-0.019976692274212837,0.019976692274212837,0.04324576258659363,0.049395617097616196,0.06563976407051086,0.037642091512680054,0.001423572306521237,0.001423572306521237,0.1617445945739746,0.3021529018878937,0.009155510924756527,0.04324576258659363,0.049395617097616196,0.06563976407051086,0.037642091512680054,2-4deg,0.00-0.04,0.0,0.0,0.0,0.0
55,12,True,True,0.08055669814348221,0.07373552024364471,0.07247071713209152,0.2590325176715851,3.7799999713897705,1.1360913515090942,0.24532857537269592,0.019985659047961235,-0.17473483085632324,0.2590325176715851,0.07247071713209152,-0.01923454739153385,0.19912226498126984,1.1345874071121216,0.48973286151885986,0.19122128188610077,0.18467654287815094,>=0.15,False,True,False,True,True,False,False,False,True,0.0600111223757267,-0.35428187251091003,0.23178046941757202,0.06503164768218994,0.22875343263149261,0.11999999731779099,0.07247071713209152,-0.020179813727736473,0.020179813727736473,-0.07010283321142197,-0.0703601986169815,0.09928146004676819,0.043862707912921906,0.11380631476640701,0.01531304232776165,-0.1914253830909729,0.17451119422912598,0.002287534298375249,-0.06548668444156647,-0.07084749639034271,0.09643984586000443,0.04899483546614647,4-6deg,0.04-0.08,0.0,0.0,0.0,0.0
56,37,True,True,0.09680578857660294,0.08884140104055405,0.09027502685785294,0.16939039528369904,2.859999895095825,1.3494384288787842,0.28060150146484375,-0.0038953262846916914,-0.039322298020124435,0.16939039528369904,0.09027502685785294,-0.02000505104660988,0.03891126811504364,1.328870177268982,0.4972284436225891,0.16476306319236755,0.16391076147556305,>=0.15,False,True,False,True,True,False,False,False,True,0.0813322365283966,-0.18973304331302643,0.14256258308887482,0.0388144925236702,0.21987669169902802,0.09999999403953552,0.09027502685785294,-0.02007949724793434,0.02007949724793434,-0.006207538768649101,-0.03008761815726757,0.030720269307494164,0.06340599060058594,0.05135881155729294,0.00048828125,-0.043789420276880264,0.16363249719142914,0.00219876691699028,-0.010124926455318928,-0.02682601660490036,0.02867269702255726,0.06399617344141006,0-2deg,0.04-0.08,0.0,0.0,0.0,0.0
57,47,True,True,0.06549899280071259,0.06414628028869629,0.055308904498815536,0.18302208185195923,3.819999933242798,1.1748985052108765,0.21300584077835083,-0.023646686226129532,-0.1570942997932434,0.18302208185195923,0.055308904498815536,-0.019908174872398376,0.1323440968990326,1.4519522190093994,0.5868970155715942,0.0939066931605339,0.09874775260686874,0.05-0.10,False,True,False,True,True,False,False,False,True,0.05228326469659805,-0.2856734097003937,0.1478159874677658,0.05480458214879036,0.18643924593925476,0.09999999403953552,0.055308904498815536,-0.019998420029878616,0.019998420029878616,0.016564998775720596,-0.01458931714296341,0.02207324653863907,0.03720648214221001,0.10070964694023132,0.0019223655108362436,-0.15799473226070404,0.0923837274312973,0.0018643924267962575,0.015676580369472504,-0.01740066148340702,0.023420225828886032,0.03648001328110695,0-2deg,0.00-0.04,0.0,0.0,0.0,0.0
58,6,True,False,0.27878156304359436,0.06240571290254593,0.0,0.0,4.0,1.4550763368606567,0.26859429478645325,-0.003827905748039484,-0.0593777596950531,0.20811761915683746,0.2766394019126892,-0.01989397592842579,0.0557076670229435,1.1190330982208252,0.28732991218566895,0.19946736097335815,0.1926262080669403,>=0.15,True,True,False,True,False,False,False,True,True,0.05064874142408371,-0.1215086355805397,0.05496919900178909,0.06193145737051964,0.5064803957939148,0.0,0.2766394019126892,-0.020103614777326584,0.020103614777326584,-0.06234339252114296,-0.003412921680137515,0.06243666633963585,0.0488227903842926,0.09018094837665558,0.002210787730291486,-0.045947182923555374,0.20298227667808533,0.005064803641289473,-0.04937642067670822,0.04722076654434204,0.06830810010433197,0.03872690349817276,2-4deg,0.04-0.08,0.0,0.0006905339541845024,0.0,0.0
59,40,True,True,0.11912553757429123,0.10869688540697098,0.11386565119028091,0.23160232603549957,4.059999942779541,0.9805803894996643,0.2345099002122879,0.007403955329209566,-0.008486110717058182,0.23160232603549957,0.11386565119028091,-0.019986260682344437,0.015764819458127022,1.2262977361679077,0.39573514461517334,0.23144680261611938,0.22670318186283112,>=0.15,False,True,False,True,True,False,False,False,True,0.10303729772567749,-0.155899316072464,0.14116372168064117,0.12356260418891907,0.2610059976577759,0.07999999821186066,0.11386565119028091,-0.019986260682344437,0.019986260682344437,-0.04956299066543579,-0.019941458478569984,0.05342128500342369,0.02848736196756363,0.011749296449124813,0.0003452669770922512,-0.011381756514310837,0.2313224822282791,0.0026100599206984043,-0.05123138800263405,-0.020077580586075783,0.05502152815461159,0.027305779978632927,2-4deg,0.00-0.04,0.0,0.0,0.0,0.0
60,49,True,True,0.061774842441082,0.05675133317708969,0.05089174956083298,0.26772668957710266,4.059999942779541,1.1870661973953247,0.2035921812057495,0.0070608025416731834,-0.029083216562867165,0.26772668957710266,0.05089174956083298,-0.019983574748039246,0.03856202960014343,1.2353181838989258,0.41572320461273193,0.266142338514328,0.2629297971725464,>=0.15,False,True,False,True,True,False,False,False,True,0.044096361845731735,-0.17975685000419617,0.0611465685069561,0.024048684164881706,0.20315401256084442,0.09999999403953552,0.05089174956083298,-0.01999340020120144,0.01999340020120144,-0.012645763345062733,-0.03263954073190689,0.0350034162402153,0.0530734620988369,0.009238747879862785,0.0003452669770922512,-0.020054973661899567,0.26697447896003723,0.0020315400324761868,-0.01660819537937641,-0.03107537142932415,0.03523428365588188,0.05342155694961548,2-4deg,0.04-0.08,0.0,0.0006905339541845024,0.0,0.0
61,13,True,True,0.04582376778125763,0.04535480588674545,0.029539680108428,0.1774221807718277,4.079999923706055,1.15194833278656,0.22151197493076324,-0.0461561344563961,-0.012627962976694107,0.1774221807718277,0.029539680108428,-0.019973967224359512,-0.03438164293766022,0.8582848310470581,0.3260144591331482,0.17697221040725708,0.1876641809940338,>=0.15,False,True,False,True,True,False,False,False,True,0.03126493841409683,-0.0990493893623352,0.15566161274909973,0.07419698685407639,0.33105161786079407,0.07999999821186066,0.029539680108428,-0.020013174042105675,0.020013174042105675,-0.007261147256940603,0.03659163415431976,0.037305381149053574,0.06570915877819061,0.0055242786183953285,0.00048828125,-0.00664549320936203,0.1772976815700531,0.0033105160109698772,-0.011151251383125782,0.037149034440517426,0.038786228746175766,0.06526344269514084,2-4deg,0.04-0.08,0.0,0.0,0.0,0.0
62,1,True,True,0.05605366826057434,0.05178993195295334,0.04383178800344467,0.27691397070884705,1.8199999332427979,1.2075636386871338,0.4987872540950775,-0.004951989743858576,-0.15042106807231903,0.27691397070884705,0.04383178800344467,-0.020034775137901306,0.14499834179878235,0.3360222280025482,0.1858309507369995,0.23249699175357819,0.21952630579471588,>=0.15,False,True,False,True,True,False,False,False,True,0.03815712779760361,-0.13884754478931427,0.11569751799106598,0.13189706206321716,0.254693865776062,0.05999999865889549,0.04383178800344467,-0.020034775137901306,0.020034775137901306,-0.00641272496432066,-0.06339042633771896,0.06371323019266129,0.006711885798722506,0.0006905339541845024,0.0006905339541845024,-0.1588951051235199,0.22678998112678528,0.0025469386018812656,-0.006324775982648134,-0.0636323094367981,0.06394591182470322,0.006162459962069988,2-4deg,0.00-0.04,0.0,0.0,0.0,0.0
63,61,True,True,0.055200766772031784,0.05186741054058075,0.04267393425107002,0.16197526454925537,4.179999828338623,0.9744436144828796,0.22007080912590027,0.008331047371029854,-0.001315571367740631,0.16197526454925537,0.04267393425107002,-0.019985323771834373,0.009546625427901745,0.9455016255378723,0.3079111874103546,0.16196992993354797,0.15716636180877686,>=0.15,False,True,False,True,True,False,False,False,True,0.03809355944395065,-0.09530670940876007,0.0544828437268734,0.024146107956767082,0.16722816228866577,0.07999999821186066,0.04267393425107002,-0.019995836541056633,0.019995836541056633,0.01592620275914669,0.05805404111742973,0.060196563601493835,0.023364853113889694,0.004580488428473473,0.0,-0.010390552692115307,0.1616416573524475,0.0016722815344110131,0.016857029870152473,0.05696261301636696,0.059401676058769226,0.024467062205076218,2-4deg,0.00-0.04,0.0,0.0,0.0,0.0
64,46,False,False,0.34609708189964294,0.34609708189964294,0.0,0.0,1.0799999237060547,2.232313871383667,0.5438024997711182,-1.4515020847320557,-1.435275673866272,1.9332903623580933,0.3327808380126953,-0.026914052665233612,0.0563238225877285,2.5165436267852783,1.420754313468933,1.2952202558517456,0.15021082758903503,>=0.15,True,True,False,False,False,False,False,True,False,0.0,0.0,0.0,0.0,0.0,0.0,0.3327808380126953,-0.026914052665233612,0.026914052665233612,0.0,0.0,0.0,0.0,0.0,0.4874817132949829,-1.3598861694335938,1.374161958694458,0.0,0.0515286959707737,-0.04861125349998474,0.07082484662532806,0.06808313727378845,0-2deg,0.00-0.04,0.0,0.0,0.0,0.0
65,48,True,True,0.07827828079462051,0.07294151932001114,0.07000380009412766,0.2191847264766693,4.279999732971191,1.2126396894454956,0.19035013020038605,0.0012504892656579614,-0.1235618069767952,0.2191847264766693,0.07000380009412766,-0.02002466842532158,0.12479701638221741,1.0410423278808594,0.4021958112716675,0.1810370832681656,0.1873042732477188,>=0.15,False,True,False,True,True,False,False,False,True,0.0637437105178833,-0.0969216451048851,0.07873387634754181,0.028116973116993904,0.28938788175582886,0.05999999865889549,0.07000380009412766,-0.020030735060572624,0.020030735060572624,-0.00936061330139637,0.0073742433451116085,0.011915533803403378,0.00901581160724163,0.007689479738473892,0.001091830083169043,-0.12572422623634338,0.17954209446907043,0.002893878845497966,-0.009634699672460556,0.007143562659621239,0.011995304375886917,0.008897272869944572,0-2deg,0.00-0.04,0.0,0.0,0.0,0.0
66,7,True,True,0.0646066814661026,0.0646066814661026,0.05428963527083397,0.1457984745502472,1.399999976158142,1.5553942918777466,0.6024628281593323,-0.001602799748070538,-0.10893882811069489,0.1457984745502472,0.05428963527083397,-0.02001524716615677,0.10650311410427094,0.5697850584983826,0.2712916135787964,0.09689956158399582,0.09375697374343872,0.05-0.10,False,True,False,True,True,False,False,False,True,0.05505969002842903,-0.26063454151153564,0.19801723957061768,0.15435391664505005,0.22841449081897736,0.09999999403953552,0.05428963527083397,-0.02001524716615677,0.02001524716615677,-0.07031044363975525,-0.004655109252780676,0.07046426832675934,0.02062792330980301,0.032703544944524765,0.0009134905994869769,-0.11059356480836868,0.09500662237405777,0.002284144749864936,-0.07137114554643631,-0.005772835109382868,0.07160388678312302,0.017975464463233948,4-6deg,0.00-0.04,0.0,0.0,0.0,0.0
67,27,True,True,0.11279658228158951,0.10067805647850037,0.10683189332485199,0.18775106966495514,2.700000047683716,1.5806381702423096,0.37268826365470886,0.009567302651703358,-0.08924219757318497,0.18775106966495514,0.10683189332485199,-0.0195611584931612,0.09975526481866837,0.728849470615387,0.3734876811504364,0.16518563032150269,0.2181604653596878,>=0.15,False,True,False,True,True,False,False,False,True,0.09458717703819275,-0.13878659904003143,0.1779068410396576,0.1890697181224823,0.1890697181224823,0.11999999731779099,0.10683189332485199,-0.02012719213962555,0.02012719213962555,-0.05275890603661537,-0.010332715697586536,0.053760673850774765,0.017531920224428177,0.004070640541613102,0.008856648579239845,-0.09166480600833893,0.16385367512702942,0.0018906971672549844,-0.05166033282876015,-0.008864833042025566,0.05241498351097107,0.019137799739837646,2-4deg,0.00-0.04,0.0,0.0,0.0,0.0
68,62,True,True,0.11857327818870544,0.11066330969333649,0.11330091953277588,0.22049003839492798,4.440000057220459,1.5514642000198364,0.2789820432662964,-0.016661236062645912,-0.114708811044693,0.22049003839492798,0.11330091953277588,-0.019998595118522644,0.10201149433851242,1.716181755065918,0.6484352350234985,0.18830227851867676,0.188405379652977,>=0.15,False,True,False,True,True,False,False,False,True,0.10646359622478485,-0.0972660481929779,0.13419421017169952,0.1252771019935608,0.1252771019935608,0.05999999865889549,0.11330091953277588,-0.019998595118522644,0.019998595118522644,0.03235462307929993,0.022541064769029617,0.039429567754268646,0.03382330760359764,0.00048828125,0.0007720404537394643,-0.11377662420272827,0.18886698782444,0.0012527710059657693,0.03274774178862572,0.021243279799818993,0.03903292119503021,0.03397968038916588,2-4deg,0.00-0.04,0.0,0.0,0.0,0.0
69,15,True,True,0.06667722016572952,0.0627296194434166,0.05674043297767639,0.1478419452905655,3.240000009536743,0.9182820320129395,0.21536681056022644,0.012749315239489079,0.045393578708171844,0.1478419452905655,0.05674043297767639,-0.02000356651842594,-0.03308764845132828,0.9664934873580933,0.36182907223701477,0.14070060849189758,0.12674109637737274,0.10-0.15,False,True,False,True,True,False,False,False,True,0.052314888685941696,0.07672657072544098,0.13934877514839172,0.8304741382598877,0.8304741382598877,0.05999999865889549,0.05674043297767639,-0.02002178318798542,0.02002178318798542,0.033691443502902985,0.037255313247442245,0.05022471398115158,0.05223856493830681,0.0019531252328306437,0.00048828125,0.0419091135263443,0.14177751541137695,0.008304741233587265,0.03573211655020714,0.03762199729681015,0.051880963146686554,0.05142183229327202,2-4deg,0.04-0.08,0.0,0.0,0.0,0.0
70,20,True,True,0.08527006953954697,0.08316868543624878,0.07745920866727829,0.19874195754528046,4.539999961853027,1.1999770402908325,0.22457794845104218,-0.02017766423523426,-0.15270178020000458,0.19874195754528046,0.07745920866727829,-0.019753752276301384,0.1327812820672989,1.4916529655456543,0.580467700958252,0.12720273435115814,0.21991267800331116,>=0.15,False,True,False,True,True,False,False,False,True,0.07558394968509674,-0.17051449418067932,0.1260472685098648,0.31302690505981445,0.31302690505981445,0.05999999865889549,0.07745920866727829,-0.020059021189808846,0.020059021189808846,-0.02076379768550396,0.028815513476729393,0.03551572561264038,0.029770037159323692,0.003469891846179962,0.0055134785361588,-0.1495455652475357,0.13089880347251892,0.003130269004032016,-0.02071182057261467,0.029986796900629997,0.036441996693611145,0.028849076479673386,2-4deg,0.00-0.04,0.0,0.0,0.0,0.0
71,57,True,True,0.11229512840509415,0.10536351799964905,0.1067848950624466,0.023196814581751823,1.399999976158142,1.0545244216918945,0.470238596200943,-0.0913548618555069,0.014196917414665222,0.023196814581751823,0.1067848950624466,-0.019645437598228455,-0.10552244633436203,0.8140174746513367,0.379955530166626,0.018345018848776817,0.070701003074646,0.05-0.10,False,True,False,True,True,False,False,False,True,0.11074331402778625,-0.31689149141311646,0.38445886969566345,0.2088468074798584,0.6670786142349243,0.2800000011920929,0.1067848950624466,-0.020042942836880684,0.020042942836880684,0.00605075154453516,-0.02339407615363598,0.024164345115423203,0.006253447383642197,0.03633550554513931,0.006677158176898956,0.014256199821829796,0.018298987299203873,0.006670786067843437,0.006255718879401684,-0.021562794223427773,0.02245079167187214,0.007972005754709244,0-2deg,0.00-0.04,0.0,0.0,0.0,0.0
72,53,True,True,0.08459781855344772,0.07376877963542938,0.0770156979560852,0.2478443831205368,4.079999923706055,1.2003203630447388,0.206011563539505,-0.03550605848431587,-0.17324650287628174,0.2478443831205368,0.0770156979560852,-0.019983157515525818,0.1354505717754364,1.1759618520736694,0.499849408864975,0.1772356927394867,0.17558053135871887,>=0.15,False,True,False,True,True,False,False,False,True,0.06481810659170151,-0.3572753369808197,0.07855208963155746,0.07547677308320999,0.7692394256591797,0.09999999403953552,0.0770156979560852,-0.0200556218624115,0.0200556218624115,-0.06325985491275787,0.00168596429284662,0.0632820874452591,0.01592288352549076,0.07700737565755844,0.00048828125,-0.1645188331604004,0.18536557257175446,0.007692394312471151,-0.06188296899199486,0.0016112281009554863,0.06190422549843788,0.018540387973189354,2-4deg,0.00-0.04,0.0,0.0,0.0,0.0
73,3,True,True,0.045394424349069595,0.04377136752009392,0.028904495760798454,0.18845082819461823,4.71999979019165,1.131047248840332,0.18120244145393372,-0.005970530677586794,-0.11582346260547638,0.18845082819461823,0.028904495760798454,-0.02001957595348358,0.11023598164319992,1.1630852222442627,0.4942280352115631,0.14865610003471375,0.1603633165359497,>=0.15,False,True,False,True,True,False,False,False,True,0.025465071201324463,-0.2771896421909332,0.1256416141986847,0.04997435212135315,0.21351054310798645,0.07999999821186066,0.028904495760798454,-0.02001957595348358,0.02001957595348358,0.019070306792855263,0.0013486556708812714,0.019118232652544975,0.005088436417281628,0.013650165870785713,0.0009134905994869769,-0.11513493955135345,0.1491899937391281,0.0021351054310798645,0.019328957423567772,0.0012481771409511566,0.019369134679436684,0.004168081097304821,0-2deg,0.00-0.04,0.0,0.0,0.0,0.0
74,22,True,True,0.06591910868883133,0.05934247002005577,0.055851247161626816,0.13576078414916992,1.6200000047683716,1.4312734603881836,0.4769352972507477,0.0060567050240933895,0.015538910403847694,0.13576078414916992,0.055851247161626816,-0.01999274455010891,-0.009688237681984901,0.43127772212028503,0.2311868518590927,0.1348685622215271,0.13776931166648865,0.10-0.15,False,True,False,True,True,False,False,False,True,0.04815762862563133,-0.046069253236055374,0.07650258392095566,0.35088860988616943,0.35088860988616943,0.07999999821186066,0.055851247161626816,-0.020122485235333443,0.020122485235333443,-0.01765471324324608,-0.03763141855597496,0.04156573861837387,0.030031384900212288,0.004991471767425537,0.0003452669770922512,0.020313985645771027,0.13423237204551697,0.0035088860895484686,-0.01590142212808132,-0.03712428733706474,0.04038570076227188,0.030797569081187248,2-4deg,0.00-0.04,0.0,0.0,0.0,0.0
75,45,True,True,0.08208030462265015,0.07780605554580688,0.07428086549043655,0.20046570897102356,3.919999837875366,1.0125541687011719,0.21650515496730804,-0.017672190442681313,-0.14375482499599457,0.20046570897102356,0.07428086549043655,-0.020030096173286438,0.12718656659126282,0.9548513293266296,0.33634427189826965,0.13971775770187378,0.19045747816562653,>=0.15,False,True,False,True,True,False,False,False,True,0.0698966234922409,-0.14021870493888855,0.007351977750658989,0.08007635921239853,0.13467805087566376,0.05999999865889549,0.07428086549043655,-0.020030096173286438,0.020030096173286438,-0.07334127277135849,0.06578268110752106,0.09848146140575409,0.02896212227642536,0.0,0.0006905339541845024,-0.15311264991760254,0.12939484417438507,0.001346780452877283,-0.07433705776929855,0.06525270640850067,0.09887411445379257,0.02747475728392601,4-6deg,0.00-0.04,0.0,0.0,0.0,0.0
76,8,True,True,0.07492385804653168,0.045492783188819885,0.06619330495595932,0.1556447148323059,2.0399999618530273,1.4062039852142334,0.42930424213409424,-0.11531112343072891,0.004807405173778534,0.1556447148323059,0.06619330495595932,-0.01951412670314312,-0.12155767530202866,0.47843676805496216,0.22826720774173737,0.15557044744491577,0.192321315407753,>=0.15,False,True,False,True,True,False,False,False,True,0.030372677370905876,-0.0750989243388176,0.26704853773117065,0.10266280919313431,0.32233214378356934,0.29999998211860657,0.06619330495595932,-0.020133374258875847,0.020133374258875847,0.00382117903791368,0.017537642270326614,0.01794748194515705,0.022870609536767006,0.024914951995015144,0.008789090439677238,0.003706670831888914,0.15560056269168854,0.0032233214005827904,0.0064857639372348785,0.011329969391226768,0.013056482188403606,0.025200266391038895,0-2deg,0.00-0.04,0.0,0.0,0.0,0.0
77,41,True,True,0.0798950344324112,0.07322108745574951,0.07183411717414856,0.2327468991279602,2.919999837875366,1.0133308172225952,0.3165379762649536,-0.025000156834721565,-0.18498726189136505,0.2327468991279602,0.07183411717414856,-0.01984591782093048,0.1588786244392395,1.3299440145492554,0.5532854795455933,0.14124742150306702,0.1513100266456604,>=0.15,False,True,False,True,True,False,False,False,True,0.06615787744522095,-0.1519452929496765,0.10821324586868286,0.08295674622058868,0.27143236994743347,0.05999999865889549,0.07183411717414856,-0.02003641054034233,0.02003641054034233,-0.07096084207296371,-0.001188120455481112,0.07097040861845016,0.00026218275888822973,0.008386529982089996,0.002990100998431444,-0.19424185156822205,0.12822332978248596,0.0027143235784024,-0.07095494121313095,-0.0011875495547428727,0.0709645226597786,0.0005575896357186139,4-6deg,0.00-0.04,0.0,0.0,0.0,0.0
78,21,True,False,0.22785267233848572,0.09314968436956406,0.0,0.0,3.740000009536743,0.8521332144737244,0.22224117815494537,0.002709390828385949,0.009085817262530327,0.12049220502376556,0.22515784204006195,-0.019992243498563766,-0.01255140732973814,0.9264211654663086,0.35220590233802795,0.1201491579413414,0.11765768378973007,0.10-0.15,True,True,False,True,False,False,False,True,True,0.08847653120756149,-0.09928251802921295,0.03545567765831947,0.47246411442756653,1.028601050376892,0.0,0.22515784204006195,-0.02016567811369896,0.02016567811369896,-0.07582509517669678,-0.002940431935712695,0.07588192820549011,0.005292199086397886,0.14694209396839142,0.00048828125,0.015899620950222015,0.11943857371807098,0.01028600987046957,-0.05726536735892296,0.0029356477316468954,0.05734089016914368,0.027076246216893196,4-6deg,0.00-0.04,0.0,0.0,0.0,0.0
79,63,True,True,0.08593136072158813,0.07788656651973724,0.07849154621362686,0.21347641944885254,2.799999952316284,1.1822468042373657,0.320975124835968,-0.016376089304685593,-0.11997118592262268,0.21347641944885254,0.07849154621362686,-0.020011544227600098,0.10639920830726624,0.8853365182876587,0.3489719033241272,0.17657604813575745,0.17570433020591736,>=0.15,False,True,False,True,True,False,False,False,True,0.07161089777946472,-0.09231206774711609,0.1863611489534378,0.03769667446613312,0.19078747928142548,0.05999999865889549,0.07849154621362686,-0.020029034465551376,0.020029034465551376,0.03683112561702728,0.008323467336595058,0.037759676575660706,0.03774774447083473,0.005556553136557341,0.0005980199784971774,-0.12628987431526184,0.17211349308490753,0.001907874713651836,0.03539910539984703,0.007789189461618662,0.03624515235424042,0.03866777569055557,2-4deg,0.00-0.04,0.0,0.0,0.0,0.0
80,55,True,True,0.0907929539680481,0.0849991887807846,0.0837830975651741,0.2132079005241394,3.5399999618530273,1.151012659072876,0.20290344953536987,-0.005348753184080124,-0.13130629062652588,0.2132079005241394,0.0837830975651741,-0.020022178068757057,0.12559042870998383,0.625445544719696,0.3267926573753357,0.167976975440979,0.16047240793704987,>=0.15,False,True,False,True,True,False,False,False,True,0.07694720476865768,-0.28262507915496826,0.14597618579864502,0.11658623069524765,0.5326796770095825,0.07999999821186066,0.0837830975651741,-0.020059887319803238,0.020059887319803238,-0.0650438740849495,0.04173364117741585,0.07726570963859558,0.02189406380057335,0.07740844041109085,0.00048828125,-0.1394108682870865,0.16131405532360077,0.005326796788722277,-0.06364403665065765,0.04169911891222,0.07607275247573853,0.024796584621071815,4-6deg,0.00-0.04,0.0,0.0,0.0,0.0
81,60,True,True,0.06618672609329224,0.06618672609329224,0.05597086250782013,0.1801774799823761,2.4600000381469727,1.2578486204147339,0.3422287404537201,-0.024274613708257675,-0.09604298323392868,0.1801774799823761,0.05597086250782013,-0.01969022862613201,0.07038230448961258,1.3054423332214355,0.33635756373405457,0.15244562923908234,0.2298765480518341,>=0.15,False,True,False,True,True,False,False,False,True,0.05812327191233635,-0.08331862837076187,0.19136536121368408,0.032431770116090775,0.045246440917253494,0.05999999865889549,0.05597086250782013,-0.019845211878418922,0.019845211878418922,-0.07417124509811401,-0.0049913846887648106,0.07433858513832092,0.009684405289590359,0.0034004871267825365,0.006632374133914709,-0.09004396200180054,0.15606410801410675,0.000452464388217777,-0.07379285991191864,-0.005197432357817888,0.07397495955228806,0.011895430274307728,4-6deg,0.00-0.04,0.0,0.0,0.0,0.0
82,0,True,True,0.10141801834106445,0.08865094184875488,0.09520717710256577,0.25223612785339355,2.9600000381469727,0.9010326862335205,0.22479559481143951,-0.02347881905734539,-0.14322113990783691,0.25223612785339355,0.09520717710256577,-0.019936762750148773,0.11770040541887283,0.9694825410842896,0.41125306487083435,0.20763131976127625,0.21094709634780884,>=0.15,False,True,False,True,True,False,False,False,True,0.08142273873090744,-0.4937516748905182,0.2076178640127182,0.032326146960258484,0.936100423336029,0.09999999403953552,0.09520717710256577,-0.019968343898653984,0.019968343898653984,-0.03297138586640358,-0.0004673268413171172,0.032974038273096085,0.022565623745322227,0.08427503705024719,0.0012918708380311728,-0.14855998754501343,0.20384550094604492,0.009361004456877708,-0.03448839113116264,0.000417917559389025,0.03449041023850441,0.021336549893021584,0-2deg,0.00-0.04,0.0,0.0,0.0,0.0
83,36,True,True,0.09016955643892288,0.06762728095054626,0.08309658616781235,0.049066439270973206,5.619999885559082,1.106451392173767,0.1607186496257782,-0.017879245802760124,-0.04775429517030716,0.049066439270973206,0.08309658616781235,-0.01998824253678322,0.030401546508073807,1.5457733869552612,0.5733931064605713,0.011271322146058083,0.13441555202007294,0.10-0.15,False,True,False,True,True,False,False,False,True,0.08910676091909409,-0.06191317364573479,0.16733302175998688,0.022350432351231575,0.07638811320066452,0.11999999731779099,0.08309658616781235,-0.020007016137242317,0.020007016137242317,-0.008859395980834961,0.04707033187150955,0.04789598286151886,0.011767536401748657,0.03243814781308174,0.0,-0.047224510461091995,0.013317681849002838,0.0007638811366632581,-0.009027021005749702,0.04575838893651962,0.04663956165313721,0.014683203771710396,2-4deg,0.00-0.04,0.0,0.0,0.0,0.0
84,2,True,True,0.04202815890312195,0.04020889103412628,0.023276252672076225,0.1720353066921234,3.1599998474121094,1.160135269165039,0.3525364100933075,-0.01700286753475666,-0.09620453417301178,0.1720353066921234,0.023276252672076225,-0.02000817097723484,0.07932166010141373,0.701458215713501,0.2962716519832611,0.14262130856513977,0.14603924751281738,0.10-0.15,False,True,False,True,True,False,False,False,True,0.01999654434621334,-0.09094628691673279,0.2059308886528015,0.5435338020324707,0.5435338020324707,0.05999999865889549,0.023276252672076225,-0.02016044594347477,0.02016044594347477,0.016648737713694572,0.012731955386698246,0.02095954120159149,0.006071396637707949,0.003049316583201289,0.0,-0.0944400355219841,0.14379578828811646,0.005435337778180838,0.016495639458298683,0.012533052824437618,0.020716389641165733,0.006479118950664997,0-2deg,0.00-0.04,0.0,0.0,0.0,0.0
85,56,True,True,0.07290181517601013,0.06599738448858261,0.0635853037238121,0.22861821949481964,3.559999942779541,1.3508380651474,0.2820156514644623,-0.009664556011557579,-0.1786440759897232,0.22861821949481964,0.0635853037238121,-0.019631359726190567,0.16908302903175354,1.4268240928649902,0.543035089969635,0.14266248047351837,0.1366322636604309,0.10-0.15,False,True,False,True,True,False,False,False,True,0.05577663332223892,-0.32616180181503296,0.1509493887424469,0.08247347921133041,0.1952609419822693,0.07999999821186066,0.0635853037238121,-0.02002151682972908,0.02002151682972908,-0.012150305323302746,0.014027570374310017,0.018558166921138763,0.008118730038404465,0.014071599580347538,0.007437295746058226,-0.17743347585201263,0.14416536688804626,0.0019526093965396285,-0.012613503262400627,0.01393087301403284,0.01879117637872696,0.007657940033823252,0-2deg,0.00-0.04,0.0,0.0,0.0,0.0
86,18,True,True,0.10994313657283783,0.10003849118947983,0.10423071682453156,0.28860750794410706,2.9600000381469727,1.292942762374878,0.25001516938209534,-0.030983924865722656,-0.17242379486560822,0.28860750794410706,0.10423071682453156,-0.020004944875836372,0.13813245296478271,0.8349754810333252,0.3603518605232239,0.2314397096633911,0.24034947156906128,>=0.15,False,True,False,True,True,False,False,False,True,0.09654346108436584,-0.31268858909606934,0.17019329965114594,0.11045636236667633,0.20855054259300232,0.09999999403953552,0.10423071682453156,-0.02008792944252491,0.02008792944252491,0.00712541351094842,0.03781875967979431,0.038483768701553345,0.029333041980862617,0.08200843632221222,0.0003452669770922512,-0.16859883069992065,0.23424077033996582,0.002085505286231637,0.00685163913294673,0.035454161465168,0.03611002489924431,0.030169183388352394,2-4deg,0.00-0.04,0.0,0.0,0.0,0.0
87,43,True,True,0.0869530439376831,0.08269601315259933,0.07956738024950027,0.18914838135242462,3.6999998092651367,1.1510436534881592,0.21948450803756714,0.007566174957901239,-0.12754686176776886,0.18914838135242462,0.07956738024950027,-0.019999269396066666,0.1358988732099533,0.8518139123916626,0.4456581175327301,0.13967429101467133,0.13792993128299713,0.10-0.15,False,True,False,True,True,False,False,False,True,0.07570843398571014,-0.09802265465259552,0.1537860631942749,0.5338972806930542,0.5338972806930542,0.05999999865889549,0.07956738024950027,-0.020023897290229797,0.020023897290229797,0.015138167887926102,0.013778054155409336,0.020470350980758667,0.014527486637234688,0.0037664202973246574,0.0011960400734096766,-0.124974824488163,0.14198029041290283,0.0053389729000627995,0.015702448785305023,0.013889611698687077,0.020962383598089218,0.014232144691050053,0-2deg,0.00-0.04,0.0,0.0,0.0,0.0
88,24,True,True,0.05720691755414009,0.05714099854230881,0.045265890657901764,0.1637209951877594,2.759999990463257,1.4312976598739624,0.3576619029045105,-8.815544788376428e-06,-0.09787096083164215,0.1637209951877594,0.045265890657901764,-0.020010903477668762,0.0987728089094162,0.6206597089767456,0.36396029591560364,0.13124723732471466,0.13026510179042816,0.10-0.15,False,True,False,True,True,False,False,False,True,0.04669485613703728,-0.22831414639949799,0.12644149363040924,0.061117082834243774,0.4598378539085388,0.07999999821186066,0.045265890657901764,-0.020010903477668762,0.020010903477668762,-0.03757193312048912,-0.057229675352573395,0.06844941526651382,0.0192593801766634,0.04318658262491226,0.0008457279182039201,-0.08970550447702408,0.13695798814296722,0.004598378203809261,-0.03867729380726814,-0.05695893242955208,0.06883786618709564,0.018697207793593407,2-4deg,0.00-0.04,0.0,0.0,0.0,0.0
89,29,True,True,0.11048856377601624,0.10461784899234772,0.1048014760017395,0.16061851382255554,2.319999933242798,1.157179832458496,0.3262900710105896,-0.01741546392440796,-0.07697367668151855,0.16061851382255554,0.1048014760017395,-0.020005982369184494,0.06311877816915512,0.8645516633987427,0.4529068171977997,0.14097289741039276,0.1562691032886505,>=0.15,False,True,False,True,True,False,False,False,True,0.09867656975984573,-0.21697689592838287,0.18521052598953247,0.04787791520357132,0.16104337573051453,0.07999999821186066,0.1048014760017395,-0.020005982369184494,0.020005982369184494,0.07112991064786911,0.0022774797398597,0.07116599380970001,0.04935961961746216,0.005258955992758274,0.0003452669770922512,-0.07950929552316666,0.13955850899219513,0.0016104336827993393,0.07117354869842529,0.005235237069427967,0.07136521488428116,0.04924139007925987,4-6deg,0.04-0.08,0.0,0.0,0.0,0.0
90,17,True,True,0.0763608068227768,0.07498632371425629,0.06782954186201096,0.11614013463258743,2.319999933242798,0.9050308465957642,0.2811548709869385,0.02413199469447136,0.07691439986228943,0.11614013463258743,0.06782954186201096,-0.02000274881720543,-0.05345664918422699,0.6851913928985596,0.34839415550231934,0.08702129125595093,0.10707159340381622,0.10-0.15,False,True,False,True,True,False,False,False,True,0.0662081390619278,-0.19423142075538635,0.18791703879833221,0.1188611388206482,0.4518958032131195,0.07999999821186066,0.06782954186201096,-0.02000274881720543,0.02000274881720543,0.07219251990318298,0.018572665750980377,0.074538953602314,0.0075211250223219395,0.015125044621527195,0.0018269813153892756,0.0716639831662178,0.09139367938041687,0.004518957808613777,0.07245811074972153,0.01885356940329075,0.0748663991689682,0.0054102432914078236,4-6deg,0.00-0.04,0.0,0.0,0.0,0.0
91,25,True,False,0.2596723139286041,0.0644548237323761,0.0,0.0,6.059999942779541,1.0248304605484009,0.1938660591840744,-0.0035360679030418396,-0.08879387378692627,0.20688143372535706,0.25729575753211975,-0.02000521682202816,0.08261117339134216,1.686903953552246,0.4624679982662201,0.18685708940029144,0.18475425243377686,>=0.15,True,True,False,True,False,False,False,True,True,0.05746040120720863,-0.06238451972603798,0.1759781837463379,0.09359138458967209,0.7986530661582947,0.0,0.25729575753211975,-0.02016322873532772,0.02016322873532772,0.06089092791080475,-0.008866656571626663,0.06153217703104019,0.05384897068142891,0.05464522913098335,0.0005980199784971774,-0.08601021766662598,0.18815463781356812,0.007986530661582947,0.08128461986780167,-0.01351453922688961,0.08239825069904327,0.022697914391756058,2-4deg,0.04-0.08,0.0,0.0,0.0,0.0
92,58,True,True,0.0917971059679985,0.08498453348875046,0.08486506342887878,0.21580569446086884,2.919999837875366,1.0173189640045166,0.2494945228099823,-0.029723316431045532,-0.15441522002220154,0.21580569446086884,0.08486506342887878,-0.01999511756002903,0.12628428637981415,0.7997446060180664,0.39617830514907837,0.15075820684432983,0.15979908406734467,>=0.15,False,True,False,True,True,False,False,False,True,0.0787811353802681,-0.10736195743083954,0.15822738409042358,0.8096770644187927,0.8096770644187927,0.05999999865889549,0.08486506342887878,-0.020013907924294472,0.020013907924294472,0.0067635211162269115,0.009489152580499649,0.01165250688791275,0.022288082167506218,0.0006905339541845024,0.0,-0.1552024483680725,0.1499476432800293,0.008096770383417606,0.007160325068980455,0.008685904555022717,0.011257033795118332,0.022504106163978577,0-2deg,0.00-0.04,0.0,0.0,0.0,0.0
93,31,True,True,0.057338897138834,0.05672702565789223,0.0440807119011879,0.07409496605396271,3.179999828338623,1.2001272439956665,0.31149816513061523,-0.05553216487169266,-0.004311133176088333,0.07409496605396271,0.0440807119011879,-0.018996475264430046,-0.05110156163573265,0.5024650692939758,0.2567351758480072,0.07396943867206573,0.2398938238620758,>=0.15,False,True,False,True,True,False,False,False,True,0.04111889377236366,-0.08449333161115646,0.061886969953775406,0.035343848168849945,0.04022087901830673,0.11999999731779099,0.0440807119011879,-0.018996475264430046,0.018996475264430046,0.0336075983941555,-0.039345644414424896,0.051739394664764404,0.05073158070445061,0.06388711929321289,0.019864432513713837,-0.007797583471983671,0.07368352264165878,0.00040220876690000296,0.028394319117069244,-0.03929135203361511,0.048472654074430466,0.053481291979551315,2-4deg,0.04-0.08,0.0,0.0,0.0,0.0
94,26,True,True,0.09990530461072922,0.09135226160287857,0.09357389807701111,0.2652278244495392,3.0799999237060547,1.2125911712646484,0.3168903589248657,-0.009223705157637596,-0.13214579224586487,0.2652278244495392,0.09357389807701111,-0.02003091387450695,0.12141940742731094,0.7694717049598694,0.29921966791152954,0.22996366024017334,0.22871023416519165,>=0.15,False,True,False,True,True,False,False,False,True,0.0845625102519989,-0.11741431057453156,0.14163896441459656,0.21402093768119812,0.3091697692871094,0.05999999865889549,0.09357389807701111,-0.02003091387450695,0.02003091387450695,0.0047119553200900555,-0.042669087648391724,0.042927633970975876,0.03639654442667961,0.0,0.0009134905994869769,-0.12638451159000397,0.23317965865135193,0.003091697581112385,0.004809320438653231,-0.04118677228689194,0.041466642171144485,0.03787066787481308,2-4deg,0.00-0.04,0.0,0.0,0.0,0.0
95,32,True,True,0.10392771661281586,0.08110275119543076,0.09784729033708572,0.22121410071849823,3.259999990463257,1.1212444305419922,0.2255268692970276,0.01509907841682434,0.058605704456567764,0.22121410071849823,0.09784729033708572,-0.019968459382653236,-0.043452560901641846,1.3210639953613281,0.5029636025428772,0.21330976486206055,0.20758622884750366,>=0.15,False,True,False,True,True,False,False,False,True,0.08896418660879135,-0.17980048060417175,0.15687189996242523,0.07776738703250885,0.4589356482028961,0.09999999403953552,0.09784729033708572,-0.02021167241036892,0.02021167241036892,0.05478987470269203,0.07810065150260925,0.09537047892808914,0.020146839320659637,0.06819973140954971,0.0003452669770922512,0.05495424196124077,0.21427951753139496,0.004589356482028961,0.05541422963142395,0.07947982847690582,0.09685739129781723,0.017695095390081406,4-6deg,0.00-0.04,0.0,0.0006905339541845024,0.0,0.0
96,54,True,True,0.05902254208922386,0.05881684273481369,0.04739006608724594,0.05666469782590866,3.059999942779541,0.947132408618927,0.2826193571090698,-0.08860898017883301,0.038567446172237396,0.05666469782590866,0.04739006608724594,-0.018138667568564415,-0.12498694658279419,1.1752935647964478,0.45115959644317627,0.04151433706283569,0.06079000234603882,0.05-0.10,False,True,False,True,True,False,False,False,True,0.04923684149980545,-0.11429231613874435,0.10149814933538437,0.21362459659576416,0.8492990732192993,0.09999999403953552,0.04739006608724594,-0.020044803619384766,0.020044803619384766,0.005102448631078005,-0.0238222423940897,0.024363340809941292,0.058322541415691376,0.07665403932332993,0.03862140327692032,0.03910370543599129,0.04100961238145828,0.008492990396916866,0.0005526065360754728,-0.02485019713640213,0.02485746517777443,0.058259788900613785,0-2deg,0.04-0.08,0.0,0.0,0.0,0.0
97,7,True,True,0.08190194517374039,0.07145482301712036,0.07403691858053207,0.17264500260353088,2.1399998664855957,0.8714643716812134,0.2689621150493622,0.011135543696582317,0.027847591787576675,0.17264500260353088,0.07403691858053207,-0.019979901611804962,-0.016302384436130524,0.6263875365257263,0.34711334109306335,0.17038428783416748,0.16159376502037048,>=0.15,False,True,False,True,True,False,False,False,True,0.06345070898532867,-0.23525641858577728,0.053956981748342514,0.041156105697155,0.3036027252674103,0.09999999403953552,0.07403691858053207,-0.020014654844999313,0.020014654844999313,-0.05627341568470001,0.04978860914707184,0.07512017339468002,0.030953576788306236,0.09467315673828125,0.0,0.040786731988191605,0.16775797307491302,0.0030360270757228136,-0.05857859179377556,0.05031482130289078,0.07720159739255905,0.02814248576760292,4-6deg,0.00-0.04,0.0,0.0,0.0,0.0
98,19,True,True,0.035707421600818634,0.035707421600818634,0.005126067437231541,0.03858110308647156,4.21999979019165,1.0004292726516724,0.24205848574638367,-0.06843537837266922,-0.001000717282295227,0.03858110308647156,0.005126067437231541,-0.019679803401231766,-0.06683910638093948,0.9544901847839355,0.34455248713493347,0.038568124175071716,0.07152965664863586,0.05-0.10,False,True,False,True,True,False,False,False,True,0.009769998490810394,-0.09845473617315292,0.03052978590130806,0.06512479484081268,0.06512479484081268,0.11999999731779099,0.005126067437231541,-0.019679803401231766,0.019679803401231766,-0.0035781189799308777,0.057411469519138336,0.05752261355519295,0.037888381630182266,0.057049982249736786,0.00586954690515995,0.0013545630499720573,0.03855731710791588,0.0006512479158118367,-0.0035678683780133724,0.06102798879146576,0.06113250181078911,0.034407202154397964,2-4deg,0.00-0.04,0.0,0.0,0.0,0.0
99,51,True,True,0.10530825704336166,0.06675069034099579,0.099848672747612,0.16147296130657196,3.3999998569488525,0.9836705923080444,0.22468110918998718,-0.09334441274404526,0.01787322759628296,0.16147296130657196,0.099848672747612,-0.014808140695095062,-0.10648646205663681,1.1037490367889404,0.3863467574119568,0.16048073768615723,0.21295695006847382,>=0.15,False,True,False,True,True,False,False,False,True,0.055114854127168655,-0.13112685084342957,0.1019442230463028,0.1696208119392395,0.1696208119392395,0.2800000011920929,0.099848672747612,-0.017027629539370537,0.017027629539370537,-0.0813877061009407,-0.01997849904000759,0.08379855751991272,0.07501065731048584,0.08153484761714935,0.08466006815433502,0.03091634064912796,0.15848563611507416,0.0016962080262601376,-0.08618251979351044,-0.0014633660903200507,0.08619483560323715,0.07259376347064972,4-6deg,0.04-0.08,0.0,0.0,0.0,0.0
100,33,True,True,0.10079889744520187,0.094589464366436,0.09449572116136551,0.22343134880065918,3.259999990463257,1.229787826538086,0.2691664695739746,-0.02281465381383896,-0.12367613613605499,0.22343134880065918,0.09449572116136551,-0.019967447966337204,0.09874536842107773,0.8263418078422546,0.35716620087623596,0.18608005344867706,0.17462238669395447,>=0.15,False,True,False,True,True,False,False,False,True,0.08702094852924347,-0.2442239671945572,0.040813010185956955,0.023078937083482742,0.4841945469379425,0.07999999821186066,0.09449572116136551,-0.019997915253043175,0.019997915253043175,0.05699068680405617,-0.009420226328074932,0.05776367336511612,0.03734592720866203,0.05304376780986786,0.0007720404537394643,-0.13330033421516418,0.17931142449378967,0.004841945134103298,0.059126097708940506,-0.009087970480322838,0.05981988459825516,0.03467746451497078,2-4deg,0.00-0.04,0.0,0.0,0.0,0.0
101,27,True,True,0.12240632623434067,0.10829537361860275,0.11728250235319138,0.22741194069385529,2.200000047683716,1.1249713897705078,0.2769443988800049,0.022665901109576225,0.11683070659637451,0.22741194069385529,0.11728250235319138,-0.020035410299897194,-0.09026270359754562,0.7502864599227905,0.2843194901943207,0.195107102394104,0.19152326881885529,>=0.15,False,True,False,True,True,False,False,False,True,0.1025819256901741,0.07609754800796509,0.2029060572385788,0.6161994934082031,0.6161994934082031,0.11999999731779099,0.11728250235319138,-0.020133867859840393,0.020133867859840393,-0.03125588595867157,0.0001564553240314126,0.03125699609518051,0.029713431373238564,0.0016558425268158317,0.0018911053193733096,0.11145313829183578,0.1982281357049942,0.006161994766443968,-0.028192777186632156,0.00014707956870552152,0.028192568570375443,0.03151799738407135,0-2deg,0.00-0.04,0.0,0.0,0.0,0.0
102,0,True,True,0.11709156632423401,0.10707543790340424,0.11173161119222641,0.2830687165260315,1.1200000047683716,1.1609894037246704,0.46209773421287537,-0.034774281084537506,-0.20794427394866943,0.2830687165260315,0.11173161119222641,-0.01999526657164097,0.16900663077831268,0.43285495042800903,0.31147536635398865,0.19206008315086365,0.18033726513385773,>=0.15,False,True,False,True,True,False,False,False,True,0.10160910338163376,-0.29567354917526245,0.13077639043331146,0.04088672623038292,0.1071883887052536,0.07999999821186066,0.11173161119222641,-0.01999526657164097,0.01999526657164097,-0.04505511745810509,-0.03471037745475769,0.056867800652980804,0.025097893550992012,0.041375964879989624,0.0,-0.19803719222545624,0.20226013660430908,0.0010718838311731815,-0.04514872655272484,-0.03318772092461586,0.05602789297699928,0.025758305564522743,2-4deg,0.00-0.04,0.0,0.0,0.0,0.0
103,9,True,True,0.07898364216089249,0.0738881304860115,0.07088398188352585,0.0849260613322258,3.2799999713897705,1.3013869524002075,0.3165551424026489,-0.0690888836979866,0.00202777236700058,0.0849260613322258,0.07088398188352585,-0.019050948321819305,-0.07109350711107254,0.6927708387374878,0.29607558250427246,0.0849018469452858,0.09928759187459946,0.05-0.10,False,True,False,True,True,False,False,False,True,0.0653153583407402,-0.08693534135818481,0.020269177854061127,0.07592187821865082,0.08241124451160431,0.09999999403953552,0.07088398188352585,-0.019050948321819305,0.019050948321819305,-0.007925805635750294,-0.022822216153144836,0.02415940910577774,0.006972679868340492,0.05991552025079727,0.018221059814095497,0.0034514651633799076,0.08485589176416397,0.0008241124451160431,-0.008321377448737621,-0.022394094616174698,0.023888951167464256,0.007624421268701553,0-2deg,0.00-0.04,0.0,0.0,0.0,0.0
104,11,True,True,0.08822645246982574,0.08822645246982574,0.08096879720687866,0.13581527769565582,3.6999998092651367,1.3179476261138916,0.2500542104244232,-0.007623940706253052,-0.008049476891756058,0.13581527769565582,0.08096879720687866,-0.019993677735328674,0.00016008206875994802,0.6834684014320374,0.31290367245674133,0.135576531291008,0.22211302816867828,>=0.15,False,True,False,True,True,False,False,False,True,0.09018157422542572,-0.09285900741815567,0.18593446910381317,0.04104062169790268,0.15041442215442657,0.09999999403953552,0.08096879720687866,-0.019993677735328674,0.019993677735328674,0.00030190494726412,0.033003006130456924,0.0330047607421875,0.002060188911855221,0.0273424219340086,0.0003452669770922512,-0.007176701445132494,0.13562554121017456,0.0015041441656649113,0.0003419147979002446,0.03307965397834778,0.033080536872148514,0.0005004406557418406,0-2deg,0.00-0.04,0.0,0.0,0.0,0.0
105,22,True,True,0.0933578684926033,0.08979509025812149,0.08648192137479782,0.2961256206035614,1.9799998998641968,1.3990918397903442,0.43797174096107483,-0.006545327138155699,-0.18624922633171082,0.2961256206035614,0.08648192137479782,-0.019648559391498566,0.18215559422969818,0.5642767548561096,0.3338603377342224,0.230220764875412,0.23389746248722076,>=0.15,False,True,False,True,True,False,False,False,True,0.08269372582435608,-0.13930174708366394,0.2192016988992691,0.08044788986444473,0.1576770842075348,0.05999999865889549,0.08648192137479782,-0.02001502923667431,0.02001502923667431,-0.07235027849674225,-0.049539025872945786,0.08766061067581177,0.03288876265287399,0.006157001946121454,0.006956950761377811,-0.18365678191184998,0.23229412734508514,0.0015767707955092192,-0.07283351570367813,-0.04830574244260788,0.08737283200025558,0.03334574028849602,4-6deg,0.00-0.04,0.0,0.0,0.0,0.0
106,18,False,False,0.30138927698135376,0.30138927698135376,0.0,0.0,1.059999942779541,2.8143606185913086,0.911982536315918,-1.9961081743240356,-1.8199561834335327,2.6314587593078613,0.28951600193977356,-0.003786882385611534,-0.13197271525859833,2.4562153816223145,1.4707974195480347,1.9006142616271973,0.17986172437667847,>=0.15,True,True,False,False,False,False,False,True,False,0.0,0.0,0.0,0.0,0.0,0.0,0.28951600193977356,-0.003786882385611534,0.003786882385611534,0.0,0.0,0.0,0.0,0.0,0.2782573401927948,-1.7716703414916992,1.9457027912139893,0.0,0.020797280594706535,0.06013204902410507,0.06362330168485641,0.03289433568716049,0-2deg,0.00-0.04,0.0,0.0,0.0,0.0
107,23,True,True,0.08476636558771133,0.08072979003190994,0.0771903544664383,0.1644468754529953,3.2799999713897705,1.0314106941223145,0.29063063859939575,0.012309187091886997,-0.0742797702550888,0.1644468754529953,0.0771903544664383,-0.020006390288472176,0.08912442624568939,1.106147289276123,0.4051893353462219,0.146714985370636,0.13639743626117706,0.10-0.15,False,True,False,True,True,False,False,False,True,0.07136326283216476,-0.2731260061264038,0.12922559678554535,0.07637561112642288,0.5642122030258179,0.07999999821186066,0.0771903544664383,-0.02016996219754219,0.02016996219754219,-0.07047447562217712,-0.005042231176048517,0.07065449655056,0.03846534714102745,0.06924395263195038,0.0006905339541845024,-0.08236333727836609,0.14233429729938507,0.005642122123390436,-0.06885673850774765,-0.006719499360769987,0.06918362528085709,0.03920707851648331,4-6deg,0.00-0.04,0.0,0.0,0.0,0.0
108,59,True,True,0.036479685455560684,0.036215461790561676,0.01034350972622633,0.12777264416217804,3.5399999618530273,0.9764334559440613,0.18515893816947937,0.003716259729117155,-0.08076699823141098,0.12777264416217804,0.01034350972622633,-0.02001090534031391,0.0843636766076088,0.7181878685951233,0.39542463421821594,0.09900778532028198,0.10100863128900528,0.10-0.15,False,True,False,True,True,False,False,False,True,0.009958179667592049,-0.30699262022972107,0.16997137665748596,0.06967125087976456,0.2494577169418335,0.09999999403953552,0.01034350972622633,-0.02001090534031391,0.02001090534031391,0.003697948297485709,-0.07108412683010101,0.07118023931980133,0.024211419746279716,0.10699354112148285,0.0009134905994869769,-0.08751626312732697,0.09309539943933487,0.0024945770855993032,0.004134079907089472,-0.07278115302324295,0.07289855182170868,0.01958407647907734,4-6deg,0.00-0.04,0.0,0.0,0.0,0.0
109,61,True,True,0.0837913379073143,0.07346198707818985,0.07612178474664688,0.2395649403333664,2.799999952316284,1.2580353021621704,0.3194734752178192,0.008488536812365055,-0.042743388563394547,0.2395649403333664,0.07612178474664688,-0.019983626902103424,0.05356275290250778,0.7795768976211548,0.35075363516807556,0.2357209473848343,0.22991807758808136,>=0.15,False,True,False,True,True,False,False,False,True,0.06460945308208466,-0.2145431935787201,0.06382451206445694,0.11074893921613693,0.2692912220954895,0.07999999821186066,0.07612178474664688,-0.019985754042863846,0.019985754042863846,0.007828166708350182,0.061395153403282166,0.06189170107245445,0.046163056045770645,0.008917013183236122,0.0003452669770922512,-0.030591094866394997,0.23760375380516052,0.0026929122395813465,0.009024806320667267,0.06380093842744827,0.06443559378385544,0.04338908568024635,2-4deg,0.04-0.08,0.0,0.0,0.0,0.0
110,10,True,True,0.12197386473417282,0.11169324070215225,0.1168217808008194,0.23699572682380676,3.6999998092651367,1.0383294820785522,0.2642339766025543,0.010441184043884277,0.0697244256734848,0.23699572682380676,0.1168217808008194,-0.02001793310046196,-0.056765325367450714,1.7142653465270996,0.5539036393165588,0.22650712728500366,0.22216303646564484,>=0.15,False,True,False,True,True,False,False,False,True,0.10614290088415146,-0.11541904509067535,0.10161043703556061,0.14994476735591888,0.45948782563209534,0.07999999821186066,0.1168217808008194,-0.02001793310046196,0.02001793310046196,-0.0033617441076785326,4.4346630602376536e-05,0.0033652479760348797,0.025172946974635124,0.004771689418703318,0.0015440810238942504,0.06934662163257599,0.22662308812141418,0.004594878293573856,-0.0036476836539804935,-0.0014376170001924038,0.003921481315046549,0.025128992274403572,0-2deg,0.00-0.04,0.0,0.0,0.0,0.0
111,30,True,True,0.0848567858338356,0.05767647176980972,0.07723943889141083,0.16843193769454956,4.599999904632568,1.0849013328552246,0.20548145473003387,0.018605981022119522,0.10991110652685165,0.16843193769454956,0.07723943889141083,-0.02004826068878174,-0.09097067266702652,1.8548640012741089,0.4525173604488373,0.12762783467769623,0.13240696489810944,0.10-0.15,False,True,False,True,True,False,False,False,True,0.048537787050008774,-0.015008869580924511,0.12512999773025513,0.09480549395084381,0.9490224123001099,0.4399999976158142,0.07723943889141083,-0.02016696147620678,0.02016696147620678,-0.03877135366201401,-0.08501969277858734,0.09342342615127563,0.043320149183273315,0.0878843143582344,0.0033652479760348797,0.12108950316905975,0.11707540601491928,0.009490223601460457,-0.055248282849788666,-0.08178441971540451,0.09866254776716232,0.040464479476213455,4-6deg,0.04-0.08,0.0,0.0,0.0,0.0
112,34,True,True,0.05120447650551796,0.05120447650551796,0.03749836981296539,0.0943765938282013,4.139999866485596,1.330914855003357,0.21571239829063416,0.0028693205676972866,0.03393379598855972,0.0943765938282013,0.03749836981296539,-0.020061062648892403,-0.03079170547425747,0.9552078247070312,0.3685779571533203,0.08806496858596802,0.23574183881282806,>=0.15,False,True,False,True,True,False,False,False,True,0.09824399650096893,-0.19714505970478058,0.1613871455192566,0.05348840355873108,0.2759172320365906,1.459999918937683,0.03749836981296539,-0.020061062648892403,0.020061062648892403,0.04072722792625427,0.024883901700377464,0.04772387444972992,0.02304001711308956,0.005960240960121155,0.002560569206252694,0.03163008391857147,0.08891838788986206,0.002759172348305583,0.05559253692626953,0.014383419416844845,0.057420916855335236,0.013270887546241283,2-4deg,0.00-0.04,0.0,0.0,0.0,0.0
113,35,True,True,0.09883975237607956,0.08954176306724548,0.09242788702249527,0.25269317626953125,3.319999933242798,1.3144646883010864,0.28487879037857056,-0.01102959830313921,-0.1812850683927536,0.25269317626953125,0.09242788702249527,-0.020027827471494675,0.1762656718492508,1.0785341262817383,0.4291364848613739,0.17603854835033417,0.18489541113376617,>=0.15,False,True,False,True,True,False,False,False,True,0.08546844124794006,-0.17297577857971191,0.18900111317634583,0.16833506524562836,0.23107057809829712,0.05999999865889549,0.09242788702249527,-0.020027827471494675,0.020027827471494675,0.005308158230036497,-0.01443945150822401,0.015382948331534863,0.06330540031194687,0.010563187301158905,0.001091830083169043,-0.1824405938386917,0.17484070360660553,0.0023107058368623257,0.0032462102826684713,-0.012959323823451996,0.01335885375738144,0.06359203159809113,0-2deg,0.04-0.08,0.0,0.0,0.0,0.0
114,52,True,True,0.06842377036809921,0.06549054384231567,0.05876568704843521,0.1236029863357544,4.539999961853027,1.058821201324463,0.18676555156707764,0.0006732636247761548,0.07426293939352036,0.1236029863357544,0.05876568704843521,-0.02004855126142502,-0.07539629936218262,1.2318922281265259,0.42898333072662354,0.09880644828081131,0.10851439088582993,0.10-0.15,False,True,False,True,True,False,False,False,True,0.05709843710064888,-0.09172485023736954,0.10023830831050873,0.1388893872499466,0.4562968909740448,0.11999999731779099,0.05876568704843521,-0.020070163533091545,0.020070163533091545,-0.004979423247277737,0.04608434811234474,0.04635230451822281,0.046974096447229385,0.014029175974428654,0.0018269813153892756,0.07061189413070679,0.10144781321287155,0.0045629688538610935,-0.009653071872889996,0.04597543925046921,0.04697712883353233,0.046528518199920654,2-4deg,0.04-0.08,0.0,0.0,0.0,0.0
115,37,True,True,0.0945565402507782,0.08356662094593048,0.087798573076725,0.2311612069606781,3.3399999141693115,1.0180937051773071,0.27708113193511963,0.019000081345438957,0.07104558497667313,0.2311612069606781,0.087798573076725,-0.0200114157050848,-0.05267571285367012,1.1819519996643066,0.40461990237236023,0.21997280418872833,0.22170491516590118,>=0.15,False,True,False,True,True,False,False,False,True,0.07617373019456863,-0.17958305776119232,0.12013298273086548,0.2202184498310089,0.40941351652145386,0.07999999821186066,0.087798573076725,-0.020023392513394356,0.020023392513394356,0.006890472024679184,-0.015060358680784702,0.016562212258577347,0.01286755595356226,0.015571660362184048,0.0013372133253142238,0.07450947165489197,0.21882377564907074,0.004094135016202927,0.0061388760805130005,-0.014851244166493416,0.01606900431215763,0.013133833184838295,0-2deg,0.00-0.04,0.0,0.0,0.0,0.0
116,5,True,True,0.05921873450279236,0.05921873450279236,0.047766875475645065,0.09796448051929474,3.4600000381469727,1.1738853454589844,0.2386283278465271,0.0030744506511837244,0.005730091594159603,0.09796448051929474,0.047766875475645065,-0.01999688893556595,-0.0030702899675816298,0.7325981855392456,0.22931461036205292,0.09779675304889679,0.09645844250917435,0.05-0.10,False,True,False,True,True,False,False,False,True,0.05000143498182297,-0.09231197088956833,0.12304621189832687,0.06595883518457413,0.4225381910800934,0.07999999821186066,0.047766875475645065,-0.020036373287439346,0.020036373287439346,-0.017570355907082558,0.011814150959253311,0.02117176540195942,0.009113249368965626,0.025597071275115013,0.0,0.004780733957886696,0.09784775972366333,0.004225381650030613,-0.017025012522935867,0.01163351908326149,0.020621217787265778,0.010031694546341896,0-2deg,0.00-0.04,0.0,0.0,0.0,0.0
117,16,True,True,0.044091109186410904,0.043573491275310516,0.026172131299972534,0.19100859761238098,3.619999885559082,1.1502348184585571,0.2097998708486557,-0.015653572976589203,-0.18113835155963898,0.19100859761238098,0.026172131299972534,-0.019656872376799583,0.1628665030002594,0.6842732429504395,0.3816816210746765,0.06060678884387016,0.09895943105220795,0.05-0.10,False,True,False,True,True,False,False,False,True,0.025916485115885735,-0.16964881122112274,0.12664319574832916,0.2061019390821457,0.2061019390821457,0.05999999865889549,0.026172131299972534,-0.019989751279354095,0.019989751279354095,0.023013001307845116,-0.05843551456928253,0.06279861927032471,0.037018150091171265,0.001091830083169043,0.005808298010379076,-0.18378083407878876,0.0520470067858696,0.002061019418761134,0.024447713047266006,-0.058090995997190475,0.06302047520875931,0.036776356399059296,2-4deg,0.00-0.04,0.0,0.0,0.0,0.0
118,4,True,True,0.08391691744327545,0.07621170580387115,0.07628749310970306,0.20591199398040771,3.6999998092651367,1.172645092010498,0.20025278627872467,0.0092606907710433,-0.09243697673082352,0.20591199398040771,0.07628749310970306,-0.02001038007438183,0.10138369351625443,0.6724012494087219,0.30914971232414246,0.18399770557880402,0.17328067123889923,>=0.15,False,True,False,True,True,False,False,False,True,0.06749138236045837,-0.2689409554004669,0.18187843263149261,0.07359117269515991,0.2836932837963104,0.07999999821186066,0.07628749310970306,-0.02001038007438183,0.02001038007438183,-0.0021736882627010345,0.001125003444030881,0.002441406948491931,0.011756044812500477,0.010340777225792408,0.0011960400734096766,-0.09260569512844086,0.18391285836696625,0.002836932661011815,-0.0014673084951937199,0.0011298867175355554,0.0018593198619782925,0.011788679286837578,0-2deg,0.00-0.04,0.0,0.0,0.0,0.0
119,38,True,True,0.08053986728191376,0.07543161511421204,0.07252227514982224,0.19199034571647644,3.799999952316284,1.203855276107788,0.19160783290863037,0.010360201820731163,-0.10626766830682755,0.19199034571647644,0.07252227514982224,-0.019986413419246674,0.11611809581518173,1.1778929233551025,0.501721203327179,0.15989834070205688,0.15333379805088043,>=0.15,False,True,False,True,True,False,False,False,True,0.0667681023478508,-0.10200165212154388,0.1133965477347374,0.46130117774009705,0.46130117774009705,0.05999999865889549,0.07252227514982224,-0.020009083673357964,0.020009083673357964,0.05036603659391403,-0.0067276800982654095,0.050812531262636185,0.009137148037552834,0.0016194459749385715,0.0006905339541845024,-0.09916158020496368,0.16439975798130035,0.004613011609762907,0.05063752830028534,-0.006499623879790306,0.05105254054069519,0.008598832413554192,2-4deg,0.00-0.04,0.0,0.0,0.0,0.0
120,6,True,False,0.12717486917972565,0.12717486917972565,0.0,0.0,3.379999876022339,1.1886346340179443,0.26370206475257874,-0.09512791782617569,-0.16622035205364227,0.17448149621486664,0.1222309097647667,-0.01736997812986374,0.07022424787282944,0.8395686745643616,0.3158039152622223,0.05305267497897148,0.14281028509140015,0.10-0.15,True,True,False,True,False,False,False,True,True,0.1222309097647667,-0.16704529523849487,0.05039501190185547,0.0691913366317749,0.0691913366317749,0.0,0.1222309097647667,-0.01736997812986374,0.01736997812986374,0.000962006626650691,0.016439836472272873,0.01646837219595909,0.07994025200605392,0.05194184184074402,0.05194184184074402,-0.16704529523849487,0.05039501190185547,0.0006919133593328297,0.000962006626650691,0.016439836472272873,0.01646837219595909,0.07994025200605392,0-2deg,0.04-0.08,0.0,0.0006905339541845024,0.0,0.0
121,50,True,True,0.08994849026203156,0.0818244144320488,0.08283191174268723,0.28014904260635376,3.879999876022339,1.0998371839523315,0.2069433182477951,-0.008819918148219585,-0.14133545756340027,0.28014904260635376,0.08283191174268723,-0.020009590312838554,0.13111118972301483,0.689559280872345,0.42935970425605774,0.2418837994337082,0.24640066921710968,>=0.15,False,True,False,True,True,False,False,False,True,0.07208283990621567,-0.3295286297798157,0.28908684849739075,0.08388540148735046,0.2855971157550812,0.07999999821186066,0.08283191174268723,-0.020018326118588448,0.020018326118588448,-0.051969826221466064,0.003021090757101774,0.052057668566703796,0.015660816803574562,0.0288612749427557,0.0009765625,-0.14893829822540283,0.2372780442237854,0.0028559709899127483,-0.05232883617281914,0.0021620867773890495,0.05237400904297829,0.0153806172311306,2-4deg,0.00-0.04,0.0,0.0,0.0,0.0
122,62,True,True,0.06855698674917221,0.06249506026506424,0.05888931453227997,0.20509403944015503,3.0199999809265137,0.9531213045120239,0.31629106402397156,0.03454303741455078,0.13210441172122955,0.20509403944015503,0.05888931453227997,-0.02002478390932083,-0.09757078438997269,0.8244677186012268,0.363254576921463,0.15688207745552063,0.14351928234100342,0.10-0.15,False,True,False,True,True,False,False,False,True,0.05233391001820564,-0.11100955307483673,0.047470152378082275,0.08511529862880707,0.6522725224494934,0.09999999403953552,0.05888931453227997,-0.02002478390932083,0.02002478390932083,-0.042971473187208176,0.06142587959766388,0.0749492272734642,0.024228323251008987,0.04879388585686684,0.002156191971153021,0.12861980497837067,0.15975138545036316,0.006522724870592356,-0.04241371899843216,0.06320960074663162,0.07610490173101425,0.022539151832461357,4-6deg,0.00-0.04,0.0,0.0,0.0,0.0
123,39,True,True,0.05684361606836319,0.05435320734977722,0.04478705674409866,0.21479174494743347,4.360000133514404,1.0904797315597534,0.24792060256004333,0.00846406165510416,-0.01979871839284897,0.21479174494743347,0.04478705674409866,-0.01999267190694809,0.02953210473060608,0.9259811043739319,0.31878983974456787,0.21387732028961182,0.2088901698589325,>=0.15,False,True,False,True,True,False,False,False,True,0.04156498983502388,-0.018583355471491814,0.10758588463068008,0.033464375883340836,0.19057898223400116,0.05999999865889549,0.04478705674409866,-0.019999979063868523,0.019999979063868523,0.050117846578359604,0.02796243131160736,0.05738455429673195,0.03983130306005478,0.0015440810238942504,0.0,-0.026674432680010796,0.21312899887561798,0.0019057898316532373,0.04873578995466232,0.0287779550999403,0.05659237504005432,0.04040428251028061,2-4deg,0.00-0.04,0.0,0.0,0.0,0.0
124,13,True,True,0.11269590258598328,0.10205038636922836,0.10712429136037827,0.19595032930374146,3.43999981880188,1.0197477340698242,0.21007582545280457,0.007180501706898212,-0.0017773457802832127,0.19595032930374146,0.10712429136037827,-0.019986269995570183,0.003970455378293991,1.7416660785675049,0.5675914883613586,0.19594226777553558,0.19035600125789642,>=0.15,False,True,False,True,True,False,False,False,True,0.09606339037418365,-0.3005842864513397,0.009664074517786503,0.14914140105247498,0.26225295662879944,0.07999999821186066,0.10712429136037827,-0.019986269995570183,0.019986269995570183,-0.02048708312213421,0.027819281443953514,0.03454739972949028,0.050897881388664246,0.024038204923272133,0.0,-0.006198579911142588,0.19585226476192474,0.002622529398649931,-0.01946510188281536,0.03068424016237259,0.03633550554513931,0.050486452877521515,0-2deg,0.04-0.08,0.0,0.0,0.0,0.0
125,53,True,True,0.03825543820858002,0.03825543820858002,0.015504439361393452,0.19427083432674408,2.819999933242798,1.2632710933685303,0.31953614950180054,0.006802150513976812,-0.06520270556211472,0.19427083432674408,0.015504439361393452,-0.020015686750411987,0.07063771784305573,1.2367582321166992,0.32007819414138794,0.18300209939479828,0.19155073165893555,>=0.15,False,True,False,True,True,False,False,False,True,0.022220991551876068,-0.03712914511561394,0.07424666732549667,0.04643259197473526,0.21609480679035187,0.05999999865889549,0.015504439361393452,-0.020015686750411987,0.020015686750411987,-0.04093417525291443,-0.028570586815476418,0.04991387948393822,0.03983137384057045,0.011713729240000248,0.0009134905994869769,-0.0719754546880722,0.1804458051919937,0.0021609480027109385,-0.039330851286649704,-0.028370993211865425,0.04849110171198845,0.040946561843156815,2-4deg,0.00-0.04,0.0,0.0,0.0,0.0
126,40,True,True,0.10409604012966156,0.09335950016975403,0.09803322702646255,0.20495322346687317,3.5999999046325684,1.461689829826355,0.341776967048645,0.0010890852427110076,0.009761760011315346,0.20495322346687317,0.09803322702646255,-0.019996654242277145,-0.012870431877672672,0.8982465863227844,0.3542126715183258,0.2047206163406372,0.20327535271644592,>=0.15,False,True,False,True,True,False,False,False,True,0.0862995833158493,-0.11150901764631271,0.21296627819538116,0.08747141063213348,0.2614780068397522,0.07999999821186066,0.09803322702646255,-0.01999777741730213,0.01999777741730213,-0.0008531644707545638,-0.03242213651537895,0.03243263438344002,0.04461345449090004,0.018224330618977547,0.0003452669770922512,0.003388012060895562,0.20492520928382874,0.002614780096337199,-0.0007694238447584212,-0.03507482632994652,0.03508337214589119,0.04384269565343857,0-2deg,0.04-0.08,0.0,0.0,0.0,0.0
127,58,False,False,0.38537123799324036,0.38537123799324036,0.0,0.0,1.3799999952316284,2.1890242099761963,0.7282894253730774,-1.4471701383590698,-1.4710801839828491,1.624274492263794,0.413266658782959,-0.019658055156469345,-0.08772240579128265,1.897315263748169,1.020794153213501,0.688615083694458,0.2083520144224167,>=0.15,True,True,False,False,False,False,False,True,False,0.0,0.0,0.0,0.0,0.0,0.0,0.413266658782959,-0.019658055156469345,0.019658055156469345,0.0,0.0,0.0,0.0,0.0,0.949271023273468,-1.512663722038269,0.5917062163352966,0.0,0.01505852397531271,-0.06493507325649261,0.06665602326393127,0.045407891273498535,0-2deg,0.00-0.04,0.0,0.0,0.0,0.0
128,47,True,True,0.10212362557649612,0.08646751195192337,0.09559543430805206,0.31014057993888855,3.859999895095825,1.2044655084609985,0.1695145070552826,-0.002097912598401308,-0.1889171004295349,0.31014057993888855,0.09559543430805206,-0.019533071666955948,0.18806079030036926,0.7545296549797058,0.34881865978240967,0.24596241116523743,0.2486114352941513,>=0.15,False,True,False,True,True,False,False,False,True,0.07916106283664703,-0.44644424319267273,0.23393240571022034,0.07811857014894485,0.2200901061296463,0.09999999403953552,0.09559543430805206,-0.020008763298392296,0.020008763298392296,-0.011755884625017643,-0.06087072566151619,0.06199376657605171,0.048811014741659164,0.05058671161532402,0.009366892278194427,-0.17550431191921234,0.25570571422576904,0.0022009010426700115,-0.014732723124325275,-0.05830520763993263,0.0601360946893692,0.04942549020051956,2-4deg,0.04-0.08,0.0,0.0006905339541845024,0.0,0.0
129,57,True,True,0.07507357746362686,0.07185709476470947,0.0664062350988388,0.1764562577009201,3.1399998664855957,1.093700647354126,0.28780314326286316,0.010765538550913334,-0.11297935247421265,0.1764562577009201,0.0664062350988388,-0.020014682784676552,0.12375759333372116,0.919526219367981,0.3918309807777405,0.13554511964321136,0.12667284905910492,0.10-0.15,False,True,False,True,True,False,False,False,True,0.06263862550258636,-0.06310736387968063,0.13645824790000916,0.8596833944320679,0.8596833944320679,0.05999999865889549,0.0664062350988388,-0.020014682784676552,0.020014682784676552,0.006271703168749809,-0.004420299548655748,0.007673960644751787,0.0035485713742673397,0.0030297066550701857,0.0009134905994869769,-0.11196815967559814,0.1363816261291504,0.008596833795309067,0.006147637497633696,-0.004492997191846371,0.007611569482833147,0.0036442140117287636,0-2deg,0.00-0.04,0.0,0.0,0.0,0.0
130,28,True,True,0.03644139692187309,0.03644139692187309,0.010156764648854733,0.1914476752281189,4.059999942779541,1.040668249130249,0.1916169971227646,-0.007367266342043877,-0.05715688318014145,0.1914476752281189,0.010156764648854733,-0.02000194601714611,0.049544110894203186,1.7085844278335571,0.6917209029197693,0.1827164590358734,0.18335899710655212,>=0.15,False,True,False,True,True,False,False,False,True,0.012082558125257492,-0.21713459491729736,0.20017072558403015,0.02962738648056984,0.4768592417240143,0.07999999821186066,0.010156764648854733,-0.020114872604608536,0.020114872604608536,-0.022519364953041077,-0.016747742891311646,0.02806328982114792,0.04548364877700806,0.05642351880669594,0.0003452669770922512,-0.05747910588979721,0.18261535465717316,0.004768592305481434,-0.023220431059598923,-0.01408985536545515,0.02716086059808731,0.04612220078706741,0-2deg,0.04-0.08,0.0,0.0,0.0,0.0
131,8,True,True,0.038258668035268784,0.03748009353876114,0.015449210070073605,0.21956850588321686,2.5799999237060547,1.2784096002578735,0.33994901180267334,0.013174962252378464,0.05654148384928703,0.21956850588321686,0.015449210070073605,-0.019998449832201004,-0.04396804794669151,0.42314475774765015,0.19215422868728638,0.21216358244419098,0.20853188633918762,>=0.15,False,True,False,True,True,False,False,False,True,0.014066005125641823,-0.052034251391887665,0.22692227363586426,0.22004413604736328,0.3490825593471527,0.07999999821186066,0.015449210070073605,-0.020065808668732643,0.020065808668732643,0.011130986735224724,0.01098848320543766,0.015640411525964737,0.044582001864910126,0.0013810680247843266,0.0003452669770922512,0.0575118288397789,0.21190260350704193,0.003490825416520238,0.0130759971216321,0.01279145386070013,0.01829288899898529,0.04380267485976219,0-2deg,0.04-0.08,0.0,0.0,0.0,0.0
132,31,True,True,0.11606797575950623,0.10742770880460739,0.1106007993221283,0.24418416619300842,1.5199999809265137,1.3378503322601318,0.4559704065322876,0.0026066771242767572,-0.17463843524456024,0.24418416619300842,0.1106007993221283,-0.01947961561381817,0.1790214627981186,0.41515177488327026,0.2262490689754486,0.17066730558872223,0.17031249403953552,>=0.15,False,True,False,True,True,False,False,False,True,0.10453525930643082,-0.17716629803180695,0.1572764366865158,0.05586696416139603,0.24246223270893097,0.05999999865889549,0.1106007993221283,-0.020045824348926544,0.020045824348926544,-0.008484465070068836,-0.018606022000312805,0.020449956879019737,0.0318918339908123,0.004683433100581169,0.010444017127156258,-0.1759376972913742,0.16932760179042816,0.0024246221873909235,-0.007377500180155039,-0.017959829419851303,0.019415242597460747,0.032193440943956375,0-2deg,0.00-0.04,0.0,0.0,0.0,0.0
133,42,True,True,0.08907555788755417,0.0864071398973465,0.08170405775308609,0.22304658591747284,4.360000133514404,1.2428925037384033,0.20214232802391052,-0.01467758510261774,-0.189252570271492,0.22304658591747284,0.08170405775308609,-0.019678041338920593,0.17802996933460236,0.792191743850708,0.3790663182735443,0.11803917586803436,0.11808687448501587,0.10-0.15,False,True,False,True,True,False,False,False,True,0.07936864346265793,-0.15518684685230255,0.12754057347774506,0.2944542169570923,0.2944542169570923,0.05999999865889549,0.08170405775308609,-0.020005522295832634,0.020005522295832634,-0.017700767144560814,0.03163447976112366,0.03624844178557396,0.03811201825737953,0.0003452669770922512,0.006338269915431738,-0.1868264079093933,0.12184282392263412,0.002944542095065117,-0.016200251877307892,0.031316835433244705,0.035257961601018906,0.03857850283384323,2-4deg,0.00-0.04,0.0,0.0,0.0,0.0
134,46,True,True,0.05217152461409569,0.05135118588805199,0.03829684481024742,0.18065057694911957,3.6399998664855957,1.1392650604248047,0.1634792536497116,-0.01955602318048477,-0.1691206693649292,0.18065057694911957,0.03829684481024742,-0.01973899081349373,0.14941005408763885,1.0265662670135498,0.49194303154945374,0.06350456923246384,0.08057651668787003,0.05-0.10,False,True,False,True,True,False,False,False,True,0.03706280514597893,-0.35528069734573364,0.20991778373718262,0.0813751146197319,0.1056385412812233,0.07999999821186066,0.03829684481024742,-0.01973899081349373,0.01973899081349373,-0.017106210812926292,0.02450895495712757,0.029888153076171875,0.01650499366223812,0.029360931366682053,0.004619361832737923,-0.1681397259235382,0.06605806201696396,0.0010563853429630399,-0.016130788251757622,0.024710774421691895,0.02950877696275711,0.01670061983168125,0-2deg,0.00-0.04,0.0,0.0,0.0,0.0
135,41,True,True,0.07590481638908386,0.07439564913511276,0.0673772320151329,0.13529415428638458,2.5799999237060547,1.226563572883606,0.316463440656662,0.021828388795256615,0.12325724959373474,0.13529415428638458,0.0673772320151329,-0.020081069320440292,-0.09958420693874359,0.75885009765625,0.314505934715271,0.055786702781915665,0.03687329217791557,0.00-0.05,False,True,False,True,True,False,False,False,True,0.06737253814935684,-0.09034967422485352,0.07232971489429474,0.06951239705085754,0.6006507873535156,0.11999999731779099,0.0673772320151329,-0.020081069320440292,0.020081069320440292,0.03106158785521984,0.005720960441976786,0.031583335250616074,0.04949987679719925,0.06933435052633286,0.0034526714589446783,0.12468267977237701,0.05252367630600929,0.00600650766864419,0.03587087616324425,0.005224910099059343,0.03624844178557396,0.04714061692357063,0-2deg,0.04-0.08,0.0,0.0,0.0,0.0
136,36,True,True,0.10718784481287003,0.08439261466264725,0.1013033464550972,0.17420214414596558,2.5,1.1902927160263062,0.414048969745636,0.011419272050261497,0.037141840904951096,0.17420214414596558,0.1013033464550972,-0.019984373822808266,-0.027035342529416084,0.32770422101020813,0.1678989976644516,0.1701965630054474,0.16515611112117767,>=0.15,False,True,False,True,True,False,False,False,True,0.09636537730693817,-0.05540098622441292,0.14267781376838684,0.039877794682979584,0.4557505249977112,0.11999999731779099,0.1013033464550972,-0.020002098754048347,0.020002098754048347,-0.009854313917458057,-0.02014080248773098,0.022421566769480705,0.024234386160969734,0.06044374406337738,0.0,0.036523718386888504,0.17033028602600098,0.004557505249977112,-0.009183831512928009,-0.017759235575795174,0.019993050023913383,0.02523171156644821,0-2deg,0.00-0.04,0.0,0.0,0.0,0.0
137,48,True,True,0.04739611595869064,0.04664439707994461,0.031943805515766144,0.14498862624168396,4.139999866485596,0.8536504507064819,0.21220816671848297,0.018216276541352272,0.07500210404396057,0.14498862624168396,0.031943805515766144,-0.019989022985100746,-0.056921251118183136,0.7694740891456604,0.27862679958343506,0.12408217787742615,0.1124480664730072,0.10-0.15,False,True,False,True,True,False,False,False,True,0.031330399215221405,-0.06053151935338974,0.11059222370386124,0.07051420211791992,0.4591727554798126,0.07999999821186066,0.031943805515766144,-0.020012779161334038,0.020012779161334038,-0.006492028944194317,-0.00017012284661177546,0.006496171001344919,0.01921512372791767,0.0029499635566025972,0.0,0.07564936578273773,0.12368862330913544,0.004591727629303932,-0.005336620379239321,-0.00012848204642068595,0.005337704438716173,0.019320445135235786,0-2deg,0.00-0.04,0.0,0.0,0.0,0.0
138,10,False,False,0.30121248960494995,0.30121248960494995,0.0,0.0,1.4199999570846558,2.0689289569854736,0.6241565942764282,-0.8421605229377747,-0.8991245627403259,1.5625673532485962,0.3190357983112335,-0.008130702190101147,-0.07168695330619812,1.7690123319625854,0.9553549289703369,1.2779638767242432,0.1020999625325203,0.10-0.15,True,True,False,False,False,False,False,True,False,0.0,0.0,0.0,0.0,0.0,0.0,0.3190357983112335,-0.008130702190101147,0.008130702190101147,0.0,0.0,0.0,0.0,0.0,0.6277016997337341,-0.8206034898757935,1.3297468423843384,0.0,0.01523606851696968,0.06712348014116287,0.06882832944393158,0.03618781641125679,0-2deg,0.00-0.04,0.0,0.0,0.0,0.0
139,19,True,True,0.04359431192278862,0.03982808440923691,0.025964275002479553,0.2651256024837494,1.899999976158142,1.1374788284301758,0.2888672947883606,-0.03938840329647064,-0.19685974717140198,0.2651256024837494,0.025964275002479553,-0.019963877275586128,0.15821591019630432,0.5040920972824097,0.3306891620159149,0.17758892476558685,0.19600825011730194,>=0.15,False,True,False,True,True,False,False,False,True,0.015819182619452477,-0.3474147915840149,0.26054638624191284,0.060659345239400864,0.19370512664318085,0.11999999731779099,0.025964275002479553,-0.020029321312904358,0.020029321312904358,-0.04745328426361084,0.03828737884759903,0.06096446514129639,0.009224732406437397,0.022016461938619614,0.0007720404537394643,-0.1865977644920349,0.18834242224693298,0.0019370511872693896,-0.048176199197769165,0.038688335567712784,0.061778850853443146,0.007317234296351671,2-4deg,0.00-0.04,0.0,0.0,0.0,0.0
140,34,True,True,0.10413317382335663,0.09725496172904968,0.09806746244430542,0.19434905052185059,1.5399999618530273,1.5609090328216553,0.5305481553077698,0.015042087994515896,-0.09358488023281097,0.19434905052185059,0.09806746244430542,-0.019999278709292412,0.10596387833356857,0.4826914072036743,0.23681703209877014,0.17033326625823975,0.165005162358284,>=0.15,False,True,False,True,True,False,False,False,True,0.09126254916191101,-0.28577202558517456,0.06612145155668259,0.055989257991313934,0.33158668875694275,0.07999999821186066,0.09806746244430542,-0.019999278709292412,0.019999278709292412,-0.005423998925834894,0.018260100856423378,0.019049515947699547,0.04473964869976044,0.04143212363123894,0.0009765625,-0.09214181452989578,0.17111821472644806,0.0033158669248223305,-0.007142608519643545,0.02030080184340477,0.02152082696557045,0.04418182373046875,0-2deg,0.04-0.08,0.0,0.0,0.0,0.0
141,49,True,True,0.06216014176607132,0.05494873970746994,0.05136818066239357,0.07788696140050888,4.519999980926514,1.316996455192566,0.2440757006406784,0.0022670805919915438,-0.0199896153062582,0.07788696140050888,0.05136818066239357,-0.019996972754597664,0.023234836757183075,1.148364543914795,0.3607679307460785,0.07527811080217361,0.20769169926643372,>=0.15,False,True,False,True,True,False,False,False,True,0.04171657934784889,-0.043284106999635696,0.31418630480766296,0.07439740002155304,0.34891679883003235,1.459999918937683,0.05136818066239357,-0.020084302872419357,0.020084302872419357,0.0343942865729332,0.0032631198409944773,0.03454912453889847,0.006077253725379705,0.03076486848294735,0.0003452669770922512,-0.020123671740293503,0.07524238526821136,0.003489167895168066,0.00798990111798048,-0.0023446932900696993,0.008329478092491627,0.027786143124103546,0-2deg,0.00-0.04,0.0,0.0,0.0,0.0
142,4,True,True,0.10935825109481812,0.1024373471736908,0.10358897596597672,0.16652362048625946,1.459999918937683,1.4624691009521484,0.4915626645088196,0.019093923270702362,-0.07811090350151062,0.16652362048625946,0.10358897596597672,-0.01999060995876789,0.09844443947076797,0.5684337019920349,0.2597654163837433,0.1470673531293869,0.14263419806957245,0.10-0.15,False,True,False,True,True,False,False,False,True,0.09750787168741226,-0.24812039732933044,0.1742047220468521,0.07718916982412338,0.5921248197555542,0.09999999403953552,0.10358897596597672,-0.02000640705227852,0.02000640705227852,0.03029632568359375,0.0013134266482666135,0.030325748026371002,0.015910115092992783,0.05806436389684677,0.0007720404537394643,-0.07511280477046967,0.14862093329429626,0.005921247880905867,0.03150471672415733,0.0010681626154109836,0.03152287378907204,0.014909780584275723,0-2deg,0.00-0.04,0.0,0.0,0.0,0.0
143,63,True,True,0.046314314007759094,0.043866079300642014,0.030295835807919502,0.12018842250108719,3.1399998664855957,1.1016424894332886,0.2277599573135376,0.01735316589474678,-0.09974177181720734,0.12018842250108719,0.030295835807919502,-0.019986357539892197,0.11614657938480377,0.7222123146057129,0.3457352817058563,0.06705845147371292,0.0679859071969986,0.05-0.10,False,True,False,True,True,False,False,False,True,0.027248993515968323,-0.10984236001968384,0.07813431322574615,0.0934516042470932,0.38021615147590637,0.05999999865889549,0.030295835807919502,-0.01999238319694996,0.01999238319694996,-0.03326599299907684,-0.07750031352043152,0.08432529121637344,0.010732622817158699,0.003734635654836893,0.0008457279182039201,-0.09377798438072205,0.0751727819442749,0.003802161430940032,-0.033175792545080185,-0.07702672481536865,0.0838547870516777,0.013377737253904343,4-6deg,0.00-0.04,0.0,0.0,0.0,0.0
144,1,True,True,0.03910255804657936,0.03849770128726959,0.016439193859696388,0.08199809491634369,4.759999752044678,1.0890649557113647,0.22341424226760864,-0.06900472193956375,-0.0032625123858451843,0.08199809491634369,0.016439193859696388,-0.019534975290298462,-0.06383965164422989,1.0011171102523804,0.34881165623664856,0.0819331631064415,0.1034269854426384,0.10-0.15,False,True,False,True,True,False,False,False,True,0.015303060412406921,-0.08600453287363052,0.06706357002258301,0.11324293911457062,0.11324293911457062,0.2199999988079071,0.016439193859696388,-0.019534975290298462,0.019534975290298462,-0.016378970816731453,0.06899184733629227,0.07090650498867035,0.040635574609041214,0.06669091433286667,0.009193475358188152,-0.006087325047701597,0.08177182823419571,0.0011324293445795774,-0.02431773766875267,0.06730075925588608,0.0715530514717102,0.04099241644144058,4-6deg,0.04-0.08,0.0,0.0,0.0,0.0
145,12,True,False,0.278034508228302,0.11668580770492554,0.0,0.0,5.159999847412109,1.0119649171829224,0.17937995493412018,-0.002064027590677142,-0.06570255011320114,0.2816545367240906,0.27580681443214417,-0.02001391351222992,0.0590890534222126,1.7230160236358643,0.44458481669425964,0.27388402819633484,0.2718724012374878,>=0.15,True,True,False,True,False,False,False,True,True,0.11358579993247986,-0.0985993966460228,0.12863300740718842,0.09198539704084396,0.8490102887153625,0.0,0.27580681443214417,-0.020244484767317772,0.020244484767317772,-0.003362230956554413,-0.06697642058134079,0.06706107407808304,0.03399205952882767,0.06859828531742096,0.0005980199784971774,-0.05521451309323311,0.27618950605392456,0.008490102365612984,-0.019085749983787537,-0.07266154140233994,0.07512176781892776,0.020679818466305733,2-4deg,0.00-0.04,0.0,0.0006905339541845024,0.0,0.0
146,21,True,True,0.08173371106386185,0.06268662959337234,0.07409948110580444,0.09440262615680695,3.43999981880188,1.3572227954864502,0.3169664442539215,-0.05635363981127739,0.016471214592456818,0.09440262615680695,0.07409948110580444,-0.018834294751286507,-0.07372207194566727,0.8642624616622925,0.3423692584037781,0.0929545909166336,0.11365841329097748,0.10-0.15,False,True,False,True,True,False,False,False,True,0.051609158515930176,-0.11460178345441818,0.1107863336801529,0.04539991542696953,0.18531981110572815,0.23999999463558197,0.07409948110580444,-0.018932707607746124,0.018932707607746124,0.00453127222135663,-0.021694714203476906,0.0221621822565794,0.00834268145263195,0.06182420998811722,0.023836491629481316,0.018115758895874023,0.09264813363552094,0.0018531980458647013,0.004533946048468351,-0.019676940515637398,0.020191820338368416,0.009982546791434288,0-2deg,0.00-0.04,0.0,0.0,0.0,0.0
147,27,True,True,0.10296336561441422,0.09074603766202927,0.09683019667863846,0.23684155941009521,2.419999837875366,1.2171672582626343,0.3849581182003021,0.006328026298433542,0.008031180128455162,0.23684155941009521,0.09683019667863846,-0.019981252029538155,-0.0004624892317224294,0.6758903861045837,0.37421298027038574,0.23670534789562225,0.23363177478313446,>=0.15,False,True,False,True,True,False,False,False,True,0.08363357186317444,-0.17568469047546387,0.037558991461992264,0.14970284700393677,0.19107851386070251,0.07999999821186066,0.09683019667863846,-0.01998152956366539,0.01998152956366539,0.01374630257487297,0.0029457963537424803,0.014058885164558887,0.029163498431444168,0.011870427057147026,0.0003452669770922512,0.006564762443304062,0.2367505580186844,0.0019107850966975093,0.012073013931512833,0.0023791410494595766,0.012304376810789108,0.029711876064538956,0-2deg,0.00-0.04,0.0,0.0,0.0,0.0
148,55,True,True,0.08528382331132889,0.0785234123468399,0.0777798667550087,0.191803440451622,3.6399998664855957,1.1213003396987915,0.23494355380535126,-0.02546970173716545,-0.14704865217208862,0.191803440451622,0.0777798667550087,-0.020008472725749016,0.1197936087846756,1.5109949111938477,0.5618218779563904,0.12314727902412415,0.1253613978624344,0.10-0.15,False,True,False,True,True,False,False,False,True,0.0727934017777443,-0.11528859287500381,0.16624225676059723,0.09441471099853516,0.23732678592205048,0.05999999865889549,0.0777798667550087,-0.02001355215907097,0.02001355215907097,0.04079483076930046,-0.022015295922756195,0.04635358974337578,0.04006689041852951,0.0003452669770922512,0.0003452669770922512,-0.14135491847991943,0.12964314222335815,0.0023732678964734077,0.040935318917036057,-0.020413516089320183,0.045739807188510895,0.04032691568136215,2-4deg,0.04-0.08,0.0,0.0,0.0,0.0
149,43,True,True,0.0911361500620842,0.051324985921382904,0.08414050936698914,0.055391114205121994,3.359999895095825,1.2990800142288208,0.2866699695587158,-0.11318475753068924,-0.0069065093994140625,0.055391114205121994,0.08414050936698914,-0.019973797723650932,-0.10700768977403641,1.4768710136413574,0.3360890746116638,0.054958850145339966,0.109651580452919,0.10-0.15,False,True,False,True,True,False,False,False,True,0.038991477340459824,-0.037966083735227585,0.18429876863956451,0.11264757066965103,0.7748336791992188,0.5600000023841858,0.08414050936698914,-0.02015899494290352,0.02015899494290352,0.014862168580293655,-0.021943723782896996,0.026503250002861023,0.02018757350742817,0.014994430355727673,0.0009134905994869769,-0.006322627421468496,0.05502908304333687,0.007748336531221867,0.0110474256798625,-0.009928839281201363,0.014854644425213337,0.025873498991131783,0-2deg,0.00-0.04,0.0,0.0,0.0,0.0
150,23,True,True,0.07611400634050369,0.06801638752222061,0.0675874873995781,0.21649765968322754,2.299999952316284,1.2215938568115234,0.3752354383468628,0.003869514912366867,0.024902472272515297,0.21649765968322754,0.0675874873995781,-0.01998896896839142,-0.019395826384425163,0.689407229423523,0.3451980650424957,0.21506069600582123,0.21867607533931732,>=0.15,False,True,False,True,True,False,False,False,True,0.05662709102034569,-0.22067983448505402,0.08855614066123962,0.04094870388507843,0.23394595086574554,0.07999999821186066,0.0675874873995781,-0.02002149261534214,0.02002149261534214,0.04321394860744476,-0.005264878273010254,0.04353310167789459,0.041899748146533966,0.02310246229171753,0.0,0.020013578236103058,0.2155706286430359,0.002339459490031004,0.040640704333782196,-0.005213376600295305,0.040973417460918427,0.0438724048435688,2-4deg,0.04-0.08,0.0,0.0,0.0,0.0
151,24,True,False,0.2782341241836548,0.08098917454481125,0.0,0.0,3.319999933242798,1.4548320770263672,0.2785428762435913,0.0033324328251183033,-0.0067784832790493965,0.11296888440847397,0.27603256702423096,-0.01998203434050083,0.01499303337186575,0.626183032989502,0.19328828155994415,0.11276533454656601,0.11319901049137115,0.10-0.15,True,True,False,True,False,False,False,True,True,0.07305187731981277,-0.09764256328344345,0.16306817531585693,0.16818179190158844,1.2299275398254395,0.0,0.27603256702423096,-0.020224925130605698,0.020224925130605698,-0.01842142827808857,-0.008542916737496853,0.020306626334786415,0.03266414627432823,0.021515287458896637,0.0003452669770922512,-0.0013817152939736843,0.11296043545007706,0.012299275025725365,0.01748240739107132,-0.045656245201826096,0.048886675387620926,0.020928848534822464,0-2deg,0.00-0.04,0.0,0.0,0.0,0.0
152,60,True,True,0.06149854511022568,0.06149854511022568,0.05058504268527031,0.08119593560695648,3.740000009536743,1.1652942895889282,0.21412204205989838,0.0074835303239524364,-0.07064550369977951,0.08119593560695648,0.05058504268527031,-0.020009858533740044,0.07775643467903137,0.8331499099731445,0.4386196434497833,0.040024902671575546,0.033555496484041214,0.00-0.05,False,True,False,True,True,False,False,False,True,0.05102919042110443,-0.20713728666305542,0.10798313468694687,0.02840386889874935,0.5910069346427917,0.09999999403953552,0.05058504268527031,-0.02005729079246521,0.02005729079246521,-0.03330431506037712,-0.05505581572651863,0.06433647125959396,0.008071765303611755,0.11034324020147324,0.0005980199784971774,-0.07293853163719177,0.03567562624812126,0.005910069216042757,-0.032675519585609436,-0.0547194741666317,0.06372446566820145,0.00976280216127634,2-4deg,0.00-0.04,0.0,0.0006905339541845024,0.0,0.0
153,40,True,True,0.03665788099169731,0.03534923493862152,0.010979346930980682,0.19020701944828033,1.6799999475479126,1.5017478466033936,0.508412778377533,-0.006714147981256247,-0.138569638133049,0.19020701944828033,0.010979346930980682,-0.020024370402097702,0.13203276693820953,0.5449417233467102,0.309621661901474,0.13029645383358002,0.13101151585578918,0.10-0.15,False,True,False,True,True,False,False,False,True,0.004207197111099958,-0.09435635805130005,0.0393865704536438,0.5779492259025574,0.5779492259025574,0.07999999821186066,0.010979346930980682,-0.020024370402097702,0.020024370402097702,0.010453675873577595,0.014792606234550476,0.0181127842515707,0.02230772376060486,0.0007720404537394643,0.0009134905994869769,-0.13782034814357758,0.1310887634754181,0.005779492203146219,0.00973689928650856,0.013639012351632118,0.016758985817432404,0.022955888882279396,0-2deg,0.00-0.04,0.0,0.0,0.0,0.0
154,2,True,True,0.06791459023952484,0.06410875916481018,0.0581950843334198,0.1862485706806183,3.679999828338623,1.00579833984375,0.267080694437027,-0.05127144232392311,-0.00582895427942276,0.1862485706806183,0.0581950843334198,-0.02001260407269001,-0.04347028583288193,0.8676732182502747,0.30681994557380676,0.18615733087062836,0.1952320635318756,>=0.15,False,True,False,True,True,False,False,False,True,0.053342051804065704,-0.054390937089920044,0.09806392341852188,0.1169111505150795,0.3056136667728424,0.07999999821186066,0.0581950843334198,-0.020092977210879326,0.020092977210879326,-0.0651530846953392,-0.041677672415971756,0.07732746750116348,0.012073650024831295,0.024835873395204544,0.0005980199784971774,-0.0007505547255277634,0.1862470507621765,0.0030561366584151983,-0.06492435187101364,-0.04234618321061134,0.07749779522418976,0.011511108838021755,4-6deg,0.00-0.04,0.0,0.0006905339541845024,0.0,0.0
155,8,True,True,0.11441012471914291,0.10534579306840897,0.1086038127541542,0.22863753139972687,1.5999999046325684,1.3806170225143433,0.3874390721321106,-0.01339452713727951,-0.13541677594184875,0.22863753139972687,0.1086038127541542,-0.019675008952617645,0.12303191423416138,0.44640371203422546,0.2767081558704376,0.18422111868858337,0.20704449713230133,>=0.15,False,True,False,True,True,False,False,False,True,0.09888826310634613,-0.28216102719306946,0.12702129781246185,0.02966453693807125,0.1273842751979828,0.07999999821186066,0.1086038127541542,-0.019832035526633263,0.019832035526633263,0.007748787757009268,0.08499356359243393,0.08534527570009232,0.0037199845537543297,0.008604034781455994,0.006195604335516691,-0.14983680844306946,0.17269644141197205,0.0012738427612930536,0.0076507749035954475,0.08514521270990372,0.08548710495233536,0.0023915956262499094,4-6deg,0.00-0.04,0.0,0.0,0.0,0.0
156,29,True,True,0.043382447212934494,0.0433666966855526,0.02528553083539009,0.1349850594997406,3.3999998569488525,1.051385521888733,0.21882984042167664,-0.01300754677504301,-0.12347833812236786,0.1349850594997406,0.02528553083539009,-0.019831066951155663,0.11247541010379791,1.007386326789856,0.4766596555709839,0.05453500524163246,0.057510215789079666,0.05-0.10,False,True,False,True,True,False,False,False,True,0.025707248598337173,-0.32160651683807373,0.18322420120239258,0.0670502558350563,0.14883951842784882,0.07999999821186066,0.02528553083539009,-0.0199589803814888,0.0199589803814888,0.023751160129904747,0.027593044564127922,0.03640598803758621,0.07216290384531021,0.030092891305685043,0.0032754915300756693,-0.12276739627122879,0.056117139756679535,0.001488395151682198,0.021114595234394073,0.0240964125841856,0.03203686326742172,0.07377757877111435,2-4deg,0.04-0.08,0.0,0.0,0.0,0.0
157,7,True,True,0.07150332629680634,0.06759381294250488,0.06233055517077446,0.1052531823515892,2.9600000381469727,1.075617790222168,0.30885186791419983,0.007314200978726149,0.061671413481235504,0.1052531823515892,0.06233055517077446,-0.019976437091827393,-0.05429758131504059,1.0484541654586792,0.3943714201450348,0.08529284596443176,0.0873105376958847,0.05-0.10,False,True,False,True,True,False,False,False,True,0.05574401468038559,-0.13927483558654785,0.06470540910959244,0.060905784368515015,0.6253888607025146,0.11999999731779099,0.06233055517077446,-0.020021166652441025,0.020021166652441025,-0.04363803565502167,-0.04289858043193817,0.06118321418762207,0.02389426901936531,0.10902223736047745,0.0009134905994869769,0.0643690824508667,0.08327577263116837,0.006253888364881277,-0.04582693800330162,-0.043544504791498184,0.06320569664239883,0.021741284057497978,2-4deg,0.00-0.04,0.0,0.0006905339541845024,0.0,0.0
158,45,True,True,0.037768833339214325,0.03582577407360077,0.01416692417114973,0.23004837334156036,4.579999923706055,1.6134638786315918,0.24896849691867828,0.008919114246964455,-0.0028918860480189323,0.23004837334156036,0.01416692417114973,-0.01998700201511383,0.012564239092171192,0.9269648790359497,0.32135552167892456,0.23003020882606506,0.22514885663986206,>=0.15,False,True,False,True,True,False,False,False,True,0.012214851565659046,-0.16538923978805542,0.09424196928739548,0.0268697552382946,0.18838980793952942,0.14000000059604645,0.01416692417114973,-0.020001737400889397,0.020001737400889397,-0.0775570422410965,-0.001687098410911858,0.07757551968097687,0.008064615540206432,0.07171794027090073,0.00048828125,-0.014503192156553268,0.2295907586812973,0.001883898046799004,-0.0762973502278328,-0.002010946162045002,0.07632408291101456,0.013660351745784283,4-6deg,0.00-0.04,0.0,0.0,0.0,0.0
159,26,True,True,0.04216872900724411,0.04003247618675232,0.023248666897416115,0.19630375504493713,3.1599998474121094,1.1785627603530884,0.23427775502204895,-0.02969413623213768,-0.17729902267456055,0.19630375504493713,0.023248666897416115,-0.019863981753587723,0.14676199853420258,0.6324821710586548,0.33630508184432983,0.08426281809806824,0.07491619884967804,0.05-0.10,False,True,False,True,True,False,False,False,True,0.018620463088154793,-0.3946099877357483,0.09226390719413757,0.10900020599365234,0.23160019516944885,0.07999999821186066,0.023248666897416115,-0.02002851851284504,0.02002851851284504,-0.0054423208348453045,-0.010587592609226704,0.01190552394837141,0.03353574126958847,0.011048599146306515,0.0028471453115344048,-0.1766321361064911,0.08565196394920349,0.0023160018026828766,-0.003909099381417036,-0.009269429370760918,0.010060295462608337,0.03385408595204353,0-2deg,0.00-0.04,0.0,0.0,0.0,0.0
160,3,True,True,0.051408905535936356,0.04868399724364281,0.036431364715099335,0.03578842803835869,4.859999656677246,1.256234049797058,0.20352301001548767,-0.06197303533554077,0.0030192360281944275,0.03578842803835869,0.036431364715099335,-0.018651263788342476,-0.06381192058324814,1.828242540359497,0.5047208666801453,0.035660844296216965,0.049621835350990295,0.00-0.05,False,True,False,True,True,False,False,False,True,0.026531727984547615,-0.036288708448410034,0.1357334852218628,0.06243852898478508,0.08051122725009918,0.25999999046325684,0.036431364715099335,-0.018651263788342476,0.018651263788342476,0.07569998502731323,0.05267349258065224,0.09219371527433395,0.04109528288245201,0.07354629039764404,0.026791827753186226,0.002409673295915127,0.03570721298456192,0.0008051122422330081,0.07405231893062592,0.04190843552350998,0.08507003635168076,0.04953925684094429,4-6deg,0.04-0.08,0.0,0.0,0.0,0.0
161,15,True,True,0.06517825275659561,0.061931561678647995,0.0549493283033371,0.20014116168022156,5.059999942779541,1.0392639636993408,0.23387472331523895,-0.08075307309627533,0.07689258456230164,0.20014116168022156,0.0549493283033371,-0.018665025010704994,-0.15930944681167603,1.4323160648345947,0.6022122502326965,0.18478098511695862,0.1987878382205963,>=0.15,False,True,False,True,True,False,False,False,True,0.055410899221897125,-0.07447860389947891,0.09503816068172455,0.03883393853902817,0.7484208941459656,0.14000000059604645,0.0549493283033371,-0.02007344923913479,0.02007344923913479,0.006046070251613855,-0.07386167347431183,0.07410790771245956,0.06414060294628143,0.1081576719880104,0.023986071348190308,0.06381972879171371,0.18969322741031647,0.007484208792448044,-0.001070997561328113,-0.07636886090040207,0.07637644559144974,0.06173600256443024,4-6deg,0.04-0.08,0.0,0.0,0.0,0.0
162,14,True,True,0.08188751339912415,0.07612473517656326,0.07404325902462006,0.12670612335205078,6.259999752044678,1.7722716331481934,0.22770333290100098,0.009801208972930908,-0.06182117387652397,0.12670612335205078,0.07404325902462006,-0.019990412518382072,0.07068219780921936,1.772371530532837,0.5609138011932373,0.1106010153889656,0.11453820019960403,0.10-0.15,False,True,False,True,True,False,False,False,True,0.06674422323703766,-0.1819751113653183,0.04092223569750786,0.0507243275642395,0.2517319321632385,0.11999999731779099,0.07404325902462006,-0.020005956292152405,0.020005956292152405,0.0050333538092672825,-0.06983019411563873,0.07001074403524399,0.012184752151370049,0.12029485404491425,0.0003452669770922512,-0.059569183737039566,0.11183002591133118,0.0025173192843794823,0.00563404755666852,-0.06857813894748688,0.06880839914083481,0.01564241759479046,4-6deg,0.00-0.04,0.0,0.0,0.0,0.0
163,25,True,True,0.058591052889823914,0.05481797829270363,0.046984486281871796,0.11853671073913574,3.559999942779541,1.1390539407730103,0.31272003054618835,0.003729466116055846,-0.006906924769282341,0.11853671073913574,0.046984486281871796,-0.0199928916990757,0.010981493629515171,1.644108533859253,0.6290582418441772,0.1183353140950203,0.11863057315349579,0.10-0.15,False,True,False,True,True,False,False,False,True,0.041712094098329544,-0.3208909332752228,0.20682938396930695,0.12146329879760742,0.18608346581459045,0.07999999821186066,0.046984486281871796,-0.0199928916990757,0.0199928916990757,-0.003213287331163883,0.02477431111037731,0.02498185634613037,0.005793596617877483,0.03631088510155678,0.0,-0.006787101738154888,0.11834225058555603,0.0018608346581459045,-0.002949603134766221,0.024529332295060158,0.024705922231078148,0.006204398348927498,0-2deg,0.00-0.04,0.0,0.0,0.0,0.0
164,51,True,True,0.07924653589725494,0.06820429861545563,0.0710955485701561,0.2118542194366455,3.0399999618530273,1.171297550201416,0.36353960633277893,0.004674488212913275,0.006257497239857912,0.2118542194366455,0.0710955485701561,-0.01999129354953766,-0.0017951952759176493,0.7515200972557068,0.33179157972335815,0.21176178753376007,0.21107254922389984,>=0.15,False,True,False,True,True,False,False,False,True,0.058353643864393234,-0.13441671431064606,0.1032743901014328,0.12013184279203415,0.29810699820518494,0.09999999403953552,0.0710955485701561,-0.020006559789180756,0.020006559789180756,-0.007680127862840891,0.004585269372910261,0.008943711407482624,0.011928298510611057,0.005577966570854187,0.0003452669770922512,0.00701645202934742,0.2117380052804947,0.002981069963425398,-0.0075670513324439526,0.005529209040105343,0.009373254142701626,0.01183688547462225,0-2deg,0.00-0.04,0.0,0.0,0.0,0.0
165,56,True,True,0.1012875959277153,0.09567585587501526,0.09503935277462006,0.21460849046707153,3.93999981880188,1.2000672817230225,0.22604286670684814,-0.0021365289576351643,-0.14636924862861633,0.21460849046707153,0.09503935277462006,-0.020037895068526268,0.14233087003231049,1.2324057817459106,0.4785998463630676,0.15694856643676758,0.16719834506511688,>=0.15,False,True,False,True,True,False,False,False,True,0.0888393446803093,-0.27621304988861084,0.16197417676448822,0.026241842657327652,0.26657959818840027,0.07999999821186066,0.09503935277462006,-0.020037895068526268,0.020037895068526268,-0.06838441640138626,0.023732727393507957,0.07237950712442398,0.00891878642141819,0.009347783401608467,0.0008457279182039201,-0.15719279646873474,0.14610692858695984,0.0026657958514988422,-0.06787508726119995,0.02396635338664055,0.07197616249322891,0.00979788601398468,4-6deg,0.00-0.04,0.0,0.0,0.0,0.0
166,33,True,True,0.11164121329784393,0.09931495785713196,0.1059538871049881,0.20294174551963806,3.119999885559082,0.8992332220077515,0.21606406569480896,-0.028774971142411232,0.04272846877574921,0.20294174551963806,0.1059538871049881,-0.020065687596797943,-0.07194651663303375,0.9971783757209778,0.3858802318572998,0.1983926147222519,0.22078973054885864,>=0.15,False,True,False,True,True,False,False,False,True,0.09445317834615707,-0.19307667016983032,0.0455612912774086,0.26626965403556824,0.9500484466552734,0.07999999821186066,0.1059538871049881,-0.020065687596797943,0.020065687596797943,0.005016526207327843,0.001803329330869019,0.005326526239514351,0.00840792153030634,0.04248085618019104,0.0026067092549055815,0.04164561629295349,0.19862274825572968,0.009500483982264996,0.005018528550863266,0.0023063013795763254,0.0055242786183953285,0.008356252685189247,0-2deg,0.00-0.04,0.0,0.0,0.0,0.0
167,17,True,True,0.0756741389632225,0.06867057085037231,0.06706876307725906,0.2402764856815338,3.6999998092651367,1.047804594039917,0.22288568317890167,-0.001936353393830359,-0.10967442393302917,0.2402764856815338,0.06706876307725906,-0.020024064928293228,0.10592485964298248,1.097212791442871,0.5777939558029175,0.21378566324710846,0.22613085806369781,>=0.15,False,True,False,True,True,False,False,False,True,0.05905347317457199,-0.06559307128190994,0.2394370287656784,0.8538663983345032,0.8538663983345032,0.05999999865889549,0.06706876307725906,-0.020036425441503525,0.020036425441503525,0.013829095289111137,0.001654290477745235,0.013926832005381584,0.05132284015417099,0.004284653812646866,0.001091830083169043,-0.1079268828034401,0.2146732062101364,0.008538663387298584,0.011927026323974133,0.0024386967997998,0.012172878719866276,0.05154309421777725,0-2deg,0.04-0.08,0.0,0.0,0.0,0.0
168,37,True,True,0.06373898684978485,0.05933079496026039,0.053248174488544464,0.17209309339523315,2.6399998664855957,0.9895756840705872,0.30540525913238525,-0.003947202581912279,-0.14755260944366455,0.17209309339523315,0.053248174488544464,-0.0200123880058527,0.1417064666748047,1.2362332344055176,0.5520222783088684,0.0885678306221962,0.0879431664943695,0.05-0.10,False,True,False,True,True,False,False,False,True,0.048081252723932266,-0.47107601165771484,0.14424076676368713,0.09742771834135056,0.8416604399681091,0.09999999403953552,0.053248174488544464,-0.020022964105010033,0.020022964105010033,-0.031991537660360336,-0.02399698831140995,0.039989590644836426,0.03771354258060455,0.10511966049671173,0.0012448779307305813,-0.14717017114162445,0.0892019048333168,0.00841660425066948,-0.03213530033826828,-0.020924948155879974,0.03834564611315727,0.039148639887571335,2-4deg,0.00-0.04,0.0,0.0,0.0,0.0
169,35,True,True,0.061179861426353455,0.056926626712083817,0.05017586052417755,0.16230981051921844,2.879999876022339,1.003516435623169,0.3214849829673767,-0.011111787520349026,-0.12481414526700974,0.16230981051921844,0.05017586052417755,-0.020017949864268303,0.11657430231571198,1.3562465906143188,0.5289787650108337,0.10375887900590897,0.10299371927976608,0.10-0.15,False,True,False,True,True,False,False,False,True,0.046393752098083496,-0.10657548904418945,0.09557071328163147,0.15285751223564148,0.2075919657945633,0.05999999865889549,0.05017586052417755,-0.020017949864268303,0.020017949864268303,0.010931402444839478,-0.0022506273817270994,0.011161317117512226,0.05590761452913284,0.006137609947472811,0.0005980199784971774,-0.12348165363073349,0.10534115135669708,0.002075919648632407,0.012049076147377491,-0.00418227631598711,0.012756288051605225,0.055668216198682785,0-2deg,0.04-0.08,0.0,0.0,0.0,0.0
170,52,True,True,0.10139912366867065,0.08058616518974304,0.09513993561267853,0.2723572850227356,2.859999895095825,1.0929009914398193,0.36233827471733093,0.0390487015247345,0.14406977593898773,0.2723572850227356,0.09513993561267853,-0.019994840025901794,-0.10808797925710678,0.6557708382606506,0.2916944921016693,0.23113282024860382,0.21060088276863098,>=0.15,False,True,False,True,True,False,False,False,True,0.07219335436820984,-0.09710533171892166,0.1645839661359787,0.15642398595809937,0.6436519026756287,0.1599999964237213,0.09513993561267853,-0.020172078162431717,0.020172078162431717,0.03461010754108429,0.00399652449414134,0.03483952581882477,0.05558320879936218,0.007356715854257345,0.0007720404537394643,0.13676083087921143,0.23553122580051422,0.006436518859118223,0.04112572968006134,0.00017073539493139833,0.04112591966986656,0.0522589348256588,0-2deg,0.04-0.08,0.0,0.0,0.0,0.0
171,58,True,True,0.054098669439554214,0.054098669439554214,0.041256263852119446,0.09576766937971115,2.379999876022339,1.3928426504135132,0.39118310809135437,-0.014985430054366589,-0.054417941719293594,0.09576766937971115,0.041256263852119446,-0.019999004900455475,0.03961551561951637,0.5645881295204163,0.2605397403240204,0.07880440354347229,0.11873031407594681,0.10-0.15,False,True,False,True,True,False,False,False,True,0.0459224209189415,-0.2311362773180008,0.020496791228652,0.09301215410232544,0.2004799246788025,0.09999999403953552,0.041256263852119446,-0.020010661333799362,0.020010661333799362,-0.04442303627729416,-0.03484159708023071,0.05644993484020233,0.0522194541990757,0.13368305563926697,0.0003452669770922512,-0.05727498233318329,0.07675299793481827,0.002004799200221896,-0.04080021753907204,-0.03701073303818703,0.055078938603401184,0.053336355835199356,2-4deg,0.04-0.08,0.0,0.0,0.0,0.0
172,44,True,True,0.0451008565723896,0.0451008565723896,0.02842731401324272,0.22318120300769806,6.440000057220459,1.5444121360778809,0.19219465553760529,-0.009024570696055889,-0.03219097852706909,0.22318120300769806,0.02842731401324272,-0.019997697323560715,0.023718448355793953,0.84483402967453,0.2817542552947998,0.22084742784500122,0.23983962833881378,>=0.15,False,True,False,True,True,False,False,False,True,0.09552846848964691,-0.049483951181173325,0.13317126035690308,0.17152491211891174,0.2879890501499176,3.819999933242798,0.02842731401324272,-0.02007390558719635,0.02007390558719635,0.018931787461042404,-0.004877885337918997,0.019549863412976265,0.031928036361932755,0.0012918708380311728,0.0005980199784971774,-0.029489003121852875,0.22122442722320557,0.0028798903804272413,-0.017586927860975266,0.029894888401031494,0.0346834622323513,0.025742851197719574,0-2deg,0.00-0.04,0.0,0.0,0.0,0.0
173,32,True,True,0.09322699159383774,0.09168051928281784,0.08640017360448837,0.1661754995584488,3.679999828338623,1.1888887882232666,0.1856795996427536,-0.0029650412034243345,-0.03712765872478485,0.1661754995584488,0.08640017360448837,-0.019992802292108536,0.03347959369421005,1.2592333555221558,0.5729583501815796,0.16197478771209717,0.1977861523628235,>=0.15,False,True,False,True,True,False,False,False,True,0.08469636738300323,-0.04416235163807869,0.062366656959056854,0.27808770537376404,0.27808770537376404,0.09999999403953552,0.08640017360448837,-0.0200037844479084,0.0200037844479084,-0.031921714544296265,0.0580647811293602,0.06625210493803024,0.05082676187157631,0.0017940601101145148,0.0003452669770922512,-0.03018239326775074,0.16341149806976318,0.0027808770537376404,-0.027951857075095177,0.056809231638908386,0.06330659240484238,0.053263869136571884,2-4deg,0.04-0.08,0.0,0.0,0.0,0.0
174,38,True,True,0.06552058458328247,0.05815914273262024,0.0553743951022625,0.252389132976532,2.7799999713897705,1.1961795091629028,0.2202976644039154,-0.01468800287693739,-0.17035362124443054,0.252389132976532,0.0553743951022625,-0.020026203244924545,0.1564365029335022,0.6613392233848572,0.36372292041778564,0.18622545897960663,0.20134301483631134,>=0.15,False,True,False,True,True,False,False,False,True,0.046644289046525955,-0.10710790753364563,0.2607291042804718,0.8006591796875,0.8006591796875,0.05999999865889549,0.0553743951022625,-0.020026203244924545,0.020026203244924545,-0.027886396273970604,0.0305573008954525,0.04136587679386139,0.026225455105304718,0.005535057745873928,0.0009134905994869769,-0.16347472369670868,0.1922922134399414,0.008006591349840164,-0.028731608763337135,0.02993425540626049,0.04148820787668228,0.026277780532836914,2-4deg,0.00-0.04,0.0,0.0,0.0,0.0
175,20,True,True,0.09008760005235672,0.0676993578672409,0.08304854482412338,0.06846293061971664,5.699999809265137,1.8594322204589844,0.23226337134838104,-0.08460918813943863,0.02097661793231964,0.06846293061971664,0.08304854482412338,-0.020065613090991974,-0.10800717771053314,1.734383225440979,0.567663311958313,0.06517019867897034,0.06699614226818085,0.05-0.10,False,True,False,True,True,False,False,False,True,0.05795595794916153,-0.11422348022460938,0.1278374344110489,0.17147906124591827,0.6561713218688965,0.5399999618530273,0.08304854482412338,-0.020105067640542984,0.020105067640542984,0.02327975258231163,-0.014694728888571262,0.027529282495379448,0.02310315892100334,0.007903543300926685,0.0006905339541845024,0.018892424181103706,0.0658046305179596,0.006561713293194771,0.03260469064116478,-0.017029590904712677,0.03678232803940773,0.013420802541077137,0-2deg,0.00-0.04,0.0,0.0,0.0,0.0
176,6,True,True,0.04703735187649727,0.046805184334516525,0.031421344727277756,0.025403188541531563,3.0399999618530273,1.043320894241333,0.3106348216533661,0.00326520879752934,0.013365980237722397,0.025403188541531563,0.031421344727277756,-0.01999642141163349,-0.009369177743792534,0.9137362241744995,0.36388468742370605,0.021602604538202286,0.019532978534698486,0.00-0.05,False,True,False,True,True,False,False,False,True,0.03134237229824066,-0.17277801036834717,0.01980949379503727,0.06139502301812172,0.10563178360462189,0.07999999821186066,0.031421344727277756,-0.020000293850898743,0.020000293850898743,-0.0011239199666306376,-0.016694897785782814,0.01673407293856144,0.0659840926527977,0.008638604544103146,0.0,0.013707704842090607,0.02138739824295044,0.0010563178220763803,-0.005005230661481619,-0.015905030071735382,0.016673406586050987,0.06601676344871521,0-2deg,0.04-0.08,0.0,0.0,0.0,0.0
177,31,True,True,0.04067560285329819,0.04067560285329819,0.02076033316552639,0.18375010788440704,2.6399998664855957,1.4398115873336792,0.36440417170524597,0.00016655900981277227,-0.12494541704654694,0.18375010788440704,0.02076033316552639,-0.020005041733384132,0.12459859997034073,0.8378474712371826,0.44367316365242004,0.13473212718963623,0.14135248959064484,0.10-0.15,False,True,False,True,True,False,False,False,True,0.027462292462587357,-0.2487432360649109,0.11900230497121811,0.024395596235990524,0.2861456573009491,0.07999999821186066,0.02076033316552639,-0.020005041733384132,0.020005041733384132,0.007645357865840197,0.04513441026210785,0.04577629640698433,0.07521354407072067,0.012529991567134857,0.0009134905994869769,-0.13047997653484344,0.12937958538532257,0.0028614564798772335,0.010457818396389484,0.04156181216239929,0.042856741696596146,0.07632181793451309,2-4deg,0.04-0.08,0.0,0.0,0.0,0.0
178,30,True,True,0.11521196365356445,0.10618848353624344,0.10975145548582077,0.21407954394817352,3.5,1.1038726568222046,0.19547893106937408,0.014332371763885021,-0.09245235472917557,0.21407954394817352,0.10975145548582077,-0.020003564655780792,0.10697033256292343,1.2296479940414429,0.4559502601623535,0.19308705627918243,0.17908215522766113,>=0.15,False,True,False,True,True,False,False,False,True,0.10281005501747131,-0.10133200138807297,0.1812172681093216,0.29315271973609924,0.4205794334411621,0.05999999865889549,0.10975145548582077,-0.020003564655780792,0.020003564655780792,-0.025159282609820366,0.0038363435305655003,0.025449931621551514,0.06950625777244568,0.0003452669770922512,0.0007720404537394643,-0.09281137585639954,0.19291473925113678,0.0042057940736413,-0.0277500431984663,0.004803433082997799,0.02816295251250267,0.06874954700469971,0-2deg,0.04-0.08,0.0,0.0,0.0,0.0
179,18,True,True,0.08022701740264893,0.07570894807577133,0.07218564301729202,0.18330802023410797,3.619999885559082,0.9737865924835205,0.24417972564697266,0.020859619602560997,0.09238738566637039,0.18330802023410797,0.07218564301729202,-0.019971614703536034,-0.07105609774589539,1.2365031242370605,0.423240065574646,0.1583237200975418,0.14424622058868408,0.10-0.15,False,True,False,True,True,False,False,False,True,0.06720443814992905,0.1048656776547432,0.16804355382919312,0.6361052989959717,0.6361052989959717,0.05999999865889549,0.07218564301729202,-0.02010037563741207,0.02010037563741207,0.006809744518250227,0.0256147813051939,0.026503250002861023,0.061081722378730774,0.00048828125,0.0,0.0884210392832756,0.16057255864143372,0.006361052859574556,0.008589893579483032,0.02393493428826332,0.02542884275317192,0.06129326671361923,0-2deg,0.04-0.08,0.0,0.0,0.0,0.0
180,0,True,True,0.07862351089715958,0.07368713617324829,0.0703972578048706,0.1788489669561386,3.8399999141693115,1.254323959350586,0.24325937032699585,0.01479781698435545,-0.1263541281223297,0.1788489669561386,0.0703972578048706,-0.019992858171463013,0.14184878766536713,1.4080928564071655,0.4977806806564331,0.12657640874385834,0.1293533742427826,0.10-0.15,False,True,False,True,True,False,False,False,True,0.06511417776346207,-0.09699702262878418,0.20787174999713898,0.5917221903800964,0.5917221903800964,0.05999999865889549,0.0703972578048706,-0.02006358839571476,0.02006358839571476,0.038918446749448776,-0.0639953687787056,0.07488631457090378,0.028475197032094002,0.007209402043372393,0.0011451211757957935,-0.1165105402469635,0.13569174706935883,0.005917221773415804,0.03803699091076851,-0.06470730155706406,0.07504548132419586,0.028184212744235992,4-6deg,0.00-0.04,0.0,0.0,0.0,0.0
181,22,True,True,0.05991575866937637,0.05850880965590477,0.048534195870161057,0.21772320568561554,3.7799999713897705,1.181545376777649,0.23273581266403198,-0.019702738150954247,-0.17792652547359467,0.21772320568561554,0.048534195870161057,-0.019818302243947983,0.15973791480064392,1.1733115911483765,0.5421726107597351,0.1254812628030777,0.13068616390228271,0.10-0.15,False,True,False,True,True,False,False,False,True,0.045965466648340225,-0.29349735379219055,0.21057510375976562,0.033591337502002716,0.18184076249599457,0.07999999821186066,0.048534195870161057,-0.01988876983523369,0.01988876983523369,-0.015013212338089943,0.0015819671098142862,0.015097432769834995,0.03285079821944237,0.016161473467946053,0.003734635654836893,-0.17798657715320587,0.12539608776569366,0.0018184075597673655,-0.013023863546550274,0.0015270303701981902,0.01311114989221096,0.03347117081284523,0-2deg,0.00-0.04,0.0,0.0,0.0,0.0
182,9,True,True,0.0915198028087616,0.08124441653490067,0.08456097543239594,0.20944105088710785,3.919999837875366,1.0379191637039185,0.20855848491191864,0.002675952622666955,-0.0033594132401049137,0.20944105088710785,0.08456097543239594,-0.01998749002814293,0.0043511525727808475,1.3905493021011353,0.42763686180114746,0.20941410958766937,0.21027156710624695,>=0.15,False,True,False,True,True,False,False,False,True,0.07332879304885864,-0.16845548152923584,0.09618449211120605,0.14580415189266205,0.20495480298995972,0.07999999821186066,0.08456097543239594,-0.019991515204310417,0.019991515204310417,0.015306426212191582,-0.04689660295844078,0.04932986944913864,0.04630725830793381,0.015109272673726082,0.0,0.0025183982215821743,0.2094259113073349,0.0020495480857789516,0.017641672864556313,-0.04833781719207764,0.051453933119773865,0.045163486152887344,2-4deg,0.04-0.08,0.0,0.0,0.0,0.0
183,28,True,True,0.07481753081083298,0.06430527567863464,0.06599698960781097,0.25989678502082825,2.9800000190734863,1.4250975847244263,0.3258039355278015,-0.02571888640522957,-0.21632668375968933,0.25989678502082825,0.06599698960781097,-0.019860930740833282,0.19023163616657257,0.5936524271965027,0.3153354227542877,0.14404548704624176,0.122366763651371,0.10-0.15,False,True,False,True,True,False,False,False,True,0.05389758199453354,-0.322732150554657,0.15357466042041779,0.043741367757320404,0.09976204484701157,0.11999999731779099,0.06599698960781097,-0.019860930740833282,0.019860930740833282,0.011487163603305817,0.04138799011707306,0.04295123741030693,0.005547377746552229,0.014636356383562088,0.002156191971153021,-0.21556217968463898,0.14518707990646362,0.000997620401903987,0.011929883621633053,0.0415240079164505,0.043203145265579224,0.004194694571197033,2-4deg,0.00-0.04,0.0,0.0,0.0,0.0
184,41,True,True,0.0585993230342865,0.056763406842947006,0.0470169335603714,0.10687262564897537,2.759999990463257,1.2480785846710205,0.30383816361427307,0.0037373031955212355,-0.06185724586248398,0.10687262564897537,0.0470169335603714,-0.019992949441075325,0.06534401327371597,0.46473678946495056,0.23322083055973053,0.08715181052684784,0.08602360635995865,0.05-0.10,False,True,False,True,True,False,False,False,True,0.044499583542346954,-0.21537776291370392,0.13974377512931824,0.06155972182750702,0.2161264419555664,0.07999999821186066,0.0470169335603714,-0.019992949441075325,0.019992949441075325,0.013565696775913239,0.0008385297260247171,0.01359327882528305,0.005191311240196228,0.014071599580347538,0.0006905339541845024,-0.0614234134554863,0.08745811879634857,0.002161264419555664,0.01356121152639389,0.0011489804601296782,0.013610808178782463,0.005158782005310059,0-2deg,0.00-0.04,0.0,0.0,0.0,0.0
185,50,True,True,0.10254089534282684,0.06801725178956985,0.09635399281978607,0.16154353320598602,3.3999998569488525,1.0460292100906372,0.22392679750919342,-0.00023867524578236043,0.10396519303321838,0.16154353320598602,0.09635399281978607,-0.020089438185095787,-0.10532698780298233,1.0955309867858887,0.3385220766067505,0.12364285439252853,0.09952195733785629,0.05-0.10,False,True,False,True,True,False,False,False,True,0.058538321405649185,0.12516248226165771,0.19893331825733185,0.6289067268371582,0.6768815517425537,0.4399999976158142,0.09635399281978607,-0.02016604132950306,0.02016604132950306,0.012931440956890583,-0.0278871338814497,0.030739668756723404,0.017498642206192017,0.004128795117139816,0.0017605233006179333,0.10004603862762451,0.1268349587917328,0.006768815219402313,0.013878528960049152,-0.03365471959114075,0.03640271723270416,0.010115126147866249,0-2deg,0.00-0.04,0.0,0.0,0.0,0.0
186,59,True,True,0.05780474841594696,0.05780474841594696,0.045900508761405945,0.1466560959815979,3.819999933242798,1.2621408700942993,0.24159614741802216,-0.027811499312520027,-0.14612287282943726,0.1466560959815979,0.045900508761405945,-0.019922129809856415,0.11906790733337402,1.016211986541748,0.4139787256717682,0.012494741007685661,0.019768301397562027,0.00-0.05,False,True,False,True,True,False,False,False,True,0.04669113829731941,-0.2093457132577896,0.09162651002407074,0.044119056314229965,0.155814990401268,0.07999999821186066,0.045900508761405945,-0.02000676840543747,0.02000676840543747,0.007559710647910833,0.054370589554309845,0.054893482476472855,0.043875548988580704,0.04121570661664009,0.0017605233006179333,-0.14551237225532532,0.018280137330293655,0.0015581498155370355,0.009313108399510384,0.05629357323050499,0.057058341801166534,0.04285988584160805,2-4deg,0.04-0.08,0.0,0.0,0.0,0.0
187,61,True,True,0.10224089026451111,0.09501761198043823,0.09605387598276138,0.23552821576595306,4.019999980926514,1.169742226600647,0.21049869060516357,-0.03476150333881378,-0.19353331625461578,0.23552821576595306,0.09605387598276138,-0.019893892109394073,0.15525327622890472,1.495259165763855,0.5196554660797119,0.13423262536525726,0.1394321769475937,0.10-0.15,False,True,False,True,True,False,False,False,True,0.08795303106307983,-0.3501688838005066,0.054352812469005585,0.03761855885386467,0.2660048305988312,0.09999999403953552,0.09605387598276138,-0.02005009353160858,0.02005009353160858,-0.05066864192485809,-0.031072085723280907,0.059430789202451706,0.019600573927164078,0.10179641097784042,0.002264067530632019,-0.1955595165491104,0.1312631368637085,0.002660048194229603,-0.05118424817919731,-0.02958669885993004,0.05911383777856827,0.019732145592570305,2-4deg,0.00-0.04,0.0,0.0,0.0,0.0
188,49,True,True,0.059527505189180374,0.05638403818011284,0.048142075538635254,0.07319989800453186,2.5199999809265137,1.1511013507843018,0.2502689063549042,0.006937876343727112,-0.006155870389193296,0.07319989800453186,0.048142075538635254,-0.01998572237789631,0.013920179568231106,1.180072546005249,0.43379300832748413,0.07294059544801712,0.07157351076602936,0.05-0.10,False,True,False,True,True,False,False,False,True,0.044201310724020004,-0.03796481713652611,0.11519473046064377,0.5267783403396606,0.5267783403396606,0.07999999821186066,0.048142075538635254,-0.020107712596654892,0.020107712596654892,0.012365981936454773,0.08312249928712845,0.08403535932302475,0.019269069656729698,0.009206432849168777,0.0,-0.0005386343691498041,0.07319791615009308,0.00526778306812048,0.012976337224245071,0.08403660356998444,0.08503003418445587,0.01737302355468273,4-6deg,0.00-0.04,0.0,0.0,0.0,0.0
189,62,True,True,0.037377990782260895,0.03678717464208603,0.01266614068299532,0.18418405950069427,3.6599998474121094,1.0589509010314941,0.2019883692264557,-0.021614380180835724,-0.14184445142745972,0.18418405950069427,0.01266614068299532,-0.01982606202363968,0.1192106306552887,1.3980900049209595,0.7058910131454468,0.11749007552862167,0.16125081479549408,>=0.15,False,True,False,True,True,False,False,False,True,0.009567824192345142,-0.2976365089416504,0.14286625385284424,0.061636511236429214,0.1727115958929062,0.07999999821186066,0.01266614068299532,-0.01982606202363968,0.01982606202363968,0.050623781979084015,-0.020702144131064415,0.054689958691596985,0.04453786090016365,0.054568782448768616,0.002367031527683139,-0.1473037451505661,0.11056841909885406,0.0017271159449592233,0.04809201508760452,-0.02164708822965622,0.052735961973667145,0.04553418606519699,2-4deg,0.04-0.08,0.0,0.0,0.0,0.0
190,37,False,False,0.36959603428840637,0.36959603428840637,0.0,0.0,1.4399999380111694,1.8696650266647339,0.610607385635376,-0.904694139957428,-1.0735222101211548,1.9151984453201294,0.3827950954437256,-0.015162888914346695,0.02416025660932064,1.9301140308380127,1.0437887907028198,1.5860438346862793,0.15997612476348877,>=0.15,True,True,False,False,False,False,False,True,False,0.0,0.0,0.0,0.0,0.0,0.0,0.3827950954437256,-0.015162888914346695,0.015162888914346695,0.0,0.0,0.0,0.0,0.0,0.44313064217567444,-1.0098750591278076,1.6273099184036255,0.0,0.06940309703350067,-0.06538954377174377,0.09531913697719574,0.03854379057884216,0-2deg,0.00-0.04,0.0,0.0,0.0,0.0
191,16,True,True,0.07118715345859528,0.06932394206523895,0.06198803707957268,0.09525585174560547,4.099999904632568,1.3643286228179932,0.27043041586875916,0.004325115121901035,-0.016585970297455788,0.09525585174560547,0.06198803707957268,-0.01999630406498909,0.021105745807290077,0.9231804609298706,0.40472277998924255,0.09380076080560684,0.09810453653335571,0.05-0.10,False,True,False,True,True,False,False,False,True,0.0605192705988884,-0.10768000781536102,0.02875988744199276,0.03673457354307175,0.13388222455978394,0.11999999731779099,0.06198803707957268,-0.01999630406498909,0.01999630406498909,0.01975124701857567,0.0003745392896234989,0.01975611038506031,0.05430348590016365,0.0771876871585846,0.0,-0.017883580178022385,0.0935620442032814,0.001338822185061872,0.014274686574935913,0.0007624124409630895,0.014294342137873173,0.05544165149331093,0-2deg,0.04-0.08,0.0,0.0,0.0,0.0
192,46,True,True,0.1108519583940506,0.10496418178081512,0.10519617795944214,0.1431363821029663,3.5199999809265137,1.4738240242004395,0.32259294390678406,0.005858398042619228,-0.060067594051361084,0.1431363821029663,0.10519617795944214,-0.020006615668535233,0.06922230869531631,1.0164905786514282,0.33957117795944214,0.12992270290851593,0.13585129380226135,0.10-0.15,False,True,False,True,True,False,False,False,True,0.10030089318752289,-0.13257931172847748,0.06804004311561584,0.02062028832733631,0.14693747460842133,0.09999999403953552,0.10519617795944214,-0.02001631073653698,0.02001631073653698,0.004146240651607513,0.04941049963235855,0.04958426207304001,0.03444734588265419,0.04581926017999649,0.0003452669770922512,-0.05380292981863022,0.13263963162899017,0.0014693747507408261,0.004537492990493774,0.05209002271294594,0.052287403494119644,0.03324071317911148,2-4deg,0.00-0.04,0.0,0.0,0.0,0.0
193,51,True,False,0.16671964526176453,0.16002404689788818,0.0,0.0,1.8799999952316284,1.5129609107971191,0.4883257746696472,0.007172734476625919,-0.17577418684959412,0.2609190046787262,0.1630723923444748,-0.01951351948082447,0.184586301445961,0.5406930446624756,0.32572609186172485,0.1928267627954483,0.246445432305336,>=0.15,True,True,False,True,False,False,False,True,True,0.1630723923444748,-0.17233994603157043,0.19590216875076294,0.03347212076187134,0.03347212076187134,0.0,0.1630723923444748,-0.01951351948082447,0.01951351948082447,0.0241976547986269,0.02838893048465252,0.03730058670043945,0.02069525420665741,0.009868879802525043,0.009868879802525043,-0.17233994603157043,0.19590216875076294,0.0003347212041262537,0.0241976547986269,0.02838893048465252,0.03730058670043945,0.02069525420665741,2-4deg,0.00-0.04,0.0,0.0,0.0,0.0
194,5,True,True,0.06307534873485565,0.06276971846818924,0.05260312184691429,0.19095954298973083,4.400000095367432,0.9889744520187378,0.22882132232189178,-0.022936897352337837,0.08905036747455597,0.19095954298973083,0.05260312184691429,-0.020050322636961937,-0.11187709122896194,1.0921216011047363,0.29501253366470337,0.16892477869987488,0.19840934872627258,>=0.15,False,True,False,True,True,False,False,False,True,0.05295224115252495,-0.0660896897315979,0.023857666179537773,0.029256582260131836,0.3833611011505127,0.05999999865889549,0.05260312184691429,-0.020077958703041077,0.020077958703041077,0.0023248966317623854,3.792632560362108e-05,0.002316121943295002,0.0015342585975304246,0.012520474381744862,0.0029092722106724977,0.08916632831096649,0.16886357963085175,0.0038336110301315784,0.0022626661229878664,3.881820521201007e-05,0.002264067530632019,0.0015773770865052938,0-2deg,0.00-0.04,0.0,0.0,0.0,0.0
195,53,True,True,0.06507601588964462,0.06330036371946335,0.05437618866562843,0.1403796523809433,4.039999961853027,1.1887856721878052,0.17188115417957306,0.0008706465014256537,-0.11159263551235199,0.1403796523809433,0.05437618866562843,-0.01964261569082737,0.11253934353590012,1.3125488758087158,0.4788281321525574,0.08516765385866165,0.14897112548351288,0.10-0.15,False,True,False,True,True,False,False,False,True,0.05582225322723389,-0.26011183857917786,0.2489161342382431,0.04963859170675278,0.10561977326869965,0.09999999403953552,0.05437618866562843,-0.019838431850075722,0.019838431850075722,-0.04392368346452713,-0.02045491896569729,0.04845050722360611,0.04444926232099533,0.10300516337156296,0.0073648132383823395,-0.10807248204946518,0.0895923301577568,0.0010561976814642549,-0.041692353785037994,-0.023247888311743736,0.04773261770606041,0.04492016136646271,2-4deg,0.04-0.08,0.0,0.0,0.0,0.0
196,19,True,True,0.047282714396715164,0.04689277708530426,0.03165815398097038,0.16952595114707947,3.240000009536743,1.1615828275680542,0.2834569215774536,-0.028766600415110588,-0.16681912541389465,0.16952595114707947,0.03165815398097038,-0.019894110038876534,0.13871805369853973,1.1568273305892944,0.4940579831600189,0.030173301696777344,0.03370126709342003,0.00-0.05,False,True,False,True,True,False,False,False,True,0.031045105308294296,-0.11047344654798508,0.03379359468817711,0.11480715870857239,0.14674048125743866,0.05999999865889549,0.03165815398097038,-0.020005539059638977,0.020005539059638977,-0.010858898051083088,0.005951866507530212,0.012381643988192081,0.06207311898469925,0.00700816884636879,0.002316121943295002,-0.16715137660503387,0.028274914249777794,0.0014674047706648707,-0.013069703243672848,0.004829203709959984,0.013935388997197151,0.06189452111721039,0-2deg,0.04-0.08,0.0,0.0,0.0,0.0
197,56,True,True,0.10906857252120972,0.10262856632471085,0.10329502075910568,0.23827774822711945,2.1399998664855957,1.3420242071151733,0.36049723625183105,0.01328971702605486,-0.04729855805635452,0.23827774822711945,0.10329502075910568,-0.01999329775571823,0.06298328936100006,0.718914806842804,0.2842549979686737,0.23353615403175354,0.22998128831386566,>=0.15,False,True,False,True,True,False,False,False,True,0.09651162475347519,-0.19815528392791748,0.11269982159137726,0.04426554962992668,0.27101486921310425,0.07999999821186066,0.10329502075910568,-0.02006184495985508,0.02006184495985508,0.0030442955903708935,-0.0242158230394125,0.024407342076301575,0.04665908217430115,0.053652968257665634,0.00048828125,-0.05095156654715538,0.23276646435260773,0.0027101486921310425,0.0036489388439804316,-0.02146788127720356,0.021776897832751274,0.047119949012994766,0-2deg,0.04-0.08,0.0,0.0,0.0,0.0
198,2,True,True,0.09932472556829453,0.09392773360013962,0.092961385846138,0.1648641973733902,2.440000057220459,1.2340587377548218,0.3893392086029053,0.00594741478562355,0.027104739099740982,0.1648641973733902,0.092961385846138,-0.019990315660834312,-0.018645744770765305,0.9540908932685852,0.39560866355895996,0.16262084245681763,0.15509654581546783,>=0.15,False,True,False,True,True,False,False,False,True,0.08782850205898285,-0.14679116010665894,0.09941164404153824,0.0748412236571312,0.6785717606544495,0.07999999821186066,0.092961385846138,-0.019990315660834312,0.019990315660834312,-0.004817441571503878,-0.02632487192749977,0.026762887835502625,0.030500581488013268,0.032710835337638855,0.0003452669770922512,0.02497277967631817,0.16296185553073883,0.006785717327147722,-0.003958524204790592,-0.02793021872639656,0.02820947952568531,0.030184345319867134,0-2deg,0.00-0.04,0.0,0.0,0.0,0.0
199,39,True,True,0.06078410893678665,0.05756021663546562,0.04970203712582588,0.1400432139635086,4.380000114440918,1.1862229108810425,0.21583686769008636,-0.01564016193151474,-0.0699295699596405,0.1400432139635086,0.04970203712582588,-0.020014723762869835,0.053396306931972504,1.0583672523498535,0.40795692801475525,0.12133406847715378,0.18395672738552094,>=0.15,False,True,False,True,True,False,False,False,True,0.04587767273187637,-0.04614347964525223,0.08168598264455795,0.042677637189626694,0.1426689624786377,0.05999999865889549,0.04970203712582588,-0.020014723762869835,0.020014723762869835,-0.05057033151388168,0.0160213615745306,0.05304601415991783,0.0479973666369915,0.006703884806483984,0.00048828125,-0.07623099535703659,0.11747738718986511,0.0014266895595937967,-0.05184434726834297,0.01459169015288353,0.05385708808898926,0.04774810001254082,2-4deg,0.04-0.08,0.0,0.0,0.0,0.0
200,40,True,True,0.06886448711156845,0.06704198569059372,0.05930153280496597,0.09556881338357925,2.619999885559082,1.1903538703918457,0.3634082078933716,0.00409678416326642,-0.012954764068126678,0.09556881338357925,0.05930153280496597,-0.019992439076304436,0.015951907262206078,0.5238065123558044,0.15707054734230042,0.09468670934438705,0.09495087713003159,0.05-0.10,False,True,False,True,True,False,False,False,True,0.057220641523599625,-0.12037928402423859,0.14704418182373047,0.10474137216806412,0.1306852251291275,0.07999999821186066,0.05930153280496597,-0.01999329775571823,0.01999329775571823,-0.00372695061378181,0.010544147342443466,0.01118265837430954,0.03667965903878212,0.01484260056167841,0.0003452669770922512,-0.012411858886480331,0.09475940465927124,0.0013068522093817592,-0.004808688536286354,0.008623533882200718,0.009874917566776276,0.03678755834698677,0-2deg,0.00-0.04,0.0,0.0,0.0,0.0
201,15,True,True,0.0766717866063118,0.0371655710041523,0.06830335408449173,0.06593205034732819,2.4600000381469727,1.4626500606536865,0.35393500328063965,-0.08457379788160324,0.021290026605129242,0.06593205034732819,0.06830335408449173,-0.019616959616541862,-0.1061045378446579,0.3811112940311432,0.16152895987033844,0.06240008771419525,0.09498459100723267,0.05-0.10,False,True,False,True,True,False,False,False,True,0.03172396495938301,-0.09654280543327332,0.12119533121585846,0.06037389114499092,0.8056302070617676,1.0199999809265137,0.06830335408449173,-0.0201322790235281,0.0201322790235281,0.06603600829839706,0.006507867015898228,0.06635556370019913,0.01672600395977497,0.08389107137918472,0.008679904043674469,0.0202106274664402,0.06275799870491028,0.00805630162358284,0.03443477675318718,0.007212091237306595,0.03518179431557655,0.043881889432668686,2-4deg,0.00-0.04,0.0,0.0,0.0,0.0
202,48,True,True,0.06307435780763626,0.06062924861907959,0.05247541144490242,0.1191922128200531,3.6599998474121094,0.9632465243339539,0.15665972232818604,-0.022540036588907242,0.03957543522119522,0.1191922128200531,0.05247541144490242,-0.020047223195433617,-0.0658264011144638,1.0216994285583496,0.41731515526771545,0.11243028193712234,0.1019156202673912,0.10-0.15,False,True,False,True,True,False,False,False,True,0.049449458718299866,0.05453372746706009,0.15846972167491913,0.6977788209915161,0.6977788209915161,0.05999999865889549,0.05247541144490242,-0.02015336975455284,0.02015336975455284,-0.007181874476373196,0.033982861787080765,0.03473327308893204,0.062151480466127396,0.007743550464510918,0.0008457279182039201,0.03730974718928337,0.11320232599973679,0.006977788172662258,-0.007082156836986542,0.03644374758005142,0.03712595999240875,0.060980021953582764,0-2deg,0.04-0.08,0.0,0.0,0.0,0.0
203,13,True,True,0.10960487276315689,0.09866786003112793,0.10389392822980881,0.2643420398235321,4.579999923706055,1.315031886100769,0.21544024348258972,-0.0164957232773304,-0.13429515063762665,0.2643420398235321,0.10389392822980881,-0.02001509629189968,0.11403235793113708,1.0942403078079224,0.4147757887840271,0.22768732905387878,0.2180166244506836,>=0.15,False,True,False,True,True,False,False,False,True,0.0926242470741272,-0.2863910496234894,0.14929954707622528,0.08214219659566879,0.12009969353675842,0.09999999403953552,0.10389392822980881,-0.02001509629189968,0.02001509629189968,-0.0007798991282470524,-0.014900149777531624,0.014918709173798561,0.039005257189273834,0.031605977565050125,0.0006905339541845024,-0.13212957978248596,0.2289508432149887,0.0012009969213977456,0.0011063215788453817,-0.012380816042423248,0.012429691851139069,0.039647068828344345,0-2deg,0.00-0.04,0.0,0.0,0.0,0.0
204,36,True,True,0.06091625243425369,0.05698145553469658,0.04985479637980461,0.14547328650951385,3.9800000190734863,1.0149269104003906,0.25950080156326294,0.004066795576363802,-0.0010585994459688663,0.14547328650951385,0.04985479637980461,-0.01999020390212536,0.005790696945041418,0.824430525302887,0.3306658864021301,0.14546944200992584,0.14304061233997345,0.10-0.15,False,True,False,True,True,False,False,False,True,0.04500662162899971,0.04331696778535843,0.15497061610221863,0.6871422529220581,0.6871422529220581,0.05999999865889549,0.04985479637980461,-0.02005573734641075,0.02005573734641075,-0.012064293958246708,0.004979930818080902,0.013051914982497692,0.032684326171875,0.0008457279182039201,0.0,-0.0027327723801136017,0.14544762670993805,0.006871422287076712,-0.010892622172832489,0.005566332954913378,0.012231497094035149,0.03282322362065315,0-2deg,0.00-0.04,0.0,0.0,0.0,0.0
205,17,True,True,0.08697886019945145,0.08277970552444458,0.07963801920413971,0.24960869550704956,2.379999876022339,1.3210421800613403,0.38171929121017456,-0.035381071269512177,-0.19259649515151978,0.24960869550704956,0.07963801920413971,-0.020006874576210976,0.15749049186706543,0.9456937909126282,0.40911006927490234,0.1587800234556198,0.15529854595661163,>=0.15,False,True,False,True,True,False,False,False,True,0.07516490668058395,-0.2515488266944885,0.07697509974241257,0.1713094562292099,0.1713094562292099,0.05999999865889549,0.07963801920413971,-0.020068760961294174,0.020068760961294174,-0.026373405009508133,-0.002872051438316703,0.026530226692557335,0.016609180718660355,0.004143206402659416,0.00048828125,-0.19302108883857727,0.15826359391212463,0.0017130945343524218,-0.027027375996112823,-0.0028775606770068407,0.027180608361959457,0.01608850434422493,0-2deg,0.00-0.04,0.0,0.0,0.0,0.0
206,9,False,False,0.47833704948425293,0.47833704948425293,0.0,0.0,1.559999942779541,1.9443769454956055,0.5098350048065186,-1.4512919187545776,-1.5662976503372192,2.6236069202423096,0.4937041699886322,-0.019030535593628883,-0.027112122625112534,1.8662618398666382,1.0958902835845947,2.104762315750122,0.2205391675233841,>=0.15,True,True,False,False,False,False,False,True,False,0.0,0.0,0.0,0.0,0.0,0.0,0.4937041699886322,-0.019030535593628883,0.019030535593628883,0.0,0.0,0.0,0.0,0.0,0.4938187599182129,-1.540266513824463,2.1238863468170166,0.0,-0.006421568803489208,0.05899893864989281,0.05934743955731392,0.034836530685424805,0-2deg,0.00-0.04,0.0,0.0,0.0,0.0
207,0,True,True,0.07935420423746109,0.07935420423746109,0.07121681421995163,0.13446331024169922,1.659999966621399,1.1827528476715088,0.37739622592926025,-0.005676378030329943,-0.12726959586143494,0.13446331024169922,0.07121681421995163,-0.020020954310894012,0.1228170096874237,0.4664938449859619,0.3295668661594391,0.0433916412293911,0.04044252634048462,0.00-0.05,False,True,False,True,True,False,False,False,True,0.07311789691448212,-0.263558030128479,0.18463259935379028,0.04807284474372864,0.2808215320110321,0.07999999821186066,0.07121681421995163,-0.020020954310894012,0.020020954310894012,-0.051991261541843414,-0.015071476809680462,0.05412989482283592,0.023636065423488617,0.05179238319396973,0.0009134905994869769,-0.12524725496768951,0.048923540860414505,0.002808215329423547,-0.05184222012758255,-0.01364283449947834,0.053606268018484116,0.02428469806909561,2-4deg,0.00-0.04,0.0,0.0,0.0,0.0
208,12,True,True,0.06301833689212799,0.059685662388801575,0.05242225155234337,0.18146133422851562,3.299999952316284,1.1350780725479126,0.19781258702278137,-0.01532032247632742,-0.14638833701610565,0.18146133422851562,0.05242225155234337,-0.020020512863993645,0.13050299882888794,0.6030107140541077,0.3263521194458008,0.10723186284303665,0.10499312728643417,0.10-0.15,False,True,False,True,True,False,False,False,True,0.04837531968951225,-0.2546568512916565,0.10545818507671356,0.21174295246601105,0.21174295246601105,0.05999999865889549,0.05242225155234337,-0.020047806203365326,0.020047806203365326,-0.009919073432683945,0.03169893100857735,0.033213626593351364,0.01286932174116373,0.003257243661209941,0.00048828125,-0.1489650309085846,0.10362257808446884,0.00211742939427495,-0.009401805698871613,0.03169231861829758,0.03305710107088089,0.012999936938285828,0-2deg,0.00-0.04,0.0,0.0,0.0,0.0
209,23,True,True,0.043290138244628906,0.043290138244628906,0.025576621294021606,0.052675846964120865,2.9800000190734863,1.0040901899337769,0.30813026428222656,-0.09686768054962158,0.023052938282489777,0.052675846964120865,0.025576621294021606,-0.02007456123828888,-0.1214754581451416,0.822866678237915,0.3536825180053711,0.047363560646772385,0.042749468237161636,0.00-0.05,False,True,False,True,True,False,False,False,True,0.032137658447027206,-0.14076249301433563,0.10460256785154343,0.02127217873930931,0.20036305487155914,0.1599999964237213,0.025576621294021606,-0.02007456123828888,0.02007456123828888,0.048059605062007904,0.03920431435108185,0.062012042850255966,0.04148360341787338,0.03600751608610153,0.0,0.023399604484438896,0.0471932552754879,0.0020036303903907537,0.05107657611370087,0.03423994407057762,0.06148272007703781,0.04152015224099159,2-4deg,0.04-0.08,0.0,0.0,0.0,0.0
210,63,True,False,0.31696152687072754,0.11127074807882309,0.0,0.0,3.6399998664855957,1.280895709991455,0.25098344683647156,0.0060782115906476974,0.09502571821212769,0.2276977002620697,0.3149941563606262,-0.020001497119665146,-0.10378997772932053,1.3770214319229126,0.3161083459854126,0.20692113041877747,0.20083831250667572,>=0.15,True,True,False,True,False,False,False,True,True,0.10564420372247696,-0.03366179019212723,0.12919457256793976,0.18881699442863464,1.0079808235168457,0.0,0.3149941563606262,-0.020155906677246094,0.020155906677246094,-0.006146442610770464,0.0008097805548459291,0.006195604335516691,0.06835866719484329,0.0003452669770922512,0.0009765625,0.08055510371923447,0.21297211945056915,0.010079807601869106,-0.05335152521729469,0.04406842961907387,0.06918534636497498,0.0462862066924572,0-2deg,0.04-0.08,0.0,0.0,0.0,0.0
211,43,True,True,0.0767589583992958,0.07347942888736725,0.06831067055463791,0.11313702166080475,3.0999999046325684,1.178091049194336,0.304805189371109,0.007275817915797234,-0.06760036945343018,0.11313702166080475,0.06831067055463791,-0.020006513223052025,0.07511884719133377,1.1059614419937134,0.42114976048469543,0.09072031825780869,0.09368547797203064,0.05-0.10,False,True,False,True,True,False,False,False,True,0.06472513824701309,-0.15467479825019836,0.10981427878141403,0.2245652973651886,0.24308981001377106,0.05999999865889549,0.06831067055463791,-0.020067382603883743,0.020067382603883743,-0.004727633204311132,0.016366083174943924,0.017034156247973442,0.003535656025633216,0.003107404103502631,0.0008457279182039201,-0.06907707452774048,0.08960102498531342,0.0024308981373906136,-0.0047761849127709866,0.016228482127189636,0.016918282955884933,0.003762331558391452,0-2deg,0.00-0.04,0.0,0.0,0.0,0.0
212,60,True,True,0.04164929315447807,0.04162139073014259,0.0225688423961401,0.24793559312820435,3.0399999618530273,1.1040705442428589,0.3143535256385803,0.004590292926877737,0.015034621581435204,0.24793559312820435,0.0225688423961401,-0.019999731332063675,-0.011023971252143383,0.5512701869010925,0.24655598402023315,0.24747931957244873,0.24685122072696686,>=0.15,False,True,False,True,True,False,False,False,True,0.024678990244865417,-0.14453770220279694,0.27975067496299744,0.1257702261209488,0.20157675445079803,0.07999999821186066,0.0225688423961401,-0.020033184438943863,0.020033184438943863,0.012580127455294132,0.006011354736983776,0.013943941332399845,0.03328423202037811,0.008890234865248203,0.0,0.01787641830742359,0.24729029834270477,0.0020157673861831427,0.010579914785921574,0.0058236680924892426,0.012074548751115799,0.0336717888712883,0-2deg,0.00-0.04,0.0,0.0,0.0,0.0
213,6,True,True,0.07083739340305328,0.06636708974838257,0.06160929054021835,0.1609085202217102,1.959999918937683,1.2596664428710938,0.32973361015319824,0.002191307721659541,-0.09601004421710968,0.1609085202217102,0.06160929054021835,-0.02000739984214306,0.0960850864648819,0.8137495517730713,0.28220391273498535,0.1291263848543167,0.12966613471508026,0.10-0.15,False,True,False,True,True,False,False,False,True,0.05648067593574524,-0.10170047730207443,0.1436394602060318,0.2788013815879822,0.2788013815879822,0.05999999865889549,0.06160929054021835,-0.02001352235674858,0.02001352235674858,-0.007916928268969059,-0.003228220157325268,0.00854843482375145,0.04929926246404648,0.0009134905994869769,0.0008457279182039201,-0.09555239975452423,0.12946538627147675,0.002788013778626919,-0.00879177451133728,-0.0014604214811697602,0.008910326287150383,0.04931475594639778,0-2deg,0.04-0.08,0.0,0.0,0.0,0.0
214,20,True,True,0.07538478076457977,0.07071401923894882,0.06675021350383759,0.10296865552663803,2.1599998474121094,1.0502650737762451,0.30648207664489746,-0.0163105521351099,0.03889547660946846,0.10296865552663803,0.06675021350383759,-0.02004314213991165,-0.05529904365539551,0.5923759341239929,0.3011412024497986,0.09533984214067459,0.11429297178983688,0.10-0.15,False,True,False,True,True,False,False,False,True,0.06204693391919136,-0.15588195621967316,0.07337532937526703,0.08220832049846649,0.38531628251075745,0.09999999403953552,0.06675021350383759,-0.02004314213991165,0.02004314213991165,-0.010541247203946114,0.011958083137869835,0.01594238355755806,0.00973570253700018,0.047897227108478546,0.00172633514739573,0.04034782573580742,0.09473434835672379,0.0038531627506017685,-0.011132743209600449,0.011464246548712254,0.01597972773015499,0.009531553834676743,0-2deg,0.00-0.04,0.0,0.0,0.0,0.0
215,55,True,True,0.08966504782438278,0.08242746442556381,0.08252546936273575,0.21685728430747986,3.1999998092651367,1.0747361183166504,0.24352291226387024,-0.015266667120158672,-0.1598542034626007,0.21685728430747986,0.08252546936273575,-0.020017797127366066,0.1475137174129486,0.8476096391677856,0.3702487051486969,0.1465391367673874,0.15509937703609467,>=0.15,False,True,False,True,True,False,False,False,True,0.07474848628044128,-0.3771558403968811,0.14200939238071442,0.20479674637317657,0.3038479685783386,0.07999999821186066,0.08252546936273575,-0.020027704536914825,0.020027704536914825,0.024843087419867516,-0.012606766074895859,0.027858620509505272,0.045506250113248825,0.03158144652843475,0.0011451211757957935,-0.1556643694639206,0.15098242461681366,0.0030384797137230635,0.02380494400858879,-0.015123775228857994,0.028203140944242477,0.04523617774248123,0-2deg,0.04-0.08,0.0,0.0,0.0,0.0
216,32,True,True,0.058517977595329285,0.057729773223400116,0.04691111668944359,0.11954151839017868,2.419999837875366,1.373824954032898,0.37926751375198364,-0.017334241420030594,-0.05533573031425476,0.11954151839017868,0.04691111668944359,-0.02001202292740345,0.04029064252972603,0.41064292192459106,0.21178796887397766,0.10596287995576859,0.13979117572307587,0.10-0.15,False,True,False,True,True,False,False,False,True,0.047352440655231476,-0.031231103464961052,0.10199622064828873,0.6275069117546082,0.6275069117546082,0.09999999403953552,0.04691111668944359,-0.020041819661855698,0.020041819661855698,0.015001731924712658,0.05252576246857643,0.054624490439891815,0.08053095638751984,0.005577966570854187,0.0,-0.05775885656476021,0.10466178506612778,0.00627506896853447,0.008870095945894718,0.05034668371081352,0.05112140625715256,0.08209264278411865,2-4deg,0.08-0.12,0.0,0.0,0.0,0.0
217,1,True,True,0.07049649953842163,0.06675435602664948,0.06117424741387367,0.17246541380882263,3.5999999046325684,1.2732521295547485,0.23506797850131989,-0.01914440467953682,-0.1605602502822876,0.17246541380882263,0.06117424741387367,-0.020010681822896004,0.1423185169696808,0.7598286271095276,0.3853960633277893,0.06296604871749878,0.0688663125038147,0.05-0.10,False,True,False,True,True,False,False,False,True,0.05680883675813675,-0.24152591824531555,0.143110454082489,0.06267083436250687,0.11442933976650238,0.07999999821186066,0.06117424741387367,-0.020010681822896004,0.020010681822896004,-0.018782783299684525,0.015103732235729694,0.02410259284079075,0.01989845745265484,0.016235072165727615,0.0008457279182039201,-0.1609535813331604,0.06195374205708504,0.0011442933464422822,-0.019494453445076942,0.014147698879241943,0.024087749421596527,0.019835205748677254,0-2deg,0.00-0.04,0.0,0.0,0.0,0.0
218,54,True,False,0.13378682732582092,0.13359571993350983,0.0,0.0,6.119999885559082,1.8471667766571045,0.2448848932981491,-0.1614408940076828,-0.2596488893032074,0.27423980832099915,0.1297697126865387,-0.017606932669878006,0.10241258144378662,1.9084161520004272,0.5377675294876099,0.08826059848070145,0.2343028485774994,>=0.15,True,True,False,True,False,False,False,True,True,0.1297697126865387,-0.2616121768951416,0.08225907385349274,0.0504949614405632,0.0504949614405632,0.0,0.1297697126865387,-0.017606932669878006,0.017606932669878006,-0.008782838471233845,-0.051122695207595825,0.051870618015527725,0.02817683294415474,0.04656022787094116,0.04656022787094116,-0.2616121768951416,0.08225907385349274,0.0005049495957791805,-0.008782838471233845,-0.051122695207595825,0.051870618015527725,0.02817683294415474,2-4deg,0.00-0.04,0.0,0.0,0.0,0.0
219,47,True,True,0.04146914184093475,0.04146914184093475,0.022234490141272545,0.08223023265600204,4.900000095367432,1.0392295122146606,0.210257425904274,0.002116877119988203,0.0011711546685546637,0.08223023265600204,0.022234490141272545,-0.019997138530015945,0.001894623041152954,1.4603289365768433,0.49873146414756775,0.08222189545631409,0.08998478949069977,0.05-0.10,False,True,False,True,True,False,False,False,True,0.023095987737178802,-0.07417058199644089,0.04024536907672882,0.02100658044219017,0.09217584133148193,0.09999999403953552,0.022234490141272545,-0.02003372646868229,0.02003372646868229,0.03946888446807861,0.05840974301099777,0.0704820528626442,0.05194297805428505,0.03623528033494949,0.0003452669770922512,-0.0030270209535956383,0.08217450231313705,0.0009217584156431258,0.03538798540830612,0.057087186723947525,0.06715617328882217,0.05528677627444267,4-6deg,0.04-0.08,0.0,0.0,0.0,0.0
220,25,True,True,0.08775345981121063,0.07838649302721024,0.08046706020832062,0.1779007464647293,2.9800000190734863,1.1393204927444458,0.2384948432445526,0.006964539643377066,-0.011322814039885998,0.1779007464647293,0.08046706020832062,-0.01998683251440525,0.01991102285683155,1.2824910879135132,0.4703596532344818,0.17754004895687103,0.17368583381175995,>=0.15,False,True,False,True,True,False,False,False,True,0.07355120778083801,-0.0092511847615242,0.19418391585350037,0.04433009773492813,0.22484979033470154,0.05999999865889549,0.08046706020832062,-0.0199930127710104,0.0199930127710104,-0.019897589460015297,-0.0034519792534410954,0.020194772630929947,0.05219365283846855,0.0031455333810299635,0.0,-0.007706713397055864,0.17773374915122986,0.002248497912660241,-0.020525652915239334,-0.0014630830846726894,0.02057781256735325,0.05208201706409454,0-2deg,0.04-0.08,0.0,0.0,0.0,0.0
221,44,True,True,0.04718545824289322,0.04718545824289322,0.031689587980508804,0.1425895392894745,2.6399998664855957,1.5449130535125732,0.40021371841430664,0.0007835828582756221,-0.11272431910037994,0.1425895392894745,0.031689587980508804,-0.020013142377138138,0.11415424942970276,0.978441596031189,0.4153941869735718,0.08732127398252487,0.08370780944824219,0.05-0.10,False,True,False,True,True,False,False,False,True,0.03865684196352959,-0.20328915119171143,0.06486527621746063,0.02631463296711445,0.2496262788772583,0.09999999403953552,0.031689587980508804,-0.020013142377138138,0.020013142377138138,-0.029944857582449913,-0.002841699868440628,0.03007902204990387,0.02812630496919155,0.08136928081512451,0.0008457279182039201,-0.11104066669940948,0.08945249021053314,0.0024962627794593573,-0.027640892192721367,-0.002796298125758767,0.027781479060649872,0.029466405510902405,0-2deg,0.00-0.04,0.0,0.0,0.0,0.0
222,29,True,True,0.045855455100536346,0.04579688608646393,0.029693344607949257,0.11378751695156097,3.319999933242798,1.2245055437088013,0.2937222123146057,0.00830750446766615,0.06690450012683868,0.11378751695156097,0.029693344607949257,-0.020045967772603035,-0.05867899954319,0.8345848917961121,0.29535046219825745,0.09204014390707016,0.09182756394147873,0.05-0.10,False,True,False,True,True,False,False,False,True,0.02902662567794323,-0.11837823688983917,0.08893415331840515,0.13831140100955963,0.2933018207550049,0.11999999731779099,0.029693344607949257,-0.020045967772603035,0.020045967772603035,-0.026331694796681404,-0.005025328602641821,0.026807399466633797,0.04472435265779495,0.058335911482572556,0.001423572306521237,0.06628689169883728,0.0924859270453453,0.0029330181423574686,-0.02789136953651905,-0.00917773600667715,0.029362961649894714,0.04393701255321503,0-2deg,0.04-0.08,0.0,0.0,0.0,0.0
223,4,True,True,0.06705420464277267,0.06613139063119888,0.057195451110601425,0.03554200753569603,4.079999923706055,1.2902241945266724,0.2619400918483734,0.0060436297208070755,-0.025443239137530327,0.03554200753569603,0.057195451110601425,-0.019995233044028282,0.03039606288075447,1.0520457029342651,0.3799205422401428,0.02481684274971485,0.022631380707025528,0.00-0.05,False,True,False,True,True,False,False,False,True,0.05711446702480316,-0.1585233062505722,0.11057271808385849,0.02385261282324791,0.49278467893600464,0.07999999821186066,0.057195451110601425,-0.02001112885773182,0.02001112885773182,0.0169111005961895,0.047795116901397705,0.05069622024893761,0.029514269903302193,0.030572431161999702,0.0,-0.026286769658327103,0.023921536281704903,0.0049278466030955315,0.017606860026717186,0.0493800975382328,0.05242294445633888,0.028176775202155113,2-4deg,0.00-0.04,0.0,0.0006905339541845024,0.0,0.0
224,42,True,True,0.08859491348266602,0.08277688920497894,0.08139991015195847,0.1165589913725853,4.859999656677246,1.304216980934143,0.2518150508403778,0.0015290031442418694,-0.03669196367263794,0.1165589913725853,0.08139991015195847,-0.020000334829092026,0.03580034151673317,1.8914051055908203,0.54044508934021,0.11063317209482193,0.10616692900657654,0.10-0.15,False,True,False,True,True,False,False,False,True,0.0760069191455841,-0.10331680625677109,0.07151637226343155,0.08358049392700195,0.12648293375968933,0.11999999731779099,0.08139991015195847,-0.020003026351332664,0.020003026351332664,0.0017054323107004166,0.01634078286588192,0.01642850786447525,0.054420262575149536,0.04860655218362808,0.0003452669770922512,-0.03671340271830559,0.11062604933977127,0.0012648293050006032,0.007140398491173983,0.016278380528092384,0.017773939296603203,0.05425150692462921,0-2deg,0.04-0.08,0.0,0.0,0.0,0.0
225,38,True,True,0.07006583362817764,0.07006583362817764,0.06066880747675896,0.1668294221162796,2.799999952316284,1.0047433376312256,0.2080715447664261,0.025500169023871422,0.08213227242231369,0.1668294221162796,0.06066880747675896,-0.01998707465827465,-0.05446537956595421,1.2148735523223877,0.4440879225730896,0.1452113687992096,0.1512003242969513,>=0.15,False,True,False,True,True,False,False,False,True,0.06439361721277237,-0.18428099155426025,0.0984814316034317,0.054001666605472565,0.500733494758606,0.11999999731779099,0.06066880747675896,-0.02019226923584938,0.02019226923584938,0.07344986498355865,-0.0293893963098526,0.07910183817148209,0.03389982134103775,0.11158231645822525,0.001035800902172923,0.07081820070743561,0.15105243027210236,0.0050073349848389626,0.07496917247772217,-0.026335667818784714,0.07945181429386139,0.03441735729575157,4-6deg,0.00-0.04,0.0,0.0,0.0,0.0
226,28,True,True,0.08093991875648499,0.07195167988538742,0.07296828925609589,0.18878847360610962,2.2200000286102295,0.8508986830711365,0.2719860374927521,0.003424539463594556,-0.06656310707330704,0.18878847360610962,0.07296828925609589,-0.02001030370593071,0.07405086606740952,0.7288068532943726,0.42588111758232117,0.17666475474834442,0.1715281456708908,>=0.15,False,True,False,True,True,False,False,False,True,0.06604740023612976,-0.06957200169563293,0.16810324788093567,0.5304538011550903,0.5304538011550903,0.05999999865889549,0.07296828925609589,-0.02001030370593071,0.02001030370593071,-0.027876276522874832,0.023749835789203644,0.036619883030653,0.06425183266401291,0.00048828125,0.0005980199784971774,-0.060163695365190506,0.17894528806209564,0.0053045377135276794,-0.03036094456911087,0.02316250279545784,0.03818516433238983,0.06339269876480103,2-4deg,0.04-0.08,0.0,0.0,0.0,0.0
227,56,False,False,0.5619786381721497,0.5581380128860474,0.0,0.0,1.1999999284744263,4.256210803985596,0.9253326654434204,-4.405816555023193,-4.765645503997803,4.786489963531494,0.5303401947021484,-0.0827438235282898,-0.13708236813545227,2.796156883239746,1.2579724788665771,0.4462144374847412,0.11134018003940582,0.10-0.15,True,True,False,False,False,False,False,True,False,0.0,0.0,0.0,0.0,0.0,0.0,0.5303401947021484,-0.0827438235282898,0.0827438235282898,0.0,0.0,0.0,0.0,0.0,1.079689383506775,-4.764167785644531,0.46172094345092773,0.0,-0.02218293584883213,0.06835516542196274,0.0718592032790184,0.02833804115653038,0-2deg,0.00-0.04,0.0,0.0,0.0,0.0
228,24,True,True,0.05728558823466301,0.05278012156486511,0.0453437864780426,0.13018085062503815,3.679999828338623,1.1004241704940796,0.32614800333976746,0.0018924291944131255,-0.0034262370318174362,0.13018085062503815,0.0453437864780426,-0.019993819296360016,0.006018748506903648,1.6455994844436646,0.5958791971206665,0.13013575971126556,0.13063141703605652,0.10-0.15,False,True,False,True,True,False,False,False,True,0.03723663091659546,-0.23626263439655304,0.19013698399066925,0.04984181374311447,0.3205377161502838,0.07999999821186066,0.0453437864780426,-0.019994769245386124,0.019994769245386124,-0.017046086490154266,0.04804497957229614,0.05097656324505806,0.020014865323901176,0.03219834342598915,0.0,-0.006390385329723358,0.13002391159534454,0.0032053771428763866,-0.017384521663188934,0.046869225800037384,0.04998669773340225,0.02076752297580242,2-4deg,0.00-0.04,0.0,0.0,0.0,0.0
229,14,True,True,0.0848664790391922,0.07828843593597412,0.07731745392084122,0.18385596573352814,3.419999837875366,1.149412751197815,0.25289061665534973,-0.012980937957763672,-0.14524635672569275,0.18385596573352814,0.07731745392084122,-0.020025085657835007,0.1327921599149704,0.7628264427185059,0.3915908932685852,0.11272317916154861,0.11278791725635529,0.10-0.15,False,True,False,True,True,False,False,False,True,0.0729537084698677,-0.17563602328300476,0.10696742683649063,0.12921518087387085,0.23808623850345612,0.05999999865889549,0.07731745392084122,-0.020025085657835007,0.020025085657835007,0.0018931931117549539,0.02948867902159691,0.02954915165901184,0.014734194613993168,0.0,0.0006905339541845024,-0.1482069492340088,0.10880128294229507,0.0023808623664081097,0.002466317266225815,0.029333047568798065,0.029435960575938225,0.01497566606849432,0-2deg,0.00-0.04,0.0,0.0,0.0,0.0
230,15,True,True,0.03721730783581734,0.03568621724843979,0.012113379314541817,0.1023840382695198,1.0,1.2941511869430542,0.5661976337432861,0.002430442487820983,-0.06045132130384445,0.1023840382695198,0.012113379314541817,-0.01976366713643074,0.06286583840847015,0.5348727703094482,0.2802121639251709,0.08263249695301056,0.1327163577079773,0.10-0.15,False,True,False,True,True,False,False,False,True,0.004010082688182592,-0.2516476809978485,0.3723141849040985,0.07292118668556213,0.43836063146591187,0.09999999403953552,0.012113379314541817,-0.02021259255707264,0.02021259255707264,-0.004255854059010744,0.01440971065312624,0.015026198700070381,0.026711544021964073,0.06466198712587357,0.004645096138119698,-0.05942149832844734,0.08337612450122833,0.004383606370538473,-0.0026114126667380333,0.013009327463805676,0.013269314542412758,0.027271561324596405,0-2deg,0.00-0.04,0.0,0.0,0.0,0.0
231,7,True,True,0.06303391605615616,0.05930626764893532,0.05241899564862251,0.12604208290576935,3.619999885559082,0.9586268067359924,0.24937474727630615,0.007151501718908548,0.004778282716870308,0.12604208290576935,0.05241899564862251,-0.019993573427200317,0.00047919180360622704,0.9371333718299866,0.32367897033691406,0.12595146894454956,0.12418054789304733,0.10-0.15,False,True,False,True,True,False,False,False,True,0.04917222261428833,-0.15727868676185608,0.1373048573732376,0.11409394443035126,0.19417425990104675,0.07999999821186066,0.05241899564862251,-0.020056063309311867,0.020056063309311867,-0.06674312800168991,-0.01717766746878624,0.06891494244337082,0.03399748355150223,0.054528336971998215,0.0,0.01227663829922676,0.125442773103714,0.0019417426083236933,-0.06516055017709732,-0.015787992626428604,0.06704327464103699,0.036208659410476685,2-4deg,0.00-0.04,0.0,0.0,0.0,0.0
232,21,True,True,0.0726691335439682,0.07225599884986877,0.06367743760347366,0.04087050259113312,4.139999866485596,1.3639302253723145,0.2662358582019806,0.004444532096385956,0.02096417546272278,0.04087050259113312,0.06367743760347366,-0.01998722553253174,-0.019946372136473656,0.7834861278533936,0.3035332262516022,0.035084206610918045,0.033882319927215576,0.00-0.05,False,True,False,True,True,False,False,False,True,0.0634055808186531,0.0004035531310364604,0.11823263764381409,0.36014842987060547,0.36014842987060547,0.07999999821186066,0.06367743760347366,-0.020136509090662003,0.020136509090662003,0.020342621952295303,0.028831444680690765,0.03528331592679024,0.05870144069194794,0.004380950704216957,0.0,0.022209491580724716,0.034309424459934235,0.0036014842335134745,0.01784583181142807,0.03129182755947113,0.036020759493112564,0.05813322961330414,2-4deg,0.04-0.08,0.0,0.0,0.0,0.0
233,26,True,True,0.10138304531574249,0.09131211042404175,0.09511052072048187,0.1980702430009842,3.6399998664855957,0.9662410020828247,0.20984964072704315,-0.008524005301296711,0.04370974376797676,0.1980702430009842,0.09511052072048187,-0.020033733919262886,-0.05222681537270546,1.4598618745803833,0.5326891541481018,0.1931871622800827,0.20316407084465027,>=0.15,False,True,False,True,True,False,False,False,True,0.08445471525192261,-0.17813687026500702,0.10629869252443314,0.3267606198787689,0.4086509346961975,0.07999999821186066,0.09511052072048187,-0.020033733919262886,0.020033733919262886,-4.197204907541163e-05,0.0029399069026112556,0.0029499635566025972,0.0002289692492922768,0.010686608031392097,0.0015049839857965708,0.04321611300110817,0.19329819083213806,0.004086509346961975,-4.257370164850727e-05,0.0029235491529107094,0.0029296886641532183,0.00031660162494517863,0-2deg,0.00-0.04,0.0,0.0,0.0,0.0
234,58,True,True,0.10941404104232788,0.10126198828220367,0.1036611944437027,0.195829838514328,3.1599998474121094,1.3564655780792236,0.26241976022720337,-0.003112904028967023,-0.03488091751933098,0.195829838514328,0.1036611944437027,-0.0199857410043478,0.03267465531826019,0.7575013637542725,0.4053409993648529,0.19269831478595734,0.21732215583324432,>=0.15,False,True,False,True,True,False,False,False,True,0.0952065959572792,-0.11350895464420319,0.08669566363096237,0.024656154215335846,0.20703093707561493,0.07999999821186066,0.1036611944437027,-0.020009785890579224,0.020009785890579224,-0.03356216102838516,0.01797475479543209,0.03807101771235466,0.024546049535274506,0.02491016685962677,0.0005980199784971774,-0.02770550176501274,0.19386006891727448,0.0020703093614429235,-0.034417495131492615,0.016780875623226166,0.0382896326482296,0.024410396814346313,2-4deg,0.00-0.04,0.0,0.0,0.0,0.0
235,62,True,True,0.06490173190832138,0.05143635720014572,0.05466534569859505,0.11463677883148193,2.180000066757202,1.0017439126968384,0.3020472526550293,-0.09601274877786636,0.0021068230271339417,0.11463677883148193,0.05466534569859505,-0.019949201494455338,-0.09702914208173752,0.38187575340270996,0.17948012053966522,0.11461741477251053,0.15370236337184906,>=0.15,False,True,False,True,True,False,False,False,True,0.03814927488565445,-0.08948829770088196,0.07558733224868774,0.07735754549503326,0.3576749861240387,0.23999999463558197,0.05466534569859505,-0.0200999416410923,0.0200999416410923,-0.04210781678557396,-0.010879726149141788,0.0434892512857914,0.011870193295180798,0.01255850214511156,0.00172633514739573,0.001197328674606979,0.11463052034378052,0.0035767497029155493,-0.04050613194704056,-0.00840904749929905,0.0413687601685524,0.014974781312048435,2-4deg,0.00-0.04,0.0,0.0,0.0,0.0
236,33,True,True,0.08576156198978424,0.08508939296007156,0.07830450683832169,0.07688344269990921,3.5999999046325684,1.2818354368209839,0.278640478849411,-0.0033738273195922375,-0.0427844412624836,0.07688344269990921,0.07830450683832169,-0.020002547651529312,0.03943201154470444,0.6134361028671265,0.22175243496894836,0.06387922167778015,0.06108501926064491,0.05-0.10,False,True,False,True,True,False,False,False,True,0.07800257951021194,-0.12448950111865997,0.06383119523525238,0.0655490830540657,0.10692372918128967,0.09999999403953552,0.07830450683832169,-0.020002547651529312,0.020002547651529312,0.00037392013473436236,0.037246108055114746,0.037247803062200546,0.0038248731289058924,0.03764741122722626,0.0003452669770922512,-0.04510160908102989,0.062264829874038696,0.001069237245246768,0.00028634147020056844,0.03744684159755707,0.03744734078645706,0.0017414181493222713,2-4deg,0.00-0.04,0.0,0.0,0.0,0.0
237,37,True,True,0.06704279780387878,0.060817502439022064,0.05718100816011429,0.2264367640018463,2.0999999046325684,1.5168544054031372,0.39624854922294617,-0.030188586562871933,-0.1669464111328125,0.2264367640018463,0.05718100816011429,-0.01999381184577942,0.13478615880012512,0.5809180736541748,0.342823326587677,0.152978777885437,0.1751823127269745,>=0.15,False,True,False,True,True,False,False,False,True,0.05206778272986412,-0.29570260643959045,0.18249976634979248,0.08455444872379303,0.09440150111913681,0.11999999731779099,0.05718100816011429,-0.01999381184577942,0.01999381184577942,0.02073867991566658,0.030059324577450752,0.036517176777124405,0.039987996220588684,0.11220633238554001,0.0,-0.1722947061061859,0.1469290554523468,0.0009440149879083037,0.017449872568249702,0.03228495642542839,0.03669794648885727,0.03942982107400894,2-4deg,0.00-0.04,0.0,0.0,0.0,0.0
238,63,False,False,0.5492562055587769,0.5492562055587769,0.0,0.0,1.0,2.9813175201416016,0.905026376247406,-2.5868446826934814,-2.743891954421997,3.272941827774048,0.5543079972267151,-0.039156705141067505,0.10357517004013062,2.791262149810791,1.6222822666168213,1.7841538190841675,0.17449365556240082,>=0.15,True,True,False,False,False,False,False,True,False,0.0,0.0,0.0,0.0,0.0,0.0,0.5543079972267151,-0.039156705141067505,0.039156705141067505,0.0,0.0,0.0,0.0,0.0,0.21580646932125092,-2.671732187271118,1.8905012607574463,0.0,0.021575037389993668,-0.06245885416865349,0.0660754069685936,0.025148557499051094,0-2deg,0.00-0.04,0.0,0.0,0.0,0.0
239,3,True,True,0.059129416942596436,0.058121729642152786,0.04761643335223198,0.12753738462924957,3.859999895095825,1.1980524063110352,0.19118571281433105,-0.020456308498978615,-0.12059013545513153,0.12753738462924957,0.04761643335223198,-0.019945450127124786,0.0987347811460495,1.086165189743042,0.40616101026535034,0.04151870310306549,0.04160856828093529,0.00-0.05,False,True,False,True,True,False,False,False,True,0.04632588475942612,-0.14318151772022247,0.06130898371338844,0.4470905363559723,0.4470905363559723,0.05999999865889549,0.04761643335223198,-0.02016223967075348,0.02016223967075348,-0.07576122134923935,0.016935430467128754,0.07762780040502548,0.0035004850942641497,0.0059502325020730495,0.0011960400734096766,-0.12196693569421768,0.03728070855140686,0.004470905289053917,-0.07563275098800659,0.016842754557728767,0.07748162746429443,0.004421251825988293,4-6deg,0.00-0.04,0.0,0.0,0.0,0.0
240,49,True,True,0.03710349276661873,0.03710349276661873,0.012280423194169998,0.1478421986103058,2.3399999141693115,1.514936089515686,0.44167208671569824,0.002477033529430628,-0.006892184726893902,0.1478421986103058,0.012280423194169998,-0.019985171034932137,0.008218751288950443,0.6379756331443787,0.30592435598373413,0.14768145978450775,0.1432608813047409,0.10-0.15,False,True,False,True,True,False,False,False,True,0.01657501980662346,-0.1505344957113266,0.12503322958946228,0.06512739509344101,0.1460927426815033,0.09999999403953552,0.012280423194169998,-0.02000805363059044,0.02000805363059044,-0.015363706275820732,0.06190627068281174,0.06378153711557388,0.043014977127313614,0.05852779373526573,0.0003452669770922512,0.0009685215773060918,0.1478390246629715,0.00146092742215842,-0.01666218787431717,0.058651287108659744,0.06096935644745827,0.04458882287144661,2-4deg,0.04-0.08,0.0,0.0,0.0,0.0
241,12,False,False,0.5069442391395569,0.5069442391395569,0.0,0.0,1.2599999904632568,3.9560091495513916,0.8454210162162781,-3.8960301876068115,-3.6821610927581787,3.9901154041290283,0.5330363512039185,-0.04279766231775284,0.04272909834980965,2.087059736251831,1.0377275943756104,1.5371112823486328,0.135953888297081,0.10-0.15,True,True,False,False,False,False,False,True,False,0.0,0.0,0.0,0.0,0.0,0.0,0.5330363512039185,-0.04279766231775284,0.04279766231775284,0.0,0.0,0.0,0.0,0.0,0.9683467149734497,-3.7189011573791504,1.4459589719772339,0.0,-0.013423728756606579,-0.03398369997739792,0.036538396030664444,0.04064265638589859,0-2deg,0.00-0.04,0.0,0.0,0.0,0.0
242,52,True,True,0.06455817073583603,0.05819752439856529,0.05421905219554901,0.1930583417415619,3.5999999046325684,1.3322234153747559,0.2471771389245987,0.008333592675626278,-0.07318032532930374,0.1930583417415619,0.05421905219554901,-0.020013723522424698,0.07959745079278946,1.477283239364624,0.6847480535507202,0.17865096032619476,0.1918223351240158,>=0.15,False,True,False,True,True,False,False,False,True,0.04558755084872246,-0.3602891266345978,0.0692092776298523,0.14042039215564728,0.2580525279045105,0.07999999821186066,0.05421905219554901,-0.020013723522424698,0.020013723522424698,-0.03286238759756088,-0.05211305990815163,0.061600953340530396,0.027054915204644203,0.02243751287460327,0.001035800902172923,-0.08428019285202026,0.17369045317173004,0.0025805251207202673,-0.03338584303855896,-0.05356440320611,0.063108429312706,0.024365758523344994,2-4deg,0.00-0.04,0.0,0.0,0.0,0.0
243,47,False,False,0.622222900390625,0.622222900390625,0.0,0.0,0.9799999594688416,2.9598233699798584,0.955798864364624,-2.601396322250366,-2.6672990322113037,3.3386664390563965,0.6308806538581848,-0.021354326978325844,-0.0354161337018013,2.943556070327759,1.6720272302627563,2.0080363750457764,0.16137567162513733,>=0.15,True,True,False,False,False,False,False,True,False,0.0,0.0,0.0,0.0,0.0,0.0,0.6308806538581848,-0.021354326978325844,0.021354326978325844,0.0,0.0,0.0,0.0,0.0,0.28353628516197205,-2.645768642425537,2.036320924758911,0.0,0.012145020999014378,0.019342418760061264,0.02283775992691517,0.0891176238656044,0-2deg,0.00-0.04,0.0,0.0,0.0,0.0
244,61,True,True,0.07846609503030777,0.06442123651504517,0.07021498680114746,0.08160481601953506,2.7200000286102295,1.2108032703399658,0.26662516593933105,-0.06922627240419388,0.07154340296983719,0.08160481601953506,0.07021498680114746,-0.020108452066779137,-0.14074507355690002,0.785890519618988,0.269205778837204,0.03925413638353348,0.08054643869400024,0.05-0.10,False,True,False,True,True,False,False,False,True,0.055270299315452576,-0.10153131932020187,0.09069855511188507,0.07694694399833679,0.6698271036148071,0.5199999809265137,0.07021498680114746,-0.020142821595072746,0.020142821595072746,-0.006851410027593374,-0.0023419056087732315,0.007242397405207157,0.0025845831260085106,0.03284179046750069,0.0020716022700071335,0.07131139189004898,0.0396740585565567,0.006698270794004202,-0.005733904894441366,-0.003059020731598139,0.006496171001344919,0.002923774067312479,0-2deg,0.00-0.04,0.0,0.0,0.0,0.0
245,10,True,True,0.06469368934631348,0.06029593199491501,0.05440470948815346,0.20150156319141388,5.299999713897705,1.595869779586792,0.18863482773303986,0.005921977572143078,-0.004960651975125074,0.20150156319141388,0.05440470948815346,-0.01998416893184185,0.010827227495610714,1.555131435394287,0.8522981405258179,0.2014404982328415,0.19779998064041138,>=0.15,False,True,False,True,True,False,False,False,True,0.04899819195270538,0.04558476060628891,0.18289047479629517,0.831743597984314,0.831743597984314,0.05999999865889549,0.05440470948815346,-0.02002594992518425,0.02002594992518425,-0.0069530378095805645,0.018903639167547226,0.020141571760177612,0.0015954094706103206,0.005337704438716173,0.0,-0.0025178370997309685,0.20148582756519318,0.008317436091601849,-0.0070107183419167995,0.01891873963177204,0.020177055150270462,0.001399272819980979,0-2deg,0.00-0.04,0.0,0.0,0.0,0.0
246,11,True,False,0.31233811378479004,0.11699073761701584,0.0,0.0,6.920000076293945,1.293151617050171,0.18905767798423767,-0.001088809804059565,0.047661978751420975,0.26601076126098633,0.3103713095188141,-0.019998924806714058,-0.06147304177284241,1.8113174438476562,0.5232139229774475,0.26170605421066284,0.26045122742652893,>=0.15,True,True,False,True,False,False,False,True,True,0.11175678670406342,-0.17558293044567108,0.1551162302494049,0.33514803647994995,0.4780772030353546,0.0,0.3103713095188141,-0.020099395886063576,0.020099395886063576,-0.027257511392235756,-0.010058991611003876,0.029054783284664154,0.05176536366343498,0.003068801248446107,0.0003452669770922512,0.046897079795598984,0.2618442177772522,0.004780772142112255,0.014764737337827682,-0.011071998625993729,0.01845509745180607,0.055154282599687576,0-2deg,0.04-0.08,0.0,0.0,0.0,0.0
247,27,True,True,0.03587993234395981,0.035125426948070526,0.007871810346841812,0.22296424210071564,4.71999979019165,1.0360844135284424,0.15653185546398163,0.006100252270698547,0.012440416030585766,0.22296424210071564,0.007871810346841812,-0.01999526098370552,-0.006399666890501976,0.9049298167228699,0.3921029567718506,0.22261691093444824,0.22535869479179382,>=0.15,False,True,False,True,True,False,False,False,True,0.0013450945261865854,-0.1715109497308731,0.1941697597503662,0.03686089441180229,0.47295165061950684,0.09999999403953552,0.007871810346841812,-0.02007538266479969,0.02007538266479969,0.01832376979291439,0.05707239359617233,0.05993840843439102,0.050938185304403305,0.0823395699262619,0.0003452669770922512,0.022211559116840363,0.22185513377189636,0.004729516338557005,0.015389872714877129,0.059819623827934265,0.06176533177495003,0.04954560846090317,2-4deg,0.04-0.08,0.0,0.0,0.0,0.0
248,35,True,True,0.05988386645913124,0.05611120164394379,0.04858195409178734,0.23048757016658783,3.919999837875366,1.1276923418045044,0.2917558550834656,0.004207702353596687,-0.012690724804997444,0.23048757016658783,0.04858195409178734,-0.01999107375741005,0.01545007899403572,1.3417812585830688,0.43861913681030273,0.2301379293203354,0.22721128165721893,>=0.15,False,True,False,True,True,False,False,False,True,0.04399597644805908,0.011200761422514915,0.13708998262882233,0.4532037079334259,0.4532037079334259,0.05999999865889549,0.04858195409178734,-0.020052915439009666,0.020052915439009666,-0.039338886737823486,-0.03388631343841553,0.05191543325781822,0.02841401845216751,0.0034179703798145056,0.0003452669770922512,-0.0016987067647278309,0.2304813116788864,0.00453203683719039,-0.03839334845542908,-0.03322107344865799,0.050765570253133774,0.029387950897216797,2-4deg,0.00-0.04,0.0,0.0,0.0,0.0
249,57,True,True,0.05249033123254776,0.05249033123254776,0.039113860577344894,0.1673213094472885,6.179999828338623,2.0575921535491943,0.2701740860939026,0.0022818823345005512,-0.11754623800516129,0.1673213094472885,0.039113860577344894,-0.01999559812247753,0.11855709552764893,2.204354763031006,0.6796188354492188,0.11907687783241272,0.11488640308380127,0.10-0.15,False,True,False,True,True,False,False,False,True,0.03981428220868111,-0.22689621150493622,0.16172152757644653,0.02636462077498436,0.5738195776939392,0.07999999821186066,0.039113860577344894,-0.01999559812247753,0.01999559812247753,0.06994885951280594,0.05963299050927162,0.09188631922006607,0.04463663324713707,0.07008397579193115,0.0007720404537394643,-0.11489536613225937,0.12163664400577545,0.00573819549754262,0.06831251829862595,0.057418595999479294,0.08920944482088089,0.047132447361946106,4-6deg,0.04-0.08,0.0,0.0,0.0,0.0
250,22,True,True,0.10584608465433121,0.05549733713269234,0.09988386183977127,0.10727120190858841,3.3399999141693115,0.9220315217971802,0.3207872211933136,-0.07285425812005997,0.07345417141914368,0.10727120190858841,0.09988386183977127,-0.020013127475976944,-0.14497092366218567,1.136156439781189,0.3614179790019989,0.07817669212818146,0.09494014829397202,0.05-0.10,False,True,False,True,True,False,False,False,True,0.04306085780262947,-0.04544050619006157,0.08299355208873749,0.1402534693479538,0.5489699244499207,0.6200000047683716,0.09988386183977127,-0.02019517682492733,0.02019517682492733,0.004346954170614481,0.014590919017791748,0.015223249793052673,0.05711262673139572,0.0024657000321894884,0.0003452669770922512,0.07247841358184814,0.07908216863870621,0.005489699076861143,0.011550250463187695,-0.019006719812750816,0.02224004827439785,0.055593643337488174,0-2deg,0.04-0.08,0.0,0.0,0.0,0.0
251,59,True,True,0.10621802508831024,0.09098879247903824,0.10028363019227982,0.25171178579330444,3.240000009536743,1.1749950647354126,0.3227332830429077,0.01197289489209652,-0.07149156928062439,0.25171178579330444,0.10028363019227982,-0.019999627023935318,0.08410433679819107,1.3959673643112183,0.4976775646209717,0.24134577810764313,0.23381781578063965,>=0.15,False,True,False,True,True,False,False,False,True,0.0910349190235138,-0.07819388061761856,0.231199249625206,0.28521639108657837,0.34306958317756653,0.05999999865889549,0.10028363019227982,-0.020003540441393852,0.020003540441393852,-0.005598783493041992,0.00042149273212999105,0.005609931889921427,0.008010094054043293,0.0006905339541845024,0.0005980199784971774,-0.07072515785694122,0.24157147109508514,0.003430695738643408,-0.005913604516535997,0.0003787417954299599,0.005930163897573948,0.007874226197600365,0-2deg,0.00-0.04,0.0,0.0,0.0,0.0
252,28,True,True,0.04885978624224663,0.04830063506960869,0.03407777473330498,0.14234013855457306,1.159999966621399,0.8630663752555847,0.4181477427482605,0.02219870500266552,0.08842670172452927,0.14234013855457306,0.03407777473330498,-0.020008007064461708,-0.06710220873355865,0.24096271395683289,0.1530708372592926,0.11154117435216904,0.103237085044384,0.10-0.15,False,True,False,True,True,False,False,False,True,0.033161062747240067,-0.2032066434621811,0.0495755709707737,0.07519227266311646,0.6870100498199463,0.07999999821186066,0.03407777473330498,-0.020008007064461708,0.020008007064461708,0.059730060398578644,-0.03409424051642418,0.06876590102910995,0.03909306600689888,0.020739397034049034,0.001091830083169043,0.09110648185014725,0.10936328023672104,0.006870100274682045,0.057754963636398315,-0.0353950634598732,0.06772753596305847,0.039740677922964096,2-4deg,0.00-0.04,0.0,0.0,0.0,0.0
253,2,True,True,0.051278743892908096,0.04897818714380264,0.03747788444161415,0.18641573190689087,2.379999876022339,1.1460741758346558,0.2955808937549591,-0.01840987429022789,-0.11252771317958832,0.18641573190689087,0.03747788444161415,-0.020009269937872887,0.0955188199877739,1.4037997722625732,0.532808780670166,0.14862146973609924,0.1547939032316208,>=0.15,False,True,False,True,True,False,False,False,True,0.03276145085692406,-0.3169308304786682,0.16312283277511597,0.1013222187757492,0.2053658664226532,0.07999999821186066,0.03747788444161415,-0.020016847178339958,0.020016847178339958,0.02196003682911396,-0.006954486481845379,0.02303527668118477,0.039919715374708176,0.0467098243534565,0.0003452669770922512,-0.11426442861557007,0.1472904235124588,0.0020536587107926607,0.022303860634565353,-0.004583435133099556,0.02276979573071003,0.039937566965818405,0-2deg,0.00-0.04,0.0,0.0,0.0,0.0
254,41,True,True,0.09674942493438721,0.08705136924982071,0.09017905592918396,0.2123103141784668,3.5399999618530273,1.290152668952942,0.27994486689567566,0.010444623418152332,-0.11811700463294983,0.2123103141784668,0.09017905592918396,-0.020008981227874756,0.1280054748058319,0.8049052953720093,0.3822219669818878,0.17642006278038025,0.17529591917991638,>=0.15,False,True,False,True,True,False,False,False,True,0.07980716973543167,-0.2842652201652527,0.09008648246526718,0.08127382397651672,0.3790159523487091,0.07999999821186066,0.09017905592918396,-0.02001645416021347,0.02001645416021347,-0.013864475302398205,0.00036453199572861195,0.013871080242097378,0.005901806056499481,0.008414912037551403,0.0011451211757957935,-0.11636597663164139,0.17757992446422577,0.0037901594769209623,-0.013492919504642487,0.0003789276524912566,0.013496465049684048,0.006490014027804136,0-2deg,0.00-0.04,0.0,0.0,0.0,0.0
255,20,True,True,0.061752695590257645,0.059403061866760254,0.05087387189269066,0.09060271084308624,1.9399999380111694,1.0766891241073608,0.3171631395816803,0.0033632453996688128,-0.016263112425804138,0.09060271084308624,0.05087387189269066,-0.019996827468276024,0.01949651725590229,0.5409155488014221,0.2513812482357025,0.08913115411996841,0.14427495002746582,0.10-0.15,False,True,False,True,True,False,False,False,True,0.048237815499305725,-0.1298421323299408,0.12226957827806473,0.0358889177441597,0.13976752758026123,0.09999999403953552,0.05087387189269066,-0.020099446177482605,0.020099446177482605,-0.01750575192272663,-0.012827026657760143,0.02170286700129509,0.005717698484659195,0.06525973230600357,0.0,-0.014597738161683083,0.08941900730133057,0.001397675252519548,-0.017071915790438652,-0.013013484887778759,0.021465357393026352,0.00611924147233367,0-2deg,0.00-0.04,0.0,0.0,0.0,0.0
