episode,env_id,align_success,success,final_distance,min_distance,touchdown_distance,touchdown_rel_vel,landing_time,max_descent_speed,mean_descent_speed,final_vertical_speed,terminal_vertical_relative_speed,terminal_relative_speed,terminal_horizontal_error,terminal_surface_clearance,terminal_pad_vertical_speed,max_horizontal_speed,mean_horizontal_speed,final_horizontal_speed,pad_speed,pad_speed_bucket,crash,terminated,time_out,contact_success,settled_landing,hard_contact,ground_crash,deck_miss,first_contact_seen,first_contact_xy_error_deck_frame,first_contact_normal_rel_speed,first_contact_tangential_rel_speed,first_contact_force,max_contact_force,settle_time,terminal_xy_error,minimum_surface_clearance,maximum_penetration,first_contact_deck_roll,first_contact_deck_pitch,first_contact_deck_tilt,first_contact_deck_angular_speed,first_contact_body_deck_normal_angle,terminal_body_deck_normal_angle,terminal_normal_relative_speed,terminal_tangential_relative_speed,max_contact_impulse,terminal_deck_roll,terminal_deck_pitch,terminal_deck_tilt,terminal_deck_angular_speed,deck_tilt_bucket,deck_angular_speed_bucket,max_deck_position_consistency_error,max_deck_orientation_consistency_error,max_deck_linear_velocity_consistency_error,max_deck_angular_velocity_consistency_error
0,26,True,False,0.2743878662586212,0.24903053045272827,0.0,0.0,0.8999999761581421,1.3894157409667969,0.9276942014694214,-0.020710140466690063,-0.12233974039554596,0.18587134778499603,0.2722349464893341,-0.020053371787071228,0.08646997809410095,0.7813642621040344,0.37846022844314575,0.13993266224861145,0.1920006275177002,>=0.15,True,True,False,True,False,False,False,True,True,0.2722349464893341,-0.12253723293542862,0.13975973427295685,1.5474375486373901,1.5474375486373901,0.0,0.2722349464893341,-0.020053371787071228,0.020053371787071228,0.0015780694084241986,-0.016657251864671707,0.01673050969839096,0.05957263708114624,0.0029296886641532183,0.0029296886641532183,-0.12253723293542862,0.13975973427295685,0.01547437533736229,0.0015780694084241986,-0.016657251864671707,0.01673050969839096,0.05957263708114624,0-2deg,0.04-0.08,0.0,0.0,0.0,0.0
1,53,True,False,0.19140154123306274,0.1771734058856964,0.0,0.0,0.9399999976158142,1.1412270069122314,0.623786985874176,-0.5046393275260925,-0.66501784324646,0.7032889723777771,0.19081024825572968,-0.014429328963160515,0.10458116233348846,0.9277676939964294,0.4653163254261017,0.22883757948875427,0.07310791313648224,0.05-0.10,True,True,False,True,False,False,False,True,True,0.19081024825572968,-0.668632984161377,0.21804888546466827,0.1460825502872467,0.1460825502872467,0.0,0.19081024825572968,-0.014429328963160515,0.014429328963160515,0.0006332493503578007,-0.02889089845120907,0.02889842912554741,0.021164847537875175,0.10741578787565231,0.10741578787565231,-0.668632984161377,0.21804888546466827,0.0014608254423364997,0.0006332493503578007,-0.02889089845120907,0.02889842912554741,0.021164847537875175,0-2deg,0.00-0.04,0.0,0.0,0.0,0.0
2,7,False,False,0.35603177547454834,0.33259642124176025,0.0,0.0,1.0199999809265137,1.7446619272232056,0.8519227504730225,-1.1778379678726196,-1.0926874876022339,1.4954205751419067,0.3454276919364929,-0.023891760036349297,0.0923866555094719,1.5505515336990356,0.5076505541801453,1.0209392309188843,0.13736093044281006,0.10-0.15,True,True,False,True,False,True,False,True,True,0.3454276919364929,-1.0953657627105713,1.018065094947815,1.1260589361190796,1.1260589361190796,0.0,0.3454276919364929,-0.023891760036349297,0.023891760036349297,0.01680087484419346,-0.017848674207925797,0.024512138217687607,0.03563997149467468,0.5079265236854553,0.5079265236854553,-1.0953657627105713,1.018065094947815,0.01126058865338564,0.01680087484419346,-0.017848674207925797,0.024512138217687607,0.03563997149467468,0-2deg,0.00-0.04,0.0,0.0,0.0,0.0
3,40,True,False,0.1376476287841797,0.1376476287841797,0.0,0.0,1.0399999618530273,0.9997146129608154,0.531001091003418,-0.01835729368031025,0.04840182885527611,0.3351740837097168,0.13317392766475677,-0.02032507210969925,-0.06690456718206406,0.334923654794693,0.24331742525100708,0.3316608667373657,0.21553075313568115,>=0.15,True,True,False,True,False,False,False,True,True,0.13317392766475677,0.029122192412614822,0.33390650153160095,1.271737813949585,1.271737813949585,0.0,0.13317392766475677,-0.02032507210969925,0.02032507210969925,-0.028673356398940086,0.05161747708916664,0.059040144085884094,0.017883114516735077,0.01158581767231226,0.01158581767231226,0.029122192412614822,0.33390650153160095,0.01271737739443779,-0.028673356398940086,0.05161747708916664,0.059040144085884094,0.017883114516735077,2-4deg,0.00-0.04,0.0,0.0,0.0,0.0
4,44,True,True,0.11360996216535568,0.10492749512195587,0.10807157307863235,0.16390486061573029,1.159999966621399,1.3196346759796143,0.6119159460067749,0.008956564590334892,-0.093226358294487,0.16390486061573029,0.10807157307863235,-0.020001675933599472,0.10425349324941635,0.4094710052013397,0.27508243918418884,0.1348096877336502,0.1305621713399887,0.10-0.15,False,True,False,True,True,False,False,False,True,0.10111945867538452,-0.03361232951283455,0.13783158361911774,1.059988021850586,1.059988021850586,0.07999999821186066,0.10807157307863235,-0.020018193870782852,0.020018193870782852,0.06422143429517746,-0.023334911093115807,0.06832382082939148,0.054244138300418854,0.0015440810238942504,0.0007720404537394643,-0.09057747572660446,0.13660353422164917,0.010599879547953606,0.06162745878100395,-0.02534748613834381,0.06663006544113159,0.055193644016981125,2-4deg,0.04-0.08,0.0,0.0,0.0,0.0
5,61,True,True,0.08309949934482574,0.07219414412975311,0.07536447048187256,0.14669233560562134,1.2799999713897705,1.0506565570831299,0.47878026962280273,0.004035416524857283,0.0046394397504627705,0.14669233560562134,0.07536447048187256,-0.01999151147902012,-0.004736917093396187,0.4712892770767212,0.29407206177711487,0.14661894738674164,0.14679941534996033,0.10-0.15,False,True,False,True,True,False,False,False,True,0.06428497284650803,-0.44300976395606995,0.23880428075790405,0.10846196115016937,0.9980546236038208,0.11999999731779099,0.07536447048187256,-0.020031403750181198,0.020031403750181198,0.0476900078356266,0.006149850785732269,0.048084840178489685,0.06509459763765335,0.08534178137779236,0.0,0.010323818773031235,0.14632859826087952,0.009980546310544014,0.0428059846162796,0.0016704080626368523,0.042838647961616516,0.06739053875207901,2-4deg,0.04-0.08,0.0,0.0,0.0,0.0
6,32,True,True,0.04294091835618019,0.03937320038676262,0.02487911470234394,0.15356093645095825,1.3399999141693115,1.176662564277649,0.5153141021728516,0.020731043070554733,0.10305377840995789,0.15356093645095825,0.02487911470234394,-0.019998371601104736,-0.08402624726295471,0.4041599631309509,0.25735217332839966,0.11384586989879608,0.12257841229438782,0.10-0.15,False,True,False,True,True,False,False,False,True,0.018209533765912056,-0.22261616587638855,0.11562776565551758,0.11768703907728195,0.5441272258758545,0.09999999403953552,0.02487911470234394,-0.02001909911632538,0.02001909911632538,0.03903799131512642,-0.027580799534916878,0.04779379069805145,0.03368900343775749,0.06096348911523819,0.00048828125,0.09753166139125824,0.11861087381839752,0.0054412721656262875,0.03952998295426369,-0.030188938602805138,0.049734361469745636,0.03265920281410217,2-4deg,0.00-0.04,0.0,0.0,0.0,0.0
7,35,True,True,0.11080586910247803,0.11005771160125732,0.10522349923849106,0.13178598880767822,1.559999942779541,0.6631229519844055,0.3212369382381439,-0.048013001680374146,0.00870460644364357,0.13178598880767822,0.10522349923849106,-0.020055724307894707,-0.05320126563310623,0.690902829170227,0.38177424669265747,0.13149820268154144,0.10632794350385666,0.10-0.15,False,True,False,True,True,False,False,False,True,0.10688962787389755,-0.14766579866409302,0.2879523038864136,0.0768171027302742,0.7475783824920654,0.07999999821186066,0.10522349923849106,-0.020129552111029625,0.020129552111029625,0.026498086750507355,-0.030610185116529465,0.0404830165207386,0.02944619208574295,0.02955722063779831,0.002441406948491931,0.011246364563703537,0.1313052475452423,0.007475783582776785,0.024726146832108498,-0.03079310804605484,0.039490003138780594,0.029932964593172073,2-4deg,0.00-0.04,0.0,0.0,0.0,0.0
8,41,True,False,0.13402311503887177,0.13402311503887177,0.0,0.0,1.6799999475479126,1.1860569715499878,0.40031933784484863,-0.41024085879325867,-0.5285726189613342,0.5394050478935242,0.13063815236091614,-0.015777654945850372,0.10519431531429291,0.41453540325164795,0.28514862060546875,0.10755832493305206,0.19968540966510773,>=0.15,True,True,False,True,False,False,False,True,True,0.13063815236091614,-0.5269523859024048,0.11523452401161194,0.3409554958343506,0.3409554958343506,0.0,0.13063815236091614,-0.015777654945850372,0.015777654945850372,-0.01839519292116165,-0.004328697454184294,0.018898721784353256,0.06961105763912201,0.08362532407045364,0.08362532407045364,-0.5269523859024048,0.11523452401161194,0.00340955494903028,-0.01839519292116165,-0.004328697454184294,0.018898721784353256,0.06961105763912201,0-2deg,0.04-0.08,0.0,0.0,0.0,0.0
9,38,True,True,0.036313246935606,0.036313246935606,0.009640579111874104,0.13150501251220703,1.8399999141693115,1.080771565437317,0.384357213973999,0.010182504542171955,-0.08380671590566635,0.13150501251220703,0.009640579111874104,-0.01999432034790516,0.09364897012710571,0.43638211488723755,0.28882452845573425,0.10134103149175644,0.10975375026464462,0.10-0.15,False,True,False,True,True,False,False,False,True,0.011097048409283161,-0.3357985019683838,0.08717801421880722,0.4805223345756531,0.4805223345756531,0.07999999821186066,0.009640579111874104,-0.020117446780204773,0.020117446780204773,0.00011180024011991918,-0.04628964886069298,0.04628922790288925,0.0065466416999697685,0.01285404060035944,0.0008457279182039201,-0.0858624279499054,0.09960527718067169,0.00480522308498621,0.00020257622236385942,-0.04664652422070503,0.04664722830057144,0.005728388205170631,2-4deg,0.00-0.04,0.0,0.0,0.0,0.0
10,54,True,False,0.2098478525876999,0.20672127604484558,0.0,0.0,1.8799999952316284,1.4612088203430176,0.5467933416366577,-0.22825153172016144,-0.3573060631752014,0.500018298625946,0.20638824999332428,-0.02054496295750141,0.12907521426677704,1.4739549160003662,0.442505806684494,0.349786639213562,0.2572022080421448,>=0.15,True,True,False,True,False,False,False,True,True,0.20638824999332428,-0.35589009523391724,0.35122719407081604,1.6631696224212646,1.6631696224212646,0.0,0.20638824999332428,-0.02054496295750141,0.02054496295750141,-0.00037248770240694284,-0.005555473268032074,0.005567269865423441,0.053326565772295,0.018567798659205437,0.018567798659205437,-0.35589009523391724,0.35122719407081604,0.01663169637322426,-0.00037248770240694284,-0.005555473268032074,0.005567269865423441,0.053326565772295,0-2deg,0.04-0.08,0.0,0.0,0.0,0.0
11,12,True,False,0.14862670004367828,0.14862670004367828,0.0,0.0,1.899999976158142,1.3944000005722046,0.5045700073242188,-0.27335840463638306,-0.13507089018821716,0.3871276378631592,0.14553558826446533,-0.01473474781960249,-0.15013067424297333,0.4464764893054962,0.28171664476394653,0.362799733877182,0.07373140007257462,0.05-0.10,True,True,False,True,False,False,False,True,True,0.14553558826446533,-0.12443393468856812,0.3665842115879059,0.12316034734249115,0.12316034734249115,0.0,0.14553558826446533,-0.01473474781960249,0.01473474781960249,0.043689027428627014,0.01294975820928812,0.045566100627183914,0.047416020184755325,0.09045057743787766,0.09045057743787766,-0.12443393468856812,0.3665842115879059,0.0012316034408286214,0.043689027428627014,0.01294975820928812,0.045566100627183914,0.047416020184755325,2-4deg,0.04-0.08,0.0,0.0,0.0,0.0
12,24,True,False,0.15495000779628754,0.15495000779628754,0.0,0.0,1.899999976158142,1.267585277557373,0.4094763994216919,-0.4747382700443268,-0.6482246518135071,0.7092445492744446,0.15230152010917664,-0.01453159749507904,0.15534010529518127,0.476249635219574,0.27092495560646057,0.28780654072761536,0.16151095926761627,>=0.15,True,True,False,True,False,False,False,True,True,0.15230152010917664,-0.658796489238739,0.26270708441734314,0.28447791934013367,0.28447791934013367,0.0,0.15230152010917664,-0.01453159749507904,0.01453159749507904,0.03516765311360359,-0.015824919566512108,0.03856269642710686,0.03284672647714615,0.07732591778039932,0.07732591778039932,-0.658796489238739,0.26270708441734314,0.0028447790537029505,0.03516765311360359,-0.015824919566512108,0.03856269642710686,0.03284672647714615,2-4deg,0.00-0.04,0.0,0.0,0.0,0.0
13,63,True,True,0.053139910101890564,0.053139910101890564,0.039962995797395706,0.18486855924129486,1.899999976158142,1.316906452178955,0.4065300524234772,0.012715336866676807,-0.07048442959785461,0.18486855924129486,0.039962995797395706,-0.01998150907456875,0.08128345757722855,0.7214974164962769,0.380109041929245,0.17090444266796112,0.17842906713485718,>=0.15,False,True,False,True,True,False,False,False,True,0.0446045845746994,-0.18799088895320892,0.24059508740901947,2.3790385723114014,2.3790385723114014,0.07999999821186066,0.039962995797395706,-0.02001754753291607,0.02001754753291607,0.006698163226246834,0.033082667738199234,0.033753104507923126,0.04154987633228302,0.008329478092491627,0.0005980199784971774,-0.07249243557453156,0.17006242275238037,0.0237903855741024,0.006216591224074364,0.03059893473982811,0.031224554404616356,0.04276752844452858,0-2deg,0.04-0.08,0.0,0.0,0.0,0.0
14,43,True,True,0.09163501113653183,0.08318737894296646,0.08467944711446762,0.25545734167099,1.9199999570846558,1.1715264320373535,0.4308268129825592,0.010491342283785343,-0.09027350693941116,0.25545734167099,0.08467944711446762,-0.02000512182712555,0.09912635385990143,0.4183439314365387,0.2795306444168091,0.23897521197795868,0.23724840581417084,>=0.15,False,True,False,True,True,False,False,False,True,0.07345548272132874,-0.4944077432155609,0.11216554790735245,0.1624288409948349,0.3709478974342346,0.09999999403953552,0.08467944711446762,-0.020005257800221443,0.020005257800221443,0.033512718975543976,-0.057857438921928406,0.06685350090265274,0.0217099841684103,0.05188555642962456,0.001091830083169043,-0.10475020855665207,0.2329932451248169,0.0037094790022820234,0.03313836082816124,-0.05940478295087814,0.06801316887140274,0.01811695657670498,2-4deg,0.00-0.04,0.0,0.0,0.0,0.0
15,33,True,True,0.04491536319255829,0.038764264434576035,0.028073126450181007,0.2326686680316925,1.9399999380111694,1.1447890996932983,0.3585004210472107,-0.035156525671482086,-0.1564549058675766,0.2326686680316925,0.028073126450181007,-0.019960975274443626,0.12197434902191162,0.4688640832901001,0.32280588150024414,0.17221084237098694,0.1618409901857376,>=0.15,False,True,False,True,True,False,False,False,True,0.011685478501021862,0.1377507448196411,0.2924434542655945,0.10766538232564926,0.22951123118400574,0.14000000059604645,0.028073126450181007,-0.02002008445560932,0.02002008445560932,0.009850269183516502,0.04132712259888649,0.04248366504907608,0.04480895400047302,0.043367061764001846,0.0009134905994869769,-0.157052144408226,0.17166633903980255,0.0022951122373342514,0.0067021772265434265,0.036872513592243195,0.03747599199414253,0.04607371613383293,2-4deg,0.04-0.08,0.0,0.0,0.0,0.0
16,58,True,True,0.09140715003013611,0.0910094678401947,0.08443623036146164,0.15583190321922302,1.959999918937683,1.2003282308578491,0.4381665587425232,0.009061677381396294,-0.01532958634197712,0.15583190321922302,0.08443623036146164,-0.019985996186733246,0.023252621293067932,0.4616823196411133,0.2934671640396118,0.1550760567188263,0.15906748175621033,>=0.15,False,True,False,True,True,False,False,False,True,0.08664116263389587,-0.4500831961631775,0.1376895159482956,0.17263716459274292,0.3091663420200348,0.09999999403953552,0.08443623036146164,-0.01999608241021633,0.01999608241021633,0.0545191615819931,-0.0034568205010145903,0.05462885648012161,0.03453034907579422,0.1265908181667328,0.0,-0.022555597126483917,0.15419086813926697,0.0030916633550077677,0.05162939429283142,-0.0031704853754490614,0.05172671377658844,0.03803614154458046,2-4deg,0.00-0.04,0.0,0.0,0.0,0.0
17,57,True,False,0.13957130908966064,0.13957130908966064,0.0,0.0,2.0,1.2013473510742188,0.3383978605270386,-0.2649003267288208,-0.325250506401062,0.3298652768135071,0.13521456718444824,-0.02008952386677265,0.05152193456888199,0.803697943687439,0.392754465341568,0.05498358979821205,0.2232877016067505,>=0.15,True,True,False,True,False,False,False,True,True,0.13521456718444824,-0.3236052393913269,0.06395886093378067,0.7633419036865234,0.7633419036865234,0.0,0.13521456718444824,-0.02008952386677265,0.02008952386677265,-0.0049167824909091,-0.03665009140968323,0.03697792813181877,0.04967471584677696,0.005535057745873928,0.005535057745873928,-0.3236052393913269,0.06395886093378067,0.0076334187760949135,-0.0049167824909091,-0.03665009140968323,0.03697792813181877,0.04967471584677696,2-4deg,0.04-0.08,0.0,0.0,0.0,0.0
18,5,True,True,0.0371120348572731,0.0371120348572731,0.011966223828494549,0.22469255328178406,2.0199999809265137,1.188583254814148,0.3024539649486542,-0.028991863131523132,-0.19524411857128143,0.22469255328178406,0.011966223828494549,-0.019833171740174294,0.1660180389881134,0.941625714302063,0.4361262619495392,0.11120464652776718,0.10256898403167725,0.10-0.15,False,True,False,True,True,False,False,False,True,0.024930303916335106,-0.14933285117149353,0.3983610272407532,0.03350701928138733,0.19640414416790009,0.09999999403953552,0.011966223828494549,-0.02001120336353779,0.02001120336353779,-0.046815112233161926,-0.003517111064866185,0.046946655958890915,0.03901471570134163,0.007016668561846018,0.003126526717096567,-0.1900872439146042,0.11980647593736649,0.0019640414975583553,-0.04610220342874527,-0.00045421329559758306,0.046104658395051956,0.03959689289331436,2-4deg,0.00-0.04,0.0,0.0,0.0,0.0
19,40,True,True,0.043896544724702835,0.040758103132247925,0.026491232216358185,0.166209414601326,0.9799999594688416,1.127219796180725,0.5174804329872131,0.007860860787332058,-0.04547647759318352,0.166209414601326,0.026491232216358185,-0.019994104281067848,0.05385895445942879,0.3306359350681305,0.21597641706466675,0.15986701846122742,0.16301068663597107,>=0.15,False,True,False,True,True,False,False,False,True,0.01925935596227646,-0.37066712975502014,0.17064568400382996,0.12686660885810852,1.1789497137069702,0.07999999821186066,0.026491232216358185,-0.020057830959558487,0.020057830959558487,-0.01863425225019455,-0.06352660059928894,0.06619986146688461,0.027835363522171974,0.0804748460650444,0.0003452669770922512,-0.03748137503862381,0.16192813217639923,0.01178949698805809,-0.020218845456838608,-0.06390314549207687,0.06702102720737457,0.02649826742708683,2-4deg,0.00-0.04,0.0,0.0,0.0,0.0
20,14,True,False,0.13890106976032257,0.13890106976032257,0.0,0.0,2.059999942779541,1.2970530986785889,0.4343366026878357,0.02196207083761692,0.011885551735758781,0.11186879128217697,0.1344265192747116,-0.019970905035734177,0.007534325122833252,0.4724690616130829,0.2806738317012787,0.1112356036901474,0.07521156966686249,0.05-0.10,True,True,False,True,False,False,False,True,True,0.1344265192747116,0.011619677767157555,0.1112636923789978,1.1314940452575684,1.1314940452575684,0.0,0.1344265192747116,-0.019970905035734177,0.019970905035734177,0.006045560352504253,0.009762187488377094,0.011482462286949158,0.026616603136062622,0.0019531252328306437,0.0019531252328306437,0.011619677767157555,0.1112636923789978,0.011314940638840199,0.006045560352504253,0.009762187488377094,0.011482462286949158,0.026616603136062622,0-2deg,0.00-0.04,0.0,0.0,0.0,0.0
21,10,True,True,0.08826196938753128,0.08334054797887802,0.08101164549589157,0.12324511259794235,2.0799999237060547,1.0768681764602661,0.2799287736415863,0.013924322091042995,-0.0411621518433094,0.12324511259794235,0.08101164549589157,-0.019991572946310043,0.05595916137099266,0.873868465423584,0.39859315752983093,0.11616813391447067,0.11743858456611633,0.10-0.15,False,True,False,True,True,False,False,False,True,0.07585986703634262,-0.4145321846008301,0.12381269037723541,0.12948115170001984,0.30166617035865784,0.07999999821186066,0.08101164549589157,-0.020009618252515793,0.020009618252515793,5.245588909019716e-05,0.027488665655255318,0.027488108724355698,0.0347183421254158,0.022887298837304115,0.0003452669770922512,-0.040453650057315826,0.11641675978899002,0.0030166616197675467,4.763390825246461e-05,0.02536984719336033,0.025370167568325996,0.035893362015485764,0-2deg,0.00-0.04,0.0,0.0,0.0,0.0
22,48,True,True,0.07706751674413681,0.07546332478523254,0.06853316724300385,0.274459570646286,2.0799999237060547,0.802050769329071,0.3274121582508087,-0.0248398520052433,-0.2070453017950058,0.274459570646286,0.06853316724300385,-0.01982700265944004,0.1822139471769333,0.5010017156600952,0.3198554217815399,0.18016742169857025,0.16799427568912506,>=0.15,False,True,False,True,True,False,False,False,True,0.06668516248464584,-0.1612320989370346,0.06374018639326096,0.5531011819839478,0.5531011819839478,0.05999999865889549,0.06853316724300385,-0.01985536329448223,0.01985536329448223,0.0005590793443843722,0.0011918053496629,0.0013372133253142238,0.0009376321104355156,0.00842199195176363,0.0034526714589446783,-0.20724400877952576,0.17993883788585663,0.005531011614948511,0.000523575465194881,0.0011791320284828544,0.0012918708380311728,0.0009472229285165668,0-2deg,0.00-0.04,0.0,0.0,0.0,0.0
23,13,True,True,0.0949932187795639,0.08539972454309464,0.08830396085977554,0.24851137399673462,2.0999999046325684,0.9673527479171753,0.2610287368297577,0.004305792041122913,-0.018779948353767395,0.24851137399673462,0.08830396085977554,-0.019989367574453354,0.020689325407147408,0.7395665049552917,0.3936600089073181,0.24780075252056122,0.24930353462696075,>=0.15,False,True,False,True,True,False,False,False,True,0.0774274691939354,-0.3647148907184601,0.24427661299705505,0.18150252103805542,0.22553324699401855,0.07999999821186066,0.08830396085977554,-0.020008184015750885,0.020008184015750885,0.05187586694955826,0.01700177602469921,0.054588451981544495,0.05463969707489014,0.04143356531858444,0.0,-0.006640804000198841,0.24842262268066406,0.002255332423374057,0.05122752487659454,0.013756873086094856,0.05304151773452759,0.05565539374947548,2-4deg,0.04-0.08,0.0,0.0,0.0,0.0
24,50,False,False,0.4303974509239197,0.4206012785434723,0.0,0.0,2.0999999046325684,2.6876118183135986,0.5764321684837341,-2.7108285427093506,-2.897432327270508,3.0991642475128174,0.40179234743118286,-0.055488526821136475,-0.11243534088134766,1.948835849761963,0.8156377673149109,1.0998657941818237,0.11809615045785904,0.10-0.15,True,True,False,False,False,False,False,True,False,0.0,0.0,0.0,0.0,0.0,0.0,0.40179234743118286,-0.055488526821136475,0.055488526821136475,0.0,0.0,0.0,0.0,0.0,0.9639933109283447,-2.9442176818847656,0.9676782488822937,0.0,0.062100622802972794,-0.028817160055041313,0.06845290958881378,0.041107941418886185,0-2deg,0.00-0.04,0.0,0.0,0.0,0.0
25,62,True,False,0.13985393941402435,0.13985393941402435,0.0,0.0,2.1399998664855957,1.1409389972686768,0.3328500986099243,-0.18413634598255157,-0.0917978286743164,0.18578580021858215,0.13559658825397491,-0.019975295290350914,-0.10116031765937805,0.4544726312160492,0.2682950794696808,0.1615225225687027,0.24869343638420105,>=0.15,True,True,False,True,False,False,False,True,True,0.13559658825397491,-0.0870586484670639,0.16412542760372162,0.5576561093330383,0.5576561093330383,0.0,0.13559658825397491,-0.019975295290350914,0.019975295290350914,-0.00219879113137722,-0.029384203255176544,0.02946631982922554,0.061370525509119034,0.006185976322740316,0.006185976322740316,-0.0870586484670639,0.16412542760372162,0.005576560739427805,-0.00219879113137722,-0.029384203255176544,0.02946631982922554,0.061370525509119034,0-2deg,0.04-0.08,0.0,0.0,0.0,0.0
26,55,True,False,0.13394750654697418,0.12800253927707672,0.0,0.0,2.1599998474121094,0.9783116579055786,0.3357221186161041,-0.4150265157222748,-0.3278319239616394,0.3556985855102539,0.13223911821842194,-0.012019236572086811,-0.1364547312259674,0.5989289879798889,0.35270217061042786,0.13801345229148865,0.15453587472438812,>=0.15,True,True,False,True,False,False,False,True,True,0.13223911821842194,-0.328829288482666,0.13561996817588806,0.4032945930957794,0.4032945930957794,0.0,0.13223911821842194,-0.012019236572086811,0.012019236572086811,-0.0005759865744039416,0.007333133369684219,0.007356715854257345,0.0015184743097051978,0.1508677899837494,0.1508677899837494,-0.328829288482666,0.13561996817588806,0.004032945726066828,-0.0005759865744039416,0.007333133369684219,0.007356715854257345,0.0015184743097051978,0-2deg,0.00-0.04,0.0,0.0,0.0,0.0
27,25,True,False,0.18796971440315247,0.18407787382602692,0.0,0.0,2.180000066757202,1.3427525758743286,0.48440977931022644,0.023212892934679985,-0.008371656760573387,0.35487350821495056,0.1847538948059082,-0.01969894766807556,0.03398486599326134,0.6750134229660034,0.34156957268714905,0.35477474331855774,0.19708359241485596,>=0.15,True,True,False,True,False,False,False,True,True,0.1847538948059082,0.02680019661784172,0.353860080242157,0.022945312783122063,0.022945312783122063,0.0,0.1847538948059082,-0.01969894766807556,0.01969894766807556,0.0798615962266922,-0.06109481677412987,0.10051143914461136,0.015899574384093285,0.004380950704216957,0.004380950704216957,0.02680019661784172,0.353860080242157,0.00022945312957745045,0.0798615962266922,-0.06109481677412987,0.10051143914461136,0.015899574384093285,4-6deg,0.00-0.04,0.0,0.0,0.0,0.0
28,18,True,True,0.11222996562719345,0.10624957829713821,0.10662436485290527,0.204048290848732,2.200000047683716,1.2312424182891846,0.4155190587043762,0.021072428673505783,0.06956246495246887,0.204048290848732,0.10662436485290527,-0.019974175840616226,-0.05024273321032524,0.32972368597984314,0.2222512811422348,0.19182483851909637,0.18460047245025635,>=0.15,False,True,False,True,True,False,False,False,True,0.1001884713768959,-0.2842632532119751,0.13462169468402863,0.22367653250694275,0.46787530183792114,0.07999999821186066,0.10662436485290527,-0.0200343057513237,0.0200343057513237,-0.007096688728779554,0.0002499812690075487,0.007101108320057392,0.03913820534944534,0.004200357478111982,0.0,0.06776627153158188,0.19246672093868256,0.004678752738982439,-0.009390514343976974,-0.00023617598344571888,0.009392311796545982,0.039014771580696106,0-2deg,0.00-0.04,0.0,0.0,0.0,0.0
29,51,True,True,0.07226748019456863,0.07124822586774826,0.06320299208164215,0.13910046219825745,2.2200000286102295,1.1050357818603516,0.3945007622241974,0.009342859499156475,-0.10434284806251526,0.13910046219825745,0.06320299208164215,-0.020016169175505638,0.11521198600530624,0.6247767806053162,0.28075355291366577,0.09198647737503052,0.08423212915658951,0.05-0.10,False,True,False,True,True,False,False,False,True,0.061974361538887024,-0.49073147773742676,0.16347023844718933,0.1495993584394455,0.40622952580451965,0.07999999821186066,0.06320299208164215,-0.020016169175505638,0.020016169175505638,0.01688295416533947,-0.03776164352893829,0.04136299341917038,0.04133549705147743,0.04672003537416458,0.0009765625,-0.10793928802013397,0.08773855119943619,0.004062294960021973,0.01921277865767479,-0.03853612393140793,0.04305799677968025,0.04049299657344818,2-4deg,0.04-0.08,0.0,0.0,0.0,0.0
30,0,True,True,0.05421694368124008,0.05421694368124008,0.0413823276758194,0.16905349493026733,2.240000009536743,1.0871632099151611,0.36285868287086487,0.014896837994456291,-0.038401681929826736,0.16905349493026733,0.0413823276758194,-0.01997409388422966,0.052771832793951035,0.6784797310829163,0.36763766407966614,0.1646341234445572,0.17374929785728455,>=0.15,False,True,False,True,True,False,False,False,True,0.054762158542871475,0.020493537187576294,0.1636430323123932,1.8368676900863647,1.8368676900863647,0.09999999403953552,0.0413823276758194,-0.020005639642477036,0.020005639642477036,-0.03542615473270416,0.00828989502042532,0.03638305515050888,0.027426837012171745,0.006659280508756638,0.0,-0.035380199551582336,0.16530977189540863,0.0183686763048172,-0.03724893182516098,0.007156052626669407,0.03792981430888176,0.02623550407588482,2-4deg,0.00-0.04,0.0,0.0,0.0,0.0
31,28,True,True,0.05659819394350052,0.052246589213609695,0.04438863322138786,0.27246570587158203,2.259999990463257,1.109145164489746,0.40802037715911865,-0.03302304446697235,-0.1757558137178421,0.27246570587158203,0.04438863322138786,-0.019895348697900772,0.1436641812324524,0.7404055595397949,0.38194912672042847,0.20820049941539764,0.1991075724363327,>=0.15,False,True,False,True,True,False,False,False,True,0.038804035633802414,-0.15959309041500092,0.06596994400024414,1.0420206785202026,1.0420206785202026,0.07999999821186066,0.04438863322138786,-0.020047679543495178,0.020047679543495178,0.008430571295320988,-0.06927592307329178,0.06978628784418106,0.01750943996012211,0.002100177574902773,0.0022375863045454025,-0.1875860095024109,0.19760830700397491,0.010420206934213638,0.007410808932036161,-0.06896454095840454,0.06936101615428925,0.018047720193862915,2-4deg,0.00-0.04,0.0,0.0,0.0,0.0
32,42,True,False,0.15941089391708374,0.14471355080604553,0.0,0.0,2.4600000381469727,0.8974208831787109,0.4050735533237457,-0.1418388932943344,-0.18012338876724243,0.22841860353946686,0.15690726041793823,-0.016109775751829147,0.029865453019738197,0.8141799569129944,0.39813047647476196,0.14046572148799896,0.2385348230600357,>=0.15,True,True,False,True,False,False,False,True,True,0.15690726041793823,-0.17885613441467285,0.1420758068561554,0.0807548388838768,0.0807548388838768,0.0,0.15690726041793823,-0.016109775751829147,0.016109775751829147,-0.016786864027380943,-0.0194054264575243,0.025657549500465393,0.013876968994736671,0.07300078123807907,0.07300078123807907,-0.17885613441467285,0.1420758068561554,0.0008075483492575586,-0.016786864027380943,-0.0194054264575243,0.025657549500465393,0.013876968994736671,0-2deg,0.00-0.04,0.0,0.0,0.0,0.0
33,46,True,True,0.052884574979543686,0.0501645989716053,0.039630990475416183,0.10724644362926483,2.4600000381469727,0.923991858959198,0.24712340533733368,0.009702052921056747,-0.02968355268239975,0.10724644362926483,0.039630990475416183,-0.019981548190116882,0.04002341628074646,0.5460558533668518,0.21730217337608337,0.10305671393871307,0.09853850305080414,0.05-0.10,False,True,False,True,True,False,False,False,True,0.03587954863905907,-0.01224894355982542,0.1396702378988266,0.9927447438240051,0.9927447438240051,0.05999999865889549,0.039630990475416183,-0.020047269761562347,0.020047269761562347,0.02243703044950962,-0.03483046591281891,0.041429243981838226,0.07725028693675995,0.0036046949680894613,0.0,-0.030345190316438675,0.10286383330821991,0.009927446953952312,0.025210492312908173,-0.03615344688296318,0.04407213255763054,0.07637607306241989,2-4deg,0.04-0.08,0.0,0.0,0.0,0.0
34,60,True,True,0.10074572265148163,0.0917779728770256,0.09446768462657928,0.18387503921985626,2.4600000381469727,1.2487863302230835,0.3766544759273529,-0.01292481366544962,-0.10204046964645386,0.18387503921985626,0.09446768462657928,-0.020012540742754936,0.08595775812864304,1.3920353651046753,0.5493603944778442,0.1529633104801178,0.14951546490192413,0.10-0.15,False,True,False,True,True,False,False,False,True,0.0849178284406662,-0.5216404795646667,0.3423408269882202,0.1750572919845581,0.2288697361946106,0.09999999403953552,0.09446768462657928,-0.020012540742754936,0.020012540742754936,-0.06809519976377487,0.007650251034647226,0.06852258741855621,0.03638995811343193,0.004408077336847782,0.0003452669770922512,-0.10461089015007019,0.15121705830097198,0.0022886972874403,-0.06765510141849518,0.004752794746309519,0.06782171875238419,0.03688395395874977,2-4deg,0.00-0.04,0.0,0.0,0.0,0.0
35,21,True,True,0.08484677970409393,0.07809946686029434,0.07732882350683212,0.26082882285118103,2.5199999809265137,0.9055797457695007,0.2355644255876541,-0.007956644520163536,-0.15387845039367676,0.26082882285118103,0.07732882350683212,-0.020020022988319397,0.1490890383720398,0.7276437282562256,0.35294926166534424,0.21060174703598022,0.1879909634590149,>=0.15,False,True,False,True,True,False,False,False,True,0.0702999159693718,-0.06987680494785309,0.12215372174978256,0.05908925458788872,0.20983685553073883,0.05999999865889549,0.07732882350683212,-0.020020022988319397,0.020020022988319397,-0.0029852434527128935,-0.002110258908942342,0.0036539642605930567,0.04373828321695328,0.014319338835775852,0.0013810680247843266,-0.15356837213039398,0.21082796156406403,0.0020983684808015823,-0.004596071783453226,-0.0014283076161518693,0.004809017293155193,0.04371972382068634,0-2deg,0.04-0.08,0.0,0.0,0.0,0.0
36,11,True,True,0.040143031626939774,0.03492603451013565,0.019821077585220337,0.165422260761261,2.5399999618530273,1.1900968551635742,0.32315486669540405,0.01894574984908104,0.0864948034286499,0.165422260761261,0.019821077585220337,-0.020050615072250366,-0.06790921092033386,0.41960909962654114,0.24684780836105347,0.1410076916217804,0.14202480018138885,0.10-0.15,False,True,False,True,True,False,False,False,True,0.06411051005125046,-0.24051298201084137,0.32539963722229004,0.12227824330329895,1.3480465412139893,0.6200000047683716,0.019821077585220337,-0.020199822261929512,0.020199822261929512,-0.03650845214724541,0.02093091420829296,0.04208036884665489,0.008526280522346497,0.07583396136760712,0.002316121943295002,0.09205476939678192,0.13744249939918518,0.013480464927852154,-0.03564834967255592,0.023820115253329277,0.04287204146385193,0.006215257570147514,2-4deg,0.00-0.04,0.0,0.0,0.0,0.0
37,6,True,False,0.14085739850997925,0.14085739850997925,0.0,0.0,2.5999999046325684,1.2439672946929932,0.3197000324726105,0.012718653306365013,-0.09783321619033813,0.19199956953525543,0.1362641602754593,-0.01933486945927143,0.10973329842090607,0.3312187194824219,0.20385722815990448,0.16520440578460693,0.19339917600154877,>=0.15,True,True,False,True,False,False,False,True,True,0.1362641602754593,-0.09137769788503647,0.16886074841022491,0.035274844616651535,0.035274844616651535,0.0,0.1362641602754593,-0.019362935796380043,0.019362935796380043,0.04034093767404556,0.0066696349531412125,0.04088893532752991,0.014351416379213333,0.01200027298182249,0.01200027298182249,-0.09137769788503647,0.16886074841022491,0.0003527484368532896,0.04034093767404556,0.0066696349531412125,0.04088893532752991,0.014351416379213333,2-4deg,0.00-0.04,0.0,0.0,0.0,0.0
38,37,True,True,0.050142399966716766,0.04770878329873085,0.035920076072216034,0.2367553561925888,2.5999999046325684,0.9471143484115601,0.32141464948654175,0.0073875803500413895,-0.057294055819511414,0.2367553561925888,0.035920076072216034,-0.01999269798398018,0.06384427100419998,0.6112470030784607,0.3291391134262085,0.22971829771995544,0.2311120182275772,>=0.15,False,True,False,True,True,False,False,False,True,0.031413834542036057,-0.47363540530204773,0.3032505512237549,0.16559480130672455,0.3428625762462616,0.07999999821186066,0.035920076072216034,-0.020000450313091278,0.020000450313091278,-0.04274914041161537,-0.04118836671113968,0.059354472905397415,0.017356256023049355,0.0727543830871582,0.0005980199784971774,-0.07067839056253433,0.2259594351053238,0.0034286256413906813,-0.043440282344818115,-0.04041604697704315,0.05932532623410225,0.01722000353038311,2-4deg,0.00-0.04,0.0,0.0,0.0,0.0
39,26,True,False,0.14283406734466553,0.14283406734466553,0.0,0.0,1.71999990940094,1.2692593336105347,0.477597177028656,-0.23400409519672394,-0.07314984500408173,0.11558365821838379,0.13857731223106384,-0.015223300084471703,-0.17033931612968445,0.43803027272224426,0.25807541608810425,0.08949124068021774,0.11310255527496338,0.10-0.15,True,True,False,True,False,False,False,True,True,0.13857731223106384,-0.06977922469377518,0.09214358776807785,0.061161108314991,0.061161108314991,0.0,0.13857731223106384,-0.015223300084471703,0.015223300084471703,-0.054345935583114624,0.008483171463012695,0.055003099143505096,0.056267671287059784,0.07671083509922028,0.07671083509922028,-0.06977922469377518,0.09214358776807785,0.0006116110598668456,-0.054345935583114624,0.008483171463012695,0.055003099143505096,0.056267671287059784,2-4deg,0.04-0.08,0.0,0.0,0.0,0.0
40,3,True,False,0.27028337121009827,0.12203925102949142,0.0,0.0,2.7799999713897705,1.0714741945266724,0.2401389181613922,0.06482967734336853,-0.055429793894290924,0.26315838098526,0.26853147149086,-0.018875332549214363,0.11867056787014008,0.4391413629055023,0.2854265868663788,0.2572544515132904,0.22255516052246094,>=0.15,True,True,False,True,False,False,False,True,True,0.11708740144968033,-0.26571571826934814,0.35918980836868286,1.001768946647644,1.001768946647644,0.0,0.26853147149086,-0.02016233652830124,0.02016233652830124,0.03880473971366882,-0.043451663106679916,0.05824895203113556,0.027557140216231346,0.01580720953643322,0.020423706620931625,-0.0526740662753582,0.2578328251838684,0.010017689317464828,0.05198473110795021,-0.040967702865600586,0.06617553532123566,0.010787866078317165,2-4deg,0.00-0.04,0.0,0.0,0.0,0.0
41,34,True,True,0.12491188943386078,0.09696337580680847,0.11990419775247574,0.09804585576057434,2.7799999713897705,0.9519953727722168,0.26593077182769775,-0.005774433724582195,-0.01702900603413582,0.09804585576057434,0.11990419775247574,-0.019998915493488312,0.010691068135201931,0.3843895196914673,0.20653678476810455,0.096555694937706,0.1244201585650444,0.10-0.15,False,True,False,True,True,False,False,False,True,0.11407037824392319,-0.062043190002441406,0.13913492858409882,0.034066807478666306,0.198658287525177,0.09999999403953552,0.11990419775247574,-0.020004313439130783,0.020004313439130783,-0.07295721024274826,0.013910523615777493,0.07426954060792923,0.03815530613064766,0.03262872248888016,0.0,-0.02185795083642006,0.09557834267616272,0.001986582763493061,-0.07408616691827774,0.011087389662861824,0.07490941882133484,0.03786159306764603,4-6deg,0.00-0.04,0.0,0.0,0.0,0.0
42,27,True,True,0.09955265372991562,0.09818778187036514,0.093187116086483,0.07784929871559143,2.819999933242798,1.031967282295227,0.3189621865749359,0.013862342573702335,-0.05475088581442833,0.07784929871559143,0.093187116086483,-0.019978975877165794,0.06814853847026825,0.8294463157653809,0.33921530842781067,0.055343061685562134,0.055307745933532715,0.05-0.10,False,True,False,True,True,False,False,False,True,0.09204776585102081,-0.30289533734321594,0.0911766067147255,0.10664372146129608,0.8422877192497253,0.07999999821186066,0.093187116086483,-0.020031671971082687,0.020031671971082687,0.00012849995982833207,-0.007203440181910992,0.007201129104942083,0.008743706159293652,0.06339321285486221,0.0003452669770922512,-0.05478857830166817,0.05530574917793274,0.008422876708209515,0.00013388397928792983,-0.007721908390522003,0.007720423396676779,0.008537089452147484,0-2deg,0.00-0.04,0.0,0.0,0.0,0.0
43,9,True,True,0.05505722761154175,0.05505722761154175,0.04248344898223877,0.15541689097881317,2.8399999141693115,1.047075867652893,0.30092090368270874,0.022044401615858078,-0.052359335124492645,0.15541689097881317,0.04248344898223877,-0.01998218707740307,0.07400781661272049,0.6891695857048035,0.29775360226631165,0.1463315188884735,0.152670219540596,>=0.15,False,True,False,True,True,False,False,False,True,0.04548654332756996,-0.47696441411972046,0.07567552477121353,0.10326547175645828,1.212527871131897,0.09999999403953552,0.04248344898223877,-0.020013825967907906,0.020013825967907906,-0.003625062992796302,0.0025247293524444103,0.004421578254550695,0.043672628700733185,0.10779650509357452,0.0003452669770922512,-0.0534529872238636,0.1459355652332306,0.012125278823077679,-0.007094415836036205,0.0028412716928869486,0.007642828859388828,0.04339192062616348,0-2deg,0.04-0.08,0.0,0.0,0.0,0.0
44,39,True,False,0.13441899418830872,0.13441899418830872,0.0,0.0,2.8399999141693115,1.288082480430603,0.3924771845340729,-0.2725798189640045,-0.2032543569803238,0.29908469319343567,0.12978889048099518,-0.019979635253548622,-0.06200318783521652,0.9240634441375732,0.34622177481651306,0.21940673887729645,0.2567632496356964,>=0.15,True,True,False,True,False,False,False,True,True,0.12978889048099518,-0.21457763016223907,0.20834608376026154,0.16459575295448303,0.16459575295448303,0.0,0.12978889048099518,-0.019979635253548622,0.019979635253548622,0.009577779099345207,-0.053334929049015045,0.05418714880943298,0.014211555011570454,0.0003452669770922512,0.0003452669770922512,-0.21457763016223907,0.20834608376026154,0.001645957469008863,0.009577779099345207,-0.053334929049015045,0.05418714880943298,0.014211555011570454,2-4deg,0.00-0.04,0.0,0.0,0.0,0.0
45,8,True,True,0.0691567212343216,0.0691567212343216,0.059656623750925064,0.2483651041984558,2.879999876022339,1.2227599620819092,0.360834002494812,-0.0395943745970726,-0.17472338676452637,0.2483651041984558,0.059656623750925064,-0.019989607855677605,0.13622623682022095,0.8506055474281311,0.4567583501338959,0.17651335895061493,0.16441676020622253,>=0.15,False,True,False,True,True,False,False,False,True,0.06006138026714325,-0.14856652915477753,0.15592776238918304,0.3472122848033905,0.3472122848033905,0.05999999865889549,0.059656623750925064,-0.02001500129699707,0.02001500129699707,-0.0368320494890213,-0.078078493475914,0.08631383627653122,0.01456065196543932,0.0012448779307305813,0.00048828125,-0.1891220659017563,0.16099092364311218,0.0034721228294074535,-0.036461248993873596,-0.07759823650121689,0.08572203665971756,0.015776854008436203,4-6deg,0.00-0.04,0.0,0.0006905339541845024,0.0,0.0
46,19,True,False,0.16312067210674286,0.16312067210674286,0.0,0.0,2.9800000190734863,1.408682942390442,0.32231515645980835,-0.3877726197242737,-0.4154358506202698,0.5535238981246948,0.16055236756801605,-0.017285339534282684,0.020111743360757828,0.9850387573242188,0.26466822624206543,0.36578917503356934,0.13407279551029205,0.10-0.15,True,True,False,True,False,False,False,True,True,0.16055236756801605,-0.42362043261528015,0.35627853870391846,0.44578975439071655,0.44578975439071655,0.0,0.16055236756801605,-0.017285339534282684,0.017285339534282684,0.026043200865387917,-0.032162848860025406,0.041381727904081345,0.03781196102499962,0.05310444161295891,0.05310444161295891,-0.42362043261528015,0.35627853870391846,0.0044578975066542625,0.026043200865387917,-0.032162848860025406,0.041381727904081345,0.03781196102499962,2-4deg,0.00-0.04,0.0,0.0,0.0,0.0
47,49,True,True,0.06735523790121078,0.06735523790121078,0.05754276365041733,0.11953472346067429,3.0,1.0702409744262695,0.2946155071258545,0.0064342631958425045,0.012174255214631557,0.11953472346067429,0.05754276365041733,-0.019994137808680534,-0.0038574158679693937,0.6527977585792542,0.2902005910873413,0.11891315132379532,0.1211991086602211,0.10-0.15,False,True,False,True,True,False,False,False,True,0.06170168146491051,-0.41630807518959045,0.04954175651073456,0.14289730787277222,0.4706641733646393,0.07999999821186066,0.05754276365041733,-0.01999935507774353,0.01999935507774353,0.0327204167842865,0.008731719106435776,0.03386419266462326,0.03218286857008934,0.04578540846705437,0.0,0.0115748830139637,0.11897299438714981,0.004706641659140587,0.031075188890099525,0.009767377749085426,0.03257386386394501,0.032614998519420624,0-2deg,0.00-0.04,0.0,0.0,0.0,0.0
48,53,True,True,0.1222311407327652,0.11863457411527634,0.1171131357550621,0.1773947775363922,2.119999885559082,1.1413638591766357,0.3204692006111145,0.00840870849788189,-0.005741591565310955,0.1773947775363922,0.1171131357550621,-0.01998164691030979,0.017132462933659554,0.9688038229942322,0.4224226176738739,0.17730183899402618,0.17870840430259705,>=0.15,False,True,False,True,True,False,False,False,True,0.11332544684410095,0.037089910358190536,0.20388412475585938,1.0722585916519165,1.0722585916519165,0.07999999821186066,0.1171131357550621,-0.019990241155028343,0.019990241155028343,0.040050748735666275,-0.015066977590322495,0.04278990998864174,0.022804254665970802,0.0012918708380311728,0.0003452669770922512,-0.010216189548373222,0.17710034549236298,0.010722585953772068,0.0387260802090168,-0.014616716653108597,0.04139181226491928,0.023826992139220238,2-4deg,0.00-0.04,0.0,0.0,0.0,0.0
49,62,True,False,0.13240975141525269,0.13240975141525269,0.0,0.0,0.9399999976158142,1.3797152042388916,0.8613656163215637,-0.016087805852293968,-0.15620869398117065,0.19027435779571533,0.12771324813365936,-0.0200054794549942,0.144617959856987,0.5073540806770325,0.3205645680427551,0.10864242166280746,0.12121516466140747,0.10-0.15,True,True,False,True,False,False,False,True,True,0.12771324813365936,-0.15763479471206665,0.10656271874904633,0.33993998169898987,0.33993998169898987,0.0,0.12771324813365936,-0.0200054794549942,0.0200054794549942,-0.005855160299688578,0.011891473084688187,0.013255830854177475,0.043441470712423325,0.00048828125,0.00048828125,-0.15763479471206665,0.10656271874904633,0.003399399807676673,-0.005855160299688578,0.011891473084688187,0.013255830854177475,0.043441470712423325,0-2deg,0.04-0.08,0.0,0.0,0.0,0.0
50,15,True,True,0.07660768926143646,0.07323838025331497,0.06810000538825989,0.27310794591903687,3.0999999046325684,1.0113588571548462,0.26675668358802795,-0.026704207062721252,-0.23973099887371063,0.27310794591903687,0.06810000538825989,-0.01981162652373314,0.21428720653057098,0.855514407157898,0.3532365560531616,0.13083195686340332,0.11385451257228851,0.10-0.15,False,True,False,True,True,False,False,False,True,0.06429735571146011,-0.1285729706287384,0.26549020409584045,1.3650760650634766,1.3650760650634766,0.05999999865889549,0.06810000538825989,-0.019961772486567497,0.019961772486567497,-0.005421631969511509,-0.02198064513504505,0.02263852208852768,0.044696711003780365,0.011059384793043137,0.003670240519568324,-0.23885244131088257,0.1324290931224823,0.013650760054588318,-0.004858169239014387,-0.020274527370929718,0.02084832824766636,0.045134782791137695,0-2deg,0.04-0.08,0.0,0.0,0.0,0.0
51,16,True,False,0.23668967187404633,0.10442939400672913,0.0,0.0,3.0999999046325684,1.2196401357650757,0.2633909285068512,0.02340683899819851,-0.007015706971287727,0.13970360159873962,0.23751084506511688,-0.012535861693322659,0.03428100794553757,0.7342442870140076,0.3203130066394806,0.1395273357629776,0.2610083222389221,>=0.15,True,True,False,True,False,False,False,True,True,0.10156907141208649,-0.3833618462085724,0.14778387546539307,0.08867444843053818,1.470751166343689,0.0,0.23751084506511688,-0.02011510170996189,0.02011510170996189,0.0024455548264086246,0.042669329792261124,0.04273971915245056,0.03517870604991913,0.1862751841545105,0.14556294679641724,-0.009783381596207619,0.13936062157154083,0.01470751129090786,-0.03845105692744255,0.040199700742959976,0.05562088266015053,0.027419067919254303,2-4deg,0.00-0.04,0.0,0.0006905339541845024,0.0,0.0
52,5,True,False,0.2099553346633911,0.2099553346633911,0.0,0.0,1.2400000095367432,1.4480229616165161,0.847609281539917,-0.24330458045005798,-0.2387581169605255,0.5976115465164185,0.20955723524093628,-0.0114944688975811,-0.003809745889157057,0.5198058485984802,0.3113481402397156,0.5478450059890747,0.1191660538315773,0.10-0.15,True,True,False,True,False,False,False,True,True,0.20955723524093628,-0.2817681133747101,0.5270164012908936,0.17566804587841034,0.17566804587841034,0.0,0.20955723524093628,-0.0114944688975811,0.0114944688975811,-0.06461156904697418,0.048229727894067764,0.08060745894908905,0.04884025827050209,0.12327451258897781,0.12327451258897781,-0.2817681133747101,0.5270164012908936,0.0017566804308444262,-0.06461156904697418,0.048229727894067764,0.08060745894908905,0.04884025827050209,4-6deg,0.04-0.08,0.0,0.0,0.0,0.0
53,52,True,True,0.08443539589643478,0.08223506808280945,0.07681707292795181,0.21475572884082794,3.5799999237060547,0.8984843492507935,0.3430463969707489,0.011592958122491837,-0.12062399089336395,0.21475572884082794,0.07681707292795181,-0.020005788654088974,0.1325106918811798,1.4467946290969849,0.5411370992660522,0.1776791363954544,0.17207103967666626,>=0.15,False,True,False,True,True,False,False,False,True,0.07435249537229538,-0.08401640504598618,0.22094221413135529,0.11808960139751434,0.34950366616249084,0.05999999865889549,0.07681707292795181,-0.020022952929139137,0.020022952929139137,-0.005005445796996355,-0.08614818006753922,0.08629309386014938,0.007840730249881744,0.005097811575978994,0.001035800902172923,-0.1085594892501831,0.1852966845035553,0.0034950366243720055,-0.004952056799083948,-0.08580050617456436,0.08594314008951187,0.00974658690392971,4-6deg,0.00-0.04,0.0,0.0,0.0,0.0
54,7,True,True,0.06361082941293716,0.06277774274349213,0.05311558395624161,0.1408451795578003,2.5799999237060547,1.0390492677688599,0.3332200348377228,0.008317618630826473,0.031657587736845016,0.1408451795578003,0.05311558395624161,-0.019987421110272408,-0.023351427167654037,0.6586099863052368,0.2972128987312317,0.13724124431610107,0.13869976997375488,0.10-0.15,False,True,False,True,True,False,False,False,True,0.052819035947322845,-0.2717653512954712,0.14500828087329865,0.10115908086299896,0.6407375931739807,0.09999999403953552,0.05311558395624161,-0.02001287415623665,0.02001287415623665,0.010417478159070015,0.033145833760499954,0.03474356606602669,0.02791646495461464,0.030170049518346786,0.0003452669770922512,0.03457937762141228,0.13653434813022614,0.006407375913113356,0.009042959660291672,0.034886594861745834,0.03603896126151085,0.027528325095772743,0-2deg,0.00-0.04,0.0,0.0,0.0,0.0
55,28,False,False,0.7072486877441406,0.40853387117385864,0.0,0.0,1.3399999141693115,1.515208125114441,0.688075602054596,-0.3978513479232788,-0.2278517335653305,3.0541415214538574,0.7282874584197998,-0.005872063338756561,-0.10538030415773392,2.7151129245758057,0.8893534541130066,3.04563045501709,0.13734382390975952,0.10-0.15,True,True,False,False,False,False,False,True,False,0.0,0.0,0.0,0.0,0.0,0.0,0.7282874584197998,-0.005872063338756561,0.005872063338756561,0.0,0.0,0.0,0.0,0.0,0.9409294128417969,-0.297893762588501,3.039578914642334,0.0,-0.0334380567073822,-0.026762302964925766,0.04282612353563309,0.07057943940162659,0-2deg,0.00-0.04,0.0,0.0,0.0,0.0
56,0,True,False,0.16550412774085999,0.16550412774085999,0.0,0.0,1.3799999952316284,1.1770082712173462,0.6376833915710449,-0.4180365800857544,-0.39625799655914307,0.5405785441398621,0.16278137266635895,-0.0168308112770319,-0.03497132658958435,0.4004693925380707,0.25031033158302307,0.36770200729370117,0.12408913671970367,0.10-0.15,True,True,False,True,False,False,False,True,True,0.16278137266635895,-0.3932205140590668,0.37094852328300476,0.1755506992340088,0.1755506992340088,0.0,0.16278137266635895,-0.0168308112770319,0.0168308112770319,0.008542945608496666,-0.0029694843105971813,0.009043125435709953,0.03040492720901966,0.04957584664225578,0.04957584664225578,-0.3932205140590668,0.37094852328300476,0.0017555069644004107,0.008542945608496666,-0.0029694843105971813,0.009043125435709953,0.03040492720901966,0-2deg,0.00-0.04,0.0,0.0,0.0,0.0
57,23,True,False,0.12627874314785004,0.12627874314785004,0.0,0.0,3.619999885559082,1.0623984336853027,0.2053610235452652,-0.004654931370168924,-0.12082040309906006,0.24858875572681427,0.12126430124044418,-0.01939208060503006,0.11573411524295807,0.8098207712173462,0.3199019134044647,0.21725285053253174,0.2083991914987564,>=0.15,True,True,False,True,False,False,False,True,True,0.12126430124044418,-0.11279208213090897,0.22152723371982574,0.026014139875769615,0.026014139875769615,0.0,0.12126430124044418,-0.01939208060503006,0.01939208060503006,-0.051717642694711685,-0.0730115994811058,0.08944663405418396,0.04876033216714859,0.012289836071431637,0.012289836071431637,-0.11279208213090897,0.22152723371982574,0.00026014138711616397,-0.051717642694711685,-0.0730115994811058,0.08944663405418396,0.04876033216714859,4-6deg,0.04-0.08,0.0,0.0,0.0,0.0
58,48,True,True,0.09162676334381104,0.09004335850477219,0.0846899002790451,0.07746661454439163,1.7799999713897705,1.1120495796203613,0.29357606172561646,0.010157164186239243,0.06392452120780945,0.07746661454439163,0.0846899002790451,-0.01999087445437908,-0.05379962548613548,0.3603527545928955,0.23216229677200317,0.04375764727592468,0.03577885031700134,0.00-0.05,False,True,False,True,True,False,False,False,True,0.0839843824505806,-0.36132699251174927,0.24230870604515076,0.2385166734457016,0.7078555822372437,0.09999999403953552,0.0846899002790451,-0.020115185528993607,0.020115185528993607,0.04541925713419914,0.034188978374004364,0.05684157460927963,0.032222893089056015,0.09463784098625183,0.00048828125,0.06186729669570923,0.046620968729257584,0.007078555878251791,0.04778306558728218,0.03496449068188667,0.059201546013355255,0.02995414286851883,2-4deg,0.00-0.04,0.0,0.0,0.0,0.0
59,40,True,False,0.13650409877300262,0.13650409877300262,0.0,0.0,1.8799999952316284,1.2409123182296753,0.4108801484107971,-0.4769219756126404,-0.6201685667037964,0.7133908271789551,0.1332630217075348,-0.015366366133093834,0.1234854906797409,0.3854856789112091,0.23787741363048553,0.3525867164134979,0.18513935804367065,>=0.15,True,True,False,True,False,False,False,True,True,0.1332630217075348,-0.6243578791618347,0.3451139032840729,0.23899585008621216,0.23899585008621216,0.0,0.1332630217075348,-0.015366366133093834,0.015366366133093834,0.012804795056581497,-0.0016820100136101246,0.012914182618260384,0.04321528971195221,0.08328568935394287,0.08328568935394287,-0.6243578791618347,0.3451139032840729,0.0023899583611637354,0.012804795056581497,-0.0016820100136101246,0.012914182618260384,0.04321528971195221,0-2deg,0.04-0.08,0.0,0.0,0.0,0.0
60,47,True,True,0.09161500632762909,0.0775730311870575,0.0846436619758606,0.2562166750431061,3.8999998569488525,1.0088837146759033,0.298351526260376,0.006387655157595873,0.07095799595117569,0.2562166750431061,0.0846436619758606,-0.02003949135541916,-0.06691204011440277,1.162551760673523,0.34518691897392273,0.24619494378566742,0.23598137497901917,>=0.15,False,True,False,True,True,False,False,False,True,0.06925233453512192,-0.16987688839435577,0.21966606378555298,0.3037991523742676,0.7116973400115967,0.09999999403953552,0.0846436619758606,-0.02003949135541916,0.02003949135541916,-0.023368272930383682,0.05235529690980911,0.0573294460773468,0.02701532654464245,0.010230672545731068,0.002210787730291486,0.08361893147230148,0.24218764901161194,0.007116973400115967,-0.02278582751750946,0.05021113157272339,0.05513521283864975,0.02853037230670452,2-4deg,0.00-0.04,0.0,0.0,0.0,0.0
61,57,True,False,0.2572340667247772,0.25494828820228577,0.0,0.0,1.9799998998641968,1.230043888092041,0.4149768650531769,-0.5044155716896057,-0.6369274854660034,0.7072293162345886,0.25953489542007446,-0.008693372830748558,0.08629631996154785,0.8690226078033447,0.4449840784072876,0.30740317702293396,0.2086779922246933,>=0.15,True,True,False,True,False,False,False,True,True,0.25953489542007446,-0.6401477456092834,0.30063971877098083,0.4256417751312256,0.4256417751312256,0.0,0.25953489542007446,-0.008693372830748558,0.008693372830748558,-0.007353577297180891,-0.010086963884532452,0.012482330203056335,0.056271228939294815,0.1838294267654419,0.1838294267654419,-0.6401477456092834,0.30063971877098083,0.0042564175091683865,-0.007353577297180891,-0.010086963884532452,0.012482330203056335,0.056271228939294815,0-2deg,0.04-0.08,0.0,0.0,0.0,0.0
62,44,True,True,0.0899953842163086,0.0878782644867897,0.08290134370326996,0.08584000170230865,2.8999998569488525,1.0531041622161865,0.3149862289428711,0.015196018852293491,0.06173907220363617,0.08584000170230865,0.08290134370326996,-0.019985517486929893,-0.0458839051425457,0.7524619698524475,0.29383376240730286,0.0596388503909111,0.060986872762441635,0.05-0.10,False,True,False,True,True,False,False,False,True,0.08029291033744812,-0.15069277584552765,0.18655158579349518,0.21700522303581238,0.43880102038383484,0.07999999821186066,0.08290134370326996,-0.020016511902213097,0.020016511902213097,0.0026130531914532185,0.04059422388672829,0.040678419172763824,0.020926345139741898,0.01812594197690487,0.0003452669770922512,0.06008980795741081,0.06130024790763855,0.004388010129332542,0.0036512394435703754,0.04123065248131752,0.04139181226491928,0.019695473834872246,2-4deg,0.00-0.04,0.0,0.0,0.0,0.0
63,61,True,True,0.0796918198466301,0.07472395896911621,0.07159388065338135,0.1339191496372223,2.7799999713897705,1.0816633701324463,0.23734785616397858,0.008533784188330173,0.031226851046085358,0.1339191496372223,0.07159388065338135,-0.019963331520557404,-0.026933448389172554,0.41000738739967346,0.15485858917236328,0.13022756576538086,0.12657222151756287,0.10-0.15,False,True,False,True,True,False,False,False,True,0.06604115664958954,0.01137001533061266,0.09085270762443542,0.8837974071502686,0.8837974071502686,0.07999999821186066,0.07159388065338135,-0.02020510472357273,0.02020510472357273,0.01774284802377224,0.011846275068819523,0.021334439516067505,0.054001834243535995,0.007751244120299816,0.0005980199784971774,0.0330875962972641,0.1297672837972641,0.008837973698973656,0.01504611223936081,0.010029620490968227,0.01808314025402069,0.05437280237674713,0-2deg,0.04-0.08,0.0,0.0,0.0,0.0
64,63,True,True,0.07897569984197617,0.07215547561645508,0.07079142332077026,0.17968186736106873,2.1599998474121094,0.8964439630508423,0.3170633614063263,0.006414381321519613,-0.004257910419255495,0.17968186736106873,0.07079142332077026,-0.01998167484998703,0.008647304028272629,0.7502871751785278,0.38108354806900024,0.17963141202926636,0.1773478090763092,>=0.15,False,True,False,True,True,False,False,False,True,0.0631018653512001,-0.22253821790218353,0.06283494830131531,0.25823330879211426,0.3658348023891449,0.07999999821186066,0.07079142332077026,-0.020101439207792282,0.020101439207792282,0.008379194885492325,0.0001269257190870121,0.008379419334232807,0.029196375980973244,0.0037505615036934614,0.0,-0.005224261432886124,0.1796059012413025,0.0036583479959517717,0.008420546539127827,-0.0016235467046499252,0.008576280437409878,0.02915606088936329,0-2deg,0.00-0.04,0.0,0.0,0.0,0.0
65,24,True,True,0.05721316114068031,0.05721316114068031,0.0451013408601284,0.19802798330783844,2.240000009536743,1.3179346323013306,0.33905014395713806,-0.026475373655557632,-0.1452227681875229,0.19802798330783844,0.0451013408601284,-0.0197281613945961,0.12006069719791412,0.32382336258888245,0.23951947689056396,0.1346307098865509,0.2474200278520584,>=0.15,False,True,False,True,True,False,False,False,True,0.045803170651197433,-0.1323401927947998,0.17350812256336212,0.025604287162423134,0.04801809415221214,0.05999999865889549,0.0451013408601284,-0.0197281613945961,0.0197281613945961,-0.03741690143942833,0.04919080436229706,0.06179526075720787,0.06308643519878387,0.00859710481017828,0.0055134785361588,-0.13829205930233002,0.1417405754327774,0.0004801809263881296,-0.03950146585702896,0.047786131501197815,0.0619899146258831,0.06259194761514664,2-4deg,0.04-0.08,0.0,0.0,0.0,0.0
66,33,True,True,0.03543587028980255,0.03531896322965622,0.0053886729292571545,0.164296492934227,2.200000047683716,0.8899033665657043,0.26716122031211853,0.013254187069833279,-0.04632238671183586,0.164296492934227,0.0053886729292571545,-0.019977210089564323,0.0584854818880558,0.8528387546539307,0.3897972106933594,0.15763112902641296,0.15953503549098969,>=0.15,False,True,False,True,True,False,False,False,True,0.011492695659399033,-0.44513267278671265,0.07579987496137619,0.10370397567749023,0.34131667017936707,0.09999999403953552,0.0053886729292571545,-0.02000252529978752,0.02000252529978752,0.059129487723112106,0.010695434175431728,0.060087475925683975,0.039096638560295105,0.1716209053993225,0.0,-0.0488416850566864,0.1568688154220581,0.003413166617974639,0.05754450336098671,0.013433373533189297,0.05908961966633797,0.04002469405531883,2-4deg,0.00-0.04,0.0,0.0,0.0,0.0
67,46,True,True,0.1229749396443367,0.10578348487615585,0.11788048595190048,0.2210487276315689,1.6999999284744263,1.0526578426361084,0.4121016561985016,0.016676733270287514,0.07033901661634445,0.2210487276315689,0.11788048595190048,-0.019998112693428993,-0.05125776678323746,0.33736932277679443,0.2578681409358978,0.20955897867679596,0.20977400243282318,>=0.15,False,True,False,True,True,False,False,False,True,0.09998823702335358,0.19159336388111115,0.17760449647903442,1.2434402704238892,1.2434402704238892,0.11999999731779099,0.11788048595190048,-0.020009348168969154,0.020009348168969154,-0.011904004029929638,-0.022064410150051117,0.025069987401366234,0.021850693970918655,0.00960566010326147,0.0,0.0701952576637268,0.20960716903209686,0.012434402480721474,-0.011579392477869987,-0.019864283502101898,0.02299124374985695,0.022615954279899597,0-2deg,0.00-0.04,0.0,0.0,0.0,0.0
68,31,True,False,0.144605353474617,0.144605353474617,0.0,0.0,4.179999828338623,1.0623315572738647,0.2677433490753174,-0.37685608863830566,-0.3472110629081726,0.49680066108703613,0.14028778672218323,-0.019485298544168472,-0.012514930218458176,0.9293074011802673,0.31606996059417725,0.35532429814338684,0.1577574610710144,>=0.15,True,True,False,True,False,False,False,True,True,0.14028778672218323,-0.36848288774490356,0.3332135081291199,0.43816426396369934,0.43816426396369934,0.0,0.14028778672218323,-0.019485298544168472,0.019485298544168472,0.0745348408818245,-0.012463690713047981,0.0755675658583641,0.035195428878068924,0.011693358421325684,0.011693358421325684,-0.36848288774490356,0.3332135081291199,0.004381642676889896,0.0745348408818245,-0.012463690713047981,0.0755675658583641,0.035195428878068924,4-6deg,0.00-0.04,0.0,0.0,0.0,0.0
69,43,True,False,0.1346035897731781,0.1346035897731781,0.0,0.0,2.259999990463257,1.2957580089569092,0.3121543824672699,-0.21419191360473633,-0.38119280338287354,0.4395506978034973,0.13012740015983582,-0.017944976687431335,0.1609891653060913,0.8444474935531616,0.36161571741104126,0.21885351836681366,0.06979212164878845,0.05-0.10,True,True,False,True,False,False,False,True,True,0.13012740015983582,-0.3869069814682007,0.2085852324962616,0.0989670604467392,0.0989670604467392,0.0,0.13012740015983582,-0.017944976687431335,0.017944976687431335,-0.020394248887896538,0.06253308802843094,0.06577048450708389,0.011012053117156029,0.04257618635892868,0.04257618635892868,-0.3869069814682007,0.2085852324962616,0.0009896706324070692,-0.020394248887896538,0.06253308802843094,0.06577048450708389,0.011012053117156029,2-4deg,0.00-0.04,0.0,0.0,0.0,0.0
70,17,True,True,0.07829535752534866,0.0727182924747467,0.07003261148929596,0.21786625683307648,4.259999752044678,1.0636675357818604,0.20151856541633606,0.012681773863732815,0.11977764964103699,0.21786625683307648,0.07003261148929596,-0.020071756094694138,-0.10625334829092026,0.4836569130420685,0.1407250016927719,0.18198633193969727,0.16736295819282532,>=0.15,False,True,False,True,True,False,False,False,True,0.06462536007165909,-0.22732649743556976,0.15181617438793182,0.11984626203775406,0.6168267726898193,0.09999999403953552,0.07003261148929596,-0.020071756094694138,0.020071756094694138,-0.00782155804336071,-0.06045914441347122,0.060962509363889694,0.020277978852391243,0.07766468077898026,0.0019834081176668406,0.11021895706653595,0.18792948126792908,0.00616826768964529,-0.007458637468516827,-0.058822713792324066,0.059293147176504135,0.02162005379796028,2-4deg,0.00-0.04,0.0,0.0,0.0,0.0
71,49,True,True,0.05657107010483742,0.056065138429403305,0.044455863535404205,0.07374146580696106,1.2599999904632568,1.3637710809707642,0.6422163248062134,-0.03850535303354263,0.04703458771109581,0.07374146580696106,0.044455863535404205,-0.02003944106400013,-0.08465757220983505,0.29740145802497864,0.21386876702308655,0.0567939355969429,0.05291770026087761,0.05-0.10,False,True,False,True,True,False,False,False,True,0.04381971061229706,0.0970398560166359,0.13979749381542206,0.9174149632453918,0.9174149632453918,0.05999999865889549,0.044455863535404205,-0.020161235705018044,0.020161235705018044,0.07631692290306091,-0.029875623062253,0.08194584399461746,0.022629061713814735,0.00831515435129404,0.0009765625,0.04459652677178383,0.05872779339551926,0.009174149483442307,0.07544851303100586,-0.029565751552581787,0.08102462440729141,0.02347138337790966,4-6deg,0.00-0.04,0.0,0.0,0.0,0.0
72,59,True,True,0.08767683058977127,0.08634379506111145,0.08040221035480499,0.22464178502559662,4.259999752044678,1.213049054145813,0.32986027002334595,-0.04070069640874863,-0.21800775825977325,0.22464178502559662,0.08040221035480499,-0.019925080239772797,0.17470848560333252,1.833919882774353,0.6166794300079346,0.05418995022773743,0.05453728511929512,0.05-0.10,False,True,False,True,True,False,False,False,True,0.07880289852619171,-0.3524153232574463,0.2274627536535263,0.9234192967414856,0.9234192967414856,0.07999999821186066,0.08040221035480499,-0.020132556557655334,0.020132556557655334,0.002138720592483878,-0.012830880470573902,0.013006165623664856,0.0417289063334465,0.015018262900412083,0.0015440810238942504,-0.2174515277147293,0.05638055130839348,0.009234192781150341,0.004302444402128458,-0.011568544432520866,0.012343071401119232,0.04175447300076485,0-2deg,0.04-0.08,0.0,0.0,0.0,0.0
73,58,True,False,0.2355712205171585,0.2245442271232605,0.0,0.0,2.319999933242798,1.3603129386901855,0.4404890835285187,-0.6255766749382019,-0.7399848699569702,0.8466503620147705,0.23754242062568665,-0.006854408420622349,0.10425293445587158,0.8598863482475281,0.4524618089199066,0.4113869369029999,0.19795098900794983,>=0.15,True,True,False,True,False,False,False,True,True,0.23754242062568665,-0.7308785915374756,0.42735612392425537,0.15109144151210785,0.15109144151210785,0.0,0.23754242062568665,-0.006854408420622349,0.006854408420622349,-0.06646693497896194,-0.005618910770863295,0.0667034387588501,0.03360572084784508,0.19589516520500183,0.19589516520500183,-0.7308785915374756,0.42735612392425537,0.0015109144151210785,-0.06646693497896194,-0.005618910770863295,0.0667034387588501,0.03360572084784508,2-4deg,0.00-0.04,0.0,0.0,0.0,0.0
74,21,True,False,0.16669166088104248,0.16669166088104248,0.0,0.0,1.8399999141693115,1.2145507335662842,0.45642027258872986,-0.4516422152519226,-0.5896140933036804,0.6452146768569946,0.16452878713607788,-0.014227252453565598,0.1064613088965416,0.4101356565952301,0.29404711723327637,0.26202523708343506,0.20081181824207306,>=0.15,True,True,False,True,False,False,False,True,True,0.16452878713607788,-0.5948687791824341,0.24986618757247925,0.27840423583984375,0.27840423583984375,0.0,0.16452878713607788,-0.014227252453565598,0.014227252453565598,0.041127342730760574,0.0009756217477843165,0.041138965636491776,0.06773098558187485,0.08279632031917572,0.08279632031917572,-0.5948687791824341,0.24986618757247925,0.0027840423863381147,0.041127342730760574,0.0009756217477843165,0.041138965636491776,0.06773098558187485,2-4deg,0.04-0.08,0.0,0.0,0.0,0.0
75,32,True,True,0.08006508648395538,0.07423712313175201,0.07199835032224655,0.142652690410614,3.0199999809265137,0.9957094192504883,0.2180050015449524,0.0016891270643100142,0.056010592728853226,0.142652690410614,0.07199835032224655,-0.020035075023770332,-0.05359858274459839,0.8845651149749756,0.31799426674842834,0.1311967968940735,0.1255015730857849,0.10-0.15,False,True,False,True,True,False,False,False,True,0.06576795876026154,-0.10425209999084473,0.1453208178281784,0.6664068698883057,0.6664068698883057,0.07999999821186066,0.07199835032224655,-0.020093215629458427,0.020093215629458427,-0.003296416951343417,-1.2940151918883203e-06,0.0032936385832726955,0.009791506454348564,0.008583227172493935,0.0016558425268158317,0.05643931403756142,0.1310129463672638,0.006664068438112736,-0.003861358156427741,0.00014265802747104317,0.003860204480588436,0.009637486189603806,0-2deg,0.00-0.04,0.0,0.0,0.0,0.0
76,50,True,True,0.0912519246339798,0.08923046290874481,0.08392853289842606,0.17372001707553864,2.259999990463257,0.9602940678596497,0.2868531048297882,0.01152669545263052,-0.1643463671207428,0.17372001707553864,0.08392853289842606,-0.01950054056942463,0.17487764358520508,0.5395494103431702,0.2505522072315216,0.05629313364624977,0.14518149197101593,0.10-0.15,False,True,False,True,True,False,False,False,True,0.08208057284355164,-0.18125277757644653,0.173489049077034,0.05136149749159813,0.06594787538051605,0.05999999865889549,0.08392853289842606,-0.01995193026959896,0.01995193026959896,0.010198191739618778,0.004216776229441166,0.011037804186344147,0.01912747509777546,0.0009134905994869769,0.00854843482375145,-0.16467057168483734,0.05533760413527489,0.0006594787118956447,0.009578047320246696,0.004667061846703291,0.010653089731931686,0.019189951941370964,0-2deg,0.00-0.04,0.0,0.0,0.0,0.0
77,51,True,False,0.14295049011707306,0.14295049011707306,0.0,0.0,2.200000047683716,1.187949299812317,0.409507155418396,-0.46942633390426636,-0.6114649176597595,0.6868112683296204,0.14003285765647888,-0.014509634114801884,0.12052527815103531,0.8126561045646667,0.4284977912902832,0.3127624988555908,0.13572004437446594,0.10-0.15,True,True,False,True,False,False,False,True,True,0.14003285765647888,-0.6123770475387573,0.3109728693962097,0.2653484642505646,0.2653484642505646,0.0,0.14003285765647888,-0.014509634114801884,0.014509634114801884,0.006992014590650797,0.0008539359550923109,0.007042106706649065,0.022185690701007843,0.09274046868085861,0.09274046868085861,-0.6123770475387573,0.3109728693962097,0.0026534846983850002,0.006992014590650797,0.0008539359550923109,0.007042106706649065,0.022185690701007843,0-2deg,0.00-0.04,0.0,0.0,0.0,0.0
78,10,True,True,0.08720772713422775,0.08210650831460953,0.07991378009319305,0.24100135266780853,2.379999876022339,1.1660093069076538,0.38339653611183167,-0.011007226072251797,-0.2112458050251007,0.24100135266780853,0.07991378009319305,-0.019616393372416496,0.20036588609218597,0.6722704172134399,0.2704316973686218,0.11600370705127716,0.11902442574501038,0.10-0.15,False,True,False,True,True,False,False,False,True,0.07419954985380173,-0.16226927936077118,0.07349535822868347,1.0743955373764038,1.0743955373764038,0.07999999821186066,0.07991378009319305,-0.019964830949902534,0.019964830949902534,0.00917414203286171,-0.022301070392131805,0.024114957079291344,0.0016575070330873132,0.001691456069238484,0.007797245867550373,-0.213936910033226,0.1109623983502388,0.01074395515024662,0.00906968954950571,-0.02226048894226551,0.024035725742578506,0.002161148004233837,0-2deg,0.00-0.04,0.0,0.0,0.0,0.0
79,37,True,True,0.07498729974031448,0.06894811987876892,0.06630614399909973,0.182270810008049,1.9399999380111694,0.9280856847763062,0.42254889011383057,0.003388788551092148,-0.12112061679363251,0.182270810008049,0.06630614399909973,-0.020013021305203438,0.12237636744976044,0.7105681896209717,0.3977900743484497,0.13620734214782715,0.12791720032691956,0.10-0.15,False,True,False,True,True,False,False,False,True,0.05903826653957367,-0.46265360713005066,0.17778293788433075,0.13893020153045654,0.38977324962615967,0.07999999821186066,0.06630614399909973,-0.020013021305203438,0.020013021305203438,-0.002846740884706378,-0.003578582778573036,0.0045674568973481655,0.03396620601415634,0.03494545444846153,0.001091830083169043,-0.12191559374332428,0.13549624383449554,0.0038977323565632105,-0.004882499575614929,-0.003531418275088072,0.006029837764799595,0.03390500694513321,0-2deg,0.00-0.04,0.0,0.0,0.0,0.0
80,41,True,True,0.04706268385052681,0.04020680487155914,0.03145543113350868,0.18845485150814056,2.8999998569488525,0.9842316508293152,0.2924589514732361,0.005441068671643734,-0.02072911709547043,0.18845485150814056,0.03145543113350868,-0.019993213936686516,0.026757147163152695,0.5712235569953918,0.3052721619606018,0.1873113363981247,0.19023656845092773,>=0.15,False,True,False,True,True,False,False,False,True,0.019643021747469902,-0.007921366021037102,0.056235287338495255,0.8605924844741821,0.8605924844741821,0.09999999403953552,0.03145543113350868,-0.019993213936686516,0.019993213936686516,-0.021839739754796028,-0.023061860352754593,0.03176026791334152,0.019515275955200195,0.004501734394580126,0.0,-0.02014145813882351,0.18737544119358063,0.008605924434959888,-0.02129231207072735,-0.02450345642864704,0.03246019408106804,0.019052669405937195,0-2deg,0.00-0.04,0.0,0.0,0.0,0.0
81,22,True,True,0.07829581946134567,0.07527424395084381,0.07005755603313446,0.1785135567188263,4.599999904632568,1.3655600547790527,0.2512061893939972,0.004176246002316475,0.0840708389878273,0.1785135567188263,0.07005755603313446,-0.020068064332008362,-0.07874877005815506,0.49913719296455383,0.287771612405777,0.15747755765914917,0.16084575653076172,>=0.15,False,True,False,True,True,False,False,False,True,0.08812961727380753,-0.07824719697237015,0.0636710524559021,0.09136804193258286,0.7313633561134338,0.5399999618530273,0.07005755603313446,-0.020135771483182907,0.020135771483182907,0.05390512943267822,-0.08317591995000839,0.09908220916986465,0.018150318413972855,0.08625020831823349,0.0026294756680727005,0.099137082695961,0.14845514297485352,0.0073136333376169205,0.05599367618560791,-0.08647876232862473,0.1029854565858841,0.004544541239738464,4-6deg,0.00-0.04,0.0,0.0,0.0,0.0
82,45,True,True,0.076835498213768,0.06665553897619247,0.06841328740119934,0.22574251890182495,4.679999828338623,1.0030808448791504,0.2080969512462616,0.0031994881574064493,0.08834867179393768,0.22574251890182495,0.06841328740119934,-0.020074427127838135,-0.08335650712251663,0.8075175285339355,0.20663820207118988,0.20773588120937347,0.21144290268421173,>=0.15,False,True,False,True,True,False,False,False,True,0.055541813373565674,-0.21809877455234528,0.04059182479977608,0.11592721939086914,0.5369355082511902,0.11999999731779099,0.06841328740119934,-0.020074427127838135,0.020074427127838135,-0.0015662674559280276,-0.07720103114843369,0.07721705734729767,0.013229280710220337,0.09496777504682541,0.0018593198619782925,0.07451515644788742,0.21308958530426025,0.005369354970753193,-0.0016978845233097672,-0.07568733394145966,0.07570639252662659,0.01714857667684555,4-6deg,0.00-0.04,0.0,0.0,0.0,0.0
83,6,True,True,0.11717846244573593,0.10972099751234055,0.111839659512043,0.11937352269887924,2.0999999046325684,1.1144965887069702,0.36773571372032166,0.007265577558428049,0.009639644995331764,0.11937352269887924,0.111839659512043,-0.019974034279584885,-0.002725922968238592,0.8201370239257812,0.40695223212242126,0.1189836710691452,0.11050167679786682,0.10-0.15,False,True,False,True,True,False,False,False,True,0.10582247376441956,-0.3961646556854248,0.12643516063690186,0.4267503619194031,1.4521011114120483,0.09999999403953552,0.111839659512043,-0.020012488588690758,0.020012488588690758,0.0022771861404180527,-0.0016169188311323524,0.0027836323715746403,0.014687473885715008,0.10854019969701767,0.00048828125,0.009892519563436508,0.11896292120218277,0.014521011151373386,0.0011172658996656537,-0.0018109343945980072,0.0021283691748976707,0.014709594659507275,0-2deg,0.00-0.04,0.0,0.0,0.0,0.0
84,12,True,False,0.2740307152271271,0.12132522463798523,0.0,0.0,2.799999952316284,1.2835602760314941,0.30686071515083313,0.0663907378911972,-0.03864959627389908,0.20098493993282318,0.27234694361686707,-0.018838753923773766,0.10102064907550812,0.4097431004047394,0.19417531788349152,0.19723375141620636,0.15705500543117523,>=0.15,True,True,False,True,False,False,False,True,True,0.11615459620952606,-0.0310777947306633,0.2192288339138031,1.4524651765823364,1.4524651765823364,0.0,0.27234694361686707,-0.02003180794417858,0.02003180794417858,-0.017811916768550873,0.04184306412935257,0.04547441378235817,0.047559965401887894,0.0012918708380311728,0.022675354033708572,-0.03412504866719246,0.19806671142578125,0.014524651691317558,-0.05500692129135132,0.04492102190852165,0.07100402563810349,0.014857770875096321,2-4deg,0.04-0.08,0.0,0.0,0.0,0.0
85,23,True,True,0.0879528746008873,0.0795494019985199,0.08067630231380463,0.20203986763954163,1.0799999237060547,1.1117658615112305,0.5263928771018982,-0.028650488704442978,-0.13115188479423523,0.20203986763954163,0.08067630231380463,-0.01997463032603264,0.10837385058403015,0.3254011869430542,0.21596159040927887,0.15368570387363434,0.15507736802101135,>=0.15,False,True,False,True,True,False,False,False,True,0.07215991616249084,-0.45969071984291077,0.12734036147594452,0.13751065731048584,0.6886930465698242,0.09999999403953552,0.08067630231380463,-0.020006118342280388,0.020006118342280388,0.08212415128946304,0.02412961609661579,0.08558826893568039,0.059391409158706665,0.08604931086301804,0.0006905339541845024,-0.12805745005607605,0.1562734693288803,0.006886930204927921,0.08212720602750778,0.028809670358896255,0.08702308684587479,0.05765079706907272,4-6deg,0.04-0.08,0.0,0.0,0.0,0.0
86,28,True,True,0.09435856342315674,0.09435856342315674,0.08757336437702179,0.2424653023481369,1.1999999284744263,1.1527973413467407,0.6448830366134644,-0.028797047212719917,0.05788291245698929,0.2424653023481369,0.08757336437702179,-0.0200516264885664,-0.08424144238233566,0.5944979190826416,0.3017320930957794,0.23545487225055695,0.2154475599527359,>=0.15,False,True,False,True,True,False,False,False,True,0.09893383830785751,-0.4726852476596832,0.33481913805007935,0.20396755635738373,1.5743130445480347,0.09999999403953552,0.08757336437702179,-0.020195160061120987,0.020195160061120987,-0.012272128835320473,0.024058928713202477,0.027006791904568672,0.06199072673916817,0.11612065881490707,0.002156191971153021,0.05120385065674782,0.23699702322483063,0.015743130818009377,-0.012502443045377731,0.028950272127985954,0.03153422102332115,0.060382138937711716,0-2deg,0.04-0.08,0.0,0.0,0.0,0.0
87,3,True,True,0.10485151410102844,0.09700693935155869,0.0988326445221901,0.24001947045326233,2.059999942779541,0.8826301693916321,0.31677019596099854,-0.01567906327545643,-0.1376035362482071,0.24001947045326233,0.0988326445221901,-0.020016644150018692,0.12316936999559402,0.6357635259628296,0.38016676902770996,0.19665862619876862,0.19616727530956268,>=0.15,False,True,False,True,True,False,False,False,True,0.09060361236333847,-0.3804168701171875,0.16333791613578796,0.45111674070358276,0.45111674070358276,0.07999999821186066,0.0988326445221901,-0.020067408680915833,0.020067408680915833,0.021253610029816628,-0.03081708587706089,0.03743301331996918,0.022756146267056465,0.010392525233328342,0.0005980199784971774,-0.13219577074050903,0.20033380389213562,0.004511167295277119,0.02072523534297943,-0.03206248953938484,0.0381757952272892,0.0223400816321373,2-4deg,0.00-0.04,0.0,0.0,0.0,0.0
88,38,True,True,0.0705403983592987,0.06499922275543213,0.061240024864673615,0.1725451946258545,3.0,1.0357420444488525,0.25702399015426636,0.006953645031899214,-0.053142111748456955,0.1725451946258545,0.061240024864673615,-0.02000134065747261,0.05956493690609932,0.5609183311462402,0.23512138426303864,0.16415773332118988,0.16182564198970795,>=0.15,False,True,False,True,True,False,False,False,True,0.057884711772203445,-0.052580367773771286,0.23743370175361633,0.20531216263771057,0.2737528383731842,0.05999999865889549,0.061240024864673615,-0.02000134065747261,0.02000134065747261,0.017357973381876945,-0.05520971119403839,0.05787095054984093,0.024316392838954926,0.0012448779307305813,0.0006905339541845024,-0.05204471945762634,0.16450893878936768,0.0027375284116715193,0.018131034448742867,-0.054600540548563004,0.05752987042069435,0.02490878291428089,2-4deg,0.00-0.04,0.0,0.0,0.0,0.0
89,25,True,True,0.11262395232915878,0.10441699624061584,0.10704313218593597,0.23730196058750153,2.740000009536743,1.152854561805725,0.3077484965324402,-0.020150575786828995,-0.16724029183387756,0.23730196058750153,0.10704313218593597,-0.020025180652737617,0.14885680377483368,1.3082263469696045,0.483649879693985,0.16835349798202515,0.1700386255979538,>=0.15,False,True,False,True,True,False,False,False,True,0.09837321937084198,-0.0709652379155159,0.21090076863765717,1.4176921844482422,1.4176921844482422,0.07999999821186066,0.10704313218593597,-0.020025180652737617,0.020025180652737617,-0.04844679310917854,0.002187037840485573,0.04849602282047272,0.03681495413184166,0.0032936385832726955,0.0009765625,-0.16582025587558746,0.1697523593902588,0.014176921918988228,-0.049116142094135284,0.004273284692317247,0.049302056431770325,0.03623068705201149,2-4deg,0.00-0.04,0.0,0.0,0.0,0.0
90,42,True,True,0.05095455050468445,0.05095455050468445,0.03732220083475113,0.25732600688934326,2.4600000381469727,1.1002730131149292,0.39757388830184937,-0.06940958648920059,0.05952860414981842,0.25732600688934326,0.03732220083475113,-0.020144211128354073,-0.12778177857398987,0.7902683019638062,0.4015202522277832,0.25034579634666443,0.2349274605512619,>=0.15,False,True,False,True,True,False,False,False,True,0.085208460688591,0.07762541621923447,0.06454122811555862,1.5793746709823608,1.5793746709823608,0.3799999952316284,0.03732220083475113,-0.020144211128354073,0.020144211128354073,0.013110678642988205,0.01369323767721653,0.018958553671836853,0.037050917744636536,0.00941133126616478,0.004488474689424038,0.06067921593785286,0.25006937980651855,0.01579374633729458,0.019015956670045853,0.0019510209094733,0.019115112721920013,0.03579738736152649,0-2deg,0.00-0.04,0.0,0.0,0.0,0.0
91,16,True,False,0.08598140627145767,0.08598140627145767,0.0,0.0,1.8399999141693115,1.5618337392807007,0.4748989939689636,0.24681170284748077,0.319263756275177,0.7375586628913879,0.07760090380907059,-0.020080819725990295,-0.07913784682750702,0.9198971390724182,0.3825298249721527,0.6648784875869751,0.12265314906835556,0.10-0.15,True,True,False,True,False,True,False,False,True,0.07760090380907059,0.29913419485092163,0.6741746664047241,3.914456844329834,3.914456844329834,0.0,0.07760090380907059,-0.020080819725990295,0.020080819725990295,0.007190849632024765,0.029543926939368248,0.03040623664855957,0.03232020139694214,0.02907734364271164,0.02907734364271164,0.29913419485092163,0.6741746664047241,0.039144568145275116,0.007190849632024765,0.029543926939368248,0.03040623664855957,0.03232020139694214,0-2deg,0.00-0.04,0.0,0.0,0.0,0.0
92,54,True,True,0.03815204277634621,0.03576793521642685,0.015233633108437061,0.1759444922208786,3.0799999237060547,0.9908990859985352,0.2880224883556366,0.01339202094823122,0.026284415274858475,0.1759444922208786,0.015233633108437061,-0.02000507339835167,-0.01338118501007557,0.6522783041000366,0.2706632614135742,0.17397010326385498,0.18227562308311462,>=0.15,False,True,False,True,True,False,False,False,True,0.0028980812057852745,-0.3575795292854309,0.15601810812950134,0.025975534692406654,0.34235528111457825,0.09999999403953552,0.015233633108437061,-0.02000507339835167,0.02000507339835167,-0.06486038118600845,-0.05606414005160332,0.08570672571659088,0.04504413157701492,0.10100149363279343,0.0011451211757957935,0.025298144668340683,0.17411625385284424,0.0034235527273267508,-0.06505070626735687,-0.05233036354184151,0.08346389979124069,0.04846292734146118,4-6deg,0.04-0.08,0.0,0.0,0.0,0.0
93,36,True,True,0.11973114311695099,0.11145348101854324,0.114491306245327,0.2040099799633026,4.980000019073486,1.0735410451889038,0.18241503834724426,-0.0033418722450733185,-0.10237842798233032,0.2040099799633026,0.114491306245327,-0.02002030424773693,0.10078854858875275,0.6591280698776245,0.21073006093502045,0.17646168172359467,0.17132847011089325,>=0.15,False,True,False,True,True,False,False,False,True,0.10582775622606277,-0.029853057116270065,0.21012865006923676,1.2335833311080933,1.2335833311080933,0.07999999821186066,0.114491306245327,-0.020029248669743538,0.020029248669743538,0.0032426081597805023,0.05188959091901779,0.051991187036037445,0.04944947734475136,0.005050825886428356,0.0009765625,-0.11085658520460129,0.17126262187957764,0.01233583316206932,0.004427746869623661,0.049130767583847046,0.04932986944913864,0.050624098628759384,2-4deg,0.04-0.08,0.0,0.0,0.0,0.0
94,27,True,True,0.10285750776529312,0.09830489754676819,0.09671934694051743,0.2002590149641037,2.2200000286102295,1.103580117225647,0.3075682818889618,0.007871417328715324,0.018235160037875175,0.2002590149641037,0.09671934694051743,-0.01999179646372795,-0.004648952279239893,1.0499615669250488,0.4238787591457367,0.1994270533323288,0.20206092298030853,>=0.15,False,True,False,True,True,False,False,False,True,0.09414960443973541,-0.432964563369751,0.14406733214855194,0.09409730136394501,1.0749846696853638,0.09999999403953552,0.09671934694051743,-0.020240038633346558,0.020240038633346558,0.01632758602499962,0.02023208700120449,0.02599683590233326,0.0641983300447464,0.08123496919870377,0.0003452669770922512,0.01351067703217268,0.19980274140834808,0.010749846696853638,0.012890818528831005,0.02402346581220627,0.0272638201713562,0.0637071281671524,0-2deg,0.04-0.08,0.0,0.0,0.0,0.0
95,39,True,True,0.08529932051897049,0.08064567297697067,0.07776754349470139,0.15289491415023804,2.2200000286102295,0.9339373111724854,0.36695587635040283,0.013186001218855381,-0.10481519997119904,0.15289491415023804,0.07776754349470139,-0.019991131499409676,0.1175202876329422,1.2721266746520996,0.5686022639274597,0.11131320893764496,0.1067117378115654,0.10-0.15,False,True,False,True,True,False,False,False,True,0.07335490733385086,-0.15141314268112183,0.0981467068195343,1.1944563388824463,1.1944563388824463,0.07999999821186066,0.07776754349470139,-0.02026539109647274,0.02026539109647274,-0.035235702991485596,-0.053507767617702484,0.06405774503946304,0.02011573687195778,0.017530813813209534,0.0009765625,-0.11121886968612671,0.10491529852151871,0.011944563128054142,-0.03642117977142334,-0.05343380570411682,0.06465645879507065,0.019488928839564323,2-4deg,0.00-0.04,0.0,0.0,0.0,0.0
96,55,True,True,0.05375974625349045,0.05375974625349045,0.04080042988061905,0.10230859369039536,2.919999837875366,1.064308762550354,0.26257848739624023,-0.011076810769736767,0.08547820150852203,0.10230859369039536,0.04080042988061905,-0.020087195560336113,-0.09640976786613464,0.49242353439331055,0.1882140040397644,0.05621853843331337,0.042143892496824265,0.00-0.05,False,True,False,True,True,False,False,False,True,0.0469396598637104,-0.20002034306526184,0.2483402043581009,0.12845483422279358,0.713530421257019,0.1599999964237213,0.04080042988061905,-0.020291347056627274,0.020291347056627274,0.0015889453934505582,-0.0048362333327531815,0.005086105782538652,0.025031518191099167,0.045950502157211304,0.0024657000321894884,0.08551876246929169,0.05615682899951935,0.007135304156690836,-6.632581789745018e-05,-0.0017351466231048107,0.00172633514739573,0.02516154572367668,0-2deg,0.00-0.04,0.0,0.0,0.0,0.0
97,15,True,True,0.07554344087839127,0.07009945064783096,0.06690241396427155,0.24389080703258514,2.0199999809265137,1.0723499059677124,0.4485589265823364,-0.02790011465549469,-0.1579544097185135,0.24389080703258514,0.06690241396427155,-0.019896207377314568,0.13401973247528076,0.457040935754776,0.27151578664779663,0.18583090603351593,0.18159183859825134,>=0.15,False,True,False,True,True,False,False,False,True,0.05965887010097504,-0.4845503866672516,0.16987460851669312,0.20250079035758972,0.20250079035758972,0.07999999821186066,0.06690241396427155,-0.01998721994459629,0.01998721994459629,0.06255041807889938,-0.036944832652807236,0.07263375073671341,0.03948792442679405,0.06499046087265015,0.002156191971153021,-0.16865718364715576,0.17617455124855042,0.0020250079687684774,0.06426362693309784,-0.035296980291604996,0.07330740988254547,0.03975847363471985,4-6deg,0.00-0.04,0.0,0.0,0.0,0.0
98,62,True,True,0.08764906972646713,0.07806915789842606,0.0803670734167099,0.239993155002594,2.0999999046325684,0.8901012539863586,0.2996891140937805,0.0018346919678151608,-0.03484915569424629,0.239993155002594,0.0803670734167099,-0.01999490149319172,0.035136692225933075,0.7433281540870667,0.3780830502510071,0.23744948208332062,0.2373986840248108,>=0.15,False,True,False,True,True,False,False,False,True,0.07213273644447327,-0.05162794515490532,0.11367549002170563,0.08477439731359482,0.18187552690505981,0.05999999865889549,0.0803670734167099,-0.01999490149319172,0.01999490149319172,0.0011177241103723645,0.019298259168863297,0.01932908594608307,0.020940182730555534,0.0011451211757957935,0.0003452669770922512,-0.03161777928471565,0.23790130019187927,0.0018187551759183407,0.0010648013558238745,0.018454214558005333,0.018484143540263176,0.021341597661376,0-2deg,0.00-0.04,0.0,0.0,0.0,0.0
99,4,True,True,0.10567723214626312,0.09279527515172958,0.09967336803674698,0.210519939661026,5.339999675750732,0.9895090460777283,0.17541438341140747,0.00327368825674057,0.0669102668762207,0.210519939661026,0.09967336803674698,-0.020031634718179703,-0.06292720139026642,0.5123865008354187,0.16257953643798828,0.19960375130176544,0.20815837383270264,>=0.15,False,True,False,True,True,False,False,False,True,0.08608344197273254,0.07580552250146866,0.16842317581176758,1.013225793838501,1.013225793838501,0.09999999403953552,0.09967336803674698,-0.020149320363998413,0.020149320363998413,-0.004490281920880079,-0.009890320710837841,0.010863625444471836,0.028233099728822708,0.007804886903613806,0.0017605233006179333,0.0653294250369072,0.2001267373561859,0.0101322578266263,-0.004231756553053856,-0.012121753767132759,0.012840121984481812,0.02791486494243145,0-2deg,0.00-0.04,0.0,0.0,0.0,0.0
100,13,True,True,0.06613312661647797,0.06037803366780281,0.05613462254405022,0.1790010929107666,3.2799999713897705,1.0275059938430786,0.21795296669006348,0.012422914616763592,0.07441060245037079,0.1790010929107666,0.05613462254405022,-0.020026717334985733,-0.06193086877465248,0.5376024842262268,0.24450157582759857,0.16280187666416168,0.13176582753658295,0.10-0.15,False,True,False,True,True,False,False,False,True,0.04912938177585602,0.15643005073070526,0.10903865844011307,0.941204309463501,0.941204309463501,0.14000000059604645,0.05613462254405022,-0.020114291459321976,0.020114291459321976,-0.0631246268749237,-0.0016183217521756887,0.06314527988433838,0.024609137326478958,0.005258955992758274,0.00048828125,0.07947268337011337,0.1603916585445404,0.009412042796611786,-0.06005547195672989,-0.0014307729434221983,0.06007258966565132,0.026622168719768524,2-4deg,0.00-0.04,0.0,0.0,0.0,0.0
101,8,True,True,0.05349345505237579,0.05349345505237579,0.040471650660037994,0.1547660380601883,2.5199999809265137,0.823162853717804,0.27369996905326843,-0.04717439040541649,0.042279232293367386,0.1547660380601883,0.040471650660037994,-0.020104695111513138,-0.0929379090666771,0.6058302521705627,0.33610427379608154,0.14887912571430206,0.1314946562051773,0.10-0.15,False,True,False,True,True,False,False,False,True,0.06447616219520569,0.19649402797222137,0.09107861667871475,1.437709927558899,1.437709927558899,0.29999998211860657,0.040471650660037994,-0.020128142088651657,0.020128142088651657,0.07125792652368546,-0.020170725882053375,0.07405314594507217,0.03317907452583313,0.005074373446404934,0.002441406948491931,0.05225064605474472,0.14567908644676208,0.01437709853053093,0.07501270622015,-0.012296249158680439,0.07601233571767807,0.029937738552689552,4-6deg,0.00-0.04,0.0,0.0,0.0,0.0
102,14,True,True,0.09710884839296341,0.09478073567152023,0.09057360142469406,0.13472139835357666,3.3399999141693115,1.0820841789245605,0.2576477527618408,0.023550471290946007,0.06242036819458008,0.13472139835357666,0.09057360142469406,-0.019993634894490242,-0.03820196911692619,0.7299041748046875,0.263957142829895,0.11938824504613876,0.10895092785358429,0.10-0.15,False,True,False,True,True,False,False,False,True,0.08870919048786163,-0.11345048993825912,0.1525348275899887,0.0916709452867508,0.6580109000205994,0.07999999821186066,0.09057360142469406,-0.020127618685364723,0.020127618685364723,-0.019412893801927567,0.021013852208852768,0.028608174994587898,0.015279929153621197,0.03515806049108505,0.001091830083169043,0.06346142292022705,0.11883813887834549,0.006580108776688576,-0.018845943734049797,0.02027158811688423,0.027678290382027626,0.01585085690021515,0-2deg,0.00-0.04,0.0,0.0,0.0,0.0
103,1,True,True,0.12031496316194534,0.0970829576253891,0.11510767042636871,0.14451442658901215,5.519999980926514,1.0577354431152344,0.2429274618625641,0.01444169133901596,0.08105078339576721,0.14451442658901215,0.11510767042636871,-0.01997450925409794,-0.06266665458679199,1.0335532426834106,0.2600436806678772,0.1196461021900177,0.11633851379156113,0.10-0.15,False,True,False,True,True,False,False,False,True,0.0905844047665596,0.19386419653892517,0.1802351176738739,1.2432873249053955,1.2432873249053955,0.3400000035762787,0.11510767042636871,-0.020069235935807228,0.020069235935807228,0.05169118195772171,-0.006031034979969263,0.05204162746667862,0.01908237859606743,0.004746641032397747,0.0,0.07819903641939163,0.12152913957834244,0.012432873249053955,0.044523950666189194,-0.006490617990493774,0.04499461501836777,0.02566675841808319,2-4deg,0.00-0.04,0.0,0.0,0.0,0.0
104,56,True,True,0.11886085569858551,0.09433281421661377,0.1137545257806778,0.09525614976882935,5.539999961853027,1.049541711807251,0.21139781177043915,-0.07687639445066452,0.03045138716697693,0.09525614976882935,0.1137545257806778,-0.019111713394522667,-0.10493259131908417,0.6448639035224915,0.1990758180618286,0.0902576744556427,0.14289380609989166,0.10-0.15,False,True,False,True,True,False,False,False,True,0.088251493871212,-0.25348159670829773,0.29389041662216187,0.23551107943058014,1.210418939590454,0.29999998211860657,0.1137545257806778,-0.02010875754058361,0.02010875754058361,0.02223987691104412,-0.04383719339966774,0.04915306717157364,0.011042010970413685,0.030850011855363846,0.012662489898502827,0.0349656343460083,0.08860664814710617,0.012104189023375511,0.02109532617032528,-0.046258825808763504,0.05083834379911423,0.008523759432137012,2-4deg,0.00-0.04,0.0,0.0,0.0,0.0
105,26,True,False,0.13554784655570984,0.13554784655570984,0.0,0.0,2.9600000381469727,0.9991443157196045,0.3212873935699463,-0.34622472524642944,-0.24568721652030945,0.32111984491348267,0.13102853298187256,-0.01989075541496277,-0.07998821884393692,0.705824613571167,0.32408952713012695,0.20677462220191956,0.23281925916671753,>=0.15,True,True,False,True,False,False,False,True,True,0.13102853298187256,-0.25823208689689636,0.190877303481102,0.268169105052948,0.268169105052948,0.0,0.13102853298187256,-0.01989075541496277,0.01989075541496277,0.05973378196358681,-0.022045696154236794,0.06366734951734543,0.034755341708660126,0.003921481315046549,0.003921481315046549,-0.25823208689689636,0.190877303481102,0.0026816909667104483,0.05973378196358681,-0.022045696154236794,0.06366734951734543,0.034755341708660126,2-4deg,0.00-0.04,0.0,0.0,0.0,0.0
106,11,True,False,0.24367012083530426,0.08752856403589249,0.0,0.0,3.1599998474121094,1.017886757850647,0.2609931230545044,0.00499624852091074,0.02057666890323162,0.16108399629592896,0.2411462515592575,-0.019992144778370857,-0.0157735925167799,0.7047364115715027,0.27742087841033936,0.1597643792629242,0.15930932760238647,>=0.15,True,True,False,True,False,False,False,True,True,0.08032702654600143,-0.01911725290119648,0.10101345181465149,0.4084918797016144,0.7889848351478577,0.0,0.2411462515592575,-0.02019938826560974,0.02019938826560974,-0.012394915334880352,0.01290022861212492,0.01789093390107155,0.007423233240842819,0.0032754915300756693,0.0003452669770922512,0.019258426502346992,0.15992863476276398,0.007889848202466965,-0.012823078781366348,0.0035273374523967505,0.013300721533596516,0.010227970778942108,0-2deg,0.00-0.04,0.0,0.0,0.0,0.0
107,45,True,False,0.23407714068889618,0.23091816902160645,0.0,0.0,1.0199999809265137,1.4570642709732056,0.9463987946510315,-0.44934722781181335,-0.39950090646743774,0.4358477294445038,0.2333252876996994,-0.01636839285492897,-0.09276755154132843,0.4482124447822571,0.25459903478622437,0.17424771189689636,0.22149953246116638,>=0.15,True,True,False,True,False,False,False,True,True,0.2333252876996994,-0.38744911551475525,0.1996157169342041,0.5378226041793823,0.5378226041793823,0.0,0.2333252876996994,-0.01636839285492897,0.01636839285492897,0.03114347718656063,-0.05824855715036392,0.06604290008544922,0.035134170204401016,0.0702480673789978,0.0702480673789978,-0.38744911551475525,0.1996157169342041,0.005378225818276405,0.03114347718656063,-0.05824855715036392,0.06604290008544922,0.035134170204401016,2-4deg,0.00-0.04,0.0,0.0,0.0,0.0
108,2,True,True,0.10337325185537338,0.09115629643201828,0.09726335853338242,0.17688065767288208,5.739999771118164,1.0641347169876099,0.15133783221244812,0.017099929973483086,0.09711075574159622,0.17688065767288208,0.09726335853338242,-0.019983284175395966,-0.07923763990402222,0.5707089304924011,0.1397862434387207,0.14783865213394165,0.15349459648132324,>=0.15,False,True,False,True,True,False,False,False,True,0.08403945714235306,-0.22856009006500244,0.1117677241563797,0.2416624277830124,0.7254183292388916,0.1599999964237213,0.09726335853338242,-0.02005363442003727,0.02005363442003727,0.03231783211231232,0.024894192814826965,0.04079112038016319,0.0074660382233560085,0.005756759084761143,0.0003452669770922512,0.09118526428937912,0.15156520903110504,0.007254183292388916,0.031302742660045624,0.02429870329797268,0.03962413966655731,0.009341097436845303,2-4deg,0.00-0.04,0.0,0.0,0.0,0.0
109,47,True,True,0.04194333031773567,0.04194333031773567,0.023108769208192825,0.11592971533536911,1.8600000143051147,1.025846004486084,0.24916109442710876,0.00899205356836319,-0.09855819493532181,0.11592971533536911,0.023108769208192825,-0.02001311257481575,0.10839902609586716,0.8868684768676758,0.42853739857673645,0.06104080751538277,0.061236292123794556,0.05-0.10,False,True,False,True,True,False,False,False,True,0.02610030025243759,-0.08522506803274155,0.18499431014060974,1.27970290184021,1.27970290184021,0.07999999821186066,0.023108769208192825,-0.020096555352211,0.020096555352211,0.046033650636672974,0.04002797603607178,0.06099380925297737,0.030142441391944885,0.018331950530409813,0.0009134905994869769,-0.10078954696655273,0.05728146806359291,0.012797028757631779,0.04770701378583908,0.03938906639814377,0.06185699626803398,0.029570601880550385,2-4deg,0.00-0.04,0.0,0.0,0.0,0.0
110,19,True,True,0.10543372482061386,0.09342053532600403,0.09946604073047638,0.27892428636550903,2.819999933242798,1.0249067544937134,0.3082931339740753,0.0004918166669085622,-0.10400828719139099,0.27892428636550903,0.09946604073047638,-0.02001568116247654,0.10034675896167755,0.535567045211792,0.23449985682964325,0.2588069438934326,0.2531067728996277,>=0.15,False,True,False,True,True,False,False,False,True,0.08650872111320496,-0.40181341767311096,0.1961635947227478,0.18949858844280243,0.2296159863471985,0.07999999821186066,0.09946604073047638,-0.02001568116247654,0.02001568116247654,-0.032797083258628845,-0.050530046224594116,0.060233209282159805,0.0637378841638565,0.014260943047702312,0.0009134905994869769,-0.09961641579866409,0.26052892208099365,0.00229615974240005,-0.030767258256673813,-0.04718514531850815,0.056324075907468796,0.06664886325597763,2-4deg,0.04-0.08,0.0,0.0,0.0,0.0
111,12,True,False,0.25848644971847534,0.25848644971847534,0.0,0.0,1.159999966621399,1.4913593530654907,0.8676819801330566,-0.5504946112632751,-0.6237127780914307,0.7668622136116028,0.2596498131752014,-0.01124823372811079,0.028279375284910202,0.49888721108436584,0.25373315811157227,0.4461614191532135,0.06537801027297974,0.05-0.10,True,True,False,True,False,False,False,True,True,0.2596498131752014,-0.6239779591560364,0.445790559053421,0.3629927933216095,0.3629927933216095,0.0,0.2596498131752014,-0.01124823372811079,0.01124823372811079,0.0392279289662838,0.002323657739907503,0.03929628059267998,0.023448150604963303,0.15118949115276337,0.15118949115276337,-0.6239779591560364,0.445790559053421,0.003629927756264806,0.0392279289662838,0.002323657739907503,0.03929628059267998,0.023448150604963303,2-4deg,0.00-0.04,0.0,0.0,0.0,0.0
112,18,True,True,0.06912888586521149,0.05740727484226227,0.059629034250974655,0.2523699998855591,3.6599998474121094,0.9805240631103516,0.2893975079059601,0.010837838053703308,-0.06240137293934822,0.2523699998855591,0.059629034250974655,-0.020002787932753563,0.07143000513315201,0.632767379283905,0.31520992517471313,0.24453359842300415,0.24292996525764465,>=0.15,False,True,False,True,True,False,False,False,True,0.04559582844376564,-0.009165875613689423,0.10200656205415726,0.7911033630371094,0.7911033630371094,0.07999999821186066,0.059629034250974655,-0.020015107467770576,0.020015107467770576,-0.000792628969065845,-0.010340145789086819,0.010369558818638325,0.03622130677103996,0.003734635654836893,0.0007720404537394643,-0.06111569330096245,0.24485808610916138,0.007911032997071743,-0.000259674183325842,-0.008223225362598896,0.008228684775531292,0.036532070487737656,0-2deg,0.00-0.04,0.0,0.0,0.0,0.0
113,49,True,False,0.13582190871238708,0.13582190871238708,0.0,0.0,1.5999999046325684,1.0074228048324585,0.4487312436103821,-0.21457450091838837,-0.1573512852191925,0.16572251915931702,0.13199718296527863,-0.015780769288539886,-0.05297106131911278,0.4105898439884186,0.26315003633499146,0.05200507491827011,0.12289050221443176,0.10-0.15,True,True,False,True,False,False,False,True,True,0.13199718296527863,-0.1546400934457779,0.05958520248532295,0.0646669864654541,0.0646669864654541,0.0,0.13199718296527863,-0.015780769288539886,0.015780769288539886,-0.049785420298576355,0.024864744395017624,0.05564446747303009,0.049043722450733185,0.07548778504133224,0.07548778504133224,-0.1546400934457779,0.05958520248532295,0.0006466698250733316,-0.049785420298576355,0.024864744395017624,0.05564446747303009,0.049043722450733185,2-4deg,0.04-0.08,0.0,0.0,0.0,0.0
114,63,True,True,0.11450254917144775,0.09900559484958649,0.10911963135004044,0.2695910632610321,1.7999999523162842,0.9523290395736694,0.3422505557537079,-0.008335654623806477,-0.17410385608673096,0.2695910632610321,0.10911963135004044,-0.019569031894207,0.1609651744365692,0.7747063040733337,0.3993261158466339,0.20583294332027435,0.20571503043174744,>=0.15,False,True,False,True,True,False,False,False,True,0.09254640340805054,-0.06769575923681259,0.18752004206180573,1.5888864994049072,1.5888864994049072,0.09999999403953552,0.10911963135004044,-0.020033061504364014,0.020033061504364014,-0.06007164344191551,-0.02716078795492649,0.06591995805501938,0.04326608404517174,0.0063757747411727905,0.008499485440552235,-0.18541264533996582,0.19570770859718323,0.015888864174485207,-0.06269725412130356,-0.02924162521958351,0.06917327642440796,0.0404665544629097,2-4deg,0.04-0.08,0.0,0.0,0.0,0.0
115,15,True,False,0.14676053822040558,0.1311851292848587,0.0,0.0,0.9399999976158142,1.0558539628982544,0.7209669351577759,-0.7744766473770142,-0.7265631556510925,0.7548398375511169,0.14268793165683746,-0.01917993277311325,-0.021639879792928696,0.6851918697357178,0.30016621947288513,0.20466844737529755,0.06888251006603241,0.05-0.10,True,True,False,True,False,False,False,True,True,0.14268793165683746,-0.7080074548721313,0.261741578578949,0.27462151646614075,0.27462151646614075,0.0,0.14268793165683746,-0.01917993277311325,0.01917993277311325,-0.006471873726695776,0.07977061718702316,0.08003246784210205,0.007404036354273558,0.010489575564861298,0.010489575564861298,-0.7080074548721313,0.261741578578949,0.0027462150901556015,-0.006471873726695776,0.07977061718702316,0.08003246784210205,0.007404036354273558,4-6deg,0.00-0.04,0.0,0.0,0.0,0.0
116,62,True,False,0.1455681473016739,0.14180566370487213,0.0,0.0,0.8799999952316284,1.2439639568328857,0.7918296456336975,0.042497362941503525,-0.060625165700912476,0.4767094850540161,0.14056932926177979,-0.019984275102615356,0.11223074793815613,0.6654712557792664,0.29431989789009094,0.47283878922462463,0.18274274468421936,>=0.15,True,True,False,True,False,True,False,True,True,0.14056932926177979,-0.06468575447797775,0.4723004400730133,2.585825204849243,2.585825204849243,0.0,0.14056932926177979,-0.019984275102615356,0.019984275102615356,-0.004323190078139305,0.013917749747633934,0.014575140550732613,0.07270315289497375,0.03231847286224365,0.03231847286224365,-0.06468575447797775,0.4723004400730133,0.025858251377940178,-0.004323190078139305,0.013917749747633934,0.014575140550732613,0.07270315289497375,0-2deg,0.04-0.08,0.0,0.0,0.0,0.0
117,30,True,True,0.11722732335329056,0.10986556112766266,0.11187644302845001,0.20330695807933807,6.079999923706055,0.975656270980835,0.16489621996879578,-0.05511854216456413,-0.006075117737054825,0.20330695807933807,0.11187644302845001,-0.020013418048620224,-0.0478285513818264,0.578040361404419,0.1915193796157837,0.20321618020534515,0.2200612872838974,>=0.15,False,True,False,True,True,False,False,False,True,0.10431059449911118,-0.09969112277030945,0.18106630444526672,0.5124759674072266,0.5124759674072266,0.05999999865889549,0.11187644302845001,-0.02014550194144249,0.02014550194144249,0.07786761969327927,-0.025632241740822792,0.08196986466646194,0.028362937271595,0.008008429780602455,0.0006905339541845024,0.006829562596976757,0.20319221913814545,0.005124759394675493,0.07889709621667862,-0.025216875597834587,0.082820825278759,0.027145814150571823,4-6deg,0.00-0.04,0.0,0.0,0.0,0.0
118,57,True,True,0.10229013860225677,0.10003311187028885,0.09609673917293549,0.1485353708267212,2.200000047683716,1.2969672679901123,0.3684164583683014,0.018492264673113823,-0.060184258967638016,0.1485353708267212,0.09609673917293549,-0.019984431564807892,0.07878988981246948,0.9919227957725525,0.43842417001724243,0.1357962042093277,0.1402246057987213,0.10-0.15,False,True,False,True,True,False,False,False,True,0.09641080349683762,-0.5160335898399353,0.14754819869995117,0.17272180318832397,1.2101458311080933,0.07999999821186066,0.09609673917293549,-0.02013222686946392,0.02013222686946392,0.060022369027137756,-0.00366143393330276,0.06013411283493042,0.008328287862241268,0.11212325841188431,0.0003452669770922512,-0.06267030537128448,0.13466696441173553,0.012101458385586739,0.060047365725040436,-0.00316341919824481,0.06013014540076256,0.008380175568163395,2-4deg,0.00-0.04,0.0,0.0,0.0,0.0
119,58,True,True,0.0724242627620697,0.06797846406698227,0.06339706480503082,0.13985276222229004,1.959999918937683,1.015586256980896,0.3945235311985016,0.002905741333961487,-0.08204486221075058,0.13985276222229004,0.06339706480503082,-0.02001176029443741,0.0859084203839302,0.5488407611846924,0.2968060374259949,0.11325827240943909,0.12034686654806137,0.10-0.15,False,True,False,True,True,False,False,False,True,0.058215923607349396,-0.42067110538482666,0.18819274008274078,0.26436036825180054,0.26436036825180054,0.07999999821186066,0.06339706480503082,-0.020022332668304443,0.020022332668304443,0.0342300608754158,-0.013810099102556705,0.036910150200128555,0.02928716503083706,0.0026966221630573273,0.0006905339541845024,-0.07983949780464172,0.11482355743646622,0.0026436035986989737,0.034750524908304214,-0.015461931936442852,0.038033414632081985,0.028459707275032997,2-4deg,0.00-0.04,0.0,0.0,0.0,0.0
120,32,True,True,0.09595488756895065,0.09332646429538727,0.08934144675731659,0.08747740834951401,1.9199999570846558,1.1702908277511597,0.3855096399784088,0.006829438265413046,-0.005542658269405365,0.08747740834951401,0.08934144675731659,-0.0199822336435318,0.012801083736121655,0.39920660853385925,0.2394057959318161,0.08730164170265198,0.08799223601818085,0.05-0.10,False,True,False,True,True,False,False,False,True,0.08652063459157944,-0.31848421692848206,0.12450678646564484,0.3681587874889374,0.3681587874889374,0.07999999821186066,0.08934144675731659,-0.01998457871377468,0.01998457871377468,-0.018805284053087234,-0.005811929702758789,0.019683564081788063,0.004652112256735563,0.0035881216172128916,0.0,-0.007235479541122913,0.08717766404151917,0.003681587753817439,-0.018617331981658936,-0.006023222114890814,0.019568150863051414,0.004779339302331209,0-2deg,0.00-0.04,0.0,0.0,0.0,0.0
121,34,True,True,0.09313368052244186,0.09100423753261566,0.08629418909549713,0.08766146004199982,3.619999885559082,1.0635406970977783,0.24486497044563293,0.017006944864988327,0.0701378881931305,0.08766146004199982,0.08629418909549713,-0.020005997270345688,-0.0497518889605999,0.7394332885742188,0.22629760205745697,0.05258524790406227,0.042965397238731384,0.00-0.05,False,True,False,True,True,False,False,False,True,0.08510088175535202,-0.05977613851428032,0.12727685272693634,0.10193532705307007,0.472539484500885,0.09999999403953552,0.08629418909549713,-0.020038872957229614,0.020038872957229614,-0.003106194781139493,-0.023545850068330765,0.02374880388379097,0.03929285705089569,0.04942164942622185,0.0011960400734096766,0.06950373202562332,0.053420621901750565,0.004725394770503044,-8.46776893013157e-05,-0.022642724215984344,0.022643787786364555,0.03953283280134201,0-2deg,0.00-0.04,0.0,0.0,0.0,0.0
122,60,True,True,0.06245647743344307,0.05548698455095291,0.05169370397925377,0.16339896619319916,3.93999981880188,0.9528230428695679,0.23883940279483795,-0.014467637054622173,0.048936277627944946,0.16339896619319916,0.05169370397925377,-0.020060047507286072,-0.06345893442630768,0.6840946078300476,0.22760574519634247,0.15589889883995056,0.20322540402412415,>=0.15,False,True,False,True,True,False,False,False,True,0.048773858696222305,-0.04150065779685974,0.038038577884435654,0.08136990666389465,0.21498696506023407,0.11999999731779099,0.05169370397925377,-0.020083872601389885,0.020083872601389885,0.024364827200770378,-0.004883223678916693,0.02485026977956295,0.0036768950521945953,0.020203623920679092,0.0022902425844222307,0.05256744474172592,0.1547122746706009,0.0021498696878552437,0.023991186171770096,-0.005020332522690296,0.02450970560312271,0.004290279000997543,0-2deg,0.00-0.04,0.0,0.0,0.0,0.0
123,31,True,True,0.08569349348545074,0.07851994037628174,0.07821770757436752,0.17248235642910004,2.240000009536743,0.9430906772613525,0.25863906741142273,0.010240409523248672,-0.015162382274866104,0.17248235642910004,0.07821770757436752,-0.019973114132881165,0.02187185175716877,0.808559238910675,0.32617059350013733,0.17181462049484253,0.16211576759815216,>=0.15,False,True,False,True,True,False,False,False,True,0.07101579010486603,-0.35379844903945923,0.12237980961799622,0.420143187046051,1.1148492097854614,0.07999999821186066,0.07821770757436752,-0.0199773870408535,0.0199773870408535,0.033232372254133224,-0.013990488834679127,0.03605549782514572,0.06804214417934418,0.07728269696235657,0.0003452669770922512,-0.011608928442001343,0.17209124565124512,0.011148491874337196,0.029422156512737274,-0.012408304028213024,0.03193061798810959,0.06945115327835083,2-4deg,0.04-0.08,0.0,0.0,0.0,0.0
124,43,True,True,0.12261966615915298,0.11959178000688553,0.11752279847860336,0.1487175077199936,2.3399999141693115,1.1767551898956299,0.31711870431900024,0.008534186519682407,0.018384456634521484,0.1487175077199936,0.11752279847860336,-0.019991157576441765,-0.011028824374079704,0.7624701261520386,0.34015655517578125,0.14757677912712097,0.14184610545635223,0.10-0.15,False,True,False,True,True,False,False,False,True,0.11490759998559952,-0.22196300327777863,0.19400635361671448,0.11879932135343552,0.6278278827667236,0.07999999821186066,0.11752279847860336,-0.01999801956117153,0.01999801956117153,-0.000851411372423172,-0.013818713836371899,0.013845274224877357,0.012305005453526974,0.03004729561507702,0.0003452669770922512,0.017027778550982475,0.1477394700050354,0.006278278771787882,-0.001164971967227757,-0.014479399658739567,0.01452598161995411,0.012069656513631344,0-2deg,0.00-0.04,0.0,0.0,0.0,0.0
125,51,True,True,0.09748966246843338,0.0890389010310173,0.09098801761865616,0.17221906781196594,2.119999885559082,1.079085350036621,0.2794806957244873,0.004481582436710596,0.0030478457920253277,0.17221906781196594,0.09098801761865616,-0.01998818665742874,-0.0006884349859319627,1.121521234512329,0.48361384868621826,0.17219209671020508,0.17400744557380676,>=0.15,False,True,False,True,True,False,False,False,True,0.0823136419057846,-0.35579562187194824,0.18744172155857086,0.3606628179550171,0.3606628179550171,0.07999999821186066,0.09098801761865616,-0.019993428140878677,0.019993428140878677,0.008902202360332012,0.0012955216225236654,0.008996869437396526,0.02481943741440773,0.04203217104077339,0.0,0.0023357882164418697,0.1722032129764557,0.0036066281609237194,0.008301064372062683,-7.246107998071238e-05,0.00830080546438694,0.02497858554124832,0-2deg,0.00-0.04,0.0,0.0,0.0,0.0
126,48,True,True,0.09546974301338196,0.09546974301338196,0.08881822973489761,0.08269171416759491,2.7200000286102295,1.205005168914795,0.3624391257762909,0.010389132425189018,-0.01657783053815365,0.08269171416759491,0.08881822973489761,-0.01997220329940319,0.02791449800133705,0.941571831703186,0.3587878346443176,0.08101292699575424,0.08169589936733246,0.05-0.10,False,True,False,True,True,False,False,False,True,0.09316359460353851,-0.21384744346141815,0.12522760033607483,0.09777288138866425,0.33412450551986694,0.07999999821186066,0.08881822973489761,-0.019977238029241562,0.019977238029241562,-0.013552060350775719,0.043148789554834366,0.045225922018289566,0.02107366733253002,0.004645096138119698,0.0003452669770922512,-0.016232363879680634,0.08108285814523697,0.003341244999319315,-0.013163040392100811,0.04432123526930809,0.046233803033828735,0.020104743540287018,2-4deg,0.00-0.04,0.0,0.0,0.0,0.0
127,39,True,True,0.12103693932294846,0.11811193823814392,0.11582034081220627,0.2142404168844223,1.5399999618530273,1.4629936218261719,0.5972368717193604,-0.02483200468122959,-0.13590948283672333,0.2142404168844223,0.11582034081220627,-0.019942566752433777,0.1140608936548233,0.3941522538661957,0.2776857316493988,0.16561271250247955,0.13021352887153625,0.10-0.15,False,True,False,True,True,False,False,False,True,0.11284954845905304,-0.14229126274585724,0.28676292300224304,0.021741922944784164,0.04846690222620964,0.07999999821186066,0.11582034081220627,-0.019942566752433777,0.019942566752433777,-0.003367770928889513,0.06480605900287628,0.06489310413599014,0.019401907920837402,0.003126526717096567,0.0007720404537394643,-0.14250153303146362,0.15997585654258728,0.00048466899897903204,-0.0033430710900574923,0.06359876692295074,0.0636860802769661,0.02084513194859028,2-4deg,0.00-0.04,0.0,0.0,0.0,0.0
128,7,True,True,0.10953055322170258,0.07110098004341125,0.10385765135288239,0.17350910604000092,3.0399999618530273,0.9684386253356934,0.29820340871810913,-0.0999220684170723,0.012859135866165161,0.17350910604000092,0.10385765135288239,-0.019782541319727898,-0.11236565560102463,0.7477327585220337,0.3204469382762909,0.17303194105625153,0.19414174556732178,>=0.15,False,True,False,True,True,False,False,False,True,0.06385946273803711,-0.2584206461906433,0.13048335909843445,0.09398793429136276,0.8466759324073792,0.2800000011920929,0.10385765135288239,-0.0201190784573555,0.0201190784573555,-0.0008159576100297272,0.046187832951545715,0.046195100992918015,0.012514983303844929,0.042641956359148026,0.004554388113319874,0.007820747792720795,0.17333275079727173,0.008466758765280247,-0.001908687292598188,0.04834901541471481,0.04838646948337555,0.0063300542533397675,2-4deg,0.00-0.04,0.0,0.0,0.0,0.0
129,28,True,True,0.07476560771465302,0.06651142984628677,0.06601361930370331,0.22150126099586487,1.8600000143051147,0.971490204334259,0.31560635566711426,-0.01558974850922823,-0.1282716542482376,0.22150126099586487,0.06601361930370331,-0.019912131130695343,0.11669246107339859,0.28790703415870667,0.18145954608917236,0.18058013916015625,0.18128816783428192,>=0.15,False,True,False,True,True,False,False,False,True,0.05570298060774803,-0.4466964900493622,0.2483270913362503,0.05289964750409126,0.1489368975162506,0.07999999821186066,0.06601361930370331,-0.019912131130695343,0.019912131130695343,-0.01343369297683239,0.0479746088385582,0.049818217754364014,0.05828951671719551,0.02742949314415455,0.0017605233006179333,-0.12078322470188141,0.1856723427772522,0.0014893689658492804,-0.016408497467637062,0.04971878603100777,0.05235464870929718,0.05664466321468353,2-4deg,0.04-0.08,0.0,0.0,0.0,0.0
130,35,True,True,0.10647813230752945,0.0669558197259903,0.1005612313747406,0.13855256140232086,5.099999904632568,1.6268855333328247,0.329490602016449,0.004172043409198523,-0.007628206163644791,0.13855256140232086,0.1005612313747406,-0.01998620294034481,0.005122194532305002,1.792745590209961,0.4897751212120056,0.13834242522716522,0.13863688707351685,0.10-0.15,False,True,False,True,True,False,False,False,True,0.07221964746713638,-0.6236667633056641,1.1323347091674805,0.13625679910182953,1.1594318151474,3.0199999809265137,0.1005612313747406,-0.020028207451105118,0.020028207451105118,-0.017782004550099373,-0.009602636098861694,0.020209526643157005,0.06627588719129562,0.3740200102329254,0.0,-0.0051393355242908,0.13845722377300262,0.011594317853450775,0.00723861251026392,-0.01754351705312729,0.018977409228682518,0.06590347737073898,0-2deg,0.04-0.08,0.0,0.0,0.0,0.0
131,42,True,False,0.22986143827438354,0.11635925620794296,0.0,0.0,1.7799999713897705,1.0704821348190308,0.37107574939727783,0.0022458971943706274,-0.00954032689332962,0.18164297938346863,0.22718094289302826,-0.019995033740997314,0.011794851161539555,0.36731043457984924,0.2181505411863327,0.18139226734638214,0.18168692290782928,>=0.15,True,True,False,True,False,False,False,True,True,0.11119764298200607,0.1039009690284729,0.2481730580329895,1.1555249691009521,1.1555249691009521,0.0,0.22718094289302826,-0.02028421126306057,0.02028421126306057,-0.029552720487117767,-0.00047717965207993984,0.02955722063779831,0.016447875648736954,0.012444069609045982,0.0,-0.0077031515538692474,0.1814795732498169,0.01155524980276823,-0.03892172873020172,-0.0006122146151028574,0.03892585635185242,0.010033654980361462,0-2deg,0.00-0.04,0.0,0.0,0.0,0.0
132,61,True,True,0.09448888897895813,0.08726225793361664,0.08776632696390152,0.1550493687391281,2.759999990463257,1.0907607078552246,0.28746625781059265,0.010117626748979092,-0.027441736310720444,0.1550493687391281,0.08776632696390152,-0.01997312344610691,0.03286587819457054,0.7486347556114197,0.2615968585014343,0.15260162949562073,0.14230145514011383,0.10-0.15,False,True,False,True,True,False,False,False,True,0.07980529963970184,0.0766606479883194,0.16185146570205688,1.1502883434295654,1.1502883434295654,0.07999999821186066,0.08776632696390152,-0.019994327798485756,0.019994327798485756,0.07079502940177917,-0.05547459051012993,0.08991250395774841,0.042081598192453384,0.004367323592305183,0.0003452669770922512,-0.022595111280679703,0.1533941626548767,0.011502883397042751,0.06846699118614197,-0.05663243681192398,0.08882526308298111,0.044597022235393524,4-6deg,0.04-0.08,0.0,0.0,0.0,0.0
133,6,True,True,0.05490289255976677,0.05490289255976677,0.0423087403178215,0.1754167377948761,2.1399998664855957,0.8360238671302795,0.35976988077163696,0.019111208617687225,0.11680976301431656,0.1754167377948761,0.0423087403178215,-0.02003582939505577,-0.09874869138002396,0.728428840637207,0.39367133378982544,0.13086830079555511,0.13611066341400146,0.10-0.15,False,True,False,True,True,False,False,False,True,0.04947313666343689,-0.43245944380760193,0.27744919061660767,0.20802748203277588,1.0100586414337158,0.11999999731779099,0.0423087403178215,-0.020050380378961563,0.020050380378961563,0.046786416321992874,0.01967339962720871,0.050751470029354095,0.028702229261398315,0.058045875281095505,0.001423572306521237,0.11418067663908005,0.13316833972930908,0.010100586339831352,0.049457233399152756,0.019346168264746666,0.05310331657528877,0.02508831024169922,2-4deg,0.00-0.04,0.0,0.0,0.0,0.0
134,27,True,False,0.14589275419712067,0.14589275419712067,0.0,0.0,1.899999976158142,1.3178104162216187,0.42500337958335876,0.07988188415765762,-0.05682791769504547,0.06182407587766647,0.14131617546081543,-0.01996481791138649,0.14140766859054565,0.38999462127685547,0.23919498920440674,0.024347571656107903,0.13448946177959442,0.10-0.15,True,True,False,True,False,False,False,True,True,0.14131617546081543,-0.057554423809051514,0.02257663384079933,1.4862412214279175,1.4862412214279175,0.0,0.14131617546081543,-0.01996481791138649,0.01996481791138649,0.03052699938416481,-0.006679807789623737,0.031249364838004112,0.01581985130906105,0.008802643977105618,0.008802643977105618,-0.057554423809051514,0.02257663384079933,0.01486241165548563,0.03052699938416481,-0.006679807789623737,0.031249364838004112,0.01581985130906105,0-2deg,0.00-0.04,0.0,0.0,0.0,0.0
135,38,True,True,0.09447181224822998,0.0840984508395195,0.08775968104600906,0.2541021406650543,2.119999885559082,0.9590404629707336,0.2554721236228943,-0.006801945623010397,-0.15255607664585114,0.2541021406650543,0.08775968104600906,-0.02002779021859169,0.1450212001800537,0.8352090120315552,0.4367401599884033,0.20321057736873627,0.212291419506073,>=0.15,False,True,False,True,True,False,False,False,True,0.07645879685878754,-0.5021891593933105,0.28539660573005676,0.17752426862716675,0.23437318205833435,0.07999999821186066,0.08775968104600906,-0.02002779021859169,0.02002779021859169,0.003132634563371539,-0.06096358597278595,0.06104365736246109,0.01311986893415451,0.01808314025402069,0.001091830083169043,-0.14162512123584747,0.21097443997859955,0.002343731699511409,0.0030783871188759804,-0.06014090031385422,0.06021934375166893,0.014360155910253525,2-4deg,0.00-0.04,0.0,0.0,0.0,0.0
136,25,True,True,0.1162155270576477,0.1162155270576477,0.11078723520040512,0.19099944829940796,2.0799999237060547,1.1443374156951904,0.4087821841239929,0.011335114948451519,-0.11868630349636078,0.19099944829940796,0.11078723520040512,-0.019989237189292908,0.12819090485572815,0.7105053663253784,0.4055727422237396,0.14964742958545685,0.15203198790550232,>=0.15,False,True,False,True,True,False,False,False,True,0.11477351933717728,-0.7638732194900513,0.32045477628707886,0.31370121240615845,0.387241005897522,0.07999999821186066,0.11078723520040512,-0.02000996470451355,0.02000996470451355,0.02132328227162361,-0.032623402774333954,0.03897177428007126,0.06805489212274551,0.0058593833819031715,0.0009765625,-0.11478167772293091,0.15266287326812744,0.0038724099285900593,0.018817631527781487,-0.029365507885813713,0.03487544134259224,0.06892917305231094,2-4deg,0.04-0.08,0.0,0.0,0.0,0.0
137,41,True,True,0.11798539757728577,0.10860279202461243,0.11264213919639587,0.2610440254211426,2.419999837875366,1.018633246421814,0.3442416787147522,0.019340675324201584,0.08152464777231216,0.2610440254211426,0.11264213919639587,-0.02001849375665188,-0.06484875082969666,1.0309278964996338,0.4717114269733429,0.24798732995986938,0.24660004675388336,>=0.15,False,True,False,True,True,False,False,False,True,0.10293648391962051,-0.3604740500450134,0.1071234866976738,0.05338934436440468,1.062781810760498,0.07999999821186066,0.11264213919639587,-0.020052088424563408,0.020052088424563408,-0.0013709493214264512,-0.00751554686576128,0.007642828859388828,0.02258165553212166,0.06404005736112595,0.0012448779307305813,0.0825343132019043,0.24765312671661377,0.010627818293869495,-0.0015274577308446169,-0.006161206867545843,0.006347666960209608,0.022854601964354515,0-2deg,0.00-0.04,0.0,0.0,0.0,0.0
138,16,True,False,0.13448448479175568,0.13448448479175568,0.0,0.0,2.0999999046325684,1.280198574066162,0.3741686940193176,-0.16457457840442657,-0.27427932620048523,0.28362900018692017,0.12989206612110138,-0.020160596817731857,0.1109570562839508,0.48285195231437683,0.2880327105522156,0.07222369313240051,0.0632387101650238,0.05-0.10,True,True,False,True,False,False,False,True,True,0.12989206612110138,-0.2742248475551605,0.07243018597364426,0.5742346048355103,0.5742346048355103,0.0,0.12989206612110138,-0.020160596817731857,0.020160596817731857,-0.018038107082247734,0.034534603357315063,0.03895953670144081,0.02454184927046299,0.0043945349752902985,0.0043945349752902985,-0.2742248475551605,0.07243018597364426,0.005742345936596394,-0.018038107082247734,0.034534603357315063,0.03895953670144081,0.02454184927046299,2-4deg,0.00-0.04,0.0,0.0,0.0,0.0
139,40,True,True,0.1014091894030571,0.07472102344036102,0.09480626881122589,0.257866233587265,3.1599998474121094,1.1979445219039917,0.31641852855682373,-0.06963691860437393,-0.05472704768180847,0.257866233587265,0.09480626881122589,-0.016421113163232803,-0.015755334869027138,0.9919114708900452,0.3783852756023407,0.25199195742607117,0.040821634232997894,0.00-0.05,False,True,False,True,True,False,False,False,True,0.0903368592262268,-0.05053974688053131,0.27290868759155273,0.023413633927702904,0.023413633927702904,0.05999999865889549,0.09480626881122589,-0.016421113163232803,0.016421113163232803,0.046254660934209824,0.0004507365811150521,0.04625701531767845,0.036548174917697906,0.08590216189622879,0.050864141434431076,-0.06598043441772461,0.2492821365594864,0.00023413632879965007,0.04769638925790787,0.00043596915202215314,0.04769887775182724,0.03553715720772743,2-4deg,0.00-0.04,0.0,0.0,0.0,0.0
140,17,True,True,0.05780825763940811,0.05780825763940811,0.046012066304683685,0.10042326152324677,2.859999895095825,0.9769595861434937,0.29042956233024597,0.008343239314854145,0.03331216424703598,0.10042326152324677,0.046012066304683685,-0.01999039016664028,-0.024341577664017677,0.6566405892372131,0.30323994159698486,0.09473717212677002,0.09868725389242172,0.05-0.10,False,True,False,True,True,False,False,False,True,0.05047016218304634,-0.22832585871219635,0.1837705373764038,0.2916439175605774,0.9313701391220093,0.07999999821186066,0.046012066304683685,-0.02003181166946888,0.02003181166946888,-0.06526049226522446,-0.02523702196776867,0.06996385753154755,0.02261827327311039,0.04300534352660179,0.0003452669770922512,0.038933247327804565,0.09256908297538757,0.009313700720667839,-0.06443816423416138,-0.024078086018562317,0.06878411769866943,0.02475113607943058,4-6deg,0.00-0.04,0.0,0.0,0.0,0.0
141,46,True,True,0.06125069037079811,0.06125069037079811,0.05025136470794678,0.13051588833332062,3.0799999237060547,1.0416748523712158,0.3433855473995209,0.022102700546383858,0.08688822388648987,0.13051588833332062,0.05025136470794678,-0.02001052536070347,-0.06530600786209106,0.8704084157943726,0.35649290680885315,0.09739011526107788,0.09820374101400375,0.05-0.10,False,True,False,True,True,False,False,False,True,0.05611853301525116,-0.3045962154865265,0.05783400684595108,0.10603861510753632,0.4775029718875885,0.09999999403953552,0.05025136470794678,-0.020041272044181824,0.020041272044181824,-0.026209799572825432,0.027121881023049355,0.03771386295557022,0.005883314181119204,0.1013384759426117,0.0008457279182039201,0.08528648316860199,0.0987958237528801,0.004775029607117176,-0.02604508586227894,0.027532797306776047,0.037898365408182144,0.005218419246375561,2-4deg,0.00-0.04,0.0,0.0,0.0,0.0
142,53,True,False,0.14218468964099884,0.13967286050319672,0.0,0.0,4.179999828338623,1.1157665252685547,0.2211138904094696,0.057370755821466446,0.03887375444173813,0.17861129343509674,0.13804003596305847,-0.019409384578466415,0.026232125237584114,0.8619602918624878,0.24942849576473236,0.17432963848114014,0.16232724487781525,>=0.15,True,True,False,True,False,False,False,True,True,0.13804003596305847,0.03729282692074776,0.17467465996742249,0.1818474680185318,0.1818474680185318,0.0,0.13804003596305847,-0.019409384578466415,0.019409384578466415,-0.04156450182199478,0.05142468586564064,0.06611060351133347,0.06580132991075516,0.011870427057147026,0.011870427057147026,0.03729282692074776,0.17467465996742249,0.0018184746149927378,-0.04156450182199478,0.05142468586564064,0.06611060351133347,0.06580132991075516,2-4deg,0.04-0.08,0.0,0.0,0.0,0.0
143,18,True,False,0.13368172943592072,0.13368172943592072,0.0,0.0,1.4199999570846558,1.42034113407135,0.7500717639923096,-0.3265829384326935,-0.34956613183021545,0.4047326147556305,0.1295236349105835,-0.016143040731549263,0.020291713997721672,0.32802996039390564,0.21462440490722656,0.20399020612239838,0.13360466063022614,0.10-0.15,True,True,False,True,False,False,False,True,True,0.1295236349105835,-0.3562128245830536,0.1921481192111969,0.15057118237018585,0.15057118237018585,0.0,0.1295236349105835,-0.016143040731549263,0.016143040731549263,0.04661065712571144,-0.029392745345830917,0.05509842559695244,0.04020002856850624,0.053848233073949814,0.053848233073949814,-0.3562128245830536,0.1921481192111969,0.0015057118143886328,0.04661065712571144,-0.029392745345830917,0.05509842559695244,0.04020002856850624,2-4deg,0.04-0.08,0.0,0.0,0.0,0.0
144,4,True,False,0.1513897329568863,0.14920122921466827,0.0,0.0,2.059999942779541,1.2888238430023193,0.41401293873786926,-0.0014345773961395025,-0.13699546456336975,0.18253380060195923,0.14726568758487701,-0.020018471404910088,0.12755319476127625,0.5519234538078308,0.3040112853050232,0.12062683701515198,0.11713843792676926,0.10-0.15,True,True,False,True,False,False,False,True,True,0.14726568758487701,-0.1349634975194931,0.12289605289697647,0.2690146565437317,0.2690146565437317,0.0,0.14726568758487701,-0.020018471404910088,0.020018471404910088,0.03123365342617035,0.01200021244585514,0.03345862776041031,0.061151374131441116,0.0008457279182039201,0.0008457279182039201,-0.1349634975194931,0.12289605289697647,0.002690146444365382,0.03123365342617035,0.01200021244585514,0.03345862776041031,0.061151374131441116,0-2deg,0.04-0.08,0.0,0.0,0.0,0.0
145,52,True,True,0.09823767840862274,0.08633255958557129,0.09178660064935684,0.25056740641593933,3.819999933242798,1.0318089723587036,0.281755268573761,0.009167640469968319,-0.028674550354480743,0.25056740641593933,0.09178660064935684,-0.01999492757022381,0.03791259601712227,0.9128633737564087,0.3266260325908661,0.2489212602376938,0.2484068125486374,>=0.15,False,True,False,True,True,False,False,False,True,0.07899811863899231,-0.29395776987075806,0.18076200783252716,0.29959923028945923,0.29959923028945923,0.07999999821186066,0.09178660064935684,-0.02002176269888878,0.02002176269888878,0.033307116478681564,0.002193551044911146,0.033380135893821716,0.05615813657641411,0.002990100998431444,0.0,-0.0340164490044117,0.2482476830482483,0.002995992312207818,0.030113600194454193,0.0010303062153980136,0.030130507424473763,0.057115696370601654,0-2deg,0.04-0.08,0.0,0.0,0.0,0.0
146,22,True,True,0.07206493616104126,0.06526587903499603,0.06300175935029984,0.20250530540943146,2.819999933242798,1.0814045667648315,0.3453470468521118,0.003233999712392688,-0.12900400161743164,0.20250530540943146,0.06300175935029984,-0.020015479996800423,0.12975884974002838,0.636127233505249,0.2828987240791321,0.15609729290008545,0.16285152733325958,>=0.15,False,True,False,True,True,False,False,False,True,0.05499931797385216,-0.05622458830475807,0.0327153354883194,1.0429656505584717,1.0429656505584717,0.07999999821186066,0.06300175935029984,-0.020015479996800423,0.020015479996800423,0.04156315699219704,-0.012105755507946014,0.04328862205147743,0.03952236473560333,0.001035800902172923,0.0012918708380311728,-0.1346459984779358,0.15125757455825806,0.010429656133055687,0.04382961988449097,-0.012726914137601852,0.04563932120800018,0.038806088268756866,2-4deg,0.00-0.04,0.0,0.0,0.0,0.0
147,5,True,False,0.13399186730384827,0.12870901823043823,0.0,0.0,4.21999979019165,0.9325499534606934,0.26107874512672424,0.023869728669524193,-0.08213561773300171,0.17583344876766205,0.12931287288665771,-0.019428808242082596,0.11128389835357666,0.9211581945419312,0.2922271192073822,0.15547071397304535,0.17446137964725494,>=0.15,True,True,False,True,False,False,False,True,True,0.12931287288665771,-0.08619546890258789,0.15325713157653809,0.02188134752213955,0.02188134752213955,0.0,0.12931287288665771,-0.019518859684467316,0.019518859684467316,0.01654786244034767,0.036210108548402786,0.03981028124690056,0.04005276784300804,0.007820145227015018,0.007820145227015018,-0.08619546890258789,0.15325713157653809,0.00021881346765439957,0.01654786244034767,0.036210108548402786,0.03981028124690056,0.04005276784300804,2-4deg,0.04-0.08,0.0,0.0,0.0,0.0
148,62,True,True,0.043498363345861435,0.043498363345861435,0.02581491880118847,0.09399569034576416,1.4199999570846558,0.9407780766487122,0.5064642429351807,0.00419115973636508,0.012194722890853882,0.09399569034576416,0.02581491880118847,-0.01998923532664776,-0.008941486477851868,0.3290477991104126,0.19816620647907257,0.09320127964019775,0.09362901747226715,0.05-0.10,False,True,False,True,True,False,False,False,True,0.029564589262008667,0.003364783013239503,0.17299656569957733,0.0791354849934578,0.18032608926296234,0.05999999865889549,0.02581491880118847,-0.020001988857984543,0.020001988857984543,-0.006575743667781353,0.024796778336167336,0.025652902200818062,0.03973961994051933,0.002210787730291486,0.0003452669770922512,0.013306568376719952,0.0930490493774414,0.0018032608786597848,-0.007840362377464771,0.02574005536735058,0.02690728008747101,0.03913723677396774,0-2deg,0.00-0.04,0.0,0.0,0.0,0.0
149,33,True,True,0.07809906452894211,0.07109270989894867,0.06980455666780472,0.23797377943992615,3.43999981880188,0.9627909064292908,0.230293408036232,0.008607348427176476,-0.04045061022043228,0.23797377943992615,0.06980455666780472,-0.019996587187051773,0.04615415260195732,1.0898644924163818,0.3469163775444031,0.23451070487499237,0.23697422444820404,>=0.15,False,True,False,True,True,False,False,False,True,0.06203643977642059,-0.22014951705932617,0.09003563225269318,0.3490552306175232,0.3490552306175232,0.05999999865889549,0.06980455666780472,-0.020075615495443344,0.020075615495443344,-0.06375978887081146,-0.05919640511274338,0.08697575330734253,0.045384589582681656,0.00733236875385046,0.00048828125,-0.03763863444328308,0.23497840762138367,0.003490552306175232,-0.06232345849275589,-0.06033848226070404,0.08671944588422775,0.046384647488594055,4-6deg,0.04-0.08,0.0,0.0,0.0,0.0
150,35,True,True,0.07688116282224655,0.06940431147813797,0.06845215708017349,0.19388768076896667,0.9399999976158142,1.0143637657165527,0.4501905143260956,0.017167704179883003,-0.06350913643836975,0.19388768076896667,0.06845215708017349,-0.01998896710574627,0.08079937100410461,0.2911374568939209,0.20813705027103424,0.1831912100315094,0.17744185030460358,>=0.15,False,True,False,True,True,False,False,False,True,0.06174609437584877,-0.0822252407670021,0.1699194312095642,0.13228288292884827,0.3419361412525177,0.05999999865889549,0.06845215708017349,-0.020010795444250107,0.020010795444250107,0.0051427255384624004,0.016826847568154335,0.01759529858827591,0.06567163020372391,0.00048828125,0.0005980199784971774,-0.06681091338396072,0.18201300501823425,0.003419361310079694,0.007751357741653919,0.016543559730052948,0.018270064145326614,0.06551526486873627,0-2deg,0.04-0.08,0.0,0.0,0.0,0.0
151,37,True,True,0.088429756462574,0.08133985102176666,0.08121403306722641,0.20900344848632812,3.059999942779541,1.1079301834106445,0.25250181555747986,0.008219831623136997,-0.03540722653269768,0.20900344848632812,0.08121403306722641,-0.01999538578093052,0.044001102447509766,0.2998560070991516,0.22117482125759125,0.20598244667053223,0.20172633230686188,>=0.15,False,True,False,True,True,False,False,False,True,0.0864335298538208,-0.011120578274130821,0.1891229748725891,0.09822962433099747,0.17870083451271057,0.05999999865889549,0.08121403306722641,-0.01999538578093052,0.01999538578093052,0.018374821171164513,0.0011486019939184189,0.01840982399880886,0.01896948739886284,0.006605358328670263,0.0003452669770922512,-0.03682873025536537,0.2057330310344696,0.0017870082519948483,0.01763860508799553,0.0009422895382158458,0.01766292192041874,0.019257323816418648,0-2deg,0.00-0.04,0.0,0.0,0.0,0.0
152,28,False,False,0.3134381175041199,0.3012114465236664,0.0,0.0,1.0,1.590187668800354,0.8097040057182312,-1.5016433000564575,-1.5293916463851929,2.195125102996826,0.3115329444408417,-0.005052859894931316,0.032255496829748154,1.4406377077102661,0.5064443349838257,1.57465398311615,0.16175280511379242,>=0.15,True,True,False,False,False,False,False,True,False,0.0,0.0,0.0,0.0,0.0,0.0,0.3115329444408417,-0.005052859894931316,0.005052859894931316,0.0,0.0,0.0,0.0,0.0,0.3836905062198639,-1.5070509910583496,1.5960485935211182,0.0,0.0014239763841032982,0.03252382576465607,0.032555557787418365,0.0607864186167717,0-2deg,0.00-0.04,0.0,0.0,0.0,0.0
153,21,True,True,0.06999870389699936,0.06982588768005371,0.0605664998292923,0.10919361561536789,3.3399999141693115,1.0563015937805176,0.262414813041687,0.0008795548346824944,0.09342963993549347,0.10919361561536789,0.0605664998292923,-0.02006632462143898,-0.09204895794391632,0.720650851726532,0.26243406534194946,0.056516796350479126,0.05676274746656418,0.05-0.10,False,True,False,True,True,False,False,False,True,0.06190758943557739,-0.15307724475860596,0.25574004650115967,0.2704147398471832,1.1640090942382812,0.14000000059604645,0.0605664998292923,-0.02006632462143898,0.02006632462143898,-0.03966217115521431,0.0012081690365448594,0.03968127816915512,0.03530745208263397,0.03200335055589676,0.002826133044436574,0.09526026248931885,0.053373489528894424,0.011640090495347977,-0.03523477166891098,0.0011185704497620463,0.0352528914809227,0.03843611851334572,2-4deg,0.00-0.04,0.0,0.0,0.0,0.0
154,45,True,True,0.0647137314081192,0.0647137314081192,0.05444241687655449,0.21397262811660767,2.0,1.0382442474365234,0.3121642768383026,-0.02194264531135559,-0.1989382654428482,0.21397262811660767,0.05444241687655449,-0.01981702446937561,0.17775815725326538,0.6787799596786499,0.35363051295280457,0.07878989726305008,0.07433338463306427,0.05-0.10,False,True,False,True,True,False,False,False,True,0.05636291950941086,-0.09084337949752808,0.10527118295431137,0.05272617191076279,0.21910515427589417,0.07999999821186066,0.05444241687655449,-0.01981702446937561,0.01981702446937561,-0.03305262327194214,-0.049907878041267395,0.05985277518630028,0.053461503237485886,0.011278193444013596,0.0037979392800480127,-0.19674935936927795,0.0841069221496582,0.002191051607951522,-0.030232511460781097,-0.04828920587897301,0.05696629360318184,0.05492021515965462,2-4deg,0.04-0.08,0.0,0.0,0.0,0.0
155,1,True,False,0.12936937808990479,0.12936937808990479,0.0,0.0,2.2200000286102295,1.070174217224121,0.3243902325630188,-0.4303252696990967,-0.5346857309341431,0.5917845964431763,0.1254921704530716,-0.012296849861741066,0.1025848537683487,0.8605135679244995,0.43139341473579407,0.25361430644989014,0.26959699392318726,>=0.15,True,True,False,True,False,False,False,True,True,0.1254921704530716,-0.5404508709907532,0.24108485877513885,0.07671605050563812,0.07671605050563812,0.0,0.1254921704530716,-0.012296849861741066,0.012296849861741066,-0.019869985058903694,-0.015447279438376427,0.02516728825867176,0.046421680599451065,0.12250185012817383,0.12250185012817383,-0.5404508709907532,0.24108485877513885,0.0007671604980714619,-0.019869985058903694,-0.015447279438376427,0.02516728825867176,0.046421680599451065,0-2deg,0.04-0.08,0.0,0.0,0.0,0.0
156,47,True,True,0.11462537944316864,0.1097535490989685,0.1091180369257927,0.1614006906747818,2.0399999618530273,1.1086432933807373,0.45573192834854126,0.027624281123280525,-0.0906330794095993,0.1614006906747818,0.1091180369257927,-0.019982600584626198,0.11894437670707703,0.7159792184829712,0.3552359342575073,0.13355083763599396,0.1312446892261505,0.10-0.15,False,True,False,True,True,False,False,False,True,0.10397478938102722,-0.06675733625888824,0.17794498801231384,1.1784729957580566,1.1784729957580566,0.07999999821186066,0.1091180369257927,-0.020072054117918015,0.020072054117918015,0.0021731997840106487,0.003069123951718211,0.0037664202973246574,0.006887590512633324,0.006505339872092009,0.0009134905994869769,-0.09055432677268982,0.1336042582988739,0.011784729547798634,0.0021105892956256866,0.003474548226222396,0.004070640541613102,0.0067846099846065044,0-2deg,0.00-0.04,0.0,0.0,0.0,0.0
157,11,True,False,0.1720263957977295,0.1716991662979126,0.0,0.0,2.119999885559082,1.2945605516433716,0.3992205858230591,0.04466237500309944,-0.07864677906036377,0.2410367727279663,0.16844771802425385,-0.02000720426440239,0.13093596696853638,0.6085474491119385,0.332736998796463,0.22784513235092163,0.17307427525520325,>=0.15,True,True,False,True,False,False,False,True,True,0.16844771802425385,-0.08850821107625961,0.2241986095905304,1.225229263305664,1.225229263305664,0.0,0.16844771802425385,-0.02000720426440239,0.02000720426440239,0.02820104919373989,0.036341238766908646,0.04599589481949806,0.05262754485011101,0.0005980199784971774,0.0005980199784971774,-0.08850821107625961,0.2241986095905304,0.012252292595803738,0.02820104919373989,0.036341238766908646,0.04599589481949806,0.05262754485011101,2-4deg,0.04-0.08,0.0,0.0,0.0,0.0
158,63,True,True,0.0650956928730011,0.0650956928730011,0.05487128719687462,0.04354878142476082,1.959999918937683,1.1014294624328613,0.40692633390426636,0.009096217341721058,-0.03401070833206177,0.04354878142476082,0.05487128719687462,-0.019982367753982544,0.042493920773267746,0.6416397094726562,0.3789380192756653,0.027198679745197296,0.026173487305641174,0.00-0.05,False,True,False,True,True,False,False,False,True,0.055328015238046646,-0.39945241808891296,0.1478123664855957,0.06368967890739441,0.35070139169692993,0.07999999821186066,0.05487128719687462,-0.020016439259052277,0.020016439259052277,0.009921115823090076,-0.03099180944263935,0.032540902495384216,0.008334093727171421,0.02161203883588314,0.0003452669770922512,-0.03410336747765541,0.027082409709692,0.003507013898342848,0.010315886698663235,-0.030668292194604874,0.03235718235373497,0.008697529323399067,0-2deg,0.00-0.04,0.0,0.0,0.0,0.0
159,12,True,True,0.11833483725786209,0.10818162560462952,0.11282938718795776,0.26155024766921997,1.9799998998641968,0.8279863595962524,0.3219427168369293,0.006699860095977783,-0.18308332562446594,0.26155024766921997,0.11282938718795776,-0.019458498805761337,0.19155654311180115,0.5042186379432678,0.3132837116718292,0.18678604066371918,0.19062581658363342,>=0.15,False,True,False,True,True,False,False,False,True,0.10142212361097336,-0.553251326084137,0.10063454508781433,0.08485230058431625,0.3870484232902527,0.09999999403953552,0.11282938718795776,-0.01967807672917843,0.01967807672917843,-0.06229708343744278,-0.035633623600006104,0.07175701856613159,0.014924337156116962,0.0268584955483675,0.010742238722741604,-0.18991714715957642,0.17983326315879822,0.003870484186336398,-0.061663784086704254,-0.036666758358478546,0.07172958552837372,0.0156661756336689,4-6deg,0.00-0.04,0.0,0.0,0.0,0.0
160,8,True,False,0.15552492439746857,0.13895799219608307,0.0,0.0,2.4800000190734863,1.0272479057312012,0.3613225221633911,-0.0462372750043869,-0.17917931079864502,0.23674499988555908,0.15235058963298798,-0.018219616264104843,0.13696926832199097,0.7221354842185974,0.3905613422393799,0.15473514795303345,0.17400455474853516,>=0.15,True,True,False,True,False,False,False,True,True,0.15235058963298798,-0.17543356120586395,0.15896937251091003,0.03744977340102196,0.03744977340102196,0.0,0.15235058963298798,-0.018219616264104843,0.018219616264104843,0.028231095522642136,-0.012788238003849983,0.030992679297924042,0.03608079254627228,0.035237666219472885,0.035237666219472885,-0.17543356120586395,0.15896937251091003,0.0003744977293536067,0.028231095522642136,-0.012788238003849983,0.030992679297924042,0.03608079254627228,0-2deg,0.00-0.04,0.0,0.0,0.0,0.0
161,14,True,True,0.09213043004274368,0.09014090895652771,0.0852869376540184,0.05635805055499077,2.4800000190734863,1.0965272188186646,0.26177650690078735,-0.09419946372509003,0.013599112629890442,0.05635805055499077,0.0852869376540184,-0.020030103623867035,-0.10936475545167923,0.9213792085647583,0.34864869713783264,0.054692722856998444,0.06554479897022247,0.05-0.10,False,True,False,True,True,False,False,False,True,0.08520255982875824,-0.14645017683506012,0.19085170328617096,0.33890196681022644,0.9031722545623779,0.3799999952316284,0.0852869376540184,-0.02012195996940136,0.02012195996940136,-0.02055611088871956,0.05573048070073128,0.059396661818027496,0.03070572018623352,0.09240841120481491,0.001691456069238484,0.015911612659692764,0.05406523868441582,0.009031722322106361,-0.021226976066827774,0.04344664886593819,0.04835195094347,0.03762084245681763,2-4deg,0.00-0.04,0.0,0.0,0.0,0.0
162,50,True,True,0.08307582139968872,0.07554802298545837,0.0753336027264595,0.24380642175674438,3.5399999618530273,1.081588625907898,0.3418516218662262,0.012247856706380844,-0.06215197220444679,0.24380642175674438,0.0753336027264595,-0.019999433308839798,0.0768548995256424,1.064098834991455,0.5217374563217163,0.23575136065483093,0.24440771341323853,>=0.15,False,True,False,True,True,False,False,False,True,0.06717348098754883,-0.2800735831260681,0.14514094591140747,0.4726363718509674,0.4726363718509674,0.07999999821186066,0.0753336027264595,-0.020183630287647247,0.020183630287647247,0.023570720106363297,0.009983785450458527,0.025597071275115013,0.031935106962919235,0.011336180381476879,0.0005980199784971774,-0.06719090789556503,0.23436500132083893,0.0047263638116419315,0.0216364823281765,0.009788993746042252,0.02374880388379097,0.032852280884981155,0-2deg,0.00-0.04,0.0,0.0,0.0,0.0
163,44,True,True,0.04722898453474045,0.04722898453474045,0.03164796903729439,0.16289694607257843,3.879999876022339,1.0721603631973267,0.23741886019706726,0.04935818165540695,0.1396315097808838,0.16289694607257843,0.03164796903729439,-0.02001107670366764,-0.09327077120542526,0.503485381603241,0.1665600836277008,0.08389551937580109,0.08129939436912537,0.05-0.10,False,True,False,True,True,False,False,False,True,0.04174104332923889,-0.10693491250276566,0.16337431967258453,0.10566408932209015,0.9958793520927429,0.3199999928474426,0.03164796903729439,-0.020062575116753578,0.020062575116753578,0.07809459418058395,0.02872168831527233,0.08319894224405289,0.03155512362718582,0.10084294527769089,0.0021836606319993734,0.1378340870141983,0.0868169516324997,0.00995879340916872,0.08168479055166245,0.020764444023370743,0.08427715301513672,0.028893742710351944,4-6deg,0.00-0.04,0.0,0.0,0.0,0.0
164,29,True,False,0.2316935807466507,0.06478352099657059,0.0,0.0,7.960000038146973,0.8923535943031311,0.15813922882080078,-0.022290151566267014,-0.1450956016778946,0.19889426231384277,0.2290353775024414,-0.02000017836689949,0.1224488690495491,1.1375977993011475,0.2909792363643646,0.13603746891021729,0.14438891410827637,0.10-0.15,True,True,False,True,False,False,False,True,True,0.07697688788175583,-0.25771594047546387,0.07896630465984344,0.44105997681617737,0.5421549677848816,0.0,0.2290353775024414,-0.02013755962252617,0.02013755962252617,-0.01666458137333393,-0.009621760807931423,0.01924254186451435,0.021478205919265747,0.008604034781455994,0.0,-0.1417924463748932,0.13947699964046478,0.0054215495474636555,0.03166148439049721,0.0065492684952914715,0.03233138099312782,0.00962471216917038,0-2deg,0.00-0.04,0.0,0.0,0.0,0.0
165,20,True,False,0.2764398455619812,0.11950596421957016,0.0,0.0,7.980000019073486,0.9378889203071594,0.11266734451055527,0.22697213292121887,0.08904857933521271,0.2832096219062805,0.2791767120361328,-0.008003298193216324,0.14875823259353638,0.5855089426040649,0.17785200476646423,0.26884573698043823,0.2637602686882019,>=0.15,True,True,False,True,False,False,False,True,True,0.11443191021680832,-0.4229903221130371,0.21548402309417725,0.1930442601442337,0.2227003127336502,0.0,0.2791767120361328,-0.020010676234960556,0.020010676234960556,-0.0021035675890743732,-0.032234035432338715,0.03230186551809311,0.0023115782532840967,0.05275857076048851,0.19186818599700928,0.0964338630437851,0.2662859261035919,0.002227002987638116,-0.0005598855204880238,-0.030223026871681213,0.03022729977965355,0.007079288363456726,0-2deg,0.00-0.04,0.0,0.0,0.0,0.0
166,9,True,False,0.2814551591873169,0.11854635179042816,0.0,0.0,5.159999847412109,1.0538642406463623,0.2063879370689392,0.06243636831641197,-0.07504018396139145,0.19877873361110687,0.2795354425907135,-0.01880251057446003,0.14369170367717743,1.014245629310608,0.33069637417793274,0.18407051265239716,0.20991314947605133,>=0.15,True,True,False,True,False,False,False,True,True,0.11338415741920471,-0.4675057530403137,0.09689479321241379,0.1536809802055359,0.2930894196033478,0.0,0.2795354425907135,-0.02001970447599888,0.02001970447599888,0.05802198126912117,0.009058830328285694,0.05872413143515587,0.015409639105200768,0.02000199258327484,0.011985362507402897,-0.07984501123428345,0.18203780055046082,0.0029308940283954144,0.057893261313438416,0.004375788848847151,0.058058202266693115,0.01656014285981655,2-4deg,0.00-0.04,0.0,0.0,0.0,0.0
167,3,True,True,0.10335153341293335,0.10177244991064072,0.0972236692905426,0.09888657927513123,3.179999828338623,1.170222282409668,0.38627752661705017,0.019088925793766975,-0.08799564093351364,0.09888657927513123,0.0972236692905426,-0.019984204322099686,0.10648131370544434,1.341673731803894,0.5132570862770081,0.04511454701423645,0.03493666648864746,0.00-0.05,False,True,False,True,True,False,False,False,True,0.09662234038114548,-0.5056046843528748,0.2576470971107483,0.19597159326076508,0.714866042137146,0.09999999403953552,0.0972236692905426,-0.020117957144975662,0.020117957144975662,-0.07839091867208481,0.003593824105337262,0.07847326993942261,0.010837220586836338,0.14377228915691376,0.0005980199784971774,-0.08872148394584656,0.04366983473300934,0.0071486602537333965,-0.0791129469871521,0.003724069334566593,0.07920058816671371,0.007504838518798351,4-6deg,0.00-0.04,0.0,0.0,0.0,0.0
168,17,True,False,0.1759040355682373,0.1759040355682373,0.0,0.0,0.8999999761581421,1.2961615324020386,0.7835676670074463,-0.40390801429748535,-0.5387171506881714,0.597978413105011,0.17468032240867615,-0.013560209423303604,0.1077868640422821,0.49038198590278625,0.23538966476917267,0.25954195857048035,0.08479741960763931,0.05-0.10,True,True,False,True,False,False,False,True,True,0.17468032240867615,-0.5300726294517517,0.2767691910266876,0.3716461956501007,0.3716461956501007,0.0,0.17468032240867615,-0.013560209423303604,0.013560209423303604,0.07379428297281265,-0.02248270995914936,0.07713742554187775,0.03757552430033684,0.10597454011440277,0.10597454011440277,-0.5300726294517517,0.2767691910266876,0.0037164618261158466,0.07379428297281265,-0.02248270995914936,0.07713742554187775,0.03757552430033684,4-6deg,0.00-0.04,0.0,0.0,0.0,0.0
169,23,True,True,0.11113787442445755,0.10120578855276108,0.10548058897256851,0.20692117512226105,3.319999933242798,1.0529439449310303,0.2524801790714264,0.007143157999962568,-0.01712658628821373,0.20692117512226105,0.10548058897256851,-0.01998923160135746,0.023772897198796272,0.7835066318511963,0.227092906832695,0.2062111794948578,0.20695260167121887,>=0.15,False,True,False,True,True,False,False,False,True,0.09528715163469315,-0.161629781126976,0.23224566876888275,0.7635955214500427,0.7635955214500427,0.07999999821186066,0.10548058897256851,-0.020273074507713318,0.020273074507713318,-0.012062011286616325,-0.012602031230926514,0.017445601522922516,0.008155797608196735,0.010841656476259232,0.0003452669770922512,-0.02080066315829754,0.2058730274438858,0.007635955233126879,-0.012224983423948288,-0.013043326325714588,0.017877601087093353,0.0075219725258648396,0-2deg,0.00-0.04,0.0,0.0,0.0,0.0
170,10,True,True,0.05938281491398811,0.05938281491398811,0.04793976992368698,0.12818393111228943,3.6399998664855957,1.0226973295211792,0.26693195104599,0.023973405361175537,0.0738462433218956,0.12818393111228943,0.04793976992368698,-0.019997717812657356,-0.050507042557001114,0.7410899996757507,0.28178995847702026,0.10477524995803833,0.1117759644985199,0.10-0.15,False,True,False,True,True,False,False,False,True,0.053081948310136795,-0.23838302493095398,0.3362422287464142,0.3213876783847809,0.4392068386077881,0.07999999821186066,0.04793976992368698,-0.02007858082652092,0.02007858082652092,-0.0033217703457921743,-0.05186020955443382,0.051965948194265366,0.04296838864684105,0.005930163897573948,0.001035800902172923,0.07867760211229324,0.10119760781526566,0.004392068367451429,-0.0011343143414705992,-0.05318518355488777,0.05319756269454956,0.04228062555193901,2-4deg,0.04-0.08,0.0,0.0,0.0,0.0
171,26,True,True,0.0795450508594513,0.0795450508594513,0.0714268758893013,0.1493598371744156,2.5199999809265137,1.1348698139190674,0.3233126699924469,0.005144943483173847,-0.09203445911407471,0.1493598371744156,0.0714268758893013,-0.020013559609651566,0.0978645533323288,0.8287439346313477,0.33929821848869324,0.1176351010799408,0.12517888844013214,0.10-0.15,False,True,False,True,True,False,False,False,True,0.07456830143928528,-0.43194282054901123,0.17879073321819305,0.14894890785217285,0.3974672555923462,0.09999999403953552,0.0714268758893013,-0.020013559609651566,0.020013559609651566,0.012135258875787258,0.05724678561091423,0.05851760506629944,0.03928372263908386,0.18260589241981506,0.0007720404537394643,-0.09625972807407379,0.11420343071222305,0.00397467240691185,0.014564022421836853,0.05522387847304344,0.05711057782173157,0.039732228964567184,2-4deg,0.00-0.04,0.0,0.0,0.0,0.0
172,59,True,True,0.03879082202911377,0.035415612161159515,0.015601896680891514,0.17292575538158417,3.8999998569488525,0.8990562558174133,0.2616603374481201,-0.11475856602191925,0.010464370250701904,0.17292575538158417,0.015601896680891514,-0.019587280228734016,-0.12475065886974335,0.7909368872642517,0.3078845143318176,0.17260883748531342,0.18859969079494476,>=0.15,False,True,False,True,True,False,False,False,True,0.030801886692643166,-0.2949729859828949,0.3091737627983093,0.30787205696105957,0.9478341341018677,0.25999999046325684,0.015601896680891514,-0.020118748769164085,0.020118748769164085,-0.054971758276224136,-0.01029210351407528,0.05592561513185501,0.00857084896415472,0.146872878074646,0.007348609156906605,0.0016141533851623535,0.17291823029518127,0.009478340856730938,-0.05220576748251915,-0.009343348443508148,0.05303477123379707,0.015801159664988518,2-4deg,0.00-0.04,0.0,0.0,0.0,0.0
173,13,False,False,0.466011643409729,0.466011643409729,0.0,0.0,2.8399999141693115,2.9484646320343018,0.5296763777732849,-3.164452075958252,-3.3978567123413086,3.412475109100342,0.43745705485343933,-0.04475308954715729,-0.07035795599222183,2.0901830196380615,0.8906377553939819,0.3155255615711212,0.21874772012233734,>=0.15,True,True,False,False,False,False,False,True,False,0.0,0.0,0.0,0.0,0.0,0.0,0.43745705485343933,-0.04475308954715729,0.04475308954715729,0.0,0.0,0.0,0.0,0.0,1.5928280353546143,-3.4030654430389404,0.2532442510128021,0.0,-0.01752489246428013,0.03144025057554245,0.035992611199617386,0.06279941648244858,0-2deg,0.00-0.04,0.0,0.0,0.0,0.0
174,60,True,True,0.06573138386011124,0.06407351046800613,0.055620379745960236,0.18717850744724274,1.9199999570846558,1.1540906429290771,0.3334021270275116,0.009662491269409657,-0.061002377420663834,0.18717850744724274,0.055620379745960236,-0.019995860755443573,0.06981267780065536,0.4755527675151825,0.2977699339389801,0.17695903778076172,0.18359901010990143,>=0.15,False,True,False,True,True,False,False,False,True,0.055387772619724274,-0.4489806294441223,0.17263953387737274,0.1759575754404068,0.6039697527885437,0.09999999403953552,0.055620379745960236,-0.02001599408686161,0.02001599408686161,0.04391998425126076,-0.002148102968931198,0.04397190734744072,0.017190873622894287,0.1982165426015854,0.0005980199784971774,-0.06870345771312714,0.17411383986473083,0.006039697211235762,0.0444612093269825,-0.00092533347196877,0.044470783323049545,0.016299793496727943,2-4deg,0.00-0.04,0.0,0.0,0.0,0.0
175,32,True,False,0.21437382698059082,0.21316148340702057,0.0,0.0,2.180000066757202,1.2540664672851562,0.46669653058052063,-0.03619147092103958,-0.09084156155586243,0.19315367937088013,0.21145980060100555,-0.0202131737023592,0.06839088350534439,1.0401029586791992,0.4418785870075226,0.17045865952968597,0.1022096574306488,0.10-0.15,True,True,False,True,False,False,False,True,True,0.21145980060100555,-0.09721895307302475,0.16690361499786377,0.9803317785263062,0.9803317785263062,0.0,0.21145980060100555,-0.0202131737023592,0.0202131737023592,-0.07648251205682755,0.001339745125733316,0.07649431377649307,0.010026603005826473,0.0026067092549055815,0.0026067092549055815,-0.09721895307302475,0.16690361499786377,0.009803317487239838,-0.07648251205682755,0.001339745125733316,0.07649431377649307,0.010026603005826473,4-6deg,0.00-0.04,0.0,0.0,0.0,0.0
176,36,True,False,0.24491581320762634,0.11387164145708084,0.0,0.0,3.5999999046325684,1.1335539817810059,0.25305360555648804,0.006652653682976961,-0.06850189715623856,0.13540978729724884,0.24239005148410797,-0.019999174401164055,0.0760463997721672,0.7475743889808655,0.25999584794044495,0.11680454015731812,0.12210758030414581,0.10-0.15,True,True,False,True,False,False,False,True,True,0.10945200175046921,-0.09286908060312271,0.17084677517414093,0.10644402354955673,0.8917118906974792,0.0,0.24239005148410797,-0.02012115716934204,0.02012115716934204,-0.011215133592486382,-0.000984882120974362,0.011257033795118332,0.0030260852072387934,0.056732356548309326,0.00048828125,-0.06866417080163956,0.11670921742916107,0.008917118422687054,0.0003061386232730001,-0.001380960806272924,0.001423572306521237,0.00986403040587902,0-2deg,0.00-0.04,0.0,0.0,0.0,0.0
177,57,True,True,0.057647742331027985,0.04540068656206131,0.04576389491558075,0.1727350503206253,2.419999837875366,1.142516016960144,0.33473828434944153,-0.021388916298747063,0.07133467495441437,0.1727350503206253,0.04576389491558075,-0.020076466724276543,-0.09413924068212509,0.5321735143661499,0.2901584506034851,0.1573173850774765,0.1656491607427597,>=0.15,False,True,False,True,True,False,False,False,True,0.04996113106608391,-0.2720578610897064,0.27776315808296204,0.1163269579410553,1.3934623003005981,0.41999998688697815,0.04576389491558075,-0.020131917670369148,0.020131917670369148,0.011940596625208855,0.045916974544525146,0.047443173825740814,0.07921943068504333,0.10878697782754898,0.003875614609569311,0.07586465775966644,0.1551835983991623,0.013934622518718243,-0.01800050400197506,0.03378504887223244,0.03828028589487076,0.08069463074207306,2-4deg,0.04-0.08,0.0,0.0,0.0,0.0
178,34,True,True,0.12172848731279373,0.11816941201686859,0.11655707657337189,0.1420569270849228,2.2200000286102295,1.2204959392547607,0.3496464788913727,0.017742859199643135,0.06888401508331299,0.1420569270849228,0.11655707657337189,-0.019992796704173088,-0.05118506774306297,0.4898435175418854,0.272582083940506,0.12423832714557648,0.12189676612615585,0.10-0.15,False,True,False,True,True,False,False,False,True,0.11367680877447128,0.07061830163002014,0.12451132386922836,0.6780570149421692,0.6780570149421692,0.05999999865889549,0.11655707657337189,-0.020016133785247803,0.020016133785247803,0.08316867798566818,-0.05571394041180611,0.10006970912218094,0.02881004847586155,0.0019531252328306437,0.0009134905994869769,0.08000442385673523,0.11738596111536026,0.0067805699072778225,0.08246763795614243,-0.056646380573511124,0.10001242160797119,0.029576722532510757,4-6deg,0.00-0.04,0.0,0.0,0.0,0.0
179,0,True,False,0.13189184665679932,0.13189184665679932,0.0,0.0,5.059999942779541,1.0035725831985474,0.20274858176708221,-0.4011257588863373,-0.4862581789493561,0.5251285433769226,0.12855249643325806,-0.01380893774330616,0.08239885419607162,0.5772251486778259,0.18594852089881897,0.19827499985694885,0.24234315752983093,>=0.15,True,True,False,True,False,False,False,True,True,0.12855249643325806,-0.5006081461906433,0.15859225392341614,0.11083786189556122,0.11083786189556122,0.0,0.12855249643325806,-0.01380893774330616,0.01380893774330616,0.07678195089101791,-0.03151289373636246,0.08298565447330475,0.017172887921333313,0.09429851174354553,0.09429851174354553,-0.5006081461906433,0.15859225392341614,0.0011083786375820637,0.07678195089101791,-0.03151289373636246,0.08298565447330475,0.017172887921333313,4-6deg,0.00-0.04,0.0,0.0,0.0,0.0
180,31,True,True,0.0996549054980278,0.09054157882928848,0.09330473095178604,0.23983949422836304,2.259999990463257,0.9926969408988953,0.36983317136764526,-0.004764718469232321,-0.12982459366321564,0.23983949422836304,0.09330473095178604,-0.020006490871310234,0.12439855933189392,0.5227960348129272,0.25095871090888977,0.20166446268558502,0.2012593299150467,>=0.15,False,True,False,True,True,False,False,False,True,0.08372131735086441,-0.29572251439094543,0.022609228268265724,0.5930308699607849,0.5930308699607849,0.07999999821186066,0.09330473095178604,-0.020025184378027916,0.020025184378027916,-0.01659189723432064,-0.042929522693157196,0.04602181538939476,0.04275854304432869,0.009076022543013096,0.0009134905994869769,-0.1382564902305603,0.19597990810871124,0.005930308718234301,-0.01685645803809166,-0.0454179011285305,0.04844311997294426,0.04063808545470238,2-4deg,0.04-0.08,0.0,0.0,0.0,0.0
181,28,True,False,0.1447213888168335,0.1447213888168335,0.0,0.0,1.0799999237060547,1.269484043121338,0.6589040160179138,-0.3885912001132965,-0.501570999622345,0.5423281788825989,0.14119397103786469,-0.016211658716201782,0.11150313168764114,0.4513057470321655,0.30857256054878235,0.20626766979694366,0.20062294602394104,>=0.15,True,True,False,True,False,False,False,True,True,0.14119397103786469,-0.49895986914634705,0.21250618994235992,0.1265586018562317,0.1265586018562317,0.0,0.14119397103786469,-0.016211658716201782,0.016211658716201782,-0.008336292579770088,-0.009319474920630455,0.01250141579657793,0.060265980660915375,0.05292334035038948,0.05292334035038948,-0.49895986914634705,0.21250618994235992,0.0012655860045924783,-0.008336292579770088,-0.009319474920630455,0.01250141579657793,0.060265980660915375,0-2deg,0.04-0.08,0.0,0.0,0.0,0.0
182,42,True,True,0.11541423201560974,0.10676839202642441,0.10996273905038834,0.20345540344715118,2.0399999618530273,1.1040034294128418,0.2871647775173187,-0.002147758612409234,-0.1313580721616745,0.20345540344715118,0.10996273905038834,-0.02002483233809471,0.12623608112335205,0.723037600517273,0.3607962727546692,0.15536780655384064,0.15231791138648987,>=0.15,False,True,False,True,True,False,False,False,True,0.10162431746721268,-0.5193902254104614,0.0803239718079567,0.3739003837108612,0.3739003837108612,0.07999999821186066,0.10996273905038834,-0.02002483233809471,0.02002483233809471,0.008558227680623531,-0.02488245815038681,0.02631363831460476,0.042875275015830994,0.07576626539230347,0.0009765625,-0.1282965987920761,0.15790529549121857,0.0037390037905424833,0.005997309926897287,-0.024546761065721512,0.025268930941820145,0.043214209377765656,0-2deg,0.04-0.08,0.0,0.0,0.0,0.0
183,7,True,True,0.08316385000944138,0.06951399147510529,0.07544762641191483,0.25988808274269104,2.2200000286102295,0.966579020023346,0.3028828799724579,0.0033942756708711386,-0.11683665961027145,0.25988808274269104,0.07544762641191483,-0.020013393834233284,0.11952748149633408,0.6330834031105042,0.34141823649406433,0.23214435577392578,0.2288261353969574,>=0.15,False,True,False,True,True,False,False,False,True,0.05863345041871071,-0.4354102313518524,0.08717484027147293,0.11760006844997406,0.29374292492866516,0.09999999403953552,0.07544762641191483,-0.020013393834233284,0.020013393834233284,0.00800271611660719,0.011503458023071289,0.014012170024216175,0.011383676901459694,0.02419639192521572,0.001091830083169043,-0.11663796007633209,0.23224425315856934,0.002937429118901491,0.008039485663175583,0.010584218427538872,0.013291755691170692,0.011613704264163971,0-2deg,0.00-0.04,0.0,0.0,0.0,0.0
184,22,True,False,0.22346000373363495,0.2103157937526703,0.0,0.0,1.4399999380111694,1.4560620784759521,0.6337778568267822,-0.562238335609436,-0.6864005923271179,0.6913975477218628,0.22059085965156555,-0.020021120086312294,0.13914816081523895,0.5926433801651001,0.20266996324062347,0.08297478407621384,0.16205155849456787,>=0.15,True,True,False,True,False,False,False,True,True,0.22059085965156555,-0.6847633719444275,0.09554935991764069,0.2992233633995056,0.2992233633995056,0.0,0.22059085965156555,-0.020021120086312294,0.020021120086312294,-0.014431326650083065,0.044714439660310745,0.046983473002910614,0.022893471643328667,0.004670689348131418,0.004670689348131418,-0.6847633719444275,0.09554935991764069,0.00299223349429667,-0.014431326650083065,0.044714439660310745,0.046983473002910614,0.022893471643328667,2-4deg,0.00-0.04,0.0,0.0,0.0,0.0
185,24,True,True,0.10845662653446198,0.09955631196498871,0.10261872410774231,0.20586681365966797,4.920000076293945,1.0042263269424438,0.21120312809944153,0.029372770339250565,0.09422773867845535,0.20586681365966797,0.10261872410774231,-0.019998889416456223,-0.06911443173885345,0.8194146752357483,0.2543107271194458,0.18303628265857697,0.1939384788274765,>=0.15,False,True,False,True,True,False,False,False,True,0.09575150907039642,-0.3255120813846588,0.2737792730331421,0.1851685494184494,0.8764415979385376,0.09999999403953552,0.10261872410774231,-0.020226668566465378,0.020226668566465378,-0.03144633769989014,-0.057707078754901886,0.06571060419082642,0.043178677558898926,0.0653446763753891,0.001035800902172923,0.10551182925701141,0.17677216231822968,0.008764415979385376,-0.028096314519643784,-0.05656243488192558,0.06314999610185623,0.04529883712530136,2-4deg,0.04-0.08,0.0,0.0,0.0,0.0
186,49,True,True,0.1038215309381485,0.09513622522354126,0.09774517267942429,0.1470222771167755,3.3399999141693115,1.0820527076721191,0.25668689608573914,0.005221603438258171,0.010199597105383873,0.1470222771167755,0.09774517267942429,-0.01998293586075306,-0.006226497236639261,0.6205392479896545,0.22388800978660583,0.14666804671287537,0.149017333984375,0.10-0.15,False,True,False,True,True,False,False,False,True,0.09039002656936646,-0.4414382874965668,0.14522063732147217,0.16662798821926117,1.0891399383544922,0.11999999731779099,0.09774517267942429,-0.020172087475657463,0.020172087475657463,0.02773193083703518,-0.02634301222860813,0.03824756667017937,0.049051135778427124,0.09156029671430588,0.0,0.005366475321352482,0.14692430198192596,0.010891399346292019,0.022806722670793533,-0.025747152045369148,0.03439347445964813,0.05013969540596008,2-4deg,0.04-0.08,0.0,0.0,0.0,0.0
187,61,True,True,0.1176489070057869,0.1176489070057869,0.1122807040810585,0.19738246500492096,2.3999998569488525,1.242211937904358,0.2821078598499298,-0.004011389799416065,-0.13181538879871368,0.19738246500492096,0.1122807040810585,-0.01954757049679756,0.13006657361984253,0.3383828401565552,0.24799858033657074,0.14691679179668427,0.18870727717876434,>=0.15,False,True,False,True,True,False,False,False,True,0.11697900295257568,-0.10555773228406906,0.17272523045539856,0.022154441103339195,0.03793323412537575,0.09999999403953552,0.1122807040810585,-0.01957157626748085,0.01957157626748085,-0.017208749428391457,0.04736349731683731,0.05039065703749657,0.024972910061478615,0.00850649643689394,0.00905629899352789,-0.13074427843093872,0.14787079393863678,0.0003793323412537575,-0.018349457532167435,0.048941951245069504,0.05226573348045349,0.023706668987870216,2-4deg,0.00-0.04,0.0,0.0,0.0,0.0
188,30,True,False,0.23291108012199402,0.11379421502351761,0.0,0.0,3.1999998092651367,1.1845701932907104,0.25820788741111755,-0.035063158720731735,-0.007810527458786964,0.16651508212089539,0.2302800714969635,-0.019942333921790123,-0.02794063836336136,0.9922845363616943,0.3553221523761749,0.16633179783821106,0.1863594800233841,>=0.15,True,True,False,True,False,False,False,True,True,0.1082073226571083,0.1777016967535019,0.1569482833147049,1.0662646293640137,1.0662646293640137,0.0,0.2302800714969635,-0.020178556442260742,0.020178556442260742,0.03443684056401253,0.034618936479091644,0.04882565140724182,0.029413223266601562,0.006739355158060789,0.0013372133253142238,-0.0008384957909584045,0.16651298105716705,0.010662646032869816,0.032366808503866196,0.05109947919845581,0.06048024073243141,0.014410086907446384,2-4deg,0.00-0.04,0.0,0.0,0.0,0.0
189,52,True,False,0.1668698489665985,0.1668698489665985,0.0,0.0,1.8799999952316284,1.2734441757202148,0.4138457179069519,-0.29245731234550476,-0.36726921796798706,0.4189497232437134,0.16327260434627533,-0.020006483420729637,0.07776335626840591,0.3863970935344696,0.24587424099445343,0.20157429575920105,0.19849936664104462,>=0.15,True,True,False,True,False,False,False,True,True,0.16327260434627533,-0.3793686032295227,0.17775917053222656,0.740016758441925,0.740016758441925,0.0,0.16327260434627533,-0.020006483420729637,0.020006483420729637,0.02066972851753235,0.06870035082101822,0.07173790037631989,0.02488364279270172,0.005828785710036755,0.005828785710036755,-0.3793686032295227,0.17775917053222656,0.007400167640298605,0.02066972851753235,0.06870035082101822,0.07173790037631989,0.02488364279270172,4-6deg,0.00-0.04,0.0,0.0,0.0,0.0
190,56,True,True,0.06178395822644234,0.06178395822644234,0.05081023648381233,0.11358930170536041,3.759999990463257,1.0800830125808716,0.23638567328453064,-0.011771433055400848,-0.09424225986003876,0.11358930170536041,0.05081023648381233,-0.019902903586626053,0.08014252781867981,0.7336878180503845,0.27025023102760315,0.06341076642274857,0.14585618674755096,0.10-0.15,False,True,False,True,True,False,False,False,True,0.058091867715120316,-0.11730627715587616,0.28131288290023804,0.02352052368223667,0.0405765026807785,0.11999999731779099,0.05081023648381233,-0.019995838403701782,0.019995838403701782,0.009101735427975655,0.018586361780762672,0.020696237683296204,0.06284689158201218,0.036187537014484406,0.002264067530632019,-0.09326542168855667,0.0648389607667923,0.00040576502215117216,0.004696550313383341,0.02304999716579914,0.023524349555373192,0.0625450387597084,0-2deg,0.04-0.08,0.0,0.0,0.0,0.0
191,39,True,False,0.15284407138824463,0.09121733903884888,0.0,0.0,2.7200000286102295,1.2006253004074097,0.29666951298713684,0.04394807294011116,-0.11248330771923065,0.1769096851348877,0.14871826767921448,-0.019102713093161583,0.14845965802669525,0.29223957657814026,0.22016435861587524,0.13654500246047974,0.16147691011428833,>=0.15,True,True,False,True,False,False,False,True,True,0.14871826767921448,-0.11348704248666763,0.1357119232416153,0.041369739919900894,0.041369739919900894,0.0,0.14871826767921448,-0.019102713093161583,0.019102713093161583,0.010242680087685585,-0.029172584414482117,0.030917571857571602,0.07244960963726044,0.013363314792513847,0.013363314792513847,-0.11348704248666763,0.1357119232416153,0.00041369738755747676,0.010242680087685585,-0.029172584414482117,0.030917571857571602,0.07244960963726044,0-2deg,0.04-0.08,0.0,0.0,0.0,0.0
192,37,True,True,0.0678456723690033,0.0678456723690033,0.05809856578707695,0.1714859902858734,1.7400000095367432,1.2709872722625732,0.37382397055625916,0.013827454298734665,-0.04213859513401985,0.1714859902858734,0.05809856578707695,-0.019976532086730003,0.05434181168675423,0.4809759557247162,0.2720508277416229,0.16622810065746307,0.17085976898670197,>=0.15,False,True,False,True,True,False,False,False,True,0.05878428369760513,-0.06206497922539711,0.14078529179096222,0.16878554224967957,0.3658880889415741,0.05999999865889549,0.05809856578707695,-0.019991954788565636,0.019991954788565636,-0.0309783723205328,0.0533476322889328,0.06168223172426224,0.013459766283631325,0.0007720404537394643,0.0,-0.0496988445520401,0.16412638127803802,0.003658880712464452,-0.03138797730207443,0.05298418924212456,0.06157577782869339,0.013945876620709896,2-4deg,0.00-0.04,0.0,0.0,0.0,0.0
193,4,True,True,0.10843467712402344,0.10285796225070953,0.1026354506611824,0.23925502598285675,1.959999918937683,1.0687233209609985,0.3255312740802765,-0.028441451489925385,-0.16367241740226746,0.23925502598285675,0.1026354506611824,-0.02000529319047928,0.13432089984416962,0.4944722652435303,0.2877168655395508,0.1745116412639618,0.17093521356582642,>=0.15,False,True,False,True,True,False,False,False,True,0.09683970361948013,-0.09236473590135574,0.2011634111404419,0.03702558949589729,0.1964813619852066,0.05999999865889549,0.1026354506611824,-0.020016061142086983,0.020016061142086983,0.001134533784352243,0.003412615740671754,0.0035881216172128916,0.008246537297964096,0.01089649647474289,0.0,-0.16395238041877747,0.17424863576889038,0.0019648135639727116,0.001092941383831203,0.0037376335822045803,0.0038909639697521925,0.008135156705975533,0-2deg,0.00-0.04,0.0,0.0,0.0,0.0
194,46,True,True,0.08956991136074066,0.07226864993572235,0.08246142417192459,0.22572819888591766,2.180000066757202,1.0137500762939453,0.42481139302253723,0.005698290653526783,-0.034073591232299805,0.22572819888591766,0.08246142417192459,-0.019994914531707764,0.03976082429289818,0.4490611255168915,0.27650174498558044,0.22314167022705078,0.2259412258863449,>=0.15,False,True,False,True,True,False,False,False,True,0.058080218732357025,-0.30749014019966125,0.2314845472574234,0.16489331424236298,0.9631755352020264,0.11999999731779099,0.08246142417192459,-0.020006664097309113,0.020006664097309113,0.0077749895863235,0.0770348533987999,0.07742539048194885,0.007003024686127901,0.08332221955060959,0.00048828125,-0.04655912145972252,0.22087432444095612,0.009631754830479622,0.008245849050581455,0.0763852596282959,0.07682818919420242,0.009151238016784191,4-6deg,0.00-0.04,0.0,0.0,0.0,0.0
195,15,True,True,0.1196257695555687,0.08728858828544617,0.11453557759523392,0.07470519095659256,3.4600000381469727,1.0059224367141724,0.20766714215278625,-0.10747385770082474,0.017133250832557678,0.07470519095659256,0.11453557759523392,-0.01859126426279545,-0.1193251758813858,1.2082959413528442,0.3419739603996277,0.0727139413356781,0.0693732351064682,0.05-0.10,False,True,False,True,True,False,False,False,True,0.08106411248445511,-0.25630703568458557,0.1585932970046997,0.3616929054260254,1.4230107069015503,0.7999999523162842,0.11453557759523392,-0.020124807953834534,0.020124807953834534,0.03569318354129791,0.013406976126134396,0.038127351552248,0.050724320113658905,0.07220125943422318,0.029120363295078278,0.014949663542211056,0.07319407165050507,0.014230106957256794,0.0007423774222843349,0.03175370767712593,0.03176214173436165,0.04928969591856003,2-4deg,0.04-0.08,0.0,0.0,0.0,0.0
196,47,True,False,0.18838465213775635,0.18838465213775635,0.0,0.0,1.71999990940094,1.3339215517044067,0.4983241558074951,0.07214526832103729,0.00032291561365127563,0.13816887140274048,0.18515795469284058,-0.019728610292077065,0.06871669739484787,0.5846660733222961,0.28207358717918396,0.13816849887371063,0.18183310329914093,>=0.15,True,True,False,True,False,False,False,True,True,0.18515795469284058,-0.0035197173710912466,0.13812404870986938,1.2470310926437378,1.2470310926437378,0.0,0.18515795469284058,-0.019728610292077065,0.019728610292077065,-0.03405384719371796,0.00010820995521498844,0.03405379503965378,0.0017796542961150408,0.003183205844834447,0.003183205844834447,-0.0035197173710912466,0.13812404870986938,0.012470310553908348,-0.03405384719371796,0.00010820995521498844,0.03405379503965378,0.0017796542961150408,0-2deg,0.00-0.04,0.0,0.0,0.0,0.0
197,40,True,False,0.1289966106414795,0.12823671102523804,0.0,0.0,2.5399999618530273,1.0180917978286743,0.352020263671875,-0.1822022944688797,-0.2067960649728775,0.22992441058158875,0.12508466839790344,-0.015919547528028488,0.017055446282029152,0.7948313355445862,0.3548184633255005,0.10050185024738312,0.19113272428512573,>=0.15,True,True,False,True,False,False,False,True,True,0.12508466839790344,-0.205091193318367,0.10393668711185455,0.13735729455947876,0.13735729455947876,0.0,0.12508466839790344,-0.015919547528028488,0.015919547528028488,0.006886736955493689,-0.01525496318936348,0.01673763431608677,0.05274636298418045,0.07971347868442535,0.07971347868442535,-0.205091193318367,0.10393668711185455,0.001373572857119143,0.006886736955493689,-0.01525496318936348,0.01673763431608677,0.05274636298418045,0-2deg,0.04-0.08,0.0,0.0,0.0,0.0
198,10,True,False,0.1479477882385254,0.1479477882385254,0.0,0.0,1.659999966621399,1.2851054668426514,0.5834253430366516,-0.41041693091392517,-0.2451736032962799,0.45676472783088684,0.1439093053340912,-0.01930735819041729,-0.15668635070323944,0.42178383469581604,0.2872702479362488,0.38538801670074463,0.18647892773151398,>=0.15,True,True,False,True,False,False,False,True,True,0.1439093053340912,-0.2767525017261505,0.3633759319782257,0.022090543061494827,0.022090543061494827,0.0,0.1439093053340912,-0.01930735819041729,0.01930735819041729,-0.07067102938890457,-0.06097056344151497,0.0933038666844368,0.023117346689105034,0.009630449116230011,0.009630449116230011,-0.2767525017261505,0.3633759319782257,0.00022090542188379914,-0.07067102938890457,-0.06097056344151497,0.0933038666844368,0.023117346689105034,4-6deg,0.00-0.04,0.0,0.0,0.0,0.0
199,18,True,True,0.10732612013816833,0.09916146099567413,0.10145315527915955,0.218483105301857,2.4800000190734863,1.0558136701583862,0.30578237771987915,0.0012734290212392807,-0.12387789785861969,0.218483105301857,0.10145315527915955,-0.020004218444228172,0.1276209056377411,0.48382213711738586,0.24134209752082825,0.17996980249881744,0.17938873171806335,>=0.15,False,True,False,True,True,False,False,False,True,0.09221964329481125,-0.5393082499504089,0.0070046428591012955,0.16912896931171417,0.28127437829971313,0.09999999403953552,0.10145315527915955,-0.02002083510160446,0.02002083510160446,-0.014772802591323853,-0.018596835434436798,0.02374880388379097,0.04210253804922104,0.06299396604299545,0.0009765625,-0.12552504241466522,0.17882484197616577,0.002812743652611971,-0.011404130607843399,-0.01820911280810833,0.02148478850722313,0.04265795275568962,0-2deg,0.04-0.08,0.0,0.0,0.0,0.0
200,12,True,True,0.059733156114816666,0.057766709476709366,0.04837781563401222,0.1691628396511078,1.9799998998641968,1.0388563871383667,0.28587254881858826,0.014262220822274685,-0.0799742266535759,0.1691628396511078,0.04837781563401222,-0.019985949620604515,0.09344522655010223,0.5419827103614807,0.3291001319885254,0.14906437695026398,0.14993536472320557,0.10-0.15,False,True,False,True,True,False,False,False,True,0.04802777245640755,-0.4447591304779053,0.09154646098613739,0.1007550060749054,0.36358264088630676,0.09999999403953552,0.04837781563401222,-0.02003067545592785,0.02003067545592785,-0.03410467132925987,0.06918173283338547,0.07711963355541229,0.032193247228860855,0.10404624789953232,0.0007720404537394643,-0.07274601608514786,0.15272222459316254,0.003635826287791133,-0.03228205442428589,0.07094213366508484,0.07793080806732178,0.031213516369462013,4-6deg,0.00-0.04,0.0,0.0,0.0,0.0
201,16,True,False,0.13651065528392792,0.13590757548809052,0.0,0.0,2.799999952316284,1.2754334211349487,0.3136318325996399,0.0022841619793325663,-0.13833807408809662,0.157282754778862,0.13165080547332764,-0.019691111519932747,0.14961360394954681,0.7219356894493103,0.3465977907180786,0.07483610510826111,0.2324371635913849,>=0.15,True,True,False,True,False,False,False,True,True,0.13165080547332764,-0.13883250951766968,0.0739147886633873,0.036429278552532196,0.036429278552532196,0.0,0.13165080547332764,-0.019817272201180458,0.019817272201180458,-0.008843783289194107,-0.008059470914304256,0.011965452693402767,0.06873145699501038,0.006137609947472811,0.006137609947472811,-0.13883250951766968,0.0739147886633873,0.00036429279134608805,-0.008843783289194107,-0.008059470914304256,0.011965452693402767,0.06873145699501038,0-2deg,0.04-0.08,0.0,0.0,0.0,0.0
202,33,True,True,0.11465709656476974,0.11465709656476974,0.10916576534509659,0.07071685791015625,2.2799999713897705,1.3396058082580566,0.4043661952018738,0.020060528069734573,-0.05952657759189606,0.07071685791015625,0.10916576534509659,-0.01997622847557068,0.07955431193113327,1.0620841979980469,0.4527963101863861,0.038176700472831726,0.039276693016290665,0.00-0.05,False,True,False,True,True,False,False,False,True,0.11008652299642563,-0.1498836874961853,0.2759386897087097,0.9102465510368347,0.9102465510368347,0.07999999821186066,0.10916576534509659,-0.020275810733437538,0.020275810733437538,-0.08316586911678314,0.03247184678912163,0.08926696330308914,0.039430804550647736,0.01013114396482706,0.0,-0.056804534047842026,0.04212028905749321,0.009102465584874153,-0.08384699374437332,0.03469470888376236,0.09072598814964294,0.03806471824645996,4-6deg,0.00-0.04,0.0,0.0,0.0,0.0
203,9,True,True,0.0932241752743721,0.09108372777700424,0.08639322966337204,0.24376259744167328,1.9199999570846558,1.359131097793579,0.5254865288734436,-0.029785549268126488,-0.17380154132843018,0.24376259744167328,0.08639322966337204,-0.02001063898205757,0.14747226238250732,0.3663444221019745,0.20469993352890015,0.1709187775850296,0.16471117734909058,>=0.15,False,True,False,True,True,False,False,False,True,0.08901376277208328,-0.6285684704780579,0.23566934466362,0.300353467464447,1.1461691856384277,0.09999999403953552,0.08639322966337204,-0.020186681300401688,0.020186681300401688,0.08436710387468338,0.002694669645279646,0.0844101756811142,0.018427923321723938,0.16862381994724274,0.0003452669770922512,-0.18065132200717926,0.16366218030452728,0.011461691930890083,0.08539146929979324,0.0036032337229698896,0.08546755462884903,0.015861302614212036,4-6deg,0.00-0.04,0.0,0.0,0.0,0.0
204,59,True,True,0.09073992073535919,0.08442999422550201,0.08371114730834961,0.04706102982163429,1.7799999713897705,1.0089406967163086,0.3865874111652374,0.010662965476512909,0.022691424936056137,0.04706102982163429,0.08371114730834961,-0.019988803192973137,-0.012070924043655396,0.27256932854652405,0.12821823358535767,0.041229113936424255,0.03963150084018707,0.00-0.05,False,True,False,True,True,False,False,False,True,0.0836571604013443,-0.06698578596115112,0.08639716356992722,0.023446738719940186,0.2045757919549942,0.09999999403953552,0.08371114730834961,-0.020042777061462402,0.020042777061462402,-0.03946954756975174,-0.022266563028097153,0.04531416669487953,0.012586851604282856,0.053634073585271835,0.0003452669770922512,0.02257983386516571,0.04129032790660858,0.0020457578357309103,-0.03910592943429947,-0.021287111565470695,0.04452170059084892,0.01353444904088974,2-4deg,0.00-0.04,0.0,0.0,0.0,0.0
205,1,True,False,0.16496607661247253,0.16496607661247253,0.0,0.0,2.259999990463257,1.1309819221496582,0.38027963042259216,-0.39380326867103577,-0.5012049078941345,0.5804365873336792,0.16158777475357056,-0.017809098586440086,0.11251596361398697,0.7105143070220947,0.35929185152053833,0.29274606704711914,0.1974727064371109,>=0.15,True,True,False,True,False,False,False,True,True,0.16158777475357056,-0.5114324688911438,0.27448761463165283,0.025673819705843925,0.025673819705843925,0.0,0.16158777475357056,-0.017809098586440086,0.017809098586440086,-0.017993925139307976,-0.032811377197504044,0.03742026910185814,0.028470702469348907,0.03863992169499397,0.03863992169499397,-0.5114324688911438,0.27448761463165283,0.0002567381889093667,-0.017993925139307976,-0.032811377197504044,0.03742026910185814,0.028470702469348907,2-4deg,0.00-0.04,0.0,0.0,0.0,0.0
206,5,True,True,0.10251974314451218,0.03916887566447258,0.0963575541973114,0.27972161769866943,2.5199999809265137,1.2299673557281494,0.3812602162361145,-0.13384345173835754,0.018323838710784912,0.27972161769866943,0.0963575541973114,-0.02004273608326912,-0.15221863985061646,0.5879984498023987,0.259020060300827,0.2791208028793335,0.24392129480838776,>=0.15,False,True,False,True,True,False,False,False,True,0.01811501756310463,-0.15271079540252686,0.13545358180999756,0.1467362642288208,0.8021250367164612,0.3799999952316284,0.0963575541973114,-0.020117800682783127,0.020117800682783127,-0.011809665709733963,-0.021863343194127083,0.02484787069261074,0.06463591009378433,0.055487774312496185,0.0008457279182039201,0.0189227145165205,0.2790808379650116,0.008021250367164612,-0.03062240593135357,-0.033597227185964584,0.04545474052429199,0.05763033404946327,0-2deg,0.04-0.08,0.0,0.0,0.0,0.0
207,54,True,True,0.1204991489648819,0.058139607310295105,0.11527504771947861,0.21339119970798492,5.039999961853027,0.8950235247612,0.14853590726852417,-0.017039038240909576,-0.14927873015403748,0.21339119970798492,0.11527504771947861,-0.02001434750854969,0.13668084144592285,0.8351248502731323,0.2840223014354706,0.1524849534034729,0.13562774658203125,0.10-0.15,False,True,False,True,True,False,False,False,True,0.041345834732055664,-0.13454294204711914,0.25414639711380005,0.06588984280824661,0.6916583776473999,2.7200000286102295,0.11527504771947861,-0.020144034177064896,0.020144034177064896,-0.02855302020907402,-0.07715843617916107,0.08226199448108673,0.03872400522232056,0.07923147082328796,0.0009765625,-0.1575777232646942,0.1438925564289093,0.006916583515703678,0.05188918486237526,0.0370049886405468,0.06372259557247162,0.05804211273789406,4-6deg,0.00-0.04,0.0,0.0,0.0,0.0
208,25,True,True,0.07388647645711899,0.06451420485973358,0.0650801733136177,0.23299720883369446,3.0199999809265137,1.0278408527374268,0.32371726632118225,0.00395518634468317,-0.07176848500967026,0.23299720883369446,0.0650801733136177,-0.02001117169857025,0.07730914652347565,0.7495166659355164,0.3512941002845764,0.22166864573955536,0.22372330725193024,>=0.15,False,True,False,True,True,False,False,False,True,0.05392468720674515,-0.4159506559371948,0.059479277580976486,0.10592103749513626,0.2611617147922516,0.07999999821186066,0.0650801733136177,-0.02001117169857025,0.02001117169857025,-0.002732465974986553,-0.011336283758282661,0.011662732809782028,0.024096759036183357,0.008097250945866108,0.0005980199784971774,-0.0699281170964241,0.22225607931613922,0.0026116170920431614,-0.0027210060507059097,-0.012772008776664734,0.013056482188403606,0.023755820468068123,0-2deg,0.00-0.04,0.0,0.0,0.0,0.0
209,6,True,True,0.07544344663619995,0.0673011839389801,0.06683411449193954,0.24952013790607452,3.1999998092651367,1.1188350915908813,0.31945228576660156,0.006486107595264912,-0.11109422892332077,0.24952013790607452,0.06683411449193954,-0.01999782584607601,0.1163906455039978,0.5416547060012817,0.334929496049881,0.22342419624328613,0.22306518256664276,>=0.15,False,True,False,True,True,False,False,False,True,0.055653952062129974,-0.4430615305900574,0.07574144750833511,0.10056772083044052,0.30223920941352844,0.07999999821186066,0.06683411449193954,-0.020005298778414726,0.020005298778414726,-0.043239664286375046,-0.035823069512844086,0.05614379048347473,0.032704029232263565,0.03926895558834076,0.0009134905994869769,-0.1141171082854271,0.22189542651176453,0.0030223920475691557,-0.04516272246837616,-0.03579561039805412,0.05762102082371712,0.031414568424224854,2-4deg,0.00-0.04,0.0,0.0,0.0,0.0
210,14,True,True,0.10801871865987778,0.10801871865987778,0.10216621309518814,0.06395670771598816,2.200000047683716,1.136024832725525,0.33668002486228943,0.02127378061413765,0.04596371203660965,0.06395670771598816,0.10216621309518814,-0.01997300609946251,-0.023959405720233917,1.0552167892456055,0.46826472878456116,0.04447243735194206,0.054596658796072006,0.05-0.10,False,True,False,True,True,False,False,False,True,0.1080135852098465,-0.455172598361969,0.15025542676448822,0.17216049134731293,0.4299629330635071,0.09999999403953552,0.10216621309518814,-0.020075054839253426,0.020075054839253426,0.024129804223775864,-0.030875125899910927,0.0391838438808918,0.015186766162514687,0.1288992464542389,0.00048828125,0.046970028430223465,0.04340825229883194,0.004299629013985395,0.02393549121916294,-0.03203239291906357,0.03998511657118797,0.01415742002427578,2-4deg,0.00-0.04,0.0,0.0,0.0,0.0
211,20,True,True,0.11909636110067368,0.11689653992652893,0.11384192854166031,0.1453566998243332,2.0999999046325684,1.1891069412231445,0.44942590594291687,0.013326114974915981,0.0741269513964653,0.1453566998243332,0.11384192854166031,-0.01998695731163025,-0.060932427644729614,0.4430467486381531,0.2883780300617218,0.12503504753112793,0.12688380479812622,0.10-0.15,False,True,False,True,True,False,False,False,True,0.11739481985569,-0.3958018124103546,0.10310318320989609,0.15317660570144653,0.6149313449859619,0.1599999964237213,0.11384192854166031,-0.020129749551415443,0.020129749551415443,-0.004222441930323839,0.004193713888525963,0.0059502325020730495,0.039334725588560104,0.00444845762103796,0.0,0.07389815896749496,0.12517040967941284,0.006149313412606716,0.0012903334572911263,0.004341642372310162,0.004528137855231762,0.03940119966864586,0-2deg,0.00-0.04,0.0,0.0,0.0,0.0
212,27,True,True,0.12056274712085724,0.11401081830263138,0.11533142626285553,0.24969060719013214,3.2200000286102295,0.9699301719665527,0.27200832962989807,-0.03692936897277832,-0.21752579510211945,0.24969060719013214,0.11533142626285553,-0.019959885627031326,0.18364083766937256,0.6931350231170654,0.2739802896976471,0.12258846312761307,0.12925951182842255,0.10-0.15,False,True,False,True,True,False,False,False,True,0.1118706539273262,-0.13978742063045502,0.15588819980621338,0.020773012191057205,0.12617038190364838,0.1599999964237213,0.11533142626285553,-0.019959885627031326,0.019959885627031326,0.04738317430019379,-0.008733969181776047,0.0481802299618721,0.04300447553396225,0.010608233511447906,0.0008457279182039201,-0.21090804040431976,0.13365332782268524,0.0012617037864401937,0.05150596797466278,-0.0127644632011652,0.05306287482380867,0.039331428706645966,2-4deg,0.04-0.08,0.0,0.0,0.0,0.0
213,44,True,True,0.09164445102214813,0.0861259400844574,0.08468673378229141,0.1230747401714325,2.259999990463257,1.126238226890564,0.30501270294189453,0.011669344268739223,-0.031724318861961365,0.1230747401714325,0.08468673378229141,-0.019975652918219566,0.04218578338623047,1.508366584777832,0.6048834323883057,0.11891576647758484,0.11378710716962814,0.10-0.15,False,True,False,True,True,False,False,False,True,0.07894831150770187,-0.4145588278770447,0.20281922817230225,0.3179381787776947,0.3223115801811218,0.07999999821186066,0.08468673378229141,-0.020004091784358025,0.020004091784358025,-0.007089291233569384,0.016819696873426437,0.018253745511174202,0.013917303644120693,0.022980868816375732,0.0,-0.030039865523576736,0.11935240775346756,0.003223115811124444,-0.007100990973412991,0.015972906723618507,0.017479734495282173,0.014308941550552845,0-2deg,0.00-0.04,0.0,0.0,0.0,0.0
214,50,True,False,0.1673472374677658,0.1673472374677658,0.0,0.0,2.379999876022339,1.307958722114563,0.3598703145980835,-0.255268394947052,-0.35667532682418823,0.3648993968963623,0.16387364268302917,-0.01881193369626999,0.09792979061603546,0.8209980130195618,0.36456018686294556,0.07703429460525513,0.18046028912067413,>=0.15,True,True,False,True,False,False,False,True,True,0.16387364268302917,-0.3565329611301422,0.07769062370061874,0.23106439411640167,0.23106439411640167,0.0,0.16387364268302917,-0.01881193369626999,0.01881193369626999,-0.016658887267112732,-0.011768086813390255,0.020394500344991684,0.04514976218342781,0.02339985780417919,0.02339985780417919,-0.3565329611301422,0.07769062370061874,0.0023106439039111137,-0.016658887267112732,-0.011768086813390255,0.020394500344991684,0.04514976218342781,0-2deg,0.04-0.08,0.0,0.0,0.0,0.0
215,61,True,False,0.21734711527824402,0.2122366577386856,0.0,0.0,1.1799999475479126,1.3230228424072266,0.6745244264602661,0.11607852578163147,-0.07033074647188187,0.10234791040420532,0.2141808122396469,-0.019680289551615715,0.17570798099040985,0.5819588303565979,0.3156924843788147,0.0743551030755043,0.013512189500033855,0.00-0.05,True,True,False,True,False,False,False,True,True,0.2141808122396469,-0.06852380186319351,0.07602356374263763,1.7321515083312988,1.7321515083312988,0.0,0.2141808122396469,-0.019680289551615715,0.019680289551615715,-3.486404602881521e-05,-0.025425421074032784,0.02542649768292904,0.04057995602488518,0.008748305961489677,0.008748305961489677,-0.06852380186319351,0.07602356374263763,0.0173215139657259,-3.486404602881521e-05,-0.025425421074032784,0.02542649768292904,0.04057995602488518,0-2deg,0.04-0.08,0.0,0.0,0.0,0.0
216,35,True,True,0.08237864822149277,0.07790548354387283,0.07456406205892563,0.24003425240516663,2.8399999141693115,1.1327637434005737,0.2957933843135834,-0.02421874925494194,-0.15632691979408264,0.24003425240516663,0.07456406205892563,-0.019959965720772743,0.13490521907806396,0.8108065724372864,0.28390300273895264,0.18214921653270721,0.18384069204330444,>=0.15,False,True,False,True,True,False,False,False,True,0.06960159540176392,-0.13406924903392792,0.180426687002182,0.2684304118156433,0.2684304118156433,0.05999999865889549,0.07456406205892563,-0.02001485414803028,0.02001485414803028,0.01727091334760189,0.06486622244119644,0.06712330132722855,0.03929721936583519,0.00048828125,0.0008457279182039201,-0.144514799118042,0.1916557103395462,0.0026843040250241756,0.018111003562808037,0.0661492645740509,0.0685800239443779,0.037380896508693695,2-4deg,0.00-0.04,0.0,0.0,0.0,0.0
217,11,True,True,0.06315884739160538,0.05904780328273773,0.0525650717318058,0.25242069363594055,2.6599998474121094,1.043580174446106,0.3950618505477905,0.008852595463395119,-0.034271858632564545,0.25242069363594055,0.0525650717318058,-0.019983073696494102,0.04163917526602745,0.7323585748672485,0.2857629358768463,0.2500832676887512,0.252339631319046,>=0.15,False,True,False,True,True,False,False,False,True,0.047316305339336395,-0.31491416692733765,0.25081878900527954,0.22950606048107147,0.337623655796051,0.07999999821186066,0.0525650717318058,-0.01998446136713028,0.01998446136713028,-0.080382339656353,0.050480201840400696,0.0948898121714592,0.011281547136604786,0.04033990576863289,0.0,-0.028789211064577103,0.2507735788822174,0.003376236418262124,-0.07983680069446564,0.049945101141929626,0.09414392709732056,0.014192067086696625,4-6deg,0.00-0.04,0.0,0.0,0.0,0.0
218,13,True,True,0.11936765164136887,0.10560563951730728,0.11411283910274506,0.16276025772094727,2.299999952316284,1.032843828201294,0.3592583239078522,0.010237528011202812,-0.05913025885820389,0.16276025772094727,0.11411283910274506,-0.01999814063310623,0.06714117527008057,0.6445188522338867,0.34397488832473755,0.1516394168138504,0.15484550595283508,>=0.15,False,True,False,True,True,False,False,False,True,0.10406728833913803,-0.2441677749156952,0.13672961294651031,0.09269365668296814,0.31732359528541565,0.09999999403953552,0.11411283910274506,-0.01999964937567711,0.01999964937567711,-0.004151562694460154,0.01858338713645935,0.019040124490857124,0.02540777064859867,0.09563925117254257,0.0005980199784971774,-0.058518510311841965,0.1518765538930893,0.0031732358038425446,-0.004291526507586241,0.01652125082910061,0.01706911064684391,0.026248473674058914,0-2deg,0.00-0.04,0.0,0.0,0.0,0.0
219,48,True,True,0.07751215249300003,0.07077673822641373,0.06915489584207535,0.2209589183330536,3.9599997997283936,0.9132587909698486,0.24465973675251007,0.004807297606021166,0.01026915479451418,0.2209589183330536,0.06915489584207535,-0.01999022252857685,-0.006801571696996689,0.68574458360672,0.2597006857395172,0.22072015702724457,0.22284239530563354,>=0.15,False,True,False,True,True,False,False,False,True,0.060480695217847824,-0.3466741144657135,0.12020762264728546,0.1406654566526413,0.18419185280799866,0.07999999821186066,0.06915489584207535,-0.019993901252746582,0.019993901252746582,0.004025719128549099,0.00813982542604208,0.00908258743584156,0.020546890795230865,0.029165366664528847,0.0003452669770922512,0.009470952674746513,0.22075584530830383,0.0018419184489175677,0.0038808544632047415,0.009355572052299976,0.01013114396482706,0.02025844343006611,0-2deg,0.00-0.04,0.0,0.0,0.0,0.0
220,29,True,True,0.0892566666007042,0.0841011181473732,0.08210218697786331,0.16925479471683502,2.5999999046325684,1.0262185335159302,0.3066065013408661,0.01794292964041233,-0.04165060818195343,0.16925479471683502,0.08210218697786331,-0.019982926547527313,0.057809315621852875,0.8066580891609192,0.3684011399745941,0.16405002772808075,0.15298782289028168,>=0.15,False,True,False,True,True,False,False,False,True,0.0763639435172081,-0.17127522826194763,0.06955868750810623,0.08197199553251266,0.29905515909194946,0.09999999403953552,0.08210218697786331,-0.020002497360110283,0.020002497360110283,-0.04276514798402786,0.022973721846938133,0.04854149371385574,0.02361306920647621,0.00322043732739985,0.0,-0.0444258414208889,0.16332033276557922,0.0029905515257269144,-0.04448284953832626,0.022248616442084312,0.04973316192626953,0.02300366759300232,2-4deg,0.00-0.04,0.0,0.0,0.0,0.0
221,55,True,True,0.1242445781826973,0.11423748731613159,0.11921008676290512,0.18850508332252502,5.5,1.0745429992675781,0.2138752043247223,0.003180851461365819,-0.0007522911764681339,0.18850508332252502,0.11921008676290512,-0.019989455118775368,0.0029649336356669664,0.8216337561607361,0.23523035645484924,0.18850357830524445,0.1926373392343521,>=0.15,False,True,False,True,True,False,False,False,True,0.10964572429656982,-0.3584197163581848,0.2052101194858551,0.35947185754776,1.1244069337844849,0.09999999403953552,0.11921008676290512,-0.01999267004430294,0.01999267004430294,-0.04863886535167694,-0.04911879822611809,0.06911201775074005,0.029868589714169502,0.07381752133369446,0.0,-0.0030835065990686417,0.18847985565662384,0.01124406885355711,-0.0466744601726532,-0.04765840247273445,0.06669449061155319,0.03131762892007828,2-4deg,0.00-0.04,0.0,0.0,0.0,0.0
222,36,True,True,0.1165301650762558,0.10488032549619675,0.11114487797021866,0.21301832795143127,2.059999942779541,1.1163991689682007,0.42705053091049194,-0.02608383074402809,-0.13453489542007446,0.21301832795143127,0.11114487797021866,-0.019983218982815742,0.11025752127170563,0.6021820306777954,0.3428347706794739,0.1651580035686493,0.16738185286521912,>=0.15,False,True,False,True,True,False,False,False,True,0.09899625927209854,-0.05595631152391434,0.18411365151405334,1.2167572975158691,1.2167572975158691,0.09999999403953552,0.11114487797021866,-0.02008429728448391,0.02008429728448391,0.04759477823972702,-0.006582899019122124,0.04804762825369835,0.04810423403978348,0.009593240916728973,0.0003452669770922512,-0.12765926122665405,0.1705283522605896,0.012167572975158691,0.04717728868126869,-0.010397803038358688,0.04830877110362053,0.04782739281654358,2-4deg,0.04-0.08,0.0,0.0,0.0,0.0
223,33,True,False,0.17674928903579712,0.16508609056472778,0.0,0.0,0.85999995470047,1.6030375957489014,0.8429663181304932,0.2276628613471985,0.2436419129371643,0.5457121729850769,0.172655388712883,-0.0200363676995039,-0.015413342975080013,0.9824946522712708,0.450888067483902,0.48830360174179077,0.2158234417438507,>=0.15,True,True,False,True,False,True,False,True,True,0.172655388712883,0.22503343224525452,0.4971536099910736,5.047109127044678,5.047109127044678,0.0,0.172655388712883,-0.0200363676995039,0.0200363676995039,-0.004079337231814861,0.04301675409078598,0.043210044503211975,0.006133937742561102,0.019864432513713837,0.019864432513713837,0.22503343224525452,0.4971536099910736,0.05047108978033066,-0.004079337231814861,0.04301675409078598,0.043210044503211975,0.006133937742561102,2-4deg,0.00-0.04,0.0,0.0,0.0,0.0
224,42,True,True,0.04404689371585846,0.04404689371585846,0.026779789477586746,0.1766587644815445,2.0,1.236426591873169,0.38142621517181396,0.0065229544416069984,0.0778626799583435,0.1766587644815445,0.026779789477586746,-0.020070727914571762,-0.07054426521062851,0.6983262896537781,0.29047486186027527,0.15857401490211487,0.159845232963562,>=0.15,False,True,False,True,True,False,False,False,True,0.08013130724430084,-0.37119370698928833,0.052617236971855164,0.02188975363969803,1.5743911266326904,0.3799999952316284,0.026779789477586746,-0.02018662728369236,0.02018662728369236,-0.013794955797493458,-0.024523336440324783,0.028135420754551888,0.03170907497406006,0.17821946740150452,0.0019834081176668406,0.07805686444044113,0.1584785282611847,0.015743911266326904,-0.007128892466425896,-0.01430085115134716,0.01597972773015499,0.035733722150325775,0-2deg,0.00-0.04,0.0,0.0,0.0,0.0
225,7,True,True,0.1034897044301033,0.1034897044301033,0.09738723933696747,0.1630104035139084,1.9199999570846558,1.0873847007751465,0.4531780481338501,0.006984310690313578,0.017902802675962448,0.1630104035139084,0.09738723933696747,-0.01999298296868801,-0.010588034987449646,0.5563958287239075,0.30759546160697937,0.16202431917190552,0.16336707770824432,>=0.15,False,True,False,True,True,False,False,False,True,0.10391891747713089,0.06874493509531021,0.39168769121170044,2.458357095718384,2.458357095718384,0.07999999821186066,0.09738723933696747,-0.020096106454730034,0.020096106454730034,0.002213847590610385,0.03584925830364227,0.035917993634939194,0.005754679907113314,0.027903519570827484,0.0,0.01290743425488472,0.1624985784292221,0.024583570659160614,0.0019341395236551762,0.035602182149887085,0.03565477952361107,0.006718585267663002,2-4deg,0.00-0.04,0.0,0.0,0.0,0.0
226,38,True,True,0.057748958468437195,0.057748958468437195,0.04477477818727493,0.18303567171096802,3.8399999141693115,1.0295031070709229,0.21630243957042694,-0.09539228677749634,-0.008925303816795349,0.18303567171096802,0.04477477818727493,-0.01873692497611046,-0.08494039624929428,0.567840576171875,0.23629063367843628,0.18281793594360352,0.18370039761066437,>=0.15,False,True,False,True,True,False,False,False,True,0.06479168683290482,-0.10848259180784225,0.1684970259666443,0.08771668374538422,0.6502054333686829,0.1599999964237213,0.04477477818727493,-0.020014891400933266,0.020014891400933266,0.07296118885278702,-0.03671743720769882,0.08166427910327911,0.04515658691525459,0.09455391019582748,0.02316173166036606,-0.004293638747185469,0.1829853057861328,0.006502054166048765,0.07341406494379044,-0.04285217076539993,0.08498580753803253,0.04273331165313721,4-6deg,0.04-0.08,0.0,0.0006905339541845024,0.0,0.0
227,34,True,False,0.19313189387321472,0.19184692203998566,0.0,0.0,2.240000009536743,1.3194518089294434,0.4206848442554474,-0.039830487221479416,-0.09087440371513367,0.20469412207603455,0.18989373743534088,-0.020195454359054565,0.06100509688258171,0.639953076839447,0.334960401058197,0.18341626226902008,0.20459984242916107,>=0.15,True,True,False,True,False,False,False,True,True,0.18989373743534088,-0.09756104648113251,0.17994867265224457,0.531079113483429,0.531079113483429,0.0,0.18989373743534088,-0.020195454359054565,0.020195454359054565,0.047235891222953796,-0.04171525314450264,0.063009113073349,0.034070033580064774,0.0028887116350233555,0.0028887116350233555,-0.09756104648113251,0.17994867265224457,0.005310791078954935,0.047235891222953796,-0.04171525314450264,0.063009113073349,0.034070033580064774,2-4deg,0.00-0.04,0.0,0.0006905339541845024,0.0,0.0
228,8,True,True,0.11367539316415787,0.11367539316415787,0.10816828161478043,0.11266493797302246,3.0399999618530273,1.0464292764663696,0.23253682255744934,0.007573507726192474,-0.055030178278684616,0.11266493797302246,0.10816828161478043,-0.019998831674456596,0.06297177821397781,0.33431631326675415,0.21042098104953766,0.09831107407808304,0.09348966926336288,0.05-0.10,False,True,False,True,True,False,False,False,True,0.11186350882053375,-0.05456655099987984,0.095566026866436,0.06739930808544159,0.19379939138889313,0.05999999865889549,0.10816828161478043,-0.020002294331789017,0.020002294331789017,-0.04586734250187874,-0.011096793226897717,0.04718988388776779,0.024332059547305107,0.0,0.00048828125,-0.05508474260568619,0.09828051179647446,0.0019379939185455441,-0.045062389224767685,-0.010526031255722046,0.0462750568985939,0.025004399940371513,2-4deg,0.00-0.04,0.0,0.0,0.0,0.0
229,51,True,True,0.10901343077421188,0.10008059442043304,0.10324063152074814,0.20344556868076324,4.420000076293945,1.0759587287902832,0.22152234613895416,0.005988817662000656,0.008359829895198345,0.20344556868076324,0.10324063152074814,-0.01999608241021633,0.001765325665473938,0.6228596568107605,0.19720488786697388,0.203273743391037,0.2037867307662964,>=0.15,False,True,False,True,True,False,False,False,True,0.09397988021373749,-0.0843651294708252,0.20884844660758972,0.9326936602592468,0.9326936602592468,0.07999999821186066,0.10324063152074814,-0.02036561258137226,0.02036561258137226,-0.0615573413670063,-0.028969522565603256,0.06802544742822647,0.037282198667526245,0.011064772494137287,0.0,0.010268732905387878,0.2031862437725067,0.009326936677098274,-0.06192591413855553,-0.02675093524158001,0.06745041906833649,0.03768640384078026,2-4deg,0.00-0.04,0.0,0.0006905339541845024,0.0,0.0
230,60,True,True,0.051566530019044876,0.04857039079070091,0.0378698892891407,0.17877236008644104,2.7200000286102295,1.036625862121582,0.36300423741340637,0.007317616604268551,-0.06137371063232422,0.17877236008644104,0.0378698892891407,-0.019998304545879364,0.06857170909643173,0.5683158040046692,0.2863575518131256,0.16790719330310822,0.16922536492347717,>=0.15,False,True,False,True,True,False,False,False,True,0.032349154353141785,-0.428093820810318,0.23516935110092163,0.21826376020908356,0.2552715539932251,0.07999999821186066,0.0378698892891407,-0.01999909058213234,0.01999909058213234,-0.006575332954525948,0.042539142072200775,0.04304414615035057,0.03445680812001228,0.05944684520363808,0.0005980199784971774,-0.05673057585954666,0.16953229904174805,0.0025527155958116055,-0.008523132652044296,0.041791826486587524,0.042651742696762085,0.03510899096727371,2-4deg,0.00-0.04,0.0,0.0,0.0,0.0
231,46,True,True,0.11493052542209625,0.11210057884454727,0.10944153368473053,0.1852983832359314,1.6399999856948853,1.3015631437301636,0.40763720870018005,0.011321615427732468,-0.12447607517242432,0.1852983832359314,0.10944153368473053,-0.020012078806757927,0.1378517895936966,0.9149098992347717,0.2980511486530304,0.1372632384300232,0.13340432941913605,0.10-0.15,False,True,False,True,True,False,False,False,True,0.10628405958414078,-0.1099214255809784,0.05835938826203346,1.1385200023651123,1.1385200023651123,0.07999999821186066,0.10944153368473053,-0.020178260281682014,0.020178260281682014,0.009660082869231701,0.0019854872953146696,0.009862837381660938,0.05898801237344742,0.007812519557774067,0.001091830083169043,-0.12278231233358383,0.1387803852558136,0.01138519961386919,0.012327051721513271,0.004304054658859968,0.013056482188403606,0.05879862606525421,0-2deg,0.04-0.08,0.0,0.0,0.0,0.0
232,23,True,False,0.16182100772857666,0.16182100772857666,0.0,0.0,3.059999942779541,1.190911054611206,0.2694810926914215,0.05508562549948692,-0.10275128483772278,0.1821049600839615,0.15798290073871613,-0.018744105473160744,0.16595830023288727,0.5040993690490723,0.28435593843460083,0.1503475457429886,0.24003015458583832,>=0.15,True,True,False,True,False,False,False,True,True,0.15798290073871613,-0.10125286132097244,0.15136072039604187,0.02313857153058052,0.02313857153058052,0.0,0.15798290073871613,-0.019523071125149727,0.019523071125149727,0.011536641977727413,0.014056388288736343,0.01818503998219967,0.07236349582672119,0.01886083371937275,0.01886083371937275,-0.10125286132097244,0.15136072039604187,0.00023138571123126894,0.011536641977727413,0.014056388288736343,0.01818503998219967,0.07236349582672119,0-2deg,0.04-0.08,0.0,0.0,0.0,0.0
233,41,True,True,0.11494611203670502,0.10418666154146194,0.10948444902896881,0.2237236350774765,4.159999847412109,1.028454065322876,0.16926516592502594,0.006039929110556841,-0.016027096658945084,0.2237236350774765,0.10948444902896881,-0.0199909545481205,0.027084339410066605,0.444847971200943,0.18310555815696716,0.22314882278442383,0.22740060091018677,>=0.15,False,True,False,True,True,False,False,False,True,0.09826414287090302,-0.4086751341819763,0.12550634145736694,0.1562577188014984,0.8077179193496704,0.09999999403953552,0.10948444902896881,-0.020000247284770012,0.020000247284770012,-0.018485991284251213,0.023185886442661285,0.029651861637830734,0.05661243200302124,0.059808917343616486,0.0,-0.01716805249452591,0.22306396067142487,0.008077179081737995,-0.020717710256576538,0.01922115869820118,0.02826015278697014,0.0571054071187973,0-2deg,0.04-0.08,0.0,0.0,0.0,0.0
234,53,True,False,0.23460036516189575,0.11898012459278107,0.0,0.0,4.019999980926514,1.1081870794296265,0.27722427248954773,0.2798735499382019,0.10869550704956055,0.28954455256462097,0.23492549359798431,-0.007768039591610432,0.1771833449602127,0.802574634552002,0.3158266842365265,0.2683678865432739,0.12473121285438538,0.10-0.15,True,True,False,False,False,False,False,True,False,0.0,0.0,0.0,0.0,0.0031131531577557325,0.0,0.23492549359798431,-0.01881559193134308,0.01881559193134308,0.0,0.0,0.0,0.0,0.0,0.14885008335113525,0.11575843393802643,0.265397846698761,3.113153070444241e-05,0.019107209518551826,-0.028533002361655235,0.03433796390891075,0.03219818323850632,0-2deg,0.00-0.04,0.0,0.0,0.0,0.0
235,31,True,True,0.08879223465919495,0.07745519280433655,0.08161775767803192,0.2541551887989044,2.5999999046325684,1.0193005800247192,0.23686830699443817,0.001985319657251239,-0.13372090458869934,0.2541551887989044,0.08161775767803192,-0.020019864663481712,0.13912318646907806,1.311763048171997,0.44812294840812683,0.216133251786232,0.22830703854560852,>=0.15,False,True,False,True,True,False,False,False,True,0.06757675856351852,-0.4287800192832947,0.12481383979320526,0.14352625608444214,0.2933705449104309,0.09999999403953552,0.08161775767803192,-0.020019864663481712,0.020019864663481712,0.010348632000386715,0.009233389049768448,0.013866782188415527,0.045261383056640625,0.024991396814584732,0.0009765625,-0.1360391229391098,0.21468167006969452,0.002933705458417535,0.006804604083299637,0.008366393856704235,0.010786537081003189,0.045911263674497604,0-2deg,0.04-0.08,0.0,0.0,0.0,0.0
236,21,True,True,0.06808003038167953,0.058640237897634506,0.05837878957390785,0.21578490734100342,3.5999999046325684,1.0353771448135376,0.27609527111053467,0.011974072083830833,-0.07741774618625641,0.21578490734100342,0.05837878957390785,-0.019996052607893944,0.08947136253118515,1.4387578964233398,0.4507022500038147,0.20141902565956116,0.21076400578022003,>=0.15,False,True,False,True,True,False,False,False,True,0.0469345785677433,-0.404947966337204,0.1772318184375763,0.06373658776283264,0.32477861642837524,0.09999999403953552,0.05837878957390785,-0.020014837384223938,0.020014837384223938,0.02156403660774231,-0.00102900224737823,0.021587200462818146,0.00065008265664801,0.007842978462576866,0.00048828125,-0.08139234036207199,0.19984596967697144,0.0032477860804647207,0.02148633450269699,-0.0009903290774673223,0.021509746089577675,0.0015609754482284188,0-2deg,0.00-0.04,0.0,0.0,0.0,0.0
237,32,True,False,0.1336020529270172,0.1336020529270172,0.0,0.0,2.8399999141693115,0.9692798852920532,0.24389849603176117,-0.38611239194869995,-0.357992559671402,0.47168588638305664,0.12919940054416656,-0.019367916509509087,-0.027737366035580635,0.6048503518104553,0.30375492572784424,0.3071300685405731,0.19486801326274872,>=0.15,True,True,False,True,False,False,False,True,True,0.12919940054416656,-0.354830265045166,0.3107781410217285,0.25046849250793457,0.25046849250793457,0.0,0.12919940054416656,-0.019367916509509087,0.019367916509509087,0.026710590347647667,-0.013333788141608238,0.029852230101823807,0.0632166862487793,0.013367773965001106,0.013367773965001106,-0.354830265045166,0.3107781410217285,0.0025046849623322487,0.026710590347647667,-0.013333788141608238,0.029852230101823807,0.0632166862487793,0-2deg,0.04-0.08,0.0,0.0,0.0,0.0
238,27,True,True,0.10798345506191254,0.107314832508564,0.1021362766623497,0.19152112305164337,1.1799999475479126,1.4796427488327026,0.7365106344223022,0.027331598103046417,-0.10117044299840927,0.19152112305164337,0.1021362766623497,-0.019982602447271347,0.1268729418516159,0.39011529088020325,0.2772361934185028,0.16261881589889526,0.16732573509216309,>=0.15,False,True,False,True,True,False,False,False,True,0.10146591067314148,-0.11281885206699371,0.1653103530406952,0.8052828907966614,0.8052828907966614,0.05999999865889549,0.1021362766623497,-0.020012972876429558,0.020012972876429558,0.024994617328047752,0.0008080571424216032,0.02500808984041214,0.01692873239517212,0.0009134905994869769,0.001035800902172923,-0.10356003046035767,0.16110759973526,0.008052828721702099,0.024310387670993805,0.0008548836340196431,0.024326613172888756,0.01736079901456833,0-2deg,0.00-0.04,0.0,0.0,0.0,0.0
239,43,True,True,0.10132847726345062,0.09082797914743423,0.09515702724456787,0.17774119973182678,4.819999694824219,1.0352343320846558,0.20394374430179596,-0.07125186175107956,0.011509992182254791,0.17774119973182678,0.09515702724456787,-0.019540369510650635,-0.08287346363067627,0.865911066532135,0.20016957819461823,0.1773681342601776,0.20264548063278198,>=0.15,False,True,False,True,True,False,False,False,True,0.0830577090382576,-0.26425495743751526,0.03871169313788414,0.10194346308708191,1.0939717292785645,0.09999999403953552,0.09515702724456787,-0.020316923037171364,0.020316923037171364,-0.06401953101158142,0.014305359683930874,0.06559612601995468,0.05731731280684471,0.057719264179468155,0.007042106706649065,0.006058473140001297,0.17763791978359222,0.010939717292785645,-0.06359036266803741,0.018843045458197594,0.06631959974765778,0.056665364652872086,2-4deg,0.04-0.08,0.0,0.0,0.0,0.0
240,62,True,True,0.06474306434392929,0.06474306434392929,0.0540945865213871,0.24582569301128387,3.859999895095825,1.0888874530792236,0.24775439500808716,-0.010490446351468563,-0.14496392011642456,0.24582569301128387,0.0540945865213871,-0.019626813009381294,0.1330880969762802,0.7334550619125366,0.2789488136768341,0.19853396713733673,0.15357659757137299,>=0.15,False,True,False,True,True,False,False,False,True,0.056955307722091675,-0.12785175442695618,0.25143465399742126,0.04085959866642952,0.04085959866642952,0.05999999865889549,0.0540945865213871,-0.019833751022815704,0.019833751022815704,-0.03471025079488754,0.000759440881665796,0.03471782058477402,0.0400380939245224,0.008119304664433002,0.006694987881928682,-0.13780361413955688,0.20356926321983337,0.0004085959808435291,-0.036260247230529785,0.001060154172591865,0.03627638891339302,0.03889868035912514,0-2deg,0.04-0.08,0.0,0.0,0.0,0.0
241,15,True,True,0.05520575866103172,0.05520575866103172,0.04258023947477341,0.24647268652915955,1.899999976158142,1.2174135446548462,0.45239996910095215,-0.00900166667997837,-0.21499446034431458,0.24647268652915955,0.04258023947477341,-0.01960153691470623,0.2047247737646103,0.5966810584068298,0.3649855852127075,0.12052454054355621,0.11841049045324326,0.10-0.15,False,True,False,True,True,False,False,False,True,0.0452226884663105,-0.24182045459747314,0.06711879372596741,0.6570261716842651,0.6570261716842651,0.05999999865889549,0.04258023947477341,-0.020025935024023056,0.020025935024023056,-0.017702775076031685,0.012020294554531574,0.021398605778813362,0.03359394147992134,0.003844732651486993,0.008126642554998398,-0.2125631421804428,0.12476255744695663,0.006570261437445879,-0.018597397953271866,0.011020535603165627,0.021617554128170013,0.03348291665315628,0-2deg,0.00-0.04,0.0,0.0,0.0,0.0
242,55,True,False,0.144019216299057,0.1340656876564026,0.0,0.0,0.8399999737739563,1.0860129594802856,0.687876284122467,0.020348889753222466,-0.0675416886806488,0.14341877400875092,0.13936612010002136,-0.019624153152108192,0.08820150792598724,0.6349031329154968,0.32735008001327515,0.12651903927326202,0.13205859065055847,0.10-0.15,True,True,False,True,False,False,False,True,True,0.13936612010002136,-0.07056773453950882,0.12485647946596146,0.22123447060585022,0.22123447060585022,0.0,0.13936612010002136,-0.019624153152108192,0.019624153152108192,0.0346696674823761,-0.01567882113158703,0.038049086928367615,0.03941035643219948,0.006888068281114101,0.006888068281114101,-0.07056773453950882,0.12485647946596146,0.002212344668805599,0.0346696674823761,-0.01567882113158703,0.038049086928367615,0.03941035643219948,2-4deg,0.00-0.04,0.0,0.0,0.0,0.0
243,19,True,False,0.2967212200164795,0.1189681813120842,0.0,0.0,5.659999847412109,1.042642593383789,0.21193091571331024,-0.021025873720645905,-0.17995911836624146,0.24177716672420502,0.29466453194618225,-0.020005786791443825,0.15346722304821014,1.019692063331604,0.2949336767196655,0.1614648997783661,0.15111559629440308,>=0.15,True,True,False,True,False,False,False,True,True,0.11394184082746506,-0.42477649450302124,0.2620224952697754,0.05433117598295212,0.4009871184825897,0.0,0.29466453194618225,-0.020066699013113976,0.020066699013113976,0.03789186105132103,-0.0008691707625985146,0.037901513278484344,0.03704666718840599,0.01914004608988762,0.0005980199784971774,-0.18862609565258026,0.15124943852424622,0.004009871277958155,0.05008285492658615,0.03624584898352623,0.0618135966360569,0.02152383141219616,2-4deg,0.00-0.04,0.0,0.0,0.0,0.0
244,17,True,True,0.12424987554550171,0.11478200554847717,0.11920376867055893,0.20067021250724792,3.5199999809265137,1.0878331661224365,0.21403266489505768,0.013975960202515125,-0.06185270473361015,0.20067021250724792,0.11920376867055893,-0.019999152049422264,0.07809315621852875,0.5033547878265381,0.18463273346424103,0.19089989364147186,0.1943874955177307,>=0.15,False,True,False,True,True,False,False,False,True,0.10952547937631607,-0.3363726735115051,0.09647253900766373,0.41331377625465393,0.41331377625465393,0.07999999821186066,0.11920376867055893,-0.020009009167551994,0.020009009167551994,0.07796858251094818,-0.03556987643241882,0.08568374067544937,0.03265819698572159,0.0068097421899437904,0.0003452669770922512,-0.07619684934616089,0.18564097583293915,0.004133137874305248,0.07912233471870422,-0.033992961049079895,0.08610130846500397,0.03249039873480797,4-6deg,0.00-0.04,0.0,0.0,0.0,0.0
245,47,True,True,0.06789206713438034,0.060872357338666916,0.05817348510026932,0.1811215877532959,2.059999942779541,1.1916486024856567,0.4217025637626648,0.0016315861139446497,-0.08423852920532227,0.1811215877532959,0.05817348510026932,-0.020002374425530434,0.08668553829193115,0.3755081295967102,0.21178656816482544,0.16033995151519775,0.16535119712352753,>=0.15,False,True,False,True,True,False,False,False,True,0.049220971763134,-0.36806485056877136,0.2701936960220337,0.17729687690734863,0.25089338421821594,0.07999999821186066,0.05817348510026932,-0.020013419911265373,0.020013419911265373,-0.07380086928606033,0.05224369466304779,0.09039381146430969,0.014735955744981766,0.015632785856723785,0.0005980199784971774,-0.08757597208023071,0.1585417240858078,0.002508933888748288,-0.07461143285036087,0.052065830677747726,0.09095398336648941,0.012964319437742233,4-6deg,0.00-0.04,0.0,0.0,0.0,0.0
246,28,True,True,0.046418510377407074,0.03738429397344589,0.030684776604175568,0.25622791051864624,2.919999837875366,1.190708875656128,0.3389226198196411,-0.027376819401979446,0.08491785824298859,0.25622791051864624,0.030684776604175568,-0.0201205313205719,-0.11198888719081879,0.8936730623245239,0.3878925144672394,0.2417471706867218,0.19248151779174805,>=0.15,False,True,False,True,True,False,False,False,True,0.01685192808508873,-0.20370101928710938,0.23678581416606903,0.1775866448879242,0.6995302438735962,0.2199999988079071,0.030684776604175568,-0.0201205313205719,0.0201205313205719,-0.00047583525883965194,-0.007315829396247864,0.00733236875385046,0.009154457598924637,0.0012918708380311728,0.00444845762103796,0.08397581428289413,0.24207602441310883,0.0069953021593391895,-0.0012400009436532855,-0.0055896746926009655,0.005725612863898277,0.009696939960122108,0-2deg,0.00-0.04,0.0,0.0,0.0,0.0
247,10,True,True,0.07411523908376694,0.0702633410692215,0.06531001627445221,0.20493464171886444,1.9399999380111694,1.125380516052246,0.30424681305885315,-0.014405198395252228,-0.15942096710205078,0.20493464171886444,0.06531001627445221,-0.020017175003886223,0.1461840271949768,0.5782526731491089,0.32180100679397583,0.12877564132213593,0.1281539648771286,0.10-0.15,False,True,False,True,True,False,False,False,True,0.0607580691576004,-0.49579378962516785,0.11472535133361816,0.021447105333209038,0.37652280926704407,0.07999999821186066,0.06531001627445221,-0.02002093754708767,0.02002093754708767,0.03693613037467003,-0.007156274281442165,0.03762206435203552,0.011897879652678967,0.015077679418027401,0.0009765625,-0.15910953283309937,0.12916024029254913,0.003765227971598506,0.03761349245905876,-0.007312593050301075,0.03831764683127403,0.011272993870079517,2-4deg,0.00-0.04,0.0,0.0,0.0,0.0
248,58,True,True,0.1134510338306427,0.09595019370317459,0.10799729079008102,0.10811559110879898,5.460000038146973,1.4376085996627808,0.3182835280895233,-0.090268574655056,0.0004885643720626831,0.10811559110879898,0.10799729079008102,-0.019639097154140472,-0.08757518231868744,2.1053175926208496,0.48121771216392517,0.10811448842287064,0.15648414194583893,>=0.15,False,True,False,True,True,False,False,False,True,0.08957601338624954,0.1304038166999817,0.30050039291381836,1.2436130046844482,1.2436130046844482,0.11999999731779099,0.10799729079008102,-0.020273074507713318,0.020273074507713318,0.027619102969765663,0.027699537575244904,0.039113789796829224,0.031003817915916443,0.011451272293925285,0.005960240960121155,0.001727009774185717,0.10810180008411407,0.012436130084097385,0.028370853513479233,0.0246114581823349,0.03755544498562813,0.03254851698875427,2-4deg,0.00-0.04,0.0,0.0,0.0,0.0
249,57,True,True,0.12142426520586014,0.07626815885305405,0.1162479892373085,0.14468228816986084,3.119999885559082,1.0561641454696655,0.23270298540592194,-0.07898393273353577,0.010718144476413727,0.14468228816986084,0.1162479892373085,-0.020050644874572754,-0.0829460620880127,0.9090580940246582,0.2997332811355591,0.14428474009037018,0.20074734091758728,>=0.15,False,True,False,True,True,False,False,False,True,0.0692732185125351,-0.15744717419147491,0.27954399585723877,0.32383257150650024,1.0349968671798706,0.3199999928474426,0.1162479892373085,-0.02024802751839161,0.02024802751839161,-0.0055837854743003845,0.07091053575277328,0.0711299329996109,0.041725944727659225,0.04811211675405502,0.001091830083169043,0.018309414386749268,0.1435191035270691,0.010349968448281288,-0.011713286861777306,0.07979347556829453,0.08064668625593185,0.030221715569496155,4-6deg,0.04-0.08,0.0,0.0,0.0,0.0
250,63,True,False,0.25391292572021484,0.10471752285957336,0.0,0.0,4.019999980926514,1.061499834060669,0.18473772704601288,0.20284335315227509,0.04856044054031372,0.22049850225448608,0.25550156831741333,-0.011954235844314098,0.16670379042625427,0.8692149519920349,0.3012374937534332,0.21508480608463287,0.2607976794242859,>=0.15,True,True,False,True,False,False,False,True,True,0.09967648237943649,-0.15974673628807068,0.1985473781824112,0.24216219782829285,0.5570955276489258,0.0,0.25550156831741333,-0.02001723274588585,0.02001723274588585,0.03271419182419777,0.008128278888761997,0.03370891883969307,0.029780345037579536,0.03742185980081558,0.14994852244853973,0.05703181400895119,0.21299521625041962,0.005570955108851194,0.00977290328592062,0.038497306406497955,0.03971732035279274,0.02949914149940014,0-2deg,0.00-0.04,0.0,0.0,0.0,0.0
251,1,True,True,0.10321968793869019,0.09888948500156403,0.09708372503519058,0.16809922456741333,1.8600000143051147,1.1509201526641846,0.33017536997795105,0.010772300884127617,-0.10956067591905594,0.16809922456741333,0.09708372503519058,-0.019989237189292908,0.11651161313056946,0.3732036352157593,0.2411762773990631,0.12749041616916656,0.1269715279340744,0.10-0.15,False,True,False,True,True,False,False,False,True,0.0931050106883049,-0.5212291479110718,0.1336321085691452,0.33000192046165466,0.3969317376613617,0.07999999821186066,0.09708372503519058,-0.01999732106924057,0.01999732106924057,-0.03229103982448578,-0.030946556478738785,0.04472213238477707,0.04693809896707535,0.07358440011739731,0.0009134905994869769,-0.11524118483066559,0.12237980216741562,0.003969317302107811,-0.03498650714755058,-0.03166622295975685,0.04718482866883278,0.04604896157979965,2-4deg,0.04-0.08,0.0,0.0,0.0,0.0
252,4,True,True,0.07906880229711533,0.06825565546751022,0.07089217752218246,0.23248285055160522,2.5799999237060547,1.1177709102630615,0.34993457794189453,0.006435707211494446,0.03772088140249252,0.23248285055160522,0.07089217752218246,-0.019993161782622337,-0.031008020043373108,0.8282395601272583,0.34521484375,0.2294023036956787,0.23290111124515533,>=0.15,False,True,False,True,True,False,False,False,True,0.0573037713766098,-0.29455602169036865,0.1533345878124237,0.05247347801923752,0.2369786649942398,0.11999999731779099,0.07089217752218246,-0.019993161782622337,0.019993161782622337,0.05348069220781326,0.07292226701974869,0.09040305018424988,0.006840265356004238,0.12119054049253464,0.0,0.017366355285048485,0.2318333238363266,0.002369786612689495,0.05262243375182152,0.07275556027889252,0.08976435661315918,0.010741949081420898,4-6deg,0.00-0.04,0.0,0.0,0.0,0.0
253,26,True,True,0.03692486509680748,0.03692486509680748,0.01169524434953928,0.19792015850543976,3.8399999141693115,1.0014019012451172,0.26508116722106934,0.022311260923743248,0.11647555232048035,0.19792015850543976,0.01169524434953928,-0.019976114854216576,-0.09666315466165543,0.7795906662940979,0.30539557337760925,0.16001823544502258,0.16554398834705353,>=0.15,False,True,False,True,True,False,False,False,True,0.02449396438896656,-0.24145735800266266,0.3389796018600464,0.2276947796344757,0.6725435256958008,0.09999999403953552,0.01169524434953928,-0.02011704072356224,0.02011704072356224,-0.0008916565566323698,0.08329230546951294,0.08329715579748154,0.015956087037920952,0.1089899092912674,0.0,0.10311334580183029,0.16893793642520905,0.006725435145199299,-0.0014861997915431857,0.08208037167787552,0.08209352940320969,0.01779930479824543,4-6deg,0.00-0.04,0.0,0.0,0.0,0.0
254,59,True,True,0.09344809502363205,0.08607569336891174,0.08662451803684235,0.1752655953168869,2.0199999809265137,1.2438749074935913,0.3792945146560669,0.001301571144722402,-0.11287908256053925,0.1752655953168869,0.08662451803684235,-0.019999222829937935,0.11325724422931671,0.5907909274101257,0.3322417438030243,0.13407588005065918,0.1404150277376175,0.10-0.15,False,True,False,True,True,False,False,False,True,0.07868103682994843,-0.3934553265571594,0.4426046311855316,0.42869433760643005,0.42869433760643005,0.09999999403953552,0.08662451803684235,-0.020013481378555298,0.020013481378555298,-0.07129331678152084,0.013015825301408768,0.07247011363506317,0.030050266534090042,0.009549649432301521,0.0007720404537394643,-0.1047077402472496,0.14055003225803375,0.004286943469196558,-0.06877452880144119,0.01358447503298521,0.07010099291801453,0.03449222818017006,4-6deg,0.00-0.04,0.0,0.0,0.0,0.0
255,39,True,True,0.06573973596096039,0.05857355147600174,0.055625613778829575,0.1387130171060562,2.7200000286102295,0.8954941630363464,0.2978380620479584,0.022670160979032516,0.06964929401874542,0.1387130171060562,0.055625613778829575,-0.01998034119606018,-0.047615017741918564,0.9001072645187378,0.40385642647743225,0.11995948106050491,0.10601518303155899,0.10-0.15,False,True,False,True,True,False,False,False,True,0.04695143178105354,-0.3589894473552704,0.20721568167209625,0.10141468048095703,0.4705122113227844,0.11999999731779099,0.055625613778829575,-0.019982969388365746,0.019982969388365746,-0.04450126364827156,-0.02612145058810711,0.051597438752651215,0.05223792418837547,0.08352894335985184,0.0003452669770922512,0.06474778801202774,0.12267447263002396,0.004705122206360102,-0.03974803909659386,-0.028481172397732735,0.048893991857767105,0.053867924958467484,2-4deg,0.04-0.08,0.0,0.0,0.0,0.0
